3.834466934204101562e+02 3.204180145263671875e+02 1.583377265930175781e+02
3.837998962402343750e+02 3.200508117675781250e+02 1.580026340484619141e+02
3.833535003662109375e+02 3.202787017822265625e+02 1.590000057220458984e+02
3.832510375976562500e+02 3.209609985351562500e+02 1.580026340484619141e+02
3.833741378784179688e+02 3.212683486938476562e+02 1.571722793579101562e+02
3.829298782348632812e+02 3.209999847412109375e+02 1.590000057220458984e+02
3.827145767211914062e+02 3.220225143432617188e+02 1.579922103881835938e+02
3.835567474365234375e+02 3.206016921997070312e+02 1.576710605621337891e+02
3.836450195312500000e+02 3.209609985351562500e+02 1.569033718109130859e+02
3.835021972656250000e+02 3.215045166015625000e+02 1.565056133270263672e+02
3.841090774536132812e+02 3.209144592285156250e+02 1.559162330627441406e+02
3.842087554931640625e+02 3.199631881713867188e+02 1.570099449157714844e+02
3.844417572021484375e+02 3.194229316711425781e+02 1.573499107360839844e+02
3.843494415283203125e+02 3.202719879150390625e+02 1.561937236785888672e+02
3.845721054077148438e+02 3.196053314208984375e+02 1.566832447052001953e+02
3.846943664550781250e+02 3.199631881713867188e+02 1.559162330627441406e+02
3.849713134765625000e+02 3.189651870727539062e+02 1.569325733184814453e+02
3.852326202392578125e+02 3.191653442382812500e+02 1.560000038146972656e+02
3.847267913818359375e+02 3.187823295593261719e+02 1.580000019073486328e+02
3.855064010620117188e+02 3.185074424743652344e+02 1.565152359008789062e+02
3.853704833984375000e+02 3.183561515808105469e+02 1.571819019317626953e+02
3.852267837524414062e+02 3.182013320922851562e+02 1.580000019073486328e+02
3.858086013793945312e+02 3.180136871337890625e+02 1.569091415405273438e+02
3.862049102783203125e+02 3.179996681213378906e+02 1.560890674591064453e+02
3.856969833374023438e+02 3.177013397216796875e+02 1.580000019073486328e+02
3.863809204101562500e+02 3.173881721496582031e+02 1.569999980926513672e+02
3.864904785156250000e+02 3.174909591674804688e+02 1.564817810058593750e+02
3.861969757080078125e+02 3.172185325622558594e+02 1.580000019073486328e+02
3.870408248901367188e+02 3.168359184265136719e+02 1.569696903228759766e+02
3.874013900756835938e+02 3.164235115051269531e+02 1.572828197479248047e+02
3.870030593872070312e+02 3.172349357604980469e+02 1.560890674591064453e+02
3.867675018310546875e+02 3.167185401916503906e+02 1.580000019073486328e+02
3.875569152832031250e+02 3.165422821044921875e+02 1.566161441802978516e+02
3.877292633056640625e+02 3.166754341125488281e+02 1.560000038146972656e+02
3.879341506958007812e+02 3.161565399169921875e+02 1.569696903228759766e+02
3.882292938232421875e+02 3.163076210021972656e+02 1.560000038146972656e+02
3.880541992187500000e+02 3.157764053344726562e+02 1.579773902893066406e+02
3.887145233154296875e+02 3.156280326843261719e+02 1.569999980926513672e+02
3.890392684936523438e+02 3.157862854003906250e+02 1.560051918029785156e+02
3.885539245605468750e+02 3.155318641662597656e+02 1.576289844512939453e+02
3.892145156860351562e+02 3.153366088867187500e+02 1.569999980926513672e+02
3.893987655639648438e+02 3.154411315917968750e+02 1.563419914245605469e+02
3.889323425292968750e+02 3.152323532104492188e+02 1.579773902893066406e+02
3.900000000000000000e+02 3.149361610412597656e+02 1.569999980926513672e+02
3.900233840942382812e+02 3.146729087829589844e+02 1.579459762573242188e+02
3.907513427734375000e+02 3.145995521545410156e+02 1.569999980926513672e+02
3.899775314331054688e+02 3.152721214294433594e+02 1.560051918029785156e+02
3.902959060668945312e+02 3.153975105285644531e+02 1.552727985382080078e+02
3.896292495727539062e+02 3.155669784545898438e+02 1.556753158569335938e+02
3.910741043090820312e+02 3.147659111022949219e+02 1.560702800750732422e+02
3.909681320190429688e+02 3.152415847778320312e+02 1.549636745452880859e+02
3.918109893798828125e+02 3.145974159240722656e+02 1.557837963104248047e+02
3.914568328857421875e+02 3.144831085205078125e+02 1.564504623413085938e+02
3.912513351440429688e+02 3.144040870666503906e+02 1.569999980926513672e+02
3.920866012573242188e+02 3.144152450561523438e+02 1.560702800750732422e+02
3.924776840209960938e+02 3.144930458068847656e+02 1.554836273193359375e+02
3.920000076293945312e+02 3.141581726074218750e+02 1.569999980926513672e+02
3.929999923706054688e+02 3.142130279541015625e+02 1.560000038146972656e+02
3.929999923706054688e+02 3.144378662109375000e+02 1.553508472442626953e+02
3.929999923706054688e+02 3.139109230041503906e+02 1.569999980926513672e+02
3.939999771118164062e+02 3.140468215942382812e+02 1.560000038146972656e+02
3.939999771118164062e+02 3.143543434143066406e+02 1.551518821716308594e+02
3.939999771118164062e+02 3.137450981140136719e+02 1.569999980926513672e+02
3.950000000000000000e+02 3.139654350280761719e+02 1.560000038146972656e+02
3.950000000000000000e+02 3.143165397644042969e+02 1.550694274902343750e+02
3.950589752197265625e+02 3.136263084411621094e+02 1.570935726165771484e+02
3.959999847412109375e+02 3.139643478393554688e+02 1.560000038146972656e+02
3.959999847412109375e+02 3.143180847167968750e+02 1.550800228118896484e+02
3.959609222412109375e+02 3.136212348937988281e+02 1.570935726165771484e+02
3.970000076293945312e+02 3.140374565124511719e+02 1.560000038146972656e+02
3.970000076293945312e+02 3.143557739257812500e+02 1.551698493957519531e+02
3.970000076293945312e+02 3.137214088439941406e+02 1.569999980926513672e+02
3.979999923706054688e+02 3.141921424865722656e+02 1.560000038146972656e+02
3.979999923706054688e+02 3.138710975646972656e+02 1.569999980926513672e+02
3.989188766479492188e+02 3.143951606750488281e+02 1.560462760925292969e+02
3.979999923706054688e+02 3.144358062744140625e+02 1.553545856475830078e+02
3.979999923706054688e+02 3.146605873107910156e+02 1.548545837402343750e+02
3.985314559936523438e+02 3.144904327392578125e+02 1.554787921905517578e+02
3.989188766479492188e+02 3.147878646850585938e+02 1.550872707366943359e+02
3.989139556884765625e+02 3.153279304504394531e+02 1.540056991577148438e+02
3.991981124877929688e+02 3.145923614501953125e+02 1.557437992095947266e+02
4.000279617309570312e+02 3.152371025085449219e+02 1.549623584747314453e+02
3.997132492065429688e+02 3.154121017456054688e+02 1.543428325653076172e+02
3.999516296386718750e+02 3.147487640380859375e+02 1.560462760925292969e+02
4.003799438476562500e+02 3.155512046813964844e+02 1.546039295196533203e+02
4.007212066650390625e+02 3.153907203674316406e+02 1.552705955505371094e+02
4.010327148437500000e+02 3.152491950988769531e+02 1.559862995147705078e+02
4.010327148437500000e+02 3.156982231140136719e+02 1.549623584747314453e+02
4.009981536865234375e+02 3.162120819091796875e+02 1.539887714385986328e+02
4.013878631591796875e+02 3.155569267272949219e+02 1.556438350677490234e+02
4.020101547241210938e+02 3.162182807922363281e+02 1.550050830841064453e+02
4.016835784912109375e+02 3.163888931274414062e+02 1.543146228790283203e+02
4.019778442382812500e+02 3.157559013366699219e+02 1.559862995147705078e+02
4.023502349853515625e+02 3.165950775146484375e+02 1.546751308441162109e+02
4.026185226440429688e+02 3.164179801940917969e+02 1.553417968750000000e+02
4.028268814086914062e+02 3.162771797180175781e+02 1.560000038146972656e+02
4.030514907836914062e+02 3.169578742980957031e+02 1.549309635162353516e+02
4.027592468261718750e+02 3.173050498962402344e+02 1.540000057220458984e+02
4.033268737792968750e+02 3.166239166259765625e+02 1.560000038146972656e+02
4.034844589233398438e+02 3.175123023986816406e+02 1.545201301574707031e+02
4.037265396118164062e+02 3.173206710815429688e+02 1.551867961883544922e+02
4.040359115600585938e+02 3.171580886840820312e+02 1.560103988647460938e+02
4.040359115600585938e+02 3.177367210388183594e+02 1.549120807647705078e+02
4.043931961059570312e+02 3.175878143310546875e+02 1.556839942932128906e+02
4.047377777099609375e+02 3.182866668701171875e+02 1.550000000000000000e+02
4.039582443237304688e+02 3.182322502136230469e+02 1.540682125091552734e+02
4.032592391967773438e+02 3.176945114135742188e+02 1.540000057220458984e+02
4.035970687866210938e+02 3.184136962890625000e+02 1.533974075317382812e+02
4.042637634277343750e+02 3.187178230285644531e+02 1.537803554534912109e+02
4.045424270629882812e+02 3.184610748291015625e+02 1.544470214843750000e+02
4.049135208129882812e+02 3.190828704833984375e+02 1.541070652008056641e+02
4.046179580688476562e+02 3.193844985961914062e+02 1.533712577819824219e+02
4.052377700805664062e+02 3.187527465820312500e+02 1.550000000000000000e+02
4.052846527099609375e+02 3.197368240356445312e+02 1.537670993804931641e+02
4.055504989624023438e+02 3.194478988647460938e+02 1.544337654113769531e+02
4.057398223876953125e+02 3.192527389526367188e+02 1.550000000000000000e+02
4.059002304077148438e+02 3.201158523559570312e+02 1.541306400299072266e+02
4.055833053588867188e+02 3.204035186767578125e+02 1.534049415588378906e+02
4.062398529052734375e+02 3.198014640808105469e+02 1.550000000000000000e+02
4.065042495727539062e+02 3.204948806762695312e+02 1.544941806793212891e+02
4.062499618530273438e+02 3.208275222778320312e+02 1.538275146484375000e+02
4.058982467651367188e+02 3.211336135864257812e+02 1.531165695190429688e+02
4.066489410400390625e+02 3.210964965820312500e+02 1.540965080261230469e+02
4.065042495727539062e+02 3.214941787719726562e+02 1.534948635101318359e+02
4.071743392944335938e+02 3.210057067871093750e+02 1.549933719635009766e+02
4.071743392944335938e+02 3.219933700561523438e+02 1.540057373046875000e+02
4.066631317138671875e+02 3.220000076293945312e+02 1.533014678955078125e+02
4.074063873291015625e+02 3.216556167602539062e+02 1.546556091308593750e+02
4.073799133300781250e+02 3.227504730224609375e+02 1.536762237548828125e+02
4.076016998291015625e+02 3.223222732543945312e+02 1.543428897857666016e+02
4.077925872802734375e+02 3.219933700561523438e+02 1.549933719635009766e+02
4.077346420288085938e+02 3.230502700805664062e+02 1.540057373046875000e+02
4.075384902954101562e+02 3.234171295166015625e+02 1.534498977661132812e+02
4.082820892333984375e+02 3.229662322998046875e+02 1.549904918670654297e+02
4.081742095947265625e+02 3.240329360961914062e+02 1.540596580505371094e+02
4.076546096801757812e+02 3.239999771118164062e+02 1.532951068878173828e+02
4.084175491333007812e+02 3.237215805053710938e+02 1.546508121490478516e+02
4.083232116699218750e+02 3.250000000000000000e+02 1.537850093841552734e+02
4.085407257080078125e+02 3.243882369995117188e+02 1.544327640533447266e+02
4.087084579467773438e+02 3.240329360961914062e+02 1.549904918670654297e+02
4.086282730102539062e+02 3.250000000000000000e+02 1.542850112915039062e+02
4.090080642700195312e+02 3.250000000000000000e+02 1.550000000000000000e+02
4.087446594238281250e+02 3.259999847412109375e+02 1.540861129760742188e+02
4.092734146118164062e+02 3.260162353515625000e+02 1.550673294067382812e+02
4.087807464599609375e+02 3.269026184082031250e+02 1.539005470275878906e+02
4.084470748901367188e+02 3.259999847412109375e+02 1.535861110687255859e+02
4.080321502685546875e+02 3.259999847412109375e+02 1.530000019073486328e+02
4.084994506835937500e+02 3.265043640136718750e+02 1.535009002685546875e+02
4.082416915893554688e+02 3.269026184082031250e+02 1.530636024475097656e+02
4.076774978637695312e+02 3.270000076293945312e+02 1.522862625122070312e+02
4.082266998291015625e+02 3.279999923706054688e+02 1.528908252716064453e+02
4.085405349731445312e+02 3.271710205078125000e+02 1.534393310546875000e+02
4.085730743408203125e+02 3.279999923706054688e+02 1.533908176422119141e+02
4.089321136474609375e+02 3.279999923706054688e+02 1.540000057220458984e+02
4.085744476318359375e+02 3.289999771118164062e+02 1.533885192871093750e+02
4.089335250854492188e+02 3.289999771118164062e+02 1.540000057220458984e+02
4.085424041748046875e+02 3.297971725463867188e+02 1.534362697601318359e+02
4.082289886474609375e+02 3.289999771118164062e+02 1.528885173797607422e+02
4.077289962768554688e+02 3.289999771118164062e+02 1.522236251831054688e+02
4.082426834106445312e+02 3.300782775878906250e+02 1.530617618560791016e+02
4.076823425292968750e+02 3.300000000000000000e+02 1.522783851623535156e+02
4.080065917968750000e+02 3.309999847412109375e+02 1.530000019073486328e+02
4.084947204589843750e+02 3.304638290405273438e+02 1.535089492797851562e+02
4.084282302856445312e+02 3.309999847412109375e+02 1.536216259002685547e+02
4.087750625610351562e+02 3.300782775878906250e+02 1.539053726196289062e+02
4.093120574951171875e+02 3.300000000000000000e+02 1.548822116851806641e+02
4.087158584594726562e+02 3.309999847412109375e+02 1.541216278076171875e+02
4.092322158813476562e+02 3.309362030029296875e+02 1.550817871093750000e+02
4.086032104492187500e+02 3.318134307861328125e+02 1.543198776245117188e+02
4.083187103271484375e+02 3.320880508422851562e+02 1.539919281005859375e+02
4.088173675537109375e+02 3.320880508422851562e+02 1.549078369140625000e+02
4.084932708740234375e+02 3.324801254272460938e+02 1.545130538940429688e+02
4.093297958374023438e+02 3.320219421386718750e+02 1.560005950927734375e+02
4.086381912231445312e+02 3.329999923706054688e+02 1.552233505249023438e+02
4.083860397338867188e+02 3.329999923706054688e+02 1.547233581542968750e+02
4.089715576171875000e+02 3.329999923706054688e+02 1.560000038146972656e+02
4.085244369506835938e+02 3.335485839843750000e+02 1.554514217376708984e+02
4.081373596191406250e+02 3.339291381835937500e+02 1.550708484649658203e+02
4.086337280273437500e+02 3.337673950195312500e+02 1.560000038146972656e+02
4.083812713623046875e+02 3.342673873901367188e+02 1.560000038146972656e+02
4.088035964965820312e+02 3.340847778320312500e+02 1.569237422943115234e+02
4.093212127685546875e+02 3.329910278320312500e+02 1.569804286956787109e+02
4.084869384765625000e+02 3.344746017456054688e+02 1.565395641326904297e+02
4.092157363891601562e+02 3.339057540893554688e+02 1.580882167816162109e+02
4.085945510864257812e+02 3.346616363525390625e+02 1.572062301635742188e+02
4.083009719848632812e+02 3.349969863891601562e+02 1.569237422943115234e+02
4.087015151977539062e+02 3.348458099365234375e+02 1.580000019073486328e+02
4.084070968627929688e+02 3.353458404541015625e+02 1.580000019073486328e+02
4.087667846679687500e+02 3.350796508789062500e+02 1.589656448364257812e+02
4.093028640747070312e+02 3.340966033935546875e+02 1.590000057220458984e+02
4.084796142578125000e+02 3.354661178588867188e+02 1.586094093322753906e+02
4.089467239379882812e+02 3.350000000000000000e+02 1.600000000000000000e+02
4.085408401489257812e+02 3.355643081665039062e+02 1.592760753631591797e+02
4.082345199584960938e+02 3.359386062622070312e+02 1.589656448364257812e+02
4.085824203491210938e+02 3.356323242187500000e+02 1.600000000000000000e+02
4.082617950439453125e+02 3.361323165893554688e+02 1.600000000000000000e+02
4.086089324951171875e+02 3.356785202026367188e+02 1.609999847412109375e+02
4.082975387573242188e+02 3.361785125732421875e+02 1.609999847412109375e+02
4.086117172241210938e+02 3.356846237182617188e+02 1.619999885559082031e+02
4.089951705932617188e+02 3.350000000000000000e+02 1.609999847412109375e+02
4.093862152099609375e+02 3.342634582519531250e+02 1.609999847412109375e+02
4.089945602416992188e+02 3.350000000000000000e+02 1.619999885559082031e+02
4.093828201293945312e+02 3.342517471313476562e+02 1.619999885559082031e+02
4.089548492431640625e+02 3.350000000000000000e+02 1.629999923706054688e+02
4.093611907958984375e+02 3.341993331909179688e+02 1.629999923706054688e+02
4.088632202148437500e+02 3.350000000000000000e+02 1.639999961853027344e+02
4.085936355590820312e+02 3.356535339355468750e+02 1.629999923706054688e+02
4.082821655273437500e+02 3.361535263061523438e+02 1.629999923706054688e+02
4.085484313964843750e+02 3.355784988403320312e+02 1.639999961853027344e+02
4.082328033447265625e+02 3.360784912109375000e+02 1.639999961853027344e+02
4.085124969482421875e+02 3.355202102661132812e+02 1.645756530761718750e+02
4.082020950317382812e+02 3.359121322631835938e+02 1.649453926086425781e+02
4.087004470825195312e+02 3.350520324707031250e+02 1.649453926086425781e+02
4.084571075439453125e+02 3.354200744628906250e+02 1.652423095703125000e+02
4.092575836181640625e+02 3.339076614379882812e+02 1.649176025390625000e+02
4.086444473266601562e+02 3.347784423828125000e+02 1.659999847412109375e+02
4.089990997314453125e+02 3.339999771118164062e+02 1.659999847412109375e+02
4.085606384277343750e+02 3.346178054809570312e+02 1.667344093322753906e+02
4.083828735351562500e+02 3.352784347534179688e+02 1.659999847412109375e+02
4.079451751708984375e+02 3.359999847412109375e+02 1.659999847412109375e+02
4.082970428466796875e+02 3.349707031250000000e+02 1.670406532287597656e+02
4.084740066528320312e+02 3.344383621215820312e+02 1.674010848999023438e+02
4.080128097534179688e+02 3.350000000000000000e+02 1.679999923706054688e+02
4.077154159545898438e+02 3.360252761840820312e+02 1.669104766845703125e+02
4.074158859252929688e+02 3.363754653930664062e+02 1.671841239929199219e+02
4.076261901855468750e+02 3.356966400146484375e+02 1.679999923706054688e+02
4.075046157836914062e+02 3.365061569213867188e+02 1.665174674987792969e+02
4.075622558593750000e+02 3.365813446044921875e+02 1.659999847412109375e+02
4.069951248168945312e+02 3.369930267333984375e+02 1.669781875610351562e+02
4.071660995483398438e+02 3.370813369750976562e+02 1.659999847412109375e+02
4.067979431152343750e+02 3.368755340576171875e+02 1.679999923706054688e+02
4.065744018554687500e+02 3.375836181640625000e+02 1.667722511291503906e+02
4.064829254150390625e+02 3.374799346923828125e+02 1.674389266967773438e+02
4.060360717773437500e+02 3.380366897583007812e+02 1.671181297302246094e+02
4.063941192626953125e+02 3.373755264282226562e+02 1.679999923706054688e+02
4.058941268920898438e+02 3.379030990600585938e+02 1.679999923706054688e+02
4.062063598632812500e+02 3.371520996093750000e+02 1.689999961853027344e+02
4.057063674926757812e+02 3.377122497558593750e+02 1.689999961853027344e+02
4.059523010253906250e+02 3.369416809082031250e+02 1.699049568176269531e+02
4.066200256347656250e+02 3.366521072387695312e+02 1.689999961853027344e+02
4.071353912353515625e+02 3.359320449829101562e+02 1.689508247375488281e+02
4.065119934082031250e+02 3.365153503417968750e+02 1.695236778259277344e+02
4.066872024536132812e+02 3.359615325927734375e+02 1.699142074584960938e+02
4.072277069091796875e+02 3.349863433837890625e+02 1.699934577941894531e+02
4.065677261352539062e+02 3.356025695800781250e+02 1.706105995178222656e+02
4.063386535644531250e+02 3.362692260742187500e+02 1.701903533935546875e+02
4.060142135620117188e+02 3.360162734985351562e+02 1.710172843933105469e+02
4.063564682006835938e+02 3.352525329589843750e+02 1.712772560119628906e+02
4.054444122314453125e+02 3.364299392700195312e+02 1.714239692687988281e+02
4.056898117065429688e+02 3.357632827758789062e+02 1.717458152770996094e+02
4.056719970703125000e+02 3.367013931274414062e+02 1.707573127746582031e+02
4.050760269165039062e+02 3.370789718627929688e+02 1.711003684997558594e+02
4.047777175903320312e+02 3.367898559570312500e+02 1.718188667297363281e+02
4.047076416015625000e+02 3.376923370361328125e+02 1.707767677307128906e+02
4.044498062133789062e+02 3.374565505981445312e+02 1.714434242248535156e+02
4.053743362426757812e+02 3.373680496215820312e+02 1.702862358093261719e+02
4.049600601196289062e+02 3.379637908935546875e+02 1.699299621582031250e+02
4.043161773681640625e+02 3.383589935302734375e+02 1.702403831481933594e+02
4.051865386962890625e+02 3.382122421264648438e+02 1.689999961853027344e+02
4.045457839965820312e+02 3.385382080078125000e+02 1.695737075805664062e+02
4.055659103393554688e+02 3.375685882568359375e+02 1.696195602416992188e+02
4.046865463256835938e+02 3.386561584472656250e+02 1.689999961853027344e+02
4.039897155761718750e+02 3.387528610229492188e+02 1.699442291259765625e+02
4.039643096923828125e+02 3.391909408569335938e+02 1.690144920349121094e+02
4.036495208740234375e+02 3.386064910888671875e+02 1.706677818298339844e+02
4.030434417724609375e+02 3.393125152587890625e+02 1.700661849975585938e+02
4.024373245239257812e+02 3.394709396362304688e+02 1.704436683654785156e+02
4.034057235717773438e+02 3.394433593750000000e+02 1.693574905395507812e+02
4.029963684082031250e+02 3.388053131103515625e+02 1.710006713867187500e+02
4.027390670776367188e+02 3.396377563476562500e+02 1.697769927978515625e+02
4.030434417724609375e+02 3.397852325439453125e+02 1.690144920349121094e+02
4.020623779296875000e+02 3.398247528076171875e+02 1.700661849975585938e+02
4.020060348510742188e+02 3.403102111816406250e+02 1.690216827392578125e+02
4.010121536254882812e+02 3.402834701538085938e+02 1.699797058105468750e+02
4.017706680297851562e+02 3.396208190917968750e+02 1.707029342651367188e+02
4.009660720825195312e+02 3.397374725341796875e+02 1.710217475891113281e+02
4.020623779296875000e+02 3.392928695678710938e+02 1.710217475891113281e+02
4.012768173217773438e+02 3.394191360473632812e+02 1.713695907592773438e+02
4.020000076293945312e+02 3.387628555297851562e+02 1.718451881408691406e+02
4.026605987548828125e+02 3.385980224609375000e+02 1.716291999816894531e+02
4.020000076293945312e+02 3.383731079101562500e+02 1.723451805114746094e+02
4.010525512695312500e+02 3.390190505981445312e+02 1.720259094238281250e+02
4.000000000000000000e+02 3.392411422729492188e+02 1.721657752990722656e+02
4.014949417114257812e+02 3.384980773925781250e+02 1.724976921081542969e+02
4.008282852172851562e+02 3.386190032958984375e+02 1.726352310180664062e+02
4.006101608276367188e+02 3.395393371582031250e+02 1.715541076660156250e+02
4.000000000000000000e+02 3.396221160888671875e+02 1.716657638549804688e+02
3.989999771118164062e+02 3.397238159179687500e+02 1.718016242980957031e+02
4.000000000000000000e+02 3.400391006469726562e+02 1.709999847412109375e+02
4.000000000000000000e+02 3.404169464111328125e+02 1.703296279907226562e+02
3.990488052368164062e+02 3.402712249755859375e+02 1.709387016296386719e+02
3.979999923706054688e+02 3.402849578857421875e+02 1.711348342895507812e+02
3.994146728515625000e+02 3.404869842529296875e+02 1.704732894897460938e+02
3.987480163574218750e+02 3.405372238159179688e+02 1.705645179748535156e+02
3.990488052368164062e+02 3.407236099243164062e+02 1.700839614868164062e+02
3.979999923706054688e+02 3.405776596069335938e+02 1.706348228454589844e+02
3.970000076293945312e+02 3.406050872802734375e+02 1.706827545166015625e+02
3.979999923706054688e+02 3.408837509155273438e+02 1.700000000000000000e+02
3.980325698852539062e+02 3.413393020629882812e+02 1.689269256591796875e+02
3.970000076293945312e+02 3.409345626831054688e+02 1.700000000000000000e+02
3.959999847412109375e+02 3.409312057495117188e+02 1.700000000000000000e+02
3.970000076293945312e+02 3.413294601440429688e+02 1.690809249877929688e+02
3.959999847412109375e+02 3.413289260864257812e+02 1.690871620178222656e+02
3.970000076293945312e+02 3.415329360961914062e+02 1.685809326171875000e+02
3.977209854125976562e+02 3.415181350708007812e+02 1.685448837280273438e+02
3.970000076293945312e+02 3.417505645751953125e+02 1.679999923706054688e+02
3.959999847412109375e+02 3.415359497070312500e+02 1.685871505737304688e+02
3.959999847412109375e+02 3.417626190185546875e+02 1.679999923706054688e+02
3.950000000000000000e+02 3.415178298950195312e+02 1.685427856445312500e+02
3.950000000000000000e+02 3.417270660400390625e+02 1.679999923706054688e+02
3.944858932495117188e+02 3.415016174316406250e+02 1.685038566589355469e+02
3.950000000000000000e+02 3.413083648681640625e+02 1.690427780151367188e+02
3.950000000000000000e+02 3.408821487426757812e+02 1.700000000000000000e+02
3.940915298461914062e+02 3.412886047363281250e+02 1.689023208618164062e+02
3.938192367553710938e+02 3.414632034301757812e+02 1.684047508239746094e+02
3.929999923706054688e+02 3.410972976684570312e+02 1.689999961853027344e+02
3.939447402954101562e+02 3.407321929931640625e+02 1.700878334045410156e+02
3.942412567138671875e+02 3.405358505249023438e+02 1.705587768554687500e+02
3.929999923706054688e+02 3.406919097900390625e+02 1.698801040649414062e+02
3.935745620727539062e+02 3.404895019531250000e+02 1.704797172546386719e+02
3.929999923706054688e+02 3.404365539550781250e+02 1.703801155090332031e+02
3.939447402954101562e+02 3.402582931518554688e+02 1.709352684020996094e+02
3.929999923706054688e+02 3.400522994995117188e+02 1.709999847412109375e+02
3.939999771118164062e+02 3.397056961059570312e+02 1.717683410644531250e+02
3.950000000000000000e+02 3.402677917480468750e+02 1.711231994628906250e+02
3.950000000000000000e+02 3.397677993774414062e+02 1.718498611450195312e+02
3.950000000000000000e+02 3.405737686157226562e+02 1.706232070922851562e+02
3.959999847412109375e+02 3.403057479858398438e+02 1.711754417419433594e+02
3.959999847412109375e+02 3.398057556152343750e+02 1.719031906127929688e+02
3.959999847412109375e+02 3.406022644042968750e+02 1.706754493713378906e+02
3.970000076293945312e+02 3.403133392333984375e+02 1.711827468872070312e+02
3.970000076293945312e+02 3.398133468627929688e+02 1.719179725646972656e+02
3.970000076293945312e+02 3.394347763061523438e+02 1.724179649353027344e+02
3.979999923706054688e+02 3.397849655151367188e+02 1.718823242187500000e+02
3.979999923706054688e+02 3.394068145751953125e+02 1.723823165893554688e+02
3.979999923706054688e+02 3.389068222045898438e+02 1.729562568664550781e+02
3.989999771118164062e+02 3.393436813354492188e+02 1.723016166687011719e+02
3.989999771118164062e+02 3.388436508178710938e+02 1.728843116760253906e+02
3.989999771118164062e+02 3.383851623535156250e+02 1.733843040466308594e+02
4.000000000000000000e+02 3.387411499023437500e+02 1.727715301513671875e+02
4.000000000000000000e+02 3.382756042480468750e+02 1.732715415954589844e+02
4.000000000000000000e+02 3.377756118774414062e+02 1.737500000000000000e+02
4.010969543457031250e+02 3.381869888305664062e+02 1.729811477661132812e+02
4.009999847412109375e+02 3.376101684570312500e+02 1.736004447937011719e+02
4.019084930419921875e+02 3.378028869628906250e+02 1.730040359497070312e+02
4.021808242797851562e+02 3.373271942138671875e+02 1.733400726318359375e+02
4.015141677856445312e+02 3.375073623657226562e+02 1.735066986083984375e+02
4.027479171752929688e+02 3.376660156250000000e+02 1.726734161376953125e+02
4.030671691894531250e+02 3.370489120483398438e+02 1.730484580993652344e+02
4.030376052856445312e+02 3.380266952514648438e+02 1.720306015014648438e+02
4.034145736694335938e+02 3.374372863769531250e+02 1.724320030212402344e+02
4.033272552490234375e+02 3.383873748779296875e+02 1.713344383239746094e+02
4.037831497192382812e+02 3.377207183837890625e+02 1.717653274536132812e+02
4.041338729858398438e+02 3.371135711669921875e+02 1.721254348754882812e+02
4.040496444702148438e+02 3.380398559570312500e+02 1.710556030273437500e+02
4.038179016113281250e+02 3.367705917358398438e+02 1.727568244934082031e+02
4.044845581054687500e+02 3.364842987060546875e+02 1.724855232238769531e+02
4.041091537475585938e+02 3.361104965209960938e+02 1.730883216857910156e+02
4.051012420654296875e+02 3.361238098144531250e+02 1.721156692504882812e+02
4.054247283935546875e+02 3.353860855102539062e+02 1.724124717712402344e+02
4.047580718994140625e+02 3.358176422119140625e+02 1.727531623840332031e+02
4.050331115722656250e+02 3.350469589233398438e+02 1.730335235595703125e+02
4.046414947509765625e+02 3.347077941894531250e+02 1.736234092712402344e+02
4.056332397460937500e+02 3.347194290161132812e+02 1.726471900939941406e+02
4.044004058837890625e+02 3.353744506835937500e+02 1.734198379516601562e+02
4.053435897827148438e+02 3.339999771118164062e+02 1.733482170104980469e+02
4.054832839965820312e+02 3.334584045410156250e+02 1.734837722778320312e+02
4.048435974121093750e+02 3.339999771118164062e+02 1.738003349304199219e+02
4.058160400390625000e+02 3.339999771118164062e+02 1.728482246398925781e+02
4.063160324096679688e+02 3.339999771118164062e+02 1.722556495666503906e+02
4.060318374633789062e+02 3.330811691284179688e+02 1.730336189270019531e+02
4.062208175659179688e+02 3.320000076293945312e+02 1.731889915466308594e+02
4.064548110961914062e+02 3.333706283569335938e+02 1.724398612976074219e+02
4.056088638305664062e+02 3.327917480468750000e+02 1.736070251464843750e+02
4.065683364868164062e+02 3.327039718627929688e+02 1.725834846496582031e+02
4.066550827026367188e+02 3.320000076293945312e+02 1.726889991760253906e+02
4.068361663818359375e+02 3.330223846435546875e+02 1.720639038085937500e+02
4.072048950195312500e+02 3.320122909545898438e+02 1.719354820251464844e+02
4.073689270019531250e+02 3.329999923706054688e+02 1.712755966186523438e+02
4.066786193847656250e+02 3.339999771118164062e+02 1.717556381225585938e+02
4.071905899047851562e+02 3.339743423461914062e+02 1.709532165527343750e+02
4.065476226806640625e+02 3.345858383178710938e+02 1.715676498413085938e+02
4.067168807983398438e+02 3.349515151977539062e+02 1.709663581848144531e+02
4.059948730468750000e+02 3.349859619140625000e+02 1.719900703430175781e+02
4.074127960205078125e+02 3.342905426025390625e+02 1.703224372863769531e+02
4.075503921508789062e+02 3.336238861083984375e+02 1.705887031555175781e+02
4.076986694335937500e+02 3.339743423461914062e+02 1.699934577941894531e+02
4.076556396484375000e+02 3.329999923706054688e+02 1.707755851745605469e+02
4.077558135986328125e+02 3.320122909545898438e+02 1.710672378540039062e+02
4.080438232421875000e+02 3.329999923706054688e+02 1.700000000000000000e+02
4.083184814453125000e+02 3.320406723022460938e+02 1.699661827087402344e+02
4.083881759643554688e+02 3.329999923706054688e+02 1.692263031005859375e+02
4.084782028198242188e+02 3.324011230468750000e+02 1.694475555419921875e+02
4.081932830810546875e+02 3.339127349853515625e+02 1.689125061035156250e+02
4.085914611816406250e+02 3.329999923706054688e+02 1.687263107299804688e+02
4.088385009765625000e+02 3.329999923706054688e+02 1.679999923706054688e+02
4.087100219726562500e+02 3.320406723022460938e+02 1.690685272216796875e+02
4.085084533691406250e+02 3.335212326049804688e+02 1.685208511352539062e+02
4.085897827148437500e+02 3.337197113037109375e+02 1.679999923706054688e+02
4.087222290039062500e+02 3.340629959106445312e+02 1.670406532287597656e+02
4.083865737915039062e+02 3.342197036743164062e+02 1.679999923706054688e+02
4.091273880004882812e+02 3.329999923706054688e+02 1.669999885559082031e+02
4.093688964843750000e+02 3.330002593994140625e+02 1.660409736633300781e+02
4.093928527832031250e+02 3.320378494262695312e+02 1.670169639587402344e+02
4.094612884521484375e+02 3.312646484375000000e+02 1.673616027832031250e+02
4.094752883911132812e+02 3.323964309692382812e+02 1.664016342163085938e+02
4.091088485717773438e+02 3.320000076293945312e+02 1.679999923706054688e+02
4.095541381835937500e+02 3.317297744750976562e+02 1.666949272155761719e+02
4.096094512939453125e+02 3.309587860107421875e+02 1.670169639587402344e+02
4.096516799926757812e+02 3.320378494262695312e+02 1.660409736633300781e+02
4.099013137817382812e+02 3.320000076293945312e+02 1.650000000000000000e+02
4.098810577392578125e+02 3.309999847412109375e+02 1.659999847412109375e+02
4.095583724975585938e+02 3.326671218872070312e+02 1.657349586486816406e+02
4.096142196655273438e+02 3.330002593994140625e+02 1.649176025390625000e+02
4.097668838500976562e+02 3.329999923706054688e+02 1.639999961853027344e+02
4.095056915283203125e+02 3.335127639770507812e+02 1.645293617248535156e+02
4.094410324096679688e+02 3.333337783813476562e+02 1.651960182189941406e+02
4.095410156250000000e+02 3.335906982421875000e+02 1.639999961853027344e+02
4.095910644531250000e+02 3.336993408203125000e+02 1.629999923706054688e+02
4.093148040771484375e+02 3.340907287597656250e+02 1.639999961853027344e+02
4.096173858642578125e+02 3.337517547607421875e+02 1.619999885559082031e+02
4.098759078979492188e+02 3.329999923706054688e+02 1.629999923706054688e+02
4.099380493164062500e+02 3.329999923706054688e+02 1.619999885559082031e+02
4.102055358886718750e+02 3.320000076293945312e+02 1.629999923706054688e+02
4.102871322631835938e+02 3.320000076293945312e+02 1.619999885559082031e+02
4.104328155517578125e+02 3.310014724731445312e+02 1.630700111389160156e+02
4.100798797607421875e+02 3.320000076293945312e+02 1.639999961853027344e+02
4.103044891357421875e+02 3.309999847412109375e+02 1.639999961853027344e+02
4.104479598999023438e+02 3.300699996948242188e+02 1.640260505676269531e+02
4.101189422607421875e+02 3.309999847412109375e+02 1.650000000000000000e+02
4.102672958374023438e+02 3.300000000000000000e+02 1.650000000000000000e+02
4.103426742553710938e+02 3.289999771118164062e+02 1.650000000000000000e+02
4.100196456909179688e+02 3.300000000000000000e+02 1.659999847412109375e+02
4.100806045532226562e+02 3.289999771118164062e+02 1.659999847412109375e+02
4.097371292114257812e+02 3.300000000000000000e+02 1.669999885559082031e+02
4.095450973510742188e+02 3.300000000000000000e+02 1.676262474060058594e+02
4.097857284545898438e+02 3.289999771118164062e+02 1.669999885559082031e+02
4.095662689208984375e+02 3.289999771118164062e+02 1.676799583435058594e+02
4.097594833374023438e+02 3.279999923706054688e+02 1.669999885559082031e+02
4.096462631225585938e+02 3.270056152343750000e+02 1.670574760437011719e+02
4.100678253173828125e+02 3.279999923706054688e+02 1.659999847412109375e+02
4.095496368408203125e+02 3.279999923706054688e+02 1.676302719116210938e+02
4.095220184326171875e+02 3.273426818847656250e+02 1.675559234619140625e+02
4.093568420410156250e+02 3.279999923706054688e+02 1.681302833557128906e+02
4.093235015869140625e+02 3.270056152343750000e+02 1.679335594177246094e+02
4.090015792846679688e+02 3.279999923706054688e+02 1.689999961853027344e+02
4.093814086914062500e+02 3.289999771118164062e+02 1.681799697875976562e+02
4.093679046630859375e+02 3.300000000000000000e+02 1.681262588500976562e+02
4.090564727783203125e+02 3.289999771118164062e+02 1.689999961853027344e+02
4.086750793457031250e+02 3.289999771118164062e+02 1.698529434204101562e+02
4.090323257446289062e+02 3.300000000000000000e+02 1.689999961853027344e+02
4.086644363403320312e+02 3.300000000000000000e+02 1.698404884338378906e+02
4.089272689819335938e+02 3.309999847412109375e+02 1.689999961853027344e+02
4.086127090454101562e+02 3.309999847412109375e+02 1.697399330139160156e+02
4.093284225463867188e+02 3.309587860107421875e+02 1.679277038574218750e+02
4.095159912109375000e+02 3.305979919433593750e+02 1.675461578369140625e+02
4.085510635375976562e+02 3.317344284057617188e+02 1.696103096008300781e+02
4.083766174316406250e+02 3.309999847412109375e+02 1.702399444580078125e+02
4.084213638305664062e+02 3.300000000000000000e+02 1.703404998779296875e+02
4.079682159423828125e+02 3.309999847412109375e+02 1.709999847412109375e+02
4.080501937866210938e+02 3.300000000000000000e+02 1.709999847412109375e+02
4.075915908813476562e+02 3.309999847412109375e+02 1.716321182250976562e+02
4.076288223266601562e+02 3.300000000000000000e+02 1.716831398010253906e+02
4.072357559204101562e+02 3.309999847412109375e+02 1.721321105957031250e+02
4.075404357910156250e+02 3.316871643066406250e+02 1.715591430664062500e+02
4.072676849365234375e+02 3.300000000000000000e+02 1.721831512451171875e+02
4.067357635498046875e+02 3.309999847412109375e+02 1.727849960327148438e+02
4.063060760498046875e+02 3.309999847412109375e+02 1.732850074768066406e+02
4.067676544189453125e+02 3.300000000000000000e+02 1.728193855285644531e+02
4.063348770141601562e+02 3.300000000000000000e+02 1.733193778991699219e+02
4.067592620849609375e+02 3.289999771118164062e+02 1.728058242797851562e+02
4.072592926025390625e+02 3.289999771118164062e+02 1.721758270263671875e+02
4.067035293579101562e+02 3.279999923706054688e+02 1.727381134033203125e+02
4.063211441040039062e+02 3.289999771118164062e+02 1.733058166503906250e+02
4.062585830688476562e+02 3.279999923706054688e+02 1.732381057739257812e+02
4.058211517333984375e+02 3.289999771118164062e+02 1.738126564025878906e+02
4.052875137329101562e+02 3.289999771118164062e+02 1.743126487731933594e+02
4.057585906982421875e+02 3.279999923706054688e+02 1.737527275085449219e+02
4.058348846435546875e+02 3.300000000000000000e+02 1.738260078430175781e+02
4.058060836791992188e+02 3.309999847412109375e+02 1.737993049621582031e+02
4.053023529052734375e+02 3.300000000000000000e+02 1.743260192871093750e+02
4.048023605346679688e+02 3.300000000000000000e+02 1.747488975524902344e+02
4.052706527709960938e+02 3.309999847412109375e+02 1.742992973327636719e+02
4.047706604003906250e+02 3.309999847412109375e+02 1.747205162048339844e+02
4.051742172241210938e+02 3.320000076293945312e+02 1.742169952392578125e+02
4.046742248535156250e+02 3.320000076293945312e+02 1.746406745910644531e+02
4.050274658203125000e+02 3.330648040771484375e+02 1.740253639221191406e+02
4.057207870483398438e+02 3.320000076293945312e+02 1.737170028686523438e+02
4.044235229492187500e+02 3.333378601074218750e+02 1.744437026977539062e+02
4.045716857910156250e+02 3.326712036132812500e+02 1.745571517944335938e+02
4.040541076660156250e+02 3.330027008056640625e+02 1.748099517822265625e+02
4.032038497924804688e+02 3.329999923706054688e+02 1.753445625305175781e+02
4.037253952026367188e+02 3.339999771118164062e+02 1.746541404724121094e+02
4.039209747314453125e+02 3.319633483886718750e+02 1.751826858520507812e+02
4.040908813476562500e+02 3.309999847412109375e+02 1.752205085754394531e+02
4.034061813354492188e+02 3.322722244262695312e+02 1.754502487182617188e+02
4.035349655151367188e+02 3.316055679321289062e+02 1.755228233337402344e+02
4.035908889770507812e+02 3.309999847412109375e+02 1.755596733093261719e+02
4.030437088012695312e+02 3.319633483886718750e+02 1.757023811340332031e+02
4.020000076293945312e+02 3.320000076293945312e+02 1.761652946472167969e+02
4.029999923706054688e+02 3.309999847412109375e+02 1.758748435974121094e+02
4.027038192749023438e+02 3.329999923706054688e+02 1.756039237976074219e+02
4.025322723388671875e+02 3.335400009155273438e+02 1.755164337158203125e+02
4.020000076293945312e+02 3.329999923706054688e+02 1.758971786499023438e+02
4.009471511840820312e+02 3.329450988769531250e+02 1.762810134887695312e+02
4.019121170043945312e+02 3.339239883422851562e+02 1.755997276306152344e+02
4.009999847412109375e+02 3.339999771118164062e+02 1.758776855468750000e+02
4.021868515014648438e+02 3.342066574096679688e+02 1.753773498535156250e+02
4.015201950073242188e+02 3.345154190063476562e+02 1.755077552795410156e+02
4.009999847412109375e+02 3.346747589111328125e+02 1.755881500244140625e+02
4.019121170043945312e+02 3.349092483520507812e+02 1.751480102539062500e+02
4.009999847412109375e+02 3.351747512817382812e+02 1.753323554992675781e+02
4.020000076293945312e+02 3.357319641113281250e+02 1.746520042419433594e+02
4.029348754882812500e+02 3.349320983886718750e+02 1.746637725830078125e+02
4.029193496704101562e+02 3.339239883422851562e+02 1.751497268676757812e+02
4.032247924804687500e+02 3.352201843261718750e+02 1.743379974365234375e+02
4.025580978393554688e+02 3.355489730834960938e+02 1.745325851440429688e+02
4.035436630249023438e+02 3.345535278320312500e+02 1.745296669006347656e+02
4.039720535278320312e+02 3.349639892578125000e+02 1.739806938171386719e+02
4.042253875732421875e+02 3.339999771118164062e+02 1.743003463745117188e+02
4.037337493896484375e+02 3.357367324829101562e+02 1.736713218688964844e+02
4.029722595214843750e+02 3.359761810302734375e+02 1.739865112304687500e+02
4.020000076293945312e+02 3.362319564819335938e+02 1.743134880065917969e+02
4.033864212036132812e+02 3.364033889770507812e+02 1.734234809875488281e+02
4.027197265625000000e+02 3.366604995727539062e+02 1.736350440979003906e+02
4.019084930419921875e+02 3.369963073730468750e+02 1.737548065185546875e+02
4.010119628906250000e+02 3.369485473632812500e+02 1.741501235961914062e+02
4.006866455078125000e+02 3.365809249877929688e+02 1.745620155334472656e+02
4.000000000000000000e+02 3.371925735473632812e+02 1.742499923706054688e+02
4.013533020019531250e+02 3.364269638061523438e+02 1.744495964050292969e+02
4.010119628906250000e+02 3.360561752319335938e+02 1.748031044006347656e+02
3.999185562133789062e+02 3.359060668945312500e+02 1.751814270019531250e+02
4.001976013183593750e+02 3.353842544555664062e+02 1.754397392272949219e+02
3.995309448242187500e+02 3.355101394653320312e+02 1.755061149597167969e+02
4.000000000000000000e+02 3.366925811767578125e+02 1.746469688415527344e+02
3.989999771118164062e+02 3.360674285888671875e+02 1.752350044250488281e+02
3.979999923706054688e+02 3.361518859863281250e+02 1.752908515930175781e+02
3.989999771118164062e+02 3.355674362182617188e+02 1.755401420593261719e+02
3.989999771118164062e+02 3.368095016479492188e+02 1.747350120544433594e+02
3.989999771118164062e+02 3.373094940185546875e+02 1.743463706970214844e+02
3.979999923706054688e+02 3.368840408325195312e+02 1.747908401489257812e+02
3.979999923706054688e+02 3.373840332031250000e+02 1.744068336486816406e+02
3.970000076293945312e+02 3.369184875488281250e+02 1.748158454895019531e+02
3.959999847412109375e+02 3.369031906127929688e+02 1.748057556152343750e+02
3.970000076293945312e+02 3.374184799194335938e+02 1.744347953796386719e+02
3.970000076293945312e+02 3.361883544921875000e+02 1.753158378601074219e+02
3.959999847412109375e+02 3.361754226684570312e+02 1.753057479858398438e+02
3.970000076293945312e+02 3.356883621215820312e+02 1.756087112426757812e+02
3.959999847412109375e+02 3.356754302978515625e+02 1.756022834777832031e+02
3.970000076293945312e+02 3.350000000000000000e+02 1.759724426269531250e+02
3.979999923706054688e+02 3.356518554687500000e+02 1.755888938903808594e+02
3.979999923706054688e+02 3.350000000000000000e+02 1.759329032897949219e+02
3.979999923706054688e+02 3.341340255737304688e+02 1.763440132141113281e+02
3.989999771118164062e+02 3.350000000000000000e+02 1.758335685729980469e+02
3.990043258666992188e+02 3.339348983764648438e+02 1.763212203979492188e+02
3.999185562133789062e+02 3.350305557250976562e+02 1.756739044189453125e+02
4.000000000000000000e+02 3.339999771118164062e+02 1.761289215087890625e+02
4.000000000000000000e+02 3.332608413696289062e+02 1.764161300659179688e+02
4.000000000000000000e+02 3.327608489990234375e+02 1.765932083129882812e+02
3.993405532836914062e+02 3.334392547607421875e+02 1.764774513244628906e+02
3.990043258666992188e+02 3.330635452270507812e+02 1.766632270812988281e+02
3.979999923706054688e+02 3.329999923706054688e+02 1.768057441711425781e+02
3.989999771118164062e+02 3.320000076293945312e+02 1.770021820068359375e+02
3.986738967895507812e+02 3.335581588745117188e+02 1.765243911743164062e+02
3.979999923706054688e+02 3.336340332031250000e+02 1.765570640563964844e+02
3.970000076293945312e+02 3.336905288696289062e+02 1.765834236145019531e+02
3.959999847412109375e+02 3.336971664428710938e+02 1.765901565551757812e+02
3.970000076293945312e+02 3.329999923706054688e+02 1.768673896789550781e+02
3.970000076293945312e+02 3.341905212402343750e+02 1.763637161254882812e+02
3.959999847412109375e+02 3.341971588134765625e+02 1.763603591918945312e+02
3.959999847412109375e+02 3.350000000000000000e+02 1.759626388549804688e+02
3.950000000000000000e+02 3.341591644287109375e+02 1.763380432128906250e+02
3.950000000000000000e+02 3.350000000000000000e+02 1.759118270874023438e+02
3.950000000000000000e+02 3.336591720581054688e+02 1.765749549865722656e+02
3.939007186889648438e+02 3.339496612548828125e+02 1.763323211669921875e+02
3.929999923706054688e+02 3.339999771118164062e+02 1.761774826049804688e+02
3.935011672973632812e+02 3.334996795654296875e+02 1.764998435974121094e+02
3.939318847656250000e+02 3.350925445556640625e+02 1.757539176940917969e+02
3.941678619384765625e+02 3.335828018188476562e+02 1.765392494201660156e+02
3.939007186889648438e+02 3.330997848510742188e+02 1.767147254943847656e+02
3.929999923706054688e+02 3.329053115844726562e+02 1.766705131530761719e+02
3.939999771118164062e+02 3.320000076293945312e+02 1.771364402770996094e+02
3.950000000000000000e+02 3.329999923706054688e+02 1.768583679199218750e+02
3.950000000000000000e+02 3.320000076293945312e+02 1.772224426269531250e+02
3.959999847412109375e+02 3.329999923706054688e+02 1.768866729736328125e+02
3.959999847412109375e+02 3.320000076293945312e+02 1.772447776794433594e+02
3.959999847412109375e+02 3.312831878662109375e+02 1.774482345581054688e+02
3.970000076293945312e+02 3.320000076293945312e+02 1.772133636474609375e+02
3.970000076293945312e+02 3.311738967895507812e+02 1.774293899536132812e+02
3.979999923706054688e+02 3.320000076293945312e+02 1.771341896057128906e+02
3.979533004760742188e+02 3.309345245361328125e+02 1.773887062072753906e+02
3.982555007934570312e+02 3.301932525634765625e+02 1.774671363830566406e+02
3.975888061523437500e+02 3.305575180053710938e+02 1.775118827819824219e+02
3.989999771118164062e+02 3.309999847412109375e+02 1.772202110290527344e+02
4.000000000000000000e+02 3.309999847412109375e+02 1.770119857788085938e+02
3.989081954956054688e+02 3.299159622192382812e+02 1.773831367492675781e+02
3.990623855590820312e+02 3.289999771118164062e+02 1.774039840698242188e+02
3.985136795043945312e+02 3.295265960693359375e+02 1.775028419494628906e+02
4.000000000000000000e+02 3.300000000000000000e+02 1.771272087097167969e+02
4.009999847412109375e+02 3.300000000000000000e+02 1.768124961853027344e+02
4.000000000000000000e+02 3.289999771118164062e+02 1.771652984619140625e+02
4.000000000000000000e+02 3.279999923706054688e+02 1.771341705322265625e+02
4.009999847412109375e+02 3.289999771118164062e+02 1.768283081054687500e+02
4.009999847412109375e+02 3.279999923706054688e+02 1.767795944213867188e+02
4.016515350341796875e+02 3.289999771118164062e+02 1.765669822692871094e+02
4.021515655517578125e+02 3.289999771118164062e+02 1.763436698913574219e+02
4.015862274169921875e+02 3.279999923706054688e+02 1.765393066406250000e+02
4.016490554809570312e+02 3.300000000000000000e+02 1.765638351440429688e+02
4.021490478515625000e+02 3.300000000000000000e+02 1.763485908508300781e+02
4.015834045410156250e+02 3.307611846923828125e+02 1.765347862243652344e+02
4.010836029052734375e+02 3.310567092895507812e+02 1.766773986816406250e+02
4.019500350952148438e+02 3.310567092895507812e+02 1.763462829589843750e+02
4.014727020263671875e+02 3.314278411865234375e+02 1.764902496337890625e+02
4.012884521484375000e+02 3.320000076293945312e+02 1.764294242858886719e+02
4.007884597778320312e+02 3.320000076293945312e+02 1.765988349914550781e+02
4.005785751342773438e+02 3.325751876831054688e+02 1.765257644653320312e+02
4.000000000000000000e+02 3.320000076293945312e+02 1.768106269836425781e+02
4.029999923706054688e+02 3.300000000000000000e+02 1.759386062622070312e+02
4.029999923706054688e+02 3.289999771118164062e+02 1.759251213073730469e+02
4.036362075805664062e+02 3.300000000000000000e+02 1.755900192260742188e+02
4.036227416992187500e+02 3.289999771118164062e+02 1.755814361572265625e+02
4.041362380981445312e+02 3.300000000000000000e+02 1.752488899230957031e+02
4.041227340698242188e+02 3.289999771118164062e+02 1.752379417419433594e+02
4.047875213623046875e+02 3.289999771118164062e+02 1.747379302978515625e+02
4.039409637451171875e+02 3.279023361206054688e+02 1.752454948425292969e+02
4.034990692138671875e+02 3.275038909912109375e+02 1.754994392395019531e+02
4.039999771118164062e+02 3.270000076293945312e+02 1.750222015380859375e+02
4.035682296752929688e+02 3.281705856323242188e+02 1.755452919006347656e+02
4.047198486328125000e+02 3.279999923706054688e+02 1.746822929382324219e+02
4.052198410034179688e+02 3.279999923706054688e+02 1.742527389526367188e+02
4.045959091186523438e+02 3.270000076293945312e+02 1.745799827575683594e+02
4.045151519775390625e+02 3.264613342285156250e+02 1.745125770568847656e+02
4.050959014892578125e+02 3.270000076293945312e+02 1.741425704956054688e+02
4.049737167358398438e+02 3.260721969604492188e+02 1.739775657653808594e+02
4.056453323364257812e+02 3.270000076293945312e+02 1.736425781250000000e+02
4.055532455444335938e+02 3.263497161865234375e+02 1.735520553588867188e+02
4.061453247070312500e+02 3.270000076293945312e+02 1.731180953979492188e+02
4.059877395629882812e+02 3.260457229614257812e+02 1.729844093322753906e+02
4.066018295288085938e+02 3.270000076293945312e+02 1.726180839538574219e+02
4.071540451049804688e+02 3.270266342163085938e+02 1.719213676452636719e+02
4.065291213989257812e+02 3.264083862304687500e+02 1.725333786010742188e+02
4.068041229248046875e+02 3.260450363159179688e+02 1.720440483093261719e+02
4.066958236694335938e+02 3.250000000000000000e+02 1.717457771301269531e+02
4.073583221435546875e+02 3.259999847412109375e+02 1.712912750244140625e+02
4.064222335815429688e+02 3.257417297363281250e+02 1.724067687988281250e+02
4.062852096557617188e+02 3.250000000000000000e+02 1.722457695007324219e+02
4.060268020629882812e+02 3.239476394653320312e+02 1.720273017883300781e+02
4.057851791381835938e+02 3.250000000000000000e+02 1.727987098693847656e+02
4.052877426147460938e+02 3.250000000000000000e+02 1.732987022399902344e+02
4.056246948242187500e+02 3.242304229736328125e+02 1.726294708251953125e+02
4.050433731079101562e+02 3.239152145385742188e+02 1.730415344238281250e+02
4.044457626342773438e+02 3.235999679565429688e+02 1.734535789489746094e+02
4.048097991943359375e+02 3.229999923706054688e+02 1.727930259704589844e+02
4.054687118530273438e+02 3.235637664794921875e+02 1.724670028686523438e+02
4.046180343627929688e+02 3.242666244506835938e+02 1.736052703857421875e+02
4.047877502441406250e+02 3.250000000000000000e+02 1.737562561035156250e+02
4.039958953857421875e+02 3.240090179443359375e+02 1.739983367919921875e+02
4.033440399169921875e+02 3.237514114379882812e+02 1.743914222717285156e+02
4.037562179565429688e+02 3.229999923706054688e+02 1.737064361572265625e+02
4.035459899902343750e+02 3.244181060791015625e+02 1.745347213745117188e+02
4.041927719116210938e+02 3.250000000000000000e+02 1.742562484741210938e+02
4.036927795410156250e+02 3.250000000000000000e+02 1.746449089050292969e+02
4.043776702880859375e+02 3.257946777343750000e+02 1.744030761718750000e+02
4.040266036987304688e+02 3.260767745971679688e+02 1.747567367553710938e+02
4.031974792480468750e+02 3.259999847412109375e+02 1.753114891052246094e+02
4.029329299926757812e+02 3.250413894653320312e+02 1.751667594909667969e+02
4.026974868774414062e+02 3.259999847412109375e+02 1.756176376342773438e+02
4.034056091308593750e+02 3.270000076293945312e+02 1.754421997070312500e+02
4.029056167602539062e+02 3.270000076293945312e+02 1.757326889038085938e+02
4.019169616699218750e+02 3.270527267456054688e+02 1.762598228454589844e+02
4.030994415283203125e+02 3.279023361206054688e+02 1.757721519470214844e+02
4.020862579345703125e+02 3.279999923706054688e+02 1.763062095642089844e+02
4.020000076293945312e+02 3.259999847412109375e+02 1.759885406494140625e+02
4.015282440185546875e+02 3.274211883544921875e+02 1.765134239196777344e+02
4.013975143432617188e+02 3.267545318603515625e+02 1.764561271667480469e+02
4.012016677856445312e+02 3.259999847412109375e+02 1.763708877563476562e+02
4.010385131835937500e+02 3.270527267456054688e+02 1.766550636291503906e+02
4.007016754150390625e+02 3.259999847412109375e+02 1.765845870971679688e+02
4.000000000000000000e+02 3.270000076293945312e+02 1.770295524597167969e+02
3.989026260375976562e+02 3.270947647094726562e+02 1.773526000976562500e+02
4.000000000000000000e+02 3.259999847412109375e+02 1.768416595458984375e+02
3.989999771118164062e+02 3.259999847412109375e+02 1.771467018127441406e+02
3.999632263183593750e+02 3.250679779052734375e+02 1.766146087646484375e+02
3.996053695678710938e+02 3.243850708007812500e+02 1.765394973754882812e+02
4.002720642089843750e+02 3.247799682617187500e+02 1.764133071899414062e+02
4.005380630493164062e+02 3.254466247558593750e+02 1.765163612365722656e+02
3.989999771118164062e+02 3.250000000000000000e+02 1.769039344787597656e+02
3.979999923706054688e+02 3.250000000000000000e+02 1.771549606323242188e+02
3.989542388916015625e+02 3.240310287475585938e+02 1.766231727600097656e+02
3.979999923706054688e+02 3.239999771118164062e+02 1.768654251098632812e+02
3.992570877075195312e+02 3.237183761596679688e+02 1.764238357543945312e+02
3.985903930664062500e+02 3.234346389770507812e+02 1.765280532836914062e+02
3.989542388916015625e+02 3.230607604980468750e+02 1.762512016296386719e+02
3.979999923706054688e+02 3.232568740844726562e+02 1.766023826599121094e+02
3.979999923706054688e+02 3.227568817138671875e+02 1.763886833190917969e+02
3.970007324218750000e+02 3.229447174072265625e+02 1.766868019104003906e+02
3.966679000854492188e+02 3.224311828613281250e+02 1.765322685241699219e+02
3.959999847412109375e+02 3.229999923706054688e+02 1.768683815002441406e+02
3.970000076293945312e+02 3.239999771118164062e+02 1.770737075805664062e+02
3.973345565795898438e+02 3.225745010375976562e+02 1.764679145812988281e+02
3.970007324218750000e+02 3.220587158203125000e+02 1.762914276123046875e+02
3.959999847412109375e+02 3.218270492553710938e+02 1.763454055786132812e+02
3.969643783569335938e+02 3.209489440917968750e+02 1.757240867614746094e+02
3.979999923706054688e+02 3.220000076293945312e+02 1.760385322570800781e+02
3.979999923706054688e+02 3.212371826171875000e+02 1.756498336791992188e+02
3.990011978149414062e+02 3.219663619995117188e+02 1.757310676574707031e+02
3.986686706542968750e+02 3.214013671875000000e+02 1.755569267272949219e+02
3.993353652954101562e+02 3.216106033325195312e+02 1.754433250427246094e+02
3.997697067260742188e+02 3.222772979736328125e+02 1.756111717224121094e+02
4.000617980957031250e+02 3.219663619995117188e+02 1.753306198120117188e+02
4.000617980957031250e+02 3.229343795776367188e+02 1.757968139648437500e+02
4.004363632202148438e+02 3.225572967529296875e+02 1.754729270935058594e+02
3.999632263183593750e+02 3.240310287475585938e+02 1.762780952453613281e+02
4.007713317871093750e+02 3.232239532470703125e+02 1.756263542175292969e+02
4.010627746582031250e+02 3.239450836181640625e+02 1.757834243774414062e+02
4.010627746582031250e+02 3.229343795776367188e+02 1.753520011901855469e+02
4.010593414306640625e+02 3.219386672973632812e+02 1.748507499694824219e+02
4.014379882812500000e+02 3.235751342773437500e+02 1.754701805114746094e+02
4.020497894287109375e+02 3.229579544067382812e+02 1.748394775390625000e+02
4.017496490478515625e+02 3.222311401367187500e+02 1.746435737609863281e+02
4.024163436889648438e+02 3.225966262817382812e+02 1.744501495361328125e+02
4.020111465454101562e+02 3.239450836181640625e+02 1.753041839599609375e+02
4.026773834228515625e+02 3.232632827758789062e+02 1.746187210083007812e+02
4.030064392089843750e+02 3.229579544067382812e+02 1.742352485656738281e+02
4.030064392089843750e+02 3.240508651733398438e+02 1.747429084777832031e+02
4.029800415039062500e+02 3.220487976074218750e+02 1.737582015991210938e+02
4.020497894287109375e+02 3.219386672973632812e+02 1.743065834045410156e+02
4.026334381103515625e+02 3.213508605957031250e+02 1.735963439941406250e+02
4.033000946044921875e+02 3.217480087280273438e+02 1.733487319946289062e+02
4.035625457763671875e+02 3.224146652221679688e+02 1.735504913330078125e+02
4.039714431762695312e+02 3.220407104492187500e+02 1.729762649536132812e+02
4.042562484741210938e+02 3.229999923706054688e+02 1.732930183410644531e+02
4.046110153198242188e+02 3.223334121704101562e+02 1.726037788391113281e+02
4.037136840820312500e+02 3.212300109863281250e+02 1.726820755004882812e+02
4.043803787231445312e+02 3.216667175292968750e+02 1.723888397216796875e+02
4.040938949584960938e+02 3.208814239501953125e+02 1.720879173278808594e+02
4.049960327148437500e+02 3.220088958740234375e+02 1.719959640502929688e+02
4.047143936157226562e+02 3.211994934082031250e+02 1.717221832275390625e+02
4.053810501098632812e+02 3.216843795776367188e+02 1.713609123229980469e+02
4.053098297119140625e+02 3.229999923706054688e+02 1.723025703430175781e+02
4.055916213989257812e+02 3.223510360717773438e+02 1.716030883789062500e+02
4.059562301635742188e+02 3.220813369750976562e+02 1.709388542175292969e+02
4.057653808593750000e+02 3.229999923706054688e+02 1.718025588989257812e+02
4.062654113769531250e+02 3.229999923706054688e+02 1.711918830871582031e+02
4.064289093017578125e+02 3.236648559570312500e+02 1.714057159423828125e+02
4.066363143920898438e+02 3.229999923706054688e+02 1.706918716430664062e+02
4.065121459960937500e+02 3.224782943725585938e+02 1.705167770385742188e+02
4.071432876586914062e+02 3.230447769165039062e+02 1.699411392211914062e+02
4.068262481689453125e+02 3.239989089965820312e+02 1.710434341430664062e+02
4.073546218872070312e+02 3.239999771118164062e+02 1.702647590637207031e+02
4.065708923339843750e+02 3.243315505981445312e+02 1.715875816345214844e+02
4.072385787963867188e+02 3.249534606933593750e+02 1.709739112854003906e+02
4.074698638916015625e+02 3.245891189575195312e+02 1.704511070251464844e+02
4.075806045532226562e+02 3.252557754516601562e+02 1.706231880187988281e+02
4.078118515014648438e+02 3.249534606933593750e+02 1.700706672668457031e+02
4.076883316040039062e+02 3.259999847412109375e+02 1.707912635803222656e+02
4.082133865356445312e+02 3.260480499267578125e+02 1.699236869812011719e+02
4.077586746215820312e+02 3.270266342163085938e+02 1.710590934753417969e+02
4.075260162353515625e+02 3.273777389526367188e+02 1.715356254577636719e+02
4.079614639282226562e+02 3.279999923706054688e+02 1.709999847412109375e+02
4.083038330078125000e+02 3.270000076293945312e+02 1.701425933837890625e+02
4.074542617797851562e+02 3.267110824584960938e+02 1.714318275451660156e+02
4.083846282958984375e+02 3.279999923706054688e+02 1.702826499938964844e+02
4.085758209228515625e+02 3.270000076293945312e+02 1.696426010131835938e+02
4.085215759277343750e+02 3.264134597778320312e+02 1.695394706726074219e+02
4.088739776611328125e+02 3.270000076293945312e+02 1.689999961853027344e+02
4.086447143554687500e+02 3.279999923706054688e+02 1.697826385498046875e+02
4.086761474609375000e+02 3.260480499267578125e+02 1.690238571166992188e+02
4.091114044189453125e+02 3.259999847412109375e+02 1.679999923706054688e+02
4.085751342773437500e+02 3.250000000000000000e+02 1.686575698852539062e+02
4.084379196166992188e+02 3.257467651367187500e+02 1.693730926513671875e+02
4.083293151855468750e+02 3.250000000000000000e+02 1.691575622558593750e+02
4.081537246704101562e+02 3.240969848632812500e+02 1.689021873474121094e+02
4.083804702758789062e+02 3.238282775878906250e+02 1.682256698608398438e+02
4.076945495605468750e+02 3.230447769165039062e+02 1.689783477783203125e+02
4.076567840576171875e+02 3.239999771118164062e+02 1.697647476196289062e+02
4.085018157958984375e+02 3.244949340820312500e+02 1.685036468505859375e+02
4.086021804809570312e+02 3.240969848632812500e+02 1.679353904724121094e+02
4.085255050659179688e+02 3.234402465820312500e+02 1.675589942932128906e+02
4.089439392089843750e+02 3.239999771118164062e+02 1.669999885559082031e+02
4.088585662841796875e+02 3.250000000000000000e+02 1.679999923706054688e+02
4.092874908447265625e+02 3.250471496582031250e+02 1.669383621215820312e+02
4.094345855712890625e+02 3.247452545166015625e+02 1.662979507446289062e+02
4.094074249267578125e+02 3.259999847412109375e+02 1.672447967529296875e+02
4.095233154296875000e+02 3.254119491577148438e+02 1.665639305114746094e+02
4.096167373657226562e+02 3.250471496582031250e+02 1.659787750244140625e+02
4.095856094360351562e+02 3.259999847412109375e+02 1.667448043823242188e+02
4.098271942138671875e+02 3.259999847412109375e+02 1.659999847412109375e+02
4.101164245605468750e+02 3.259999847412109375e+02 1.650000000000000000e+02
4.099845886230468750e+02 3.270000076293945312e+02 1.659999847412109375e+02
4.102652359008789062e+02 3.270000076293945312e+02 1.650000000000000000e+02
4.103423690795898438e+02 3.279999923706054688e+02 1.650000000000000000e+02
4.104469299316406250e+02 3.270000076293945312e+02 1.642368698120117188e+02
4.103747558593750000e+02 3.260511779785156250e+02 1.639400100708007812e+02
4.104843902587890625e+02 3.279999923706054688e+02 1.644209671020507812e+02
4.105468368530273438e+02 3.270000076293945312e+02 1.637368774414062500e+02
4.106674957275390625e+02 3.270000076293945312e+02 1.629999923706054688e+02
4.105797576904296875e+02 3.279999923706054688e+02 1.639209747314453125e+02
4.105134201049804688e+02 3.264186096191406250e+02 1.635666847229003906e+02
4.105509185791015625e+02 3.260511779785156250e+02 1.629350471496582031e+02
4.104581069946289062e+02 3.257519531250000000e+02 1.632250976562500000e+02
4.105088424682617188e+02 3.254665756225585938e+02 1.625584220886230469e+02
4.106537246704101562e+02 3.259999847412109375e+02 1.619999885559082031e+02
4.105366134643554688e+02 3.253665161132812500e+02 1.619999885559082031e+02
4.107003021240234375e+02 3.259999847412109375e+02 1.609999847412109375e+02
4.107901382446289062e+02 3.270000076293945312e+02 1.619999885559082031e+02
4.108388900756835938e+02 3.270000076293945312e+02 1.609999847412109375e+02
4.108584976196289062e+02 3.279999923706054688e+02 1.619999885559082031e+02
4.109110260009765625e+02 3.279999923706054688e+02 1.609999847412109375e+02
4.107327651977539062e+02 3.279999923706054688e+02 1.629999923706054688e+02
4.108270645141601562e+02 3.289999771118164062e+02 1.619999885559082031e+02
4.108781051635742188e+02 3.289999771118164062e+02 1.609999847412109375e+02
4.107071304321289062e+02 3.289999771118164062e+02 1.629999923706054688e+02
4.107149887084960938e+02 3.300000000000000000e+02 1.619999885559082031e+02
4.107602310180664062e+02 3.300000000000000000e+02 1.609999847412109375e+02
4.105888366699218750e+02 3.300699996948242188e+02 1.630700111389160156e+02
4.105734634399414062e+02 3.308423995971679688e+02 1.619999885559082031e+02
4.104665374755859375e+02 3.313423919677734375e+02 1.619999885559082031e+02
4.105945968627929688e+02 3.309283828735351562e+02 1.609999847412109375e+02
4.105348587036132812e+02 3.306690979003906250e+02 1.627833366394042969e+02
4.105709838867187500e+02 3.308216094970703125e+02 1.600000000000000000e+02
4.104838180541992188e+02 3.314284133911132812e+02 1.609999847412109375e+02
4.103166580200195312e+02 3.320000076293945312e+02 1.609999847412109375e+02
4.104603576660156250e+02 3.313216018676757812e+02 1.600000000000000000e+02
4.104104995727539062e+02 3.309870147705078125e+02 1.589652729034423828e+02
4.102707290649414062e+02 3.320000076293945312e+02 1.600000000000000000e+02
4.101502227783203125e+02 3.320000076293945312e+02 1.590000057220458984e+02
4.099149703979492188e+02 3.329999923706054688e+02 1.600000000000000000e+02
4.097967147827148438e+02 3.329999923706054688e+02 1.590000057220458984e+02
4.096045684814453125e+02 3.337192916870117188e+02 1.600000000000000000e+02
4.099577331542968750e+02 3.329999923706054688e+02 1.609999847412109375e+02
4.096249008178710938e+02 3.337634658813476562e+02 1.609999847412109375e+02
4.095462799072265625e+02 3.335966110229492188e+02 1.590000057220458984e+02
4.093643188476562500e+02 3.342192840576171875e+02 1.600000000000000000e+02
4.095046997070312500e+02 3.335096359252929688e+02 1.584803676605224609e+02
4.096250152587890625e+02 3.329910278320312500e+02 1.580882167816162109e+02
4.099584960937500000e+02 3.320000076293945312e+02 1.580000019073486328e+02
4.094242477416992188e+02 3.333184051513671875e+02 1.578137016296386719e+02
4.095623397827148438e+02 3.326517486572265625e+02 1.573007106781005859e+02
4.096765518188476562e+02 3.320219421386718750e+02 1.569804286956787109e+02
4.099710845947265625e+02 3.309999847412109375e+02 1.569999980926513672e+02
4.095655059814453125e+02 3.317032623291015625e+02 1.563343238830566406e+02
4.094572830200195312e+02 3.323699188232421875e+02 1.566340446472167969e+02
4.096377182006835938e+02 3.309362030029296875e+02 1.560005950927734375e+02
4.095147705078125000e+02 3.305603027343750000e+02 1.554696464538574219e+02
4.094325637817382812e+02 3.312269973754882812e+02 1.556676578521728516e+02
4.098163223266601562e+02 3.300000000000000000e+02 1.560000038146972656e+02
4.099153518676757812e+02 3.289999771118164062e+02 1.560000038146972656e+02
4.095572280883789062e+02 3.300000000000000000e+02 1.553822135925292969e+02
4.101650619506835938e+02 3.300000000000000000e+02 1.569999980926513672e+02
4.102679824829101562e+02 3.289999771118164062e+02 1.569999980926513672e+02
4.104154586791992188e+02 3.300347137451171875e+02 1.580098438262939453e+02
4.104582977294921875e+02 3.289999771118164062e+02 1.576926708221435547e+02
4.102293395996093750e+02 3.309999847412109375e+02 1.580000019073486328e+02
4.104844665527343750e+02 3.303911972045898438e+02 1.586087799072265625e+02
4.105315780639648438e+02 3.297245407104492188e+02 1.583497428894042969e+02
4.105666732788085938e+02 3.289999771118164062e+02 1.581926727294921875e+02
4.105849075317382812e+02 3.300347137451171875e+02 1.589652729034423828e+02
4.107046890258789062e+02 3.289999771118164062e+02 1.590000057220458984e+02
4.107125473022460938e+02 3.300000000000000000e+02 1.600000000000000000e+02
4.105315780639648438e+02 3.306450271606445312e+02 1.592754459381103516e+02
4.108270645141601562e+02 3.289999771118164062e+02 1.600000000000000000e+02
4.108584976196289062e+02 3.279999923706054688e+02 1.600000000000000000e+02
4.107901382446289062e+02 3.270000076293945312e+02 1.600000000000000000e+02
4.107303237915039062e+02 3.279999923706054688e+02 1.590000057220458984e+02
4.106616592407226562e+02 3.270000076293945312e+02 1.590000057220458984e+02
4.105773162841796875e+02 3.279999923706054688e+02 1.581543254852294922e+02
4.105409622192382812e+02 3.270000076293945312e+02 1.583193778991699219e+02
4.104646301269531250e+02 3.279999923706054688e+02 1.576543235778808594e+02
4.104273986816406250e+02 3.270000076293945312e+02 1.578193759918212891e+02
4.102769851684570312e+02 3.279999923706054688e+02 1.569999980926513672e+02
4.102005004882812500e+02 3.270000076293945312e+02 1.569999980926513672e+02
4.099179840087890625e+02 3.279999923706054688e+02 1.560000038146972656e+02
4.096056365966796875e+02 3.279999923706054688e+02 1.552839088439941406e+02
4.098391723632812500e+02 3.270000076293945312e+02 1.560000038146972656e+02
4.096761322021484375e+02 3.260162353515625000e+02 1.559521961212158203e+02
4.095660400390625000e+02 3.270000076293945312e+02 1.553641414642333984e+02
4.095265197753906250e+02 3.263603973388671875e+02 1.554455471038818359e+02
4.093205261230468750e+02 3.270000076293945312e+02 1.548641395568847656e+02
4.093590545654296875e+02 3.279999923706054688e+02 1.547839069366455078e+02
4.093590545654296875e+02 3.289999771118164062e+02 1.547839069366455078e+02
4.096056365966796875e+02 3.289999771118164062e+02 1.552839088439941406e+02
4.094628524780273438e+02 3.256937026977539062e+02 1.555869960784912109e+02
4.100557327270507812e+02 3.259999847412109375e+02 1.569999980926513672e+02
4.095890045166015625e+02 3.250000000000000000e+02 1.562861061096191406e+02
4.098348999023437500e+02 3.250000000000000000e+02 1.569999980926513672e+02
4.093798065185546875e+02 3.250000000000000000e+02 1.557861042022705078e+02
4.095161056518554688e+02 3.244522094726562500e+02 1.564611434936523438e+02
4.092258834838867188e+02 3.240713119506835938e+02 1.560766887664794922e+02
4.095888519287109375e+02 3.240713119506835938e+02 1.570793724060058594e+02
4.098162841796875000e+02 3.239999771118164062e+02 1.580000019073486328e+02
4.095110702514648438e+02 3.234734725952148438e+02 1.574656105041503906e+02
4.094030380249023438e+02 3.237855529785156250e+02 1.567989444732666016e+02
4.092222976684570312e+02 3.230840682983398438e+02 1.570793724060058594e+02
4.086989593505859375e+02 3.219904708862304688e+02 1.570447254180908203e+02
4.087576675415039062e+02 3.229662322998046875e+02 1.559662628173828125e+02
4.093645095825195312e+02 3.228193283081054688e+02 1.580000019073486328e+02
4.089682769775390625e+02 3.220000076293945312e+02 1.580000019073486328e+02
4.094484710693359375e+02 3.226189422607421875e+02 1.588202571868896484e+02
4.095765686035156250e+02 3.233193206787109375e+02 1.580000019073486328e+02
4.096429824829101562e+02 3.229713821411132812e+02 1.590921497344970703e+02
4.095021057128906250e+02 3.224960327148437500e+02 1.594869232177734375e+02
4.097598648071289062e+02 3.229999923706054688e+02 1.600000000000000000e+02
4.100160980224609375e+02 3.239999771118164062e+02 1.590000057220458984e+02
4.101373291015625000e+02 3.239999771118164062e+02 1.600000000000000000e+02
4.103426361083984375e+02 3.250799560546875000e+02 1.590684032440185547e+02
4.101092529296875000e+02 3.250000000000000000e+02 1.580000019073486328e+02
4.104000854492187500e+02 3.248665237426757812e+02 1.600000000000000000e+02
4.104524993896484375e+02 3.257806777954101562e+02 1.587806797027587891e+02
4.105088424682617188e+02 3.254665756225585938e+02 1.594473457336425781e+02
4.105366134643554688e+02 3.253665161132812500e+02 1.600000000000000000e+02
4.105481719970703125e+02 3.260683822631835938e+02 1.590684032440185547e+02
4.105088424682617188e+02 3.264473342895507812e+02 1.584605503082275391e+02
4.106537246704101562e+02 3.259999847412109375e+02 1.600000000000000000e+02
4.103558731079101562e+02 3.260683822631835938e+02 1.580763339996337891e+02
4.105599212646484375e+02 3.252831649780273438e+02 1.609999847412109375e+02
4.104203033447265625e+02 3.247831726074218750e+02 1.609999847412109375e+02
4.104000854492187500e+02 3.248665237426757812e+02 1.619999885559082031e+02
4.101770782470703125e+02 3.239999771118164062e+02 1.609999847412109375e+02
4.097988510131835938e+02 3.229999923706054688e+02 1.609999847412109375e+02
4.101373291015625000e+02 3.239999771118164062e+02 1.619999885559082031e+02
4.097598648071289062e+02 3.229999923706054688e+02 1.619999885559082031e+02
4.100251007080078125e+02 3.239999771118164062e+02 1.629999923706054688e+02
4.096465301513671875e+02 3.229638671875000000e+02 1.629086685180664062e+02
4.098442459106445312e+02 3.239999771118164062e+02 1.639999961853027344e+02
4.103496932983398438e+02 3.250799560546875000e+02 1.629350471496582031e+02
4.101381683349609375e+02 3.250000000000000000e+02 1.639999961853027344e+02
4.098944091796875000e+02 3.250000000000000000e+02 1.650000000000000000e+02
4.096197128295898438e+02 3.240239715576171875e+02 1.649498367309570312e+02
4.094302368164062500e+02 3.237066268920898438e+02 1.652497291564941406e+02
4.095422744750976562e+02 3.243732833862304688e+02 1.656312942504882812e+02
4.095230484008789062e+02 3.234459304809570312e+02 1.645830726623535156e+02
4.095899581909179688e+02 3.232892990112304688e+02 1.639999961853027344e+02
4.092604827880859375e+02 3.230675506591796875e+02 1.649498367309570312e+02
4.087301254272460938e+02 3.219505691528320312e+02 1.650042533874511719e+02
4.093751907348632812e+02 3.227893066406250000e+02 1.639999961853027344e+02
4.089181900024414062e+02 3.229999923706054688e+02 1.659999847412109375e+02
4.086039352416992188e+02 3.222909545898437500e+02 1.659999847412109375e+02
4.086174011230468750e+02 3.230641555786132812e+02 1.669223213195800781e+02
4.093121719360351562e+02 3.240239715576171875e+02 1.659787750244140625e+02
4.083821487426757812e+02 3.227735900878906250e+02 1.672038841247558594e+02
4.085147476196289062e+02 3.224703216552734375e+02 1.665372276306152344e+02
4.081658554077148438e+02 3.220821762084960938e+02 1.669223213195800781e+02
4.076707077026367188e+02 3.212170410156250000e+02 1.669999885559082031e+02
4.083531570434570312e+02 3.217909240722656250e+02 1.659999847412109375e+02
4.076990127563476562e+02 3.220197677612304688e+02 1.679621124267578125e+02
4.075469589233398438e+02 3.214226531982421875e+02 1.676035308837890625e+02
4.073941802978515625e+02 3.216996383666992188e+02 1.682702064514160156e+02
4.081991577148437500e+02 3.230641555786132812e+02 1.679353904724121094e+02
4.075692749023437500e+02 3.223662948608398438e+02 1.686305809020996094e+02
4.071970367431640625e+02 3.220197677612304688e+02 1.689783477783203125e+02
4.066678237915039062e+02 3.220869827270507812e+02 1.699407386779785156e+02
4.073903656005859375e+02 3.227412796020507812e+02 1.692972564697265625e+02
4.066737365722656250e+02 3.210584640502929688e+02 1.689194679260253906e+02
4.071522903442382812e+02 3.210535812377929688e+02 1.679621124267578125e+02
4.063278961181640625e+02 3.207641220092773438e+02 1.691991043090820312e+02
4.065438842773437500e+02 3.214307785034179688e+02 1.695679092407226562e+02
4.065181732177734375e+02 3.204743194580078125e+02 1.685324478149414062e+02
4.066447448730468750e+02 3.202932739257812500e+02 1.679999923706054688e+02
4.059673690795898438e+02 3.200473022460937500e+02 1.689387512207031250e+02
4.062842559814453125e+02 3.197932815551757812e+02 1.679999923706054688e+02
4.056068420410156250e+02 3.193748855590820312e+02 1.686783981323242188e+02
4.054031372070312500e+02 3.196202659606933594e+02 1.693450546264648438e+02
4.056612396240234375e+02 3.202869415283203125e+02 1.697361564636230469e+02
4.050827407836914062e+02 3.199002456665039062e+02 1.701106262207031250e+02
4.059910202026367188e+02 3.210161209106445312e+02 1.699853706359863281e+02
4.056541442871093750e+02 3.212681198120117188e+02 1.706942367553710938e+02
4.063208389282226562e+02 3.218116378784179688e+02 1.702345848083496094e+02
4.054290390014648438e+02 3.206014251708984375e+02 1.704028320312500000e+02
4.050717163085937500e+02 3.209004592895507812e+02 1.710837364196777344e+02
4.047623443603515625e+02 3.201802444458007812e+02 1.708065795898437500e+02
4.044741058349609375e+02 3.205328369140625000e+02 1.714732360839843750e+02
4.041474533081054688e+02 3.198404884338378906e+02 1.711529159545898438e+02
4.038208007812500000e+02 3.191791915893554688e+02 1.708325767517089844e+02
4.044874572753906250e+02 3.195135498046875000e+02 1.704850769042968750e+02
4.034992218017578125e+02 3.195007705688476562e+02 1.714992523193359375e+02
4.038074493408203125e+02 3.201674270629882812e+02 1.717869758605957031e+02
4.031386566162109375e+02 3.198613357543945312e+02 1.721203041076660156e+02
4.028325653076171875e+02 3.191925621032714844e+02 1.717869758605957031e+02
4.024354934692382812e+02 3.195552253723144531e+02 1.724536514282226562e+02
4.027780914306640625e+02 3.202219009399414062e+02 1.727109909057617188e+02
4.034447479248046875e+02 3.205633163452148438e+02 1.724536514282226562e+02
4.030390930175781250e+02 3.209570693969726562e+02 1.730298614501953125e+02
4.023078918457031250e+02 3.206841659545898438e+02 1.733776473999023438e+02
4.020383453369140625e+02 3.199667358398437500e+02 1.730267906188964844e+02
4.019847106933593750e+02 3.210105133056640625e+02 1.737886047363281250e+02
4.010593414306640625e+02 3.209693527221679688e+02 1.742867088317871094e+02
4.016412353515625000e+02 3.203782272338867188e+02 1.735868453979492188e+02
4.009265136718750000e+02 3.200269317626953125e+02 1.737221145629882812e+02
4.005441665649414062e+02 3.194705581665039062e+02 1.735234642028808594e+02
4.012108612060546875e+02 3.197115707397460938e+02 1.733425712585449219e+02
4.000035858154296875e+02 3.200318908691406250e+02 1.741775703430175781e+02
3.989999771118164062e+02 3.196948432922363281e+02 1.743636131286621094e+02
4.000000000000000000e+02 3.193090248107910156e+02 1.736520767211914062e+02
3.996726226806640625e+02 3.203865051269531250e+02 1.745770072937011719e+02
4.003393173217773438e+02 3.206156158447265625e+02 1.744264984130859375e+02
4.000035858154296875e+02 3.209693527221679688e+02 1.747930717468261719e+02
4.007655715942382812e+02 3.212822723388671875e+02 1.746347618103027344e+02
3.990011978149414062e+02 3.210408020019531250e+02 1.752294731140136719e+02
3.979999923706054688e+02 3.207371902465820312e+02 1.753608703613281250e+02
3.989999771118164062e+02 3.201948547363281250e+02 1.747043418884277344e+02
3.980443191528320312e+02 3.199239730834960938e+02 1.748309516906738281e+02
3.977405166625976562e+02 3.194076919555664062e+02 1.745704269409179688e+02
3.984072113037109375e+02 3.195399665832519531e+02 1.744721794128417969e+02
3.969643783569335938e+02 3.200786972045898438e+02 1.751992416381835938e+02
3.970000076293945312e+02 3.192906188964843750e+02 1.746597480773925781e+02
3.966072845458984375e+02 3.204644775390625000e+02 1.755223464965820312e+02
3.972739410400390625e+02 3.205815505981445312e+02 1.754523849487304688e+02
3.959999847412109375e+02 3.198911285400390625e+02 1.752509117126464844e+02
3.959999847412109375e+02 3.191733169555664062e+02 1.747509002685546875e+02
3.959999847412109375e+02 3.203911590576171875e+02 1.755675697326660156e+02
3.950000000000000000e+02 3.198134231567382812e+02 1.753009605407714844e+02
3.939999771118164062e+02 3.197952651977539062e+02 1.753103828430175781e+02
3.950000000000000000e+02 3.191135406494140625e+02 1.748009490966796875e+02
3.950000000000000000e+02 3.203134155273437500e+02 1.756157112121582031e+02
3.939999771118164062e+02 3.202952575683593750e+02 1.756280517578125000e+02
3.950000000000000000e+02 3.209999847412109375e+02 1.760114479064941406e+02
3.950000000000000000e+02 3.217182159423828125e+02 1.763957405090332031e+02
3.959999847412109375e+02 3.209999847412109375e+02 1.759129714965820312e+02
3.939999771118164062e+02 3.209999847412109375e+02 1.760407066345214844e+02
3.929999923706054688e+02 3.209999847412109375e+02 1.759977912902832031e+02
3.939999771118164062e+02 3.216812896728515625e+02 1.764126396179199219e+02
3.929999923706054688e+02 3.217256164550781250e+02 1.763924789428710938e+02
3.939999771118164062e+02 3.221812820434570312e+02 1.766504669189453125e+02
3.929999923706054688e+02 3.222256088256835938e+02 1.766283226013183594e+02
3.939999771118164062e+02 3.229999923706054688e+02 1.770035362243652344e+02
3.950000000000000000e+02 3.222182083129882812e+02 1.766328430175781250e+02
3.950000000000000000e+02 3.229999923706054688e+02 1.769719696044921875e+02
3.959999847412109375e+02 3.223270416259765625e+02 1.765807342529296875e+02
3.949359893798828125e+02 3.240915298461914062e+02 1.773599052429199219e+02
3.940399551391601562e+02 3.240915298461914062e+02 1.773766326904296875e+02
3.945599746704101562e+02 3.244858932495117188e+02 1.775041198730468750e+02
3.952266311645507812e+02 3.245874786376953125e+02 1.774810028076171875e+02
3.959999847412109375e+02 3.239999771118164062e+02 1.772280693054199219e+02
3.959999847412109375e+02 3.247596359252929688e+02 1.774404144287109375e+02
3.959999847412109375e+02 3.252596282958984375e+02 1.775522422790527344e+02
3.969640731811523438e+02 3.250551986694335938e+02 1.773693275451660156e+02
3.966067886352539062e+02 3.254253387451171875e+02 1.775172996520996094e+02
3.972734451293945312e+02 3.256982803344726562e+02 1.774629974365234375e+02
3.969640731811523438e+02 3.260189819335937500e+02 1.775699424743652344e+02
3.979772186279296875e+02 3.260189819335937500e+02 1.773895072937011719e+02
3.976287078857421875e+02 3.263649368286132812e+02 1.775249290466308594e+02
3.982953643798828125e+02 3.268246078491210938e+02 1.774599647521972656e+02
3.979772186279296875e+02 3.270947647094726562e+02 1.775536727905273438e+02
3.979999923706054688e+02 3.279999923706054688e+02 1.776156616210937500e+02
3.985044097900390625e+02 3.274913024902343750e+02 1.775010681152343750e+02
3.970000076293945312e+02 3.270000076293945312e+02 1.777035713195800781e+02
3.959999847412109375e+02 3.270000076293945312e+02 1.778163528442382812e+02
3.970000076293945312e+02 3.279999923706054688e+02 1.777697563171386719e+02
3.970000076293945312e+02 3.289999771118164062e+02 1.777431106567382812e+02
3.959999847412109375e+02 3.279999923706054688e+02 1.778690147399902344e+02
3.950000000000000000e+02 3.279999923706054688e+02 1.779058837890625000e+02
3.959999847412109375e+02 3.289999771118164062e+02 1.778241729736328125e+02
3.950000000000000000e+02 3.289999771118164062e+02 1.778401565551757812e+02
3.959999847412109375e+02 3.300000000000000000e+02 1.777053070068359375e+02
3.950000000000000000e+02 3.300000000000000000e+02 1.777065277099609375e+02
3.959999847412109375e+02 3.307831573486328125e+02 1.775668334960937500e+02
3.970000076293945312e+02 3.300000000000000000e+02 1.776411819458007812e+02
3.970000076293945312e+02 3.306738662719726562e+02 1.775386810302734375e+02
3.979533004760742188e+02 3.299159622192382812e+02 1.775395965576171875e+02
3.979999923706054688e+02 3.289999771118164062e+02 1.776078224182128906e+02
3.985623550415039062e+02 3.289999771118164062e+02 1.775142097473144531e+02
3.985554122924804688e+02 3.279999923706054688e+02 1.775128746032714844e+02
3.990554046630859375e+02 3.279999923706054688e+02 1.773938941955566406e+02
3.950000000000000000e+02 3.307594299316406250e+02 1.775641822814941406e+02
3.941798782348632812e+02 3.306426239013671875e+02 1.775361824035644531e+02
3.950000000000000000e+02 3.312594223022460938e+02 1.774390220642089844e+02
3.939079284667968750e+02 3.309855651855468750e+02 1.774170684814453125e+02
3.935132217407226562e+02 3.304911041259765625e+02 1.774984741210937500e+02
3.929999923706054688e+02 3.309999847412109375e+02 1.772904586791992188e+02
3.929999923706054688e+02 3.302670288085937500e+02 1.774601745605468750e+02
3.920000076293945312e+02 3.309999847412109375e+02 1.771110725402832031e+02
3.929999923706054688e+02 3.320000076293945312e+02 1.770007896423339844e+02
3.920000076293945312e+02 3.320000076293945312e+02 1.768173980712890625e+02
3.910676574707031250e+02 3.319596862792968750e+02 1.766047096252441406e+02
3.920000076293945312e+02 3.326826477050781250e+02 1.765770339965820312e+02
3.914460754394531250e+02 3.325360870361328125e+02 1.765152168273925781e+02
3.920000076293945312e+02 3.331826400756835938e+02 1.763648605346679688e+02
3.920000076293945312e+02 3.339999771118164062e+02 1.759871673583984375e+02
3.929999923706054688e+02 3.334053421020507812e+02 1.764592742919921875e+02
3.910676574707031250e+02 3.329216384887695312e+02 1.762452507019042969e+02
3.907794189453125000e+02 3.322661590576171875e+02 1.764206123352050781e+02
3.899088287353515625e+02 3.330926895141601562e+02 1.758043861389160156e+02
3.910059738159179688e+02 3.340382766723632812e+02 1.757202720642089844e+02
3.906766510009765625e+02 3.343971252441406250e+02 1.754476928710937500e+02
3.901813888549804688e+02 3.337304687500000000e+02 1.756141471862792969e+02
3.913433074951171875e+02 3.345808792114257812e+02 1.755456542968750000e+02
3.910059738159179688e+02 3.349485397338867188e+02 1.752331352233886719e+02
3.920000076293945312e+02 3.347192764282226562e+02 1.756222915649414062e+02
3.920000076293945312e+02 3.352192687988281250e+02 1.753392410278320312e+02
3.929999923706054688e+02 3.348992919921875000e+02 1.757182121276855469e+02
3.929999923706054688e+02 3.353993225097656250e+02 1.754427528381347656e+02
3.929999923706054688e+02 3.359999847412109375e+02 1.750584983825683594e+02
3.935531616210937500e+02 3.354875946044921875e+02 1.754930686950683594e+02
3.939318847656250000e+02 3.359352493286132812e+02 1.752604103088378906e+02
3.942198562622070312e+02 3.355587768554687500e+02 1.755358314514160156e+02
3.950000000000000000e+02 3.361231994628906250e+02 1.752678108215332031e+02
3.939999771118164062e+02 3.367683410644531250e+02 1.747057151794433594e+02
3.929999923706054688e+02 3.366505050659179688e+02 1.746157455444335938e+02
3.939999771118164062e+02 3.372683334350585938e+02 1.743122482299804688e+02
3.950000000000000000e+02 3.368498611450195312e+02 1.747678184509277344e+02
3.950000000000000000e+02 3.373498535156250000e+02 1.743784713745117188e+02
3.950000000000000000e+02 3.379243850708007812e+02 1.738784790039062500e+02
3.959999847412109375e+02 3.374031829833984375e+02 1.744221878051757812e+02
3.959999847412109375e+02 3.379756546020507812e+02 1.739221763610839844e+02
3.959999847412109375e+02 3.384756469726562500e+02 1.734756469726562500e+02
3.970000076293945312e+02 3.379900741577148438e+02 1.739347839355468750e+02
3.970000076293945312e+02 3.384900665283203125e+02 1.734900665283203125e+02
3.979999923706054688e+02 3.379562377929687500e+02 1.739068222045898438e+02
3.979999923706054688e+02 3.384562301635742188e+02 1.734562492370605469e+02
3.989999771118164062e+02 3.378851699829101562e+02 1.738463592529296875e+02
3.970000076293945312e+02 3.389347839355468750e+02 1.729900550842285156e+02
3.959999847412109375e+02 3.389221954345703125e+02 1.729756546020507812e+02
3.950000000000000000e+02 3.388784790039062500e+02 1.729244041442871094e+02
3.959999847412109375e+02 3.394221878051757812e+02 1.724032020568847656e+02
3.950000000000000000e+02 3.393784713745117188e+02 1.723498535156250000e+02
3.939999771118164062e+02 3.393122482299804688e+02 1.722683525085449219e+02
3.939999771118164062e+02 3.388122558593750000e+02 1.728485679626464844e+02
3.929999923706054688e+02 3.392162322998046875e+02 1.721505165100097656e+02
3.919997024536132812e+02 3.391490554809570312e+02 1.719327354431152344e+02
3.929999923706054688e+02 3.387162399291992188e+02 1.727410316467285156e+02
3.929999923706054688e+02 3.396157455444335938e+02 1.716505050659179688e+02
3.923328399658203125e+02 3.395421981811523438e+02 1.715545654296875000e+02
3.919997024536132812e+02 3.397905731201171875e+02 1.710637855529785156e+02
3.909999847412109375e+02 3.396973800659179688e+02 1.707933235168457031e+02
3.916661834716796875e+02 3.394574356079101562e+02 1.714396667480468750e+02
3.920000076293945312e+02 3.403316116333007812e+02 1.701873207092285156e+02
3.920000076293945312e+02 3.405973052978515625e+02 1.696873092651367188e+02
3.910397720336914062e+02 3.402158355712890625e+02 1.699335861206054688e+02
3.899779891967773438e+02 3.397887420654296875e+02 1.700461578369140625e+02
3.907329940795898438e+02 3.404299163818359375e+02 1.693501281738281250e+02
3.913996505737304688e+02 3.405298233032226562e+02 1.695559883117675781e+02
3.910397720336914062e+02 3.406742095947265625e+02 1.690100669860839844e+02
3.920000076293945312e+02 3.409128952026367188e+02 1.689999961853027344e+02
3.902717208862304688e+02 3.405836486816406250e+02 1.686834526062011719e+02
3.909999847412109375e+02 3.410752487182617188e+02 1.679999923706054688e+02
3.899630355834960938e+02 3.407260131835937500e+02 1.680384063720703125e+02
3.909681701660156250e+02 3.413843917846679688e+02 1.670307922363281250e+02
3.919928741455078125e+02 3.413325500488281250e+02 1.679598999023437500e+02
3.923214340209960938e+02 3.415378189086914062e+02 1.675998306274414062e+02
3.929999923706054688e+02 3.414053726196289062e+02 1.682534408569335938e+02
3.916547775268554688e+02 3.414667892456054688e+02 1.673846626281738281e+02
3.919928741455078125e+02 3.416397094726562500e+02 1.670307922363281250e+02
3.912802505493164062e+02 3.415618133544921875e+02 1.667180061340332031e+02
3.920000076293945312e+02 3.419171905517578125e+02 1.659999847412109375e+02
3.929999923706054688e+02 3.418340301513671875e+02 1.669999885559082031e+02
3.929999923706054688e+02 3.421018218994140625e+02 1.659999847412109375e+02
3.929999923706054688e+02 3.415958786010742188e+02 1.677534294128417969e+02
3.939999771118164062e+02 3.419685363769531250e+02 1.669999885559082031e+02
3.939999771118164062e+02 3.422351074218750000e+02 1.659999847412109375e+02
3.940915298461914062e+02 3.416316986083984375e+02 1.680428504943847656e+02
3.950000000000000000e+02 3.420614624023437500e+02 1.669999885559082031e+02
3.950000000000000000e+02 3.423294830322265625e+02 1.659999847412109375e+02
3.959999847412109375e+02 3.420964431762695312e+02 1.669999885559082031e+02
3.970000076293945312e+02 3.420737457275390625e+02 1.669999885559082031e+02
3.959999847412109375e+02 3.423627471923828125e+02 1.659999847412109375e+02
3.959999847412109375e+02 3.424929428100585938e+02 1.654599571228027344e+02
3.970000076293945312e+02 3.423297119140625000e+02 1.659999847412109375e+02
3.979999923706054688e+02 3.422432708740234375e+02 1.659999847412109375e+02
3.970000076293945312e+02 3.424735641479492188e+02 1.653423690795898438e+02
3.970000076293945312e+02 3.425581741333007812e+02 1.648423576354980469e+02
3.980231857299804688e+02 3.424311447143554688e+02 1.649961280822753906e+02
3.983719635009765625e+02 3.424833679199218750e+02 1.643684577941894531e+02
3.977053070068359375e+02 3.425263977050781250e+02 1.646602249145507812e+02
3.989999771118164062e+02 3.422737503051757812e+02 1.650000000000000000e+02
3.989999771118164062e+02 3.420920944213867188e+02 1.659999847412109375e+02
4.000000000000000000e+02 3.420439910888671875e+02 1.650000000000000000e+02
3.989727020263671875e+02 3.424138259887695312e+02 1.640210723876953125e+02
3.992572784423828125e+02 3.424475479125976562e+02 1.629999923706054688e+02
3.986211776733398438e+02 3.425252532958984375e+02 1.637018013000488281e+02
4.000000000000000000e+02 3.421726226806640625e+02 1.639999961853027344e+02
4.000000000000000000e+02 3.422507476806640625e+02 1.629999923706054688e+02
4.009999847412109375e+02 3.418433761596679688e+02 1.639999961853027344e+02
4.009999847412109375e+02 3.419062423706054688e+02 1.629999923706054688e+02
4.010820007324218750e+02 3.416862487792968750e+02 1.650521850585937500e+02
4.016620635986328125e+02 3.415755081176757812e+02 1.639999961853027344e+02
4.017190170288085938e+02 3.416030502319335938e+02 1.629999923706054688e+02
4.021620559692382812e+02 3.413405609130859375e+02 1.639999961853027344e+02
4.015777206420898438e+02 3.415361022949218750e+02 1.647536468505859375e+02
4.019466018676757812e+02 3.413210296630859375e+02 1.650521850585937500e+02
4.014699935913085938e+02 3.414885330200195312e+02 1.654203224182128906e+02
4.020000076293945312e+02 3.411371612548828125e+02 1.659999847412109375e+02
4.030832290649414062e+02 3.407474136352539062e+02 1.650350379943847656e+02
4.029999923706054688e+02 3.409109497070312500e+02 1.639999961853027344e+02
4.028723907470703125e+02 3.407036209106445312e+02 1.659999847412109375e+02
4.034720611572265625e+02 3.404841613769531250e+02 1.653917312622070312e+02
4.035504913330078125e+02 3.405324554443359375e+02 1.647250556945800781e+02
4.036117172241210938e+02 3.405703735351562500e+02 1.639999961853027344e+02
4.039302825927734375e+02 3.402353286743164062e+02 1.650350379943847656e+02
4.041117095947265625e+02 3.402468490600585938e+02 1.639999961853027344e+02
4.039999771118164062e+02 3.400178527832031250e+02 1.659999847412109375e+02
4.047274017333984375e+02 3.396810150146484375e+02 1.650000000000000000e+02
4.048107147216796875e+02 3.397468185424804688e+02 1.639999961853027344e+02
4.052274322509765625e+02 3.392720413208007812e+02 1.650000000000000000e+02
4.046130371093750000e+02 3.395899963378906250e+02 1.659999847412109375e+02
4.051130294799804688e+02 3.391769790649414062e+02 1.659999847412109375e+02
4.045315933227539062e+02 3.395251846313476562e+02 1.665959739685058594e+02
4.050101089477539062e+02 3.390093994140625000e+02 1.670299911499023438e+02
4.040483856201171875e+02 3.397703170776367188e+02 1.669575691223144531e+02
4.031793212890625000e+02 3.403189849853515625e+02 1.669999885559082031e+02
4.037658691406250000e+02 3.396850585937500000e+02 1.679999923706054688e+02
4.044139862060546875e+02 3.394371795654296875e+02 1.672626304626464844e+02
4.042658615112304688e+02 3.393304061889648438e+02 1.679999923706054688e+02
4.048936843872070312e+02 3.388304138183593750e+02 1.679999923706054688e+02
4.053936767578125000e+02 3.384031295776367188e+02 1.679999923706054688e+02
4.054886627197265625e+02 3.384897232055664062e+02 1.674640274047851562e+02
4.036071777343750000e+02 3.395743942260742188e+02 1.686908149719238281e+02
4.029287719726562500e+02 3.402059936523437500e+02 1.679550552368164062e+02
4.023434066772460938e+02 3.404299163818359375e+02 1.682584381103515625e+02
4.025479507446289062e+02 3.405263519287109375e+02 1.675917625427246094e+02
4.026793289184570312e+02 3.405982971191406250e+02 1.669999885559082031e+02
4.020060348510742188e+02 3.406679153442382812e+02 1.679550552368164062e+02
4.020000076293945312e+02 3.409226989746093750e+02 1.669999885559082031e+02
4.009999847412109375e+02 3.410531997680664062e+02 1.679999923706054688e+02
4.016767120361328125e+02 3.405772018432617188e+02 1.687027931213378906e+02
4.010121536254882812e+02 3.406983566284179688e+02 1.690216827392578125e+02
4.013536071777343750e+02 3.404493331909179688e+02 1.693694686889648438e+02
4.006869125366210938e+02 3.405634307861328125e+02 1.696328544616699219e+02
4.000000000000000000e+02 3.410018539428710938e+02 1.689999961853027344e+02
3.989999771118164062e+02 3.411984252929687500e+02 1.689999961853027344e+02
4.000108337402343750e+02 3.413534927368164062e+02 1.679884147644042969e+02
4.000000000000000000e+02 3.406555557250976562e+02 1.698296165466308594e+02
4.003514099121093750e+02 3.414607238769531250e+02 1.673458671569824219e+02
3.996847534179687500e+02 3.415481185913085938e+02 1.676473617553710938e+02
3.989999771118164062e+02 3.414468383789062500e+02 1.683409500122070312e+02
3.983876419067382812e+02 3.414906692504882812e+02 1.684738922119140625e+02
3.989999771118164062e+02 3.416160583496093750e+02 1.678409385681152344e+02
3.989999771118164062e+02 3.418602371215820312e+02 1.669999885559082031e+02
3.980325698852539062e+02 3.416582870483398438e+02 1.680843353271484375e+02
3.979999923706054688e+02 3.420011138916015625e+02 1.669999885559082031e+02
4.000108337402343750e+02 3.416352081298828125e+02 1.670075225830078125e+02
4.006242752075195312e+02 3.415451812744140625e+02 1.666791915893554688e+02
4.000000000000000000e+02 3.418673706054687500e+02 1.659999847412109375e+02
4.008206939697265625e+02 3.416183471679687500e+02 1.659999847412109375e+02
4.013206863403320312e+02 3.414335632324218750e+02 1.659999847412109375e+02
4.009745788574218750e+02 3.413359832763671875e+02 1.670075225830078125e+02
4.033723831176757812e+02 3.404278564453125000e+02 1.659999847412109375e+02
4.055892181396484375e+02 3.385816574096679688e+02 1.667973518371582031e+02
4.056927490234375000e+02 3.386769866943359375e+02 1.659999847412109375e+02
4.057957839965820312e+02 3.387720489501953125e+02 1.650000000000000000e+02
4.061927795410156250e+02 3.381859207153320312e+02 1.659999847412109375e+02
4.062957763671875000e+02 3.382921218872070312e+02 1.650000000000000000e+02
4.066661071777343750e+02 3.376858901977539062e+02 1.659999847412109375e+02
4.067630767822265625e+02 3.377920913696289062e+02 1.650000000000000000e+02
4.068366622924804688e+02 3.378716659545898438e+02 1.639999961853027344e+02
4.072630691528320312e+02 3.372073745727539062e+02 1.650000000000000000e+02
4.073366546630859375e+02 3.372999572753906250e+02 1.639999961853027344e+02
4.076597595214843750e+02 3.367073822021484375e+02 1.650000000000000000e+02
4.077328109741210938e+02 3.367999649047851562e+02 1.639999961853027344e+02
4.077821731567382812e+02 3.368622207641601562e+02 1.629999923706054688e+02
4.078033447265625000e+02 3.368890380859375000e+02 1.619999885559082031e+02
4.073868942260742188e+02 3.373622131347656250e+02 1.629999923706054688e+02
4.074085998535156250e+02 3.373890686035156250e+02 1.619999885559082031e+02
4.068869018554687500e+02 3.379255676269531250e+02 1.629999923706054688e+02
4.069086074829101562e+02 3.379476165771484375e+02 1.619999885559082031e+02
4.064257431030273438e+02 3.384255599975585938e+02 1.629999923706054688e+02
4.064473342895507812e+02 3.384476470947265625e+02 1.619999885559082031e+02
4.059257507324218750e+02 3.388872909545898438e+02 1.629999923706054688e+02
4.063729476928710938e+02 3.383716583251953125e+02 1.639999961853027344e+02
4.058729553222656250e+02 3.388418579101562500e+02 1.639999961853027344e+02
4.053107070922851562e+02 3.393418502807617188e+02 1.639999961853027344e+02
4.053637313842773438e+02 3.393872833251953125e+02 1.629999923706054688e+02
4.053826522827148438e+02 3.394040679931640625e+02 1.619999885559082031e+02
4.048637008666992188e+02 3.397855377197265625e+02 1.629999923706054688e+02
4.048826217651367188e+02 3.397969436645507812e+02 1.619999885559082031e+02
4.041604614257812500e+02 3.402855300903320312e+02 1.629999923706054688e+02
4.041716766357421875e+02 3.402969741821289062e+02 1.619999885559082031e+02
4.036604690551757812e+02 3.405984115600585938e+02 1.629999923706054688e+02
4.029999923706054688e+02 3.409643173217773438e+02 1.629999923706054688e+02
4.036716842651367188e+02 3.406035232543945312e+02 1.619999885559082031e+02
4.029999923706054688e+02 3.409725189208984375e+02 1.619999885559082031e+02
4.036414337158203125e+02 3.405852890014648438e+02 1.609999847412109375e+02
4.035752105712890625e+02 3.405455017089843750e+02 1.601832771301269531e+02
4.041414642333984375e+02 3.402787399291992188e+02 1.609999847412109375e+02
4.029999923706054688e+02 3.409373092651367188e+02 1.609999847412109375e+02
4.030973815917968750e+02 3.407682418823242188e+02 1.599099636077880859e+02
4.021823120117187500e+02 3.413520050048828125e+02 1.609999847412109375e+02
4.016823196411132812e+02 3.415840530395507812e+02 1.609999847412109375e+02
4.022246170043945312e+02 3.413689804077148438e+02 1.619999885559082031e+02
4.019583129882812500e+02 3.413387298583984375e+02 1.599149990081787109e+02
4.020000076293945312e+02 3.411648178100585938e+02 1.590000057220458984e+02
4.014910125732421875e+02 3.414963531494140625e+02 1.595249938964843750e+02
4.015972137451171875e+02 3.415444183349609375e+02 1.601916503906250000e+02
4.010945892333984375e+02 3.417091751098632812e+02 1.599149990081787109e+02
4.008660507202148438e+02 3.416436767578125000e+02 1.590000057220458984e+02
4.009999847412109375e+02 3.418684768676757812e+02 1.609999847412109375e+02
4.000000000000000000e+02 3.421010589599609375e+02 1.600000000000000000e+02
4.000000000000000000e+02 3.419318389892578125e+02 1.590000057220458984e+02
4.000000000000000000e+02 3.422153854370117188e+02 1.609999847412109375e+02
3.989367675781250000e+02 3.423765563964843750e+02 1.600457191467285156e+02
3.982571411132812500e+02 3.424637222290039062e+02 1.597428607940673828e+02
3.989999771118164062e+02 3.421875381469726562e+02 1.590000057220458984e+02
3.985613250732421875e+02 3.425134277343750000e+02 1.604095268249511719e+02
3.991903305053710938e+02 3.424309539794921875e+02 1.609999847412109375e+02
3.986902999877929688e+02 3.425424957275390625e+02 1.609999847412109375e+02
3.993107223510742188e+02 3.424569320678710938e+02 1.619999885559082031e+02
3.988107299804687500e+02 3.425694656372070312e+02 1.619999885559082031e+02
4.000000000000000000e+02 3.422655487060546875e+02 1.619999885559082031e+02
4.009999847412109375e+02 3.419139862060546875e+02 1.619999885559082031e+02
4.017246246337890625e+02 3.416053771972656250e+02 1.619999885559082031e+02
3.987572479248046875e+02 3.425559997558593750e+02 1.629999923706054688e+02
3.979999923706054688e+02 3.427141189575195312e+02 1.619999885559082031e+02
3.970000076293945312e+02 3.428441238403320312e+02 1.619999885559082031e+02
3.979999923706054688e+02 3.426596069335937500e+02 1.609999847412109375e+02
3.979999923706054688e+02 3.426832962036132812e+02 1.629999923706054688e+02
3.980231857299804688e+02 3.425732803344726562e+02 1.640210723876953125e+02
3.970000076293945312e+02 3.428025436401367188e+02 1.629999923706054688e+02
3.959999847412109375e+02 3.428585052490234375e+02 1.629999923706054688e+02
3.970000076293945312e+02 3.426860427856445312e+02 1.639999961853027344e+02
3.959999847412109375e+02 3.427327346801757812e+02 1.639999961853027344e+02
3.950000000000000000e+02 3.427053070068359375e+02 1.639999961853027344e+02
3.959999847412109375e+02 3.425797653198242188e+02 1.649599456787109375e+02
3.950000000000000000e+02 3.425666046142578125e+02 1.648760032653808594e+02
3.942093276977539062e+02 3.425336456298828125e+02 1.646843147277832031e+02
3.950000000000000000e+02 3.424772262573242188e+02 1.653759956359863281e+02
3.939255905151367188e+02 3.424409866333007812e+02 1.650105857849121094e+02
3.929999923706054688e+02 3.423181915283203125e+02 1.650000000000000000e+02
3.935426712036132812e+02 3.424950027465820312e+02 1.644641685485839844e+02
3.929416656494140625e+02 3.424570465087890625e+02 1.640784835815429688e+02
3.939255905151367188e+02 3.425933456420898438e+02 1.640784835815429688e+02
3.932361602783203125e+02 3.425409698486328125e+02 1.637974929809570312e+02
3.939999771118164062e+02 3.427336502075195312e+02 1.629999923706054688e+02
3.929416656494140625e+02 3.425803756713867188e+02 1.630293273925781250e+02
3.939999771118164062e+02 3.427932357788085938e+02 1.619999885559082031e+02
3.950000000000000000e+02 3.428313446044921875e+02 1.629999923706054688e+02
3.950000000000000000e+02 3.428904342651367188e+02 1.619999885559082031e+02
3.950000000000000000e+02 3.428436660766601562e+02 1.609999847412109375e+02
3.959999847412109375e+02 3.429110336303710938e+02 1.619999885559082031e+02
3.959999847412109375e+02 3.428585052490234375e+02 1.609999847412109375e+02
3.959999847412109375e+02 3.427327346801757812e+02 1.600000000000000000e+02
3.970000076293945312e+02 3.427901077270507812e+02 1.609999847412109375e+02
3.970000076293945312e+02 3.426675033569335938e+02 1.600000000000000000e+02
3.970000076293945312e+02 3.425468444824218750e+02 1.592446899414062500e+02
3.979542922973632812e+02 3.425536727905273438e+02 1.600457191467285156e+02
3.975904846191406250e+02 3.425134277343750000e+02 1.594273090362548828e+02
3.979542922973632812e+02 3.423905181884765625e+02 1.590563869476318359e+02
3.970000076293945312e+02 3.424546051025390625e+02 1.587446975708007812e+02
3.979999923706054688e+02 3.421545028686523438e+02 1.580000019073486328e+02
3.970000076293945312e+02 3.422797012329101562e+02 1.580000019073486328e+02
3.979999923706054688e+02 3.418770217895507812e+02 1.569999980926513672e+02
3.989999771118164062e+02 3.419674301147460938e+02 1.580000019073486328e+02
3.990311813354492188e+02 3.416666793823242188e+02 1.569518375396728516e+02
4.000567626953125000e+02 3.416799545288085938e+02 1.579493522644042969e+02
4.004279327392578125e+02 3.414787292480468750e+02 1.575822544097900391e+02
3.997612380981445312e+02 3.415755462646484375e+02 1.572530651092529297e+02
4.006637191772460938e+02 3.415638732910156250e+02 1.582489204406738281e+02
4.009982299804687500e+02 3.413567352294921875e+02 1.579493522644042969e+02
4.009999847412109375e+02 3.410871505737304688e+02 1.569999980926513672e+02
4.013660430908203125e+02 3.414468002319335938e+02 1.590000057220458984e+02
4.020000076293945312e+02 3.409436035156250000e+02 1.580000019073486328e+02
4.020001220703125000e+02 3.406747817993164062e+02 1.570468807220458984e+02
4.026971435546875000e+02 3.406067276000976562e+02 1.580000019073486328e+02
4.031971740722656250e+02 3.403318405151367188e+02 1.580000019073486328e+02
4.025528717041015625e+02 3.405288696289062500e+02 1.574114608764648438e+02
4.029042434692382812e+02 3.407180023193359375e+02 1.590000057220458984e+02
4.034042358398437500e+02 3.404468536376953125e+02 1.590000057220458984e+02
4.034956359863281250e+02 3.404975509643554688e+02 1.595166110992431641e+02
4.039999771118164062e+02 3.400806427001953125e+02 1.590000057220458984e+02
4.040638351440429688e+02 3.397978591918945312e+02 1.579852676391601562e+02
4.039451217651367188e+02 3.402774810791015625e+02 1.599099636077880859e+02
4.046763610839843750e+02 3.396337509155273438e+02 1.590000057220458984e+02
4.047932434082031250e+02 3.397236633300781250e+02 1.600000000000000000e+02
4.051763534545898438e+02 3.392432022094726562e+02 1.590000057220458984e+02
4.045710754394531250e+02 3.395539855957031250e+02 1.583087730407714844e+02
4.049426269531250000e+02 3.391682815551757812e+02 1.579852676391601562e+02
4.044397354125976562e+02 3.394590759277343750e+02 1.576421070098876953e+02
4.050302124023437500e+02 3.387966537475585938e+02 1.570534038543701172e+02
4.056327819824218750e+02 3.386160659790039062e+02 1.580000019073486328e+02
4.061327743530273438e+02 3.381478500366210938e+02 1.580000019073486328e+02
4.055334472656250000e+02 3.385292053222656250e+02 1.574223423004150391e+02
4.057765960693359375e+02 3.387432098388671875e+02 1.590000057220458984e+02
4.062766265869140625e+02 3.382850265502929688e+02 1.590000057220458984e+02
4.058772277832031250e+02 3.388348007202148438e+02 1.600000000000000000e+02
4.063772201538085938e+02 3.383810043334960938e+02 1.600000000000000000e+02
4.052932357788085938e+02 3.393348312377929688e+02 1.600000000000000000e+02
4.059328460693359375e+02 3.388880920410156250e+02 1.609999847412109375e+02
4.053617477416992188e+02 3.393880844116210938e+02 1.609999847412109375e+02
4.064328384399414062e+02 3.384339141845703125e+02 1.609999847412109375e+02
4.059473419189453125e+02 3.389040756225585938e+02 1.619999885559082031e+02
4.068994522094726562e+02 3.379339218139648438e+02 1.609999847412109375e+02
4.073994445800781250e+02 3.373791885375976562e+02 1.609999847412109375e+02
4.068558883666992188e+02 3.378810119628906250e+02 1.600000000000000000e+02
4.067683792114257812e+02 3.377850341796875000e+02 1.590000057220458984e+02
4.073558807373046875e+02 3.373295974731445312e+02 1.600000000000000000e+02
4.072683715820312500e+02 3.372285461425781250e+02 1.590000057220458984e+02
4.077618026733398438e+02 3.368296051025390625e+02 1.600000000000000000e+02
4.076834106445312500e+02 3.367285156250000000e+02 1.590000057220458984e+02
4.077975463867187500e+02 3.368791961669921875e+02 1.609999847412109375e+02
4.075882339477539062e+02 3.366093063354492188e+02 1.581822586059570312e+02
4.072087097167968750e+02 3.369655990600585938e+02 1.579093551635742188e+02
4.078786087036132812e+02 3.360963821411132812e+02 1.579093551635742188e+02
4.077610397338867188e+02 3.358700561523437500e+02 1.569999980926513672e+02
4.074955368041992188e+02 3.364939880371093750e+02 1.575155925750732422e+02
4.074022293090820312e+02 3.363700866699218750e+02 1.569999980926513672e+02
4.072452926635742188e+02 3.359996414184570312e+02 1.559308528900146484e+02
4.068480682373046875e+02 3.370426940917968750e+02 1.570330142974853516e+02
4.066984558105468750e+02 3.367274856567382812e+02 1.560000038146972656e+02
4.065437698364257812e+02 3.375462722778320312e+02 1.573883533477783203e+02
4.064105606079101562e+02 3.374045181274414062e+02 1.567216873168945312e+02
4.062429046630859375e+02 3.372274780273437500e+02 1.560000038146972656e+02
4.059720230102539062e+02 3.379737854003906250e+02 1.570720195770263672e+02
4.053836822509765625e+02 3.384012603759765625e+02 1.567556762695312500e+02
4.057429122924804688e+02 3.377330017089843750e+02 1.560000038146972656e+02
4.055799484252929688e+02 3.375760650634765625e+02 1.553682327270507812e+02
4.051848220825195312e+02 3.382329940795898438e+02 1.560000038146972656e+02
4.049483871459960938e+02 3.379564666748046875e+02 1.550793361663818359e+02
4.046848297119140625e+02 3.386472320556640625e+02 1.560000038146972656e+02
4.045294189453125000e+02 3.385234832763671875e+02 1.554571151733398438e+02
4.039597702026367188e+02 3.391707992553710938e+02 1.560072612762451172e+02
4.039638137817382812e+02 3.387110519409179688e+02 1.550742721557617188e+02
4.035996246337890625e+02 3.395661544799804688e+02 1.563454341888427734e+02
4.042795181274414062e+02 3.393489456176757812e+02 1.569999980926513672e+02
4.033684921264648438e+02 3.394216918945312500e+02 1.556787681579589844e+02
4.030210876464843750e+02 3.392591094970703125e+02 1.549686908721923828e+02
4.030210876464843750e+02 3.397610473632812500e+02 1.560072612762451172e+02
4.027018356323242188e+02 3.396165466308593750e+02 1.552811527252197266e+02
4.020001220703125000e+02 3.402882385253906250e+02 1.559808254241943359e+02
4.029317092895507812e+02 3.401976394653320312e+02 1.570468807220458984e+02
4.023335647583007812e+02 3.404190063476562500e+02 1.567447948455810547e+02
4.037794876098632812e+02 3.396827697753906250e+02 1.569999980926513672e+02
4.020267868041992188e+02 3.398006057739257812e+02 1.549686908721923828e+02
4.013652801513671875e+02 3.404447937011718750e+02 1.556347179412841797e+02
4.016668701171875000e+02 3.405792999267578125e+02 1.563013839721679688e+02
4.010191726684570312e+02 3.407201766967773438e+02 1.559808254241943359e+02
4.006986236572265625e+02 3.405792999267578125e+02 1.553411197662353516e+02
4.000000000000000000e+02 3.410796356201171875e+02 1.560000038146972656e+02
3.990311813354492188e+02 3.413442993164062500e+02 1.560208129882812500e+02
3.999298858642578125e+02 3.406642150878906250e+02 1.550046730041503906e+02
4.000567626953125000e+02 3.413961410522460938e+02 1.569518375396728516e+02
3.993852996826171875e+02 3.414731216430664062e+02 1.565863990783691406e+02
3.989999771118164062e+02 3.409107589721679688e+02 1.550000000000000000e+02
4.002164840698242188e+02 3.404102706909179688e+02 1.546744537353515625e+02
3.995498275756835938e+02 3.405155944824218750e+02 1.544733810424804688e+02
3.999298858642578125e+02 3.401593399047851562e+02 1.540840244293212891e+02
3.989999771118164062e+02 3.405852127075195312e+02 1.543518829345703125e+02
3.979999923706054688e+02 3.406839752197265625e+02 1.541756916046142578e+02
3.989999771118164062e+02 3.402882003784179688e+02 1.538518810272216797e+02
3.979999923706054688e+02 3.403953933715820312e+02 1.536756896972656250e+02
3.989999771118164062e+02 3.397882080078125000e+02 1.531078052520751953e+02
3.980715560913085938e+02 3.398461151123046875e+02 1.529064655303955078e+02
3.989999771118164062e+02 3.394157409667968750e+02 1.526078033447265625e+02
4.000000000000000000e+02 3.396414566040039062e+02 1.533083248138427734e+02
4.000000000000000000e+02 3.392592620849609375e+02 1.528083229064941406e+02
4.005944061279296875e+02 3.395406341552734375e+02 1.534447956085205078e+02
4.010097885131835938e+02 3.390056228637695312e+02 1.529931449890136719e+02
4.009566497802734375e+02 3.397343444824218750e+02 1.539970493316650391e+02
4.012611007690429688e+02 3.393949508666992188e+02 1.536617469787597656e+02
4.010191726684570312e+02 3.402768325805664062e+02 1.550046730041503906e+02
4.017113113403320312e+02 3.396063613891601562e+02 1.543284130096435547e+02
4.020267868041992188e+02 3.392310333251953125e+02 1.539970493316650391e+02
4.020000076293945312e+02 3.387110519409179688e+02 1.532301235198974609e+02
4.023779678344726562e+02 3.394369506835937500e+02 1.546144866943359375e+02
4.029519653320312500e+02 3.387379837036132812e+02 1.540338325500488281e+02
4.032532882690429688e+02 3.383444976806640625e+02 1.537230491638183594e+02
4.025866317749023438e+02 3.385531234741210938e+02 1.534320163726806641e+02
4.036063385009765625e+02 3.385732269287109375e+02 1.543897151947021484e+02
4.040080642700195312e+02 3.380073547363281250e+02 1.539911937713623047e+02
4.044098281860351562e+02 3.374274444580078125e+02 1.535926818847656250e+02
4.037431335449218750e+02 3.376778411865234375e+02 1.532852363586425781e+02
4.042730331420898438e+02 3.383369064331054688e+02 1.547904491424560547e+02
4.047006988525390625e+02 3.376702499389648438e+02 1.542593479156494141e+02
4.050704956054687500e+02 3.370679473876953125e+02 1.539155101776123047e+02
4.054402923583984375e+02 3.364369201660156250e+02 1.535716819763183594e+02
4.047736358642578125e+02 3.367607879638671875e+02 1.532137870788574219e+02
4.053673553466796875e+02 3.373751068115234375e+02 1.547015666961669922e+02
4.056999588012695312e+02 3.367084503173828125e+02 1.542383480072021484e+02
4.059732818603515625e+02 3.369702911376953125e+02 1.550486755371093750e+02
4.060504913330078125e+02 3.360561752319335938e+02 1.539360332489013672e+02
4.064009857177734375e+02 3.353662872314453125e+02 1.536337184906005859e+02
4.057343292236328125e+02 3.357702636718750000e+02 1.532297229766845703e+02
4.066358566284179688e+02 3.356754302978515625e+02 1.543003845214843750e+02
4.063666534423828125e+02 3.363420867919921875e+02 1.547291183471679688e+02
4.068023681640625000e+02 3.360052490234375000e+02 1.550374698638916016e+02
4.065571594238281250e+02 3.365654373168945312e+02 1.553957939147949219e+02
4.073350906372070312e+02 3.352478027343750000e+02 1.550000000000000000e+02
4.069691848754882812e+02 3.349486160278320312e+02 1.540513801574707031e+02
4.074775695800781250e+02 3.354661178588867188e+02 1.555514144897460938e+02
4.076556396484375000e+02 3.347478103637695312e+02 1.550000000000000000e+02
4.075194168090820312e+02 3.345309448242187500e+02 1.544690513610839844e+02
4.078759384155273438e+02 3.350796890258789062e+02 1.559308528900146484e+02
4.076182174682617188e+02 3.356660842895507812e+02 1.562180805206298828e+02
4.076556396484375000e+02 3.339999771118164062e+02 1.542481994628906250e+02
4.073379516601562500e+02 3.339999771118164062e+02 1.537481975555419922e+02
4.078858566284179688e+02 3.330755615234375000e+02 1.539171314239501953e+02
4.074814224243164062e+02 3.334592819213867188e+02 1.535285568237304688e+02
4.076283645629882812e+02 3.327925872802734375e+02 1.533189487457275391e+02
4.072579956054687500e+02 3.330755615234375000e+02 1.529913711547851562e+02
4.077269744873046875e+02 3.319116973876953125e+02 1.529913711547851562e+02
4.073855972290039062e+02 3.321862030029296875e+02 1.526522827148437500e+02
4.075070190429687500e+02 3.315195083618164062e+02 1.524913501739501953e+02
4.069678878784179688e+02 3.319076156616210938e+02 1.520381641387939453e+02
4.075783538818359375e+02 3.309999847412109375e+02 1.524044036865234375e+02
4.071456527709960938e+02 3.309999847412109375e+02 1.519044017791748047e+02
4.072530746459960938e+02 3.300000000000000000e+02 1.517783832550048828e+02
4.066456604003906250e+02 3.309999847412109375e+02 1.513516712188720703e+02
4.061138153076171875e+02 3.309999847412109375e+02 1.508516693115234375e+02
4.067530822753906250e+02 3.300000000000000000e+02 1.512444210052490234e+02
4.065501785278320312e+02 3.316290664672851562e+02 1.514487266540527344e+02
4.059711074829101562e+02 3.319270706176757812e+02 1.510245418548583984e+02
4.055247116088867188e+02 3.315584564208984375e+02 1.504792785644531250e+02
4.053714752197265625e+02 3.322251129150390625e+02 1.506003665924072266e+02
4.057485580444335938e+02 3.329999923706054688e+02 1.512691879272460938e+02
4.064175033569335938e+02 3.322957229614257812e+02 1.515849781036376953e+02
4.062485504150390625e+02 3.329999923706054688e+02 1.517598152160644531e+02
4.059736251831054688e+02 3.339533233642578125e+02 1.520276451110839844e+02
4.067114257812500000e+02 3.329999923706054688e+02 1.522598171234130859e+02
4.065629577636718750e+02 3.336113357543945312e+02 1.524281120300292969e+02
4.068081665039062500e+02 3.339667892456054688e+02 1.529947471618652344e+02
4.063666534423828125e+02 3.342780303955078125e+02 1.526579189300537109e+02
4.066358566284179688e+02 3.346995925903320312e+02 1.533245849609375000e+02
4.060504913330078125e+02 3.350639724731445312e+02 1.529438209533691406e+02
4.056999588012695312e+02 3.347616577148437500e+02 1.522938537597656250e+02
4.054393768310546875e+02 3.354283142089843750e+02 1.525630569458007812e+02
4.050653839111328125e+02 3.350752639770507812e+02 1.519389724731445312e+02
4.051065063476562500e+02 3.361111831665039062e+02 1.528884220123291016e+02
4.047727203369140625e+02 3.357854461669921875e+02 1.522507667541503906e+02
4.044464874267578125e+02 3.364521408081054688e+02 1.525471210479736328e+02
4.040843582153320312e+02 3.360748672485351562e+02 1.519329833984375000e+02
4.040948104858398438e+02 3.370763015747070312e+02 1.529161739349365234e+02
4.033431625366210938e+02 3.373917770385742188e+02 1.526185703277587891e+02
4.037798309326171875e+02 3.367251205444335938e+02 1.522818756103515625e+02
4.029987335205078125e+02 3.369992065429687500e+02 1.519978809356689453e+02
4.026543426513671875e+02 3.366066360473632812e+02 1.514069557189941406e+02
4.033210372924804688e+02 3.363642883300781250e+02 1.516152095794677734e+02
4.026764678955078125e+02 3.376137924194335938e+02 1.523805522918701172e+02
4.020000076293945312e+02 3.373089218139648438e+02 1.516798114776611328e+02
4.020000076293945312e+02 3.368089294433593750e+02 1.512344455718994141e+02
4.020000076293945312e+02 3.378092575073242188e+02 1.521798038482666016e+02
4.014447784423828125e+02 3.374719619750976562e+02 1.515258598327636719e+02
4.010500717163085938e+02 3.370250320434570312e+02 1.509745979309082031e+02
4.011016464233398438e+02 3.380487823486328125e+02 1.519487762451171875e+02
4.007585144042968750e+02 3.386163330078125000e+02 1.523716831207275391e+02
4.014251708984375000e+02 3.384651947021484375e+02 1.525414848327636719e+02
4.000000000000000000e+02 3.382886505126953125e+02 1.517150306701660156e+02
4.007781219482421875e+02 3.376323318481445312e+02 1.513768959045410156e+02
4.000000000000000000e+02 3.377886199951171875e+02 1.512328624725341797e+02
4.000000000000000000e+02 3.372150039672851562e+02 1.507328605651855469e+02
3.989362335205078125e+02 3.380514907836914062e+02 1.511580848693847656e+02
3.980510330200195312e+02 3.379310226440429688e+02 1.508504009246826172e+02
3.989999771118164062e+02 3.373928451538085938e+02 1.505858421325683594e+02
3.985603713989257812e+02 3.385178756713867188e+02 1.514823436737060547e+02
3.992270660400390625e+02 3.384191513061523438e+02 1.515816879272460938e+02
3.989362335205078125e+02 3.388433074951171875e+02 1.519490146636962891e+02
4.000000000000000000e+02 3.387592697143554688e+02 1.522150325775146484e+02
3.980715560913085938e+02 3.391539382934570312e+02 1.520645809173583984e+02
3.979999923706054688e+02 3.385737228393554688e+02 1.514273452758789062e+02
3.977859115600585938e+02 3.395496749877929688e+02 1.524409770965576172e+02
3.984525680541992188e+02 3.394916152954101562e+02 1.525107669830322266e+02
3.970000076293945312e+02 3.391501617431640625e+02 1.518779563903808594e+02
3.970000076293945312e+02 3.386501693725585938e+02 1.513523101806640625e+02
3.970000076293945312e+02 3.396026992797851562e+02 1.523779582977294922e+02
3.959999847412109375e+02 3.391889953613281250e+02 1.518328094482421875e+02
3.959999847412109375e+02 3.386889648437500000e+02 1.513143730163574219e+02
3.959999847412109375e+02 3.396411132812500000e+02 1.523328113555908203e+02
3.950000000000000000e+02 3.391942214965820312e+02 1.518286418914794922e+02
3.939999771118164062e+02 3.391738891601562500e+02 1.518578720092773438e+02
3.950000000000000000e+02 3.386942291259765625e+02 1.513085079193115234e+02
3.950000000000000000e+02 3.396437835693359375e+02 1.523286437988281250e+02
3.949780273437500000e+02 3.402120971679687500e+02 1.530934238433837891e+02
3.939999771118164062e+02 3.396173095703125000e+02 1.523578739166259766e+02
3.939999771118164062e+02 3.400908660888671875e+02 1.530000019073486328e+02
3.929999923706054688e+02 3.395619964599609375e+02 1.524240207672119141e+02
3.929999923706054688e+02 3.391203689575195312e+02 1.519240188598632812e+02
3.924379348754882812e+02 3.395170211791992188e+02 1.524789333343505859e+02
3.929999923706054688e+02 3.399801635742187500e+02 1.530000019073486328e+02
3.920627593994140625e+02 3.397642517089843750e+02 1.529597377777099609e+02
3.929999923706054688e+02 3.404181671142578125e+02 1.536425685882568359e+02
3.920000076293945312e+02 3.403175354003906250e+02 1.538154125213623047e+02
3.929999923706054688e+02 3.406972122192382812e+02 1.541425609588623047e+02
3.939999771118164062e+02 3.404735565185546875e+02 1.535458850860595703e+02
3.939999771118164062e+02 3.407493972778320312e+02 1.540458869934082031e+02
3.946300506591796875e+02 3.404950714111328125e+02 1.535085487365722656e+02
3.949780273437500000e+02 3.407256317138671875e+02 1.539051342010498047e+02
3.952967071533203125e+02 3.405076217651367188e+02 1.534890460968017578e+02
3.950000000000000000e+02 3.412763214111328125e+02 1.549699878692626953e+02
3.960116195678710938e+02 3.407256317138671875e+02 1.539063167572021484e+02
3.963526916503906250e+02 3.404938888549804688e+02 1.535105228424072266e+02
3.956859970092773438e+02 3.405076217651367188e+02 1.534890460968017578e+02
3.959999847412109375e+02 3.412763214111328125e+02 1.549699878692626953e+02
3.970000076293945312e+02 3.407438278198242188e+02 1.540617370605468750e+02
3.970000076293945312e+02 3.404636001586914062e+02 1.535617351531982422e+02
3.969187927246093750e+02 3.412778854370117188e+02 1.550962448120117188e+02
3.965313339233398438e+02 3.415029525756835938e+02 1.554937458038330078e+02
3.971979904174804688e+02 3.414713668823242188e+02 1.555728340148925781e+02
3.979999923706054688e+02 3.411039733886718750e+02 1.550000000000000000e+02
3.979999923706054688e+02 3.414200210571289062e+02 1.557056427001953125e+02
3.979999923706054688e+02 3.416128540039062500e+02 1.562056350708007812e+02
3.969187927246093750e+02 3.416411209106445312e+02 1.559436988830566406e+02
3.987186050415039062e+02 3.415504455566406250e+02 1.563680267333984375e+02
3.970000076293945312e+02 3.419992828369140625e+02 1.569999980926513672e+02
3.959999847412109375e+02 3.417234039306640625e+02 1.560000038146972656e+02
3.950000000000000000e+02 3.417234039306640625e+02 1.560000038146972656e+02
3.959999847412109375e+02 3.415141296386718750e+02 1.554699897766113281e+02
3.959999847412109375e+02 3.420678329467773438e+02 1.569999980926513672e+02
3.950000000000000000e+02 3.420652008056640625e+02 1.569999980926513672e+02
3.959999847412109375e+02 3.423489761352539062e+02 1.580000019073486328e+02
3.950000000000000000e+02 3.423426437377929688e+02 1.580000019073486328e+02
3.959999847412109375e+02 3.424904251098632812e+02 1.585516262054443359e+02
3.959999847412109375e+02 3.425797271728515625e+02 1.590516281127929688e+02
3.950000000000000000e+02 3.424867248535156250e+02 1.585726261138916016e+02
3.939999771118164062e+02 3.424494171142578125e+02 1.587831878662109375e+02
3.950000000000000000e+02 3.425753784179687500e+02 1.590726280212402344e+02
3.939999771118164062e+02 3.425389480590820312e+02 1.592831897735595703e+02
3.950000000000000000e+02 3.427212524414062500e+02 1.600000000000000000e+02
3.939999771118164062e+02 3.426425933837890625e+02 1.600000000000000000e+02
3.939999771118164062e+02 3.427546310424804688e+02 1.609999847412109375e+02
3.932195663452148438e+02 3.425436019897460938e+02 1.600000000000000000e+02
3.927195739746093750e+02 3.424668884277343750e+02 1.600000000000000000e+02
3.934416580200195312e+02 3.425087356567382812e+02 1.594506359100341797e+02
3.929106521606445312e+02 3.425926208496093750e+02 1.609196281433105469e+02
3.923863983154296875e+02 3.425256729125976562e+02 1.611993789672851562e+02
3.929999923706054688e+02 3.426484680175781250e+02 1.619999885559082031e+02
3.925177764892578125e+02 3.424971771240234375e+02 1.605327224731445312e+02
3.920318222045898438e+02 3.424235534667968750e+02 1.609196281433105469e+02
3.909999847412109375e+02 3.421697998046875000e+02 1.609999847412109375e+02
3.918490219116210938e+02 3.424205398559570312e+02 1.619999885559082031e+02
3.920000076293945312e+02 3.423297119140625000e+02 1.600000000000000000e+02
3.909999847412109375e+02 3.420853424072265625e+02 1.600000000000000000e+02
3.920000076293945312e+02 3.421866989135742188e+02 1.590000057220458984e+02
3.909999847412109375e+02 3.419450378417968750e+02 1.590000057220458984e+02
3.920000076293945312e+02 3.419764709472656250e+02 1.580000019073486328e+02
3.930649948120117188e+02 3.423853683471679688e+02 1.590703868865966797e+02
3.929999923706054688e+02 3.421541213989257812e+02 1.580000019073486328e+02
3.929999923706054688e+02 3.418903732299804688e+02 1.569999980926513672e+02
3.939999771118164062e+02 3.422725677490234375e+02 1.580000019073486328e+02
3.939999771118164062e+02 3.420019912719726562e+02 1.569999980926513672e+02
3.940767288208007812e+02 3.416448211669921875e+02 1.559343433380126953e+02
3.929999923706054688e+02 3.416239166259765625e+02 1.561774063110351562e+02
3.937945556640625000e+02 3.414773941040039062e+02 1.555572414398193359e+02
3.944612121582031250e+02 3.415029525756835938e+02 1.554937458038330078e+02
3.940767288208007812e+02 3.412859725952148438e+02 1.550962448120117188e+02
3.950000000000000000e+02 3.415141296386718750e+02 1.554699897766113281e+02
3.929999923706054688e+02 3.411278915405273438e+02 1.550000000000000000e+02
3.920000076293945312e+02 3.409415054321289062e+02 1.550000000000000000e+02
3.929999923706054688e+02 3.414306640625000000e+02 1.556774044036865234e+02
3.919425964355468750e+02 3.413613891601562500e+02 1.560075759887695312e+02
3.909999847412109375e+02 3.411109161376953125e+02 1.560000038146972656e+02
3.915710067749023438e+02 3.414837265014648438e+02 1.565538215637207031e+02
3.922376632690429688e+02 3.415590286254882812e+02 1.563459682464599609e+02
3.919425964355468750e+02 3.416773986816406250e+02 1.569322967529296875e+02
3.912058258056640625e+02 3.415827560424804688e+02 1.572204875946044922e+02
3.909235000610351562e+02 3.414151000976562500e+02 1.569322967529296875e+02
3.909235000610351562e+02 3.416912841796875000e+02 1.579268074035644531e+02
3.903131103515625000e+02 3.415713882446289062e+02 1.582113456726074219e+02
3.905391311645507812e+02 3.414887237548828125e+02 1.575446796417236328e+02
3.899878692626953125e+02 3.413756179809570312e+02 1.579268074035644531e+02
3.896464538574218750e+02 3.414429092407226562e+02 1.588081264495849609e+02
3.889999771118164062e+02 3.409825897216796875e+02 1.580000019073486328e+02
3.900000000000000000e+02 3.411191177368164062e+02 1.569999980926513672e+02
3.889878845214843750e+02 3.406962203979492188e+02 1.570246315002441406e+02
3.899662399291992188e+02 3.407391738891601562e+02 1.559662342071533203e+02
3.896103668212890625e+02 3.404543304443359375e+02 1.556103897094726562e+02
3.902770614624023438e+02 3.405895996093750000e+02 1.553171539306640625e+02
3.893131256103515625e+02 3.405895996093750000e+02 1.562770557403564453e+02
3.889878845214843750e+02 3.402993774414062500e+02 1.559662342071533203e+02
3.889667510986328125e+02 3.398146438598632812e+02 1.549678993225097656e+02
3.886464691162109375e+02 3.404272460937500000e+02 1.567077255249023438e+02
3.879878997802734375e+02 3.397637176513671875e+02 1.560208415985107422e+02
3.874161148071289062e+02 3.395615386962890625e+02 1.563680648803710938e+02
3.876465225219726562e+02 3.394028854370117188e+02 1.557013988494873047e+02
3.883131790161132812e+02 3.396173858642578125e+02 1.552798366546630859e+02
3.880535125732421875e+02 3.402053833007812500e+02 1.570246315002441406e+02
3.877603149414062500e+02 3.403520202636718750e+02 1.580000019073486328e+02
3.884225463867187500e+02 3.405430221557617188e+02 1.573743915557861328e+02
3.872396087646484375e+02 3.396862792968750000e+02 1.569999980926513672e+02
3.869420242309570312e+02 3.398162078857421875e+02 1.579937744140625000e+02
3.867396163940429688e+02 3.393160629272460938e+02 1.569999980926513672e+02
3.869759750366210938e+02 3.390217590332031250e+02 1.559625148773193359e+02
3.861386489868164062e+02 3.388160705566406250e+02 1.569999980926513672e+02
3.865700149536132812e+02 3.394474029541015625e+02 1.576562881469726562e+02
3.859687042236328125e+02 3.390293884277343750e+02 1.579245853424072266e+02
3.853837203979492188e+02 3.386113357543945312e+02 1.581928825378417969e+02
3.855104446411132812e+02 3.384900283813476562e+02 1.575262165069580078e+02
3.858171463012695312e+02 3.392319107055664062e+02 1.590000057220458984e+02
3.864269638061523438e+02 3.395576477050781250e+02 1.583229541778564453e+02
3.863171386718750000e+02 3.396429061889648438e+02 1.590000057220458984e+02
3.861910629272460938e+02 3.397370529174804688e+02 1.600000000000000000e+02
3.870837020874023438e+02 3.401838684082031250e+02 1.590487670898437500e+02
3.869088363647460938e+02 3.402370452880859375e+02 1.600000000000000000e+02
3.874728393554687500e+02 3.405173110961914062e+02 1.594146156311035156e+02
3.875911712646484375e+02 3.404492187500000000e+02 1.587479496002197266e+02
3.879547119140625000e+02 3.407039642333984375e+02 1.590487670898437500e+02
3.882603073120117188e+02 3.406296157836914062e+02 1.580000019073486328e+02
3.879999923706054688e+02 3.408697128295898438e+02 1.600000000000000000e+02
3.890935516357421875e+02 3.412593078613281250e+02 1.590848731994628906e+02
3.889293289184570312e+02 3.413134384155273438e+02 1.600000000000000000e+02
3.894892501831054688e+02 3.415046691894531250e+02 1.594747924804687500e+02
3.894293212890625000e+02 3.415304183959960938e+02 1.600000000000000000e+02
3.899878692626953125e+02 3.416250228881835938e+02 1.590848731994628906e+02
3.900000000000000000e+02 3.417529296875000000e+02 1.600000000000000000e+02
3.900000000000000000e+02 3.418313980102539062e+02 1.609999847412109375e+02
3.893415069580078125e+02 3.415681838989257812e+02 1.609999847412109375e+02
3.900000000000000000e+02 3.418576431274414062e+02 1.619999885559082031e+02
3.900000000000000000e+02 3.418169021606445312e+02 1.629999923706054688e+02
3.909999847412109375e+02 3.421968460083007812e+02 1.619999885559082031e+02
3.893112564086914062e+02 3.415813064575195312e+02 1.619999885559082031e+02
3.888112640380859375e+02 3.413647842407226562e+02 1.619999885559082031e+02
3.893525695800781250e+02 3.415635681152343750e+02 1.629999923706054688e+02
3.888525772094726562e+02 3.413469696044921875e+02 1.629999923706054688e+02
3.894272613525390625e+02 3.415313720703125000e+02 1.637448883056640625e+02
3.890563583374023438e+02 3.413318252563476562e+02 1.640469360351562500e+02
3.899179840087890625e+02 3.416799545288085938e+02 1.640469360351562500e+02
3.895299911499023438e+02 3.414885330200195312e+02 1.644115638732910156e+02
3.901702117919921875e+02 3.416220092773437500e+02 1.650000000000000000e+02
3.909999847412109375e+02 3.420429992675781250e+02 1.639999961853027344e+02
3.909999847412109375e+02 3.421487045288085938e+02 1.629999923706054688e+02
3.909999847412109375e+02 3.418841934204101562e+02 1.650000000000000000e+02
3.920000076293945312e+02 3.422916412353515625e+02 1.639999961853027344e+02
3.920473861694335938e+02 3.424097061157226562e+02 1.630293273925781250e+02
3.920000076293945312e+02 3.421335220336914062e+02 1.650000000000000000e+02
3.924123001098632812e+02 3.425197982788085938e+02 1.627155494689941406e+02
3.925694656372070312e+02 3.424890518188476562e+02 1.633822059631347656e+02
3.923490142822265625e+02 3.425341033935546875e+02 1.619999885559082031e+02
3.909681701660156250e+02 3.416534423828125000e+02 1.660219192504882812e+02
3.903636169433593750e+02 3.415501022338867188e+02 1.657032012939453125e+02
3.906135940551757812e+02 3.414675140380859375e+02 1.663698768615722656e+02
3.900181579589843750e+02 3.413451385498046875e+02 1.660219192504882812e+02
3.889999771118164062e+02 3.409426498413085938e+02 1.659999847412109375e+02
3.896701812744140625e+02 3.414362716674804688e+02 1.650000000000000000e+02
3.900000000000000000e+02 3.410813140869140625e+02 1.669999885559082031e+02
3.889856719970703125e+02 3.406814575195312500e+02 1.669690132141113281e+02
3.884324645996093750e+02 3.405345153808593750e+02 1.666150093078613281e+02
3.886428070068359375e+02 3.404335403442382812e+02 1.672816848754882812e+02
3.893094635009765625e+02 3.405867004394531250e+02 1.677306938171386719e+02
3.889856719970703125e+02 3.403190994262695312e+02 1.680384063720703125e+02
3.879509735107421875e+02 3.397968673706054688e+02 1.680309867858886719e+02
3.896050262451171875e+02 3.404605484008789062e+02 1.683973693847656250e+02
3.889287185668945312e+02 3.398416137695312500e+02 1.690712738037109375e+02
3.882516479492187500e+02 3.396377563476562500e+02 1.687854576110839844e+02
3.892145156860351562e+02 3.396377563476562500e+02 1.697436141967773438e+02
3.899630355834960938e+02 3.403169250488281250e+02 1.690100669860839844e+02
3.885478591918945312e+02 3.394760894775390625e+02 1.694521331787109375e+02
3.879509735107421875e+02 3.393256378173828125e+02 1.690712738037109375e+02
3.889287185668945312e+02 3.393233871459960938e+02 1.700461578369140625e+02
3.879845809936523438e+02 3.388243484497070312e+02 1.700154113769531250e+02
3.890470886230468750e+02 3.387649154663085938e+02 1.709970283508300781e+02
3.896300125122070312e+02 3.394473266601562500e+02 1.704102897644042969e+02
3.899779891967773438e+02 3.392038726806640625e+02 1.709708595275878906e+02
3.900000000000000000e+02 3.386693191528320312e+02 1.717050743103027344e+02
3.902966690063476562e+02 3.395802307128906250e+02 1.706181144714355469e+02
3.909999847412109375e+02 3.393534469604492188e+02 1.712933349609375000e+02
3.910701370239257812e+02 3.387932968139648438e+02 1.720310783386230469e+02
3.907835769653320312e+02 3.383979034423828125e+02 1.723851394653320312e+02
3.914502334594726562e+02 3.385175704956054688e+02 1.725193405151367188e+02
3.911169052124023438e+02 3.379586029052734375e+02 1.729586219787597656e+02
3.920000076293945312e+02 3.385932159423828125e+02 1.726037406921386719e+02
3.920000076293945312e+02 3.381037521362304688e+02 1.731037330627441406e+02
3.920000076293945312e+02 3.376037597656250000e+02 1.735932350158691406e+02
3.929999923706054688e+02 3.382410430908203125e+02 1.732410240173339844e+02
3.929999923706054688e+02 3.377410125732421875e+02 1.737162399291992188e+02
3.939999771118164062e+02 3.383485794067382812e+02 1.733485603332519531e+02
3.939999771118164062e+02 3.378485488891601562e+02 1.738122367858886719e+02
3.950000000000000000e+02 3.384244155883789062e+02 1.734243965148925781e+02
3.929999923706054688e+02 3.371504974365234375e+02 1.742162322998046875e+02
3.919997024536132812e+02 3.369327163696289062e+02 1.741490554809570312e+02
3.916661834716796875e+02 3.364409637451171875e+02 1.744574356079101562e+02
3.923328399658203125e+02 3.365545654296875000e+02 1.745421791076660156e+02
3.910701370239257812e+02 3.370310974121093750e+02 1.737932968139648438e+02
3.900000000000000000e+02 3.367050552368164062e+02 1.736693382263183594e+02
3.909999847412109375e+02 3.362979888916015625e+02 1.743534278869628906e+02
3.907835769653320312e+02 3.373851394653320312e+02 1.733978843688964844e+02
3.914502334594726562e+02 3.375193405151367188e+02 1.735175895690917969e+02
3.900000000000000000e+02 3.372050857543945312e+02 1.732381820678710938e+02
3.890430831909179688e+02 3.369755935668945312e+02 1.729801368713378906e+02
3.900000000000000000e+02 3.377381896972656250e+02 1.727381896972656250e+02
3.900000000000000000e+02 3.382381820678710938e+02 1.722050666809082031e+02
3.893432617187500000e+02 3.375863647460937500e+02 1.725863647460937500e+02
3.890441894531250000e+02 3.379780197143554688e+02 1.719749069213867188e+02
3.887451171875000000e+02 3.383697128295898438e+02 1.713283729553222656e+02
3.894118118286132812e+02 3.385453033447265625e+02 1.715549468994140625e+02
3.881881713867187500e+02 3.377030563354492188e+02 1.717281913757324219e+02
3.886765670776367188e+02 3.373962783813476562e+02 1.723948478698730469e+02
3.878473281860351562e+02 3.371072387695312500e+02 1.721117973327636719e+02
3.870000076293945312e+02 3.367810440063476562e+02 1.717913818359375000e+02
3.881731796264648438e+02 3.367296218872070312e+02 1.727072715759277344e+02
3.875065231323242188e+02 3.364949417114257812e+02 1.724953842163085938e+02
3.875215148925781250e+02 3.374848937988281250e+02 1.714822387695312500e+02
3.869000625610351562e+02 3.373247909545898438e+02 1.710893440246582031e+02
3.879145812988281250e+02 3.380572891235351562e+02 1.710719871520996094e+02
3.876409530639648438e+02 3.384115219116210938e+02 1.703590202331542969e+02
3.871667480468750000e+02 3.377448272705078125e+02 1.708155822753906250e+02
3.883076477050781250e+02 3.386155700683593750e+02 1.706617164611816406e+02
3.869162368774414062e+02 3.380628967285156250e+02 1.700961112976074219e+02
3.866656875610351562e+02 3.383809661865234375e+02 1.692845916748046875e+02
3.873323440551757812e+02 3.386155700683593750e+02 1.696923446655273438e+02
3.862387466430664062e+02 3.377143096923828125e+02 1.698332023620605469e+02
3.865000915527343750e+02 3.374999237060546875e+02 1.704998779296875000e+02
3.859432601928710938e+02 3.372863769531250000e+02 1.700999259948730469e+02
3.852648162841796875e+02 3.367330551147460938e+02 1.700000000000000000e+02
3.855720901489257812e+02 3.374365615844726562e+02 1.693951416015625000e+02
3.860621261596679688e+02 3.367583465576171875e+02 1.709290695190429688e+02
3.864368438720703125e+02 3.365564727783203125e+02 1.715597915649414062e+02
3.857701873779296875e+02 3.362352371215820312e+02 1.712151145935058594e+02
3.854588317871093750e+02 3.365408325195312500e+02 1.705484390258789062e+02
3.851146697998046875e+02 3.358744812011718750e+02 1.708649635314941406e+02
3.844881439208984375e+02 3.355137252807617188e+02 1.705148315429687500e+02
3.847704696655273438e+02 3.351734924316406250e+02 1.711815071105957031e+02
3.847647857666015625e+02 3.362105178833007812e+02 1.700000000000000000e+02
3.854371261596679688e+02 3.355685806274414062e+02 1.715663528442382812e+02
3.851271057128906250e+02 3.348463058471679688e+02 1.718695831298828125e+02
3.861140823364257812e+02 3.358881378173828125e+02 1.718964004516601562e+02
3.857913208007812500e+02 3.351858139038085938e+02 1.722330284118652344e+02
3.864579772949218750e+02 3.355410766601562500e+02 1.725341415405273438e+02
3.870000076293945312e+02 3.362770080566406250e+02 1.722913932800292969e+02
3.870000076293945312e+02 3.357770156860351562e+02 1.727254867553710938e+02
3.878912734985351562e+02 3.360844802856445312e+02 1.730702209472656250e+02
3.869486618041992188e+02 3.350435256958007812e+02 1.732475090026855469e+02
3.865811157226562500e+02 3.344120788574218750e+02 1.734452056884765625e+02
3.860747909545898438e+02 3.349114608764648438e+02 1.726964378356933594e+02
3.872478103637695312e+02 3.347392272949218750e+02 1.736620521545410156e+02
3.876093673706054688e+02 3.354058837890625000e+02 1.734331703186035156e+02
3.880446624755859375e+02 3.349614334106445312e+02 1.739793395996093750e+02
3.878133010864257812e+02 3.341926956176757812e+02 1.743287086486816406e+02
3.884799575805664062e+02 3.345169448852539062e+02 1.745106697082519531e+02
3.882760620117187500e+02 3.356740188598632812e+02 1.736299705505371094e+02
3.889999771118164062e+02 3.352107238769531250e+02 1.743146324157714844e+02
3.889999771118164062e+02 3.347107315063476562e+02 1.746287727355957031e+02
3.890457534790039062e+02 3.360044097900390625e+02 1.737788963317871094e+02
3.896105957031250000e+02 3.354306411743164062e+02 1.744561958312988281e+02
3.899663543701171875e+02 3.350584030151367188e+02 1.748167228698730469e+02
3.899663543701171875e+02 3.359738159179687500e+02 1.742091941833496094e+02
3.902772521972656250e+02 3.356230163574218750e+02 1.745858192443847656e+02
3.909999847412109375e+02 3.357979965209960938e+02 1.747056579589843750e+02
3.919997024536132812e+02 3.360645675659179688e+02 1.747966957092285156e+02
3.899088287353515625e+02 3.340382766723632812e+02 1.753619766235351562e+02
3.895146942138671875e+02 3.334878158569335938e+02 1.754945564270019531e+02
3.889999771118164062e+02 3.339999771118164062e+02 1.750126457214355469e+02
3.880879592895507812e+02 3.339155960083007812e+02 1.746252441406250000e+02
3.889999771118164062e+02 3.332417297363281250e+02 1.753838539123535156e+02
3.889999771118164062e+02 3.327416992187500000e+02 1.756047630310058594e+02
3.880993652343750000e+02 3.329006576538085938e+02 1.751205062866210938e+02
3.872619628906250000e+02 3.329999923706054688e+02 1.746376991271972656e+02
3.878105163574218750e+02 3.320000076293945312e+02 1.753470802307128906e+02
3.884989547729492188e+02 3.325011062622070312e+02 1.755004882812500000e+02
3.883105087280273438e+02 3.320000076293945312e+02 1.755903053283691406e+02
3.879490280151367188e+02 3.310168838500976562e+02 1.757297706604003906e+02
3.889999771118164062e+02 3.320000076293945312e+02 1.758851623535156250e+02
3.890858459472656250e+02 3.309215545654296875e+02 1.762491035461425781e+02
3.900402832031250000e+02 3.319596862792968750e+02 1.762882614135742188e+02
3.897338485717773438e+02 3.312025833129882812e+02 1.764206123352050781e+02
3.904005050659179688e+02 3.315995025634765625e+02 1.765334129333496094e+02
3.900402832031250000e+02 3.309215545654296875e+02 1.765976333618164062e+02
3.909999847412109375e+02 3.309999847412109375e+02 1.768686676025390625e+02
3.894764328002929688e+02 3.305359268188476562e+02 1.765095138549804688e+02
3.900000000000000000e+02 3.300000000000000000e+02 1.767875480651855469e+02
3.900000000000000000e+02 3.289999771118164062e+02 1.769377326965332031e+02
3.909999847412109375e+02 3.300000000000000000e+02 1.770888519287109375e+02
3.893443679809570312e+02 3.300000000000000000e+02 1.765626144409179688e+02
3.888443756103515625e+02 3.300000000000000000e+02 1.763602638244628906e+02
3.891527938842773438e+02 3.289999771118164062e+02 1.766395568847656250e+02
3.886528015136718750e+02 3.289999771118164062e+02 1.764375305175781250e+02
3.890448760986328125e+02 3.279999923706054688e+02 1.766847610473632812e+02
3.900000000000000000e+02 3.279999923706054688e+02 1.770279502868652344e+02
3.885448455810546875e+02 3.279999923706054688e+02 1.764815330505371094e+02
3.890083312988281250e+02 3.270000076293945312e+02 1.766987991333007812e+02
3.885083389282226562e+02 3.270000076293945312e+02 1.764965248107910156e+02
3.890622329711914062e+02 3.259999847412109375e+02 1.766739845275878906e+02
3.900000000000000000e+02 3.270000076293945312e+02 1.770553970336914062e+02
3.900000000000000000e+02 3.259999847412109375e+02 1.770043945312500000e+02
3.910950469970703125e+02 3.270503234863281250e+02 1.773809623718261719e+02
3.909999847412109375e+02 3.259999847412109375e+02 1.772928428649902344e+02
3.910950469970703125e+02 3.279196166992187500e+02 1.773615074157714844e+02
3.914917373657226562e+02 3.274172210693359375e+02 1.775023460388183594e+02
3.915422439575195312e+02 3.267505264282226562e+02 1.774928283691406250e+02
3.919253540039062500e+02 3.270503234863281250e+02 1.775684356689453125e+02
3.917283248901367188e+02 3.259999847412109375e+02 1.774624443054199219e+02
3.920573043823242188e+02 3.250592041015625000e+02 1.773876571655273438e+02
3.922283172607421875e+02 3.259999847412109375e+02 1.775451469421386719e+02
3.924288558959960938e+02 3.254319763183593750e+02 1.775115776062011719e+02
3.929999923706054688e+02 3.259999847412109375e+02 1.776517677307128906e+02
3.929999923706054688e+02 3.252381515502929688e+02 1.775471305847167969e+02
3.929999923706054688e+02 3.270000076293945312e+02 1.777347373962402344e+02
3.939999771118164062e+02 3.259999847412109375e+02 1.777468490600585938e+02
3.940399551391601562e+02 3.249313354492187500e+02 1.775757980346679688e+02
3.939999771118164062e+02 3.270000076293945312e+02 1.778442382812500000e+02
3.950000000000000000e+02 3.259999847412109375e+02 1.777567672729492188e+02
3.950000000000000000e+02 3.270000076293945312e+02 1.778723716735839844e+02
3.959999847412109375e+02 3.259999847412109375e+02 1.776852416992187500e+02
3.949359893798828125e+02 3.249525070190429688e+02 1.775764465332031250e+02
3.939999771118164062e+02 3.279999923706054688e+02 1.778558349609375000e+02
3.929999923706054688e+02 3.279999923706054688e+02 1.777317047119140625e+02
3.939999771118164062e+02 3.289999771118164062e+02 1.777753067016601562e+02
3.939079284667968750e+02 3.300946426391601562e+02 1.776085281372070312e+02
3.929999923706054688e+02 3.289999771118164062e+02 1.776462745666503906e+02
3.923124313354492188e+02 3.289999771118164062e+02 1.775364494323730469e+02
3.929999923706054688e+02 3.297670364379882812e+02 1.775446701049804688e+02
3.924727249145507812e+02 3.295315933227539062e+02 1.775053787231445312e+02
3.920836257934570312e+02 3.299189758300781250e+02 1.773602104187011719e+02
3.918124389648437500e+02 3.289999771118164062e+02 1.774382591247558594e+02
3.909999847412109375e+02 3.289999771118164062e+02 1.772364425659179688e+02
3.916104888916015625e+02 3.281993865966796875e+02 1.774782562255859375e+02
3.919662857055664062e+02 3.279196166992187500e+02 1.775651931762695312e+02
3.914917373657226562e+02 3.275327301025390625e+02 1.775023460388183594e+02
3.943999481201171875e+02 3.244858932495117188e+02 1.775041198730468750e+02
3.937332916259765625e+02 3.245522308349609375e+02 1.774902915954589844e+02
3.929999923706054688e+02 3.247381591796875000e+02 1.774586105346679688e+02
3.929999923706054688e+02 3.239999771118164062e+02 1.772820663452148438e+02
3.920000076293945312e+02 3.239999771118164062e+02 1.771527671813964844e+02
3.929999923706054688e+02 3.229999923706054688e+02 1.769517707824707031e+02
3.920000076293945312e+02 3.229999923706054688e+02 1.768321228027343750e+02
3.910404205322265625e+02 3.229864501953125000e+02 1.766438102722167969e+02
3.920000076293945312e+02 3.223479843139648438e+02 1.765711021423339844e+02
3.920000076293945312e+02 3.218479537963867188e+02 1.763341331481933594e+02
3.914006805419921875e+02 3.224521255493164062e+02 1.765225601196289062e+02
3.910404205322265625e+02 3.220712661743164062e+02 1.762594985961914062e+02
3.909999847412109375e+02 3.210958480834960938e+02 1.757395744323730469e+02
3.907340240478515625e+02 3.226441192626953125e+02 1.764463996887207031e+02
3.900000000000000000e+02 3.220000076293945312e+02 1.759412574768066406e+02
3.890805435180664062e+02 3.220479965209960938e+02 1.756370544433593750e+02
3.900000000000000000e+02 3.213293838500976562e+02 1.756016540527343750e+02
3.899729537963867188e+02 3.229864501953125000e+02 1.763475608825683594e+02
3.896215820312500000e+02 3.236536026000976562e+02 1.764598083496093750e+02
3.902882385253906250e+02 3.233107757568359375e+02 1.765688133239746094e+02
3.889999771118164062e+02 3.229999923706054688e+02 1.760029029846191406e+02
3.880460739135742188e+02 3.230847167968750000e+02 1.756282615661621094e+02
3.890295791625976562e+02 3.239921569824218750e+02 1.763215827941894531e+02
3.887199783325195312e+02 3.250000000000000000e+02 1.764121246337890625e+02
3.893825912475585938e+02 3.243202590942382812e+02 1.765461730957031250e+02
3.879999923706054688e+02 3.239999771118164062e+02 1.758891296386718750e+02
3.873351287841796875e+02 3.239999771118164062e+02 1.755820083618164062e+02
3.879999923706054688e+02 3.250000000000000000e+02 1.761035346984863281e+02
3.871031188964843750e+02 3.250000000000000000e+02 1.756914138793945312e+02
3.879999923706054688e+02 3.259999847412109375e+02 1.762281036376953125e+02
3.869035339355468750e+02 3.259178543090820312e+02 1.757200241088867188e+02
3.879999923706054688e+02 3.270000076293945312e+02 1.762701606750488281e+02
3.885622406005859375e+02 3.259999847412109375e+02 1.764748191833496094e+02
3.879999923706054688e+02 3.279999923706054688e+02 1.762416839599609375e+02
3.870000076293945312e+02 3.270000076293945312e+02 1.758170890808105469e+02
3.864250564575195312e+02 3.270000076293945312e+02 1.755434608459472656e+02
3.870000076293945312e+02 3.279999923706054688e+02 1.757867240905761719e+02
3.869533538818359375e+02 3.289250946044921875e+02 1.756754684448242188e+02
3.864541625976562500e+02 3.279999923706054688e+02 1.755265808105468750e+02
3.859541320800781250e+02 3.279999923706054688e+02 1.752325057983398438e+02
3.864889144897460938e+02 3.285418319702148438e+02 1.755064582824707031e+02
3.860933303833007812e+02 3.289250946044921875e+02 1.752105712890625000e+02
3.859999847412109375e+02 3.300000000000000000e+02 1.749453735351562500e+02
3.865889358520507812e+02 3.292084884643554688e+02 1.754545211791992188e+02
3.852530288696289062e+02 3.289999771118164062e+02 1.746723175048828125e+02
3.847530364990234375e+02 3.289999771118164062e+02 1.743152809143066406e+02
3.854016113281250000e+02 3.300000000000000000e+02 1.745690727233886719e+02
3.851675415039062500e+02 3.279999923706054688e+02 1.747325134277343750e+02
3.851458740234375000e+02 3.270000076293945312e+02 1.747495651245117188e+02
3.846675491333007812e+02 3.279999923706054688e+02 1.743778991699218750e+02
3.840430068969726562e+02 3.279999923706054688e+02 1.738778877258300781e+02
3.846458816528320312e+02 3.270000076293945312e+02 1.743926048278808594e+02
3.846864318847656250e+02 3.259999847412109375e+02 1.743606185913085938e+02
3.840269470214843750e+02 3.270000076293945312e+02 1.738926124572753906e+02
3.840730667114257812e+02 3.259999847412109375e+02 1.738606262207031250e+02
3.835269546508789062e+02 3.270000076293945312e+02 1.734741783142089844e+02
3.830728912353515625e+02 3.270000076293945312e+02 1.729741859436035156e+02
3.835730743408203125e+02 3.259999847412109375e+02 1.734285163879394531e+02
3.835429763793945312e+02 3.279999923706054688e+02 1.734591293334960938e+02
3.836210250854492188e+02 3.289999771118164062e+02 1.733850669860839844e+02
3.830821228027343750e+02 3.279999923706054688e+02 1.729591369628906250e+02
3.825821304321289062e+02 3.279999923706054688e+02 1.723982620239257812e+02
3.831462097167968750e+02 3.289999771118164062e+02 1.728850746154785156e+02
3.826461791992187500e+02 3.289999771118164062e+02 1.723225402832031250e+02
3.832657241821289062e+02 3.300000000000000000e+02 1.727534866333007812e+02
3.827657318115234375e+02 3.300000000000000000e+02 1.721781158447265625e+02
3.833917236328125000e+02 3.307738113403320312e+02 1.726168060302734375e+02
3.837578964233398438e+02 3.300000000000000000e+02 1.732534980773925781e+02
3.842579269409179688e+02 3.300000000000000000e+02 1.737035369873046875e+02
3.839584350585937500e+02 3.310943222045898438e+02 1.730418586730957031e+02
3.843924331665039062e+02 3.307481384277343750e+02 1.735917282104492188e+02
3.841646575927734375e+02 3.320000076293945312e+02 1.728268814086914062e+02
3.845396041870117188e+02 3.314148330688476562e+02 1.734669113159179688e+02
3.835243988037109375e+02 3.314405059814453125e+02 1.724731445312500000e+02
3.829850387573242188e+02 3.310326385498046875e+02 1.720165824890136719e+02
3.836646270751953125e+02 3.320000076293945312e+02 1.723176956176757812e+02
3.832358169555664062e+02 3.320000076293945312e+02 1.718177032470703125e+02
3.839797592163085938e+02 3.330307769775390625e+02 1.720228195190429688e+02
3.834027099609375000e+02 3.326700592041015625e+02 1.716171264648437500e+02
3.835977554321289062e+02 3.333367538452148438e+02 1.713731002807617188e+02
3.843618011474609375e+02 3.327248001098632812e+02 1.726355934143066406e+02
3.843192672729492188e+02 3.339999771118164062e+02 1.717009925842285156e+02
3.845718002319335938e+02 3.333914566040039062e+02 1.724285125732421875e+02
3.849850463867187500e+02 3.330207443237304688e+02 1.730164909362792969e+02
3.847916793823242188e+02 3.339999771118164062e+02 1.722009849548339844e+02
3.852916717529296875e+02 3.339999771118164062e+02 1.726840782165527344e+02
3.854837799072265625e+02 3.345191192626953125e+02 1.725147056579589844e+02
3.859800720214843750e+02 3.340472412109375000e+02 1.732143974304199219e+02
3.863001251220703125e+02 3.337454223632812500e+02 1.736447143554687500e+02
3.856334686279296875e+02 3.333166885375976562e+02 1.733973884582519531e+02
3.859800720214843750e+02 3.329899978637695312e+02 1.738207817077636719e+02
3.867619705200195312e+02 3.329999923706054688e+02 1.743407821655273438e+02
3.859959411621093750e+02 3.320658874511718750e+02 1.742698860168457031e+02
3.853982925415039062e+02 3.326499938964843750e+02 1.735802650451660156e+02
3.852034378051757812e+02 3.320000076293945312e+02 1.737301254272460938e+02
3.850159072875976562e+02 3.309657287597656250e+02 1.739924812316894531e+02
3.847034072875976562e+02 3.320000076293945312e+02 1.733268928527832031e+02
3.854921722412109375e+02 3.305166625976562500e+02 1.745055007934570312e+02
3.856599044799804688e+02 3.311833190917968750e+02 1.743932342529296875e+02
3.849016189575195312e+02 3.300000000000000000e+02 1.742035293579101562e+02
3.859959411621093750e+02 3.309099960327148438e+02 1.746984100341796875e+02
3.863265991210937500e+02 3.317765045166015625e+02 1.746113014221191406e+02
3.870362091064453125e+02 3.310168838500976562e+02 1.752710914611816406e+02
3.867369461059570312e+02 3.300000000000000000e+02 1.753763008117675781e+02
3.873936843872070312e+02 3.306948089599609375e+02 1.755550384521484375e+02
3.869237899780273438e+02 3.320658874511718750e+02 1.748444366455078125e+02
3.875817108154296875e+02 3.313614654541015625e+02 1.754599761962890625e+02
3.865396499633789062e+02 3.324431610107421875e+02 1.744763183593750000e+02
3.872369766235351562e+02 3.300000000000000000e+02 1.756324577331542969e+02
3.879999923706054688e+02 3.300000000000000000e+02 1.759927177429199219e+02
3.879999923706054688e+02 3.289999771118164062e+02 1.761520385742187500e+02
3.870287322998046875e+02 3.339690399169921875e+02 1.739867210388183594e+02
3.874763107299804688e+02 3.335260391235351562e+02 1.745141410827636719e+02
3.837961578369140625e+02 3.340390777587890625e+02 1.710238456726074219e+02
3.844945526123046875e+02 3.345068359375000000e+02 1.715061378479003906e+02
3.843304061889648438e+02 3.349040985107421875e+02 1.709088897705078125e+02
3.837971496582031250e+02 3.350143814086914062e+02 1.700353240966796875e+02
3.833647918701171875e+02 3.346906280517578125e+02 1.697255325317382812e+02
3.836058044433593750e+02 3.353573226928710938e+02 1.693045616149902344e+02
3.843204498291015625e+02 3.357105255126953125e+02 1.700000000000000000e+02
3.835679244995117188e+02 3.343984603881835938e+02 1.703921890258789062e+02
3.830248260498046875e+02 3.339560699462890625e+02 1.699534606933593750e+02
3.826424407958984375e+02 3.329999923706054688e+02 1.702543830871582031e+02
3.826773452758789062e+02 3.342125701904296875e+02 1.689999961853027344e+02
3.833515167236328125e+02 3.337318038940429688e+02 1.707064247131347656e+02
3.824916839599609375e+02 3.335137176513671875e+02 1.695147323608398438e+02
3.823614501953125000e+02 3.329999923706054688e+02 1.697543907165527344e+02
3.823762893676757812e+02 3.337125778198242188e+02 1.689999961853027344e+02
3.821878433227539062e+02 3.340618515014648438e+02 1.680416488647460938e+02
3.820077514648437500e+02 3.329999923706054688e+02 1.689999961853027344e+02
3.816190338134765625e+02 3.320711135864257812e+02 1.690649604797363281e+02
3.816529083251953125e+02 3.330234909057617188e+02 1.680680656433105469e+02
3.814060974121093750e+02 3.327058029174804688e+02 1.677801132202148438e+02
3.815183639526367188e+02 3.324518203735351562e+02 1.684467697143554688e+02
3.815597534179687500e+02 3.333724975585937500e+02 1.672859573364257812e+02
3.813188171386718750e+02 3.330234909057617188e+02 1.669715690612792969e+02
3.817673492431640625e+02 3.339378738403320312e+02 1.669715690612792969e+02
3.814671707153320312e+02 3.335631179809570312e+02 1.666193008422851562e+02
3.816585159301757812e+02 3.341965484619140625e+02 1.659999847412109375e+02
3.822893524169921875e+02 3.348407745361328125e+02 1.669999885559082031e+02
3.821866607666015625e+02 3.350867080688476562e+02 1.660657501220703125e+02
3.824099349975585938e+02 3.346431732177734375e+02 1.677360725402832031e+02
3.826031875610351562e+02 3.353407669067382812e+02 1.669999885559082031e+02
3.825141143798828125e+02 3.354778671264648438e+02 1.664429283142089844e+02
3.827539825439453125e+02 3.349858856201171875e+02 1.680416488647460938e+02
3.831367111206054688e+02 3.360661697387695312e+02 1.670267486572265625e+02
3.827650070190429688e+02 3.359580230712890625e+02 1.660657501220703125e+02
3.832887268066406250e+02 3.357770919799804688e+02 1.679999923706054688e+02
3.835453796386718750e+02 3.364436340332031250e+02 1.673779296875000000e+02
3.834236145019531250e+02 3.365903854370117188e+02 1.667112541198730469e+02
3.833206558227539062e+02 3.367139816284179688e+02 1.659999847412109375e+02
3.839662170410156250e+02 3.370352554321289062e+02 1.670816040039062500e+02
3.837582015991210938e+02 3.372139739990234375e+02 1.659999847412109375e+02
3.841824340820312500e+02 3.368439102172851562e+02 1.679999923706054688e+02
3.843870925903320312e+02 3.376126480102539062e+02 1.667852973937988281e+02
3.845199584960937500e+02 3.374801635742187500e+02 1.674519538879394531e+02
3.846578216552734375e+02 3.373439407348632812e+02 1.679999923706054688e+02
3.849656295776367188e+02 3.380319595336914062e+02 1.670777320861816406e+02
3.847861099243164062e+02 3.382418060302734375e+02 1.659999847412109375e+02
3.851578140258789062e+02 3.378113555908203125e+02 1.679999923706054688e+02
3.854113388061523438e+02 3.385740280151367188e+02 1.667035102844238281e+02
3.855605316162109375e+02 3.384512710571289062e+02 1.673701667785644531e+02
3.857340240478515625e+02 3.383113479614257812e+02 1.679999923706054688e+02
3.859363174438476562e+02 3.388623046875000000e+02 1.670220947265625000e+02
3.860352325439453125e+02 3.392364501953125000e+02 1.660744667053222656e+02
3.862340164184570312e+02 3.387033462524414062e+02 1.679999923706054688e+02
3.866570663452148438e+02 3.393973541259765625e+02 1.669999885559082031e+02
3.870148086547851562e+02 3.392333602905273438e+02 1.680309867858886719e+02
3.871570587158203125e+02 3.397139739990234375e+02 1.669999885559082031e+02
3.865180587768554688e+02 3.394883728027343750e+02 1.664574432373046875e+02
3.869108200073242188e+02 3.398308944702148438e+02 1.660744667053222656e+02
3.863920593261718750e+02 3.395779418945312500e+02 1.657907867431640625e+02
3.870887756347656250e+02 3.402021026611328125e+02 1.649334526062011719e+02
3.877787780761718750e+02 3.403551864624023438e+02 1.659999847412109375e+02
3.876058959960937500e+02 3.404451370239257812e+02 1.652224349975585938e+02
3.880594635009765625e+02 3.402312850952148438e+02 1.669690132141113281e+02
3.882787704467773438e+02 3.406118392944335938e+02 1.659999847412109375e+02
3.879635238647460938e+02 3.406818389892578125e+02 1.649334526062011719e+02
3.889999771118164062e+02 3.411553955078125000e+02 1.650000000000000000e+02
3.874812698364257812e+02 3.405109405517578125e+02 1.645557785034179688e+02
3.879999923706054688e+02 3.408494186401367188e+02 1.639999961853027344e+02
3.874125289916992188e+02 3.405509948730468750e+02 1.639999961853027344e+02
3.879999923706054688e+02 3.409511184692382812e+02 1.629999923706054688e+02
3.873207473754882812e+02 3.406041717529296875e+02 1.629999923706054688e+02
3.879999923706054688e+02 3.409867095947265625e+02 1.619999885559082031e+02
3.872922134399414062e+02 3.406219482421875000e+02 1.619999885559082031e+02
3.879999923706054688e+02 3.409557342529296875e+02 1.609999847412109375e+02
3.873272323608398438e+02 3.406038284301757812e+02 1.609999847412109375e+02
3.888415145874023438e+02 3.413518905639648438e+02 1.609999847412109375e+02
3.868272399902343750e+02 3.402968215942382812e+02 1.609999847412109375e+02
3.874088287353515625e+02 3.405562591552734375e+02 1.600000000000000000e+02
3.861073684692382812e+02 3.397968292236328125e+02 1.609999847412109375e+02
3.867922210693359375e+02 3.403237152099609375e+02 1.619999885559082031e+02
3.860654067993164062e+02 3.398236846923828125e+02 1.619999885559082031e+02
3.868207168579101562e+02 3.403093338012695312e+02 1.629999923706054688e+02
3.860775756835937500e+02 3.398093414306640625e+02 1.629999923706054688e+02
3.869125366210937500e+02 3.402554321289062500e+02 1.639999961853027344e+02
3.861467742919921875e+02 3.397554397583007812e+02 1.639999961853027344e+02
3.856467819213867188e+02 3.393896484375000000e+02 1.639999961853027344e+02
3.862654113769531250e+02 3.396688079833984375e+02 1.650000000000000000e+02
3.857654190063476562e+02 3.393017578125000000e+02 1.650000000000000000e+02
3.851427078247070312e+02 3.388017654418945312e+02 1.650000000000000000e+02
3.850456619262695312e+02 3.388896179199218750e+02 1.639999961853027344e+02
3.846427154541015625e+02 3.383706283569335938e+02 1.650000000000000000e+02
3.852861022949218750e+02 3.386792755126953125e+02 1.659999847412109375e+02
3.841318511962890625e+02 3.378705978393554688e+02 1.650000000000000000e+02
3.845456695556640625e+02 3.384580993652343750e+02 1.639999961853027344e+02
3.840524673461914062e+02 3.379580688476562500e+02 1.639999961853027344e+02
3.845074081420898438e+02 3.384930419921875000e+02 1.633846664428710938e+02
3.841066360473632812e+02 3.380958175659179688e+02 1.630307960510253906e+02
3.849044418334960938e+02 3.388604736328125000e+02 1.630307960510253906e+02
3.849054336547851562e+02 3.388667297363281250e+02 1.619798660278320312e+02
3.855775451660156250e+02 3.394405746459960938e+02 1.629999923706054688e+02
3.844863510131835938e+02 3.385132980346679688e+02 1.627179908752441406e+02
3.844863510131835938e+02 3.385132980346679688e+02 1.622997856140136719e+02
3.841171646118164062e+02 3.380945968627929688e+02 1.619798660278320312e+02
3.840857696533203125e+02 3.379540252685546875e+02 1.609999847412109375e+02
3.835316848754882812e+02 3.374611282348632812e+02 1.619999885559082031e+02
3.845090866088867188e+02 3.384910202026367188e+02 1.616331100463867188e+02
3.845457839965820312e+02 3.384540176391601562e+02 1.609999847412109375e+02
3.850457763671875000e+02 3.389135360717773438e+02 1.609999847412109375e+02
3.846316528320312500e+02 3.383643722534179688e+02 1.600000000000000000e+02
3.841732025146484375e+02 3.378643798828125000e+02 1.600000000000000000e+02
3.847554779052734375e+02 3.382312774658203125e+02 1.590000057220458984e+02
3.851316452026367188e+02 3.388424301147460938e+02 1.600000000000000000e+02
3.852554702758789062e+02 3.387319183349609375e+02 1.590000057220458984e+02
3.856910324096679688e+02 3.393424606323242188e+02 1.600000000000000000e+02
3.856073760986328125e+02 3.394135284423828125e+02 1.609999847412109375e+02
3.855654144287109375e+02 3.394484329223632812e+02 1.619999885559082031e+02
3.849573898315429688e+02 3.380467605590820312e+02 1.578885364532470703e+02
3.842969131469726562e+02 3.377312850952148438e+02 1.590000057220458984e+02
3.837969207763671875e+02 3.371143722534179688e+02 1.590000057220458984e+02
3.844104003906250000e+02 3.376035308837890625e+02 1.582508563995361328e+02
3.840080642700195312e+02 3.369877624511718750e+02 1.580279731750488281e+02
3.842632675170898438e+02 3.368072128295898438e+02 1.569999980926513672e+02
3.834902572631835938e+02 3.365133666992187500e+02 1.584717655181884766e+02
3.845310592651367188e+02 3.374621582031250000e+02 1.575841903686523438e+02
3.836057662963867188e+02 3.363360214233398438e+02 1.578050994873046875e+02
3.837282562255859375e+02 3.360016250610351562e+02 1.569425582885742188e+02
3.833024215698242188e+02 3.360016250610351562e+02 1.580830574035644531e+02
3.827412796020507812e+02 3.349640655517578125e+02 1.579988670349121094e+02
3.833942794799804688e+02 3.356693649291992188e+02 1.572375965118408203e+02
3.830253982543945312e+02 3.359999847412109375e+02 1.590000057220458984e+02
3.826102066040039062e+02 3.352917098999023438e+02 1.590000057220458984e+02
3.827486419677734375e+02 3.359475326538085938e+02 1.599722766876220703e+02
3.834151840209960938e+02 3.366143798828125000e+02 1.590000057220458984e+02
3.832901763916015625e+02 3.367803955078125000e+02 1.600000000000000000e+02
3.836732101440429688e+02 3.372804260253906250e+02 1.600000000000000000e+02
3.832017135620117188e+02 3.368931579589843750e+02 1.609999847412109375e+02
3.831436157226562500e+02 3.369611358642578125e+02 1.619999885559082031e+02
3.835857772827148438e+02 3.373931503295898438e+02 1.609999847412109375e+02
3.827017211914062500e+02 3.361774063110351562e+02 1.609999847412109375e+02
3.823904418945312500e+02 3.356773757934570312e+02 1.609999847412109375e+02
3.826436233520507812e+02 3.362760162353515625e+02 1.619999885559082031e+02
3.826235580444335938e+02 3.363123321533203125e+02 1.629999923706054688e+02
3.823269271850585938e+02 3.357760238647460938e+02 1.619999885559082031e+02
3.818804550170898438e+02 3.350000000000000000e+02 1.619999885559082031e+02
3.823005294799804688e+02 3.358123016357421875e+02 1.629999923706054688e+02
3.818209075927734375e+02 3.350000000000000000e+02 1.629999923706054688e+02
3.823115921020507812e+02 3.357868194580078125e+02 1.639999961853027344e+02
3.818364334106445312e+02 3.350000000000000000e+02 1.639999961853027344e+02
3.823612976074218750e+02 3.357050704956054688e+02 1.650000000000000000e+02
3.826456069946289062e+02 3.362868118286132812e+02 1.639999961853027344e+02
3.827095794677734375e+02 3.362050628662109375e+02 1.650000000000000000e+02
3.831455993652343750e+02 3.369398880004882812e+02 1.639999961853027344e+02
3.831235885620117188e+02 3.369781494140625000e+02 1.629999923706054688e+02
3.832095718383789062e+02 3.368519210815429688e+02 1.650000000000000000e+02
3.835524749755859375e+02 3.374398803710937500e+02 1.639999961853027344e+02
3.835185241699218750e+02 3.374781417846679688e+02 1.629999923706054688e+02
3.836318206787109375e+02 3.373519515991210938e+02 1.650000000000000000e+02
3.819302749633789062e+02 3.350000000000000000e+02 1.650000000000000000e+02
3.824330520629882812e+02 3.355966949462890625e+02 1.657762718200683594e+02
3.815689468383789062e+02 3.343636322021484375e+02 1.650000000000000000e+02
3.815248107910156250e+02 3.344488525390625000e+02 1.639999961853027344e+02
3.813238525390625000e+02 3.338636398315429688e+02 1.650000000000000000e+02
3.812893676757812500e+02 3.339488220214843750e+02 1.639999961853027344e+02
3.809505844116210938e+02 3.329999923706054688e+02 1.650000000000000000e+02
3.814008331298828125e+02 3.336965560913085938e+02 1.659999847412109375e+02
3.810937500000000000e+02 3.329999923706054688e+02 1.659999847412109375e+02
3.806860733032226562e+02 3.319054031372070312e+02 1.659099197387695312e+02
3.805529022216796875e+02 3.312728500366210938e+02 1.661832046508789062e+02
3.809331512451171875e+02 3.320000076293945312e+02 1.669999885559082031e+02
3.804972457885742188e+02 3.315090179443359375e+02 1.655165481567382812e+02
3.806267547607421875e+02 3.320748901367187500e+02 1.650000000000000000e+02
3.804785537719726562e+02 3.315748977661132812e+02 1.650000000000000000e+02
3.805978012084960938e+02 3.321605300903320312e+02 1.639999961853027344e+02
3.805978012084960938e+02 3.321605300903320312e+02 1.629999923706054688e+02
3.808871841430664062e+02 3.329999923706054688e+02 1.639999961853027344e+02
3.804544067382812500e+02 3.316605377197265625e+02 1.639999961853027344e+02
3.803204727172851562e+02 3.309999847412109375e+02 1.639999961853027344e+02
3.804544067382812500e+02 3.316605377197265625e+02 1.629999923706054688e+02
3.803230667114257812e+02 3.309999847412109375e+02 1.629999923706054688e+02
3.804741668701171875e+02 3.315908050537109375e+02 1.622700119018554688e+02
3.806134796142578125e+02 3.319544982910156250e+02 1.619619941711425781e+02
3.804074096679687500e+02 3.310599517822265625e+02 1.619619941711425781e+02
3.804538345336914062e+02 3.307666015625000000e+02 1.612242126464843750e+02
3.802539062500000000e+02 3.300000000000000000e+02 1.619999885559082031e+02
3.805117797851562500e+02 3.314332580566406250e+02 1.616033363342285156e+02
3.805546951293945312e+02 3.310599517822265625e+02 1.609345245361328125e+02
3.807252502441406250e+02 3.309999847412109375e+02 1.600000000000000000e+02
3.805097961425781250e+02 3.304100418090820312e+02 1.605575561523437500e+02
3.807655715942382812e+02 3.320000076293945312e+02 1.609999847412109375e+02
3.809619522094726562e+02 3.320000076293945312e+02 1.600000000000000000e+02
3.810954284667968750e+02 3.329999923706054688e+02 1.609999847412109375e+02
3.809550476074218750e+02 3.329999923706054688e+02 1.619999885559082031e+02
3.813908386230468750e+02 3.337375259399414062e+02 1.609999847412109375e+02
3.813155364990234375e+02 3.330498886108398438e+02 1.599830818176269531e+02
3.814056015014648438e+02 3.327497863769531250e+02 1.591688442230224609e+02
3.815322494506835938e+02 3.334164810180664062e+02 1.596384716033935547e+02
3.814550781250000000e+02 3.335985183715820312e+02 1.603051376342773438e+02
3.816954803466796875e+02 3.339590835571289062e+02 1.599830818176269531e+02
3.819657135009765625e+02 3.339999771118164062e+02 1.590000057220458984e+02
3.822473144531250000e+02 3.350693130493164062e+02 1.599722766876220703e+02
3.816217041015625000e+02 3.342375183105468750e+02 1.609999847412109375e+02
3.815535354614257812e+02 3.343863296508789062e+02 1.619999885559082031e+02
3.820121383666992188e+02 3.350000000000000000e+02 1.609999847412109375e+02
3.813219833374023438e+02 3.338863372802734375e+02 1.619999885559082031e+02
3.815203475952148438e+02 3.344571304321289062e+02 1.629999923706054688e+02
3.812884521484375000e+02 3.339571380615234375e+02 1.629999923706054688e+02
3.808862304687500000e+02 3.329999923706054688e+02 1.629999923706054688e+02
3.823474502563476562e+02 3.347917175292968750e+02 1.590000057220458984e+02
3.825275039672851562e+02 3.354488372802734375e+02 1.596204566955566406e+02
3.824519729614257812e+02 3.355791854858398438e+02 1.602871131896972656e+02
3.824444198608398438e+02 3.346067428588867188e+02 1.583314418792724609e+02
3.822814178466796875e+02 3.340303802490234375e+02 1.579988670349121094e+02
3.818523025512695312e+02 3.329999923706054688e+02 1.580000019073486328e+02
3.823991394042968750e+02 3.337172698974609375e+02 1.572430992126464844e+02
3.825550079345703125e+02 3.343839645385742188e+02 1.576647758483886719e+02
3.826630020141601562e+02 3.340303802490234375e+02 1.569458580017089844e+02
3.825306701660156250e+02 3.334172058105468750e+02 1.565764331817626953e+02
3.831435394287109375e+02 3.340871429443359375e+02 1.559125900268554688e+02
3.831811904907226562e+02 3.350677871704101562e+02 1.569425582885742188e+02
3.835294342041015625e+02 3.354463195800781250e+02 1.565709304809570312e+02
3.833526229858398438e+02 3.347796630859375000e+02 1.561876487731933594e+02
3.836386108398437500e+02 3.350677871704101562e+02 1.559125900268554688e+02
3.835102081298828125e+02 3.344785308837890625e+02 1.555209827423095703e+02
3.841401672363281250e+02 3.350462722778320312e+02 1.549519157409667969e+02
3.841796493530273438e+02 3.360288619995117188e+02 1.559952163696289062e+02
3.843580245971679688e+02 3.357147598266601562e+02 1.552531909942626953e+02
3.844119262695312500e+02 3.366141128540039062e+02 1.563253498077392578e+02
3.845824813842773438e+02 3.363814163208007812e+02 1.556586837768554688e+02
3.847514343261718750e+02 3.360288619995117188e+02 1.549519157409667969e+02
3.849641418457031250e+02 3.370432662963867188e+02 1.559344673156738281e+02
3.846576309204101562e+02 3.373072052001953125e+02 1.569999980926513672e+02
3.853457641601562500e+02 3.376650238037109375e+02 1.562102413177490234e+02
3.855245590209960938e+02 3.374724578857421875e+02 1.555435752868652344e+02
3.852751541137695312e+02 3.367741775512695312e+02 1.550000000000000000e+02
3.854510498046875000e+02 3.365597915649414062e+02 1.544341278076171875e+02
3.856987762451171875e+02 3.372741699218750000e+02 1.550000000000000000e+02
3.860575485229492188e+02 3.369355773925781250e+02 1.540743541717529297e+02
3.861987686157226562e+02 3.377956008911132812e+02 1.550000000000000000e+02
3.864071273803710938e+02 3.375914382934570312e+02 1.543812465667724609e+02
3.859328460693359375e+02 3.380671691894531250e+02 1.558835983276367188e+02
3.867366027832031250e+02 3.382955932617187500e+02 1.550000000000000000e+02
3.870641326904296875e+02 3.379470062255859375e+02 1.540758132934570312e+02
3.865358734130859375e+02 3.384693145751953125e+02 1.555569648742675781e+02
3.872365951538085938e+02 3.387098312377929688e+02 1.550000000000000000e+02
3.874462890625000000e+02 3.385435485839843750e+02 1.544370460510253906e+02
3.879878997802734375e+02 3.392299270629882812e+02 1.549678993225097656e+02
3.880572509765625000e+02 3.387186050415039062e+02 1.540622234344482422e+02
3.886112213134765625e+02 3.394367980957031250e+02 1.546131706237792969e+02
3.889667510986328125e+02 3.392404556274414062e+02 1.539814853668212891e+02
3.889999771118164062e+02 3.387229919433593750e+02 1.532141399383544922e+02
3.892779159545898438e+02 3.396193695068359375e+02 1.543024730682373047e+02
3.896937179565429688e+02 3.394133377075195312e+02 1.536358070373535156e+02
3.900162124633789062e+02 3.397621917724609375e+02 1.539814853668212891e+02
3.899436569213867188e+02 3.390276336669921875e+02 1.529663944244384766e+02
3.901935958862304688e+02 3.386419677734375000e+02 1.523390674591064453e+02
3.895269393920898438e+02 3.384867477416992188e+02 1.525158119201660156e+02
3.903603744506835938e+02 3.395602416992187500e+02 1.534169673919677734e+02
3.909999847412109375e+02 3.392996597290039062e+02 1.527623939514160156e+02
3.909999847412109375e+02 3.387996673583984375e+02 1.521606063842773438e+02
3.909999847412109375e+02 3.396717834472656250e+02 1.532623958587646484e+02
3.917712783813476562e+02 3.394242858886718750e+02 1.525995635986328125e+02
3.920387649536132812e+02 3.389898300170898438e+02 1.520103359222412109e+02
3.916395950317382812e+02 3.384592056274414062e+02 1.515417385101318359e+02
3.923062515258789062e+02 3.385553741455078125e+02 1.514441394805908203e+02
3.920235824584960938e+02 3.379939651489257812e+02 1.510039424896240234e+02
3.929999923706054688e+02 3.386203765869140625e+02 1.513792228698730469e+02
3.929999923706054688e+02 3.380836105346679688e+02 1.508792209625244141e+02
3.939999771118164062e+02 3.386738967895507812e+02 1.513269710540771484e+02
3.939999771118164062e+02 3.381413650512695312e+02 1.508269786834716797e+02
3.939999771118164062e+02 3.376413726806640625e+02 1.503821086883544922e+02
3.950000000000000000e+02 3.381625747680664062e+02 1.508085060119628906e+02
3.950000000000000000e+02 3.376625823974609375e+02 1.503641510009765625e+02
3.959999847412109375e+02 3.381549835205078125e+02 1.508143711090087891e+02
3.959999847412109375e+02 3.376549911499023438e+02 1.503707313537597656e+02
3.970000076293945312e+02 3.381104660034179688e+02 1.508523082733154297e+02
3.970000076293945312e+02 3.376104736328125000e+02 1.504081153869628906e+02
3.977517318725585938e+02 3.375517272949218750e+02 1.504569149017333984e+02
3.970000076293945312e+02 3.370000076293945312e+02 1.499561405181884766e+02
3.959999847412109375e+02 3.370000076293945312e+02 1.498853683471679688e+02
3.970000076293945312e+02 3.364179611206054688e+02 1.495480251312255859e+02
3.980510330200195312e+02 3.370891189575195312e+02 1.501626300811767578e+02
3.984183883666992188e+02 3.374818801879882812e+02 1.505142021179199219e+02
3.989999771118164062e+02 3.368928527832031250e+02 1.502059078216552734e+02
3.979999923706054688e+02 3.363159942626953125e+02 1.496105957031250000e+02
3.979999923706054688e+02 3.358160018920898438e+02 1.493192005157470703e+02
3.989999771118164062e+02 3.361692428588867188e+02 1.497059059143066406e+02
3.989999771118164062e+02 3.356692504882812500e+02 1.493998718261718750e+02
3.999802017211914062e+02 3.359341812133789062e+02 1.498000812530517578e+02
4.000000000000000000e+02 3.367150115966796875e+02 1.503351783752441406e+02
4.009932327270507812e+02 3.360400009155273438e+02 1.501997280120849609e+02
4.003003692626953125e+02 3.354062652587890625e+02 1.495532417297363281e+02
3.996336746215820312e+02 3.355569839477539062e+02 1.494651412963867188e+02
3.999802017211914062e+02 3.350437545776367188e+02 1.492747592926025391e+02
3.989999771118164062e+02 3.350000000000000000e+02 1.490408992767333984e+02
3.999516296386718750e+02 3.339283752441406250e+02 1.487307548522949219e+02
4.009999847412109375e+02 3.347051620483398438e+02 1.493880176544189453e+02
4.009999847412109375e+02 3.339999771118164062e+02 1.490538501739501953e+02
4.009999847412109375e+02 3.352051544189453125e+02 1.496704578399658203e+02
4.015456771850585938e+02 3.345339202880859375e+02 1.494809055328369141e+02
4.019274139404296875e+02 3.349203491210937500e+02 1.498736476898193359e+02
4.019274139404296875e+02 3.339484024047851562e+02 1.493632602691650391e+02
4.020000076293945312e+02 3.329999923706054688e+02 1.489959907531738281e+02
4.022123336791992188e+02 3.342473220825195312e+02 1.496222114562988281e+02
4.025806808471679688e+02 3.335806655883789062e+02 1.494618892669677734e+02
4.029483795166015625e+02 3.329206848144531250e+02 1.493685436248779297e+02
4.029483795166015625e+02 3.339484024047851562e+02 1.498217773437500000e+02
4.032473373413085938e+02 3.332011413574218750e+02 1.496222114562988281e+02
4.029075622558593750e+02 3.349390029907226562e+02 1.503443527221679688e+02
4.039390182495117188e+02 3.339033508300781250e+02 1.503466606140136719e+02
4.039143753051757812e+02 3.329206848144531250e+02 1.498825454711914062e+02
4.035650253295898438e+02 3.345650482177734375e+02 1.504585361480712891e+02
4.042317199707031250e+02 3.341722488403320312e+02 1.506791687011718750e+02
4.045040512084960938e+02 3.335055923461914062e+02 1.504970264434814453e+02
4.046566772460937500e+02 3.329999923706054688e+02 1.503865242004394531e+02
4.049310302734375000e+02 3.339004516601562500e+02 1.510521984100341797e+02
4.051566696166992188e+02 3.329999923706054688e+02 1.507691860198974609e+02
4.046913528442382812e+02 3.347221755981445312e+02 1.513458347320556641e+02
4.053580474853515625e+02 3.342953109741210938e+02 1.516271877288818359e+02
4.055805587768554688e+02 3.336286544799804688e+02 1.514252185821533203e+02
4.039769363403320312e+02 3.349769592285156250e+02 1.510125064849853516e+02
4.031792831420898438e+02 3.352317047119140625e+02 1.506791687011718750e+02
4.037221908569335938e+02 3.356975936889648438e+02 1.513458347320556641e+02
4.043888473510742188e+02 3.353888702392578125e+02 1.515841007232666016e+02
4.029167938232421875e+02 3.359369659423828125e+02 1.510430622100830078e+02
4.025125885009765625e+02 3.355096435546875000e+02 1.504931735992431641e+02
4.020000076293945312e+02 3.361822509765625000e+02 1.507344436645507812e+02
4.020000076293945312e+02 3.356822586059570312e+02 1.503754043579101562e+02
4.013220596313476562e+02 3.364000320434570312e+02 1.505723094940185547e+02
4.050228881835937500e+02 3.319350814819335938e+02 1.502426433563232422e+02
4.049040603637695312e+02 3.309116744995117188e+02 1.498683357238769531e+02
4.041747665405273438e+02 3.320000076293945312e+02 1.496938514709472656e+02
4.036747741699218750e+02 3.320000076293945312e+02 1.494007778167724609e+02
4.043756866455078125e+02 3.311861419677734375e+02 1.495734500885009766e+02
4.040254211425781250e+02 3.309116744995117188e+02 1.493117904663085938e+02
4.029086303710937500e+02 3.309175491333007812e+02 1.487545585632324219e+02
4.039999771118164062e+02 3.300000000000000000e+02 1.491460800170898438e+02
4.045067596435546875e+02 3.305194854736328125e+02 1.494955062866210938e+02
4.045563888549804688e+02 3.300000000000000000e+02 1.494624805450439453e+02
4.046178817749023438e+02 3.289999771118164062e+02 1.494212436676025391e+02
4.050563812255859375e+02 3.300000000000000000e+02 1.498095607757568359e+02
4.051178741455078125e+02 3.289999771118164062e+02 1.497672462463378906e+02
4.057294464111328125e+02 3.300000000000000000e+02 1.503095626831054688e+02
4.057793426513671875e+02 3.289999771118164062e+02 1.502672481536865234e+02
4.062294387817382812e+02 3.300000000000000000e+02 1.507444190979003906e+02
4.056138229370117188e+02 3.309999847412109375e+02 1.504053211212158203e+02
4.062793350219726562e+02 3.289999771118164062e+02 1.506995677947998047e+02
4.062767028808593750e+02 3.279999923706054688e+02 1.507031440734863281e+02
4.067992401123046875e+02 3.289999771118164062e+02 1.511995697021484375e+02
4.067959213256835938e+02 3.279999923706054688e+02 1.512031459808349609e+02
4.072992324829101562e+02 3.289999771118164062e+02 1.517236328125000000e+02
4.072959136962890625e+02 3.279999923706054688e+02 1.517269515991210938e+02
4.077267074584960938e+02 3.279999923706054688e+02 1.522269439697265625e+02
4.072433471679687500e+02 3.270000076293945312e+02 1.517862606048583984e+02
4.071423339843750000e+02 3.259999847412109375e+02 1.518980598449707031e+02
4.067433547973632812e+02 3.270000076293945312e+02 1.512562561035156250e+02
4.062185668945312500e+02 3.270000076293945312e+02 1.507562541961669922e+02
4.066423416137695312e+02 3.259999847412109375e+02 1.513576507568359375e+02
4.065542984008789062e+02 3.253415679931640625e+02 1.514457035064697266e+02
4.061087799072265625e+02 3.259999847412109375e+02 1.508576488494873047e+02
4.059838104248046875e+02 3.250485992431640625e+02 1.510140514373779297e+02
4.056087875366210938e+02 3.259999847412109375e+02 1.504075050354003906e+02
4.055289459228515625e+02 3.254222869873046875e+02 1.504753017425537109e+02
4.049053955078125000e+02 3.260816192626953125e+02 1.498632431030273438e+02
4.057185745239257812e+02 3.270000076293945312e+02 1.503152942657470703e+02
4.050595474243164062e+02 3.270000076293945312e+02 1.498152923583984375e+02
4.057767105102539062e+02 3.279999923706054688e+02 1.502678108215332031e+02
4.051193618774414062e+02 3.279999923706054688e+02 1.497678089141845703e+02
4.046193313598632812e+02 3.279999923706054688e+02 1.494198703765869141e+02
4.039999771118164062e+02 3.279999923706054688e+02 1.490567588806152344e+02
4.045595169067382812e+02 3.270000076293945312e+02 1.494598102569580078e+02
4.039999771118164062e+02 3.270000076293945312e+02 1.491287803649902344e+02
4.045090103149414062e+02 3.264693450927734375e+02 1.494937705993652344e+02
4.040411758422851562e+02 3.260816192626953125e+02 1.492875289916992188e+02
4.037436294555664062e+02 3.250000000000000000e+02 1.493500328063964844e+02
4.044020080566406250e+02 3.258026885986328125e+02 1.495620632171630859e+02
4.029478454589843750e+02 3.259553909301757812e+02 1.487006282806396484e+02
4.024642944335937500e+02 3.255923080444335938e+02 1.485155963897705078e+02
4.029999923706054688e+02 3.250000000000000000e+02 1.489334106445312500e+02
4.025797653198242188e+02 3.262589645385742188e+02 1.484599113464355469e+02
4.031630325317382812e+02 3.270000076293945312e+02 1.486689758300781250e+02
4.026630020141601562e+02 3.270000076293945312e+02 1.484199714660644531e+02
4.032154083251953125e+02 3.279999923706054688e+02 1.486368846893310547e+02
4.027154159545898438e+02 3.279999923706054688e+02 1.483980274200439453e+02
4.031937789916992188e+02 3.289999771118164062e+02 1.486415100097656250e+02
4.026937866210937500e+02 3.289999771118164062e+02 1.484112930297851562e+02
4.030923461914062500e+02 3.300000000000000000e+02 1.486836051940917969e+02
4.039999771118164062e+02 3.289999771118164062e+02 1.490627479553222656e+02
4.025923538208007812e+02 3.300000000000000000e+02 1.484584999084472656e+02
4.020000076293945312e+02 3.300000000000000000e+02 1.482216835021972656e+02
4.025143814086914062e+02 3.305292129516601562e+02 1.484936046600341797e+02
4.019979858398437500e+02 3.309175491333007812e+02 1.483769893646240234e+02
4.016632843017578125e+02 3.317110061645507812e+02 1.484369945526123047e+02
4.023299407958984375e+02 3.311959075927734375e+02 1.485667800903320312e+02
4.009999847412109375e+02 3.309999847412109375e+02 1.480593490600585938e+02
4.009999847412109375e+02 3.300000000000000000e+02 1.478841209411621094e+02
4.010266113281250000e+02 3.320265960693359375e+02 1.483287048339843750e+02
4.000000000000000000e+02 3.309999847412109375e+02 1.478134441375732422e+02
3.989542770385742188e+02 3.309400177001953125e+02 1.476164627075195312e+02
3.999380874633789062e+02 3.299542617797851562e+02 1.476185131072998047e+02
4.000000000000000000e+02 3.320000076293945312e+02 1.480593490600585938e+02
3.999516296386718750e+02 3.330045318603515625e+02 1.483687305450439453e+02
3.989999771118164062e+02 3.320000076293945312e+02 1.478780078887939453e+02
3.979999923706054688e+02 3.320000076293945312e+02 1.477486991882324219e+02
3.989999771118164062e+02 3.329999923706054688e+02 1.481890201568603516e+02
3.979999923706054688e+02 3.329999923706054688e+02 1.480560588836669922e+02
3.989999771118164062e+02 3.336695480346679688e+02 1.484293937683105469e+02
3.979999923706054688e+02 3.338390350341796875e+02 1.483604431152343750e+02
3.989999771118164062e+02 3.341695785522460938e+02 1.486410236358642578e+02
3.995860290527343750e+02 3.335472869873046875e+02 1.484798431396484375e+02
3.979999923706054688e+02 3.343390274047851562e+02 1.485676860809326172e+02
3.970000076293945312e+02 3.344445419311523438e+02 1.485232353210449219e+02
3.979999923706054688e+02 3.350000000000000000e+02 1.488868808746337891e+02
3.970000076293945312e+02 3.350000000000000000e+02 1.487914657592773438e+02
3.970000076293945312e+02 3.359179687500000000e+02 1.492682361602783203e+02
3.959837722778320312e+02 3.349052429199218750e+02 1.486959648132324219e+02
3.950316619873046875e+02 3.349052429199218750e+02 1.486930274963378906e+02
3.963063049316406250e+02 3.344861221313476562e+02 1.485057640075683594e+02
3.956396484375000000e+02 3.345087432861328125e+02 1.484958839416503906e+02
3.959999847412109375e+02 3.359745025634765625e+02 1.492406272888183594e+02
3.950000000000000000e+02 3.359858322143554688e+02 1.492353057861328125e+02
3.959999847412109375e+02 3.364744949340820312e+02 1.495146465301513672e+02
3.950000000000000000e+02 3.364858245849609375e+02 1.495081233978271484e+02
3.939999771118164062e+02 3.364524841308593750e+02 1.495271778106689453e+02
3.950000000000000000e+02 3.370000076293945312e+02 1.498722743988037109e+02
3.939999771118164062e+02 3.370000076293945312e+02 1.499092864990234375e+02
3.929999923706054688e+02 3.370000076293945312e+02 1.500060749053955078e+02
3.929999923706054688e+02 3.363672637939453125e+02 1.495757675170898438e+02
3.920445632934570312e+02 3.370508575439453125e+02 1.502195644378662109e+02
3.929999923706054688e+02 3.375836181640625000e+02 1.504303169250488281e+02
3.924076080322265625e+02 3.375287246704101562e+02 1.504760837554931641e+02
3.920000076293945312e+02 3.362112426757812500e+02 1.496673965454101562e+02
3.909999847412109375e+02 3.367658615112304688e+02 1.503062057495117188e+02
3.917409133911132812e+02 3.374180984497070312e+02 1.505637454986572266e+02
3.909999847412109375e+02 3.372658538818359375e+02 1.506832599639892578e+02
3.899186706542968750e+02 3.370484161376953125e+02 1.509598731994628906e+02
3.909999847412109375e+02 3.378433990478515625e+02 1.511832618713378906e+02
3.901774215698242188e+02 3.376653289794921875e+02 1.513472747802734375e+02
3.909999847412109375e+02 3.383433914184570312e+02 1.516606044769287109e+02
3.898521804809570312e+02 3.380760192871093750e+02 1.519222450256347656e+02
3.889999771118164062e+02 3.378183364868164062e+02 1.521739864349365234e+02
3.895107269287109375e+02 3.374937820434570312e+02 1.515054130554199219e+02
3.889999771118164062e+02 3.372994613647460938e+02 1.516739845275878906e+02
3.880605316162109375e+02 3.369469070434570312e+02 1.520459175109863281e+02
3.889999771118164062e+02 3.367994689941406250e+02 1.512609100341796875e+02
3.884216308593750000e+02 3.365721893310546875e+02 1.514420700073242188e+02
3.889547729492187500e+02 3.360329055786132812e+02 1.507410717010498047e+02
3.885912704467773438e+02 3.354019546508789062e+02 1.505539035797119141e+02
3.892579269409179688e+02 3.357215118408203125e+02 1.503651046752929688e+02
3.896599197387695312e+02 3.363882064819335938e+02 1.505724811553955078e+02
3.880529785156250000e+02 3.359381866455078125e+02 1.512709808349609375e+02
3.879858398437500000e+02 3.350411605834960938e+02 1.507641696929931641e+02
3.877549743652343750e+02 3.362303161621093750e+02 1.516985988616943359e+02
3.874468994140625000e+02 3.355636596679687500e+02 1.514556694030761719e+02
3.872422409057617188e+02 3.350000000000000000e+02 1.512897872924804688e+02
3.870660400390625000e+02 3.359194183349609375e+02 1.520580768585205078e+02
3.864175796508789062e+02 3.356085586547851562e+02 1.524175548553466797e+02
3.866851806640625000e+02 3.362752151489257812e+02 1.526907730102539062e+02
3.873518371582031250e+02 3.366550064086914062e+02 1.523652648925781250e+02
3.867422485351562500e+02 3.350000000000000000e+02 1.517163658142089844e+02
3.865427398681640625e+02 3.344227600097656250e+02 1.515376091003417969e+02
3.862155532836914062e+02 3.350000000000000000e+02 1.522163677215576172e+02
3.859530258178710938e+02 3.340917968750000000e+02 1.519517135620117188e+02
3.857155609130859375e+02 3.350000000000000000e+02 1.527441596984863281e+02
3.855364608764648438e+02 3.344274902343750000e+02 1.525414180755615234e+02
3.852912139892578125e+02 3.350000000000000000e+02 1.532441616058349609e+02
3.860627365112304688e+02 3.359160232543945312e+02 1.530707836151123047e+02
3.857079315185546875e+02 3.362234878540039062e+02 1.537674617767333984e+02
3.863745880126953125e+02 3.366447067260742188e+02 1.533574390411376953e+02
3.854593276977539062e+02 3.355568313598632812e+02 1.534507942199707031e+02
3.852775192260742188e+02 3.359340667724609375e+02 1.540604782104492188e+02
3.847642517089843750e+02 3.350462722778320312e+02 1.539806270599365234e+02
3.845521545410156250e+02 3.354104995727539062e+02 1.545865154266357422e+02
3.843653488159179688e+02 3.347438049316406250e+02 1.543010520935058594e+02
3.845956039428710938e+02 3.342990875244140625e+02 1.536343860626220703e+02
3.842094802856445312e+02 3.339794540405273438e+02 1.539806270599365234e+02
3.849855041503906250e+02 3.340299606323242188e+02 1.529812812805175781e+02
3.844386291503906250e+02 3.336323928833007812e+02 1.534211349487304688e+02
3.853753662109375000e+02 3.337608337402343750e+02 1.523658084869384766e+02
3.847140502929687500e+02 3.329999923706054688e+02 1.527601432800292969e+02
3.852140808105468750e+02 3.329999923706054688e+02 1.521941089630126953e+02
3.845766830444335938e+02 3.322659301757812500e+02 1.525923919677734375e+02
3.843114852905273438e+02 3.329999923706054688e+02 1.532601451873779297e+02
3.841910934448242188e+02 3.319595718383789062e+02 1.529554367065429688e+02
3.837762832641601562e+02 3.330287170410156250e+02 1.540269088745117188e+02
3.836379241943359375e+02 3.320000076293945312e+02 1.537036895751953125e+02
3.834197235107421875e+02 3.327145385742187500e+02 1.543781757354736328e+02
3.835451507568359375e+02 3.333811950683593750e+02 1.545774173736572266e+02
3.832074356079101562e+02 3.330287170410156250e+02 1.549464511871337891e+02
3.836524200439453125e+02 3.340871429443359375e+02 1.549464511871337891e+02
3.833559036254882812e+02 3.338118743896484375e+02 1.552440834045410156e+02
3.826739883422851562e+02 3.330503082275390625e+02 1.559860706329345703e+02
3.827871704101562500e+02 3.319550704956054688e+02 1.550705814361572266e+02
3.824736404418945312e+02 3.315917587280273438e+02 1.554509639739990234e+02
3.826809692382812500e+02 3.309999847412109375e+02 1.548321437835693359e+02
3.833063888549804688e+02 3.320000076293945312e+02 1.542036914825439453e+02
3.825700759887695312e+02 3.322584152221679688e+02 1.556434440612792969e+02
3.823178100585937500e+02 3.319550704956054688e+02 1.559860706329345703e+02
3.818852615356445312e+02 3.320000076293945312e+02 1.569999980926513672e+02
3.824091339111328125e+02 3.327505493164062500e+02 1.563101100921630859e+02
3.820824432373046875e+02 3.309999847412109375e+02 1.560000038146972656e+02
3.819360351562500000e+02 3.300000000000000000e+02 1.560000038146972656e+02
3.824111557006835938e+02 3.309999847412109375e+02 1.553321456909179688e+02
3.816448974609375000e+02 3.310618972778320312e+02 1.570190811157226562e+02
3.815988922119140625e+02 3.300000000000000000e+02 1.567405128479003906e+02
3.814451980590820312e+02 3.307698059082031250e+02 1.573651313781738281e+02
3.815131378173828125e+02 3.314365005493164062e+02 1.575391292572021484e+02
3.815749740600585938e+02 3.320987319946289062e+02 1.579234790802001953e+02
3.813127899169921875e+02 3.310618972778320312e+02 1.579234790802001953e+02
3.811293029785156250e+02 3.300000000000000000e+02 1.580000019073486328e+02
3.809727859497070312e+02 3.309999847412109375e+02 1.590000057220458984e+02
3.814031982421875000e+02 3.318312072753906250e+02 1.582057952880859375e+02
3.812705612182617188e+02 3.320987319946289062e+02 1.589013099670410156e+02
3.815006256103515625e+02 3.324978637695312500e+02 1.585021781921386719e+02
3.815950012207031250e+02 3.330498886108398438e+02 1.589013099670410156e+02
3.808272171020507812e+02 3.300000000000000000e+02 1.590000057220458984e+02
3.805799484252929688e+02 3.300460052490234375e+02 1.600257110595703125e+02
3.807653808593750000e+02 3.289999771118164062e+02 1.590000057220458984e+02
3.807944869995117188e+02 3.279999923706054688e+02 1.590000057220458984e+02
3.810720443725585938e+02 3.289999771118164062e+02 1.580000019073486328e+02
3.805611038208007812e+02 3.289999771118164062e+02 1.597871971130371094e+02
3.804551315307617188e+02 3.289999771118164062e+02 1.602871894836425781e+02
3.805762863159179688e+02 3.279999923706054688e+02 1.598686790466308594e+02
3.806349182128906250e+02 3.270873641967773438e+02 1.600908851623535156e+02
3.804724502563476562e+02 3.279999923706054688e+02 1.603686714172363281e+02
3.804969024658203125e+02 3.274789428710937500e+02 1.604848098754882812e+02
3.803648376464843750e+02 3.279999923706054688e+02 1.609999847412109375e+02
3.804573440551757812e+02 3.270873641967773438e+02 1.610633659362792969e+02
3.802220153808593750e+02 3.279999923706054688e+02 1.619999885559082031e+02
3.803300476074218750e+02 3.289999771118164062e+02 1.609999847412109375e+02
3.801908493041992188e+02 3.289999771118164062e+02 1.619999885559082031e+02
3.804079818725585938e+02 3.300460052490234375e+02 1.609345245361328125e+02
3.804738235473632812e+02 3.297433853149414062e+02 1.603761672973632812e+02
3.801078796386718750e+02 3.289999771118164062e+02 1.629999923706054688e+02
3.800880813598632812e+02 3.289999771118164062e+02 1.639999961853027344e+02
3.801803970336914062e+02 3.300000000000000000e+02 1.629999923706054688e+02
3.801302719116210938e+02 3.279999923706054688e+02 1.629999923706054688e+02
3.802350997924804688e+02 3.270000076293945312e+02 1.629999923706054688e+02
3.800967788696289062e+02 3.279999923706054688e+02 1.639999961853027344e+02
3.801925277709960938e+02 3.270000076293945312e+02 1.639999961853027344e+02
3.801018142700195312e+02 3.279999923706054688e+02 1.650000000000000000e+02
3.801901626586914062e+02 3.270000076293945312e+02 1.650000000000000000e+02
3.801640701293945312e+02 3.279999923706054688e+02 1.659999847412109375e+02
3.801050567626953125e+02 3.289999771118164062e+02 1.650000000000000000e+02
3.801772308349609375e+02 3.289999771118164062e+02 1.659999847412109375e+02
3.801988983154296875e+02 3.300000000000000000e+02 1.650000000000000000e+02
3.801716995239257812e+02 3.300000000000000000e+02 1.639999961853027344e+02
3.802833557128906250e+02 3.300000000000000000e+02 1.659999847412109375e+02
3.803608322143554688e+02 3.309999847412109375e+02 1.650000000000000000e+02
3.804410171508789062e+02 3.309637069702148438e+02 1.659099197387695312e+02
3.804755783081054688e+02 3.306061935424804688e+02 1.666244125366210938e+02
3.804294967651367188e+02 3.299599838256835938e+02 1.669746398925781250e+02
3.806329345703125000e+02 3.309637069702148438e+02 1.669746398925781250e+02
3.808960342407226562e+02 3.309999847412109375e+02 1.679999923706054688e+02
3.805414962768554688e+02 3.302666091918945312e+02 1.672910690307617188e+02
3.806426620483398438e+02 3.299599838256835938e+02 1.679431152343750000e+02
3.805695724487304688e+02 3.289999771118164062e+02 1.682122993469238281e+02
3.804824066162109375e+02 3.295999526977539062e+02 1.675718498229980469e+02
3.809652328491210938e+02 3.300000000000000000e+02 1.689999961853027344e+02
3.813520050048828125e+02 3.299096679687500000e+02 1.700040245056152344e+02
3.812651062011718750e+02 3.310578155517578125e+02 1.690649604797363281e+02
3.808024978637695312e+02 3.289999771118164062e+02 1.689999961853027344e+02
3.807450485229492188e+02 3.279999923706054688e+02 1.689999961853027344e+02
3.811919784545898438e+02 3.289999771118164062e+02 1.700000000000000000e+02
3.811169433593750000e+02 3.279999923706054688e+02 1.700000000000000000e+02
3.814590835571289062e+02 3.289999771118164062e+02 1.705716705322265625e+02
3.814153671264648438e+02 3.279999923706054688e+02 1.706504821777343750e+02
3.814959335327148438e+02 3.295161437988281250e+02 1.705068969726562500e+02
3.817558288574218750e+02 3.289999771118164062e+02 1.710716629028320312e+02
3.822558212280273438e+02 3.289999771118164062e+02 1.718225479125976562e+02
3.818389511108398438e+02 3.299096679687500000e+02 1.709041404724121094e+02
3.817034530639648438e+02 3.279999923706054688e+02 1.711504745483398438e+02
3.817026901245117188e+02 3.270000076293945312e+02 1.711397743225097656e+02
3.822034454345703125e+02 3.279999923706054688e+02 1.718982696533203125e+02
3.822027206420898438e+02 3.270000076293945312e+02 1.719073486328125000e+02
3.822542190551757812e+02 3.259999847412109375e+02 1.718459129333496094e+02
3.825728607177734375e+02 3.270000076293945312e+02 1.724073410034179688e+02
3.826172256469726562e+02 3.259999847412109375e+02 1.723459053039550781e+02
3.831172180175781250e+02 3.259999847412109375e+02 1.729285049438476562e+02
3.827223587036132812e+02 3.250000000000000000e+02 1.722008895874023438e+02
3.823603820800781250e+02 3.250000000000000000e+02 1.717008972167968750e+02
3.828555679321289062e+02 3.240208435058593750e+02 1.719427871704101562e+02
3.832223510742187500e+02 3.250000000000000000e+02 1.728120231628417969e+02
3.836891937255859375e+02 3.250000000000000000e+02 1.733120155334472656e+02
3.833869934082031250e+02 3.239999771118164062e+02 1.726269531250000000e+02
3.834891128540039062e+02 3.234788131713867188e+02 1.725122642517089844e+02
3.838705444335937500e+02 3.239999771118164062e+02 1.731269454956054688e+02
3.843705368041992188e+02 3.239999771118164062e+02 1.736139297485351562e+02
3.840742111206054688e+02 3.231415557861328125e+02 1.729267311096191406e+02
3.843309783935546875e+02 3.222414398193359375e+02 1.726745414733886719e+02
3.836643218994140625e+02 3.228121185302734375e+02 1.722945213317871094e+02
3.844841003417968750e+02 3.234710311889648438e+02 1.735142135620117188e+02
3.846742630004882812e+02 3.228043365478515625e+02 1.733412170410156250e+02
3.849471282958984375e+02 3.219261550903320312e+02 1.730515861511230469e+02
3.850045394897460938e+02 3.230826187133789062e+02 1.737570762634277344e+02
3.853409194946289062e+02 3.222775650024414062e+02 1.736317062377929688e+02
3.850510406494140625e+02 3.239900207519531250e+02 1.741606712341308594e+02
3.857723236083984375e+02 3.229999923706054688e+02 1.743106842041015625e+02
3.860215759277343750e+02 3.220273208618164062e+02 1.739892768859863281e+02
3.862723159790039062e+02 3.229999923706054688e+02 1.746475028991699219e+02
3.855747604370117188e+02 3.236500167846679688e+02 1.744492149353027344e+02
3.859448623657226562e+02 3.239900207519531250e+02 1.747957038879394531e+02
3.859999847412109375e+02 3.250000000000000000e+02 1.750908279418945312e+02
3.868351364135742188e+02 3.239999771118164062e+02 1.753247451782226562e+02
3.854183959960937500e+02 3.243167114257812500e+02 1.745598411560058594e+02
3.853013610839843750e+02 3.250000000000000000e+02 1.746431541442871094e+02
3.851864242553710938e+02 3.259999847412109375e+02 1.747227096557617188e+02
3.848013687133789062e+02 3.250000000000000000e+02 1.742686271667480469e+02
3.841891860961914062e+02 3.250000000000000000e+02 1.737686157226562500e+02
3.860700988769531250e+02 3.259178543090820312e+02 1.752764320373535156e+02
3.859250640869140625e+02 3.270000076293945312e+02 1.752495574951171875e+02
3.864501571655273438e+02 3.261964416503906250e+02 1.755289840698242188e+02
3.865058517456054688e+02 3.255297470092773438e+02 1.754971122741699219e+02
3.866031265258789062e+02 3.250000000000000000e+02 1.754476737976074219e+02
3.870891189575195312e+02 3.230847167968750000e+02 1.751480865478515625e+02
3.870515823364257812e+02 3.220662307739257812e+02 1.746767044067382812e+02
3.874819183349609375e+02 3.234745788574218750e+02 1.755094337463378906e+02
3.877434539794921875e+02 3.228078842163085938e+02 1.753834724426269531e+02
3.880460739135742188e+02 3.220479965209960938e+02 1.751846885681152344e+02
3.879999923706054688e+02 3.211970901489257812e+02 1.746932601928710938e+02
3.884101104736328125e+02 3.224133300781250000e+02 1.755422401428222656e+02
3.888008880615234375e+02 3.217466735839843750e+02 1.753767776489257812e+02
3.889867401123046875e+02 3.209910202026367188e+02 1.750089454650878906e+02
3.891725540161132812e+02 3.203041076660156250e+02 1.746411132812500000e+02
3.885058975219726562e+02 3.205039215087890625e+02 1.744973373413085938e+02
3.894675445556640625e+02 3.214781188964843750e+02 1.755130958557128906e+02
3.900000000000000000e+02 3.208293914794921875e+02 1.752965927124023438e+02
3.909999847412109375e+02 3.205958557128906250e+02 1.754407119750976562e+02
3.900716400146484375e+02 3.199824523925781250e+02 1.747474861145019531e+02
3.904527664184570312e+02 3.194794273376464844e+02 1.745170211791992188e+02
3.897860717773437500e+02 3.196374320983886719e+02 1.743950080871582031e+02
3.909999847412109375e+02 3.200000000000000000e+02 1.750326919555664062e+02
3.909999847412109375e+02 3.193870735168457031e+02 1.745919609069824219e+02
3.919002151489257812e+02 3.200478363037109375e+02 1.752647209167480469e+02
3.920000076293945312e+02 3.192440605163574219e+02 1.747059631347656250e+02
3.915003967285156250e+02 3.205001068115234375e+02 1.754999160766601562e+02
3.921670532226562500e+02 3.204130172729492188e+02 1.755562210083007812e+02
3.929999923706054688e+02 3.198343658447265625e+02 1.752801513671875000e+02
3.929999923706054688e+02 3.191473388671875000e+02 1.747801589965820312e+02
3.929999923706054688e+02 3.203343963623046875e+02 1.756053161621093750e+02
3.929999923706054688e+02 3.186473464965820312e+02 1.743753814697265625e+02
3.939999771118164062e+02 3.191058349609375000e+02 1.748103904724121094e+02
3.939999771118164062e+02 3.186058235168457031e+02 1.744117355346679688e+02
3.939999771118164062e+02 3.180559921264648438e+02 1.739117431640625000e+02
3.950000000000000000e+02 3.186135482788085938e+02 1.744068145751953125e+02
3.950000000000000000e+02 3.180563545227050781e+02 1.739068222045898438e+02
3.959999847412109375e+02 3.186733245849609375e+02 1.743600273132324219e+02
3.959999847412109375e+02 3.181031608581542969e+02 1.738600158691406250e+02
3.970000076293945312e+02 3.187906074523925781e+02 1.742671585083007812e+02
3.980443191528320312e+02 3.190446090698242188e+02 1.741924095153808594e+02
3.970000076293945312e+02 3.182022666931152344e+02 1.737671661376953125e+02
3.970000076293945312e+02 3.177022743225097656e+02 1.733077812194824219e+02
3.979999923706054688e+02 3.183467292785644531e+02 1.736363601684570312e+02
3.979999923706054688e+02 3.178467178344726562e+02 1.731742858886718750e+02
3.986049652099609375e+02 3.184534454345703125e+02 1.735412025451660156e+02
3.989651489257812500e+02 3.180134582519531250e+02 1.729870414733886719e+02
3.989629745483398438e+02 3.189648818969726562e+02 1.738156127929687500e+02
3.992716217041015625e+02 3.186081314086914062e+02 1.734091377258300781e+02
4.000000000000000000e+02 3.188090133666992188e+02 1.732414245605468750e+02
4.000000000000000000e+02 3.182408142089843750e+02 1.727414321899414062e+02
4.009267044067382812e+02 3.190472221374511719e+02 1.729610061645507812e+02
4.006425094604492188e+02 3.184142494201660156e+02 1.725794410705566406e+02
4.013092041015625000e+02 3.186238861083984375e+02 1.723864173889160156e+02
4.017688369750976562e+02 3.192905426025390625e+02 1.726759147644042969e+02
4.021179962158203125e+02 3.189082145690917969e+02 1.720866966247558594e+02
4.024671554565429688e+02 3.185258865356445312e+02 1.714732360839843750e+02
4.018004608154296875e+02 3.182832717895507812e+02 1.717197418212890625e+02
4.009742355346679688e+02 3.180154228210449219e+02 1.719860839843750000e+02
4.021048736572265625e+02 3.179243278503417969e+02 1.710871124267578125e+02
4.017425918579101562e+02 3.173358154296875000e+02 1.707009887695312500e+02
4.024092483520507812e+02 3.175653839111328125e+02 1.704130363464355469e+02
4.028197479248046875e+02 3.182320404052734375e+02 1.708065795898437500e+02
4.013059234619140625e+02 3.176166152954101562e+02 1.713676643371582031e+02
4.009174346923828125e+02 3.170448493957519531e+02 1.709439849853515625e+02
4.000000000000000000e+02 3.167609405517578125e+02 1.711776161193847656e+02
4.005289459228515625e+02 3.164843177795410156e+02 1.705203056335449219e+02
4.011956024169921875e+02 3.166691398620605469e+02 1.702552986145019531e+02
4.006392288208007812e+02 3.174205589294433594e+02 1.715857315063476562e+02
4.000000000000000000e+02 3.172609329223632812e+02 1.717588615417480469e+02
4.000000000000000000e+02 3.177408027648925781e+02 1.722588539123535156e+02
3.989533615112304688e+02 3.170150184631347656e+02 1.719804191589355469e+02
3.985813903808593750e+02 3.164702033996582031e+02 1.715347862243652344e+02
3.992480850219726562e+02 3.165940284729003906e+02 1.713831901550292969e+02
3.986586761474609375e+02 3.174360084533691406e+02 1.725649642944335938e+02
3.993253326416015625e+02 3.175734901428222656e+02 1.724260711669921875e+02
3.979999923706054688e+02 3.168295288085937500e+02 1.721319389343261719e+02
3.979999923706054688e+02 3.163890266418457031e+02 1.716319465637207031e+02
3.979999923706054688e+02 3.173295402526855469e+02 1.726742935180664062e+02
3.970000076293945312e+02 3.167016983032226562e+02 1.722705459594726562e+02
3.970000076293945312e+02 3.162763404846191406e+02 1.717705535888671875e+02
3.970000076293945312e+02 3.172016906738281250e+02 1.728077888488769531e+02
3.959999847412109375e+02 3.166177940368652344e+02 1.723631286621093750e+02
3.950000000000000000e+02 3.165828323364257812e+02 1.724014282226562500e+02
3.959999847412109375e+02 3.162067985534667969e+02 1.718631172180175781e+02
3.959999847412109375e+02 3.171178054809570312e+02 1.729003524780273438e+02
3.950000000000000000e+02 3.170828437805175781e+02 1.729445075988769531e+02
3.959999847412109375e+02 3.176031684875488281e+02 1.734003639221191406e+02
3.950000000000000000e+02 3.175563621520996094e+02 1.734444999694824219e+02
3.939999771118164062e+02 3.175559806823730469e+02 1.734438133239746094e+02
3.939999771118164062e+02 3.170908737182617188e+02 1.729438018798828125e+02
3.929999923706054688e+02 3.176007843017578125e+02 1.733960723876953125e+02
3.929999923706054688e+02 3.171426582336425781e+02 1.728960609436035156e+02
3.929999923706054688e+02 3.181007957458496094e+02 1.738753700256347656e+02
3.920000076293945312e+02 3.176946830749511719e+02 1.732950019836425781e+02
3.909999847412109375e+02 3.178298950195312500e+02 1.731442451477050781e+02
3.920000076293945312e+02 3.172390556335449219e+02 1.727949905395507812e+02
3.920000076293945312e+02 3.181946945190429688e+02 1.737908554077148438e+02
3.920000076293945312e+02 3.187440681457519531e+02 1.742908668518066406e+02
3.909999847412109375e+02 3.183298873901367188e+02 1.736634254455566406e+02
3.903507614135742188e+02 3.184384346008300781e+02 1.735595893859863281e+02
3.909999847412109375e+02 3.188870620727539062e+02 1.741634178161621094e+02
3.900684356689453125e+02 3.190291595458984375e+02 1.739772987365722656e+02
3.896840667724609375e+02 3.185788917541503906e+02 1.734215545654296875e+02
3.889999771118164062e+02 3.192499923706054688e+02 1.737247467041015625e+02
3.883680343627929688e+02 3.194210815429687500e+02 1.735713195800781250e+02
3.889999771118164062e+02 3.187499809265136719e+02 1.732489585876464844e+02
3.889035415649414062e+02 3.199824523925781250e+02 1.742782020568847656e+02
3.880208206176757812e+02 3.199797630310058594e+02 1.738370704650878906e+02
3.877013778686523438e+02 3.196329498291015625e+02 1.733824157714843750e+02
3.879999923706054688e+02 3.206970596313476562e+02 1.743678283691406250e+02
3.872509002685546875e+02 3.202996444702148438e+02 1.736597824096679688e+02
3.868949127197265625e+02 3.199151420593261719e+02 1.730786132812500000e+02
3.870017623901367188e+02 3.210005950927734375e+02 1.740033149719238281e+02
3.865842437744140625e+02 3.205756378173828125e+02 1.734414863586425781e+02
3.862548446655273438e+02 3.212422943115234375e+02 1.736802101135253906e+02
3.867526626586914062e+02 3.217770767211914062e+02 1.743468666076660156e+02
3.874193191528320312e+02 3.214255142211914062e+02 1.745475578308105469e+02
3.858803558349609375e+02 3.208742141723632812e+02 1.731017112731933594e+02
3.855881881713867188e+02 3.216108703613281250e+02 1.734286117553710938e+02
3.855059051513671875e+02 3.205061340332031250e+02 1.724942779541015625e+02
3.861725616455078125e+02 3.201973342895507812e+02 1.727748107910156250e+02
3.852199935913085938e+02 3.211728286743164062e+02 1.727619361877441406e+02
3.848781585693359375e+02 3.208576965332031250e+02 1.721347427368164062e+02
3.842760848999023438e+02 3.212092208862304688e+02 1.717752265930175781e+02
3.852030181884765625e+02 3.201955032348632812e+02 1.718276023864746094e+02
3.845363235473632812e+02 3.205425643920898438e+02 1.714527320861816406e+02
3.845532989501953125e+02 3.215747833251953125e+02 1.724418830871582031e+02
3.839702224731445312e+02 3.219582748413085938e+02 1.720348739624023438e+02
3.836094284057617188e+02 3.216751098632812500e+02 1.713357734680175781e+02
3.834056854248046875e+02 3.223417663574218750e+02 1.716278648376464844e+02
3.832046890258789062e+02 3.220050811767578125e+02 1.710014724731445312e+02
3.832828903198242188e+02 3.230872726440429688e+02 1.719767189025878906e+02
3.827138900756835938e+02 3.229517364501953125e+02 1.710218048095703125e+02
3.825408172607421875e+02 3.225862503051757812e+02 1.704062652587890625e+02
3.825766372680664062e+02 3.237014007568359375e+02 1.713696861267089844e+02
3.823870086669921875e+02 3.232529067993164062e+02 1.707030296325683594e+02
3.822244644165039062e+02 3.229517364501953125e+02 1.700437545776367188e+02
3.822650909423828125e+02 3.240208435058593750e+02 1.710218048095703125e+02
3.817469024658203125e+02 3.240518188476562500e+02 1.699424171447753906e+02
3.819503402709960938e+02 3.250000000000000000e+02 1.709999847412109375e+02
3.824511337280273438e+02 3.243680572509765625e+02 1.715712928771972656e+02
3.817131805419921875e+02 3.259574127197265625e+02 1.709446144104003906e+02
3.815899658203125000e+02 3.250000000000000000e+02 1.702727699279785156e+02
3.813935089111328125e+02 3.250000000000000000e+02 1.697727584838867188e+02
3.815163040161132812e+02 3.255956649780273438e+02 1.704596328735351562e+02
3.813046646118164062e+02 3.259574127197265625e+02 1.700757789611816406e+02
3.809243392944335938e+02 3.259999847412109375e+02 1.689999961853027344e+02
3.811447906494140625e+02 3.270000076293945312e+02 1.700000000000000000e+02
3.814601135253906250e+02 3.262623596191406250e+02 1.705743789672851562e+02
3.814233398437500000e+02 3.270000076293945312e+02 1.706397628784179688e+02
3.807917785644531250e+02 3.270000076293945312e+02 1.689999961853027344e+02
3.805702972412109375e+02 3.270000076293945312e+02 1.681683921813964844e+02
3.806418228149414062e+02 3.260810089111328125e+02 1.679155540466308594e+02
3.805434799194335938e+02 3.279999923706054688e+02 1.683073616027832031e+02
3.804635238647460938e+02 3.270000076293945312e+02 1.676683807373046875e+02
3.803599166870117188e+02 3.270000076293945312e+02 1.669999885559082031e+02
3.804946136474609375e+02 3.264683914184570312e+02 1.675259208679199219e+02
3.804316329956054688e+02 3.279999923706054688e+02 1.678073501586914062e+02
3.802900314331054688e+02 3.279999923706054688e+02 1.669999885559082031e+02
3.804508972167968750e+02 3.289999771118164062e+02 1.677123069763183594e+02
3.803192138671875000e+02 3.289999771118164062e+02 1.669999885559082031e+02
3.804589080810546875e+02 3.262585830688476562e+02 1.669999885559082031e+02
3.804093551635742188e+02 3.259258270263671875e+02 1.660503768920898438e+02
3.805442810058593750e+02 3.257585906982421875e+02 1.669999885559082031e+02
3.807212066650390625e+02 3.250000000000000000e+02 1.669999885559082031e+02
3.805074691772460938e+02 3.255430984497070312e+02 1.664172935485839844e+02
3.806060409545898438e+02 3.250522232055664062e+02 1.660503768920898438e+02
3.809146118164062500e+02 3.239999771118164062e+02 1.659999847412109375e+02
3.804776382446289062e+02 3.254203796386718750e+02 1.657506179809570312e+02
3.806000900268554688e+02 3.248540878295898438e+02 1.650000000000000000e+02
3.804593276977539062e+02 3.253540802001953125e+02 1.650000000000000000e+02
3.806019210815429688e+02 3.248602676391601562e+02 1.639999961853027344e+02
3.808592224121093750e+02 3.239999771118164062e+02 1.650000000000000000e+02
3.808626937866210938e+02 3.239999771118164062e+02 1.639999961853027344e+02
3.812275695800781250e+02 3.229999923706054688e+02 1.650000000000000000e+02
3.814684295654296875e+02 3.224396133422851562e+02 1.650000000000000000e+02
3.812306213378906250e+02 3.229999923706054688e+02 1.639999961853027344e+02
3.813218688964843750e+02 3.229153060913085938e+02 1.660115051269531250e+02
3.813373947143554688e+02 3.231135559082031250e+02 1.669999885559082031e+02
3.815110397338867188e+02 3.225255203247070312e+02 1.663525199890136719e+02
3.814862442016601562e+02 3.224734115600585938e+02 1.656858634948730469e+02
3.817135238647460938e+02 3.220840454101562500e+02 1.660115051269531250e+02
3.817314910888671875e+02 3.219395828247070312e+02 1.650000000000000000e+02
3.822586441040039062e+02 3.211057662963867188e+02 1.659999847412109375e+02
3.818578720092773438e+02 3.220000076293945312e+02 1.669999885559082031e+02
3.823089981079101562e+02 3.211929702758789062e+02 1.669999885559082031e+02
3.820336914062500000e+02 3.220000076293945312e+02 1.679999923706054688e+02
3.815488815307617188e+02 3.226135635375976562e+02 1.669999885559082031e+02
3.816369247436523438e+02 3.228177261352539062e+02 1.679999923706054688e+02
3.817692947387695312e+02 3.230786514282226562e+02 1.689298629760742188e+02
3.814229583740234375e+02 3.233177185058593750e+02 1.679999923706054688e+02
3.811825942993164062e+02 3.239999771118164062e+02 1.679999923706054688e+02
3.814847564697265625e+02 3.234644317626953125e+02 1.685497856140136719e+02
3.813988494873046875e+02 3.240518188476562500e+02 1.689298629760742188e+02
3.811397171020507812e+02 3.250000000000000000e+02 1.689999961853027344e+02
3.814725112915039062e+02 3.244197082519531250e+02 1.695707130432128906e+02
3.815875244140625000e+02 3.237530136108398438e+02 1.692164421081542969e+02
3.808889007568359375e+02 3.250000000000000000e+02 1.679999923706054688e+02
3.810143280029296875e+02 3.239999771118164062e+02 1.669999885559082031e+02
3.822978210449218750e+02 3.219866561889648438e+02 1.689578628540039062e+02
3.824683380126953125e+02 3.214498138427734375e+02 1.685964393615722656e+02
3.823995971679687500e+02 3.223110961914062500e+02 1.697395896911621094e+02
3.825794982910156250e+02 3.216444396972656250e+02 1.692630958557128906e+02
3.828414916992187500e+02 3.210699081420898438e+02 1.689578628540039062e+02
3.827089691162109375e+02 3.219866561889648438e+02 1.700437545776367188e+02
3.832665252685546875e+02 3.210095596313476562e+02 1.699372673034667969e+02
3.833945846557617188e+02 3.213492584228515625e+02 1.706691169738769531e+02
3.836358642578125000e+02 3.206826019287109375e+02 1.702287673950195312e+02
3.834700775146484375e+02 3.204626083374023438e+02 1.695621109008789062e+02
3.833672332763671875e+02 3.203318405151367188e+02 1.689999961853027344e+02
3.840289306640625000e+02 3.200360107421875000e+02 1.699374198913574219e+02
3.844219970703125000e+02 3.194201087951660156e+02 1.696460723876953125e+02
3.837847900390625000e+02 3.198318099975585938e+02 1.689999961853027344e+02
3.843025588989257812e+02 3.202760314941406250e+02 1.707860565185546875e+02
3.846061706542968750e+02 3.196093559265136719e+02 1.703127479553222656e+02
3.849045944213867188e+02 3.199024200439453125e+02 1.711248588562011719e+02
3.850216293334960938e+02 3.190217590332031250e+02 1.699586868286132812e+02
3.854371261596679688e+02 3.184456825256347656e+02 1.696046257019042969e+02
3.847950744628906250e+02 3.187780570983886719e+02 1.689999961853027344e+02
3.852728271484375000e+02 3.192900657653808594e+02 1.707970046997070312e+02
3.856533050537109375e+02 3.186234092712402344e+02 1.702713012695312500e+02
3.859919738769531250e+02 3.182034111022949219e+02 1.699627685546875000e+02
3.859257125854492188e+02 3.189374542236328125e+02 1.710872650146484375e+02
3.863199996948242188e+02 3.183635139465332031e+02 1.707108688354492188e+02
3.855314636230468750e+02 3.195288276672363281e+02 1.714636611938476562e+02
3.861981201171875000e+02 3.192514991760253906e+02 1.718008613586425781e+02
3.866221237182617188e+02 3.185848426818847656e+02 1.713775253295898438e+02
3.869138336181640625e+02 3.189380073547363281e+02 1.720750808715820312e+02
3.870461273193359375e+02 3.180284309387207031e+02 1.709542083740234375e+02
3.874701690673828125e+02 3.174810028076171875e+02 1.705308914184570312e+02
3.867613601684570312e+02 3.176699829101562500e+02 1.700000000000000000e+02
3.872887802124023438e+02 3.183600044250488281e+02 1.716826438903808594e+02
3.879999923706054688e+02 3.176509475708007812e+02 1.712642669677734375e+02
3.879999923706054688e+02 3.173336029052734375e+02 1.707642745971679688e+02
3.880265426635742188e+02 3.181792640686035156e+02 1.720095825195312500e+02
3.885157012939453125e+02 3.175079345703125000e+02 1.714881324768066406e+02
3.889768600463867188e+02 3.169881629943847656e+02 1.710181808471679688e+02
3.889094161987304688e+02 3.177240943908691406e+02 1.720233154296875000e+02
3.891823577880859375e+02 3.173458480834960938e+02 1.717055130004882812e+02
3.889999771118164062e+02 3.182741737365722656e+02 1.727489471435546875e+02
3.897532653808593750e+02 3.176013946533203125e+02 1.723721885681152344e+02
3.900519943237304688e+02 3.180199241638183594e+02 1.729793548583984375e+02
3.900519561767578125e+02 3.172164154052734375e+02 1.720233154296875000e+02
3.900000000000000000e+02 3.166693115234375000e+02 1.712323951721191406e+02
3.904199218750000000e+02 3.174682617187500000e+02 1.725371551513671875e+02
3.909867477416992188e+02 3.168273735046386719e+02 1.719481086730957031e+02
3.913112640380859375e+02 3.164402580261230469e+02 1.715801811218261719e+02
3.906445693969726562e+02 3.165465545654296875e+02 1.714282989501953125e+02
3.909999847412109375e+02 3.173742866516113281e+02 1.726442527770996094e+02
3.920000076293945312e+02 3.167390632629394531e+02 1.721961402893066406e+02
3.920000076293945312e+02 3.163520622253417969e+02 1.716961288452148438e+02
3.929999923706054688e+02 3.166426467895507812e+02 1.723225021362304688e+02
3.929999923706054688e+02 3.162528991699218750e+02 1.718224906921386719e+02
3.939999771118164062e+02 3.165908813476562500e+02 1.723895072937011719e+02
3.939999771118164062e+02 3.161955451965332031e+02 1.718894958496093750e+02
3.939999771118164062e+02 3.156955337524414062e+02 1.711980247497558594e+02
3.950000000000000000e+02 3.161813354492187500e+02 1.719014358520507812e+02
3.950000000000000000e+02 3.156813430786132812e+02 1.712257957458496094e+02
3.950000000000000000e+02 3.153543663024902344e+02 1.707257843017578125e+02
3.959999847412109375e+02 3.157067871093750000e+02 1.711972618103027344e+02
3.959999847412109375e+02 3.153695678710937500e+02 1.706972694396972656e+02
3.970000076293945312e+02 3.157763290405273438e+02 1.711126518249511719e+02
3.970000076293945312e+02 3.154231452941894531e+02 1.706126594543457031e+02
3.979672622680664062e+02 3.158426094055175781e+02 1.709221839904785156e+02
3.982787704467773438e+02 3.155523300170898438e+02 1.704208946228027344e+02
3.989488220214843750e+02 3.162143898010253906e+02 1.710299110412597656e+02
3.976121139526367188e+02 3.154739761352539062e+02 1.705369758605957031e+02
3.979672622680664062e+02 3.152467536926269531e+02 1.700525283813476562e+02
3.970000076293945312e+02 3.150385284423828125e+02 1.700000000000000000e+02
3.979999923706054688e+02 3.147029495239257812e+02 1.691089820861816406e+02
3.989999771118164062e+02 3.153414726257324219e+02 1.697494125366210938e+02
3.989034271240234375e+02 3.148377037048339844e+02 1.689021492004394531e+02
3.989999771118164062e+02 3.156653404235839844e+02 1.702494049072265625e+02
3.996159362792968750e+02 3.154500389099121094e+02 1.695783042907714844e+02
3.999695587158203125e+02 3.152833175659179688e+02 1.689958190917968750e+02
3.999695587158203125e+02 3.158487319946289062e+02 1.699469757080078125e+02
4.002825927734375000e+02 3.155954551696777344e+02 1.693263816833496094e+02
4.000000000000000000e+02 3.163643264770507812e+02 1.706776237487792969e+02
4.009173583984375000e+02 3.163126945495605469e+02 1.699531745910644531e+02
4.009978103637695312e+02 3.157770919799804688e+02 1.689958190917968750e+02
4.015903091430664062e+02 3.164413833618164062e+02 1.695886421203613281e+02
4.019541931152343750e+02 3.163025665283203125e+02 1.689307403564453125e+02
4.019997787475585938e+02 3.169989776611328125e+02 1.700008392333984375e+02
4.022569656372070312e+02 3.166621589660644531e+02 1.692178916931152344e+02
4.027196502685546875e+02 3.173288154602050781e+02 1.697463798522949219e+02
4.029629135131835938e+02 3.170254135131835938e+02 1.689511680603027344e+02
4.031030273437500000e+02 3.179132080078125000e+02 1.701157188415527344e+02
4.033863067626953125e+02 3.175943756103515625e+02 1.693510818481445312e+02
4.034864425659179688e+02 3.185125160217285156e+02 1.704850769042968750e+02
4.037613296508789062e+02 3.182610321044921875e+02 1.698184204101562500e+02
4.040279769897460938e+02 3.179751777648925781e+02 1.690395736694335938e+02
4.041244125366210938e+02 3.188755798339843750e+02 1.701517486572265625e+02
4.044279861450195312e+02 3.185719871520996094e+02 1.693947410583496094e+02
4.047364807128906250e+02 3.192386627197265625e+02 1.698184204101562500e+02
4.050235748291015625e+02 3.189734458923339844e+02 1.690365600585937500e+02
4.053478240966796875e+02 3.186672019958496094e+02 1.679999923706054688e+02
4.046439743041992188e+02 3.183559989929199219e+02 1.687280654907226562e+02
4.048478317260742188e+02 3.181537818908691406e+02 1.679999923706054688e+02
4.050604629516601562e+02 3.179386329650878906e+02 1.671337509155273438e+02
4.043331146240234375e+02 3.176537895202636719e+02 1.679999923706054688e+02
4.038331222534179688e+02 3.172133064270019531e+02 1.679999923706054688e+02
4.044828414916992188e+02 3.175157165527343750e+02 1.674640846252441406e+02
4.040335845947265625e+02 3.169689178466796875e+02 1.670696067810058594e+02
4.035843276977539062e+02 3.164328384399414062e+02 1.666751480102539062e+02
4.034165573120117188e+02 3.165623855590820312e+02 1.673418045043945312e+02
4.042171478271484375e+02 3.167354011535644531e+02 1.659999847412109375e+02
4.046345138549804688e+02 3.173754692077636719e+02 1.667974281311035156e+02
4.047882843017578125e+02 3.172354125976562500e+02 1.659999847412109375e+02
4.050499343872070312e+02 3.171726036071777344e+02 1.649211883544921875e+02
4.052882766723632812e+02 3.177065467834472656e+02 1.659999847412109375e+02
4.054165267944335938e+02 3.175805091857910156e+02 1.652019691467285156e+02
4.057820892333984375e+02 3.182065391540527344e+02 1.659999847412109375e+02
4.058517456054687500e+02 3.179483032226562500e+02 1.649211883544921875e+02
4.056323242187500000e+02 3.183615303039550781e+02 1.668034172058105469e+02
4.062820816040039062e+02 3.187546348571777344e+02 1.659999847412109375e+02
4.064322280883789062e+02 3.185788345336914062e+02 1.650000000000000000e+02
4.060355758666992188e+02 3.189583587646484375e+02 1.670798683166503906e+02
4.066991043090820312e+02 3.192546463012695312e+02 1.659999847412109375e+02
4.068447494506835938e+02 3.190788269042968750e+02 1.650000000000000000e+02
4.065788650512695312e+02 3.194020080566406250e+02 1.666896247863769531e+02
4.072467422485351562e+02 3.200233459472656250e+02 1.660623741149902344e+02
4.073447418212890625e+02 3.197163581848144531e+02 1.650000000000000000e+02
4.068396759033203125e+02 3.199500465393066406e+02 1.670137786865234375e+02
4.075886535644531250e+02 3.203722000122070312e+02 1.657706069946289062e+02
4.074791336059570312e+02 3.205334091186523438e+02 1.664372825622558594e+02
4.073654174804687500e+02 3.207170486450195312e+02 1.669999885559082031e+02
4.078357315063476562e+02 3.209200286865234375e+02 1.660623741149902344e+02
4.082326889038085938e+02 3.210539627075195312e+02 1.650042533874511719e+02
4.084569168090820312e+02 3.215842437744140625e+02 1.653404235839843750e+02
4.085463333129882812e+02 3.214232635498046875e+02 1.646737670898437500e+02
4.076981735229492188e+02 3.202163696289062500e+02 1.650000000000000000e+02
4.083113098144531250e+02 3.208031845092773438e+02 1.639999961853027344e+02
4.077503585815429688e+02 3.199497604370117188e+02 1.639068984985351562e+02
4.083919525146484375e+02 3.206689453125000000e+02 1.629999923706054688e+02
4.086207962036132812e+02 3.213031768798828125e+02 1.639999961853027344e+02
4.087060546875000000e+02 3.211689376831054688e+02 1.629999923706054688e+02
4.089959716796875000e+02 3.220000076293945312e+02 1.639999961853027344e+02
4.092369461059570312e+02 3.220975875854492188e+02 1.629086685180664062e+02
4.092570877075195312e+02 3.219572830200195312e+02 1.619999885559082031e+02
4.094535064697265625e+02 3.226064682006835938e+02 1.631811141967773438e+02
4.095021057128906250e+02 3.224959564208984375e+02 1.625144386291503906e+02
4.095226287841796875e+02 3.224573135375976562e+02 1.619999885559082031e+02
4.095421218872070312e+02 3.224206161499023438e+02 1.609999847412109375e+02
4.095226287841796875e+02 3.224573516845703125e+02 1.600000000000000000e+02
4.092741775512695312e+02 3.219206237792968750e+02 1.609999847412109375e+02
4.092551803588867188e+02 3.219573211669921875e+02 1.600000000000000000e+02
4.087741470336914062e+02 3.210648727416992188e+02 1.609999847412109375e+02
4.084574890136718750e+02 3.205648803710937500e+02 1.609999847412109375e+02
4.087551879882812500e+02 3.210969924926757812e+02 1.600000000000000000e+02
4.087570953369140625e+02 3.210906600952148438e+02 1.619999885559082031e+02
4.084410476684570312e+02 3.205906677246093750e+02 1.619999885559082031e+02
4.080226516723632812e+02 3.200000000000000000e+02 1.619999885559082031e+02
4.080525207519531250e+02 3.200000000000000000e+02 1.609999847412109375e+02
4.079269790649414062e+02 3.200000000000000000e+02 1.629999923706054688e+02
4.075815963745117188e+02 3.194012260437011719e+02 1.619999885559082031e+02
4.071527481079101562e+02 3.189012336730957031e+02 1.619999885559082031e+02
4.075950241088867188e+02 3.193867111206054688e+02 1.609999847412109375e+02
4.075350189208984375e+02 3.194569396972656250e+02 1.629999923706054688e+02
4.071139144897460938e+02 3.189569473266601562e+02 1.629999923706054688e+02
4.075021743774414062e+02 3.194972991943359375e+02 1.635115051269531250e+02
4.069981384277343750e+02 3.189990997314453125e+02 1.640034484863281250e+02
4.074397277832031250e+02 3.195829391479492188e+02 1.641781806945800781e+02
4.064991760253906250e+02 3.185009193420410156e+02 1.644953918457031250e+02
4.065565490722656250e+02 3.184375953674316406e+02 1.638287162780761719e+02
4.061460876464843750e+02 3.180625534057617188e+02 1.640972328186035156e+02
4.066139221191406250e+02 3.183753395080566406e+02 1.629999923706054688e+02
4.061285781860351562e+02 3.178753471374511719e+02 1.629999923706054688e+02
4.066527175903320312e+02 3.183348655700683594e+02 1.619999885559082031e+02
4.066586303710937500e+02 3.183306694030761719e+02 1.609999847412109375e+02
4.061624908447265625e+02 3.178348731994628906e+02 1.619999885559082031e+02
4.056624984741210938e+02 3.173530769348144531e+02 1.619999885559082031e+02
4.061621475219726562e+02 3.178306579589843750e+02 1.609999847412109375e+02
4.056621551513671875e+02 3.173554229736328125e+02 1.609999847412109375e+02
4.061215972900390625e+02 3.178652191162109375e+02 1.600000000000000000e+02
4.056215667724609375e+02 3.173923683166503906e+02 1.600000000000000000e+02
4.059352874755859375e+02 3.178517723083496094e+02 1.589139366149902344e+02
4.066279983520507812e+02 3.183652114868164062e+02 1.600000000000000000e+02
4.065608596801757812e+02 3.184367752075195312e+02 1.590000057220458984e+02
4.071279907226562500e+02 3.189181900024414062e+02 1.600000000000000000e+02
4.071369934082031250e+02 3.190789794921875000e+02 1.589789390563964844e+02
4.075689315795898438e+02 3.194181823730468750e+02 1.600000000000000000e+02
4.071586608886718750e+02 3.188866996765136719e+02 1.609999847412109375e+02
4.080050659179687500e+02 3.200000000000000000e+02 1.600000000000000000e+02
4.075294876098632812e+02 3.194649887084960938e+02 1.592982196807861328e+02
4.078217315673828125e+02 3.199147987365722656e+02 1.589789390563964844e+02
4.077877807617187500e+02 3.201162338256835938e+02 1.580000019073486328e+02
4.074805068969726562e+02 3.195246696472167969e+02 1.586315536499023438e+02
4.083800125122070312e+02 3.206849288940429688e+02 1.590000057220458984e+02
4.082877731323242188e+02 3.208329010009765625e+02 1.580000019073486328e+02
4.084361267089843750e+02 3.205970001220703125e+02 1.600000000000000000e+02
4.086987304687500000e+02 3.211849212646484375e+02 1.590000057220458984e+02
4.086037445068359375e+02 3.213329315185546875e+02 1.580000019073486328e+02
4.092280578613281250e+02 3.220976257324218750e+02 1.590921497344970703e+02
4.085308456420898438e+02 3.214500427246093750e+02 1.574078845977783203e+02
4.081657409667968750e+02 3.210700225830078125e+02 1.570447254180908203e+02
4.077346420288085938e+02 3.210057067871093750e+02 1.560502910614013672e+02
4.076440048217773438e+02 3.203101730346679688e+02 1.569999980926513672e+02
4.084175491333007812e+02 3.216508102416992188e+02 1.567412090301513672e+02
4.082820892333984375e+02 3.219904708862304688e+02 1.559662628173828125e+02
4.084508895874023438e+02 3.226104354858398438e+02 1.556104278564453125e+02
4.085965347290039062e+02 3.223174667358398438e+02 1.562770938873291016e+02
4.075384902954101562e+02 3.204499053955078125e+02 1.564171409606933594e+02
4.072505569458007812e+02 3.198101425170898438e+02 1.569999980926513672e+02
4.069923019409179688e+02 3.200118255615234375e+02 1.560203647613525391e+02
4.074074172973632812e+02 3.196162414550781250e+02 1.580000019073486328e+02
4.067505645751953125e+02 3.192238044738769531e+02 1.569999980926513672e+02
4.062826919555664062e+02 3.187238121032714844e+02 1.569999980926513672e+02
4.066047286987304688e+02 3.193853759765625000e+02 1.562902641296386719e+02
4.068341445922851562e+02 3.189478111267089844e+02 1.580697059631347656e+02
4.064229965209960938e+02 3.185797119140625000e+02 1.577828407287597656e+02
4.065136718750000000e+02 3.184859848022460938e+02 1.584495067596435547e+02
4.060537719726562500e+02 3.181484794616699219e+02 1.580697059631347656e+02
4.057826995849609375e+02 3.182325744628906250e+02 1.569999980926513672e+02
4.054174041748046875e+02 3.175711059570312500e+02 1.580000019073486328e+02
4.049174118041992188e+02 3.171549224853515625e+02 1.580000019073486328e+02
4.052321624755859375e+02 3.177325820922851562e+02 1.569999980926513672e+02
4.054954528808593750e+02 3.175039291381835938e+02 1.585232257843017578e+02
4.050972747802734375e+02 3.171078300476074219e+02 1.589139366149902344e+02
4.049282073974609375e+02 3.168160438537597656e+02 1.599167633056640625e+02
4.055587768554687500e+02 3.174481582641601562e+02 1.591898918151855469e+02
4.044349670410156250e+02 3.165486526489257812e+02 1.590000057220458984e+02
4.042936325073242188e+02 3.166549301147460938e+02 1.580000019073486328e+02
4.044952392578125000e+02 3.165035820007324219e+02 1.595279407501220703e+02
4.039349746704101562e+02 3.161838722229003906e+02 1.590000057220458984e+02
4.032222747802734375e+02 3.156838798522949219e+02 1.590000057220458984e+02
4.037936401367187500e+02 3.162859535217285156e+02 1.580000019073486328e+02
4.040971374511718750e+02 3.161661911010742188e+02 1.599167633056640625e+02
4.033323287963867188e+02 3.156117439270019531e+02 1.600000000000000000e+02
4.045470046997070312e+02 3.164613342285156250e+02 1.601946067810058594e+02
4.039999771118164062e+02 3.160020637512207031e+02 1.609999847412109375e+02
4.033953094482421875e+02 3.155706214904785156e+02 1.609999847412109375e+02
4.039999771118164062e+02 3.159814643859863281e+02 1.619999885559082031e+02
4.045825958251953125e+02 3.164314270019531250e+02 1.609999847412109375e+02
4.045925140380859375e+02 3.164222908020019531e+02 1.619999885559082031e+02
4.050825881958007812e+02 3.168554306030273438e+02 1.609999847412109375e+02
4.050925064086914062e+02 3.168530845642089844e+02 1.619999885559082031e+02
4.050658798217773438e+02 3.168815422058105469e+02 1.629999923706054688e+02
4.045658874511718750e+02 3.164442443847656250e+02 1.629999923706054688e+02
4.049165725708007812e+02 3.168716621398925781e+02 1.639967536926269531e+02
4.056285858154296875e+02 3.173815536499023438e+02 1.629999923706054688e+02
4.055582046508789062e+02 3.174455833435058594e+02 1.639999961853027344e+02
4.055099105834960938e+02 3.174905776977539062e+02 1.645353126525878906e+02
4.044683837890625000e+02 3.165253257751464844e+02 1.643279266357421875e+02
4.045275878906250000e+02 3.164764976501464844e+02 1.636612510681152344e+02
4.040810394287109375e+02 3.161848640441894531e+02 1.639967536926269531e+02
4.033188247680664062e+02 3.156237030029296875e+02 1.639999961853027344e+02
4.039999771118164062e+02 3.160198402404785156e+02 1.629999923706054688e+02
4.038801956176757812e+02 3.162074279785156250e+02 1.650000000000000000e+02
4.031999969482421875e+02 3.157074356079101562e+02 1.650000000000000000e+02
4.037171554565429688e+02 3.163293647766113281e+02 1.659999847412109375e+02
4.043801879882812500e+02 3.165978050231933594e+02 1.650000000000000000e+02
4.029509735107421875e+02 3.157826614379882812e+02 1.660296249389648438e+02
4.030499267578125000e+02 3.161717033386230469e+02 1.670050811767578125e+02
4.025849533081054688e+02 3.154421997070312500e+02 1.657160568237304688e+02
4.024492645263671875e+02 3.155319404602050781e+02 1.663827133178710938e+02
4.020695495605468750e+02 3.152083778381347656e+02 1.660296249389648438e+02
4.022784042358398438e+02 3.156399917602539062e+02 1.669999885559082031e+02
4.019531631469726562e+02 3.158305549621582031e+02 1.679758071899414062e+02
4.017784118652343750e+02 3.153300285339355469e+02 1.669999885559082031e+02
4.009065246582031250e+02 3.148285484313964844e+02 1.669095993041992188e+02
4.015886306762695312e+02 3.154451751708984375e+02 1.676263427734375000e+02
4.009978103637695312e+02 3.152804183959960938e+02 1.679758071899414062e+02
4.013296890258789062e+02 3.155916595458984375e+02 1.682929992675781250e+02
4.006630325317382812e+02 3.154146385192871094e+02 1.686597061157226562e+02
3.999503326416015625e+02 3.147778320312500000e+02 1.679503250122070312e+02
3.995838928222656250e+02 3.144644165039062500e+02 1.675838851928710938e+02
3.991723632812500000e+02 3.146075439453125000e+02 1.682505607604980469e+02
4.002505493164062500e+02 3.146075439453125000e+02 1.671826553344726562e+02
3.999503326416015625e+02 3.143899917602539062e+02 1.669095993041992188e+02
3.989999771118164062e+02 3.140759086608886719e+02 1.669999885559082031e+02
4.000000000000000000e+02 3.141641998291015625e+02 1.659999847412109375e+02
4.005108642578125000e+02 3.144946289062500000e+02 1.665159988403320312e+02
4.006408309936523438e+02 3.144322967529296875e+02 1.659999847412109375e+02
4.008524703979492188e+02 3.143338775634765625e+02 1.650000000000000000e+02
4.011408233642578125e+02 3.146788024902343750e+02 1.659999847412109375e+02
4.013525009155273438e+02 3.145721817016601562e+02 1.650000000000000000e+02
4.014597320556640625e+02 3.145193481445312500e+02 1.643342208862304688e+02
4.020000076293945312e+02 3.149382781982421875e+02 1.650000000000000000e+02
4.019203567504882812e+02 3.147425270080566406e+02 1.640005302429199219e+02
4.026999664306640625e+02 3.153660964965820312e+02 1.650000000000000000e+02
4.028188323974609375e+02 3.152886390686035156e+02 1.639999961853027344e+02
4.028892135620117188e+02 3.152424430847167969e+02 1.629999923706054688e+02
4.020765304565429688e+02 3.147424507141113281e+02 1.629999923706054688e+02
4.029132843017578125e+02 3.152264785766601562e+02 1.619999885559082031e+02
4.033892059326171875e+02 3.155755805969238281e+02 1.629999923706054688e+02
4.034132766723632812e+02 3.155591583251953125e+02 1.619999885559082031e+02
4.021021270751953125e+02 3.147264862060546875e+02 1.619999885559082031e+02
4.028953170776367188e+02 3.152405357360839844e+02 1.609999847412109375e+02
4.028323364257812500e+02 3.152840042114257812e+02 1.600000000000000000e+02
4.020725631713867188e+02 3.147405433654785156e+02 1.609999847412109375e+02
4.019171905517578125e+02 3.147416877746582031e+02 1.600203132629394531e+02
4.015725708007812500e+02 3.144594001770019531e+02 1.609999847412109375e+02
4.015286636352539062e+02 3.144841575622558594e+02 1.603672027587890625e+02
4.016021347045898438e+02 3.144425582885742188e+02 1.619999885559082031e+02
4.009999847412109375e+02 3.141925430297851562e+02 1.609999847412109375e+02
4.000000000000000000e+02 3.137889289855957031e+02 1.609999847412109375e+02
4.010694503784179688e+02 3.143119239807128906e+02 1.600203132629394531e+02
4.009999847412109375e+02 3.141602325439453125e+02 1.619999885559082031e+02
4.000000000000000000e+02 3.137590026855468750e+02 1.619999885559082031e+02
4.009999847412109375e+02 3.141862869262695312e+02 1.629999923706054688e+02
4.010758209228515625e+02 3.143029785156250000e+02 1.640005302429199219e+02
4.015765380859375000e+02 3.144567680358886719e+02 1.629999923706054688e+02
4.000000000000000000e+02 3.137808609008789062e+02 1.629999923706054688e+02
3.993165588378906250e+02 3.135513305664062500e+02 1.629999923706054688e+02
4.000000000000000000e+02 3.138524818420410156e+02 1.639999961853027344e+02
3.992083358764648438e+02 3.135842514038085938e+02 1.639999961853027344e+02
4.000000000000000000e+02 3.139761543273925781e+02 1.650000000000000000e+02
3.989537048339843750e+02 3.136257553100585938e+02 1.650135803222656250e+02
3.985894775390625000e+02 3.134741592407226562e+02 1.646893119812011719e+02
3.983860015869140625e+02 3.135198974609375000e+02 1.653559875488281250e+02
3.989999771118164062e+02 3.138129997253417969e+02 1.659999847412109375e+02
3.980316162109375000e+02 3.135803794860839844e+02 1.660193824768066406e+02
3.977193450927734375e+02 3.134622955322265625e+02 1.656989860534667969e+02
3.972726821899414062e+02 3.135258102416992188e+02 1.663656425476074219e+02
3.979999923706054688e+02 3.138220977783203125e+02 1.669999885559082031e+02
3.969636154174804688e+02 3.136419296264648438e+02 1.669245147705078125e+02
3.979999923706054688e+02 3.141817474365234375e+02 1.679999923706054688e+02
3.970000076293945312e+02 3.140222167968750000e+02 1.679999923706054688e+02
3.989034271240234375e+02 3.143921089172363281e+02 1.679503250122070312e+02
3.979999923706054688e+02 3.144451904296875000e+02 1.686089706420898438e+02
3.985056686401367188e+02 3.144981384277343750e+02 1.685036087036132812e+02
3.970000076293945312e+02 3.143641662597656250e+02 1.687742233276367188e+02
3.959999847412109375e+02 3.143275451660156250e+02 1.688545036315917969e+02
3.970000076293945312e+02 3.146153640747070312e+02 1.692742347717285156e+02
3.959999847412109375e+02 3.145727729797363281e+02 1.693544960021972656e+02
3.959999847412109375e+02 3.149423599243164062e+02 1.700000000000000000e+02
3.950000000000000000e+02 3.145686912536621094e+02 1.693577384948730469e+02
3.950000000000000000e+02 3.143308258056640625e+02 1.688577461242675781e+02
3.950000000000000000e+02 3.149230575561523438e+02 1.700000000000000000e+02
3.939999771118164062e+02 3.145987892150878906e+02 1.692858886718750000e+02
3.939999771118164062e+02 3.143694877624511719e+02 1.687858963012695312e+02
3.939999771118164062e+02 3.149731636047363281e+02 1.700000000000000000e+02
3.929999923706054688e+02 3.146707153320312500e+02 1.691170120239257812e+02
3.929999923706054688e+02 3.144475936889648438e+02 1.686170196533203125e+02
3.920967864990234375e+02 3.147728347778320312e+02 1.689018630981445312e+02
3.929999923706054688e+02 3.151082038879394531e+02 1.700000000000000000e+02
3.920679473876953125e+02 3.153151512145996094e+02 1.700252342224121094e+02
3.929999923706054688e+02 3.154374885559082031e+02 1.705998420715332031e+02
3.924465942382812500e+02 3.154874420166015625e+02 1.705203437805175781e+02
3.929999923706054688e+02 3.157528877258300781e+02 1.710998344421386719e+02
3.939999771118164062e+02 3.153743553161621094e+02 1.706980323791503906e+02
3.920679473876953125e+02 3.158213043212890625e+02 1.709122085571289062e+02
3.917799377441406250e+02 3.155660820007324219e+02 1.703753852844238281e+02
3.909867477416992188e+02 3.162059593200683594e+02 1.710569763183593750e+02
3.909006500244140625e+02 3.156420326232910156e+02 1.700252342224121094e+02
3.900000000000000000e+02 3.163555526733398438e+02 1.707324028015136719e+02
3.900000000000000000e+02 3.159583091735839844e+02 1.700000000000000000e+02
3.894380569458007812e+02 3.164704895019531250e+02 1.705482292175292969e+02
3.890628051757812500e+02 3.163407135009765625e+02 1.699468040466308594e+02
3.884297180175781250e+02 3.164607429504394531e+02 1.695780181884765625e+02
3.889999771118164062e+02 3.159443283081054688e+02 1.689999961853027344e+02
3.887713623046875000e+02 3.166304779052734375e+02 1.702446937561035156e+02
3.880578231811523438e+02 3.168558692932128906e+02 1.699468040466308594e+02
3.877207946777343750e+02 3.166249275207519531e+02 1.689999961853027344e+02
3.872613525390625000e+02 3.173469734191894531e+02 1.700000000000000000e+02
3.869269561767578125e+02 3.171405410766601562e+02 1.690546607971191406e+02
3.870183563232421875e+02 3.167311668395996094e+02 1.680666351318359375e+02
3.865449523925781250e+02 3.175297927856445312e+02 1.694244384765625000e+02
3.863636779785156250e+02 3.174009704589843750e+02 1.687577629089355469e+02
3.861972427368164062e+02 3.172752380371093750e+02 1.679999923706054688e+02
3.860182189941406250e+02 3.177745819091796875e+02 1.690546607971191406e+02
3.852950668334960938e+02 3.183208847045898438e+02 1.689999961853027344e+02
3.856972503662109375e+02 3.176503372192382812e+02 1.679999923706054688e+02
3.855659866333007812e+02 3.175516319274902344e+02 1.672397422790527344e+02
3.851072692871093750e+02 3.181503295898437500e+02 1.679999923706054688e+02
3.850014495849609375e+02 3.180034446716308594e+02 1.669858169555664062e+02
3.846072769165039062e+02 3.186026573181152344e+02 1.679999923706054688e+02
3.845200729370117188e+02 3.185195732116699219e+02 1.673985671997070312e+02
3.841193389892578125e+02 3.191026687622070312e+02 1.679999923706054688e+02
3.839948654174804688e+02 3.189981460571289062e+02 1.670111465454101562e+02
3.836193466186523438e+02 3.196413230895996094e+02 1.679999923706054688e+02
3.842847824096679688e+02 3.192780685424804688e+02 1.689999961853027344e+02
3.832206344604492188e+02 3.201413345336914062e+02 1.679999923706054688e+02
3.835347366333007812e+02 3.195419502258300781e+02 1.672903823852539062e+02
3.831887054443359375e+02 3.199251747131347656e+02 1.669742202758789062e+02
3.830110549926757812e+02 3.200000000000000000e+02 1.659999847412109375e+02
3.826259613037109375e+02 3.206929779052734375e+02 1.669999885559082031e+02
3.834798431396484375e+02 3.194766998291015625e+02 1.666237258911132812e+02
3.834430694580078125e+02 3.194338989257812500e+02 1.659999847412109375e+02
3.834041976928710938e+02 3.193884658813476562e+02 1.650000000000000000e+02
3.839001083374023438e+02 3.189338874816894531e+02 1.659999847412109375e+02
3.838528823852539062e+02 3.188884735107421875e+02 1.650000000000000000e+02
3.844001007080078125e+02 3.183984947204589844e+02 1.659999847412109375e+02
3.843528747558593750e+02 3.183467483520507812e+02 1.650000000000000000e+02
3.844549942016601562e+02 3.184552574157714844e+02 1.667318916320800781e+02
3.849306488037109375e+02 3.178984832763671875e+02 1.659999847412109375e+02
3.848638916015625000e+02 3.178467369079589844e+02 1.650000000000000000e+02
3.854306411743164062e+02 3.174405860900878906e+02 1.659999847412109375e+02
3.853638839721679688e+02 3.173814582824707031e+02 1.650000000000000000e+02
3.854827880859375000e+02 3.174854660034179688e+02 1.665730667114257812e+02
3.859999847412109375e+02 3.169877815246582031e+02 1.659999847412109375e+02
3.860744476318359375e+02 3.168064689636230469e+02 1.650882530212402344e+02
3.859395980834960938e+02 3.172073554992675781e+02 1.669438362121582031e+02
3.865671920776367188e+02 3.165472030639648438e+02 1.659999847412109375e+02
3.870671844482421875e+02 3.162010002136230469e+02 1.659999847412109375e+02
3.865029907226562500e+02 3.165021514892578125e+02 1.654804039001464844e+02
3.867129135131835938e+02 3.166450881958007812e+02 1.669999885559082031e+02
3.872129058837890625e+02 3.163063812255859375e+02 1.669999885559082031e+02
3.873639678955078125e+02 3.164101600646972656e+02 1.677777099609375000e+02
3.880671310424804688e+02 3.157764053344726562e+02 1.669763946533203125e+02
3.884452056884765625e+02 3.154679679870605469e+02 1.666273498535156250e+02
3.878348541259765625e+02 3.157010078430175781e+02 1.659999847412109375e+02
3.879187774658203125e+02 3.161742210388183594e+02 1.680666351318359375e+02
3.886037826538085938e+02 3.155521583557128906e+02 1.672940063476562500e+02
3.889622497558593750e+02 3.152935218811035156e+02 1.669763946533203125e+02
3.889622497558593750e+02 3.156283378601074219e+02 1.680993461608886719e+02
3.892704391479492188e+02 3.153872108459472656e+02 1.678322601318359375e+02
3.895008468627929688e+02 3.155003547668457031e+02 1.684989166259765625e+02
3.899005126953125000e+02 3.151975631713867188e+02 1.680993461608886719e+02
3.899005126953125000e+02 3.155824089050292969e+02 1.690994644165039062e+02
3.901675415039062500e+02 3.153619766235351562e+02 1.688324546813964844e+02
3.905010986328125000e+02 3.155003547668457031e+02 1.694991302490234375e+02
3.909006500244140625e+02 3.152026557922363281e+02 1.690994644165039062e+02
3.911677932739257812e+02 3.153921890258789062e+02 1.697087097167968750e+02
3.910372543334960938e+02 3.147153854370117188e+02 1.679609107971191406e+02
3.913954162597656250e+02 3.144638061523437500e+02 1.676015472412109375e+02
3.907287597656250000e+02 3.145800590515136719e+02 1.672022628784179688e+02
3.918279647827148438e+02 3.145835876464843750e+02 1.682682037353515625e+02
3.920967864990234375e+02 3.144019317626953125e+02 1.679609107971191406e+02
3.920000076293945312e+02 3.141203308105468750e+02 1.669999885559082031e+02
3.924946212768554688e+02 3.144986152648925781e+02 1.685030937194824219e+02
3.929999923706054688e+02 3.142072105407714844e+02 1.679999923706054688e+02
3.929999923706054688e+02 3.138809204101562500e+02 1.669999885559082031e+02
3.939999771118164062e+02 3.140464401245117188e+02 1.679999923706054688e+02
3.939999771118164062e+02 3.137148666381835938e+02 1.669999885559082031e+02
3.950000000000000000e+02 3.139612960815429688e+02 1.679999923706054688e+02
3.959999847412109375e+02 3.139497947692871094e+02 1.679999923706054688e+02
3.949333953857421875e+02 3.136066818237304688e+02 1.669400787353515625e+02
3.952223205566406250e+02 3.134809494018554688e+02 1.665668106079101562e+02
3.945556640625000000e+02 3.135038566589355469e+02 1.664794921875000000e+02
3.959999847412109375e+02 3.136222267150878906e+02 1.670807647705078125e+02
3.959999847412109375e+02 3.134767532348632812e+02 1.665807723999023438e+02
3.959999847412109375e+02 3.133623886108398438e+02 1.659999847412109375e+02
3.966060256958007812e+02 3.134880447387695312e+02 1.665408706665039062e+02
3.969636154174804688e+02 3.134263038635253906e+02 1.660193824768066406e+02
3.970000076293945312e+02 3.132687950134277344e+02 1.650000000000000000e+02
3.959999847412109375e+02 3.132067680358886719e+02 1.650000000000000000e+02
3.970000076293945312e+02 3.131686592102050781e+02 1.639999961853027344e+02
3.980316162109375000e+02 3.134132957458496094e+02 1.650135803222656250e+02
3.979999923706054688e+02 3.133029365539550781e+02 1.639999961853027344e+02
3.979999923706054688e+02 3.132529258728027344e+02 1.629999923706054688e+02
3.987083435058593750e+02 3.134416389465332031e+02 1.639999961853027344e+02
3.988165664672851562e+02 3.134137153625488281e+02 1.629999923706054688e+02
3.988506698608398438e+02 3.134053802490234375e+02 1.619999885559082031e+02
3.979999923706054688e+02 3.132397651672363281e+02 1.619999885559082031e+02
3.988001632690429688e+02 3.134183502197265625e+02 1.609999847412109375e+02
3.993506622314453125e+02 3.135413360595703125e+02 1.619999885559082031e+02
3.993001556396484375e+02 3.135557937622070312e+02 1.609999847412109375e+02
3.991576385498046875e+02 3.135974121093750000e+02 1.600000000000000000e+02
3.986576461791992188e+02 3.134563446044921875e+02 1.600000000000000000e+02
3.989262390136718750e+02 3.136516380310058594e+02 1.590494441986083984e+02
4.000000000000000000e+02 3.138742065429687500e+02 1.600000000000000000e+02
4.000000000000000000e+02 3.140065574645996094e+02 1.590000057220458984e+02
4.000000000000000000e+02 3.141943550109863281e+02 1.580000019073486328e+02
4.008355712890625000e+02 3.143447494506835938e+02 1.590000057220458984e+02
4.006251907348632812e+02 3.144415855407714844e+02 1.580000019073486328e+02
4.013355636596679688e+02 3.145782279968261719e+02 1.590000057220458984e+02
4.011251831054687500e+02 3.146789550781250000e+02 1.580000019073486328e+02
4.014490890502929688e+02 3.145241355895996094e+02 1.597005367279052734e+02
4.020000076293945312e+02 3.149338722229003906e+02 1.590000057220458984e+02
4.020883178710937500e+02 3.152022933959960938e+02 1.579277420043945312e+02
4.027222824096679688e+02 3.153556442260742188e+02 1.590000057220458984e+02
4.026047897338867188e+02 3.154319000244140625e+02 1.582129001617431641e+02
4.029628753662109375e+02 3.157354736328125000e+02 1.579277420043945312e+02
4.024805450439453125e+02 3.155111885070800781e+02 1.575462341308593750e+02
4.030904006958007812e+02 3.161158943176269531e+02 1.569190788269042969e+02
4.023326873779296875e+02 3.155970954895019531e+02 1.569999980926513672e+02
4.034840011596679688e+02 3.165112304687500000e+02 1.565318012237548828e+02
4.036401367187500000e+02 3.163970184326171875e+02 1.571984672546386719e+02
4.039840698242187500e+02 3.167528533935546875e+02 1.569190788269042969e+02
4.047321319580078125e+02 3.173076438903808594e+02 1.569999980926513672e+02
4.045817565917968750e+02 3.174315834045410156e+02 1.563506603240966797e+02
4.050114822387695312e+02 3.179868507385253906e+02 1.559778404235839844e+02
4.054412460327148438e+02 3.185557556152343750e+02 1.556050205230712891e+02
4.056206130981445312e+02 3.183858871459960938e+02 1.562716960906982422e+02
4.060282516479492188e+02 3.189705657958984375e+02 1.559476470947265625e+02
4.064359283447265625e+02 3.195737648010253906e+02 1.556235885620117188e+02
4.018326950073242188e+02 3.153136444091796875e+02 1.569999980926513672e+02
4.009011459350585938e+02 3.148098182678222656e+02 1.570981597900390625e+02
4.016297149658203125e+02 3.154264068603515625e+02 1.563105010986328125e+02
4.005018997192382812e+02 3.144990730285644531e+02 1.574969291687011719e+02
4.002527236938476562e+02 3.145981788635253906e+02 1.568302631378173828e+02
3.999516296386718750e+02 3.144019126892089844e+02 1.570981597900390625e+02
3.989999771118164062e+02 3.141097068786621094e+02 1.569999980926513672e+02
3.995860290527343750e+02 3.144664192199707031e+02 1.564104652404785156e+02
3.989999771118164062e+02 3.138608360290527344e+02 1.580000019073486328e+02
3.979707717895507812e+02 3.136140060424804688e+02 1.580388259887695312e+02
3.982846450805664062e+02 3.135369873046875000e+02 1.587490749359130859e+02
3.976179885864257812e+02 3.134799194335937500e+02 1.583980464935302734e+02
3.970000076293945312e+02 3.135397148132324219e+02 1.577006340026855469e+02
3.970000076293945312e+02 3.134422302246093750e+02 1.582006359100341797e+02
3.962682342529296875e+02 3.135070419311523438e+02 1.575361347198486328e+02
3.959609222412109375e+02 3.134245681762695312e+02 1.579216861724853516e+02
3.950589752197265625e+02 3.134280395507812500e+02 1.579374217987060547e+02
3.956015396118164062e+02 3.134969139099121094e+02 1.574892902374267578e+02
3.959999847412109375e+02 3.132462310791015625e+02 1.590000057220458984e+02
3.950000000000000000e+02 3.132551002502441406e+02 1.590000057220458984e+02
3.959999847412109375e+02 3.131301307678222656e+02 1.600000000000000000e+02
3.970000076293945312e+02 3.133137130737304688e+02 1.590000057220458984e+02
3.970000076293945312e+02 3.131959342956542969e+02 1.600000000000000000e+02
3.979707717895507812e+02 3.134400749206542969e+02 1.590494441986083984e+02
3.979999923706054688e+02 3.133320808410644531e+02 1.600000000000000000e+02
3.985437774658203125e+02 3.134875679016113281e+02 1.594157505035400391e+02
3.979999923706054688e+02 3.132618331909179688e+02 1.609999847412109375e+02
3.970000076293945312e+02 3.131328392028808594e+02 1.609999847412109375e+02
3.959999847412109375e+02 3.130717849731445312e+02 1.609999847412109375e+02
3.970000076293945312e+02 3.131167984008789062e+02 1.619999885559082031e+02
3.959999847412109375e+02 3.130597496032714844e+02 1.619999885559082031e+02
3.970000076293945312e+02 3.131250953674316406e+02 1.629999923706054688e+02
3.959999847412109375e+02 3.130657577514648438e+02 1.629999923706054688e+02
3.950000000000000000e+02 3.130794906616210938e+02 1.629999923706054688e+02
3.959999847412109375e+02 3.131070137023925781e+02 1.639999961853027344e+02
3.950000000000000000e+02 3.131250572204589844e+02 1.639999961853027344e+02
3.939999771118164062e+02 3.132106399536132812e+02 1.639999961853027344e+02
3.950000000000000000e+02 3.132287025451660156e+02 1.650000000000000000e+02
3.939999771118164062e+02 3.133201789855957031e+02 1.650000000000000000e+02
3.949333953857421875e+02 3.134063720703125000e+02 1.660876846313476562e+02
3.939999771118164062e+02 3.134440231323242188e+02 1.658014488220214844e+02
3.934108734130859375e+02 3.134830665588378906e+02 1.655891036987304688e+02
3.939999771118164062e+02 3.135379028320312500e+02 1.663014411926269531e+02
3.930465316772460938e+02 3.136250495910644531e+02 1.659534645080566406e+02
3.920000076293945312e+02 3.138809204101562500e+02 1.659999847412109375e+02
3.927442169189453125e+02 3.135466957092285156e+02 1.651809120178222656e+02
3.920954895019531250e+02 3.136658477783203125e+02 1.649085426330566406e+02
3.930465316772460938e+02 3.134510993957519531e+02 1.649085426330566406e+02
3.924925231933593750e+02 3.134979057312011719e+02 1.645142364501953125e+02
3.929999923706054688e+02 3.133565521240234375e+02 1.639999961853027344e+02
3.923965454101562500e+02 3.134712982177734375e+02 1.639999961853027344e+02
3.929999923706054688e+02 3.132934570312500000e+02 1.629999923706054688e+02
3.922665023803710938e+02 3.134358024597167969e+02 1.629999923706054688e+02
3.929999923706054688e+02 3.132769775390625000e+02 1.619999885559082031e+02
3.939999771118164062e+02 3.131572723388671875e+02 1.629999923706054688e+02
3.939999771118164062e+02 3.131455612182617188e+02 1.619999885559082031e+02
3.939999771118164062e+02 3.131572723388671875e+02 1.609999847412109375e+02
3.950000000000000000e+02 3.130718040466308594e+02 1.619999885559082031e+02
3.950000000000000000e+02 3.130820274353027344e+02 1.609999847412109375e+02
3.950000000000000000e+02 3.131388854980468750e+02 1.600000000000000000e+02
3.939999771118164062e+02 3.132192230224609375e+02 1.600000000000000000e+02
3.929085540771484375e+02 3.133905220031738281e+02 1.599129486083984375e+02
3.939999771118164062e+02 3.133407592773437500e+02 1.590000057220458984e+02
3.932296752929687500e+02 3.134525680541992188e+02 1.590000057220458984e+02
3.939999771118164062e+02 3.134560203552246094e+02 1.582682037353515625e+02
3.934586334228515625e+02 3.134925079345703125e+02 1.584619045257568359e+02
3.939999771118164062e+02 3.135526275634765625e+02 1.577682113647460938e+02
3.947649765014648438e+02 3.135119628906250000e+02 1.575623703002929688e+02
3.930751800537109375e+02 3.136404418945312500e+02 1.580771446228027344e+02
3.920000076293945312e+02 3.139117240905761719e+02 1.580000019073486328e+02
3.927296829223632812e+02 3.135416984558105469e+02 1.590000057220458984e+02
3.925142669677734375e+02 3.135025405883789062e+02 1.595215797424316406e+02
3.920000076293945312e+02 3.137295150756835938e+02 1.590000057220458984e+02
3.909999847412109375e+02 3.140585517883300781e+02 1.590000057220458984e+02
3.920217132568359375e+02 3.135956573486328125e+02 1.599129486083984375e+02
3.923695373535156250e+02 3.134638023376464844e+02 1.601882362365722656e+02
3.909999847412109375e+02 3.139139556884765625e+02 1.600000000000000000e+02
3.917665100097656250e+02 3.135747909545898438e+02 1.609999847412109375e+02
3.917287063598632812e+02 3.135637664794921875e+02 1.619999885559082031e+02
3.909999847412109375e+02 3.138231277465820312e+02 1.609999847412109375e+02
3.922665405273437500e+02 3.134358024597167969e+02 1.609999847412109375e+02
3.922286987304687500e+02 3.134258842468261719e+02 1.619999885559082031e+02
3.929999923706054688e+02 3.132934570312500000e+02 1.609999847412109375e+02
3.900000000000000000e+02 3.142186737060546875e+02 1.609999847412109375e+02
3.909999847412109375e+02 3.137966346740722656e+02 1.619999885559082031e+02
3.900000000000000000e+02 3.141841316223144531e+02 1.619999885559082031e+02
3.909999847412109375e+02 3.138184165954589844e+02 1.629999923706054688e+02
3.900000000000000000e+02 3.142046737670898438e+02 1.629999923706054688e+02
3.909999847412109375e+02 3.138914108276367188e+02 1.639999961853027344e+02
3.917665100097656250e+02 3.135747909545898438e+02 1.629999923706054688e+02
3.918965530395507812e+02 3.136111640930175781e+02 1.639999961853027344e+02
3.909999847412109375e+02 3.140135955810546875e+02 1.650000000000000000e+02
3.899192047119140625e+02 3.143130302429199219e+02 1.640138626098632812e+02
3.895320129394531250e+02 3.145141601562500000e+02 1.643564414978027344e+02
3.901313018798828125e+02 3.143412971496582031e+02 1.650000000000000000e+02
3.894651794433593750e+02 3.144814109802246094e+02 1.636897659301757812e+02
3.894281005859375000e+02 3.144610404968261719e+02 1.629999923706054688e+02
3.890790939331054688e+02 3.147182273864746094e+02 1.640138626098632812e+02
3.889281082153320312e+02 3.147334671020507812e+02 1.629999923706054688e+02
3.889999771118164062e+02 3.148748970031738281e+02 1.650000000000000000e+02
3.881160736083984375e+02 3.152621459960937500e+02 1.639999961853027344e+02
3.880776596069335938e+02 3.152334594726562500e+02 1.629999923706054688e+02
3.876160812377929688e+02 3.155741310119628906e+02 1.639999961853027344e+02
3.881986618041992188e+02 3.153173255920410156e+02 1.650000000000000000e+02
3.876986694335937500e+02 3.156232261657714844e+02 1.650000000000000000e+02
3.883348464965820312e+02 3.154017257690429688e+02 1.659999847412109375e+02
3.889999771118164062e+02 3.150492095947265625e+02 1.659999847412109375e+02
3.898405838012695312e+02 3.146474647521972656e+02 1.659999847412109375e+02
3.896312713623046875e+02 3.145575714111328125e+02 1.650000000000000000e+02
3.900866317749023438e+02 3.147607994079589844e+02 1.669213485717773438e+02
3.903405761718750000e+02 3.144315147399902344e+02 1.659999847412109375e+02
3.904777145385742188e+02 3.144904327392578125e+02 1.665355873107910156e+02
3.909999847412109375e+02 3.141911315917968750e+02 1.659999847412109375e+02
3.910372543334960938e+02 3.143970108032226562e+02 1.669213485717773438e+02
3.869017791748046875e+02 3.161779594421386719e+02 1.650882530212402344e+02
3.870000076293945312e+02 3.160065460205078125e+02 1.639999961853027344e+02
3.864574432373046875e+02 3.164656448364257812e+02 1.648137474060058594e+02
3.864176177978515625e+02 3.164323997497558594e+02 1.639999961853027344e+02
3.863949584960937500e+02 3.164122200012207031e+02 1.629999923706054688e+02
3.859176254272460938e+02 3.168507003784179688e+02 1.639999961853027344e+02
3.853323364257812500e+02 3.173506927490234375e+02 1.639999961853027344e+02
3.858949661254882812e+02 3.168417930603027344e+02 1.629999923706054688e+02
3.853258514404296875e+02 3.173417854309082031e+02 1.629999923706054688e+02
3.858949279785156250e+02 3.168485450744628906e+02 1.619999885559082031e+02
3.863949203491210938e+02 3.164112281799316406e+02 1.619999885559082031e+02
3.859288024902343750e+02 3.168827056884765625e+02 1.609999847412109375e+02
3.853362274169921875e+02 3.173485374450683594e+02 1.619999885559082031e+02
3.853752517700195312e+02 3.173827171325683594e+02 1.609999847412109375e+02
3.848362350463867188e+02 3.178415870666503906e+02 1.619999885559082031e+02
3.843574142456054688e+02 3.183415794372558594e+02 1.619999885559082031e+02
3.848752593994140625e+02 3.178898811340332031e+02 1.609999847412109375e+02
3.848258590698242188e+02 3.178247642517089844e+02 1.629999923706054688e+02
3.843394470214843750e+02 3.183247756958007812e+02 1.629999923706054688e+02
3.848323440551757812e+02 3.178252601623535156e+02 1.639999961853027344e+02
3.843365478515625000e+02 3.183252525329589844e+02 1.639999961853027344e+02
3.838365554809570312e+02 3.188793563842773438e+02 1.639999961853027344e+02
3.838394546508789062e+02 3.188949012756347656e+02 1.629999923706054688e+02
3.833978271484375000e+02 3.193793678283691406e+02 1.639999961853027344e+02
3.834132385253906250e+02 3.193948936462402344e+02 1.629999923706054688e+02
3.829315185546875000e+02 3.200000000000000000e+02 1.639999961853027344e+02
3.829676437377929688e+02 3.200000000000000000e+02 1.629999923706054688e+02
3.829396057128906250e+02 3.200000000000000000e+02 1.650000000000000000e+02
3.825337219238281250e+02 3.205537414550781250e+02 1.639999961853027344e+02
3.825543975830078125e+02 3.205881500244140625e+02 1.629999923706054688e+02
3.825354003906250000e+02 3.205558013916015625e+02 1.650000000000000000e+02
3.822323989868164062e+02 3.210537719726562500e+02 1.639999961853027344e+02
3.822559356689453125e+02 3.210881423950195312e+02 1.629999923706054688e+02
3.817324066162109375e+02 3.219422149658203125e+02 1.639999961853027344e+02
3.822314834594726562e+02 3.210558319091796875e+02 1.650000000000000000e+02
3.814698028564453125e+02 3.224422073364257812e+02 1.639999961853027344e+02
3.817114639282226562e+02 3.220861434936523438e+02 1.629964637756347656e+02
3.818498611450195312e+02 3.220000076293945312e+02 1.619999885559082031e+02
3.815111923217773438e+02 3.225266265869140625e+02 1.626607894897460938e+02
3.814880752563476562e+02 3.224768829345703125e+02 1.633274650573730469e+02
3.813265609741210938e+02 3.229159927368164062e+02 1.629964637756347656e+02
3.813460159301757812e+02 3.231226348876953125e+02 1.619999885559082031e+02
3.809239196777343750e+02 3.239999771118164062e+02 1.629999923706054688e+02
3.810322952270507812e+02 3.239999771118164062e+02 1.619999885559082031e+02
3.806100463867187500e+02 3.250571441650390625e+02 1.629550552368164062e+02
3.804798889160156250e+02 3.254286193847656250e+02 1.632584190368652344e+02
3.807330703735351562e+02 3.250000000000000000e+02 1.619999885559082031e+02
3.805076980590820312e+02 3.255405807495117188e+02 1.625917434692382812e+02
3.804087066650390625e+02 3.259243392944335938e+02 1.629550552368164062e+02
3.805467987060546875e+02 3.257408142089843750e+02 1.619999885559082031e+02
3.804513549804687500e+02 3.262408065795898438e+02 1.619999885559082031e+02
3.806274795532226562e+02 3.260683059692382812e+02 1.610633659362792969e+02
3.808877944946289062e+02 3.250000000000000000e+02 1.609999847412109375e+02
3.805459594726562500e+02 3.268122482299804688e+02 1.607722854614257812e+02
3.808404922485351562e+02 3.259999847412109375e+02 1.600000000000000000e+02
3.804897308349609375e+02 3.264471435546875000e+02 1.614389419555664062e+02
3.810783386230468750e+02 3.250000000000000000e+02 1.600000000000000000e+02
3.810840606689453125e+02 3.259999847412109375e+02 1.590000057220458984e+02
3.813803863525390625e+02 3.260575103759765625e+02 1.579982757568359375e+02
3.809084320068359375e+02 3.270000076293945312e+02 1.590000057220458984e+02
3.813387680053710938e+02 3.249743652343750000e+02 1.589730167388916016e+02
3.814403533935546875e+02 3.243180465698242188e+02 1.592883586883544922e+02
3.814420700073242188e+02 3.252906036376953125e+02 1.583304595947265625e+02
3.815348052978515625e+02 3.246239089965820312e+02 1.586216926574707031e+02
3.816374588012695312e+02 3.239908218383789062e+02 1.589730167388916016e+02
3.816438293457031250e+02 3.249743652343750000e+02 1.579982757568359375e+02
3.819985961914062500e+02 3.250000000000000000e+02 1.569999980926513672e+02
3.815566253662109375e+02 3.257625198364257812e+02 1.576637935638427734e+02
3.819391250610351562e+02 3.239999771118164062e+02 1.580000019073486328e+02
3.823049545288085938e+02 3.229818344116210938e+02 1.579922103881835938e+02
3.823093414306640625e+02 3.239946365356445312e+02 1.569818305969238281e+02
3.824251174926757812e+02 3.233030319213867188e+02 1.573030471801757812e+02
3.824421691894531250e+02 3.243243789672851562e+02 1.563747024536132812e+02
3.825526428222656250e+02 3.236576843261718750e+02 1.566363811492919922e+02
3.826697921752929688e+02 3.229818344116210938e+02 1.569818305969238281e+02
3.827145767211914062e+02 3.239946365356445312e+02 1.560248184204101562e+02
3.831627273559570312e+02 3.229033660888671875e+02 1.559027290344238281e+02
3.832432937622070312e+02 3.239830017089843750e+02 1.549540138244628906e+02
3.825763702392578125e+02 3.250000000000000000e+02 1.556628227233886719e+02
3.829076766967773438e+02 3.250000000000000000e+02 1.550000000000000000e+02
3.823448944091796875e+02 3.250000000000000000e+02 1.561628246307373047e+02
3.825043106079101562e+02 3.255211257934570312e+02 1.555090713500976562e+02
3.826708984375000000e+02 3.259126663208007812e+02 1.550252628326416016e+02
3.822431564331054688e+02 3.259126663208007812e+02 1.559054470062255859e+02
3.824375152587890625e+02 3.261877822875976562e+02 1.553754329681396484e+02
3.817145919799804688e+02 3.260575103759765625e+02 1.570769023895263672e+02
3.820074844360351562e+02 3.270000076293945312e+02 1.560000038146972656e+02
3.823698425292968750e+02 3.270000076293945312e+02 1.552420520782470703e+02
3.816376113891601562e+02 3.270000076293945312e+02 1.568463611602783203e+02
3.818978500366210938e+02 3.279999923706054688e+02 1.560000038146972656e+02
3.823159027099609375e+02 3.279999923706054688e+02 1.551371765136718750e+02
3.815819168090820312e+02 3.279999923706054688e+02 1.567041015625000000e+02
3.818750381469726562e+02 3.289999771118164062e+02 1.560000038146972656e+02
3.815696334838867188e+02 3.289999771118164062e+02 1.566705322265625000e+02
3.823054122924804688e+02 3.289999771118164062e+02 1.551190662384033203e+02
3.823371124267578125e+02 3.300000000000000000e+02 1.551862907409667969e+02
3.825626754760742188e+02 3.289999771118164062e+02 1.546190643310546875e+02
3.829342651367187500e+02 3.289999771118164062e+02 1.540000057220458984e+02
3.825713348388671875e+02 3.279999923706054688e+02 1.546371841430664062e+02
3.825999832153320312e+02 3.300000000000000000e+02 1.546862888336181641e+02
3.830141830444335938e+02 3.300000000000000000e+02 1.540000057220458984e+02
3.834141921997070312e+02 3.300000000000000000e+02 1.533849239349365234e+02
3.832240676879882812e+02 3.309925460815429688e+02 1.539360523223876953e+02
3.834654617309570312e+02 3.306542205810546875e+02 1.534544944763183594e+02
3.835405349731445312e+02 3.313208770751953125e+02 1.535600757598876953e+02
3.838410568237304688e+02 3.309925460815429688e+02 1.530726909637451172e+02
3.837999725341796875e+02 3.300000000000000000e+02 1.528849220275878906e+02
3.843959426879882812e+02 3.309999847412109375e+02 1.523790454864501953e+02
3.842999649047851562e+02 3.300000000000000000e+02 1.522650527954101562e+02
3.844679260253906250e+02 3.315992736816406250e+02 1.524628067016601562e+02
3.848587799072265625e+02 3.309999847412109375e+02 1.518790435791015625e+02
3.847517395019531250e+02 3.300000000000000000e+02 1.517650604248046875e+02
3.853588104248046875e+02 3.309999847412109375e+02 1.513662052154541016e+02
3.850114822387695312e+02 3.319614028930664062e+02 1.520112323760986328e+02
3.854462814331054688e+02 3.316568756103515625e+02 1.514484977722167969e+02
3.855620193481445312e+02 3.323235702514648438e+02 1.515596675872802734e+02
3.856987380981445312e+02 3.329999923706054688e+02 1.516941070556640625e+02
3.860255432128906250e+02 3.319267654418945312e+02 1.510201549530029297e+02
3.859215927124023438e+02 3.309999847412109375e+02 1.508662033081054688e+02
3.864891052246093750e+02 3.315299987792968750e+02 1.504910564422607422e+02
3.861987304687500000e+02 3.329999923706054688e+02 1.512301826477050781e+02
3.866186141967773438e+02 3.321966934204101562e+02 1.505918121337890625e+02
3.869711685180664062e+02 3.319179916381835938e+02 1.502536869049072266e+02
3.867942047119140625e+02 3.329999923706054688e+02 1.507301807403564453e+02
3.872941970825195312e+02 3.329999923706054688e+02 1.503492736816406250e+02
3.869915390014648438e+02 3.340145874023437500e+02 1.509895706176757812e+02
3.874402999877929688e+02 3.336064147949218750e+02 1.504556179046630859e+02
3.863695907592773438e+02 3.337561035156250000e+02 1.513817691802978516e+02
3.876430892944335938e+02 3.342730712890625000e+02 1.505973815917968750e+02
3.879858398437500000e+02 3.339638519287109375e+02 1.502486515045166016e+02
3.880799102783203125e+02 3.329386138916015625e+02 1.498282051086425781e+02
3.883097839355468750e+02 3.347352981567382812e+02 1.503774929046630859e+02
3.889957809448242188e+02 3.340411376953125000e+02 1.496971607208251953e+02
3.889547729492187500e+02 3.350411605834960938e+02 1.501674365997314453e+02
3.895909881591796875e+02 3.344018936157226562e+02 1.495364665985107422e+02
3.886596679687500000e+02 3.332310104370117188e+02 1.495813083648681641e+02
3.893263244628906250e+02 3.337351989746093750e+02 1.494150352478027344e+02
3.889957809448242188e+02 3.329386138916015625e+02 1.493328762054443359e+02
3.899546051025390625e+02 3.340411376953125000e+02 1.492679691314697266e+02
3.900000000000000000e+02 3.329999923706054688e+02 1.489287281036376953e+02
3.902576828002929688e+02 3.347059631347656250e+02 1.494059944152832031e+02
3.909999847412109375e+02 3.339999771118164062e+02 1.489071941375732422e+02
3.909827804565429688e+02 3.330252456665039062e+02 1.486182403564453125e+02
3.910162734985351562e+02 3.350235748291015625e+02 1.493052101135253906e+02
3.919927978515625000e+02 3.339654541015625000e+02 1.486532878875732422e+02
3.916546630859375000e+02 3.333753967285156250e+02 1.485327148437500000e+02
3.923213195800781250e+02 3.336091232299804688e+02 1.484626674652099609e+02
3.920000076293945312e+02 3.350000000000000000e+02 1.490506649017333984e+02
3.929999923706054688e+02 3.342616653442382812e+02 1.485831451416015625e+02
3.929999923706054688e+02 3.337616729736328125e+02 1.484090423583984375e+02
3.929999923706054688e+02 3.350000000000000000e+02 1.488827419281005859e+02
3.939999771118164062e+02 3.344140243530273438e+02 1.485310268402099609e+02
3.939999771118164062e+02 3.339140319824218750e+02 1.483507442474365234e+02
3.939999771118164062e+02 3.350000000000000000e+02 1.487848091125488281e+02
3.947194290161132812e+02 3.344789123535156250e+02 1.485079765319824219e+02
3.950316619873046875e+02 3.340873336791992188e+02 1.483485412597656250e+02
3.950000000000000000e+02 3.329999923706054688e+02 1.479838371276855469e+02
3.953860855102539062e+02 3.345087432861328125e+02 1.484958839416503906e+02
3.959837722778320312e+02 3.340916824340820312e+02 1.483398532867431641e+02
3.959999847412109375e+02 3.329999923706054688e+02 1.479531002044677734e+02
3.970000076293945312e+02 3.339445495605468750e+02 1.483187770843505859e+02
3.970000076293945312e+02 3.329999923706054688e+02 1.479773139953613281e+02
3.970000076293945312e+02 3.320000076293945312e+02 1.476741313934326172e+02
3.959999847412109375e+02 3.320000076293945312e+02 1.476597785949707031e+02
3.970000076293945312e+02 3.314209747314453125e+02 1.475155925750732422e+02
3.959999847412109375e+02 3.314464950561523438e+02 1.475095748901367188e+02
3.970000076293945312e+02 3.309209823608398438e+02 1.474202442169189453e+02
3.979999923706054688e+02 3.312368774414062500e+02 1.475530815124511719e+02
3.979999923706054688e+02 3.307368850708007812e+02 1.474531650543212891e+02
3.979999923706054688e+02 3.300000000000000000e+02 1.473324871063232422e+02
3.985904693603515625e+02 3.305667114257812500e+02 1.474865818023681641e+02
3.989542770385742188e+02 3.299542617797851562e+02 1.474463367462158203e+02
3.992571258544921875e+02 3.302571487426757812e+02 1.475362586975097656e+02
3.995635223388671875e+02 3.295904541015625000e+02 1.474865818023681641e+02
3.989999771118164062e+02 3.289999771118164062e+02 1.473403835296630859e+02
3.979999923706054688e+02 3.289999771118164062e+02 1.472098731994628906e+02
3.989999771118164062e+02 3.279999923706054688e+02 1.472858905792236328e+02
3.996937942504882812e+02 3.289999771118164062e+02 1.474575138092041016e+02
3.998104858398437500e+02 3.279999923706054688e+02 1.474305248260498047e+02
4.001938247680664062e+02 3.289999771118164062e+02 1.475663948059082031e+02
4.003104782104492188e+02 3.279999923706054688e+02 1.475430488586425781e+02
4.009999847412109375e+02 3.289999771118164062e+02 1.477782821655273438e+02
4.020000076293945312e+02 3.289999771118164062e+02 1.481231784820556641e+02
4.009999847412109375e+02 3.279999923706054688e+02 1.477367019653320312e+02
4.009999847412109375e+02 3.270000076293945312e+02 1.477684116363525391e+02
4.020000076293945312e+02 3.279999923706054688e+02 1.480916786193847656e+02
4.020000076293945312e+02 3.270000076293945312e+02 1.481324672698974609e+02
4.020785903930664062e+02 3.259553909301757812e+02 1.482930374145507812e+02
4.009999847412109375e+02 3.259999847412109375e+02 1.478812217712402344e+02
4.018123245239257812e+02 3.250000000000000000e+02 1.483665657043457031e+02
4.009999847412109375e+02 3.250000000000000000e+02 1.480642890930175781e+02
4.016188049316406250e+02 3.243312072753906250e+02 1.484480476379394531e+02
4.023123168945312500e+02 3.250000000000000000e+02 1.485833740234375000e+02
4.019712829589843750e+02 3.239987182617187500e+02 1.487100219726562500e+02
4.013659286499023438e+02 3.236645507812500000e+02 1.485516166687011719e+02
4.020983505249023438e+02 3.229020309448242188e+02 1.491570377349853516e+02
4.030363464355468750e+02 3.240044403076171875e+02 1.492453479766845703e+02
4.027272796630859375e+02 3.231700515747070312e+02 1.493695163726806641e+02
4.033939361572265625e+02 3.236740875244140625e+02 1.495631122589111328e+02
4.035895156860351562e+02 3.243407440185546875e+02 1.494438171386718750e+02
4.039537048339843750e+02 3.240044403076171875e+02 1.498048877716064453e+02
4.040105438232421875e+02 3.230392456054687500e+02 1.502333164215087891e+02
4.042436218261718750e+02 3.250000000000000000e+02 1.496647071838378906e+02
4.047174835205078125e+02 3.239999771118164062e+02 1.503337764739990234e+02
4.052174758911132812e+02 3.239999771118164062e+02 1.507298946380615234e+02
4.050386047363281250e+02 3.250533676147460938e+02 1.502169513702392578e+02
4.045589447021484375e+02 3.233987808227539062e+02 1.504541587829589844e+02
4.049957656860351562e+02 3.230070877075195312e+02 1.509997272491455078e+02
4.043508911132812500e+02 3.227320861816406250e+02 1.506086730957031250e+02
4.047168350219726562e+02 3.220000076293945312e+02 1.513163948059082031e+02
4.054325866699218750e+02 3.226154327392578125e+02 1.515613460540771484e+02
4.056174468994140625e+02 3.232820892333984375e+02 1.513907814025878906e+02
4.060263061523437500e+02 3.229528427124023438e+02 1.519733619689941406e+02
4.057921218872070312e+02 3.239999771118164062e+02 1.512298965454101562e+02
4.062921142578125000e+02 3.239999771118164062e+02 1.517106437683105469e+02
4.064386749267578125e+02 3.246749114990234375e+02 1.515621471405029297e+02
4.067627334594726562e+02 3.239999771118164062e+02 1.522106456756591797e+02
4.066047286987304688e+02 3.232902526855468750e+02 1.523853778839111328e+02
4.069832992553710938e+02 3.250570297241210938e+02 1.520194721221923828e+02
4.072627639770507812e+02 3.239999771118164062e+02 1.527951145172119141e+02
4.069923019409179688e+02 3.230203628540039062e+02 1.530118274688720703e+02
4.074122619628906250e+02 3.247724533081054688e+02 1.526102542877197266e+02
4.077701950073242188e+02 3.250634765625000000e+02 1.529661560058593750e+02
4.075193405151367188e+02 3.254391098022460938e+02 1.524768066406250000e+02
4.075850677490234375e+02 3.259999847412109375e+02 1.523980522155761719e+02
4.064351272583007812e+02 3.226235961914062500e+02 1.525737667083740234e+02
4.062362670898437500e+02 3.220000076293945312e+02 1.528014659881591797e+02
4.057362365722656250e+02 3.220000076293945312e+02 1.522606945037841797e+02
4.055465316772460938e+02 3.214397430419921875e+02 1.524529170989990234e+02
4.052168655395507812e+02 3.220000076293945312e+02 1.517606925964355469e+02
4.048994064331054688e+02 3.211225891113281250e+02 1.520920181274414062e+02
4.045232009887695312e+02 3.214720916748046875e+02 1.514798545837402344e+02
4.052756500244140625e+02 3.207730865478515625e+02 1.527382755279541016e+02
4.042293167114257812e+02 3.208054351806640625e+02 1.517311286926269531e+02
4.046089553833007812e+02 3.203789901733398438e+02 1.523977947235107422e+02
4.039294815063476562e+02 3.200727081298828125e+02 1.520574092864990234e+02
4.049467849731445312e+02 3.200579071044921875e+02 1.530547618865966797e+02
4.042963409423828125e+02 3.197123336791992188e+02 1.527045917510986328e+02
4.039467239379882812e+02 3.190477180480957031e+02 1.530509948730468750e+02
4.036296463012695312e+02 3.193775939941406250e+02 1.523836994171142578e+02
4.032600021362304688e+02 3.187109184265136719e+02 1.527307415008544922e+02
4.028939437866210938e+02 3.180846405029296875e+02 1.531015014648437500e+02
4.029127502441406250e+02 3.190760612487792969e+02 1.520686244964599609e+02
4.020000076293945312e+02 3.187179183959960938e+02 1.517010307312011719e+02
4.025654983520507812e+02 3.194411849975585938e+02 1.514502048492431641e+02
4.032321548461914062e+02 3.197664070129394531e+02 1.517170333862304688e+02
4.025933456420898438e+02 3.184222602844238281e+02 1.524202251434326172e+02
4.020000076293945312e+02 3.182073593139648438e+02 1.522010326385498047e+02
4.020000076293945312e+02 3.177073669433593750e+02 1.527477359771728516e+02
4.011375808715820312e+02 3.179150009155273438e+02 1.519127655029296875e+02
4.002280426025390625e+02 3.176424407958984375e+02 1.516443729400634766e+02
4.007988739013671875e+02 3.173299026489257812e+02 1.523110389709472656e+02
4.008096313476562500e+02 3.183091163635253906e+02 1.513257503509521484e+02
4.014763259887695312e+02 3.185160255432128906e+02 1.515144824981689453e+02
4.014655303955078125e+02 3.175208854675292969e+02 1.525247192382812500e+02
4.010645675659179688e+02 3.169616317749023438e+02 1.529523754119873047e+02
4.013302612304687500e+02 3.165933418273925781e+02 1.536479568481445312e+02
4.020000076293945312e+02 3.173037528991699219e+02 1.532477378845214844e+02
4.000000000000000000e+02 3.166253089904785156e+02 1.526638412475585938e+02
4.006635665893554688e+02 3.164133453369140625e+02 1.533800411224365234e+02
4.000000000000000000e+02 3.162614440917968750e+02 1.531638431549072266e+02
4.000279617309570312e+02 3.157398796081542969e+02 1.540056991577148438e+02
3.990063095092773438e+02 3.159951400756835938e+02 1.529968547821044922e+02
3.985232543945312500e+02 3.154924583435058594e+02 1.534886264801025391e+02
3.988227081298828125e+02 3.163883781433105469e+02 1.523641777038574219e+02
3.991899108886718750e+02 3.156019020080566406e+02 1.536761665344238281e+02
3.994893646240234375e+02 3.165038299560546875e+02 1.525050830841064453e+02
3.979999923706054688e+02 3.157727432250976562e+02 1.528986358642578125e+02
3.970000076293945312e+02 3.156754493713378906e+02 1.527602958679199219e+02
3.979999923706054688e+02 3.162727546691894531e+02 1.522227478027343750e+02
3.979999923706054688e+02 3.154342651367187500e+02 1.533986377716064453e+02
3.970000076293945312e+02 3.153462600708007812e+02 1.532602977752685547e+02
3.979999923706054688e+02 3.150948524475097656e+02 1.540000057220458984e+02
3.970000076293945312e+02 3.149224090576171875e+02 1.540000057220458984e+02
3.970000076293945312e+02 3.145761489868164062e+02 1.546698474884033203e+02
3.959999847412109375e+02 3.148362731933593750e+02 1.540000057220458984e+02
3.950000000000000000e+02 3.148207664489746094e+02 1.540000057220458984e+02
3.959999847412109375e+02 3.153006553649902344e+02 1.531838512420654297e+02
3.959999847412109375e+02 3.145355987548828125e+02 1.545800304412841797e+02
3.950000000000000000e+02 3.145302772521972656e+02 1.545694255828857422e+02
3.939999771118164062e+02 3.145644950866699219e+02 1.546518898010253906e+02
3.929999923706054688e+02 3.146491813659667969e+02 1.548508453369140625e+02
3.939999771118164062e+02 3.148862266540527344e+02 1.540000057220458984e+02
3.929999923706054688e+02 3.150546836853027344e+02 1.540000057220458984e+02
3.939999771118164062e+02 3.153217124938964844e+02 1.532130241394042969e+02
3.929999923706054688e+02 3.154054832458496094e+02 1.533474540710449219e+02
3.939999771118164062e+02 3.156390762329101562e+02 1.527130222320556641e+02
3.950000000000000000e+02 3.152904891967773438e+02 1.531643009185791016e+02
3.950000000000000000e+02 3.156078720092773438e+02 1.526642990112304688e+02
3.959999847412109375e+02 3.156220054626464844e+02 1.526838493347167969e+02
3.950000000000000000e+02 3.161078643798828125e+02 1.520178699493408203e+02
3.939999771118164062e+02 3.161390876770019531e+02 1.520553302764892578e+02
3.950000000000000000e+02 3.165160369873046875e+02 1.515178680419921875e+02
3.959999847412109375e+02 3.161219978332519531e+02 1.520376110076904297e+02
3.959999847412109375e+02 3.165337753295898438e+02 1.515376091003417969e+02
3.970000076293945312e+02 3.161754417419433594e+02 1.521043586730957031e+02
3.970000076293945312e+02 3.165929794311523438e+02 1.516043567657470703e+02
3.979999923706054688e+02 3.166988372802734375e+02 1.517227554321289062e+02
3.970000076293945312e+02 3.170929718017578125e+02 1.510965633392333984e+02
3.959999847412109375e+02 3.170337677001953125e+02 1.510426712036132812e+02
3.970000076293945312e+02 3.176092147827148438e+02 1.505965709686279297e+02
3.979999923706054688e+02 3.171988296508789062e+02 1.511988353729248047e+02
3.979999923706054688e+02 3.177227401733398438e+02 1.506988430023193359e+02
3.989999771118164062e+02 3.173593902587890625e+02 1.513594055175781250e+02
3.990936279296875000e+02 3.167898178100585938e+02 1.520185089111328125e+02
3.990936279296875000e+02 3.180184936523437500e+02 1.507898330688476562e+02
3.995613479614257812e+02 3.174691009521484375e+02 1.514691066741943359e+02
3.999368286132812500e+02 3.171817016601562500e+02 1.519866275787353516e+02
3.999368286132812500e+02 3.179854583740234375e+02 1.511792182922363281e+02
4.000000000000000000e+02 3.186553573608398438e+02 1.506221866607666016e+02
3.994893646240234375e+02 3.185050010681152344e+02 1.505038356781005859e+02
4.000000000000000000e+02 3.191553497314453125e+02 1.502505016326904297e+02
4.010849761962890625e+02 3.189424133300781250e+02 1.509495925903320312e+02
4.006935882568359375e+02 3.193688011169433594e+02 1.504026222229003906e+02
4.013602828979492188e+02 3.196050453186035156e+02 1.505734348297119141e+02
4.020000076293945312e+02 3.192179107666015625e+02 1.512677288055419922e+02
4.020591735839843750e+02 3.199630165100097656e+02 1.507389068603515625e+02
4.017652893066406250e+02 3.202717208862304688e+02 1.503481674194335938e+02
4.029393005371093750e+02 3.200598526000976562e+02 1.512641811370849609e+02
4.024319458007812500e+02 3.205638504028320312e+02 1.505412006378173828e+02
4.030506515502929688e+02 3.209383010864257812e+02 1.507281398773193359e+02
4.019738769531250000e+02 3.210246276855468750e+02 1.500081920623779297e+02
4.009999847412109375e+02 3.207769012451171875e+02 1.496570873260498047e+02
4.015157699584960938e+02 3.214854049682617188e+02 1.494919300079345703e+02
4.022597503662109375e+02 3.220000076293945312e+02 1.496272087097167969e+02
4.027510833740234375e+02 3.212305068969726562e+02 1.503348827362060547e+02
4.030506515502929688e+02 3.219592285156250000e+02 1.501247310638427734e+02
4.034177398681640625e+02 3.215987014770507812e+02 1.505568027496337891e+02
4.030363464355468750e+02 3.229020309448242188e+02 1.496616649627685547e+02
4.036842346191406250e+02 3.222653579711914062e+02 1.503715991973876953e+02
4.040105438232421875e+02 3.219592285156250000e+02 1.507872009277343750e+02
4.039376068115234375e+02 3.210832595825195312e+02 1.512913322448730469e+02
4.035626602172851562e+02 3.204330825805664062e+02 1.514488983154296875e+02
4.024972534179687500e+02 3.225033950805664062e+02 1.495013999938964844e+02
4.017597579956054688e+02 3.220000076293945312e+02 1.493743896484375000e+02
4.009999847412109375e+02 3.220000076293945312e+02 1.490419197082519531e+02
4.000238037109375000e+02 3.220031356811523438e+02 1.486760997772216797e+02
4.009999847412109375e+02 3.212768936157226562e+02 1.493809700012207031e+02
4.010195541381835938e+02 3.229693222045898438e+02 1.486597347259521484e+02
4.003730010986328125e+02 3.226155090332031250e+02 1.485406875610351562e+02
4.006992721557617188e+02 3.232822036743164062e+02 1.484249687194824219e+02
4.000238037109375000e+02 3.229693222045898438e+02 1.483126449584960938e+02
4.010195541381835938e+02 3.239987182617187500e+02 1.483230972290039062e+02
4.000000000000000000e+02 3.239999771118164062e+02 1.479955005645751953e+02
4.000000000000000000e+02 3.250000000000000000e+02 1.477655696868896484e+02
3.989999771118164062e+02 3.239999771118164062e+02 1.477577209472656250e+02
3.980269241333007812e+02 3.240325927734375000e+02 1.475932121276855469e+02
3.989999771118164062e+02 3.229999923706054688e+02 1.480370712280273438e+02
3.990502929687500000e+02 3.249497222900390625e+02 1.475628471374511719e+02
3.987504577636718750e+02 3.252495193481445312e+02 1.474574851989746094e+02
3.994171524047851562e+02 3.256056976318359375e+02 1.475142860412597656e+02
3.983782196044921875e+02 3.245828628540039062e+02 1.475142860412597656e+02
3.980269241333007812e+02 3.249497222900390625e+02 1.474119758605957031e+02
3.970000076293945312e+02 3.250000000000000000e+02 1.473300647735595703e+02
3.977115249633789062e+02 3.243876266479492188e+02 1.474754905700683594e+02
3.979999923706054688e+02 3.259999847412109375e+02 1.472541999816894531e+02
3.970000076293945312e+02 3.259999847412109375e+02 1.471883010864257812e+02
3.979999923706054688e+02 3.270000076293945312e+02 1.471686363220214844e+02
3.990502929687500000e+02 3.259634017944335938e+02 1.474056243896484375e+02
3.989999771118164062e+02 3.270000076293945312e+02 1.473024082183837891e+02
3.996294784545898438e+02 3.262723541259765625e+02 1.474696445465087891e+02
3.999776840209960938e+02 3.259634017944335938e+02 1.475964546203613281e+02
3.997614288330078125e+02 3.270000076293945312e+02 1.474401855468750000e+02
4.002614212036132812e+02 3.270000076293945312e+02 1.475559139251708984e+02
3.979999923706054688e+02 3.279999923706054688e+02 1.471533298492431641e+02
3.970000076293945312e+02 3.270000076293945312e+02 1.471018409729003906e+02
3.959999847412109375e+02 3.270000076293945312e+02 1.471101284027099609e+02
3.970000076293945312e+02 3.279999923706054688e+02 1.470829296112060547e+02
3.959999847412109375e+02 3.279999923706054688e+02 1.470864200592041016e+02
3.970000076293945312e+02 3.289999771118164062e+02 1.471414756774902344e+02
3.970000076293945312e+02 3.300000000000000000e+02 1.472672462463378906e+02
3.959999847412109375e+02 3.289999771118164062e+02 1.471414756774902344e+02
3.950000000000000000e+02 3.289999771118164062e+02 1.472098731994628906e+02
3.959999847412109375e+02 3.300000000000000000e+02 1.472672462463378906e+02
3.950000000000000000e+02 3.300000000000000000e+02 1.473299980163574219e+02
3.959999847412109375e+02 3.309465026855468750e+02 1.474202442169189453e+02
3.950000000000000000e+02 3.307876205444335938e+02 1.474506664276123047e+02
3.943718338012695312e+02 3.306003570556640625e+02 1.474832534790039062e+02
3.950000000000000000e+02 3.312876510620117188e+02 1.475358963012695312e+02
3.940230941772460938e+02 3.309601974487304688e+02 1.475877666473388672e+02
3.950000000000000000e+02 3.320000076293945312e+02 1.477059650421142578e+02
3.939999771118164062e+02 3.320000076293945312e+02 1.478037834167480469e+02
3.939999771118164062e+02 3.329999923706054688e+02 1.480650615692138672e+02
3.929999923706054688e+02 3.320000076293945312e+02 1.479354572296142578e+02
3.920000076293945312e+02 3.320000076293945312e+02 1.481207942962646484e+02
3.929999923706054688e+02 3.309999847412109375e+02 1.477394104003906250e+02
3.929999923706054688e+02 3.329999923706054688e+02 1.481855106353759766e+02
3.919927978515625000e+02 3.330252456665039062e+02 1.483701705932617188e+02
3.913046646118164062e+02 3.327087402343750000e+02 1.484459018707275391e+02
3.909827804565429688e+02 3.319906997680664062e+02 1.483734607696533203e+02
3.904117202758789062e+02 3.316511917114257812e+02 1.484681606292724609e+02
3.909999847412109375e+02 3.309999847412109375e+02 1.481929302215576172e+02
3.906380081176757812e+02 3.323178482055664062e+02 1.485387706756591797e+02
3.900470352172851562e+02 3.319906997680664062e+02 1.486722373962402344e+02
3.897700500488281250e+02 3.309999847412109375e+02 1.485991096496582031e+02
3.889999771118164062e+02 3.320000076293945312e+02 1.490996360778808594e+02
3.889999771118164062e+02 3.309999847412109375e+02 1.489164733886718750e+02
3.883423233032226562e+02 3.320000076293945312e+02 1.494134235382080078e+02
3.881559371948242188e+02 3.309999847412109375e+02 1.493173599243164062e+02
3.878422927856445312e+02 3.320000076293945312e+02 1.496988201141357422e+02
3.884665679931640625e+02 3.325643539428710938e+02 1.494808483123779297e+02
3.876559066772460938e+02 3.309999847412109375e+02 1.495872306823730469e+02
3.875513839721679688e+02 3.302954101562500000e+02 1.495279693603515625e+02
3.870000076293945312e+02 3.309999847412109375e+02 1.500235080718994141e+02
3.864215850830078125e+02 3.309999847412109375e+02 1.504362678527832031e+02
3.870839309692382812e+02 3.299772644042968750e+02 1.497947883605957031e+02
3.869408035278320312e+02 3.289999771118164062e+02 1.497956466674804688e+02
3.863103866577148438e+02 3.300000000000000000e+02 1.503475189208984375e+02
3.874732589721679688e+02 3.296287536621093750e+02 1.494827270507812500e+02
3.874408340454101562e+02 3.289999771118164062e+02 1.494618320465087891e+02
3.879308319091796875e+02 3.299772644042968750e+02 1.492930603027343750e+02
3.879999923706054688e+02 3.289999771118164062e+02 1.491809749603271484e+02
3.889999771118164062e+02 3.300000000000000000e+02 1.487958717346191406e+02
3.890990066528320312e+02 3.289103698730468750e+02 1.486829376220703125e+02
3.896111679077148438e+02 3.300000000000000000e+02 1.485415935516357422e+02
3.895331954956054688e+02 3.291839599609375000e+02 1.485126972198486328e+02
3.901111602783203125e+02 3.300000000000000000e+02 1.483564281463623047e+02
3.899198913574218750e+02 3.289103698730468750e+02 1.483553218841552734e+02
3.902700424194335938e+02 3.309999847412109375e+02 1.484164619445800781e+02
3.909999847412109375e+02 3.300000000000000000e+02 1.480707359313964844e+02
3.909999847412109375e+02 3.289999771118164062e+02 1.479940795898437500e+02
3.920000076293945312e+02 3.300000000000000000e+02 1.478037834167480469e+02
3.920000076293945312e+02 3.289999771118164062e+02 1.477150249481201172e+02
3.920000076293945312e+02 3.309999847412109375e+02 1.479354572296142578e+02
3.930397796630859375e+02 3.299768829345703125e+02 1.475877666473388672e+02
3.927388763427734375e+02 3.289999771118164062e+02 1.475406074523925781e+02
3.933996200561523438e+02 3.296281814575195312e+02 1.474832534790039062e+02
3.937051391601562500e+02 3.302948379516601562e+02 1.475269794464111328e+02
3.940230941772460938e+02 3.299768829345703125e+02 1.474423408508300781e+02
3.939999771118164062e+02 3.289999771118164062e+02 1.473378849029541016e+02
3.932388687133789062e+02 3.289999771118164062e+02 1.474550151824951172e+02
3.939999771118164062e+02 3.279999923706054688e+02 1.472947883605957031e+02
3.931283187866210938e+02 3.279999923706054688e+02 1.474351596832275391e+02
3.939999771118164062e+02 3.270000076293945312e+02 1.473210811614990234e+02
3.950000000000000000e+02 3.279999923706054688e+02 1.471610927581787109e+02
3.950000000000000000e+02 3.270000076293945312e+02 1.471870613098144531e+02
3.950000000000000000e+02 3.259999847412109375e+02 1.472754859924316406e+02
3.959999847412109375e+02 3.259999847412109375e+02 1.471989727020263672e+02
3.939591979980468750e+02 3.259754943847656250e+02 1.474172306060791016e+02
3.949883270263671875e+02 3.249591827392578125e+02 1.474236011505126953e+02
3.942653274536132812e+02 3.252653503417968750e+02 1.474638080596923828e+02
3.953138732910156250e+02 3.244064712524414062e+02 1.474806976318359375e+02
3.946472167968750000e+02 3.245986557006835938e+02 1.475154018402099609e+02
3.959999847412109375e+02 3.250000000000000000e+02 1.473398494720458984e+02
3.959999847412109375e+02 3.243038177490234375e+02 1.474590587615966797e+02
3.959999847412109375e+02 3.238038253784179688e+02 1.475636482238769531e+02
3.970000076293945312e+02 3.242897033691406250e+02 1.474551582336425781e+02
3.970000076293945312e+02 3.237897109985351562e+02 1.475627803802490234e+02
3.970000076293945312e+02 3.229999923706054688e+02 1.477716159820556641e+02
3.979999923706054688e+02 3.229999923706054688e+02 1.478622055053710938e+02
3.959999847412109375e+02 3.229999923706054688e+02 1.477685070037841797e+02
3.970000076293945312e+02 3.220000076293945312e+02 1.480927371978759766e+02
3.959999847412109375e+02 3.220000076293945312e+02 1.480788421630859375e+02
3.970000076293945312e+02 3.212326049804687500e+02 1.483839035034179688e+02
3.979999923706054688e+02 3.220000076293945312e+02 1.481942939758300781e+02
3.989347839355468750e+02 3.220031356811523438e+02 1.483689975738525391e+02
3.979999923706054688e+02 3.213618850708007812e+02 1.484378910064697266e+02
3.979999923706054688e+02 3.208618927001953125e+02 1.486683940887451172e+02
3.985579681396484375e+02 3.214688491821289062e+02 1.484854125976562500e+02
3.989347839355468750e+02 3.210813140869140625e+02 1.487689781188964844e+02
3.989089584350585938e+02 3.199983215332031250e+02 1.493241977691650391e+02
3.992246246337890625e+02 3.216719055175781250e+02 1.485701179504394531e+02
4.000569152832031250e+02 3.209302902221679688e+02 1.491929244995117188e+02
4.004281997680664062e+02 3.205504608154296875e+02 1.495279502868652344e+02
3.997615051269531250e+02 3.203305816650390625e+02 1.494020652770996094e+02
4.000569152832031250e+02 3.199983215332031250e+02 1.497171688079833984e+02
4.010161590576171875e+02 3.199630165100097656e+02 1.501672363281250000e+02
3.991815567016601562e+02 3.196638870239257812e+02 1.495980548858642578e+02
3.990021514892578125e+02 3.189990234375000000e+02 1.499932193756103516e+02
3.979999923706054688e+02 3.189049530029296875e+02 1.497727584838867188e+02
3.988227081298828125e+02 3.183641624450683594e+02 1.503883838653564453e+02
3.985149002075195312e+02 3.194930648803710938e+02 1.494954872131347656e+02
3.979999923706054688e+02 3.194049453735351562e+02 1.494396781921386719e+02
3.979999923706054688e+02 3.200000000000000000e+02 1.491080760955810547e+02
3.970000076293945312e+02 3.192783546447753906e+02 1.493622589111328125e+02
3.970000076293945312e+02 3.187783432006835938e+02 1.496822643280029297e+02
3.970000076293945312e+02 3.200000000000000000e+02 1.489657878875732422e+02
3.959999847412109375e+02 3.192182350158691406e+02 1.493297958374023438e+02
3.950000000000000000e+02 3.192116546630859375e+02 1.493289852142333984e+02
3.959999847412109375e+02 3.187182235717773438e+02 1.496381855010986328e+02
3.959999847412109375e+02 3.200000000000000000e+02 1.489109230041503906e+02
3.959999847412109375e+02 3.206935501098632812e+02 1.485811233520507812e+02
3.950000000000000000e+02 3.200000000000000000e+02 1.489172458648681641e+02
3.939999771118164062e+02 3.200000000000000000e+02 1.489986991882324219e+02
3.950000000000000000e+02 3.207247924804687500e+02 1.485882663726806641e+02
3.950000000000000000e+02 3.212247848510742188e+02 1.483929634094238281e+02
3.939999771118164062e+02 3.208472442626953125e+02 1.486309719085693359e+02
3.930529022216796875e+02 3.210749053955078125e+02 1.487020111083984375e+02
3.939999771118164062e+02 3.213472366333007812e+02 1.484424114227294922e+02
3.934215164184570312e+02 3.214581680297851562e+02 1.484844779968261719e+02
3.939999771118164062e+02 3.220000076293945312e+02 1.482310104370117188e+02
3.930529022216796875e+02 3.219956588745117188e+02 1.483880424499511719e+02
3.939999771118164062e+02 3.229999923706054688e+02 1.479483985900878906e+02
3.950000000000000000e+02 3.220000076293945312e+02 1.481257820129394531e+02
3.950000000000000000e+02 3.229999923706054688e+02 1.478309345245361328e+02
3.949883270263671875e+02 3.240438842773437500e+02 1.475877380371093750e+02
3.939999771118164062e+02 3.239999771118164062e+02 1.477212429046630859e+02
3.939591979980468750e+02 3.249591827392578125e+02 1.475583934783935547e+02
3.929999923706054688e+02 3.239999771118164062e+02 1.478889656066894531e+02
3.920000076293945312e+02 3.239999771118164062e+02 1.481031227111816406e+02
3.929999923706054688e+02 3.229999923706054688e+02 1.481162834167480469e+02
3.929999923706054688e+02 3.250000000000000000e+02 1.477125167846679688e+02
3.920000076293945312e+02 3.250000000000000000e+02 1.479275512695312500e+02
3.930167388916015625e+02 3.259754943847656250e+02 1.475757980346679688e+02
3.927100753784179688e+02 3.270000076293945312e+02 1.475379467010498047e+02
3.935986709594726562e+02 3.256258010864257812e+02 1.475154018402099609e+02
3.920000076293945312e+02 3.259999847412109375e+02 1.477975177764892578e+02
3.933612060546875000e+02 3.262924957275390625e+02 1.474748516082763672e+02
3.932100677490234375e+02 3.270000076293945312e+02 1.474487113952636719e+02
3.909999847412109375e+02 3.259999847412109375e+02 1.480707359313964844e+02
3.920000076293945312e+02 3.270000076293945312e+02 1.477123546600341797e+02
3.909999847412109375e+02 3.270000076293945312e+02 1.479940795898437500e+02
3.920000076293945312e+02 3.279999923706054688e+02 1.476832199096679688e+02
3.909999847412109375e+02 3.279999923706054688e+02 1.479677295684814453e+02
3.926283264160156250e+02 3.279999923706054688e+02 1.475226593017578125e+02
3.900000000000000000e+02 3.279999923706054688e+02 1.483061313629150391e+02
3.894975280761718750e+02 3.279999923706054688e+02 1.484989643096923828e+02
3.899198913574218750e+02 3.270896148681640625e+02 1.483553218841552734e+02
3.901111602783203125e+02 3.259999847412109375e+02 1.483564281463623047e+02
3.895331954956054688e+02 3.268160247802734375e+02 1.485126972198486328e+02
3.894983291625976562e+02 3.274826812744140625e+02 1.484993076324462891e+02
3.890990066528320312e+02 3.270896148681640625e+02 1.486829376220703125e+02
3.889975357055664062e+02 3.279999923706054688e+02 1.487088966369628906e+02
3.879999923706054688e+02 3.270000076293945312e+02 1.491825103759765625e+02
3.889999771118164062e+02 3.259999847412109375e+02 1.487958717346191406e+02
3.879335403442382812e+02 3.260334777832031250e+02 1.492942810058593750e+02
3.889999771118164062e+02 3.250000000000000000e+02 1.489176082611083984e+02
3.896111679077148438e+02 3.259999847412109375e+02 1.485415935516357422e+02
3.897700500488281250e+02 3.250000000000000000e+02 1.485991096496582031e+02
3.900470352172851562e+02 3.240092849731445312e+02 1.486722373962402344e+02
3.902700424194335938e+02 3.250000000000000000e+02 1.484164619445800781e+02
3.904117202758789062e+02 3.243487930297851562e+02 1.484681606292724609e+02
3.909999847412109375e+02 3.250000000000000000e+02 1.481929302215576172e+02
3.909796905517578125e+02 3.240092849731445312e+02 1.483713245391845703e+02
3.912994766235351562e+02 3.232739257812500000e+02 1.484423446655273438e+02
3.906328201293945312e+02 3.236821365356445312e+02 1.485387706756591797e+02
3.909796905517578125e+02 3.229643249511718750e+02 1.486166858673095703e+02
3.909999847412109375e+02 3.220000076293945312e+02 1.489021110534667969e+02
3.916114044189453125e+02 3.226072311401367188e+02 1.485277557373046875e+02
3.900000000000000000e+02 3.229999923706054688e+02 1.489344787597656250e+02
3.890061187744140625e+02 3.230698776245117188e+02 1.493377399444580078e+02
3.899690628051757812e+02 3.219742584228515625e+02 1.492756748199462891e+02
3.893435668945312500e+02 3.222904205322265625e+02 1.494203281402587891e+02
3.902817916870117188e+02 3.212984848022460938e+02 1.494111824035644531e+02
3.896151351928710938e+02 3.216237258911132812e+02 1.495487499237060547e+02
3.890061187744140625e+02 3.219742584228515625e+02 1.497269725799560547e+02
3.899690628051757812e+02 3.209790802001953125e+02 1.496937561035156250e+02
3.906585693359375000e+02 3.206317901611328125e+02 1.495601749420166016e+02
3.889834976196289062e+02 3.209938049316406250e+02 1.501990699768066406e+02
3.899938583374023438e+02 3.199805259704589844e+02 1.502099514007568359e+02
3.903230667114257812e+02 3.193676567077636719e+02 1.504090690612792969e+02
3.896564102172851562e+02 3.196342086791992188e+02 1.505847644805908203e+02
3.909951400756835938e+02 3.200231170654296875e+02 1.497452449798583984e+02
3.893058776855468750e+02 3.203009033203125000e+02 1.503806686401367188e+02
3.889834976196289062e+02 3.199805259704589844e+02 1.507950210571289062e+02
3.886391830444335938e+02 3.206563568115234375e+02 1.505904674530029297e+02
3.882529449462890625e+02 3.200000000000000000e+02 1.513052082061767578e+02
3.889999771118164062e+02 3.192443275451660156e+02 1.513009262084960938e+02
3.889999771118164062e+02 3.187443161010742188e+02 1.517140579223632812e+02
3.899205780029296875e+02 3.189406204223632812e+02 1.509492874145507812e+02
3.884791183471679688e+02 3.194788169860839844e+02 1.514831447601318359e+02
3.881239318847656250e+02 3.191256904602050781e+02 1.521091651916503906e+02
3.877529525756835938e+02 3.200000000000000000e+02 1.517246341705322266e+02
3.877687835693359375e+02 3.187725639343261719e+02 1.527807807922363281e+02
3.874465179443359375e+02 3.194392204284667969e+02 1.524446105957031250e+02
3.884354400634765625e+02 3.184412193298339844e+02 1.524403858184814453e+02
3.889999771118164062e+02 3.182163619995117188e+02 1.522140502929687500e+02
3.881314468383789062e+02 3.181146049499511719e+02 1.531373023986816406e+02
3.877927017211914062e+02 3.177572059631347656e+02 1.540000057220458984e+02
3.889999771118164062e+02 3.177163696289062500e+02 1.527579212188720703e+02
3.874549484252929688e+02 3.184546470642089844e+02 1.534474468231201172e+02
3.884941482543945312e+02 3.174952125549316406e+02 1.534938144683837891e+02
3.882927322387695312e+02 3.173329925537109375e+02 1.540000057220458984e+02
3.889999771118164062e+02 3.173161888122558594e+02 1.532579135894775391e+02
3.890021514892578125e+02 3.168222045898437500e+02 1.539914035797119141e+02
3.899224853515625000e+02 3.169495964050292969e+02 1.529362201690673828e+02
3.896573638916015625e+02 3.165930175781250000e+02 1.536523342132568359e+02
3.895209503173828125e+02 3.175139236450195312e+02 1.525167465209960938e+02
3.901876449584960938e+02 3.173061752319335938e+02 1.522859287261962891e+02
3.907799530029296875e+02 3.166395187377929688e+02 1.526890277862548828e+02
3.903240203857421875e+02 3.164004707336425781e+02 1.533557033538818359e+02
3.899944305419921875e+02 3.162066841125488281e+02 1.539914035797119141e+02
3.910679626464843750e+02 3.162760734558105469e+02 1.530134201049804688e+02
3.909681320190429688e+02 3.157211112976074219e+02 1.539943981170654297e+02
3.920515441894531250e+02 3.158502769470214844e+02 1.530744075775146484e+02
3.914466094970703125e+02 3.164743804931640625e+02 1.524685859680175781e+02
3.910823440551757812e+02 3.170393371582031250e+02 1.520439243316650391e+02
3.920000076293945312e+02 3.163738822937011719e+02 1.523447990417480469e+02
3.920000076293945312e+02 3.168114852905273438e+02 1.518448066711425781e+02
3.929999923706054688e+02 3.162273216247558594e+02 1.521637058258056641e+02
3.929999923706054688e+02 3.166478919982910156e+02 1.516637039184570312e+02
3.929999923706054688e+02 3.157273101806640625e+02 1.528474521636962891e+02
3.929999923706054688e+02 3.171479034423828125e+02 1.511576843261718750e+02
3.939999771118164062e+02 3.165497589111328125e+02 1.515553283691406250e+02
3.939999771118164062e+02 3.170497512817382812e+02 1.510620212554931641e+02
3.939999771118164062e+02 3.175732040405273438e+02 1.505620193481445312e+02
3.950000000000000000e+02 3.170160293579101562e+02 1.510276985168457031e+02
3.950000000000000000e+02 3.175322914123535156e+02 1.505276966094970703e+02
3.950000000000000000e+02 3.180322837829589844e+02 1.501311302185058594e+02
3.959999847412109375e+02 3.175488853454589844e+02 1.505426692962646484e+02
3.959999847412109375e+02 3.180488777160644531e+02 1.501381874084472656e+02
3.970000076293945312e+02 3.181092071533203125e+02 1.501822662353515625e+02
3.979999923706054688e+02 3.182227516174316406e+02 1.502727603912353516e+02
3.950000000000000000e+02 3.187116622924804688e+02 1.496311283111572266e+02
3.939999771118164062e+02 3.180732154846191406e+02 1.501681900024414062e+02
3.939999771118164062e+02 3.187748908996582031e+02 1.496681880950927734e+02
3.929999923706054688e+02 3.181858825683593750e+02 1.502572250366210938e+02
3.920000076293945312e+02 3.183720970153808594e+02 1.504011249542236328e+02
3.929999923706054688e+02 3.176858711242675781e+02 1.506576919555664062e+02
3.929120254516601562e+02 3.190306091308593750e+02 1.497084426879882812e+02
3.931867218017578125e+02 3.193843460083007812e+02 1.494324684143066406e+02
3.920000076293945312e+02 3.189999961853027344e+02 1.499840831756591797e+02
3.925200653076171875e+02 3.195088386535644531e+02 1.495044422149658203e+02
3.929120254516601562e+02 3.199053001403808594e+02 1.492310810089111328e+02
3.920000076293945312e+02 3.196605300903320312e+02 1.495829582214355469e+02
3.920000076293945312e+02 3.201605224609375000e+02 1.493347167968750000e+02
3.920000076293945312e+02 3.209999847412109375e+02 1.489746761322021484e+02
3.913252258300781250e+02 3.203718566894531250e+02 1.494357585906982422e+02
3.909951400756835938e+02 3.209790802001953125e+02 1.492897129058837891e+02
3.919668579101562500e+02 3.219956588745117188e+02 1.486286163330078125e+02
3.922780990600585938e+02 3.223260879516601562e+02 1.484455013275146484e+02
3.927548599243164062e+02 3.216594314575195312e+02 1.485506916046142578e+02
3.919668579101562500e+02 3.229643249511718750e+02 1.483491706848144531e+02
3.910882186889648438e+02 3.190205764770507812e+02 1.503038215637207031e+02
3.914803695678710938e+02 3.184885787963867188e+02 1.504911422729492188e+02
3.908137130737304688e+02 3.187009811401367188e+02 1.506471538543701172e+02
3.910992050170898438e+02 3.180549621582031250e+02 1.510438632965087891e+02
3.901847457885742188e+02 3.182880020141601562e+02 1.513138198852539062e+02
3.907180786132812500e+02 3.176213455200195312e+02 1.516192626953125000e+02
3.920000076293945312e+02 3.178721046447753906e+02 1.508164310455322266e+02
3.913847351074218750e+02 3.174391555786132812e+02 1.514405727386474609e+02
3.920000076293945312e+02 3.173114967346191406e+02 1.513164329528808594e+02
3.898528671264648438e+02 3.179009628295898438e+02 1.518988037109375000e+02
3.895180892944335938e+02 3.185136032104492188e+02 1.515116882324218750e+02
3.939999771118164062e+02 3.192749023437500000e+02 1.493677330017089844e+02
3.924192428588867188e+02 3.154732704162597656e+02 1.534573459625244141e+02
3.917525482177734375e+02 3.155852890014648438e+02 1.536573314666748047e+02
3.920515441894531250e+02 3.153096961975097656e+02 1.539943981170654297e+02
3.912802505493164062e+02 3.154077148437500000e+02 1.543239974975585938e+02
3.920866012573242188e+02 3.147841835021972656e+02 1.550901699066162109e+02
3.906135940551757812e+02 3.155494308471679688e+02 1.546061325073242188e+02
3.899775314331054688e+02 3.157065773010253906e+02 1.549636745452880859e+02
3.890021514892578125e+02 3.162397193908691406e+02 1.550283622741699219e+02
3.893368911743164062e+02 3.163945579528808594e+02 1.543190002441406250e+02
3.886702346801757812e+02 3.166154289245605469e+02 1.547139358520507812e+02
3.884154510498046875e+02 3.164379882812500000e+02 1.553806114196777344e+02
3.879891204833984375e+02 3.169868659973144531e+02 1.549845027923583984e+02
3.873384094238281250e+02 3.173583030700683594e+02 1.552550601959228516e+02
3.875627899169921875e+02 3.175549697875976562e+02 1.545883941650390625e+02
3.869448089599609375e+02 3.179438781738281250e+02 1.549169921875000000e+02
3.863446426391601562e+02 3.183328056335449219e+02 1.552455997467041016e+02
3.872546386718750000e+02 3.182572174072265625e+02 1.540000057220458984e+02
3.866717529296875000e+02 3.176661300659179688e+02 1.558151149749755859e+02
3.865512466430664062e+02 3.185567474365234375e+02 1.545789337158203125e+02
3.859732818603515625e+02 3.189682006835937500e+02 1.549573230743408203e+02
3.867546463012695312e+02 3.187880897521972656e+02 1.540000057220458984e+02
3.863227462768554688e+02 3.192880821228027344e+02 1.540000057220458984e+02
3.871173858642578125e+02 3.191333007812500000e+02 1.531373405456542969e+02
3.864950561523437500e+02 3.194940376281738281e+02 1.534938907623291016e+02
3.867271041870117188e+02 3.200000000000000000e+02 1.527651977539062500e+02
3.865229797363281250e+02 3.205336761474609375e+02 1.525263786315917969e+02
3.872271347045898438e+02 3.200000000000000000e+02 1.522246265411376953e+02
3.863109588623046875e+02 3.200000000000000000e+02 1.532651996612548828e+02
3.858098983764648438e+02 3.199840164184570312e+02 1.539761638641357422e+02
3.859480667114257812e+02 3.209205245971679688e+02 1.529375934600830078e+02
3.855862045288085938e+02 3.206406784057617188e+02 1.536269378662109375e+02
3.856432342529296875e+02 3.217689514160156250e+02 1.526821517944335938e+02
3.853870391845703125e+02 3.213073348999023438e+02 1.533488178253173828e+02
3.863098907470703125e+02 3.212003707885742188e+02 1.522877216339111328e+02
3.860375976562500000e+02 3.220723342895507812e+02 1.520405006408691406e+02
3.869057083129882812e+02 3.208661651611328125e+02 1.519046401977539062e+02
3.872884750366210938e+02 3.211986160278320312e+02 1.513119983673095703e+02
3.866217803955078125e+02 3.217090606689453125e+02 1.516210556030273438e+02
3.875248336791992188e+02 3.205319595336914062e+02 1.515215587615966797e+02
3.879427337646484375e+02 3.209275054931640625e+02 1.509512329101562500e+02
3.876939773559570312e+02 3.217971038818359375e+02 1.506453323364257812e+02
3.883606338500976562e+02 3.213230514526367188e+02 1.504023647308349609e+02
3.880163955688476562e+02 3.220782470703125000e+02 1.502874946594238281e+02
3.874784088134765625e+02 3.224637603759765625e+02 1.504829406738281250e+02
3.880834579467773438e+02 3.230698776245117188e+02 1.498589897155761719e+02
3.873418426513671875e+02 3.229999923706054688e+02 1.503783512115478516e+02
3.884724044799804688e+02 3.234498214721679688e+02 1.494836521148681641e+02
3.878525924682617188e+02 3.239999771118164062e+02 1.497133541107177734e+02
3.886768722534179688e+02 3.227831649780273438e+02 1.495938491821289062e+02
3.871183776855468750e+02 3.239999771118164062e+02 1.502133560180664062e+02
3.883525848388671875e+02 3.239999771118164062e+02 1.494166564941406250e+02
3.876652145385742188e+02 3.250000000000000000e+02 1.495954990386962891e+02
3.881652069091796875e+02 3.250000000000000000e+02 1.493184947967529297e+02
3.875559234619140625e+02 3.257224655151367188e+02 1.495310497283935547e+02
3.869082641601562500e+02 3.249272155761718750e+02 1.501358699798583984e+02
3.864188766479492188e+02 3.252120208740234375e+02 1.504324531555175781e+02
3.865137863159179688e+02 3.245453643798828125e+02 1.505110645294189453e+02
3.870859909057617188e+02 3.260334777832031250e+02 1.498051452636718750e+02
3.863273620605468750e+02 3.259999847412109375e+02 1.503581428527832031e+02
3.874766540527343750e+02 3.263891601562500000e+02 1.494847679138183594e+02
3.869433593750000000e+02 3.270000076293945312e+02 1.498008632659912109e+02
3.862548446655273438e+02 3.270000076293945312e+02 1.503008651733398438e+02
3.874433898925781250e+02 3.270000076293945312e+02 1.494633674621582031e+02
3.869217681884765625e+02 3.279999923706054688e+02 1.497831726074218750e+02
3.862308120727539062e+02 3.279999923706054688e+02 1.502831745147705078e+02
3.874217605590820312e+02 3.279999923706054688e+02 1.494495773315429688e+02
3.879999923706054688e+02 3.279999923706054688e+02 1.491584682464599609e+02
3.857308197021484375e+02 3.279999923706054688e+02 1.507005310058593750e+02
3.862447738647460938e+02 3.289999771118164062e+02 1.502956485748291016e+02
3.857447814941406250e+02 3.289999771118164062e+02 1.507105445861816406e+02
3.858103561401367188e+02 3.300000000000000000e+02 1.507667636871337891e+02
3.851911163330078125e+02 3.289999771118164062e+02 1.512105464935302734e+02
3.846911239624023438e+02 3.289999771118164062e+02 1.517016124725341797e+02
3.852517318725585938e+02 3.300000000000000000e+02 1.512667655944824219e+02
3.851824951171875000e+02 3.279999923706054688e+02 1.512005329132080078e+02
3.852129364013671875e+02 3.270000076293945312e+02 1.512243366241455078e+02
3.846825027465820312e+02 3.279999923706054688e+02 1.516950988769531250e+02
3.842475891113281250e+02 3.279999923706054688e+02 1.521951007843017578e+02
3.847129440307617188e+02 3.270000076293945312e+02 1.517339801788330078e+02
3.842843246459960938e+02 3.270000076293945312e+02 1.522339820861816406e+02
3.847916030883789062e+02 3.259999847412109375e+02 1.518293762207031250e+02
3.848571395874023438e+02 3.249817276000976562e+02 1.520576000213623047e+02
3.852915954589843750e+02 3.259999847412109375e+02 1.512946796417236328e+02
3.843636322021484375e+02 3.259999847412109375e+02 1.523293781280517578e+02
3.844438171386718750e+02 3.253028488159179688e+02 1.524293327331542969e+02
3.838153839111328125e+02 3.260123825073242188e+02 1.530729579925537109e+02
3.834685516357421875e+02 3.263539505004882812e+02 1.534549331665039062e+02
3.841718673706054688e+02 3.249817276000976562e+02 1.529317665100097656e+02
3.835407638549804688e+02 3.256872940063476562e+02 1.535667610168457031e+02
3.837843322753906250e+02 3.270000076293945312e+02 1.528892612457275391e+02
3.834210205078125000e+02 3.270000076293945312e+02 1.533892631530761719e+02
3.837475967407226562e+02 3.279999923706054688e+02 1.528297328948974609e+02
3.837490081787109375e+02 3.289999771118164062e+02 1.528257274627685547e+02
3.833761596679687500e+02 3.279999923706054688e+02 1.533297348022460938e+02
3.829474639892578125e+02 3.279999923706054688e+02 1.540000057220458984e+02
3.833716201782226562e+02 3.289999771118164062e+02 1.533257198333740234e+02
3.830447769165039062e+02 3.270000076293945312e+02 1.540000057220458984e+02
3.826237106323242188e+02 3.270000076293945312e+02 1.547420501708984375e+02
3.832494354248046875e+02 3.260123825073242188e+02 1.539400577545166016e+02
3.833312988281250000e+02 3.250000000000000000e+02 1.542171382904052734e+02
3.836319732666015625e+02 3.250000000000000000e+02 1.537171363830566406e+02
3.834338378906250000e+02 3.243050384521484375e+02 1.543894290924072266e+02
3.837598037719726562e+02 3.239830017089843750e+02 1.540336608886718750e+02
3.842890167236328125e+02 3.239999771118164062e+02 1.532003498077392578e+02
3.835476303100585938e+02 3.236383438110351562e+02 1.545900249481201172e+02
3.841849899291992188e+02 3.229775619506835938e+02 1.539503288269042969e+02
3.843439102172851562e+02 3.221834182739257812e+02 1.542505455017089844e+02
3.844168090820312500e+02 3.232959365844726562e+02 1.533808517456054688e+02
3.836362457275390625e+02 3.229033660888671875e+02 1.549540138244628906e+02
3.845541000366210938e+02 3.226292800903320312e+02 1.535838794708251953e+02
3.846698379516601562e+02 3.219100570678710938e+02 1.539503288269042969e+02
3.848059463500976562e+02 3.229775619506835938e+02 1.530285167694091797e+02
3.852447128295898438e+02 3.220613861083984375e+02 1.530092906951904297e+02
3.853418350219726562e+02 3.229999923706054688e+02 1.523117923736572266e+02
3.846463012695312500e+02 3.239999771118164062e+02 1.527003479003906250e+02
3.852124786376953125e+02 3.240873336791992188e+02 1.519734668731689453e+02
3.845392990112304688e+02 3.246361923217773438e+02 1.525529479980468750e+02
3.854923629760742188e+02 3.244789123535156250e+02 1.514921092987060547e+02
3.856130218505859375e+02 3.238122558593750000e+02 1.516224384307861328e+02
3.857837295532226562e+02 3.229999923706054688e+02 1.518117904663085938e+02
3.859678268432617188e+02 3.240873336791992188e+02 1.511738395690917969e+02
3.862837219238281250e+02 3.229999923706054688e+02 1.512896823883056641e+02
3.860513305664062500e+02 3.249272155761718750e+02 1.508396911621093750e+02
3.866183471679687500e+02 3.239999771118164062e+02 1.505982208251953125e+02
3.868418121337890625e+02 3.229999923706054688e+02 1.507896804809570312e+02
3.870500946044921875e+02 3.220864105224609375e+02 1.510391712188720703e+02
3.864319229125976562e+02 3.223757553100585938e+02 1.514330101013183594e+02
3.854169464111328125e+02 3.250000000000000000e+02 1.514163208007812500e+02
3.858273696899414062e+02 3.259999847412109375e+02 1.507946777343750000e+02
3.857548522949218750e+02 3.270000076293945312e+02 1.507243347167968750e+02
3.854666900634765625e+02 3.224356079101562500e+02 1.524599552154541016e+02
3.845085525512695312e+02 3.215167617797851562e+02 1.545154666900634766e+02
3.851565933227539062e+02 3.209843826293945312e+02 1.539761638641357422e+02
3.853653717041015625e+02 3.203067016601562500e+02 1.542936038970947266e+02
3.846326065063476562e+02 3.209144592285156250e+02 1.549092769622802734e+02
3.845137405395507812e+02 3.205241012573242188e+02 1.555270481109619141e+02
3.851702880859375000e+02 3.199840164184570312e+02 1.550014305114746094e+02
3.843301391601562500e+02 3.211907577514648438e+02 1.551821327209472656e+02
3.841057586669921875e+02 3.219100570678710938e+02 1.549092769622802734e+02
3.836007308959960938e+02 3.219027328491210938e+02 1.559027290344238281e+02
3.833443832397460938e+02 3.221712112426757812e+02 1.561712074279785156e+02
3.835021972656250000e+02 3.225056076049804688e+02 1.555045413970947266e+02
3.831627273559570312e+02 3.219027328491210938e+02 1.569033718109130859e+02
3.856019210815429688e+02 3.196400451660156250e+02 1.546690464019775391e+02
3.854047393798828125e+02 3.193796539306640625e+02 1.553357124328613281e+02
3.833741378784179688e+02 3.231722640991210938e+02 1.552566909790039062e+02
3.842490005493164062e+02 3.289999771118164062e+02 1.522016143798828125e+02
3.889999771118164062e+02 3.239999771118164062e+02 1.491028785705566406e+02
3.856382751464843750e+02 3.186653327941894531e+02 1.560000038146972656e+02
3.894983291625976562e+02 3.285173034667968750e+02 1.484993076324462891e+02
3.959999847412109375e+02 3.211935424804687500e+02 1.483739852905273438e+02
3.970000076293945312e+02 3.207326126098632812e+02 1.486035346984863281e+02
3.997063064575195312e+02 3.223385620117187500e+02 1.484354019165039062e+02
4.020101547241210938e+02 3.168000411987304688e+02 1.539887714385986328e+02
4.025278472900390625e+02 3.174783134460449219e+02 1.534722614288330078e+02
4.053976821899414062e+02 3.247556304931640625e+02 1.505824089050292969e+02
3.939999771118164062e+02 3.359524917602539062e+02 1.492537784576416016e+02
3.929999923706054688e+02 3.358672714233398438e+02 1.492996025085449219e+02
3.920000076293945312e+02 3.357112503051757812e+02 1.493836021423339844e+02
3.913604736328125000e+02 3.355755996704101562e+02 1.494573879241943359e+02
3.910162734985351562e+02 3.359453582763671875e+02 1.497812747955322266e+02
3.899959564208984375e+02 3.360329055786132812e+02 1.502099514007568359e+02
3.906938171386718750e+02 3.353726196289062500e+02 1.495605087280273438e+02
3.899546051025390625e+02 3.350235748291015625e+02 1.496772480010986328e+02
3.903265762329101562e+02 3.366030502319335938e+02 1.504243183135986328e+02
3.813677978515625000e+02 3.289999771118164062e+02 1.571705341339111328e+02
3.813827514648437500e+02 3.279999923706054688e+02 1.572041034698486328e+02
3.813946533203125000e+02 3.300000000000000000e+02 1.572405147552490234e+02
3.811009597778320312e+02 3.279999923706054688e+02 1.580000019073486328e+02
3.814392852783203125e+02 3.270000076293945312e+02 1.573463535308837891e+02
3.814847946166992188e+02 3.264291763305664062e+02 1.574615001678466797e+02
3.812135314941406250e+02 3.270000076293945312e+02 1.580000019073486328e+02
3.825526428222656250e+02 3.226363754272460938e+02 1.576536750793457031e+02
3.819851684570312500e+02 3.229999923706054688e+02 1.590000057220458984e+02
3.824391555786132812e+02 3.223708724975585938e+02 1.583203411102294922e+02
3.823394393920898438e+02 3.221597671508789062e+02 1.590000057220458984e+02
3.822373962402343750e+02 3.219052886962890625e+02 1.599126815795898438e+02
3.825763702392578125e+02 3.216597747802734375e+02 1.590000057220458984e+02
3.825043106079101562e+02 3.215088272094726562e+02 1.595211410522460938e+02
3.826933288574218750e+02 3.210328292846679688e+02 1.599126815795898438e+02
3.826541137695312500e+02 3.207661819458007812e+02 1.609999847412109375e+02
3.824375152587890625e+02 3.213880157470703125e+02 1.601877975463867188e+02
3.832384109497070312e+02 3.201124191284179688e+02 1.600000000000000000e+02
3.835778808593750000e+02 3.196124267578125000e+02 1.600000000000000000e+02
3.832088088989257812e+02 3.199177932739257812e+02 1.609927749633789062e+02
3.834758758544921875e+02 3.194692802429199219e+02 1.613212776184082031e+02
3.830356597900390625e+02 3.200000000000000000e+02 1.619999885559082031e+02
3.835210037231445312e+02 3.195296478271484375e+02 1.606546211242675781e+02
3.838346099853515625e+02 3.190815734863281250e+02 1.609927749633789062e+02
3.841359329223632812e+02 3.189096260070800781e+02 1.599466419219970703e+02
3.838574218750000000e+02 3.189295959472656250e+02 1.619999885559082031e+02
3.844025039672851562e+02 3.183898925781250000e+02 1.609999847412109375e+02
3.844559860229492188e+02 3.184500312805175781e+02 1.602443885803222656e+02
3.848669433593750000e+02 3.180700111389160156e+02 1.599466419219970703e+02
3.851638031005859375e+02 3.179473686218261719e+02 1.590867900848388672e+02
3.845134353637695312e+02 3.185160636901855469e+02 1.595777320861816406e+02
3.854486465454101562e+02 3.174511718750000000e+02 1.600000000000000000e+02
3.854943847656250000e+02 3.174945640563964844e+02 1.594779777526855469e+02
3.860834121704101562e+02 3.168761444091796875e+02 1.600032424926757812e+02
3.859471130371093750e+02 3.171708106994628906e+02 1.590867900848388672e+02
3.865319824218750000e+02 3.165253257751464844e+02 1.596720790863037109e+02
3.864723968505859375e+02 3.164764976501464844e+02 1.603387451171875000e+02
3.869191741943359375e+02 3.161869430541992188e+02 1.600032424926757812e+02
3.864287948608398438e+02 3.164395523071289062e+02 1.609999847412109375e+02
3.870000076293945312e+02 3.160100746154785156e+02 1.609999847412109375e+02
3.870000076293945312e+02 3.159584045410156250e+02 1.619999885559082031e+02
3.876060485839843750e+02 3.155705070495605469e+02 1.609999847412109375e+02
3.875714111328125000e+02 3.155471611022949219e+02 1.619999885559082031e+02
3.876902008056640625e+02 3.156262969970703125e+02 1.600000000000000000e+02
3.881060409545898438e+02 3.152477073669433594e+02 1.609999847412109375e+02
3.880714035034179688e+02 3.152274131774902344e+02 1.619999885559082031e+02
3.889458847045898438e+02 3.147477149963378906e+02 1.609999847412109375e+02
3.881902313232421875e+02 3.153004837036132812e+02 1.600000000000000000e+02
3.883140563964843750e+02 3.153799629211425781e+02 1.590000057220458984e+02
3.890913772583007812e+02 3.147635650634765625e+02 1.600657463073730469e+02
3.889999771118164062e+02 3.149809455871582031e+02 1.590000057220458984e+02
3.895829772949218750e+02 3.145386123657226562e+02 1.597762489318847656e+02
3.894856262207031250e+02 3.144920539855957031e+02 1.604429054260253906e+02
3.899497985839843750e+02 3.143322753906250000e+02 1.600657463073730469e+02
3.894459152221679688e+02 3.144703292846679688e+02 1.609999847412109375e+02
3.894108963012695312e+02 3.144512748718261719e+02 1.619999885559082031e+02
3.889109039306640625e+02 3.147274017333984375e+02 1.619999885559082031e+02
3.902164459228515625e+02 3.143707466125488281e+02 1.590000057220458984e+02
3.903722763061523438e+02 3.144412612915039062e+02 1.582432842254638672e+02
3.897164535522460938e+02 3.146009826660156250e+02 1.590000057220458984e+02
3.909269332885742188e+02 3.142885971069335938e+02 1.579459762573242188e+02
3.905449295043945312e+02 3.145178222656250000e+02 1.575766181945800781e+02
3.884236526489257812e+02 3.154502105712890625e+02 1.582956504821777344e+02
3.878140258789062500e+02 3.157092857360839844e+02 1.590000057220458984e+02
3.871154403686523438e+02 3.162092781066894531e+02 1.590000057220458984e+02
3.872674942016601562e+02 3.163216209411621094e+02 1.580000019073486328e+02
3.866154479980468750e+02 3.165925788879394531e+02 1.590000057220458984e+02
3.875776672363281250e+02 3.155508232116699219e+02 1.629999923706054688e+02
3.870000076293945312e+02 3.159630584716796875e+02 1.629999923706054688e+02
3.855785369873046875e+02 3.175789451599121094e+02 1.588113117218017578e+02
3.845839691162109375e+02 3.186021614074707031e+02 1.590000057220458984e+02
3.841881179809570312e+02 3.191021728515625000e+02 1.590000057220458984e+02
3.843323135375976562e+02 3.192823219299316406e+02 1.580000019073486328e+02
3.836881256103515625e+02 3.197787094116210938e+02 1.590000057220458984e+02
3.834433746337890625e+02 3.194296073913574219e+02 1.619999885559082031e+02
3.825922775268554688e+02 3.206542968750000000e+02 1.619999885559082031e+02
3.822991943359375000e+02 3.211542892456054688e+02 1.619999885559082031e+02
3.823675155639648438e+02 3.212662124633789062e+02 1.609999847412109375e+02
3.819933319091796875e+02 3.220000076293945312e+02 1.609999847412109375e+02
3.816257858276367188e+02 3.228097915649414062e+02 1.609999847412109375e+02
3.814230346679687500e+02 3.233097839355468750e+02 1.609999847412109375e+02
3.817050933837890625e+02 3.230657196044921875e+02 1.600370979309082031e+02
3.815506744384765625e+02 3.226226425170898438e+02 1.619999885559082031e+02
3.814770507812500000e+02 3.234428405761718750e+02 1.603951644897460938e+02
3.815503692626953125e+02 3.236513900756835938e+02 1.597285079956054688e+02
3.813724899291992188e+02 3.239908218383789062e+02 1.600370979309082031e+02
3.811859130859375000e+02 3.239999771118164062e+02 1.609999847412109375e+02
3.803327560424804688e+02 3.270000076293945312e+02 1.619999885559082031e+02
3.803391647338867188e+02 3.259999847412109375e+02 1.639999961853027344e+02
3.803360748291015625e+02 3.259999847412109375e+02 1.650000000000000000e+02
3.804610061645507812e+02 3.253602600097656250e+02 1.639999961853027344e+02
3.825680160522460938e+02 3.206057739257812500e+02 1.659999847412109375e+02
3.954316329956054688e+02 3.134969139099121094e+02 1.574892902374267578e+02
3.875313186645507812e+02 3.165182876586914062e+02 1.684443855285644531e+02
3.882207870483398438e+02 3.163415718078613281e+02 1.689999961853027344e+02
3.827206039428710938e+02 3.208356857299804688e+02 1.679999923706054688e+02
3.823967742919921875e+02 3.213356781005859375e+02 1.679999923706054688e+02
4.015339660644531250e+02 3.144806480407714844e+02 1.636675643920898438e+02
4.027170562744140625e+02 3.163444519042968750e+02 1.679999923706054688e+02
4.032170867919921875e+02 3.167132949829101562e+02 1.679999923706054688e+02
4.025395202636718750e+02 3.164712333679199219e+02 1.685512351989746094e+02
4.066631317138671875e+02 3.203014755249023438e+02 1.550000000000000000e+02
4.073799133300781250e+02 3.206762313842773438e+02 1.557504749298095703e+02
4.076016998291015625e+02 3.213428878784179688e+02 1.553222846984863281e+02
4.064388275146484375e+02 3.195834159851074219e+02 1.673563003540039062e+02
4.057842636108398438e+02 3.191672134399414062e+02 1.679999923706054688e+02
4.054864120483398438e+02 3.185147094726562500e+02 1.674700927734375000e+02
4.036279678344726562e+02 3.173886680603027344e+02 1.686844253540039062e+02
4.031594848632812500e+02 3.188525390625000000e+02 1.711529159545898438e+02
3.883775711059570312e+02 3.184308433532714844e+02 1.725770378112792969e+02
3.880394744873046875e+02 3.190228080749511719e+02 1.729797172546386719e+02
3.872055435180664062e+02 3.192911911010742188e+02 1.727157402038574219e+02
3.877109146118164062e+02 3.186245346069335938e+02 1.723493194580078125e+02
3.865388870239257812e+02 3.195306396484375000e+02 1.724675369262695312e+02
3.858520126342773438e+02 3.198630714416503906e+02 1.721475601196289062e+02
3.839559936523437500e+02 3.209459304809570312e+02 1.710609245300292969e+02
3.802453231811523438e+02 3.270000076293945312e+02 1.659999847412109375e+02
3.919002151489257812e+02 3.209000396728515625e+02 1.758010482788085938e+02
3.864549636840820312e+02 3.224437332153320312e+02 1.745301055908203125e+02
3.815801239013671875e+02 3.301828002929687500e+02 1.703400611877441406e+02
3.823636245727539062e+02 3.300000000000000000e+02 1.716781234741210938e+02
3.822366714477539062e+02 3.309748840332031250e+02 1.710307884216308594e+02
3.816779327392578125e+02 3.310578155517578125e+02 1.700040245056152344e+02
3.824543380737304688e+02 3.306248092651367188e+02 1.715600013732910156e+02
3.823600006103515625e+02 3.318221282958984375e+02 1.707179832458496094e+02
3.825783538818359375e+02 3.312914657592773438e+02 1.713846588134765625e+02
3.826916885375976562e+02 3.320932769775390625e+02 1.710307884216308594e+02
3.831555938720703125e+02 3.330020523071289062e+02 1.710238456726074219e+02
3.825050735473632812e+02 3.324887847900390625e+02 1.704911041259765625e+02
3.821240234375000000e+02 3.320932769775390625e+02 1.700946617126464844e+02
3.814157867431640625e+02 3.307630538940429688e+02 1.696733856201171875e+02
3.815231323242187500e+02 3.314297103881835938e+02 1.694416046142578125e+02
3.813943862915039062e+02 3.317851638793945312e+02 1.687749290466308594e+02
3.812565612792968750e+02 3.320711135864257812e+02 1.680680656433105469e+02
3.822517013549804688e+02 3.330503082275390625e+02 1.569458580017089844e+02
3.870169448852539062e+02 3.369831848144531250e+02 1.530173683166503906e+02
3.866820144653320312e+02 3.373113632202148438e+02 1.537145805358886719e+02
3.873486709594726562e+02 3.376359176635742188e+02 1.533439636230468750e+02
3.876994323730468750e+02 3.373216629028320312e+02 1.526772975921630859e+02
3.880640792846679688e+02 3.379534912109375000e+02 1.530568408966064453e+02
3.877621078491210938e+02 3.383026123046875000e+02 1.537703800201416016e+02
3.884287643432617188e+02 3.385506439208984375e+02 1.534363746643066406e+02
3.889999771118164062e+02 3.383183670043945312e+02 1.527141380310058594e+02
3.883660888671875000e+02 3.376043701171875000e+02 1.523932361602783203e+02
4.002526855468750000e+02 3.333409118652343750e+02 1.485584640502929688e+02
4.007110214233398438e+02 3.326742172241210938e+02 1.484369945526123047e+02
4.010266113281250000e+02 3.330045318603515625e+02 1.486549949645996094e+02
4.013776779174804688e+02 3.323776626586914062e+02 1.485372257232666016e+02
4.019979858398437500e+02 3.320265960693359375e+02 1.486621475219726562e+02
4.029999923706054688e+02 3.320000076293945312e+02 1.490755367279052734e+02
4.035239791870117188e+02 3.325344848632812500e+02 1.494861125946044922e+02
4.006554031372070312e+02 3.365781402587890625e+02 1.504389381408691406e+02
3.910449218750000000e+02 3.401918792724609375e+02 1.540698623657226562e+02
3.907415390014648438e+02 3.404240798950195312e+02 1.546504878997802734e+02
3.914081954956054688e+02 3.405284881591796875e+02 1.544497585296630859e+02
3.910449218750000000e+02 3.406839370727539062e+02 1.549902915954589844e+02
3.920000076293945312e+02 3.406025695800781250e+02 1.543154144287109375e+02
3.899662399291992188e+02 3.402986526489257812e+02 1.549902915954589844e+02
3.856386566162109375e+02 3.383662796020507812e+02 1.569999980926513672e+02
3.863410949707031250e+02 3.386406707763671875e+02 1.562236309051513672e+02
3.851576232910156250e+02 3.378662872314453125e+02 1.569999980926513672e+02
3.842581939697265625e+02 3.377418136596679688e+02 1.659999847412109375e+02
3.873580169677734375e+02 3.395901870727539062e+02 1.677183151245117188e+02
3.875849533081054688e+02 3.394511032104492188e+02 1.683849906921386719e+02
3.869993972778320312e+02 3.387778091430664062e+02 1.689707565307617188e+02
3.864181518554687500e+02 3.385630035400390625e+02 1.686179161071777344e+02
3.859951400756835938e+02 3.380057525634765625e+02 1.690065193176269531e+02
3.853571319580078125e+02 3.376305007934570312e+02 1.687284660339355469e+02
3.849589920043945312e+02 3.370407867431640625e+02 1.690645599365234375e+02
3.845608901977539062e+02 3.364336395263671875e+02 1.694006347656250000e+02
3.843645477294921875e+02 3.366450500488281250e+02 1.687339782714843750e+02
3.839851760864257812e+02 3.360130691528320312e+02 1.690192794799804688e+02
3.836824417114257812e+02 3.362770843505859375e+02 1.679999923706054688e+02
3.834281921386718750e+02 3.355924606323242188e+02 1.686379051208496094e+02
3.831987762451171875e+02 3.350143814086914062e+02 1.689827346801757812e+02
3.825383377075195312e+02 3.344364166259765625e+02 1.684027481079101562e+02
3.841210174560546875e+02 3.289999771118164062e+02 1.738152694702148438e+02
3.892199707031250000e+02 3.250000000000000000e+02 1.766105079650878906e+02
3.899729537963867188e+02 3.239921569824218750e+02 1.766605377197265625e+02
3.900000000000000000e+02 3.250000000000000000e+02 1.768788528442382812e+02
3.909999847412109375e+02 3.239999771118164062e+02 1.769531059265136719e+02
3.909999847412109375e+02 3.250000000000000000e+02 1.771620178222656250e+02
3.887429428100585938e+02 3.363406753540039062e+02 1.733739280700683594e+02
3.894095993041992188e+02 3.365549468994140625e+02 1.735453033447265625e+02
3.970000076293945312e+02 3.400662994384765625e+02 1.530000019073486328e+02
3.960116195678710938e+02 3.402092361450195312e+02 1.530934238433837891e+02
4.020000076293945312e+02 3.383092498779296875e+02 1.527301216125488281e+02
4.029648971557617188e+02 3.379791259765625000e+02 1.530252933502197266e+02
4.066392135620117188e+02 3.376478576660156250e+02 1.580000019073486328e+02
4.048617172241210938e+02 3.397787475585937500e+02 1.609999847412109375e+02
4.022190093994140625e+02 3.413658905029296875e+02 1.629999923706054688e+02
4.083033370971679688e+02 3.361846160888671875e+02 1.619999885559082031e+02
3.950000000000000000e+02 3.356232070922851562e+02 1.755737876892089844e+02
4.014322280883789062e+02 3.215644454956054688e+02 1.744644737243652344e+02
4.085965347290039062e+02 3.232770919799804688e+02 1.553174781799316406e+02
4.105348587036132812e+02 3.297833633422851562e+02 1.637100982666015625e+02
4.104937744140625000e+02 3.304500198364257812e+02 1.634500122070312500e+02
4.105691528320312500e+02 3.289999771118164062e+02 1.638916969299316406e+02
4.104815292358398438e+02 3.289999771118164062e+02 1.643916893005371094e+02
4.094750213623046875e+02 3.266760253906250000e+02 1.674291229248046875e+02
4.075411605834960938e+02 3.234079742431640625e+02 1.695685577392578125e+02
4.084249496459960938e+02 3.289999771118164062e+02 1.703529548645019531e+02
4.080498504638671875e+02 3.289999771118164062e+02 1.709999847412109375e+02
4.076248931884765625e+02 3.289999771118164062e+02 1.716758155822753906e+02
4.075768280029296875e+02 3.279999923706054688e+02 1.716071510314941406e+02
4.072035217285156250e+02 3.279999923706054688e+02 1.721071624755859375e+02
4.016852569580078125e+02 3.242417907714843750e+02 1.755993843078613281e+02
4.023519134521484375e+02 3.247356414794921875e+02 1.754180717468261719e+02
4.020111465454101562e+02 3.250413894653320312e+02 1.757028007507324219e+02
4.009228134155273438e+02 3.250679779052734375e+02 1.762306594848632812e+02
4.025548934936523438e+02 3.254022979736328125e+02 1.755335617065429688e+02
4.054322814941406250e+02 3.256830215454101562e+02 1.734354591369628906e+02
4.076900100708007812e+02 3.349863433837890625e+02 1.689508247375488281e+02
4.073989868164062500e+02 3.353105926513671875e+02 1.692513656616210938e+02
4.075746536254882812e+02 3.346439361572265625e+02 1.696557807922363281e+02
4.075339126586914062e+02 3.355533981323242188e+02 1.685846900939941406e+02
4.074680328369140625e+02 3.323538208007812500e+02 1.714454078674316406e+02
4.072979354858398438e+02 3.361966323852539062e+02 1.679999923706054688e+02
