2.724764442443847656e+02 4.234545516967773438e+02 1.103934001922607422e+02
2.723167419433593750e+02 4.239632797241210938e+02 1.100360393524169922e+02
2.724208068847656250e+02 4.233423614501953125e+02 1.110000038146972656e+02
2.727586936950683594e+02 4.230727386474609375e+02 1.100360393524169922e+02
2.730682373046875000e+02 4.229999923706054688e+02 1.090000057220458984e+02
2.726765441894531250e+02 4.228423690795898438e+02 1.110000038146972656e+02
2.725501441955566406e+02 4.236054229736328125e+02 1.097267341613769531e+02
2.732857704162597656e+02 4.221531677246093750e+02 1.100000000000000000e+02
2.734227371215820312e+02 4.223773956298828125e+02 1.090000057220458984e+02
2.732094192504882812e+02 4.219201278686523438e+02 1.109568881988525391e+02
2.735991477966308594e+02 4.216531753540039062e+02 1.100000000000000000e+02
2.737483596801757812e+02 4.218774032592773438e+02 1.090000057220458984e+02
2.735212516784667969e+02 4.215335845947265625e+02 1.105948162078857422e+02
2.741325759887695312e+02 4.209207916259765625e+02 1.099507045745849609e+02
2.744220924377441406e+02 4.204048156738281250e+02 1.102511787414550781e+02
2.742483711242675781e+02 4.211658096313476562e+02 1.090000057220458984e+02
2.737697219848632812e+02 4.210520553588867188e+02 1.109568881988525391e+02
2.745269203186035156e+02 4.205346679687500000e+02 1.095845127105712891e+02
2.746323966979980469e+02 4.206658172607421875e+02 1.090000057220458984e+02
2.748302650451660156e+02 4.200428771972656250e+02 1.099507045745849609e+02
2.751983833312988281e+02 4.199773406982421875e+02 1.090811729431152344e+02
2.747358894348144531e+02 4.197785949707031250e+02 1.110000038146972656e+02
2.753926277160644531e+02 4.193838500976562500e+02 1.100000000000000000e+02
2.754874420166015625e+02 4.194865798950195312e+02 1.094686126708984375e+02
2.752358818054199219e+02 4.192144012451171875e+02 1.110000038146972656e+02
2.758784675598144531e+02 4.188838577270507812e+02 1.100000000000000000e+02
2.760521888732910156e+02 4.190537261962890625e+02 1.091314315795898438e+02
2.757100677490234375e+02 4.187144088745117188e+02 1.110000038146972656e+02
2.763784599304199219e+02 4.183843994140625000e+02 1.100000000000000000e+02
2.764830970764160156e+02 4.184839630126953125e+02 1.094609165191650391e+02
2.762100601196289062e+02 4.182228088378906250e+02 1.110000038146972656e+02
2.770327949523925781e+02 4.178224563598632812e+02 1.099411869049072266e+02
2.769783592224121094e+02 4.181988143920898438e+02 1.090765476226806641e+02
2.767524147033691406e+02 4.177228164672851562e+02 1.110000038146972656e+02
2.775312805175781250e+02 4.175248718261718750e+02 1.095686435699462891e+02
2.773879814147949219e+02 4.174052429199218750e+02 1.102353096008300781e+02
2.772524261474609375e+02 4.172906112670898438e+02 1.110000038146972656e+02
2.780076789855957031e+02 4.170034408569335938e+02 1.100171184539794922e+02
2.781719017028808594e+02 4.172483444213867188e+02 1.090000057220458984e+02
2.778856086730957031e+02 4.167905807495117188e+02 1.110000038146972656e+02
2.786463928222656250e+02 4.166016387939453125e+02 1.097989273071289062e+02
2.784840583801269531e+02 4.164882278442382812e+02 1.104655933380126953e+02
2.783856201171875000e+02 4.164154052734375000e+02 1.110000038146972656e+02
2.789878273010253906e+02 4.162765884399414062e+02 1.100793552398681641e+02
2.793585395812988281e+02 4.164042282104492188e+02 1.090000057220458984e+02
2.789999961853027344e+02 4.160015869140625000e+02 1.110000038146972656e+02
2.800010871887207031e+02 4.156892776489257812e+02 1.099176120758056641e+02
2.800000000000000000e+02 4.160095596313476562e+02 1.090000057220458984e+02
2.796461296081542969e+02 4.155861663818359375e+02 1.110000038146972656e+02
2.805172538757324219e+02 4.155093383789062500e+02 1.095293617248535156e+02
2.803351402282714844e+02 4.154044342041015625e+02 1.101960277557373047e+02
2.801461410522460938e+02 4.152958297729492188e+02 1.110000038146972656e+02
2.809103584289550781e+02 4.151813507080078125e+02 1.099176120758056641e+02
2.811953735351562500e+02 4.153378295898437500e+02 1.090000057220458984e+02
2.810849380493164062e+02 4.147759628295898438e+02 1.110674762725830078e+02
2.819860649108886719e+02 4.146472549438476562e+02 1.099281692504882812e+02
2.819999885559082031e+02 4.149465179443359375e+02 1.090000057220458984e+02
2.816434288024902344e+02 4.145654678344726562e+02 1.107791233062744141e+02
2.825365447998046875e+02 4.145142745971679688e+02 1.095469474792480469e+02
2.823101043701171875e+02 4.144142532348632812e+02 1.102136135101318359e+02
2.819860649108886719e+02 4.143453598022460938e+02 1.110674762725830078e+02
2.829219245910644531e+02 4.142571258544921875e+02 1.099281692504882812e+02
2.832744407653808594e+02 4.144135284423828125e+02 1.090000057220458984e+02
2.829999923706054688e+02 4.139559555053710938e+02 1.110000038146972656e+02
2.839999961853027344e+02 4.138649749755859375e+02 1.100000000000000000e+02
2.839999961853027344e+02 4.141626358032226562e+02 1.090000057220458984e+02
2.840156745910644531e+02 4.136276245117187500e+02 1.109767913818359375e+02
2.849622917175292969e+02 4.135992431640625000e+02 1.099623107910156250e+02
2.852705001831054688e+02 4.134419250488281250e+02 1.102705192565917969e+02
2.850000000000000000e+02 4.138649749755859375e+02 1.090000057220458984e+02
2.846038436889648438e+02 4.135264587402343750e+02 1.106279850006103516e+02
2.856372451782226562e+02 4.135264587402343750e+02 1.096038532257080078e+02
2.859823417663574219e+02 4.133699035644531250e+02 1.099623107910156250e+02
2.859823417663574219e+02 4.136295700073242188e+02 1.090239810943603516e+02
2.859999847412109375e+02 4.139584350585937500e+02 1.080000019073486328e+02
2.869999885559082031e+02 4.135481262207031250e+02 1.086619949340820312e+02
2.863039016723632812e+02 4.134622955322265625e+02 1.093732929229736328e+02
2.869999885559082031e+02 4.134025955200195312e+02 1.091619968414306641e+02
2.869999885559082031e+02 4.131806564331054688e+02 1.100000000000000000e+02
2.879141235351562500e+02 4.133476638793945312e+02 1.089056205749511719e+02
2.879999923706054688e+02 4.130482101440429688e+02 1.100000000000000000e+02
2.875235557556152344e+02 4.135026931762695312e+02 1.085093688964843750e+02
2.889999961853027344e+02 4.132163238525390625e+02 1.090000057220458984e+02
2.881902122497558594e+02 4.134646606445312500e+02 1.083895683288574219e+02
2.879141235351562500e+02 4.136133575439453125e+02 1.080337429046630859e+02
2.889999961853027344e+02 4.134251785278320312e+02 1.082574748992919922e+02
2.889999961853027344e+02 4.135812377929687500e+02 1.077574729919433594e+02
2.900000000000000000e+02 4.133918380737304688e+02 1.081392765045166016e+02
2.900000000000000000e+02 4.131555175781250000e+02 1.090000057220458984e+02
2.900000000000000000e+02 4.135423660278320312e+02 1.076392745971679688e+02
2.909999847412109375e+02 4.133769989013671875e+02 1.080825614929199219e+02
2.909999847412109375e+02 4.131327819824218750e+02 1.090000057220458984e+02
2.909999847412109375e+02 4.135247421264648438e+02 1.075825595855712891e+02
2.919999885559082031e+02 4.133779907226562500e+02 1.080832099914550781e+02
2.919999885559082031e+02 4.131402969360351562e+02 1.090000057220458984e+02
2.919999885559082031e+02 4.135247421264648438e+02 1.075832080841064453e+02
2.929999923706054688e+02 4.133945083618164062e+02 1.081419277191162109e+02
2.929999923706054688e+02 4.131757354736328125e+02 1.090000057220458984e+02
2.929999923706054688e+02 4.135423660278320312e+02 1.076419258117675781e+02
2.939999961853027344e+02 4.134347534179687500e+02 1.082810115814208984e+02
2.939999961853027344e+02 4.132550048828125000e+02 1.090000057220458984e+02
2.939999961853027344e+02 4.135848617553710938e+02 1.077810192108154297e+02
2.946737670898437500e+02 4.134752273559570312e+02 1.084182929992675781e+02
2.950042533874511719e+02 4.133909988403320312e+02 1.089585018157958984e+02
2.950042533874511719e+02 4.136343765258789062e+02 1.080509757995605469e+02
2.950000000000000000e+02 4.139841079711914062e+02 1.069999980926513672e+02
2.953404235839843750e+02 4.135227203369140625e+02 1.085974979400634766e+02
2.959999847412109375e+02 4.138217544555664062e+02 1.080000019073486328e+02
2.959999847412109375e+02 4.141673660278320312e+02 1.069999980926513672e+02
2.960697746276855469e+02 4.135726928710937500e+02 1.089585018157958984e+02
2.969999885559082031e+02 4.140482330322265625e+02 1.080000019073486328e+02
2.969227981567382812e+02 4.143767166137695312e+02 1.070175266265869141e+02
2.969999885559082031e+02 4.137686157226562500e+02 1.090000057220458984e+02
2.979991912841796875e+02 4.143368911743164062e+02 1.080008029937744141e+02
2.976653289794921875e+02 4.144452667236328125e+02 1.073625469207763672e+02
2.979999923706054688e+02 4.140482330322265625e+02 1.090000057220458984e+02
2.983319854736328125e+02 4.145558166503906250e+02 1.076679992675781250e+02
2.986387825012207031e+02 4.144452667236328125e+02 1.083346652984619141e+02
2.989832687377929688e+02 4.143792724609375000e+02 1.090860366821289062e+02
2.989832687377929688e+02 4.146896362304687500e+02 1.080008029937744141e+02
2.989999961853027344e+02 4.150569534301757812e+02 1.069999980926513672e+02
2.993054389953613281e+02 4.145769119262695312e+02 1.088100528717041016e+02
3.000914573669433594e+02 4.151944351196289062e+02 1.079123210906982422e+02
2.997691535949707031e+02 4.153733444213867188e+02 1.069999980926513672e+02
2.999074745178222656e+02 4.147739791870117188e+02 1.090860366821289062e+02
3.004857635498046875e+02 4.155068588256835938e+02 1.075205421447753906e+02
3.006948089599609375e+02 4.153972244262695312e+02 1.081872081756591797e+02
3.010168838500976562e+02 4.153229904174804688e+02 1.090804672241210938e+02
3.010168838500976562e+02 4.156576156616210938e+02 1.079123210906982422e+02
3.009999847412109375e+02 4.159855651855468750e+02 1.069999980926513672e+02
3.013614654541015625e+02 4.155741500854492188e+02 1.088007831573486328e+02
3.020441627502441406e+02 4.162213516235351562e+02 1.080053043365478516e+02
3.016967773437500000e+02 4.163756561279296875e+02 1.069999980926513672e+02
3.019079971313476562e+02 4.158291625976562500e+02 1.090804672241210938e+02
3.025774955749511719e+02 4.164464187622070312e+02 1.083421707153320312e+02
3.024069404602050781e+02 4.165602493286132812e+02 1.076755046844482422e+02
3.021967697143554688e+02 4.166969299316406250e+02 1.069999980926513672e+02
3.029464912414550781e+02 4.168259429931640625e+02 1.080053043365478516e+02
3.030054092407226562e+02 4.172382354736328125e+02 1.070577812194824219e+02
3.032076263427734375e+02 4.167084503173828125e+02 1.090000057220458984e+02
3.036678695678710938e+02 4.173622512817382812e+02 1.080000019073486328e+02
3.035393714904785156e+02 4.174678421020507812e+02 1.074296283721923828e+02
3.038528060913085938e+02 4.172084808349609375e+02 1.090000057220458984e+02
3.041678619384765625e+02 4.177862167358398438e+02 1.080000019073486328e+02
3.039734840393066406e+02 4.180204772949218750e+02 1.070496368408203125e+02
3.043528175354003906e+02 4.176282882690429688e+02 1.090000057220458984e+02
3.047243309020996094e+02 4.182862472534179688e+02 1.080000019073486328e+02
3.045852661132812500e+02 4.184189987182617188e+02 1.073363113403320312e+02
3.048862075805664062e+02 4.181282806396484375e+02 1.090000057220458984e+02
3.052243232727050781e+02 4.187883758544921875e+02 1.080000019073486328e+02
3.049972915649414062e+02 4.190052795410156250e+02 1.070124530792236328e+02
3.053861999511718750e+02 4.186212921142578125e+02 1.090000057220458984e+02
3.056840133666992188e+02 4.192883682250976562e+02 1.080000019073486328e+02
3.055669975280761719e+02 4.194244384765625000e+02 1.073552513122558594e+02
3.058234977722167969e+02 4.191212844848632812e+02 1.090000057220458984e+02
3.062459373474121094e+02 4.200203704833984375e+02 1.079041099548339844e+02
3.058520126342773438e+02 4.199625015258789062e+02 1.070131492614746094e+02
3.063234901428222656e+02 4.197306442260742188e+02 1.090000057220458984e+02
3.064978599548339844e+02 4.205029678344726562e+02 1.075068473815917969e+02
3.065988349914550781e+02 4.203672790527343750e+02 1.081735134124755859e+02
3.066969108581542969e+02 4.202306365966796875e+02 1.090000057220458984e+02
3.068820953369140625e+02 4.209017944335937500e+02 1.079041099548339844e+02
3.067434120178222656e+02 4.211489105224609375e+02 1.069999980926513672e+02
3.072447204589843750e+02 4.210649490356445312e+02 1.089749050140380859e+02
3.074034881591796875e+02 4.216675949096679688e+02 1.080000019073486328e+02
3.072716140747070312e+02 4.220114517211914062e+02 1.069619846343994141e+02
3.074786376953125000e+02 4.215377044677734375e+02 1.086248493194580078e+02
3.076851463317871094e+02 4.221675872802734375e+02 1.080000019073486328e+02
3.075835990905761719e+02 4.223524093627929688e+02 1.072699737548828125e+02
3.077494049072265625e+02 4.219226074218750000e+02 1.089749050140380859e+02
3.081166648864746094e+02 4.229999923706054688e+02 1.080000019073486328e+02
3.077808380126953125e+02 4.229434204101562500e+02 1.069619846343994141e+02
3.083240699768066406e+02 4.230437088012695312e+02 1.089261817932128906e+02
3.084315299987792969e+02 4.236497497558593750e+02 1.080000019073486328e+02
3.083041000366210938e+02 4.240106964111328125e+02 1.069784736633300781e+02
3.084930801391601562e+02 4.235151672363281250e+02 1.085436344146728516e+02
3.086570930480957031e+02 4.241497802734375000e+02 1.080000019073486328e+02
3.085675811767578125e+02 4.243511581420898438e+02 1.072974586486816406e+02
3.087284851074218750e+02 4.239091110229492188e+02 1.089261817932128906e+02
3.089992523193359375e+02 4.250000000000000000e+02 1.080000019073486328e+02
3.087042427062988281e+02 4.249695968627929688e+02 1.069784736633300781e+02
3.091912651062011719e+02 4.250000000000000000e+02 1.090000057220458984e+02
3.093551063537597656e+02 4.260161590576171875e+02 1.079773712158203125e+02
3.090740585327148438e+02 4.259999847412109375e+02 1.069999980926513672e+02
3.094399452209472656e+02 4.256702423095703125e+02 1.090000057220458984e+02
3.094689750671386719e+02 4.266082000732421875e+02 1.076289558410644531e+02
3.095489501953125000e+02 4.263602447509765625e+02 1.082956218719482422e+02
3.096173667907714844e+02 4.261702346801757812e+02 1.090000057220458984e+02
3.096543121337890625e+02 4.269649124145507812e+02 1.079773712158203125e+02
3.098773574829101562e+02 4.270000076293945312e+02 1.090000057220458984e+02
3.099289131164550781e+02 4.279999923706054688e+02 1.080000019073486328e+02
3.095642280578613281e+02 4.272748565673828125e+02 1.073070144653320312e+02
3.093672561645507812e+02 4.269649124145507812e+02 1.069842147827148438e+02
3.096394538879394531e+02 4.280248260498046875e+02 1.069842147827148438e+02
3.094528198242187500e+02 4.277080535888671875e+02 1.066403484344482422e+02
3.095284652709960938e+02 4.283747100830078125e+02 1.064324951171875000e+02
3.098539161682128906e+02 4.289999771118164062e+02 1.069999980926513672e+02
3.095947837829589844e+02 4.289999771118164062e+02 1.062721824645996094e+02
3.101450729370117188e+02 4.289999771118164062e+02 1.080000019073486328e+02
3.100332260131835938e+02 4.300000000000000000e+02 1.069999980926513672e+02
3.096569824218750000e+02 4.300511550903320312e+02 1.059582519531250000e+02
3.103520011901855469e+02 4.300690460205078125e+02 1.080814266204833984e+02
3.101639938354492188e+02 4.309999847412109375e+02 1.069999980926513672e+02
3.098006248474121094e+02 4.309999847412109375e+02 1.060000038146972656e+02
3.104114723205566406e+02 4.309999847412109375e+02 1.078493022918701172e+02
3.102446174621582031e+02 4.320000076293945312e+02 1.069999980926513672e+02
3.098877525329589844e+02 4.320000076293945312e+02 1.060000038146972656e+02
3.104498481750488281e+02 4.320000076293945312e+02 1.076991271972656250e+02
3.102675819396972656e+02 4.329999923706054688e+02 1.069999980926513672e+02
3.099236679077148438e+02 4.329999923706054688e+02 1.060000038146972656e+02
3.104578018188476562e+02 4.329999923706054688e+02 1.076736164093017578e+02
3.102274131774902344e+02 4.339999771118164062e+02 1.069999980926513672e+02
3.104333305358886719e+02 4.339999771118164062e+02 1.077922821044921875e+02
3.101342582702636719e+02 4.350000000000000000e+02 1.069999980926513672e+02
3.099016952514648438e+02 4.339999771118164062e+02 1.060000038146972656e+02
3.096076202392578125e+02 4.339999771118164062e+02 1.052570056915283203e+02
3.098254585266113281e+02 4.350000000000000000e+02 1.060000038146972656e+02
3.095741844177246094e+02 4.350000000000000000e+02 1.053253078460693359e+02
3.096623992919921875e+02 4.360167694091796875e+02 1.059430027008056641e+02
3.099819946289062500e+02 4.359999847412109375e+02 1.069999980926513672e+02
3.095703315734863281e+02 4.370000076293945312e+02 1.062885856628417969e+02
3.094757270812988281e+02 4.363613128662109375e+02 1.055716705322265625e+02
3.095341110229492188e+02 4.356946563720703125e+02 1.054174232482910156e+02
3.093309783935546875e+02 4.360167694091796875e+02 1.050504589080810547e+02
3.088685798645019531e+02 4.359999847412109375e+02 1.040000057220458984e+02
3.093621444702148438e+02 4.350000000000000000e+02 1.048253059387207031e+02
3.091223335266113281e+02 4.370000076293945312e+02 1.050000000000000000e+02
3.086831092834472656e+02 4.369501113891601562e+02 1.039661026000976562e+02
3.094070434570312500e+02 4.370000076293945312e+02 1.057885837554931641e+02
3.088678932189941406e+02 4.379999923706054688e+02 1.050000000000000000e+02
3.092686080932617188e+02 4.379131317138671875e+02 1.060878658294677734e+02
3.086081314086914062e+02 4.389196777343750000e+02 1.050531482696533203e+02
3.085885238647460938e+02 4.379999923706054688e+02 1.043152618408203125e+02
3.085109519958496094e+02 4.385327911376953125e+02 1.044768524169921875e+02
3.083491897583007812e+02 4.379999923706054688e+02 1.038152599334716797e+02
3.084460449218750000e+02 4.372502136230468750e+02 1.036101627349853516e+02
3.078327751159667969e+02 4.380944442749023438e+02 1.029026508331298828e+02
3.081977081298828125e+02 4.389196777343750000e+02 1.040861129760742188e+02
3.076970100402832031e+02 4.389999771118164062e+02 1.031522655487060547e+02
3.077450370788574219e+02 4.400134277343750000e+02 1.039737701416015625e+02
3.084001541137695312e+02 4.391994476318359375e+02 1.047552394866943359e+02
3.082333374023437500e+02 4.399434280395507812e+02 1.050531482696533203e+02
3.085304450988769531e+02 4.395724105834960938e+02 1.054219055175781250e+02
3.084138679504394531e+02 4.402951049804687500e+02 1.060000038146972656e+02
3.077337837219238281e+02 4.410253524780273438e+02 1.049929904937744141e+02
3.075984001159667969e+02 4.407088851928710938e+02 1.042896175384521484e+02
3.080936622619628906e+02 4.409999847412109375e+02 1.060000038146972656e+02
3.075675582885742188e+02 4.416260910034179688e+02 1.053216552734375000e+02
3.074407577514648438e+02 4.413755798339843750e+02 1.046549892425537109e+02
3.072547912597656250e+02 4.419756317138671875e+02 1.049929904937744141e+02
3.073020172119140625e+02 4.410253524780273438e+02 1.039737701416015625e+02
3.067891693115234375e+02 4.410107040405273438e+02 1.029718780517578125e+02
3.074414443969726562e+02 4.403557205200195312e+02 1.036229515075683594e+02
3.067946624755859375e+02 4.420335006713867188e+02 1.039772129058837891e+02
3.065958786010742188e+02 4.426559829711914062e+02 1.042953491210937500e+02
3.064383888244628906e+02 4.423891830444335938e+02 1.036286830902099609e+02
3.066211318969726562e+02 4.417225265502929688e+02 1.032864570617675781e+02
3.062690162658691406e+02 4.420335006713867188e+02 1.029718780517578125e+02
3.064301300048828125e+02 4.413512039184570312e+02 1.026197910308837891e+02
3.057258796691894531e+02 4.419357299804687500e+02 1.020299434661865234e+02
3.057472801208496094e+02 4.429741668701171875e+02 1.030381965637207031e+02
3.062325668334960938e+02 4.429935836791992188e+02 1.039772129058837891e+02
3.055605888366699219e+02 4.435834121704101562e+02 1.033969974517822266e+02
3.053614044189453125e+02 4.432902908325195312e+02 1.027303314208984375e+02
3.055798149108886719e+02 4.426235961914062500e+02 1.023832416534423828e+02
3.050199127197265625e+02 4.430282592773437500e+02 1.019723129272460938e+02
3.046947288513183594e+02 4.437537002563476562e+02 1.022280502319335938e+02
3.044534873962402344e+02 4.434329223632812500e+02 1.015613842010498047e+02
3.053450775146484375e+02 4.422262191772460938e+02 1.017165756225585938e+02
3.046784210205078125e+02 4.427662658691406250e+02 1.012834072113037109e+02
3.040925025939941406e+02 4.431325149536132812e+02 1.008921909332275391e+02
3.049692153930664062e+02 4.419438934326171875e+02 1.010372734069824219e+02
3.043981742858886719e+02 4.423282623291015625e+02 1.006167411804199219e+02
3.052580070495605469e+02 4.409999847412109375e+02 1.007916736602783203e+02
3.045933532714843750e+02 4.416615676879882812e+02 1.004011249542236328e+02
3.055331420898437500e+02 4.415595626831054688e+02 1.014578056335449219e+02
3.056661415100097656e+02 4.409999847412109375e+02 1.012916660308837891e+02
3.061909866333007812e+02 4.410107040405273438e+02 1.020239639282226562e+02
3.058384323120117188e+02 4.399785995483398438e+02 1.009586524963378906e+02
3.062270545959472656e+02 4.390818405151367188e+02 1.010201835632324219e+02
3.054173088073730469e+02 4.402976608276367188e+02 1.005977535247802734e+02
3.055529785156250000e+02 4.396309661865234375e+02 1.004424285888671875e+02
3.063833045959472656e+02 4.400000000000000000e+02 1.016660499572753906e+02
3.064893722534179688e+02 4.394697189331054688e+02 1.015147972106933594e+02
3.067284965515136719e+02 4.400000000000000000e+02 1.021660423278808594e+02
3.068923187255859375e+02 4.390818405151367188e+02 1.019088745117187500e+02
3.072476577758789062e+02 4.400134277343750000e+02 1.030191612243652344e+02
3.065860176086425781e+02 4.406845474243164062e+02 1.023732662200927734e+02
3.074120521545410156e+02 4.389999771118164062e+02 1.026522636413574219e+02
3.075764846801757812e+02 4.396890640258789062e+02 1.033652782440185547e+02
3.074974250793457031e+02 4.384907150268554688e+02 1.025044059753417969e+02
3.072770690917968750e+02 4.380944442749023438e+02 1.020209121704101562e+02
3.073396682739257812e+02 4.370000076293945312e+02 1.017289352416992188e+02
3.067232704162597656e+02 4.379999923706054688e+02 1.012206172943115234e+02
3.075890541076660156e+02 4.378240585327148438e+02 1.023681831359863281e+02
3.076856613159179688e+02 4.370000076293945312e+02 1.022289371490478516e+02
3.077705001831054688e+02 4.359999847412109375e+02 1.021112251281738281e+02
3.082161521911621094e+02 4.369501113891601562e+02 1.030810546875000000e+02
3.085181427001953125e+02 4.365835189819335938e+02 1.034684276580810547e+02
3.082705116271972656e+02 4.359999847412109375e+02 1.028934955596923828e+02
3.083151626586914062e+02 4.350000000000000000e+02 1.028096580505371094e+02
3.085616493225097656e+02 4.359999847412109375e+02 1.033934974670410156e+02
3.086121368408203125e+02 4.350000000000000000e+02 1.033096599578857422e+02
3.086301422119140625e+02 4.339999771118164062e+02 1.032846260070800781e+02
3.089742851257324219e+02 4.350000000000000000e+02 1.040000057220458984e+02
3.090153884887695312e+02 4.339999771118164062e+02 1.040000057220458984e+02
3.090015602111816406e+02 4.329999923706054688e+02 1.040000057220458984e+02
3.093852424621582031e+02 4.339999771118164062e+02 1.047570037841796875e+02
3.093821334838867188e+02 4.329999923706054688e+02 1.047525596618652344e+02
3.096138763427734375e+02 4.329999923706054688e+02 1.052525615692138672e+02
3.093527030944824219e+02 4.320000076293945312e+02 1.048045349121093750e+02
3.093001556396484375e+02 4.309999847412109375e+02 1.049017143249511719e+02
3.089321136474609375e+02 4.320000076293945312e+02 1.040000057220458984e+02
3.095929718017578125e+02 4.320000076293945312e+02 1.053045368194580078e+02
3.095480918884277344e+02 4.309999847412109375e+02 1.054017162322998047e+02
3.095133018493652344e+02 4.304185867309570312e+02 1.054733085632324219e+02
3.092567634582519531e+02 4.300511550903320312e+02 1.050839900970458984e+02
3.090140914916992188e+02 4.289999771118164062e+02 1.050000000000000000e+02
3.087267112731933594e+02 4.300000000000000000e+02 1.041191959381103516e+02
3.094589805603027344e+02 4.297519302368164062e+02 1.055970859527587891e+02
3.093845367431640625e+02 4.289999771118164062e+02 1.057721805572509766e+02
3.092906188964843750e+02 4.280248260498046875e+02 1.060594940185546875e+02
3.089981269836425781e+02 4.270000076293945312e+02 1.060000038146972656e+02
3.087488555908203125e+02 4.279772186279296875e+02 1.049348163604736328e+02
3.085498809814453125e+02 4.282953643798828125e+02 1.044196128845214844e+02
3.086407852172851562e+02 4.270000076293945312e+02 1.052334499359130859e+02
3.084684371948242188e+02 4.276286697387695312e+02 1.045580291748046875e+02
3.083714103698730469e+02 4.270000076293945312e+02 1.047334480285644531e+02
3.082356452941894531e+02 4.279772186279296875e+02 1.040517711639404297e+02
3.078481483459472656e+02 4.269553756713867188e+02 1.039281749725341797e+02
3.076932144165039062e+02 4.279999923706054688e+02 1.032458972930908203e+02
3.083185577392578125e+02 4.289999771118164062e+02 1.037874412536621094e+02
3.077601814270019531e+02 4.290806198120117188e+02 1.029630947113037109e+02
3.084260368347167969e+02 4.300000000000000000e+02 1.036191940307617188e+02
3.086295509338378906e+02 4.289999771118164062e+02 1.042874431610107422e+02
3.079940032958984375e+02 4.300000000000000000e+02 1.030000019073486328e+02
3.084825515747070312e+02 4.306108856201171875e+02 1.035286235809326172e+02
3.082255935668945312e+02 4.309665298461914062e+02 1.030682373046875000e+02
3.087609481811523438e+02 4.309665298461914062e+02 1.039171695709228516e+02
3.085346984863281250e+02 4.312775421142578125e+02 1.034470558166503906e+02
3.085793876647949219e+02 4.320000076293945312e+02 1.033758831024169922e+02
3.086194229125976562e+02 4.329999923706054688e+02 1.033077239990234375e+02
3.082517433166503906e+02 4.320000076293945312e+02 1.028758811950683594e+02
3.077517318725585938e+02 4.320000076293945312e+02 1.021747970581054688e+02
3.083039855957031250e+02 4.329999923706054688e+02 1.028077316284179688e+02
3.083245658874511719e+02 4.339999771118164062e+02 1.027846240997314453e+02
3.078039932250976562e+02 4.329999923706054688e+02 1.020960330963134766e+02
3.074246406555175781e+02 4.329999923706054688e+02 1.015960311889648438e+02
3.078245735168457031e+02 4.339999771118164062e+02 1.020549392700195312e+02
3.078151702880859375e+02 4.350000000000000000e+02 1.020555591583251953e+02
3.074584770202636719e+02 4.339999771118164062e+02 1.015549373626708984e+02
3.069941139221191406e+02 4.339999771118164062e+02 1.010000038146972656e+02
3.074593925476074219e+02 4.350000000000000000e+02 1.015555572509765625e+02
3.074205589294433594e+02 4.359999847412109375e+02 1.016112232208251953e+02
3.070014953613281250e+02 4.350000000000000000e+02 1.010000038146972656e+02
3.065420913696289062e+02 4.350000000000000000e+02 1.004549503326416016e+02
3.068508720397949219e+02 4.360208511352539062e+02 1.009104728698730469e+02
3.065240287780761719e+02 4.357014083862304688e+02 1.004740810394287109e+02
3.068396568298339844e+02 4.370000076293945312e+02 1.010834789276123047e+02
3.064848899841308594e+02 4.363680648803710938e+02 1.005174541473388672e+02
3.060092926025390625e+02 4.360982513427734375e+02 9.998727798461914062e+01
3.064291191101074219e+02 4.370000076293945312e+02 1.005834770202636719e+02
3.059291076660156250e+02 4.370000076293945312e+02 1.000484561920166016e+02
3.063175010681152344e+02 4.379999923706054688e+02 1.007206249237060547e+02
3.058174896240234375e+02 4.379999923706054688e+02 1.001608848571777344e+02
3.056667709350585938e+02 4.389999771118164062e+02 1.003196144104003906e+02
3.053424644470214844e+02 4.379999923706054688e+02 9.966089248657226562e+01
3.054517936706542969e+02 4.370000076293945312e+02 9.954846382141113281e+01
3.048424720764160156e+02 4.379999923706054688e+02 9.917163848876953125e+01
3.051914596557617188e+02 4.389999771118164062e+02 9.981961250305175781e+01
3.049927520751953125e+02 4.399806594848632812e+02 1.000069332122802734e+02
3.046914672851562500e+02 4.389999771118164062e+02 9.931387901306152344e+01
3.041514015197753906e+02 4.389999771118164062e+02 9.881387710571289062e+01
3.045682144165039062e+02 4.396636962890625000e+02 9.943301200866699219e+01
3.039843940734863281e+02 4.399628067016601562e+02 9.901172637939453125e+01
3.035410118103027344e+02 4.395952606201171875e+02 9.846414566040039062e+01
3.033939170837402344e+02 4.402619171142578125e+02 9.859043121337890625e+01
3.037708091735839844e+02 4.409999847412109375e+02 9.924713134765625000e+01
3.044277572631835938e+02 4.403303527832031250e+02 9.957142829895019531e+01
3.042708015441894531e+02 4.409999847412109375e+02 9.972941398620605469e+01
3.039990806579589844e+02 4.419990539550781250e+02 9.999857902526855469e+01
3.047579956054687500e+02 4.409999847412109375e+02 1.002294158935546875e+02
3.037315177917480469e+02 4.428321075439453125e+02 1.002626991271972656e+02
3.033983993530273438e+02 4.423365020751953125e+02 9.959603309631347656e+01
3.035999870300292969e+02 4.416698455810546875e+02 9.940574645996093750e+01
3.029760551452636719e+02 4.419609832763671875e+02 9.901816368103027344e+01
3.032107353210449219e+02 4.409999847412109375e+02 9.874712944030761719e+01
3.025537300109863281e+02 4.415854263305664062e+02 9.845586776733398438e+01
3.027317237854003906e+02 4.428239059448242188e+02 9.929725646972656250e+01
3.023354530334472656e+02 4.422520828247070312e+02 9.863059043884277344e+01
3.020012664794921875e+02 4.419512557983398438e+02 9.822093009948730469e+01
3.020807838439941406e+02 4.431060791015625000e+02 9.893223762512207031e+01
3.014099884033203125e+02 4.433882522583007812e+02 9.856720924377441406e+01
3.016687965393066406e+02 4.427215957641601562e+02 9.837139129638671875e+01
3.017672729492187500e+02 4.439999771118164062e+02 9.928138732910156250e+01
3.024927902221679688e+02 4.434905624389648438e+02 9.950646400451660156e+01
3.022672653198242188e+02 4.439999771118164062e+02 9.971418380737304688e+01
3.031154060363769531e+02 4.431613159179687500e+02 9.988457679748535156e+01
3.027896499633789062e+02 4.439999771118164062e+02 1.002141761779785156e+02
3.034990882873535156e+02 4.434987640380859375e+02 1.005009746551513672e+02
3.032896423339843750e+02 4.439999771118164062e+02 1.007303047180175781e+02
3.028848075866699219e+02 4.448756790161132812e+02 1.011259937286376953e+02
3.037325477600097656e+02 4.439999771118164062e+02 1.012303066253662109e+02
3.042473983764648438e+02 4.440522384643554688e+02 1.019368267059326172e+02
3.035232353210449219e+02 4.445267105102539062e+02 1.014727687835693359e+02
3.037191200256347656e+02 4.447494125366210938e+02 1.019999980926513672e+02
3.040656089782714844e+02 4.450741577148437500e+02 1.029014968872070312e+02
3.032672691345214844e+02 4.452494049072265625e+02 1.019999980926513672e+02
3.027672767639160156e+02 4.457619857788085938e+02 1.019999980926513672e+02
3.034738540649414062e+02 4.454725265502929688e+02 1.025370407104492188e+02
3.030866432189941406e+02 4.460854721069335938e+02 1.028763198852539062e+02
3.026994514465332031e+02 4.466778564453125000e+02 1.032155895233154297e+02
3.033661270141601562e+02 4.463708114624023438e+02 1.037235546112060547e+02
3.036956214904785156e+02 4.457041168212890625e+02 1.032037067413330078e+02
3.024629974365234375e+02 4.464668273925781250e+02 1.025489234924316406e+02
3.022357368469238281e+02 4.462620162963867188e+02 1.019999980926513672e+02
3.020516586303710938e+02 4.470435714721679688e+02 1.029323959350585938e+02
3.017357254028320312e+02 4.466930770874023438e+02 1.019999980926513672e+02
3.016403198242187500e+02 4.476088714599609375e+02 1.033158683776855469e+02
3.023069953918457031e+02 4.473445510864257812e+02 1.037879848480224609e+02
3.013762855529785156e+02 4.474092864990234375e+02 1.026492023468017578e+02
3.010257720947265625e+02 4.472110366821289062e+02 1.019636535644531250e+02
3.009408187866210938e+02 4.479621124267578125e+02 1.030713653564453125e+02
3.011972618103027344e+02 4.482921600341796875e+02 1.040000057220458984e+02
3.005053710937500000e+02 4.485036087036132812e+02 1.034935283660888672e+02
3.002083015441894531e+02 4.483153152465820312e+02 1.028268623352050781e+02
3.007096290588378906e+02 4.476486587524414062e+02 1.022727584838867188e+02
2.999669265747070312e+02 4.479801940917968750e+02 1.020325756072998047e+02
3.003922080993652344e+02 4.474276351928710938e+02 1.016060924530029297e+02
2.997255325317382812e+02 4.476451110839843750e+02 1.013035678863525391e+02
2.989999961853027344e+02 4.483562850952148438e+02 1.017232704162597656e+02
2.995416450500488281e+02 4.485260391235351562e+02 1.024590587615966797e+02
2.989999961853027344e+02 4.486722183227539062e+02 1.022232723236083984e+02
2.999249839782714844e+02 4.486419677734375000e+02 1.030961227416992188e+02
2.999386405944824219e+02 4.491305541992187500e+02 1.040536212921142578e+02
2.989519309997558594e+02 4.491619491577148438e+02 1.030490398406982422e+02
2.985865592956542969e+02 4.495438766479492188e+02 1.034150600433349609e+02
2.992532348632812500e+02 4.493736267089843750e+02 1.037560367584228516e+02
2.982280921936035156e+02 4.493702697753906250e+02 1.027483940124511719e+02
2.980274009704589844e+02 4.490164184570312500e+02 1.019781398773193359e+02
2.979368591308593750e+02 4.496612930297851562e+02 1.030490398406982422e+02
2.969999885559082031e+02 4.500391006469726562e+02 1.030000019073486328e+02
2.975614356994628906e+02 4.495291137695312500e+02 1.024509906768798828e+02
2.979202079772949219e+02 4.501646423339843750e+02 1.040804672241210938e+02
2.975337028503417969e+02 4.505149078369140625e+02 1.044674491882324219e+02
2.989519309997558594e+02 4.496698379516601562e+02 1.040536212921142578e+02
2.982657623291015625e+02 4.503968429565429688e+02 1.050000000000000000e+02
2.969999885559082031e+02 4.503936386108398438e+02 1.037325477600097656e+02
2.969999885559082031e+02 4.506203842163085938e+02 1.042325401306152344e+02
2.964881515502929688e+02 4.504957199096679688e+02 1.035092830657958984e+02
2.960928916931152344e+02 4.503649139404296875e+02 1.029623508453369141e+02
2.960928916931152344e+02 4.508105468750000000e+02 1.039055728912353516e+02
2.949345779418945312e+02 4.512461853027343750e+02 1.040781974792480469e+02
2.958214950561523438e+02 4.506137847900390625e+02 1.032705879211425781e+02
2.959902572631835938e+02 4.513050079345703125e+02 1.050190830230712891e+02
2.952242851257324219e+02 4.514249038696289062e+02 1.046984672546386719e+02
2.956504440307617188e+02 4.515509796142578125e+02 1.053651332855224609e+02
2.963171195983886719e+02 4.514378738403320312e+02 1.056882190704345703e+02
2.969999885559082031e+02 4.509285354614257812e+02 1.050000000000000000e+02
2.969728660583496094e+02 4.512965393066406250e+02 1.060129356384277344e+02
2.977657699584960938e+02 4.506159210205078125e+02 1.050000000000000000e+02
2.980924034118652344e+02 4.507991027832031250e+02 1.059096622467041016e+02
2.984873199462890625e+02 4.504943847656250000e+02 1.055160999298095703e+02
2.979158592224121094e+02 4.512361145019531250e+02 1.070759963989257812e+02
2.987231063842773438e+02 4.506088256835937500e+02 1.061827659606933594e+02
2.990338706970214844e+02 4.507089233398437500e+02 1.070177555084228516e+02
2.990338706970214844e+02 4.503640365600585938e+02 1.059096622467041016e+02
2.989999961853027344e+02 4.500502395629882812e+02 1.050000000000000000e+02
2.993897819519042969e+02 4.504455184936523438e+02 1.066962623596191406e+02
3.000751113891601562e+02 4.498224639892578125e+02 1.059416580200195312e+02
3.004585456848144531e+02 4.494755935668945312e+02 1.055694293975830078e+02
2.997672080993652344e+02 4.496533966064453125e+02 1.050000000000000000e+02
2.999411201477050781e+02 4.502334594726562500e+02 1.070177555084228516e+02
3.006416893005371094e+02 4.495917892456054688e+02 1.062360954284667969e+02
3.009850120544433594e+02 4.492621612548828125e+02 1.059416580200195312e+02
3.008230018615722656e+02 4.497076416015625000e+02 1.069999980926513672e+02
3.013229942321777344e+02 4.493828201293945312e+02 1.069999980926513672e+02
3.010733795166015625e+02 4.497900009155273438e+02 1.079795455932617188e+02
3.001968955993652344e+02 4.503292846679687500e+02 1.080000019073486328e+02
3.014556312561035156e+02 4.494707489013671875e+02 1.076325798034667969e+02
3.009999847412109375e+02 4.500293350219726562e+02 1.090000057220458984e+02
3.015615272521972656e+02 4.495442581176757812e+02 1.082992458343505859e+02
3.019369125366210938e+02 4.491985321044921875e+02 1.079795455932617188e+02
3.016528892517089844e+02 4.496088027954101562e+02 1.090000057220458984e+02
3.017552757263183594e+02 4.496808242797851562e+02 1.100000000000000000e+02
3.021529006958007812e+02 4.492472076416015625e+02 1.090000057220458984e+02
3.022552871704101562e+02 4.493233489990234375e+02 1.100000000000000000e+02
3.028102493286132812e+02 4.487471771240234375e+02 1.090000057220458984e+02
3.026790428161621094e+02 4.486450958251953125e+02 1.080000019073486328e+02
3.029120635986328125e+02 4.488233566284179688e+02 1.100000000000000000e+02
3.033102607727050781e+02 4.483411026000976562e+02 1.090000057220458984e+02
3.031790542602539062e+02 4.482273864746093750e+02 1.080000019073486328e+02
3.038679313659667969e+02 4.478410720825195312e+02 1.090000057220458984e+02
3.034120750427246094e+02 4.484277725219726562e+02 1.100000000000000000e+02
3.040707969665527344e+02 4.478439712524414062e+02 1.100885200500488281e+02
3.034685325622558594e+02 4.484744644165039062e+02 1.107376766204833984e+02
3.039073371887207031e+02 4.481127166748046875e+02 1.110426044464111328e+02
3.030811119079589844e+02 4.488049697875976562e+02 1.110426044464111328e+02
3.029999923706054688e+02 4.489441299438476562e+02 1.119999980926513672e+02
3.035122489929199219e+02 4.485103607177734375e+02 1.114043426513671875e+02
3.023238182067871094e+02 4.493733978271484375e+02 1.110000038146972656e+02
3.018238258361816406e+02 4.497282791137695312e+02 1.110000038146972656e+02
3.023715972900390625e+02 4.494087600708007812e+02 1.119999980926513672e+02
3.018716049194335938e+02 4.497596359252929688e+02 1.119999980926513672e+02
3.023885345458984375e+02 4.494210433959960938e+02 1.130000019073486328e+02
3.018885421752929688e+02 4.497712707519531250e+02 1.130000019073486328e+02
3.023630905151367188e+02 4.494011688232421875e+02 1.140000057220458984e+02
3.029999923706054688e+02 4.489715576171875000e+02 1.130000019073486328e+02
3.029999923706054688e+02 4.489253997802734375e+02 1.140000057220458984e+02
3.035598945617675781e+02 4.485505294799804688e+02 1.130000019073486328e+02
3.035419464111328125e+02 4.485353851318359375e+02 1.119999980926513672e+02
3.035286331176757812e+02 4.485242462158203125e+02 1.140000057220458984e+02
3.040598869323730469e+02 4.481029891967773438e+02 1.130000019073486328e+02
3.040419387817382812e+02 4.480871582031250000e+02 1.119999980926513672e+02
3.040286445617675781e+02 4.480737304687500000e+02 1.140000057220458984e+02
3.046075248718261719e+02 4.476029968261718750e+02 1.130000019073486328e+02
3.045768547058105469e+02 4.475737380981445312e+02 1.140000057220458984e+02
3.051075363159179688e+02 4.471007537841796875e+02 1.130000019073486328e+02
3.045908355712890625e+02 4.475871658325195312e+02 1.119999980926513672e+02
3.050908470153808594e+02 4.470816421508789062e+02 1.119999980926513672e+02
3.045364189147949219e+02 4.475350570678710938e+02 1.110000038146972656e+02
3.051232337951660156e+02 4.469228363037109375e+02 1.109448432922363281e+02
3.045030212402343750e+02 4.475029373168945312e+02 1.104808616638183594e+02
3.048586273193359375e+02 4.470712661743164062e+02 1.100885200500488281e+02
3.048500061035156250e+02 4.468691253662109375e+02 1.090000057220458984e+02
3.044513130187988281e+02 4.474520874023437500e+02 1.098141956329345703e+02
3.054460144042968750e+02 4.464376449584960938e+02 1.100000000000000000e+02
3.053499984741210938e+02 4.463274383544921875e+02 1.090000057220458984e+02
3.054901695251464844e+02 4.464886474609375000e+02 1.105747318267822266e+02
3.058582305908203125e+02 4.459376525878906250e+02 1.100000000000000000e+02
3.063582420349121094e+02 4.453079986572265625e+02 1.100000000000000000e+02
3.057702255249023438e+02 4.458274078369140625e+02 1.090000057220458984e+02
3.058595657348632812e+02 4.460931777954101562e+02 1.109448432922363281e+02
3.060462760925292969e+02 4.459999847412109375e+02 1.119999980926513672e+02
3.055352020263671875e+02 4.465380477905273438e+02 1.112413978576660156e+02
3.064230537414550781e+02 4.453944778442382812e+02 1.110000038146972656e+02
3.064706230163574219e+02 4.454590606689453125e+02 1.119999980926513672e+02
3.067787933349609375e+02 4.448944854736328125e+02 1.110000038146972656e+02
3.068173408508300781e+02 4.449590682983398438e+02 1.119999980926513672e+02
3.072787857055664062e+02 4.441333389282226562e+02 1.110000038146972656e+02
3.067213630676269531e+02 4.448079681396484375e+02 1.100000000000000000e+02
3.072213745117187500e+02 4.440521240234375000e+02 1.100000000000000000e+02
3.066417121887207031e+02 4.446939086914062500e+02 1.090000057220458984e+02
3.062702369689941406e+02 4.451939010620117188e+02 1.090000057220458984e+02
3.071816062927246094e+02 4.439026641845703125e+02 1.090899562835693359e+02
3.065631294250488281e+02 4.445850372314453125e+02 1.082341194152832031e+02
3.068310356140136719e+02 4.440859985351562500e+02 1.079404735565185547e+02
3.062164878845214844e+02 4.449510192871093750e+02 1.079404735565185547e+02
3.064838981628417969e+02 4.444766998291015625e+02 1.075674533843994141e+02
3.058635330200195312e+02 4.450725173950195312e+02 1.069720172882080078e+02
3.056576919555664062e+02 4.456893920898437500e+02 1.080000019073486328e+02
3.052298355102539062e+02 4.461893844604492188e+02 1.080000019073486328e+02
3.055648040771484375e+02 4.455775070190429688e+02 1.072867012023925781e+02
3.050370025634765625e+02 4.460385894775390625e+02 1.068937492370605469e+02
3.048600769042968750e+02 4.459030914306640625e+02 1.060000038146972656e+02
3.046109580993652344e+02 4.466187667846679688e+02 1.071674728393554688e+02
3.044997215270996094e+02 4.464997100830078125e+02 1.065008068084716797e+02
3.054630470275878906e+02 4.454541778564453125e+02 1.066200351715087891e+02
3.053600692749023438e+02 4.453270721435546875e+02 1.060000038146972656e+02
3.052264022827148438e+02 4.449891281127929688e+02 1.049260234832763672e+02
3.057546615600585938e+02 4.448270797729492188e+02 1.060000038146972656e+02
3.062546539306640625e+02 4.441548156738281250e+02 1.060000038146972656e+02
3.056156921386718750e+02 4.446485519409179688e+02 1.052100372314453125e+02
3.060021591186523438e+02 4.440018081665039062e+02 1.049972534179687500e+02
3.065191650390625000e+02 4.435273742675781250e+02 1.054511356353759766e+02
3.057119178771972656e+02 4.437947845458984375e+02 1.040000057220458984e+02
3.054822158813476562e+02 4.444762802124023438e+02 1.045433712005615234e+02
3.063886260986328125e+02 4.433226394653320312e+02 1.047844696044921875e+02
3.067018318176269531e+02 4.429935836791992188e+02 1.050706863403320312e+02
3.070186614990234375e+02 4.429999923706054688e+02 1.060000038146972656e+02
3.072955322265625000e+02 4.429759979248046875e+02 1.069155216217041016e+02
3.066074752807617188e+02 4.436548233032226562e+02 1.060000038146972656e+02
3.074111747741699219e+02 4.423357391357421875e+02 1.060000038146972656e+02
3.074935531616210938e+02 4.424882507324218750e+02 1.065258598327636719e+02
3.076797866821289062e+02 4.418357467651367188e+02 1.060000038146972656e+02
3.078009986877441406e+02 4.420929336547851562e+02 1.069155216217041016e+02
3.080994415283203125e+02 4.420000076293945312e+02 1.080000019073486328e+02
3.075757217407226562e+02 4.426266479492187500e+02 1.071925354003906250e+02
3.083524513244628906e+02 4.409976196289062500e+02 1.069127464294433594e+02
3.084948158264160156e+02 4.404877090454101562e+02 1.065212345123291016e+02
3.084326553344726562e+02 4.413555526733398438e+02 1.080000019073486328e+02
3.085752868652343750e+02 4.406626892089843750e+02 1.071879005432128906e+02
3.086630821228027344e+02 4.408555603027343750e+02 1.080000019073486328e+02
3.087504768371582031e+02 4.400926208496093750e+02 1.069127464294433594e+02
3.086220741271972656e+02 4.397951126098632812e+02 1.060000038146972656e+02
3.090267753601074219e+02 4.400000000000000000e+02 1.080000019073486328e+02
3.091801834106445312e+02 4.389999771118164062e+02 1.069999980926513672e+02
3.094235610961914062e+02 4.382399368286132812e+02 1.069999980926513672e+02
3.089075851440429688e+02 4.389999771118164062e+02 1.060000038146972656e+02
3.093846702575683594e+02 4.390011215209960938e+02 1.079298114776611328e+02
3.094895362854003906e+02 4.384646987915039062e+02 1.075496864318847656e+02
3.094471931457519531e+02 4.393513488769531250e+02 1.090000057220458984e+02
3.095593070983886719e+02 4.386685562133789062e+02 1.082163524627685547e+02
3.096251296997070312e+02 4.388513565063476562e+02 1.090000057220458984e+02
3.096803665161132812e+02 4.380788040161132812e+02 1.079298114776611328e+02
3.099881172180175781e+02 4.370000076293945312e+02 1.080000019073486328e+02
3.095703315734863281e+02 4.377399444580078125e+02 1.069999980926513672e+02
3.098926162719726562e+02 4.379999923706054688e+02 1.090000057220458984e+02
3.100178909301757812e+02 4.379999923706054688e+02 1.100000000000000000e+02
3.101637268066406250e+02 4.370000076293945312e+02 1.090000057220458984e+02
3.102964401245117188e+02 4.370000076293945312e+02 1.100000000000000000e+02
3.103995323181152344e+02 4.359672164916992188e+02 1.090135860443115234e+02
3.102117347717285156e+02 4.359999847412109375e+02 1.080000019073486328e+02
3.104653167724609375e+02 4.363242340087890625e+02 1.100000000000000000e+02
3.105222129821777344e+02 4.356120681762695312e+02 1.093559741973876953e+02
3.104709243774414062e+02 4.352860641479492188e+02 1.086893081665039062e+02
3.103889465332031250e+02 4.349716186523437500e+02 1.080562210083007812e+02
3.105642700195312500e+02 4.349716186523437500e+02 1.090135860443115234e+02
3.106769371032714844e+02 4.339999771118164062e+02 1.090000057220458984e+02
3.105163002014160156e+02 4.346194076538085938e+02 1.084270381927490234e+02
3.106974983215332031e+02 4.350000000000000000e+02 1.100000000000000000e+02
3.107953071594238281e+02 4.350000000000000000e+02 1.110000038146972656e+02
3.105634880065917969e+02 4.358242034912109375e+02 1.100000000000000000e+02
3.108208084106445312e+02 4.339999771118164062e+02 1.100000000000000000e+02
3.109231376647949219e+02 4.339999771118164062e+02 1.110000038146972656e+02
3.108852005004882812e+02 4.329999923706054688e+02 1.100000000000000000e+02
3.108828353881835938e+02 4.320000076293945312e+02 1.100000000000000000e+02
3.107386970520019531e+02 4.329999923706054688e+02 1.090000057220458984e+02
3.109884071350097656e+02 4.329999923706054688e+02 1.110000038146972656e+02
3.109848785400390625e+02 4.320000076293945312e+02 1.110000038146972656e+02
3.110351181030273438e+02 4.329999923706054688e+02 1.119999980926513672e+02
3.109770011901855469e+02 4.339999771118164062e+02 1.119999980926513672e+02
3.110351181030273438e+02 4.329999923706054688e+02 1.130000019073486328e+02
3.110231208801269531e+02 4.320000076293945312e+02 1.119999980926513672e+02
3.110081291198730469e+02 4.320000076293945312e+02 1.130000019073486328e+02
3.109489631652832031e+02 4.309999847412109375e+02 1.119999980926513672e+02
3.108161735534667969e+02 4.300000000000000000e+02 1.119999980926513672e+02
3.109144020080566406e+02 4.309999847412109375e+02 1.110000038146972656e+02
3.109257125854492188e+02 4.309999847412109375e+02 1.130000019073486328e+02
3.107876205444335938e+02 4.300000000000000000e+02 1.130000019073486328e+02
3.108477783203125000e+02 4.309999847412109375e+02 1.140000057220458984e+02
3.106945991516113281e+02 4.300000000000000000e+02 1.140000057220458984e+02
3.107129669189453125e+02 4.309999847412109375e+02 1.150000000000000000e+02
3.109456253051757812e+02 4.320000076293945312e+02 1.140000057220458984e+02
3.108286285400390625e+02 4.320000076293945312e+02 1.150000000000000000e+02
3.109874153137207031e+02 4.329999923706054688e+02 1.140000057220458984e+02
3.108828353881835938e+02 4.329999923706054688e+02 1.150000000000000000e+02
3.109546852111816406e+02 4.339999771118164062e+02 1.140000057220458984e+02
3.109904098510742188e+02 4.339999771118164062e+02 1.130000019073486328e+02
3.108599090576171875e+02 4.339999771118164062e+02 1.150000000000000000e+02
3.108426094055175781e+02 4.350000000000000000e+02 1.140000057220458984e+02
3.108708000183105469e+02 4.350000000000000000e+02 1.130000019073486328e+02
3.107604217529296875e+02 4.350000000000000000e+02 1.150000000000000000e+02
3.106884574890136719e+02 4.359999847412109375e+02 1.140000057220458984e+02
3.107148361206054688e+02 4.359999847412109375e+02 1.130000019073486328e+02
3.105943870544433594e+02 4.360778808593750000e+02 1.150609683990478516e+02
3.105513954162597656e+02 4.366824722290039062e+02 1.140000057220458984e+02
3.104104614257812500e+02 4.371825027465820312e+02 1.140000057220458984e+02
3.105646705627441406e+02 4.367297363281250000e+02 1.130000019073486328e+02
3.105253982543945312e+02 4.365901565551757812e+02 1.147682762145996094e+02
3.103985404968261719e+02 4.369540786743164062e+02 1.150609683990478516e+02
3.102901268005371094e+02 4.370000076293945312e+02 1.160000038146972656e+02
3.104938316345214844e+02 4.364631271362304688e+02 1.154349422454833984e+02
3.101076507568359375e+02 4.379999923706054688e+02 1.150000000000000000e+02
3.101697158813476562e+02 4.379999923706054688e+02 1.140000057220458984e+02
3.100178718566894531e+02 4.379999923706054688e+02 1.160000038146972656e+02
3.097694969177246094e+02 4.389999771118164062e+02 1.150000000000000000e+02
3.098214912414550781e+02 4.389999771118164062e+02 1.140000057220458984e+02
3.096595573425292969e+02 4.390799713134765625e+02 1.160161018371582031e+02
3.095396423339843750e+02 4.395969772338867188e+02 1.150000000000000000e+02
3.093367958068847656e+02 4.400969696044921875e+02 1.150000000000000000e+02
3.095622444152832031e+02 4.396506118774414062e+02 1.140000057220458984e+02
3.095168876647949219e+02 4.395415115356445312e+02 1.156935024261474609e+02
3.093349456787109375e+02 4.399249267578125000e+02 1.160161018371582031e+02
3.091922187805175781e+02 4.400000000000000000e+02 1.169999980926513672e+02
3.094878387451171875e+02 4.394665908813476562e+02 1.163601684570312500e+02
3.088828659057617188e+02 4.409999847412109375e+02 1.160000038146972656e+02
3.089543151855468750e+02 4.409999847412109375e+02 1.150000000000000000e+02
3.087209892272949219e+02 4.410868072509765625e+02 1.170576381683349609e+02
3.085800552368164062e+02 4.416541671752929688e+02 1.160000038146972656e+02
3.085380172729492188e+02 4.415725708007812500e+02 1.167627239227294922e+02
3.083197212219238281e+02 4.421541976928710938e+02 1.160000038146972656e+02
3.086175155639648438e+02 4.417310333251953125e+02 1.150000000000000000e+02
3.083621978759765625e+02 4.422310256958007812e+02 1.150000000000000000e+02
3.086389160156250000e+02 4.417781448364257812e+02 1.140000057220458984e+02
3.083884811401367188e+02 4.422781372070312500e+02 1.140000057220458984e+02
3.086459350585937500e+02 4.417936706542968750e+02 1.130000019073486328e+02
3.089957809448242188e+02 4.409999847412109375e+02 1.140000057220458984e+02
3.090094375610351562e+02 4.409999847412109375e+02 1.130000019073486328e+02
3.093568420410156250e+02 4.401506042480468750e+02 1.140000057220458984e+02
3.093634986877441406e+02 4.401695251464843750e+02 1.130000019073486328e+02
3.093568420410156250e+02 4.401506042480468750e+02 1.119999980926513672e+02
3.095705604553222656e+02 4.396695327758789062e+02 1.130000019073486328e+02
3.095622444152832031e+02 4.396506118774414062e+02 1.119999980926513672e+02
3.098415756225585938e+02 4.389999771118164062e+02 1.130000019073486328e+02
3.098214912414550781e+02 4.389999771118164062e+02 1.119999980926513672e+02
3.101946067810058594e+02 4.379999923706054688e+02 1.130000019073486328e+02
3.104235839843750000e+02 4.372297668457031250e+02 1.130000019073486328e+02
3.101697158813476562e+02 4.379999923706054688e+02 1.119999980926513672e+02
3.101076507568359375e+02 4.379999923706054688e+02 1.110000038146972656e+02
3.104104614257812500e+02 4.371825027465820312e+02 1.119999980926513672e+02
3.104006958007812500e+02 4.369540786743164062e+02 1.109183979034423828e+02
3.105513954162597656e+02 4.366824722290039062e+02 1.119999980926513672e+02
3.106910896301269531e+02 4.359999847412109375e+02 1.119999980926513672e+02
3.105253982543945312e+02 4.365901565551757812e+02 1.111973190307617188e+02
3.106044006347656250e+02 4.360921478271484375e+02 1.109183979034423828e+02
3.104974174499511719e+02 4.364868927001953125e+02 1.105306529998779297e+02
3.108513259887695312e+02 4.350000000000000000e+02 1.119999980926513672e+02
3.097694969177246094e+02 4.389999771118164062e+02 1.110000038146972656e+02
3.096595573425292969e+02 4.390799713134765625e+02 1.099839019775390625e+02
3.095396423339843750e+02 4.395969772338867188e+02 1.110000038146972656e+02
3.093367958068847656e+02 4.400969696044921875e+02 1.110000038146972656e+02
3.095168876647949219e+02 4.395415115356445312e+02 1.103065013885498047e+02
3.093349456787109375e+02 4.399249267578125000e+02 1.099839019775390625e+02
3.094878387451171875e+02 4.394665908813476562e+02 1.096398353576660156e+02
3.091949081420898438e+02 4.400000000000000000e+02 1.090000057220458984e+02
3.088828659057617188e+02 4.409999847412109375e+02 1.100000000000000000e+02
3.087209892272949219e+02 4.410868072509765625e+02 1.089423656463623047e+02
3.089543151855468750e+02 4.409999847412109375e+02 1.110000038146972656e+02
3.085800552368164062e+02 4.416541671752929688e+02 1.100000000000000000e+02
3.086175155639648438e+02 4.417310333251953125e+02 1.110000038146972656e+02
3.083197212219238281e+02 4.421541976928710938e+02 1.100000000000000000e+02
3.085380172729492188e+02 4.415725708007812500e+02 1.092372798919677734e+02
3.082999038696289062e+02 4.419435501098632812e+02 1.089423656463623047e+02
3.077077484130859375e+02 4.430477523803710938e+02 1.090899562835693359e+02
3.084897422790527344e+02 4.414780426025390625e+02 1.085706043243408203e+02
3.076667785644531250e+02 4.427796936035156250e+02 1.080000019073486328e+02
3.078513526916503906e+02 4.429999923706054688e+02 1.100000000000000000e+02
3.075028038024902344e+02 4.435044479370117188e+02 1.094832515716552734e+02
3.074470710754394531e+02 4.434129333496093750e+02 1.088165855407714844e+02
3.073664474487304688e+02 4.432796859741210938e+02 1.080000019073486328e+02
3.075316238403320312e+02 4.435521316528320312e+02 1.100000000000000000e+02
3.075790977478027344e+02 4.436333465576171875e+02 1.110000038146972656e+02
3.079413032531738281e+02 4.429999923706054688e+02 1.110000038146972656e+02
3.076090431213378906e+02 4.436886978149414062e+02 1.119999980926513672e+02
3.076189613342285156e+02 4.437071228027343750e+02 1.130000019073486328e+02
3.079975509643554688e+02 4.429999923706054688e+02 1.119999980926513672e+02
3.073173332214355469e+02 4.441886901855468750e+02 1.119999980926513672e+02
3.073292922973632812e+02 4.442071151733398438e+02 1.130000019073486328e+02
3.068292999267578125e+02 4.449805068969726562e+02 1.130000019073486328e+02
3.073129844665527344e+02 4.441862869262695312e+02 1.140000057220458984e+02
3.068129730224609375e+02 4.449490356445312500e+02 1.140000057220458984e+02
3.072730445861816406e+02 4.441312789916992188e+02 1.150000000000000000e+02
3.076090431213378906e+02 4.436862945556640625e+02 1.140000057220458984e+02
3.075790977478027344e+02 4.436312484741210938e+02 1.150000000000000000e+02
3.079975509643554688e+02 4.429999923706054688e+02 1.140000057220458984e+02
3.080158042907714844e+02 4.429999923706054688e+02 1.130000019073486328e+02
3.079413032531738281e+02 4.429999923706054688e+02 1.150000000000000000e+02
3.078513526916503906e+02 4.429999923706054688e+02 1.160000038146972656e+02
3.077077484130859375e+02 4.430477523803710938e+02 1.169100475311279297e+02
3.075316238403320312e+02 4.435512161254882812e+02 1.160000038146972656e+02
3.072146224975585938e+02 4.440512466430664062e+02 1.160000038146972656e+02
3.075028038024902344e+02 4.435043716430664062e+02 1.165167522430419922e+02
3.071758842468261719e+02 4.439026260375976562e+02 1.169100475311279297e+02
3.068281555175781250e+02 4.440826797485351562e+02 1.180484294891357422e+02
3.074470710754394531e+02 4.434129333496093750e+02 1.171834182739257812e+02
3.066345596313476562e+02 4.446819686889648438e+02 1.169999980926513672e+02
3.067146110534667969e+02 4.447951126098632812e+02 1.160000038146972656e+02
3.062583923339843750e+02 4.451819610595703125e+02 1.169999980926513672e+02
3.065583229064941406e+02 4.445776748657226562e+02 1.177473831176757812e+02
3.062050819396972656e+02 4.449465942382812500e+02 1.180484294891357422e+02
3.058516311645507812e+02 4.450656890869140625e+02 1.190117835998535156e+02
3.064796447753906250e+02 4.444711303710937500e+02 1.184140491485595703e+02
3.056466102600097656e+02 4.456742858886718750e+02 1.180000019073486328e+02
3.052145767211914062e+02 4.461743164062500000e+02 1.180000019073486328e+02
3.057583999633789062e+02 4.458096694946289062e+02 1.169999980926513672e+02
3.055578804016113281e+02 4.455686187744140625e+02 1.186863040924072266e+02
3.050277519226074219e+02 4.460303115844726562e+02 1.190820503234863281e+02
3.048506355285644531e+02 4.458989715576171875e+02 1.200000000000000000e+02
3.046015930175781250e+02 4.466083526611328125e+02 1.188111209869384766e+02
3.054539299011230469e+02 4.454428482055664062e+02 1.193529701232910156e+02
3.044925880432128906e+02 4.464920043945312500e+02 1.194777870178222656e+02
3.044069862365722656e+02 4.463990020751953125e+02 1.200000000000000000e+02
3.040504646301269531e+02 4.470504760742187500e+02 1.191444587707519531e+02
3.042262840270996094e+02 4.472269821166992188e+02 1.180000019073486328e+02
3.039069747924804688e+02 4.469069671630859375e+02 1.200000000000000000e+02
3.036083602905273438e+02 4.476015853881835938e+02 1.188111209869384766e+02
3.034920883178710938e+02 4.474925994873046875e+02 1.194777870178222656e+02
3.034004592895507812e+02 4.474069595336914062e+02 1.200000000000000000e+02
3.030303573608398438e+02 4.480296325683593750e+02 1.190856266021728516e+02
3.031695365905761719e+02 4.482122039794921875e+02 1.180000019073486328e+02
3.029004669189453125e+02 4.478571701049804688e+02 1.200000000000000000e+02
3.024479103088378906e+02 4.484577178955078125e+02 1.193601322174072266e+02
3.025686073303222656e+02 4.485578918457031250e+02 1.186934661865234375e+02
3.026695251464843750e+02 4.486415100097656250e+02 1.180000019073486328e+02
3.020687484741210938e+02 4.488548278808593750e+02 1.190160846710205078e+02
3.013609123229980469e+02 4.494001388549804688e+02 1.190000057220458984e+02
3.019413375854492188e+02 4.492010116577148438e+02 1.180437850952148438e+02
3.018223571777343750e+02 4.487521743774414062e+02 1.200000000000000000e+02
3.011530685424804688e+02 4.492521667480468750e+02 1.200000000000000000e+02
3.016485595703125000e+02 4.486156845092773438e+02 1.208025074005126953e+02
3.023223495483398438e+02 4.483571624755859375e+02 1.200000000000000000e+02
3.019891357421875000e+02 4.482355499267578125e+02 1.210815048217773438e+02
3.020182609558105469e+02 4.478235244750976562e+02 1.219623184204101562e+02
3.027004051208496094e+02 4.476784515380859375e+02 1.210000038146972656e+02
3.014841651916503906e+02 4.484880065917968750e+02 1.214691734313964844e+02
3.013246917724609375e+02 4.483648300170898438e+02 1.219999980926513672e+02
3.010057640075683594e+02 4.490072250366210938e+02 1.210110759735107422e+02
3.008246994018554688e+02 4.487390899658203125e+02 1.219999980926513672e+02
3.005273628234863281e+02 4.495191574096679688e+02 1.205529689788818359e+02
3.003439331054687500e+02 4.493987655639648438e+02 1.212196350097656250e+02
3.000063514709472656e+02 4.492771530151367188e+02 1.220659732818603516e+02
3.000063514709472656e+02 4.497138595581054688e+02 1.209317779541015625e+02
2.996772575378417969e+02 4.496121978759765625e+02 1.217766189575195312e+02
2.989780807495117188e+02 4.502759170532226562e+02 1.210220336914062500e+02
3.000000000000000000e+02 4.500192642211914062e+02 1.200000000000000000e+02
2.993342781066894531e+02 4.504117584228515625e+02 1.200000000000000000e+02
2.999734306335449219e+02 4.502937698364257812e+02 1.190770053863525391e+02
3.006530761718750000e+02 4.496074676513671875e+02 1.200000000000000000e+02
3.008609008789062500e+02 4.497492599487304688e+02 1.190000057220458984e+02
3.010826873779296875e+02 4.498213195800781250e+02 1.180437850952148438e+02
3.002691459655761719e+02 4.503627395629882812e+02 1.180000019073486328e+02
3.009999847412109375e+02 4.500686264038085938e+02 1.169999980926513672e+02
3.014711380004882812e+02 4.494796371459960938e+02 1.184063148498535156e+02
3.015689086914062500e+02 4.495518875122070312e+02 1.177396488189697266e+02
3.016595840454101562e+02 4.496186447143554688e+02 1.169999980926513672e+02
3.017519569396972656e+02 4.496849822998046875e+02 1.160000038146972656e+02
3.021595764160156250e+02 4.492413330078125000e+02 1.169999980926513672e+02
3.022519493103027344e+02 4.493144989013671875e+02 1.160000038146972656e+02
3.027949905395507812e+02 4.487413024902343750e+02 1.169999980926513672e+02
3.032949829101562500e+02 4.483244323730468750e+02 1.169999980926513672e+02
3.028939628601074219e+02 4.488144683837890625e+02 1.160000038146972656e+02
3.033939552307128906e+02 4.484114456176757812e+02 1.160000038146972656e+02
3.030736351013183594e+02 4.487918472290039062e+02 1.149090003967285156e+02
3.023149299621582031e+02 4.493635177612304688e+02 1.150000000000000000e+02
3.034560585021972656e+02 4.484640502929687500e+02 1.151816654205322266e+02
3.035020065307617188e+02 4.485017013549804688e+02 1.145149993896484375e+02
3.039960861206054688e+02 4.479986953735351562e+02 1.149699211120605469e+02
3.039459800720214844e+02 4.479114532470703125e+02 1.160000038146972656e+02
3.044901657104492188e+02 4.474904251098632812e+02 1.154248523712158203e+02
3.045347023010253906e+02 4.475333786010742188e+02 1.147581863403320312e+02
3.050071144104003906e+02 4.470092773437500000e+02 1.150544738769531250e+02
3.050768661499023438e+02 4.470687866210937500e+02 1.140000057220458984e+02
3.049294471740722656e+02 4.469469070434570312e+02 1.160000038146972656e+02
3.054795265197753906e+02 4.464765167236328125e+02 1.153507614135742188e+02
3.055262184143066406e+02 4.465281677246093750e+02 1.146840953826904297e+02
3.055640983581542969e+02 4.465687942504882812e+02 1.140000057220458984e+02
3.058463478088378906e+02 4.460858917236328125e+02 1.150104522705078125e+02
3.060272216796875000e+02 4.459999847412109375e+02 1.140000057220458984e+02
3.064132690429687500e+02 4.453823852539062500e+02 1.150000000000000000e+02
3.058468818664550781e+02 4.459192276000976562e+02 1.160000038146972656e+02
3.063468933105468750e+02 4.452951049804687500e+02 1.160000038146972656e+02
3.054294586181640625e+02 4.464192199707031250e+02 1.160000038146972656e+02
3.053331756591796875e+02 4.463096618652343750e+02 1.169999980926513672e+02
3.048331832885742188e+02 4.468498229980468750e+02 1.169999980926513672e+02
3.043483734130859375e+02 4.473498153686523438e+02 1.169999980926513672e+02
3.047145843505859375e+02 4.467269897460937500e+02 1.180000019073486328e+02
3.044459915161132812e+02 4.474468994140625000e+02 1.160000038146972656e+02
3.038483810424804688e+02 4.478244400024414062e+02 1.169999980926513672e+02
3.037262916564941406e+02 4.477121734619140625e+02 1.180000019073486328e+02
3.064631271362304688e+02 4.454490280151367188e+02 1.140000057220458984e+02
3.067730522155761719e+02 4.448823547363281250e+02 1.150000000000000000e+02
3.064862060546875000e+02 4.454804992675781250e+02 1.130000019073486328e+02
3.060798835754394531e+02 4.459999847412109375e+02 1.130000019073486328e+02
3.055936622619628906e+02 4.466007614135742188e+02 1.130000019073486328e+02
3.055756378173828125e+02 4.465816116333007812e+02 1.119999980926513672e+02
3.018149185180664062e+02 4.497281265258789062e+02 1.150000000000000000e+02
3.010706901550292969e+02 4.502281188964843750e+02 1.150000000000000000e+02
3.018630790710449219e+02 4.497575378417968750e+02 1.140000057220458984e+02
3.011080360412597656e+02 4.502575683593750000e+02 1.140000057220458984e+02
3.011228370666503906e+02 4.502712631225585938e+02 1.130000019073486328e+02
3.006080436706542969e+02 4.505661773681640625e+02 1.140000057220458984e+02
3.000000000000000000e+02 4.509208297729492188e+02 1.140000057220458984e+02
3.006228446960449219e+02 4.505740737915039062e+02 1.130000019073486328e+02
3.005706977844238281e+02 4.505442047119140625e+02 1.150000000000000000e+02
3.000000000000000000e+02 4.508763122558593750e+02 1.150000000000000000e+02
3.005316543579101562e+02 4.505200958251953125e+02 1.157316875457763672e+02
3.000910377502441406e+02 4.507491683959960938e+02 1.160390186309814453e+02
3.009189796447753906e+02 4.502426910400390625e+02 1.160390186309814453e+02
3.004850769042968750e+02 4.504911804199218750e+02 1.163983535766601562e+02
3.004161643981933594e+02 4.504499816894531250e+02 1.169999980926513672e+02
2.999161529541015625e+02 4.507413101196289062e+02 1.169999980926513672e+02
2.989284706115722656e+02 4.512788009643554688e+02 1.170019817352294922e+02
2.997691345214843750e+02 4.506572723388671875e+02 1.180000019073486328e+02
2.989999961853027344e+02 4.510707092285156250e+02 1.180000019073486328e+02
2.996223831176757812e+02 4.505715179443359375e+02 1.187950134277343750e+02
2.990893363952636719e+02 4.507854461669921875e+02 1.190770053863525391e+02
2.979736709594726562e+02 4.513276672363281250e+02 1.190365886688232422e+02
2.988342857360839844e+02 4.506732559204101562e+02 1.200000000000000000e+02
2.994822311401367188e+02 4.504906082153320312e+02 1.194616794586181641e+02
2.979999923706054688e+02 4.510681533813476562e+02 1.200000000000000000e+02
2.986301422119140625e+02 4.505684661865234375e+02 1.207033824920654297e+02
2.980440521240234375e+02 4.507386779785156250e+02 1.210220336914062500e+02
2.977400970458984375e+02 4.506113433837890625e+02 1.218085670471191406e+02
2.984067726135253906e+02 4.504559326171875000e+02 1.213700485229492188e+02
2.969224357604980469e+02 4.512419891357421875e+02 1.209270381927490234e+02
2.962006378173828125e+02 4.514073181152343750e+02 1.212117195129394531e+02
2.970865249633789062e+02 4.507850265502929688e+02 1.220851421356201172e+02
2.965373992919921875e+02 4.515145874023437500e+02 1.205450534820556641e+02
2.972300720214843750e+02 4.513949203491210938e+02 1.200000000000000000e+02
2.974360084533691406e+02 4.514752578735351562e+02 1.193943214416503906e+02
2.967300605773925781e+02 4.515877914428710938e+02 1.200000000000000000e+02
2.959999847412109375e+02 4.518231582641601562e+02 1.200000000000000000e+02
2.970615959167480469e+02 4.516985321044921875e+02 1.190365886688232422e+02
2.969999885559082031e+02 4.519390106201171875e+02 1.180000019073486328e+02
2.976227760314941406e+02 4.515531539916992188e+02 1.187276554107666016e+02
2.959999847412109375e+02 4.520596313476562500e+02 1.190000057220458984e+02
2.949300003051757812e+02 4.523483276367187500e+02 1.189339733123779297e+02
2.959999847412109375e+02 4.522599029541015625e+02 1.180000019073486328e+02
2.952790260314941406e+02 4.524506378173828125e+02 1.180000019073486328e+02
2.959947013854980469e+02 4.524110031127929688e+02 1.170900917053222656e+02
2.954887008666992188e+02 4.524976730346679688e+02 1.174834728240966797e+02
2.963169097900390625e+02 4.524481582641601562e+02 1.160000038146972656e+02
2.956578254699707031e+02 4.525444793701171875e+02 1.168168067932128906e+02
2.969999885559082031e+02 4.521062850952148438e+02 1.169999980926513672e+02
2.969999885559082031e+02 4.522248458862304688e+02 1.160000038146972656e+02
2.980673980712890625e+02 4.516874694824218750e+02 1.170019817352294922e+02
2.979999923706054688e+02 4.518382263183593750e+02 1.160000038146972656e+02
2.978013420104980469e+02 4.516297531127929688e+02 1.180000019073486328e+02
2.984456825256347656e+02 4.514762115478515625e+02 1.173366355895996094e+02
2.985474586486816406e+02 4.515247726440429688e+02 1.166699600219726562e+02
2.986161041259765625e+02 4.515615463256835938e+02 1.160000038146972656e+02
2.986922264099121094e+02 4.516040039062500000e+02 1.150000000000000000e+02
2.991161155700683594e+02 4.512964248657226562e+02 1.160000038146972656e+02
2.991922187805175781e+02 4.513320922851562500e+02 1.150000000000000000e+02
2.992382812500000000e+02 4.513546371459960938e+02 1.140000057220458984e+02
2.992531394958496094e+02 4.513624572753906250e+02 1.130000019073486328e+02
2.987382888793945312e+02 4.516303634643554688e+02 1.140000057220458984e+02
2.987531471252441406e+02 4.516386795043945312e+02 1.130000019073486328e+02
2.979999923706054688e+02 4.519768142700195312e+02 1.140000057220458984e+02
2.979999923706054688e+02 4.519934082031250000e+02 1.130000019073486328e+02
2.979999923706054688e+02 4.519239044189453125e+02 1.150000000000000000e+02
2.970281791687011719e+02 4.523464202880859375e+02 1.140000057220458984e+02
2.970484924316406250e+02 4.523546981811523438e+02 1.130000019073486328e+02
2.965281677246093750e+02 4.525091171264648438e+02 1.140000057220458984e+02
2.969031333923339844e+02 4.523443222045898438e+02 1.149163341522216797e+02
2.965052223205566406e+02 4.525017166137695312e+02 1.145272254943847656e+02
2.964313697814941406e+02 4.524806594848632812e+02 1.151938915252685547e+02
2.960588264465332031e+02 4.526004409790039062e+02 1.149163341522216797e+02
2.959999847412109375e+02 4.526533889770507812e+02 1.140000057220458984e+02
2.958169174194335938e+02 4.525884246826171875e+02 1.160000038146972656e+02
2.950000000000000000e+02 4.528253173828125000e+02 1.150000000000000000e+02
2.939999961853027344e+02 4.529587936401367188e+02 1.150000000000000000e+02
2.950000000000000000e+02 4.528601455688476562e+02 1.140000057220458984e+02
2.950000000000000000e+02 4.527628707885742188e+02 1.160000038146972656e+02
2.939999961853027344e+02 4.529110717773437500e+02 1.160000038146972656e+02
2.950932121276855469e+02 4.526292800903320312e+02 1.170900917053222656e+02
2.947790145874023438e+02 4.525577545166015625e+02 1.180000019073486328e+02
2.939999961853027344e+02 4.528268814086914062e+02 1.169999980926513672e+02
2.929999923706054688e+02 4.529368972778320312e+02 1.169999980926513672e+02
2.939999961853027344e+02 4.526940917968750000e+02 1.180000019073486328e+02
2.929999923706054688e+02 4.528207397460937500e+02 1.180000019073486328e+02
2.939111518859863281e+02 4.525481796264648438e+02 1.189339733123779297e+02
2.929999923706054688e+02 4.526594924926757812e+02 1.190000057220458984e+02
2.935186004638671875e+02 4.525032424926757812e+02 1.195143318176269531e+02
2.941852760314941406e+02 4.524454116821289062e+02 1.192232894897460938e+02
2.945499992370605469e+02 4.525112533569335938e+02 1.185566234588623047e+02
2.939111518859863281e+02 4.523442459106445312e+02 1.199085998535156250e+02
2.929999923706054688e+02 4.524236297607421875e+02 1.201581764221191406e+02
2.950000000000000000e+02 4.520944976806640625e+02 1.200000000000000000e+02
2.939999961853027344e+02 4.520446014404296875e+02 1.210000038146972656e+02
2.940571784973144531e+02 4.516907119750976562e+02 1.220749378204345703e+02
2.950000000000000000e+02 4.518199157714843750e+02 1.210000038146972656e+02
2.929999923706054688e+02 4.522013854980468750e+02 1.210000038146972656e+02
2.919999885559082031e+02 4.523054122924804688e+02 1.210000038146972656e+02
2.929999923706054688e+02 4.518918991088867188e+02 1.219999980926513672e+02
2.929999923706054688e+02 4.516141510009765625e+02 1.227909851074218750e+02
2.919999885559082031e+02 4.520034790039062500e+02 1.219999980926513672e+02
2.919135475158691406e+02 4.516391372680664062e+02 1.230516815185546875e+02
2.909999847412109375e+02 4.520628356933593750e+02 1.219999980926513672e+02
2.900000000000000000e+02 4.520649337768554688e+02 1.219999980926513672e+02
2.909051895141601562e+02 4.523833847045898438e+02 1.209002590179443359e+02
2.909999847412109375e+02 4.517200851440429688e+02 1.230000019073486328e+02
2.900000000000000000e+02 4.517404937744140625e+02 1.230000019073486328e+02
2.909999847412109375e+02 4.515148544311523438e+02 1.235386085510253906e+02
2.915225982666015625e+02 4.515023040771484375e+02 1.235058021545410156e+02
2.909999847412109375e+02 4.513196945190429688e+02 1.240386104583740234e+02
2.900000000000000000e+02 4.515287017822265625e+02 1.235771846771240234e+02
2.889999961853027344e+02 4.515194702148437500e+02 1.235537242889404297e+02
2.900000000000000000e+02 4.513428115844726562e+02 1.240771770477294922e+02
2.889999961853027344e+02 4.513399124145507812e+02 1.240537166595458984e+02
2.900000000000000000e+02 4.509632492065429688e+02 1.250000000000000000e+02
2.889999961853027344e+02 4.509621047973632812e+02 1.250000000000000000e+02
2.900000000000000000e+02 4.506204223632812500e+02 1.257163715362548828e+02
2.909999847412109375e+02 4.509084320068359375e+02 1.250000000000000000e+02
2.909999847412109375e+02 4.505887222290039062e+02 1.256564903259277344e+02
2.920922851562500000e+02 4.507465362548828125e+02 1.250978183746337891e+02
2.919135475158691406e+02 4.513000106811523438e+02 1.239034843444824219e+02
2.918204879760742188e+02 4.505456924438476562e+02 1.255794525146484375e+02
2.929999923706054688e+02 4.507038116455078125e+02 1.249072742462158203e+02
2.924871444702148438e+02 4.504981613159179688e+02 1.254963588714599609e+02
2.920922851562500000e+02 4.502934646606445312e+02 1.259476757049560547e+02
2.929999923706054688e+02 4.504516220092773438e+02 1.254072666168212891e+02
2.929999923706054688e+02 4.501094055175781250e+02 1.260000038146972656e+02
2.939999961853027344e+02 4.503449249267578125e+02 1.252087593078613281e+02
2.940616035461425781e+02 4.498192977905273438e+02 1.260836219787597656e+02
2.939999961853027344e+02 4.506078720092773438e+02 1.247087669372558594e+02
2.949704360961914062e+02 4.502276611328125000e+02 1.249390125274658203e+02
2.952840614318847656e+02 4.504361343383789062e+02 1.243655109405517578e+02
2.950000000000000000e+02 4.497074890136718750e+02 1.258329010009765625e+02
2.946174049377441406e+02 4.505346298217773438e+02 1.245650196075439453e+02
2.960404586791992188e+02 4.498060989379882812e+02 1.250614166259765625e+02
2.957340812683105469e+02 4.495874404907226562e+02 1.256378269195556641e+02
2.969999885559082031e+02 4.496203231811523438e+02 1.247110748291015625e+02
2.964007568359375000e+02 4.494622039794921875e+02 1.254356861114501953e+02
2.960644149780273438e+02 4.503413772583007812e+02 1.240193080902099609e+02
2.964406776428222656e+02 4.504795455932617188e+02 1.234533405303955078e+02
2.957740211486816406e+02 4.505929183959960938e+02 1.236988449096679688e+02
2.969999885559082031e+02 4.499868011474609375e+02 1.240000057220458984e+02
2.970865249633789062e+02 4.503877258300781250e+02 1.230720043182373047e+02
2.979081344604492188e+02 4.496140670776367188e+02 1.239081573486328125e+02
2.981802368164062500e+02 4.493300247192382812e+02 1.241802501678466797e+02
2.979999923706054688e+02 4.500039291381835938e+02 1.230000019073486328e+02
2.975135803222656250e+02 4.495071792602539062e+02 1.245124149322509766e+02
2.985124015808105469e+02 4.495071792602539062e+02 1.235135841369628906e+02
2.987289237976074219e+02 4.496289443969726562e+02 1.230000019073486328e+02
2.989721298217773438e+02 4.489880371093750000e+02 1.239695167541503906e+02
2.992289161682128906e+02 4.493418884277343750e+02 1.230000019073486328e+02
2.987651824951171875e+02 4.486633682250976562e+02 1.247645473480224609e+02
2.997103881835937500e+02 4.486460876464843750e+02 1.237587738037109375e+02
2.994318580627441406e+02 4.484568023681640625e+02 1.244254398345947266e+02
3.000262260437011719e+02 4.482515716552734375e+02 1.240552616119384766e+02
2.990591049194335938e+02 4.482907104492187500e+02 1.250587272644042969e+02
2.984234619140625000e+02 4.484558486938476562e+02 1.254312133789062500e+02
2.989397430419921875e+02 4.477435302734375000e+02 1.259573078155517578e+02
2.999578285217285156e+02 4.477474594116210938e+02 1.249445819854736328e+02
3.002630615234375000e+02 4.473140335083007812e+02 1.252409744262695312e+02
2.995963859558105469e+02 4.475718688964843750e+02 1.255955123901367188e+02
3.005639839172363281e+02 4.475504302978515625e+02 1.245743083953857422e+02
3.007833480834960938e+02 4.477218627929687500e+02 1.240000057220458984e+02
3.009513473510742188e+02 4.469625473022460938e+02 1.249451828002929688e+02
3.012833595275878906e+02 4.473212814331054688e+02 1.240000057220458984e+02
3.006720542907714844e+02 4.466473770141601562e+02 1.256845474243164062e+02
3.016221809387207031e+02 4.466110610961914062e+02 1.246493816375732422e+02
3.013387107849121094e+02 4.463550567626953125e+02 1.253160476684570312e+02
3.010341835021972656e+02 4.460315322875976562e+02 1.260370540618896484e+02
3.019907569885253906e+02 4.459923553466796875e+02 1.249888134002685547e+02
3.023593139648437500e+02 4.453544616699218750e+02 1.253282451629638672e+02
3.022888565063476562e+02 4.462962722778320312e+02 1.241964912414550781e+02
3.016926574707031250e+02 4.456884002685546875e+02 1.257228946685791016e+02
3.026257514953613281e+02 4.456296157836914062e+02 1.246615791320800781e+02
3.029820060729980469e+02 4.449777984619140625e+02 1.249736976623535156e+02
3.029061317443847656e+02 4.459029388427734375e+02 1.238552474975585938e+02
3.031816101074218750e+02 4.461714935302734375e+02 1.230000019073486328e+02
3.025198745727539062e+02 4.465192031860351562e+02 1.235298252105712891e+02
3.035089302062988281e+02 4.455096054077148438e+02 1.235140037536621094e+02
3.032924079895019531e+02 4.452677917480468750e+02 1.241806697845458984e+02
3.037308883666992188e+02 4.449606704711914062e+02 1.239084053039550781e+02
3.042009544372558594e+02 4.450057601928710938e+02 1.230532264709472656e+02
3.035861968994140625e+02 4.446011352539062500e+02 1.246191501617431641e+02
3.042819213867187500e+02 4.442117309570312500e+02 1.240000057220458984e+02
3.044563484191894531e+02 4.444430923461914062e+02 1.234220504760742188e+02
3.039277839660644531e+02 4.439025878906250000e+02 1.248960685729980469e+02
3.046548271179199219e+02 4.437117385864257812e+02 1.240000057220458984e+02
3.051543617248535156e+02 4.429765701293945312e+02 1.239818382263183594e+02
3.050039672851562500e+02 4.440044021606445312e+02 1.230048179626464844e+02
3.045042419433593750e+02 4.435058593750000000e+02 1.245063114166259766e+02
3.046663093566894531e+02 4.429999923706054688e+02 1.247522354125976562e+02
3.043252944946289062e+02 4.429999923706054688e+02 1.252522373199462891e+02
3.050355911254882812e+02 4.420611190795898438e+02 1.250528621673583984e+02
3.053536987304687500e+02 4.411868667602539062e+02 1.252757167816162109e+02
3.053841781616210938e+02 4.422927856445312500e+02 1.243030643463134766e+02
3.046870231628417969e+02 4.418294143676757812e+02 1.257567882537841797e+02
3.055700874328613281e+02 4.416261291503906250e+02 1.246090507507324219e+02
3.044976615905761719e+02 4.424960708618164062e+02 1.254966735839843750e+02
3.043115615844726562e+02 4.420976638793945312e+02 1.260540771484375000e+02
3.037141036987304688e+02 4.419018554687500000e+02 1.269573402404785156e+02
3.038081359863281250e+02 4.429681777954101562e+02 1.259796047210693359e+02
3.044417762756347656e+02 4.413825607299804688e+02 1.264234542846679688e+02
3.041707038879394531e+02 4.410295104980468750e+02 1.269802856445312500e+02
3.049788475036621094e+02 4.409513854980468750e+02 1.259684181213378906e+02
3.046039962768554688e+02 4.407158660888671875e+02 1.266338157653808594e+02
3.055094718933105469e+02 4.405202102661132812e+02 1.255133724212646484e+02
3.052665328979492188e+02 4.400000000000000000e+02 1.261738014221191406e+02
3.054180335998535156e+02 4.392708587646484375e+02 1.263850402832031250e+02
3.047665214538574219e+02 4.400000000000000000e+02 1.268464946746826172e+02
3.056216049194335938e+02 4.400000000000000000e+02 1.256738090515136719e+02
3.057750892639160156e+02 4.389625167846679688e+02 1.260310268402099609e+02
3.061315727233886719e+02 4.399454116821289062e+02 1.249303817749023438e+02
3.063158798217773438e+02 4.389999771118164062e+02 1.252125549316406250e+02
3.063904762268066406e+02 4.402423858642578125e+02 1.243112659454345703e+02
3.065321922302246094e+02 4.395756912231445312e+02 1.245506286621093750e+02
3.056820297241210938e+02 4.409121322631835938e+02 1.249654293060302734e+02
3.062335395812988281e+02 4.410079193115234375e+02 1.239867591857910156e+02
3.064286422729492188e+02 4.413465118408203125e+02 1.233644294738769531e+02
3.057471275329589844e+02 4.419756698608398438e+02 1.239818382263183594e+02
3.065832138061523438e+02 4.406798553466796875e+02 1.236445999145507812e+02
3.067007637023925781e+02 4.399454116821289062e+02 1.239867591857910156e+02
3.067662620544433594e+02 4.410079193115234375e+02 1.230186653137207031e+02
3.072355842590332031e+02 4.399893188476562500e+02 1.229700469970703125e+02
3.072696113586425781e+02 4.409999084472656250e+02 1.220008087158203125e+02
3.066036605834960938e+02 4.416906738281250000e+02 1.226977634429931641e+02
3.067612075805664062e+02 4.420144271850585938e+02 1.219989681243896484e+02
3.062579154968261719e+02 4.420144271850585938e+02 1.230186653137207031e+02
3.064213943481445312e+02 4.423573684692382812e+02 1.223316192626953125e+02
3.057287788391113281e+02 4.429765701293945312e+02 1.229525470733642578e+02
3.053688621520996094e+02 4.432942581176757812e+02 1.232542514801025391e+02
3.062034225463867188e+02 4.429748916625976562e+02 1.219989681243896484e+02
3.055798149108886719e+02 4.426276016235351562e+02 1.236363983154296875e+02
3.055467605590820312e+02 4.435656738281250000e+02 1.225875854492187500e+02
3.056882095336914062e+02 4.437668609619140625e+02 1.219999980926513672e+02
3.059877204895019531e+02 4.439818572998046875e+02 1.209678554534912109e+02
3.053308105468750000e+02 4.442668914794921875e+02 1.219999980926513672e+02
3.054686546325683594e+02 4.444568252563476562e+02 1.214238548278808594e+02
3.047904586791992188e+02 4.450057601928710938e+02 1.219504928588867188e+02
3.052151679992675781e+02 4.449825668334960938e+02 1.210543155670166016e+02
3.046390724182128906e+02 4.446762466430664062e+02 1.227553844451904297e+02
3.045430374145507812e+02 4.455496215820312500e+02 1.215841484069824219e+02
3.043696212768554688e+02 4.453429412841796875e+02 1.222508144378662109e+02
3.039715385437011719e+02 4.459676742553710938e+02 1.219423580169677734e+02
3.033889389038085938e+02 4.463856887817382812e+02 1.223005676269531250e+02
3.042176246643066406e+02 4.461922073364257812e+02 1.210000038146972656e+02
3.036589241027832031e+02 4.456714630126953125e+02 1.230000019073486328e+02
3.035734558105468750e+02 4.465734481811523438e+02 1.216339015960693359e+02
3.037176322937011719e+02 4.467176437377929688e+02 1.210000038146972656e+02
3.029738044738769531e+02 4.469768905639648438e+02 1.219522190093994141e+02
3.032003974914550781e+02 4.472176361083984375e+02 1.210000038146972656e+02
3.026815986633300781e+02 4.466746520996093750e+02 1.230000019073486328e+02
3.023637962341308594e+02 4.473802947998046875e+02 1.222705364227294922e+02
3.025586700439453125e+02 4.475527572631835938e+02 1.216038703918457031e+02
3.020182609558105469e+02 4.472301101684570312e+02 1.230828666687011719e+02
3.019733047485351562e+02 4.467685317993164062e+02 1.239178943634033203e+02
3.016971206665039062e+02 4.476651000976562500e+02 1.228047752380371094e+02
3.014804649353027344e+02 4.474839782714843750e+02 1.234714412689208984e+02
3.010479545593261719e+02 4.480385589599609375e+02 1.230690288543701172e+02
3.006154251098632812e+02 4.485866928100585938e+02 1.226666164398193359e+02
3.003770446777343750e+02 4.484120178222656250e+02 1.233332824707031250e+02
3.000262260437011719e+02 4.488255310058593750e+02 1.229999732971191406e+02
3.046674728393554688e+02 4.456922149658203125e+02 1.210000038146972656e+02
3.056045913696289062e+02 4.446376037597656250e+02 1.207571887969970703e+02
3.053506278991699219e+02 4.453103256225585938e+02 1.200000000000000000e+02
3.057398605346679688e+02 4.448103332519531250e+02 1.200000000000000000e+02
3.062398529052734375e+02 4.441314697265625000e+02 1.200000000000000000e+02
3.063961410522460938e+02 4.443546676635742188e+02 1.190000057220458984e+02
3.065919876098632812e+02 4.436314773559570312e+02 1.200000000000000000e+02
3.067445373535156250e+02 4.438546752929687500e+02 1.190000057220458984e+02
3.069873046875000000e+02 4.429999923706054688e+02 1.200000000000000000e+02
3.065047836303710938e+02 4.435069274902343750e+02 1.205118465423583984e+02
3.066724777221679688e+02 4.429748916625976562e+02 1.209071063995361328e+02
3.072229194641113281e+02 4.419596862792968750e+02 1.209819316864013672e+02
3.065761756896972656e+02 4.426248168945312500e+02 1.216649532318115234e+02
3.063708496093750000e+02 4.432914733886718750e+02 1.211785125732421875e+02
3.075537300109863281e+02 4.415994644165039062e+02 1.206365489959716797e+02
3.073953056335449219e+02 4.423072052001953125e+02 1.200000000000000000e+02
3.074221611022949219e+02 4.413331604003906250e+02 1.213032150268554688e+02
3.077031517028808594e+02 4.409999084472656250e+02 1.209819316864013672e+02
3.080615615844726562e+02 4.409999847412109375e+02 1.200000000000000000e+02
3.081983757019042969e+02 4.399140548706054688e+02 1.209145450592041016e+02
3.075771522521972656e+02 4.406665039062500000e+02 1.216680145263671875e+02
3.077105331420898438e+02 4.399893188476562500e+02 1.220008087158203125e+02
3.074235343933105469e+02 4.403155136108398438e+02 1.223346805572509766e+02
3.080828285217285156e+02 4.389999771118164062e+02 1.219999980926513672e+02
3.075612831115722656e+02 4.396488571166992188e+02 1.226167488098144531e+02
3.076434516906738281e+02 4.389024734497070312e+02 1.229700469970703125e+02
3.075014305114746094e+02 4.385041427612304688e+02 1.235025691986083984e+02
3.073858642578125000e+02 4.391707992553710938e+02 1.232834148406982422e+02
3.079033279418945312e+02 4.379999923706054688e+02 1.230000019073486328e+02
3.081340599060058594e+02 4.370000076293945312e+02 1.230000019073486328e+02
3.083628082275390625e+02 4.380865097045898438e+02 1.220143222808837891e+02
3.075700569152832031e+02 4.379999923706054688e+02 1.236246585845947266e+02
3.072883605957031250e+02 4.379999923706054688e+02 1.241246604919433594e+02
3.076844406127929688e+02 4.370000076293945312e+02 1.238285446166992188e+02
3.077172851562500000e+02 4.359536743164062500e+02 1.240646553039550781e+02
3.074026107788085938e+02 4.370000076293945312e+02 1.243285465240478516e+02
3.069933319091796875e+02 4.370000076293945312e+02 1.250000000000000000e+02
3.074664497375488281e+02 4.362561035156250000e+02 1.244410896301269531e+02
3.072212219238281250e+02 4.359536743164062500e+02 1.249120903015136719e+02
3.072232246398925781e+02 4.350000000000000000e+02 1.250444316864013672e+02
3.066766738891601562e+02 4.359999847412109375e+02 1.257597160339355469e+02
3.075123405456542969e+02 4.355894470214843750e+02 1.245201492309570312e+02
3.075268745422363281e+02 4.350000000000000000e+02 1.245444297790527344e+02
3.075312614440917969e+02 4.339999771118164062e+02 1.245522785186767578e+02
3.078278350830078125e+02 4.350000000000000000e+02 1.240000057220458984e+02
3.078354263305664062e+02 4.339999771118164062e+02 1.240000057220458984e+02
3.083009529113769531e+02 4.350000000000000000e+02 1.231307697296142578e+02
3.083041763305664062e+02 4.339999771118164062e+02 1.231388378143310547e+02
3.083087730407714844e+02 4.360914993286132812e+02 1.229460620880126953e+02
3.085701560974121094e+02 4.350000000000000000e+02 1.226307773590087891e+02
3.085409164428710938e+02 4.358192062377929688e+02 1.225767803192138672e+02
3.085748672485351562e+02 4.339999771118164062e+02 1.226388454437255859e+02
3.088585281372070312e+02 4.350000000000000000e+02 1.219999980926513672e+02
3.088668823242187500e+02 4.339999771118164062e+02 1.219999980926513672e+02
3.092636108398437500e+02 4.350000000000000000e+02 1.210000038146972656e+02
3.087256240844726562e+02 4.360914993286132812e+02 1.220976161956787109e+02
3.091885185241699219e+02 4.359999847412109375e+02 1.210000038146972656e+02
3.086754608154296875e+02 4.370000076293945312e+02 1.218899154663085938e+02
3.084981727600097656e+02 4.364858627319335938e+02 1.224960327148437500e+02
3.084496307373046875e+02 4.370000076293945312e+02 1.223899173736572266e+02
3.090359497070312500e+02 4.370000076293945312e+02 1.210000038146972656e+02
3.085862350463867188e+02 4.378108215332031250e+02 1.216905307769775391e+02
3.087491035461425781e+02 4.380865097045898438e+02 1.210901451110839844e+02
3.091570091247558594e+02 4.379999923706054688e+02 1.200000000000000000e+02
3.084936523437500000e+02 4.384775161743164062e+02 1.214835643768310547e+02
3.085969543457031250e+02 4.389999771118164062e+02 1.207558631896972656e+02
3.085095024108886719e+02 4.395233917236328125e+02 1.205242443084716797e+02
3.084045791625976562e+02 4.389999771118164062e+02 1.212558555603027344e+02
3.088573455810546875e+02 4.389999771118164062e+02 1.200000000000000000e+02
3.091512107849121094e+02 4.389999771118164062e+02 1.190000057220458984e+02
3.085964202880859375e+02 4.397435760498046875e+02 1.200000000000000000e+02
3.087396049499511719e+02 4.400807952880859375e+02 1.190710163116455078e+02
3.083960914611816406e+02 4.402435684204101562e+02 1.200000000000000000e+02
3.084870910644531250e+02 4.404680252075195312e+02 1.194516944885253906e+02
3.083446502685546875e+02 4.409976196289062500e+02 1.190710163116455078e+02
3.077978324890136719e+02 4.420860671997070312e+02 1.190714645385742188e+02
3.085752868652343750e+02 4.406626892089843750e+02 1.187850284576416016e+02
3.084326553344726562e+02 4.413555526733398438e+02 1.180000019073486328e+02
3.084897422790527344e+02 4.414780426025390625e+02 1.174293994903564453e+02
3.080994415283203125e+02 4.420000076293945312e+02 1.180000019073486328e+02
3.086630821228027344e+02 4.408555603027343750e+02 1.180000019073486328e+02
3.090204429626464844e+02 4.400000000000000000e+02 1.180000019073486328e+02
3.093755340576171875e+02 4.389937591552734375e+02 1.180520534515380859e+02
3.094445037841796875e+02 4.393421554565429688e+02 1.169999980926513672e+02
3.095544242858886719e+02 4.386562728881835938e+02 1.177534103393554688e+02
3.094827461242675781e+02 4.384386062622070312e+02 1.184200763702392578e+02
3.094178962707519531e+02 4.380631637573242188e+02 1.190682697296142578e+02
3.096670722961425781e+02 4.380631637573242188e+02 1.180520534515380859e+02
3.098846435546875000e+02 4.379999923706054688e+02 1.169999980926513672e+02
3.099493598937988281e+02 4.370000076293945312e+02 1.180000019073486328e+02
3.095757675170898438e+02 4.377719497680664062e+02 1.187804412841796875e+02
3.096670722961425781e+02 4.370582580566406250e+02 1.190682697296142578e+02
3.094856071472167969e+02 4.374304580688476562e+02 1.194471073150634766e+02
3.098689270019531250e+02 4.359999847412109375e+02 1.190000057220458984e+02
3.095544242858886719e+02 4.367638015747070312e+02 1.196562767028808594e+02
3.093797492980957031e+02 4.370582580566406250e+02 1.199937725067138672e+02
3.096135711669921875e+02 4.359999847412109375e+02 1.198215866088867188e+02
3.096578788757324219e+02 4.350000000000000000e+02 1.199323940277099609e+02
3.094371795654296875e+02 4.359999847412109375e+02 1.203215885162353516e+02
3.094752311706542969e+02 4.350000000000000000e+02 1.204323959350585938e+02
3.094807052612304688e+02 4.339999771118164062e+02 1.204494762420654297e+02
3.094631958007812500e+02 4.329999923706054688e+02 1.204042530059814453e+02
3.096690940856933594e+02 4.339999771118164062e+02 1.199494743347167969e+02
3.092727088928222656e+02 4.339999771118164062e+02 1.210000038146972656e+02
3.092336273193359375e+02 4.329999923706054688e+02 1.210000038146972656e+02
3.088199615478515625e+02 4.329999923706054688e+02 1.219999980926513672e+02
3.091344070434570312e+02 4.320000076293945312e+02 1.210000038146972656e+02
3.089794349670410156e+02 4.309999847412109375e+02 1.210000038146972656e+02
3.086856460571289062e+02 4.320221710205078125e+02 1.220616149902343750e+02
3.094164657592773438e+02 4.320000076293945312e+02 1.202809047698974609e+02
3.093650817871093750e+02 4.309392929077148438e+02 1.199784946441650391e+02
3.096070671081542969e+02 4.320000076293945312e+02 1.197809123992919922e+02
3.095497703552246094e+02 4.312321853637695312e+02 1.196308135986328125e+02
3.098781776428222656e+02 4.320000076293945312e+02 1.190000057220458984e+02
3.096537017822265625e+02 4.329999923706054688e+02 1.199042606353759766e+02
3.099681663513183594e+02 4.329999923706054688e+02 1.190000057220458984e+02
3.099931526184082031e+02 4.339999771118164062e+02 1.190000057220458984e+02
3.102729797363281250e+02 4.329999923706054688e+02 1.180000019073486328e+02
3.101860427856445312e+02 4.320000076293945312e+02 1.180000019073486328e+02
3.104585075378417969e+02 4.329999923706054688e+02 1.173232269287109375e+02
3.102878189086914062e+02 4.339999771118164062e+02 1.180000019073486328e+02
3.104637718200683594e+02 4.339999771118164062e+02 1.173322772979736328e+02
3.102394104003906250e+02 4.350000000000000000e+02 1.180000019073486328e+02
3.104347038269042969e+02 4.350000000000000000e+02 1.171640110015869141e+02
3.099625968933105469e+02 4.350000000000000000e+02 1.190000057220458984e+02
3.101319503784179688e+02 4.359999847412109375e+02 1.180000019073486328e+02
3.103721809387207031e+02 4.359175109863281250e+02 1.169148349761962891e+02
3.104590034484863281e+02 4.362442398071289062e+02 1.160000038146972656e+02
3.101469802856445312e+02 4.370000076293945312e+02 1.169999980926513672e+02
3.105046844482421875e+02 4.355291748046875000e+02 1.165247154235839844e+02
3.105404663085937500e+02 4.357442092895507812e+02 1.160000038146972656e+02
3.105337142944335938e+02 4.350000000000000000e+02 1.166640090942382812e+02
3.105727767944335938e+02 4.339999771118164062e+02 1.168322753906250000e+02
3.106369400024414062e+02 4.350000000000000000e+02 1.160000038146972656e+02
3.107219314575195312e+02 4.339999771118164062e+02 1.160000038146972656e+02
3.107331657409667969e+02 4.329999923706054688e+02 1.160000038146972656e+02
3.105748939514160156e+02 4.329999923706054688e+02 1.168232250213623047e+02
3.106657981872558594e+02 4.320000076293945312e+02 1.160000038146972656e+02
3.105572509765625000e+02 4.310758972167968750e+02 1.159528827667236328e+02
3.105374717712402344e+02 4.320000076293945312e+02 1.166566371917724609e+02
3.105068588256835938e+02 4.314598083496093750e+02 1.165269565582275391e+02
3.104149436950683594e+02 4.320000076293945312e+02 1.171566390991210938e+02
3.103409385681152344e+02 4.310758972167968750e+02 1.169161701202392578e+02
3.101166915893554688e+02 4.300000000000000000e+02 1.169999980926513672e+02
3.104502677917480469e+02 4.307931518554687500e+02 1.162548065185546875e+02
3.100331497192382812e+02 4.309999847412109375e+02 1.180000019073486328e+02
3.098378372192382812e+02 4.300000000000000000e+02 1.180000019073486328e+02
3.096855926513671875e+02 4.309392929077148438e+02 1.190783214569091797e+02
3.095967483520507812e+02 4.300000000000000000e+02 1.187886142730712891e+02
3.094877815246582031e+02 4.305655288696289062e+02 1.194638633728027344e+02
3.094288825988769531e+02 4.300000000000000000e+02 1.192886066436767578e+02
3.093292236328125000e+02 4.290217971801757812e+02 1.189525699615478516e+02
3.091756248474121094e+02 4.300000000000000000e+02 1.200000000000000000e+02
3.089615249633789062e+02 4.289999771118164062e+02 1.200000000000000000e+02
3.087351608276367188e+02 4.299181365966796875e+02 1.210909938812255859e+02
3.084936714172363281e+02 4.295302581787109375e+02 1.214849853515625000e+02
3.086405181884765625e+02 4.289999771118164062e+02 1.208367061614990234e+02
3.085629653930664062e+02 4.301969146728515625e+02 1.216373729705810547e+02
3.083449363708496094e+02 4.299181365966796875e+02 1.219824218750000000e+02
3.086388969421386719e+02 4.309999847412109375e+02 1.218050479888916016e+02
3.084102821350097656e+02 4.309999847412109375e+02 1.223050498962402344e+02
3.080570220947265625e+02 4.309999847412109375e+02 1.230000019073486328e+02
3.084705162048339844e+02 4.317036056518554688e+02 1.224360275268554688e+02
3.082632255554199219e+02 4.320221710205078125e+02 1.229211044311523438e+02
3.077261352539062500e+02 4.320000076293945312e+02 1.239066028594970703e+02
3.085188484191894531e+02 4.323703002929687500e+02 1.225351810455322266e+02
3.082804298400878906e+02 4.329999923706054688e+02 1.230920314788818359e+02
3.077352523803710938e+02 4.329779434204101562e+02 1.240877151489257812e+02
3.085495376586914062e+02 4.329999923706054688e+02 1.225920295715332031e+02
3.074883842468261719e+02 4.326298904418945312e+02 1.244795131683349609e+02
3.075181770324707031e+02 4.332965850830078125e+02 1.245306110382080078e+02
3.072586441040039062e+02 4.329779434204101562e+02 1.249183654785156250e+02
3.070946502685546875e+02 4.320000076293945312e+02 1.250000000000000000e+02
3.067070198059082031e+02 4.329999923706054688e+02 1.258132553100585938e+02
3.072327423095703125e+02 4.339999771118164062e+02 1.250522804260253906e+02
3.067327308654785156e+02 4.339999771118164062e+02 1.258490085601806641e+02
3.063981437683105469e+02 4.339999771118164062e+02 1.263490104675292969e+02
3.067232322692871094e+02 4.350000000000000000e+02 1.258305358886718750e+02
3.063840484619140625e+02 4.350000000000000000e+02 1.263305282592773438e+02
3.059090995788574219e+02 4.350000000000000000e+02 1.269999980926513672e+02
3.063350105285644531e+02 4.359999847412109375e+02 1.262597179412841797e+02
3.057709884643554688e+02 4.359200668334960938e+02 1.270645427703857422e+02
3.062467765808105469e+02 4.370000076293945312e+02 1.261329364776611328e+02
3.057467651367187500e+02 4.370000076293945312e+02 1.268363094329833984e+02
3.061609840393066406e+02 4.379579925537109375e+02 1.259231472015380859e+02
3.065907096862792969e+02 4.370000076293945312e+02 1.256329345703125000e+02
3.065266227722167969e+02 4.375966644287109375e+02 1.255385780334472656e+02
3.067466545104980469e+02 4.379579925537109375e+02 1.250396728515625000e+02
3.066347122192382812e+02 4.389999771118164062e+02 1.247125625610351562e+02
3.064351844787597656e+02 4.382633590698242188e+02 1.253994464874267578e+02
3.071393013000488281e+02 4.389024734497070312e+02 1.239015388488769531e+02
3.056248283386230469e+02 4.379999923706054688e+02 1.266683578491210938e+02
3.052502632141113281e+02 4.379999923706054688e+02 1.271683597564697266e+02
3.055373001098632812e+02 4.386042022705078125e+02 1.265503025054931641e+02
3.050193214416503906e+02 4.390467453002929688e+02 1.270225715637207031e+02
3.046206092834472656e+02 4.388226318359375000e+02 1.276458644866943359e+02
3.044959068298339844e+02 4.394892883300781250e+02 1.274948501586914062e+02
3.042299270629882812e+02 4.390935516357421875e+02 1.279875183105468750e+02
3.043775558471679688e+02 4.400000000000000000e+02 1.273464965820312500e+02
3.038297653198242188e+02 4.399561691284179688e+02 1.280200576782226562e+02
3.036320495605468750e+02 4.409999847412109375e+02 1.276516819000244141e+02
3.035461997985839844e+02 4.395936203002929688e+02 1.285502815246582031e+02
3.033785438537597656e+02 4.402602767944335938e+02 1.283667659759521484e+02
3.031799507141113281e+02 4.409999847412109375e+02 1.281516838073730469e+02
3.029688644409179688e+02 4.399365234375000000e+02 1.289672565460205078e+02
3.031928062438964844e+02 4.389999771118164062e+02 1.291816806793212891e+02
3.023794746398925781e+02 4.402793884277343750e+02 1.293842220306396484e+02
3.025591659545898438e+02 4.396127319335937500e+02 1.295577812194824219e+02
3.026799583435058594e+02 4.409999847412109375e+02 1.286844921112060547e+02
3.025280570983886719e+02 4.415430450439453125e+02 1.285284423828125000e+02
3.021683502197265625e+02 4.409999847412109375e+02 1.291844940185546875e+02
3.016683578491210938e+02 4.409999847412109375e+02 1.296525001525878906e+02
3.019065284729003906e+02 4.418631362915039062e+02 1.289111423492431641e+02
3.015116500854492188e+02 4.415165710449218750e+02 1.295104694366455078e+02
3.016347312927246094e+02 4.426640319824218750e+02 1.286271667480468750e+02
3.012650489807128906e+02 4.421832275390625000e+02 1.292938423156738281e+02
3.023014068603515625e+02 4.422097015380859375e+02 1.283006572723388672e+02
3.019998359680175781e+02 4.429982376098632812e+02 1.279982566833496094e+02
3.029104232788085938e+02 4.418564224243164062e+02 1.279014015197753906e+02
3.026261329650878906e+02 4.426657485961914062e+02 1.276339912414550781e+02
3.035018920898437500e+02 4.415031051635742188e+02 1.275021457672119141e+02
3.032927894592285156e+02 4.421697998046875000e+02 1.272622394561767578e+02
3.029821968078613281e+02 4.429730224609375000e+02 1.269765567779541016e+02
3.033382606506347656e+02 4.432802963256835938e+02 1.262993431091308594e+02
3.026716041564941406e+02 4.437109756469726562e+02 1.266908740997314453e+02
3.035798454284667969e+02 4.426136398315429688e+02 1.265955734252929688e+02
3.023649597167968750e+02 4.433324432373046875e+02 1.273575401306152344e+02
3.020461845397949219e+02 4.440532302856445312e+02 1.270476436614990234e+02
3.014029502868652344e+02 4.443954849243164062e+02 1.274044132232666016e+02
3.023940849304199219e+02 4.443776321411132812e+02 1.263776493072509766e+02
3.016982841491699219e+02 4.437287902832031250e+02 1.276958656311035156e+02
3.017274284362792969e+02 4.447343444824218750e+02 1.267377471923828125e+02
3.020433807373046875e+02 4.450444030761718750e+02 1.260502719879150391e+02
3.010663032531738281e+02 4.450652313232421875e+02 1.270653057098388672e+02
3.013963127136230469e+02 4.454010009765625000e+02 1.263895606994628906e+02
3.007362747192382812e+02 4.447294235229492188e+02 1.277199172973632812e+02
3.003827476501464844e+02 4.453961181640625000e+02 1.273928642272949219e+02
3.007296562194824219e+02 4.457079696655273438e+02 1.267261981964111328e+02
3.000327682495117188e+02 4.460278701782226562e+02 1.270296382904052734e+02
2.997160911560058594e+02 4.456810760498046875e+02 1.276829147338867188e+02
2.996827697753906250e+02 4.466445541381835938e+02 1.266664218902587891e+02
2.993036842346191406e+02 4.463477706909179688e+02 1.273330879211425781e+02
3.003494453430175781e+02 4.463746261596679688e+02 1.263512229919433594e+02
2.999729156494140625e+02 4.469792938232421875e+02 1.259733676910400391e+02
2.992329216003417969e+02 4.473112106323242188e+02 1.262621784210205078e+02
2.989349555969238281e+02 4.469559860229492188e+02 1.269443893432617188e+02
2.986370086669921875e+02 4.466007614135742188e+02 1.276095962524414062e+02
2.985662460327148438e+02 4.475448608398437500e+02 1.265556907653808594e+02
2.979999923706054688e+02 4.473058700561523438e+02 1.272680377960205078e+02
2.974535179138183594e+02 4.474737167358398438e+02 1.274683666229248047e+02
2.979054450988769531e+02 4.467481994628906250e+02 1.279657554626464844e+02
2.979999923706054688e+02 4.477137756347656250e+02 1.267680358886718750e+02
2.980540847778320312e+02 4.482445144653320312e+02 1.260231781005859375e+02
2.970514106750488281e+02 4.480307006835937500e+02 1.270335388183593750e+02
2.973159980773925781e+02 4.484068298339843750e+02 1.263719654083251953e+02
2.967868423461914062e+02 4.476545715332031250e+02 1.276836013793945312e+02
2.966493225097656250e+02 4.485731506347656250e+02 1.265987205505371094e+02
2.959999847412109375e+02 4.483406448364257812e+02 1.272900485992431641e+02
2.954069137573242188e+02 4.484663009643554688e+02 1.274546813964843750e+02
2.959372711181640625e+02 4.477902221679687500e+02 1.280101585388183594e+02
2.959999847412109375e+02 4.487100982666015625e+02 1.267900466918945312e+02
2.950441360473632812e+02 4.488651657104492188e+02 1.270728111267089844e+02
2.960404586791992188e+02 4.492453765869140625e+02 1.259826946258544922e+02
2.969895935058593750e+02 4.488077926635742188e+02 1.260231781005859375e+02
2.950000000000000000e+02 4.493922042846679688e+02 1.263329029083251953e+02
2.944359970092773438e+02 4.494826507568359375e+02 1.264727020263671875e+02
2.940616035461425781e+02 4.492476654052734375e+02 1.269642448425292969e+02
2.939999961853027344e+02 4.486975860595703125e+02 1.277583312988281250e+02
2.937693405151367188e+02 4.495722961425781250e+02 1.266070747375488281e+02
2.929999923706054688e+02 4.493201065063476562e+02 1.272367858886718750e+02
2.919999885559082031e+02 4.494100189208984375e+02 1.273672485351562500e+02
2.929011344909667969e+02 4.487563323974609375e+02 1.280401611328125000e+02
2.929999923706054688e+02 4.496577453613281250e+02 1.267367839813232422e+02
2.919999885559082031e+02 4.497431945800781250e+02 1.268672466278076172e+02
2.909999847412109375e+02 4.498026657104492188e+02 1.269574260711669922e+02
2.909999847412109375e+02 4.503026580810546875e+02 1.261564922332763672e+02
2.900699806213378906e+02 4.497821426391601562e+02 1.270973205566406250e+02
2.909999847412109375e+02 4.494709777832031250e+02 1.274574279785156250e+02
2.904499626159667969e+02 4.494969558715820312e+02 1.274955368041992188e+02
2.909999847412109375e+02 4.490764617919921875e+02 1.280000019073486328e+02
2.900699806213378906e+02 4.492169189453125000e+02 1.279146289825439453e+02
2.919999885559082031e+02 4.489492416381835938e+02 1.280000019073486328e+02
2.909999847412109375e+02 4.486054611206054688e+02 1.286260986328125000e+02
2.900000000000000000e+02 4.486484527587890625e+02 1.286763572692871094e+02
2.909999847412109375e+02 4.481758117675781250e+02 1.291260910034179688e+02
2.919999885559082031e+02 4.485392379760742188e+02 1.285469532012939453e+02
2.919999885559082031e+02 4.481084060668945312e+02 1.290469551086425781e+02
2.925018882751464844e+02 4.485004425048828125e+02 1.285005474090576172e+02
2.929229545593261719e+02 4.479838180541992188e+02 1.289781284332275391e+02
2.933440208435058594e+02 4.474590682983398438e+02 1.294556999206542969e+02
2.931685447692871094e+02 4.484212112426757812e+02 1.284002590179443359e+02
2.926773452758789062e+02 4.475464248657226562e+02 1.295500087738037109e+02
2.939999961853027344e+02 4.478081130981445312e+02 1.288499546051025391e+02
2.939999961853027344e+02 4.473606491088867188e+02 1.293499565124511719e+02
2.939999961853027344e+02 4.483081054687500000e+02 1.282583332061767578e+02
2.950000000000000000e+02 4.476393508911132812e+02 1.286579799652099609e+02
2.950441360473632812e+02 4.481912612915039062e+02 1.279665088653564453e+02
2.950000000000000000e+02 4.471791839599609375e+02 1.291579818725585938e+02
2.955621147155761719e+02 4.475294876098632812e+02 1.285330581665039062e+02
2.959134864807128906e+02 4.469593811035156250e+02 1.289553260803222656e+02
2.955982017517089844e+02 4.465504455566406250e+02 1.295504570007324219e+02
2.969999885559082031e+02 4.466556167602539062e+02 1.286627388000488281e+02
2.962648773193359375e+02 4.463740158081054688e+02 1.293776035308837891e+02
2.962287712097167969e+02 4.473682785034179688e+02 1.283502674102783203e+02
2.970721054077148438e+02 4.472087097167968750e+02 1.280101585388183594e+02
2.959032440185546875e+02 4.459486007690429688e+02 1.299541378021240234e+02
2.970957565307617188e+02 4.460243988037109375e+02 1.292275810241699219e+02
2.968262481689453125e+02 4.457073593139648438e+02 1.296911430358886719e+02
2.979054450988769531e+02 4.459692001342773438e+02 1.287678623199462891e+02
2.974929237365722656e+02 4.454952239990234375e+02 1.294956398010253906e+02
2.971204566955566406e+02 4.450804138183593750e+02 1.300714397430419922e+02
2.979999923706054688e+02 4.453130722045898438e+02 1.293302917480468750e+02
2.979999923706054688e+02 4.448130798339843750e+02 1.297715854644775391e+02
2.989592742919921875e+02 4.449658584594726562e+02 1.289700984954833984e+02
2.992734909057617188e+02 4.442910766601562500e+02 1.293287754058837891e+02
2.993117332458496094e+02 4.453427886962890625e+02 1.283495807647705078e+02
2.986068153381347656e+02 4.445888900756835938e+02 1.295770454406738281e+02
2.986450576782226562e+02 4.456153106689453125e+02 1.286114120483398438e+02
2.996995162963867188e+02 4.446761322021484375e+02 1.286621093750000000e+02
2.999958801269531250e+02 4.439960861206054688e+02 1.289968681335449219e+02
3.000411224365234375e+02 4.450361251831054688e+02 1.280347442626953125e+02
3.003661727905273438e+02 4.443677520751953125e+02 1.283865833282470703e+02
3.010438156127929688e+02 4.440482711791992188e+02 1.280412197113037109e+02
3.013513565063476562e+02 4.433306884765625000e+02 1.283625316619873047e+02
3.006847000122070312e+02 4.437010955810546875e+02 1.286649513244628906e+02
3.009748840332031250e+02 4.429722595214843750e+02 1.289793968200683594e+02
3.002922248840332031e+02 4.432804870605468750e+02 1.293316268920898438e+02
3.005983924865722656e+02 4.426138305664062500e+02 1.295822238922119141e+02
3.009590339660644531e+02 4.419099426269531250e+02 1.297294712066650391e+02
2.999753379821777344e+02 4.429682922363281250e+02 1.298048782348632812e+02
3.000656509399414062e+02 4.420971298217773438e+02 1.303213787078857422e+02
2.996255683898925781e+02 4.436244201660156250e+02 1.295956039428710938e+02
2.990973854064941406e+02 4.430969238281250000e+02 1.303533935546875000e+02
2.984943008422851562e+02 4.434949111938476562e+02 1.304964065551757812e+02
2.994956398010253906e+02 4.424952316284179688e+02 1.304969787597656250e+02
2.988289833068847656e+02 4.428282165527343750e+02 1.307213973999023438e+02
2.989640808105468750e+02 4.439746475219726562e+02 1.298014354705810547e+02
2.980965805053710938e+02 4.440625762939453125e+02 1.303151130676269531e+02
2.978276443481445312e+02 4.437709808349609375e+02 1.307004261016845703e+02
2.974146652221679688e+02 4.444376754760742188e+02 1.304517269134521484e+02
2.969937705993652344e+02 4.439951705932617188e+02 1.310008144378662109e+02
2.972395324707031250e+02 4.432967376708984375e+02 1.313670921325683594e+02
2.959999847412109375e+02 4.442387771606445312e+02 1.313152122497558594e+02
2.965728759765625000e+02 4.435527038574218750e+02 1.315364456176757812e+02
2.967479896545410156e+02 4.446656417846679688e+02 1.306345367431640625e+02
2.959249687194824219e+02 4.449993896484375000e+02 1.307641220092773438e+02
2.962082862854003906e+02 4.453322982788085938e+02 1.303578090667724609e+02
2.950250053405761719e+02 4.449614715576171875e+02 1.311742877960205078e+02
2.955416107177734375e+02 4.455231475830078125e+02 1.305199146270751953e+02
2.950000000000000000e+02 4.456487655639648438e+02 1.306285572052001953e+02
2.939999961853027344e+02 4.458478164672851562e+02 1.308017730712890625e+02
2.950000000000000000e+02 4.461487579345703125e+02 1.301791763305664062e+02
2.939999961853027344e+02 4.463478088378906250e+02 1.303606414794921875e+02
2.950000000000000000e+02 4.466791534423828125e+02 1.296791839599609375e+02
2.939999961853027344e+02 4.468606185913085938e+02 1.298606395721435547e+02
2.930128097534179688e+02 4.470056533813476562e+02 1.300045394897460938e+02
2.926815795898437500e+02 4.465522003173828125e+02 1.305490112304687500e+02
2.919999885559082031e+02 4.471203613281250000e+02 1.301169395446777344e+02
2.933482551574707031e+02 4.464551925659179688e+02 1.304590702056884766e+02
2.929332542419433594e+02 4.459804916381835938e+02 1.309832763671875000e+02
2.925182723999023438e+02 4.455057907104492188e+02 1.315048503875732422e+02
2.919999885559082031e+02 4.460558700561523438e+02 1.311130905151367188e+02
2.931849288940429688e+02 4.453948211669921875e+02 1.314175319671630859e+02
2.929109573364257812e+02 4.450368881225585938e+02 1.317593193054199219e+02
2.939999961853027344e+02 4.452479934692382812e+02 1.313017654418945312e+02
2.939999961853027344e+02 4.447480010986328125e+02 1.316883468627929688e+02
2.947083663940429688e+02 4.446024703979492188e+02 1.315785312652587891e+02
2.940337753295898438e+02 4.439565277099609375e+02 1.322320652008056641e+02
2.943896293640136719e+02 4.434482192993164062e+02 1.324689865112304688e+02
2.929999923706054688e+02 4.442339706420898438e+02 1.323205089569091797e+02
2.937229728698730469e+02 4.435942459106445312e+02 1.325623416900634766e+02
2.950250053405761719e+02 4.440594100952148438e+02 1.318370246887207031e+02
2.950000000000000000e+02 4.432702255249023438e+02 1.323623847961425781e+02
2.953750228881835938e+02 4.444323348999023438e+02 1.314524078369140625e+02
2.959999847412109375e+02 4.437387847900390625e+02 1.316629695892333984e+02
2.959664344787597656e+02 4.429472732543945312e+02 1.321738529205322266e+02
2.956107521057128906e+02 4.425787734985351562e+02 1.325465679168701172e+02
2.969437217712402344e+02 4.429780578613281250e+02 1.317148971557617188e+02
2.962774085998535156e+02 4.423264312744140625e+02 1.324057960510253906e+02
2.959664344787597656e+02 4.419958496093750000e+02 1.327099990844726562e+02
2.970127487182617188e+02 4.419958496093750000e+02 1.322527980804443359e+02
2.973546028137207031e+02 4.413545989990234375e+02 1.324329376220703125e+02
2.966879272460937500e+02 4.416597747802734375e+02 1.325852584838867188e+02
2.979857254028320312e+02 4.419857406616210938e+02 1.317588710784912109e+02
2.979958534240722656e+02 4.410127639770507812e+02 1.322527980804443359e+02
2.983095550537109375e+02 4.423095703125000000e+02 1.313880634307861328e+02
2.976428985595703125e+02 4.426300811767578125e+02 1.315825939178466797e+02
2.986300849914550781e+02 4.416428756713867188e+02 1.315825939178466797e+02
2.989780426025390625e+02 4.409437179565429688e+02 1.317148971557617188e+02
2.990628623962402344e+02 4.420690536499023438e+02 1.310448837280273438e+02
2.992967414855957031e+02 4.412395477294921875e+02 1.313683700561523438e+02
2.997760963439941406e+02 4.418285369873046875e+02 1.307017040252685547e+02
2.999977302551269531e+02 4.409965133666992188e+02 1.310014533996582031e+02
3.004427528381347656e+02 4.414201354980468750e+02 1.304564380645751953e+02
2.995527076721191406e+02 4.405728530883789062e+02 1.315364456176757812e+02
3.006656265258789062e+02 4.407534790039062500e+02 1.306345367431640625e+02
3.002382850646972656e+02 4.400000000000000000e+02 1.313152122497558594e+02
3.004316520690917969e+02 4.393750381469726562e+02 1.314524078369140625e+02
2.997382736206054688e+02 4.400000000000000000e+02 1.316609668731689453e+02
3.009993743896484375e+02 4.399249649047851562e+02 1.307641220092773438e+02
3.009614944458007812e+02 4.390250015258789062e+02 1.311742877960205078e+02
3.013323020935058594e+02 4.402082824707031250e+02 1.303595256805419922e+02
3.015233421325683594e+02 4.395416259765625000e+02 1.305199146270751953e+02
3.016503906250000000e+02 4.389999771118164062e+02 1.306285572052001953e+02
3.019514083862304688e+02 4.399105072021484375e+02 1.299586582183837891e+02
3.021503829956054688e+02 4.389999771118164062e+02 1.301886749267578125e+02
3.023521804809570312e+02 4.379999923706054688e+02 1.303677845001220703e+02
3.026928138732910156e+02 4.389999771118164062e+02 1.296886730194091797e+02
3.028732109069824219e+02 4.379999923706054688e+02 1.298677825927734375e+02
3.030106163024902344e+02 4.370332336425781250e+02 1.300107288360595703e+02
3.033732223510742188e+02 4.379999923706054688e+02 1.293673419952392578e+02
3.038332366943359375e+02 4.379999923706054688e+02 1.288673496246337891e+02
3.034663772583007812e+02 4.373733520507812500e+02 1.294645023345947266e+02
3.039956283569335938e+02 4.369718170166015625e+02 1.289921855926513672e+02
3.035546875000000000e+02 4.367066955566406250e+02 1.295582008361816406e+02
3.045170211791992188e+02 4.365702819824218750e+02 1.285198593139648438e+02
3.044365692138671875e+02 4.372369384765625000e+02 1.284251689910888672e+02
3.041192626953125000e+02 4.359999847412109375e+02 1.290733242034912109e+02
3.041792678833007812e+02 4.350000000000000000e+02 1.291417503356933594e+02
3.036192703247070312e+02 4.359999847412109375e+02 1.296263504028320312e+02
3.045628738403320312e+02 4.359999847412109375e+02 1.285733222961425781e+02
3.051238250732421875e+02 4.359200668334960938e+02 1.279037189483642578e+02
3.046208953857421875e+02 4.350000000000000000e+02 1.286417579650878906e+02
3.051208877563476562e+02 4.350000000000000000e+02 1.280316066741943359e+02
3.046450233459472656e+02 4.339999771118164062e+02 1.286708450317382812e+02
3.051450157165527344e+02 4.339999771118164062e+02 1.280564117431640625e+02
3.042054557800292969e+02 4.339999771118164062e+02 1.291708469390869141e+02
3.046236801147460938e+02 4.329999923706054688e+02 1.286456298828125000e+02
3.041826629638671875e+02 4.329999923706054688e+02 1.291456317901611328e+02
3.051970100402832031e+02 4.329189300537109375e+02 1.279235649108886719e+02
3.045627021789550781e+02 4.320000076293945312e+02 1.285737133026123047e+02
3.045176696777343750e+02 4.314118957519531250e+02 1.285207939147949219e+02
3.050218963623046875e+02 4.320000076293945312e+02 1.280000019073486328e+02
3.041188049316406250e+02 4.320000076293945312e+02 1.290737152099609375e+02
3.040026473999023438e+02 4.309988021850585938e+02 1.290006446838378906e+02
3.036188125610351562e+02 4.320000076293945312e+02 1.296250343322753906e+02
3.035540962219238281e+02 4.312524032592773438e+02 1.295568180084228516e+02
3.031168174743652344e+02 4.320000076293945312e+02 1.301250267028808594e+02
3.036826515197753906e+02 4.329999923706054688e+02 1.296930122375488281e+02
3.037054443359375000e+02 4.339999771118164062e+02 1.297181701660156250e+02
3.031860351562500000e+02 4.329999923706054688e+02 1.301930141448974609e+02
3.026860427856445312e+02 4.329999923706054688e+02 1.306673240661621094e+02
3.032120895385742188e+02 4.339999771118164062e+02 1.302181720733642578e+02
3.027120780944824219e+02 4.339999771118164062e+02 1.306899261474609375e+02
3.031846046447753906e+02 4.350000000000000000e+02 1.301902675628662109e+02
3.026846122741699219e+02 4.350000000000000000e+02 1.306663322448730469e+02
3.031208419799804688e+02 4.359999847412109375e+02 1.301263427734375000e+02
3.036792755126953125e+02 4.350000000000000000e+02 1.296902656555175781e+02
3.026208496093750000e+02 4.359999847412109375e+02 1.306097030639648438e+02
3.020414733886718750e+02 4.359999847412109375e+02 1.311097049713134766e+02
3.025548744201660156e+02 4.366930770874023438e+02 1.305500793457031250e+02
3.019798088073730469e+02 4.369307708740234375e+02 1.309838104248046875e+02
3.013948440551757812e+02 4.371684646606445312e+02 1.314175319671630859e+02
3.024590682983398438e+02 4.373597717285156250e+02 1.304632568359375000e+02
3.015005302429199219e+02 4.365018081665039062e+02 1.315004539489746094e+02
3.018521881103515625e+02 4.379999923706054688e+02 1.308017730712890625e+02
3.012479972839355469e+02 4.379999923706054688e+02 1.313017654418945312e+02
3.007480049133300781e+02 4.379999923706054688e+02 1.316883468627929688e+02
3.006024932861328125e+02 4.387083435058593750e+02 1.315785312652587891e+02
2.999532318115234375e+02 4.380242538452148438e+02 1.322296619415283203e+02
3.010368919372558594e+02 4.369010925292968750e+02 1.317532253265380859e+02
3.002207756042480469e+02 4.370000076293945312e+02 1.323161888122558594e+02
3.009999847412109375e+02 4.359999847412109375e+02 1.319394397735595703e+02
3.009999847412109375e+02 4.350000000000000000e+02 1.320434761047363281e+02
3.015414810180664062e+02 4.359999847412109375e+02 1.315344810485839844e+02
3.003565406799316406e+02 4.359999847412109375e+02 1.324049568176269531e+02
3.004309272766113281e+02 4.350000000000000000e+02 1.324538993835449219e+02
2.998565292358398438e+02 4.359999847412109375e+02 1.327304649353027344e+02
2.989314651489257812e+02 4.360322189331054688e+02 1.332753181457519531e+02
2.997207832336425781e+02 4.370000076293945312e+02 1.326422214508056641e+02
2.999309349060058594e+02 4.350000000000000000e+02 1.327801418304443359e+02
2.999552154541015625e+02 4.339999771118164062e+02 1.327976322174072266e+02
2.991122245788574219e+02 4.350000000000000000e+02 1.332801437377929688e+02
2.991460227966308594e+02 4.339999771118164062e+02 1.332976341247558594e+02
2.986122131347656250e+02 4.350000000000000000e+02 1.335633563995361328e+02
2.979999923706054688e+02 4.350000000000000000e+02 1.338584327697753906e+02
2.986460304260253906e+02 4.339999771118164062e+02 1.335829067230224609e+02
2.985524368286132812e+02 4.357203674316406250e+02 1.335294342041015625e+02
2.980812263488769531e+02 4.360322189331054688e+02 1.337139892578125000e+02
2.984687042236328125e+02 4.363870239257812500e+02 1.334849166870117188e+02
2.978431510925292969e+02 4.370000076293945312e+02 1.336630821228027344e+02
2.969999885559082031e+02 4.359999847412109375e+02 1.341900539398193359e+02
2.969130325317382812e+02 4.349717330932617188e+02 1.343267250061035156e+02
2.963514137268066406e+02 4.359999847412109375e+02 1.344446563720703125e+02
2.969999885559082031e+02 4.370000076293945312e+02 1.340267848968505859e+02
2.960059165954589844e+02 4.370964813232421875e+02 1.343902587890625000e+02
2.970870590209960938e+02 4.380784988403320312e+02 1.337489509582519531e+02
2.974784469604492188e+02 4.384642028808593750e+02 1.334908390045166016e+02
2.959999847412109375e+02 4.379999923706054688e+02 1.341922473907470703e+02
2.967733764648437500e+02 4.389999771118164062e+02 1.336143302917480469e+02
2.976554679870605469e+02 4.377975082397460938e+02 1.335752964019775391e+02
2.979932785034179688e+02 4.380784988403320312e+02 1.333370018005371094e+02
2.983431434631347656e+02 4.370000076293945312e+02 1.334232521057128906e+02
2.979999923706054688e+02 4.389999771118164062e+02 1.330529785156250000e+02
2.990645027160644531e+02 4.380242538452148438e+02 1.327768135070800781e+02
2.989999961853027344e+02 4.370000076293945312e+02 1.330654716491699219e+02
2.994408607482910156e+02 4.383737945556640625e+02 1.324649715423583984e+02
2.987598037719726562e+02 4.389999771118164062e+02 1.326503181457519531e+02
2.995887374877929688e+02 4.377070999145507812e+02 1.325572013854980469e+02
2.992597961425781250e+02 4.389999771118164062e+02 1.323573684692382812e+02
2.985722160339355469e+02 4.396039962768554688e+02 1.325423526763916016e+02
2.979958534240722656e+02 4.399623870849609375e+02 1.327041912078857422e+02
2.989433288574218750e+02 4.399623870849609375e+02 1.321722507476806641e+02
2.983264350891113281e+02 4.402706909179687500e+02 1.324057960510253906e+02
2.976597785949707031e+02 4.406879425048828125e+02 1.325852584838867188e+02
2.969316291809082031e+02 4.399363327026367188e+02 1.332174396514892578e+02
2.972733688354492188e+02 4.389999771118164062e+02 1.334026622772216797e+02
2.962401008605957031e+02 4.402272415161132812e+02 1.333977603912353516e+02
2.965527153015136719e+02 4.395605850219726562e+02 1.335226726531982422e+02
2.970127487182617188e+02 4.410127639770507812e+02 1.327409648895263672e+02
2.959440612792968750e+02 4.409401321411132812e+02 1.332207107543945312e+02
2.955734252929687500e+02 4.405669021606445312e+02 1.335288810729980469e+02
2.950000000000000000e+02 4.412980270385742188e+02 1.334126853942871094e+02
2.950000000000000000e+02 4.407980346679687500e+02 1.336276721954345703e+02
2.950000000000000000e+02 4.420000076293945312e+02 1.330706977844238281e+02
2.944952201843261719e+02 4.414971542358398438e+02 1.334987545013427734e+02
2.940971374511718750e+02 4.410982894897460938e+02 1.337705039978027344e+02
2.940971374511718750e+02 4.420039367675781250e+02 1.333499336242675781e+02
2.929999923706054688e+02 4.423792266845703125e+02 1.334399223327636719e+02
2.938285636901855469e+02 4.416732406616210938e+02 1.335848999023437500e+02
2.940337753295898438e+02 4.430689239501953125e+02 1.327880859375000000e+02
2.929999923706054688e+02 4.429999923706054688e+02 1.330950164794921875e+02
2.950000000000000000e+02 4.427702331542968750e+02 1.326580142974853516e+02
2.929999923706054688e+02 4.437339782714843750e+02 1.326550960540771484e+02
2.920981788635253906e+02 4.429539489746093750e+02 1.333034420013427734e+02
2.924969482421875000e+02 4.424990463256835938e+02 1.334995365142822266e+02
2.918302917480468750e+02 4.425899124145507812e+02 1.335505008697509766e+02
2.909999847412109375e+02 4.431782150268554688e+02 1.333172893524169922e+02
2.919999885559082031e+02 4.438831710815429688e+02 1.327546501159667969e+02
2.919999885559082031e+02 4.443831634521484375e+02 1.324204158782958984e+02
2.909400177001953125e+02 4.440758895874023438e+02 1.327579593658447266e+02
2.900000000000000000e+02 4.439999771118164062e+02 1.328848552703857422e+02
2.912333679199218750e+02 4.444598388671875000e+02 1.324724674224853516e+02
2.905666923522949219e+02 4.445096969604492188e+02 1.325068855285644531e+02
2.909400177001953125e+02 4.449058151245117188e+02 1.321759796142578125e+02
2.900000000000000000e+02 4.445365142822265625e+02 1.325260066986083984e+02
2.900000000000000000e+02 4.450365066528320312e+02 1.321600055694580078e+02
2.889999961853027344e+02 4.445649337768554688e+02 1.325462818145751953e+02
2.889999961853027344e+02 4.439999771118164062e+02 1.329259395599365234e+02
2.889999961853027344e+02 4.450649261474609375e+02 1.321800804138183594e+02
2.879999923706054688e+02 4.445625305175781250e+02 1.325445175170898438e+02
2.872056961059570312e+02 4.445357894897460938e+02 1.325254440307617188e+02
2.879999923706054688e+02 4.439999771118164062e+02 1.329197502136230469e+02
2.879999923706054688e+02 4.450625228881835938e+02 1.321776294708251953e+02
2.879999923706054688e+02 4.457064437866210938e+02 1.316776275634765625e+02
2.869234085083007812e+02 4.449214553833007812e+02 1.322148609161376953e+02
2.859999847412109375e+02 4.450000000000000000e+02 1.320389842987060547e+02
2.865390396118164062e+02 4.444950103759765625e+02 1.324966049194335938e+02
2.869999885559082031e+02 4.456694030761718750e+02 1.316461277008056641e+02
2.869999885559082031e+02 4.461693954467773438e+02 1.312033271789550781e+02
2.859999847412109375e+02 4.455956268310546875e+02 1.315824413299560547e+02
2.859999847412109375e+02 4.460956192016601562e+02 1.311357021331787109e+02
2.853791046142578125e+02 4.455337524414062500e+02 1.315289402008056641e+02
2.850274658203125000e+02 4.450621032714843750e+02 1.318095397949218750e+02
2.849891662597656250e+02 4.460029602050781250e+02 1.310058689117431641e+02
2.847124481201171875e+02 4.454368591308593750e+02 1.314486503601074219e+02
2.845992279052734375e+02 4.464722061157226562e+02 1.304725933074951172e+02
2.852659034729003906e+02 4.465657424926757812e+02 1.305630874633789062e+02
2.839999961853027344e+02 4.458715057373046875e+02 1.308444309234619141e+02
2.829999923706054688e+02 4.456744384765625000e+02 1.306633663177490234e+02
2.839999961853027344e+02 4.453112411499023438e+02 1.313444328308105469e+02
2.839999961853027344e+02 4.463714981079101562e+02 1.303713798522949219e+02
2.839999961853027344e+02 4.468483352661132812e+02 1.298713779449462891e+02
2.829999923706054688e+02 4.461744308471679688e+02 1.301670074462890625e+02
2.820987510681152344e+02 4.459487152099609375e+02 1.299474716186523438e+02
2.829999923706054688e+02 4.466550827026367188e+02 1.296670055389404297e+02
2.829439926147460938e+02 4.472050857543945312e+02 1.289850807189941406e+02
2.824418258666992188e+02 4.465305709838867188e+02 1.295334339141845703e+02
2.820651054382324219e+02 4.467814254760742188e+02 1.289995384216308594e+02
2.812695693969726562e+02 4.466367721557617188e+02 1.286658954620361328e+02
2.819999885559082031e+02 4.473288345336914062e+02 1.282613372802734375e+02
2.817751693725585938e+02 4.463546371459960938e+02 1.293325710296630859e+02
2.808987808227539062e+02 4.460625839233398438e+02 1.290731906890869141e+02
2.806028938293457031e+02 4.464371871948242188e+02 1.284190177917480469e+02
2.811946678161621094e+02 4.456879425048828125e+02 1.296948337554931641e+02
2.800000000000000000e+02 4.457419586181640625e+02 1.287803840637207031e+02
2.805279922485351562e+02 4.454818725585937500e+02 1.294804763793945312e+02
2.800000000000000000e+02 4.452974700927734375e+02 1.292803859710693359e+02
2.808730125427246094e+02 4.450842285156250000e+02 1.300818061828613281e+02
2.812180519104003906e+02 4.446866226196289062e+02 1.306630897521972656e+02
2.817556762695312500e+02 4.453532791137695312e+02 1.303614997863769531e+02
2.805513763427734375e+02 4.444636535644531250e+02 1.304687786102294922e+02
2.800000000000000000e+02 4.447974777221679688e+02 1.297860527038574219e+02
2.793989753723144531e+02 4.445814132690429688e+02 1.295792865753173828e+02
2.800000000000000000e+02 4.442546463012695312e+02 1.302860546112060547e+02
2.800000000000000000e+02 4.437546539306640625e+02 1.307066631317138672e+02
2.790913581848144531e+02 4.439216613769531250e+02 1.299340152740478516e+02
2.787837409973144531e+02 4.432400512695312500e+02 1.302887344360351562e+02
2.783539581298828125e+02 4.436341476440429688e+02 1.296220684051513672e+02
2.787323188781738281e+02 4.443008422851562500e+02 1.293025970458984375e+02
2.794503974914550781e+02 4.435425186157226562e+02 1.305354022979736328e+02
2.790702438354492188e+02 4.429440307617187500e+02 1.307264518737792969e+02
2.789397239685058594e+02 4.420563507080078125e+02 1.312790966033935547e+02
2.784279060363769531e+02 4.425733947753906250e+02 1.305574512481689453e+02
2.799489784240722656e+02 4.430231857299804688e+02 1.312360763549804688e+02
2.802483177185058594e+02 4.427053070068359375e+02 1.316443061828613281e+02
2.806725883483886719e+02 4.433719635009765625e+02 1.314068222045898438e+02
2.795816421508789062e+02 4.424272537231445312e+02 1.314512348175048828e+02
2.800281524658203125e+02 4.419748306274414062e+02 1.319894313812255859e+02
2.792328834533691406e+02 4.417605972290039062e+02 1.316678810119628906e+02
2.798079872131347656e+02 4.411968612670898438e+02 1.323345470428466797e+02
2.804746627807617188e+02 4.415223693847656250e+02 1.325133800506591797e+02
2.809999847412109375e+02 4.422317123413085938e+02 1.323374652862548828e+02
2.809999847412109375e+02 4.417317199707031250e+02 1.326333427429199219e+02
2.810035514831542969e+02 4.430231857299804688e+02 1.318204593658447266e+02
2.815676116943359375e+02 4.424532318115234375e+02 1.324723148345947266e+02
2.819405555725097656e+02 4.420719528198242188e+02 1.328334903717041016e+02
2.819405555725097656e+02 4.430017471313476562e+02 1.322708320617675781e+02
2.822342872619628906e+02 4.426695632934570312e+02 1.326062107086181641e+02
2.819999885559082031e+02 4.438230133056640625e+02 1.317343044281005859e+02
2.828049468994140625e+02 4.433362579345703125e+02 1.323949241638183594e+02
2.830829620361328125e+02 4.430017471313476562e+02 1.326967811584472656e+02
2.830014991760253906e+02 4.439991760253906250e+02 1.320040225982666016e+02
2.825313758850097656e+02 4.444839477539062500e+02 1.314878845214843750e+02
2.834716033935546875e+02 4.435144424438476562e+02 1.325097846984863281e+02
2.831980514526367188e+02 4.446447753906250000e+02 1.316131210327148438e+02
2.839999961853027344e+02 4.441244506835937500e+02 1.322409534454345703e+02
2.839999961853027344e+02 4.436244583129882812e+02 1.325835132598876953e+02
2.839999961853027344e+02 4.448112487792968750e+02 1.317409515380859375e+02
2.850000000000000000e+02 4.443032073974609375e+02 1.323652076721191406e+02
2.850000000000000000e+02 4.438032150268554688e+02 1.327006721496582031e+02
2.859999847412109375e+02 4.444358825683593750e+02 1.324565505981445312e+02
2.859999847412109375e+02 4.439358520507812500e+02 1.327871036529541016e+02
2.869234085083007812e+02 4.440970230102539062e+02 1.327921104431152344e+02
2.859999847412109375e+02 4.431259536743164062e+02 1.332871055603027344e+02
2.850255966186523438e+02 4.429236221313476562e+02 1.332378864288330078e+02
2.859999847412109375e+02 4.426259231567382812e+02 1.335707664489746094e+02
2.869999885559082031e+02 4.432275390625000000e+02 1.333460521697998047e+02
2.869999885559082031e+02 4.427275466918945312e+02 1.336261367797851562e+02
2.879999923706054688e+02 4.432773971557617188e+02 1.333752346038818359e+02
2.879999923706054688e+02 4.427774047851562500e+02 1.336524391174316406e+02
2.889999961853027344e+02 4.432862091064453125e+02 1.333796596527099609e+02
2.889999961853027344e+02 4.427862167358398438e+02 1.336577892303466797e+02
2.900000000000000000e+02 4.432507324218750000e+02 1.333588504791259766e+02
2.900000000000000000e+02 4.427507400512695312e+02 1.336393833160400391e+02
2.900000000000000000e+02 4.420000076293945312e+02 1.339987373352050781e+02
2.909999847412109375e+02 4.426782226562500000e+02 1.335998058319091797e+02
2.909999847412109375e+02 4.420000076293945312e+02 1.339266681671142578e+02
2.909999847412109375e+02 4.410826873779296875e+02 1.343268680572509766e+02
2.920981788635253906e+02 4.420994186401367188e+02 1.337472629547119141e+02
2.919384956359863281e+02 4.409131622314453125e+02 1.342940616607666016e+02
2.929999923706054688e+02 4.418792343139648438e+02 1.336816120147705078e+02
2.929999923706054688e+02 4.409999847412109375e+02 1.340714168548583984e+02
2.929999923706054688e+02 4.401959228515625000e+02 1.343898105621337891e+02
2.922308158874511719e+02 4.403959655761718750e+02 1.344618225097656250e+02
2.929999923706054688e+02 4.396958923339843750e+02 1.345712947845458984e+02
2.939267539978027344e+02 4.399191284179687500e+02 1.342749023437500000e+02
2.942112541198730469e+02 4.392513275146484375e+02 1.344255638122558594e+02
2.935445785522460938e+02 4.395318984985351562e+02 1.345115947723388672e+02
2.950000000000000000e+02 4.400000000000000000e+02 1.339334487915039062e+02
2.949470520019531250e+02 4.389507675170898438e+02 1.342953586578369141e+02
2.959440612792968750e+02 4.399363327026367188e+02 1.336202144622802734e+02
2.959999847412109375e+02 4.389999771118164062e+02 1.339143466949462891e+02
2.953060913085937500e+02 4.379999923706054688e+02 1.344375324249267578e+02
2.945784187316894531e+02 4.385846328735351562e+02 1.345253849029541016e+02
2.939267539978027344e+02 4.389507675170898438e+02 1.345886898040771484e+02
2.948060989379882812e+02 4.379999923706054688e+02 1.345985317230224609e+02
2.939999961853027344e+02 4.379999923706054688e+02 1.348274326324462891e+02
2.950978279113769531e+02 4.370964813232421875e+02 1.347036266326904297e+02
2.950000000000000000e+02 4.359999847412109375e+02 1.349135684967041016e+02
2.954963684082031250e+02 4.374941253662109375e+02 1.344988250732421875e+02
2.956765174865722656e+02 4.368274688720703125e+02 1.345653629302978516e+02
2.939999961853027344e+02 4.370000076293945312e+02 1.350438213348388672e+02
2.929999923706054688e+02 4.370000076293945312e+02 1.352807426452636719e+02
2.939999961853027344e+02 4.359999847412109375e+02 1.352005195617675781e+02
2.939999961853027344e+02 4.350000000000000000e+02 1.353049945831298828e+02
2.930015754699707031e+02 4.360611724853515625e+02 1.354288482666015625e+02
2.924456214904785156e+02 4.364352798461914062e+02 1.354916286468505859e+02
2.933604431152343750e+02 4.350000000000000000e+02 1.354714393615722656e+02
2.926692771911621094e+02 4.357685852050781250e+02 1.355347061157226562e+02
2.920673751831054688e+02 4.360611724853515625e+02 1.355984401702880859e+02
2.928604507446289062e+02 4.350000000000000000e+02 1.355732440948486328e+02
2.919999885559082031e+02 4.350000000000000000e+02 1.357252883911132812e+02
2.929712867736816406e+02 4.339999771118164062e+02 1.355944252014160156e+02
2.934712982177734375e+02 4.339999771118164062e+02 1.354942035675048828e+02
2.928759956359863281e+02 4.329999923706054688e+02 1.355732440948486328e+02
2.919999885559082031e+02 4.339999771118164062e+02 1.357687377929687500e+02
2.909999847412109375e+02 4.339999771118164062e+02 1.359123516082763672e+02
2.919999885559082031e+02 4.329999923706054688e+02 1.357252883911132812e+02
2.909999847412109375e+02 4.329999923706054688e+02 1.358652877807617188e+02
2.920673751831054688e+02 4.319388198852539062e+02 1.355984401702880859e+02
2.924456214904785156e+02 4.315647125244140625e+02 1.354916286468505859e+02
2.909999847412109375e+02 4.320000076293945312e+02 1.357515335083007812e+02
2.926842498779296875e+02 4.322313690185546875e+02 1.355347061157226562e+02
2.917789459228515625e+02 4.312630081176757812e+02 1.355428409576416016e+02
2.920673751831054688e+02 4.309577941894531250e+02 1.354434776306152344e+02
2.910079765319824219e+02 4.309577941894531250e+02 1.355862522125244141e+02
2.906799697875976562e+02 4.304065704345703125e+02 1.355205249786376953e+02
2.913466262817382812e+02 4.305963516235351562e+02 1.354825592041015625e+02
2.900000000000000000e+02 4.309999847412109375e+02 1.356831073760986328e+02
2.900000000000000000e+02 4.302807998657226562e+02 1.355477428436279297e+02
2.889999961853027344e+02 4.309999847412109375e+02 1.357148456573486328e+02
2.900000000000000000e+02 4.320000076293945312e+02 1.358399200439453125e+02
2.889999961853027344e+02 4.320000076293945312e+02 1.358708190917968750e+02
2.900000000000000000e+02 4.329999923706054688e+02 1.359597110748291016e+02
2.889999961853027344e+02 4.329999923706054688e+02 1.359929466247558594e+02
2.900000000000000000e+02 4.339999771118164062e+02 1.360103321075439453e+02
2.900000000000000000e+02 4.350000000000000000e+02 1.359597110748291016e+02
2.889999961853027344e+02 4.339999771118164062e+02 1.360445690155029297e+02
2.879999923706054688e+02 4.339999771118164062e+02 1.360256671905517578e+02
2.889999961853027344e+02 4.350000000000000000e+02 1.359929466247558594e+02
2.889999961853027344e+02 4.359999847412109375e+02 1.358708190917968750e+02
2.879999923706054688e+02 4.350000000000000000e+02 1.359744739532470703e+02
2.869999885559082031e+02 4.350000000000000000e+02 1.359005165100097656e+02
2.879999923706054688e+02 4.359999847412109375e+02 1.358513355255126953e+02
2.869999885559082031e+02 4.359999847412109375e+02 1.357812118530273438e+02
2.879999923706054688e+02 4.370000076293945312e+02 1.356910991668701172e+02
2.879999923706054688e+02 4.376824951171875000e+02 1.355514049530029297e+02
2.889999961853027344e+02 4.370000076293945312e+02 1.357148456573486328e+02
2.869390296936035156e+02 4.370796585083007812e+02 1.355993938446044922e+02
2.859999847412109375e+02 4.367692184448242188e+02 1.355485343933105469e+02
2.865650558471679688e+02 4.374660873413085938e+02 1.354938507080078125e+02
2.872317123413085938e+02 4.375901412963867188e+02 1.355254173278808594e+02
2.869390296936035156e+02 4.379541015625000000e+02 1.353985500335693359e+02
2.869999885559082031e+02 4.389999771118164062e+02 1.351076602935791016e+02
2.879999923706054688e+02 4.381824874877929688e+02 1.354104804992675781e+02
2.859999847412109375e+02 4.379999923706054688e+02 1.352878761291503906e+02
2.850000000000000000e+02 4.379999923706054688e+02 1.351503372192382812e+02
2.859999847412109375e+02 4.372692108154296875e+02 1.354590225219726562e+02
2.859999847412109375e+02 4.389999771118164062e+02 1.350123596191406250e+02
2.850000000000000000e+02 4.389999771118164062e+02 1.348792934417724609e+02
2.860009574890136719e+02 4.400669860839843750e+02 1.346589756011962891e+02
2.856682777404785156e+02 4.404449844360351562e+02 1.344793033599853516e+02
2.869999885559082031e+02 4.400000000000000000e+02 1.347755050659179688e+02
2.863349342346191406e+02 4.405504608154296875e+02 1.345203018188476562e+02
2.850000000000000000e+02 4.398168945312500000e+02 1.346172332763671875e+02
2.842513656616210938e+02 4.396441650390625000e+02 1.345531463623046875e+02
2.850000000000000000e+02 4.403168869018554688e+02 1.344319152832031250e+02
2.839508247375488281e+02 4.399864959716796875e+02 1.343627357482910156e+02
2.850000000000000000e+02 4.409999847412109375e+02 1.341589641571044922e+02
2.850255966186523438e+02 4.420543670654296875e+02 1.336950206756591797e+02
2.860009574890136719e+02 4.409302520751953125e+02 1.343264293670654297e+02
2.839999961853027344e+02 4.409999847412109375e+02 1.339729404449462891e+02
2.839999961853027344e+02 4.417658996582031250e+02 1.336308765411376953e+02
2.829981803894042969e+02 4.410378646850585938e+02 1.337082290649414062e+02
2.829999923706054688e+02 4.400000000000000000e+02 1.341316032409667969e+02
2.826636505126953125e+02 4.413964462280273438e+02 1.334518814086914062e+02
2.833303070068359375e+02 4.415972518920898438e+02 1.335494899749755859e+02
2.821905517578125000e+02 4.407297897338867188e+02 1.336047172546386719e+02
2.819143295288085938e+02 4.400876617431640625e+02 1.337738132476806641e+02
2.819143295288085938e+02 4.410378646850585938e+02 1.333648204803466797e+02
2.815238952636718750e+02 4.404794311523437500e+02 1.334917449951171875e+02
2.809999847412109375e+02 4.409999847412109375e+02 1.330152702331542969e+02
2.800847816467285156e+02 4.409181213378906250e+02 1.326282501220703125e+02
2.809150314331054688e+02 4.400876617431640625e+02 1.333994197845458984e+02
2.800000000000000000e+02 4.400000000000000000e+02 1.330155849456787109e+02
2.805250549316406250e+02 4.394689178466796875e+02 1.334897994995117188e+02
2.811917304992675781e+02 4.398127746582031250e+02 1.336221981048583984e+02
2.809150314331054688e+02 4.390813446044921875e+02 1.337645149230957031e+02
2.802898216247558594e+02 4.388022613525390625e+02 1.335972499847412109e+02
2.809999847412109375e+02 4.379999923706054688e+02 1.341043853759765625e+02
2.819999885559082031e+02 4.389999771118164062e+02 1.341742610931396484e+02
2.829170227050781250e+02 4.390626144409179688e+02 1.344223308563232422e+02
2.819552612304687500e+02 4.380823135375976562e+02 1.344110774993896484e+02
2.815921020507812500e+02 4.373434829711914062e+02 1.344710922241210938e+02
2.822587776184082031e+02 4.378038406372070312e+02 1.345750331878662109e+02
2.825284004211425781e+02 4.384704971313476562e+02 1.344926357269287109e+02
2.829170227050781250e+02 4.380823135375976562e+02 1.346881198883056641e+02
2.829999923706054688e+02 4.370000076293945312e+02 1.349397277832031250e+02
2.831950569152832031e+02 4.387710189819335938e+02 1.345784282684326172e+02
2.839999961853027344e+02 4.379999923706054688e+02 1.349658393859863281e+02
2.839999961853027344e+02 4.370000076293945312e+02 1.351763820648193359e+02
2.839508247375488281e+02 4.390626144409179688e+02 1.346687984466552734e+02
2.835847091674804688e+02 4.394377136230468750e+02 1.344818019866943359e+02
2.839999961853027344e+02 4.359999847412109375e+02 1.353221225738525391e+02
2.850605964660644531e+02 4.369356918334960938e+02 1.353848743438720703e+02
2.847076797485351562e+02 4.359999847412109375e+02 1.354666519165039062e+02
2.854343223571777344e+02 4.365595245361328125e+02 1.355106258392333984e+02
2.852076911926269531e+02 4.359999847412109375e+02 1.355485343933105469e+02
2.849055480957031250e+02 4.350870513916015625e+02 1.355941772460937500e+02
2.859999847412109375e+02 4.359999847412109375e+02 1.356638240814208984e+02
2.859999847412109375e+02 4.350000000000000000e+02 1.357733821868896484e+02
2.859999847412109375e+02 4.339999771118164062e+02 1.358161830902099609e+02
2.859999847412109375e+02 4.329999923706054688e+02 1.357733821868896484e+02
2.869999885559082031e+02 4.339999771118164062e+02 1.359489727020263672e+02
2.850000000000000000e+02 4.339999771118164062e+02 1.356542968750000000e+02
2.849055480957031250e+02 4.329129409790039062e+02 1.355941772460937500e+02
2.843609619140625000e+02 4.339999771118164062e+02 1.355337142944335938e+02
2.844073104858398438e+02 4.331882095336914062e+02 1.355224704742431641e+02
2.838609504699707031e+02 4.339999771118164062e+02 1.354129409790039062e+02
2.844073104858398438e+02 4.348117828369140625e+02 1.355224704742431641e+02
2.840443801879882812e+02 4.350870513916015625e+02 1.354175281524658203e+02
2.829999923706054688e+02 4.350000000000000000e+02 1.351596450805664062e+02
2.845092391967773438e+02 4.354784393310546875e+02 1.354984474182128906e+02
2.829999923706054688e+02 4.359999847412109375e+02 1.350800418853759766e+02
2.819999885559082031e+02 4.350000000000000000e+02 1.348721122741699219e+02
2.829999923706054688e+02 4.339999771118164062e+02 1.351859951019287109e+02
2.819999885559082031e+02 4.339999771118164062e+02 1.348932170867919922e+02
2.829999923706054688e+02 4.329999923706054688e+02 1.351573467254638672e+02
2.819999885559082031e+02 4.329999923706054688e+02 1.348664569854736328e+02
2.829999923706054688e+02 4.320000076293945312e+02 1.350745391845703125e+02
2.840443801879882812e+02 4.329129409790039062e+02 1.354175281524658203e+02
2.839999961853027344e+02 4.320000076293945312e+02 1.353221225738525391e+02
2.845092391967773438e+02 4.325215530395507812e+02 1.354984474182128906e+02
2.847076797485351562e+02 4.320000076293945312e+02 1.354666519165039062e+02
2.850605964660644531e+02 4.310606002807617188e+02 1.353918075561523438e+02
2.852076911926269531e+02 4.320000076293945312e+02 1.355485343933105469e+02
2.859999847412109375e+02 4.320000076293945312e+02 1.356638240814208984e+02
2.854343223571777344e+02 4.314343261718750000e+02 1.355106258392333984e+02
2.859999847412109375e+02 4.312076950073242188e+02 1.355485343933105469e+02
2.859999847412109375e+02 4.307076644897460938e+02 1.354666519165039062e+02
2.869102287292480469e+02 4.309055328369140625e+02 1.356013870239257812e+02
2.871837425231933594e+02 4.303690338134765625e+02 1.355287361145019531e+02
2.865170669555664062e+02 4.305092620849609375e+02 1.354984474182128906e+02
2.869999885559082031e+02 4.320000076293945312e+02 1.357812118530273438e+02
2.879999923706054688e+02 4.309999847412109375e+02 1.356935882568359375e+02
2.879999923706054688e+02 4.302526473999023438e+02 1.355538940429687500e+02
2.879999923706054688e+02 4.320000076293945312e+02 1.358513355255126953e+02
2.879999923706054688e+02 4.329999923706054688e+02 1.359744739532470703e+02
2.869999885559082031e+02 4.329999923706054688e+02 1.359005165100097656e+02
2.879999923706054688e+02 4.297526550292968750e+02 1.354449748992919922e+02
2.889999961853027344e+02 4.302017593383789062e+02 1.355646896362304688e+02
2.889999961853027344e+02 4.297017669677734375e+02 1.354562473297119141e+02
2.889999961853027344e+02 4.289999771118164062e+02 1.352725982666015625e+02
2.900000000000000000e+02 4.297808074951171875e+02 1.354388523101806641e+02
2.900000000000000000e+02 4.289999771118164062e+02 1.352412033081054688e+02
2.910079765319824219e+02 4.300439453125000000e+02 1.354033851623535156e+02
2.909999847412109375e+02 4.289999771118164062e+02 1.351523590087890625e+02
2.919999885559082031e+02 4.300000000000000000e+02 1.352583980560302734e+02
2.919999885559082031e+02 4.289999771118164062e+02 1.350138664245605469e+02
2.929999923706054688e+02 4.300000000000000000e+02 1.350793266296386719e+02
2.929999923706054688e+02 4.289999771118164062e+02 1.348275661468505859e+02
2.929999923706054688e+02 4.309999847412109375e+02 1.352894878387451172e+02
2.939999961853027344e+02 4.300000000000000000e+02 1.348490238189697266e+02
2.939652061462402344e+02 4.290301513671875000e+02 1.346082305908203125e+02
2.939999961853027344e+02 4.309999847412109375e+02 1.350647735595703125e+02
2.949627876281738281e+02 4.300716781616210938e+02 1.345946502685546875e+02
2.952713203430175781e+02 4.297861480712890625e+02 1.344300270080566406e+02
2.950000000000000000e+02 4.309999847412109375e+02 1.347832107543945312e+02
2.955319023132324219e+02 4.304528045654296875e+02 1.345116329193115234e+02
2.946046638488769531e+02 4.293835830688476562e+02 1.345321750640869141e+02
2.949627876281738281e+02 4.290301513671875000e+02 1.343255710601806641e+02
2.942753410339355469e+02 4.287169265747070312e+02 1.344402408599853516e+02
2.950000000000000000e+02 4.279999923706054688e+02 1.339956665039062500e+02
2.959999847412109375e+02 4.289999771118164062e+02 1.339772891998291016e+02
2.959958648681640625e+02 4.280069732666015625e+02 1.336700630187988281e+02
2.959191322326660156e+02 4.300716781616210938e+02 1.342806339263916016e+02
2.969759750366210938e+02 4.290851593017578125e+02 1.336247158050537109e+02
2.969999885559082031e+02 4.300000000000000000e+02 1.338480281829833984e+02
2.975143241882324219e+02 4.294752502441406250e+02 1.335071754455566406e+02
2.966266059875488281e+02 4.283449935913085938e+02 1.335539627075195312e+02
2.972932815551757812e+02 4.288085937500000000e+02 1.334113502502441406e+02
2.969759750366210938e+02 4.280069732666015625e+02 1.332878017425537109e+02
2.979085922241210938e+02 4.290851593017578125e+02 1.331978130340576172e+02
2.980552673339843750e+02 4.279655456542968750e+02 1.327721405029296875e+02
2.981410980224609375e+02 4.300000000000000000e+02 1.333198833465576172e+02
2.988282012939453125e+02 4.289999771118164062e+02 1.326887607574462891e+02
2.986366844177246094e+02 4.282759475708007812e+02 1.325784587860107422e+02
2.993282127380371094e+02 4.289999771118164062e+02 1.323996448516845703e+02
2.990805435180664062e+02 4.299470520019531250e+02 1.327929973602294922e+02
2.994675827026367188e+02 4.295783996582031250e+02 1.324808406829833984e+02
2.989999961853027344e+02 4.309999847412109375e+02 1.330713176727294922e+02
2.995936775207519531e+02 4.302450942993164062e+02 1.325618267059326172e+02
2.999562072753906250e+02 4.299470520019531250e+02 1.322483634948730469e+02
2.997146034240722656e+02 4.309999847412109375e+02 1.326423358917236328e+02
2.998421287536621094e+02 4.320000076293945312e+02 1.327277374267578125e+02
3.002146148681640625e+02 4.309999847412109375e+02 1.323084735870361328e+02
3.003421401977539062e+02 4.320000076293945312e+02 1.323928737640380859e+02
3.009211158752441406e+02 4.309999847412109375e+02 1.318084716796875000e+02
3.014211082458496094e+02 4.309999847412109375e+02 1.314401435852050781e+02
3.010952186584472656e+02 4.319243240356445312e+02 1.318403911590576172e+02
3.007708740234375000e+02 4.300000000000000000e+02 1.316998195648193359e+02
3.006250381469726562e+02 4.291836547851562500e+02 1.315930938720703125e+02
3.012708663940429688e+02 4.300000000000000000e+02 1.313248634338378906e+02
3.009750175476074219e+02 4.289101791381835938e+02 1.312436771392822266e+02
3.018799781799316406e+02 4.300000000000000000e+02 1.308248615264892578e+02
3.017132377624511719e+02 4.289999771118164062e+02 1.306834125518798828e+02
3.023799896240234375e+02 4.300000000000000000e+02 1.303921699523925781e+02
3.020824432373046875e+02 4.309727478027343750e+02 1.308796882629394531e+02
3.024707412719726562e+02 4.306212615966796875e+02 1.304737854003906250e+02
3.019319343566894531e+02 4.319243240356445312e+02 1.311812400817871094e+02
3.025505828857421875e+02 4.312879180908203125e+02 1.305459594726562500e+02
3.030159378051757812e+02 4.309368133544921875e+02 1.300152969360351562e+02
3.026168251037597656e+02 4.320000076293945312e+02 1.306060600280761719e+02
3.029015922546386719e+02 4.300000000000000000e+02 1.298921680450439453e+02
3.034812927246093750e+02 4.305857467651367188e+02 1.294804954528808594e+02
3.034016036987304688e+02 4.300000000000000000e+02 1.293972015380859375e+02
3.032452583312988281e+02 4.289999771118164062e+02 1.292324924468994141e+02
3.038600730895996094e+02 4.300000000000000000e+02 1.288972091674804688e+02
3.043600654602050781e+02 4.300000000000000000e+02 1.283296489715576172e+02
3.037104415893554688e+02 4.289999771118164062e+02 1.287325000762939453e+02
3.035850143432617188e+02 4.282762527465820312e+02 1.285942173004150391e+02
3.042104339599609375e+02 4.289999771118164062e+02 1.281486892700195312e+02
3.039971923828125000e+02 4.280175399780273438e+02 1.279925918579101562e+02
3.046183013916015625e+02 4.289999771118164062e+02 1.276486968994140625e+02
3.045260429382324219e+02 4.284254837036132812e+02 1.275326442718505859e+02
3.051586532592773438e+02 4.290167999267578125e+02 1.269355010986328125e+02
3.047616958618164062e+02 4.300000000000000000e+02 1.278296566009521484e+02
3.048102378845214844e+02 4.310471343994140625e+02 1.280643558502197266e+02
3.052616882324218750e+02 4.300000000000000000e+02 1.271751594543457031e+02
3.053745269775390625e+02 4.309999847412109375e+02 1.273282814025878906e+02
3.056256484985351562e+02 4.300000000000000000e+02 1.266751575469970703e+02
3.055428123474121094e+02 4.293613433837890625e+02 1.265591716766357422e+02
3.061585998535156250e+02 4.300734329223632812e+02 1.259097957611083984e+02
3.057348442077636719e+02 4.309999847412109375e+02 1.268282794952392578e+02
3.062348365783691406e+02 4.309999847412109375e+02 1.260974884033203125e+02
3.058175086975097656e+02 4.320000076293945312e+02 1.269441986083984375e+02
3.063175010681152344e+02 4.320000076293945312e+02 1.262243080139160156e+02
3.054591751098632812e+02 4.320000076293945312e+02 1.274442005157470703e+02
3.058187675476074219e+02 4.329189300537109375e+02 1.270973587036132812e+02
3.054967689514160156e+02 4.325315856933593750e+02 1.274956035614013672e+02
3.055307579040527344e+02 4.331982421875000000e+02 1.275392818450927734e+02
3.059425354003906250e+02 4.339999771118164062e+02 1.269999980926513672e+02
3.063753890991210938e+02 4.329999923706054688e+02 1.263132476806640625e+02
3.055443954467773438e+02 4.339999771118164062e+02 1.275564098358154297e+02
3.055250358581542969e+02 4.350000000000000000e+02 1.275316047668457031e+02
3.055049514770507812e+02 4.355334472656250000e+02 1.275061988830566406e+02
3.066474914550781250e+02 4.320000076293945312e+02 1.257243061065673828e+02
3.065639686584472656e+02 4.309999847412109375e+02 1.255974864959716797e+02
3.065107536315917969e+02 4.304557418823242188e+02 1.255163288116455078e+02
3.069299507141113281e+02 4.309999847412109375e+02 1.250000000000000000e+02
3.073659706115722656e+02 4.309999847412109375e+02 1.242628955841064453e+02
3.067172050476074219e+02 4.300734329223632812e+02 1.250331211090087891e+02
3.066357803344726562e+02 4.289999771118164062e+02 1.247176647186279297e+02
3.064301300048828125e+02 4.297890472412109375e+02 1.253885269165039062e+02
3.073067474365234375e+02 4.299177169799804688e+02 1.239727401733398438e+02
3.070593643188476562e+02 4.289999771118164062e+02 1.240000057220458984e+02
3.074933242797851562e+02 4.295295333862304688e+02 1.234877777099609375e+02
3.075679016113281250e+02 4.301962280273437500e+02 1.236212348937988281e+02
3.077894783020019531e+02 4.299177169799804688e+02 1.230926704406738281e+02
3.076467323303222656e+02 4.309999847412109375e+02 1.237628936767578125e+02
3.076928329467773438e+02 4.289999771118164062e+02 1.228597927093505859e+02
3.081225776672363281e+02 4.289999771118164062e+02 1.219999980926513672e+02
3.074235725402832031e+02 4.289999771118164062e+02 1.233597946166992188e+02
3.075857543945312500e+02 4.282075119018554688e+02 1.226586151123046875e+02
3.077901840209960938e+02 4.279244995117187500e+02 1.220854949951171875e+02
3.073195457458496094e+02 4.279244995117187500e+02 1.229951763153076172e+02
3.070282745361328125e+02 4.270000076293945312e+02 1.230000019073486328e+02
3.074878692626953125e+02 4.275408172607421875e+02 1.224758243560791016e+02
3.067527770996093750e+02 4.280147933959960938e+02 1.240420722961425781e+02
3.065432357788085938e+02 4.283579635620117188e+02 1.245683670043945312e+02
3.066277694702148438e+02 4.270000076293945312e+02 1.237154960632324219e+02
3.064418601989746094e+02 4.276913070678710938e+02 1.244034576416015625e+02
3.063277816772460938e+02 4.270000076293945312e+02 1.242154979705810547e+02
3.062032318115234375e+02 4.280147933959960938e+02 1.249410152435302734e+02
3.056726264953613281e+02 4.279999923706054688e+02 1.257537460327148438e+02
3.063225173950195312e+02 4.289999771118164062e+02 1.252176666259765625e+02
3.058003997802734375e+02 4.269966125488281250e+02 1.250465774536132812e+02
3.056478881835937500e+02 4.259999847412109375e+02 1.247227859497070312e+02
3.055636024475097656e+02 4.273276901245117188e+02 1.255922317504882812e+02
3.054399299621582031e+02 4.266610336303710938e+02 1.254109668731689453e+02
3.053126144409179688e+02 4.259999847412109375e+02 1.252227878570556641e+02
3.051839637756347656e+02 4.269966125488281250e+02 1.259553432464599609e+02
3.047705459594726562e+02 4.260504150390625000e+02 1.260172462463378906e+02
3.046499824523925781e+02 4.270000076293945312e+02 1.266959857940673828e+02
3.053294372558593750e+02 4.279999923706054688e+02 1.262537479400634766e+02
3.047791862487792969e+02 4.280553054809570312e+02 1.270308494567871094e+02
3.054400253295898438e+02 4.286946487426757812e+02 1.264127635955810547e+02
3.057837104797363281e+02 4.290167999267578125e+02 1.260476589202880859e+02
3.044093704223632812e+02 4.277588272094726562e+02 1.273847484588623047e+02
3.042554855346679688e+02 4.270000076293945312e+02 1.271959877014160156e+02
3.039972305297851562e+02 4.260129547119140625e+02 1.269938278198242188e+02
3.037554740905761719e+02 4.270000076293945312e+02 1.277992248535156250e+02
3.035979270935058594e+02 4.262752532958984375e+02 1.276131057739257812e+02
3.033208084106445312e+02 4.270000076293945312e+02 1.282992267608642578e+02
3.030441284179687500e+02 4.259080886840820312e+02 1.280461788177490234e+02
3.034578514099121094e+02 4.276095962524414062e+02 1.284525299072265625e+02
3.028208160400390625e+02 4.270000076293945312e+02 1.288352298736572266e+02
3.026365661621093750e+02 4.262076187133789062e+02 1.286425590515136719e+02
3.030320167541503906e+02 4.279236602783203125e+02 1.290326499938964844e+02
3.023313331604003906e+02 4.270000076293945312e+02 1.293352317810058594e+02
3.020590209960937500e+02 4.258875656127929688e+02 1.290547561645507812e+02
3.018313407897949219e+02 4.270000076293945312e+02 1.298038196563720703e+02
3.024703407287597656e+02 4.275710678100585938e+02 1.294710826873779297e+02
3.020260429382324219e+02 4.279424667358398438e+02 1.300240707397460938e+02
3.014316749572753906e+02 4.276472091674804688e+02 1.304437255859375000e+02
3.015817451477050781e+02 4.283139038085937500e+02 1.305709552764892578e+02
3.022132492065429688e+02 4.289999771118164062e+02 1.302401447296142578e+02
3.026061820983886719e+02 4.282377243041992188e+02 1.296044254302978516e+02
3.027452659606933594e+02 4.289999771118164062e+02 1.297401428222656250e+02
3.010589981079101562e+02 4.279883193969726562e+02 1.308656787872314453e+02
3.007645416259765625e+02 4.270000076293945312e+02 1.307109260559082031e+02
3.003615570068359375e+02 4.279999923706054688e+02 1.314038848876953125e+02
2.998615646362304688e+02 4.279999923706054688e+02 1.317426109313964844e+02
3.004927062988281250e+02 4.285169601440429688e+02 1.314949131011962891e+02
2.999936103820800781e+02 4.269434738159179688e+02 1.312509059906005859e+02
2.994505691528320312e+02 4.265724563598632812e+02 1.314702892303466797e+02
3.000251388549804688e+02 4.260120391845703125e+02 1.308121776580810547e+02
2.996560287475585938e+02 4.272391128540039062e+02 1.316047954559326172e+02
2.990703392028808594e+02 4.269434738159179688e+02 1.318387794494628906e+02
2.989820098876953125e+02 4.279655456542968750e+02 1.322709941864013672e+02
2.987216186523437500e+02 4.259999847412109375e+02 1.316287517547607422e+02
2.980552673339843750e+02 4.269025802612304688e+02 1.323748588562011719e+02
2.974960136413574219e+02 4.265042877197265625e+02 1.324982738494873047e+02
2.979999923706054688e+02 4.259999847412109375e+02 1.320100688934326172e+02
2.977587699890136719e+02 4.271709442138671875e+02 1.326304340362548828e+02
2.984254455566406250e+02 4.276092910766601562e+02 1.324615097045898438e+02
2.970976066589355469e+02 4.269025802612304688e+02 1.328249263763427734e+02
2.959958648681640625e+02 4.270129394531250000e+02 1.333019447326660156e+02
2.968293380737304688e+02 4.261941528320312500e+02 1.326398944854736328e+02
2.970976066589355469e+02 4.259164810180664062e+02 1.323973464965820312e+02
2.960794258117675781e+02 4.259164810180664062e+02 1.328055572509765625e+02
2.949509048461914062e+02 4.260657501220703125e+02 1.332474231719970703e+02
2.957990455627441406e+02 4.252820587158203125e+02 1.326105785369873047e+02
2.964657020568847656e+02 4.255274963378906250e+02 1.324871635437011719e+02
2.960794258117675781e+02 4.249692153930664062e+02 1.323484516143798828e+02
2.960292053222656250e+02 4.239451599121093750e+02 1.318055629730224609e+02
2.969999885559082031e+02 4.250000000000000000e+02 1.319918727874755859e+02
2.953080749511718750e+02 4.246153640747070312e+02 1.324406623840332031e+02
2.949848365783691406e+02 4.240536880493164062e+02 1.322265148162841797e+02
2.949848365783691406e+02 4.249692153930664062e+02 1.327183532714843750e+02
2.939999961853027344e+02 4.250000000000000000e+02 1.330207824707031250e+02
2.946413993835449219e+02 4.244228363037109375e+02 1.325436687469482422e+02
2.939999961853027344e+02 4.242601776123046875e+02 1.326357078552246094e+02
2.929686164855957031e+02 4.239544677734375000e+02 1.327286148071289062e+02
2.939999961853027344e+02 4.237601852416992188e+02 1.323517799377441406e+02
2.940624427795410156e+02 4.229172134399414062e+02 1.318279552459716797e+02
2.932810401916503906e+02 4.235907745361328125e+02 1.324478721618652344e+02
2.929686164855957031e+02 4.230735778808593750e+02 1.322075462341308594e+02
2.919999885559082031e+02 4.228626632690429688e+02 1.322721195220947266e+02
2.929999923706054688e+02 4.222483825683593750e+02 1.316735363006591797e+02
2.926143646240234375e+02 4.234560012817382812e+02 1.325273036956787109e+02
2.919999885559082031e+02 4.233626556396484375e+02 1.325867938995361328e+02
2.919999885559082031e+02 4.239999771118164062e+02 1.329586029052734375e+02
2.909999847412109375e+02 4.232448196411132812e+02 1.326635360717773438e+02
2.900000000000000000e+02 4.231731796264648438e+02 1.327103137969970703e+02
2.909999847412109375e+02 4.227448272705078125e+02 1.323422431945800781e+02
2.909999847412109375e+02 4.239999771118164062e+02 1.331153202056884766e+02
2.900017929077148438e+02 4.240890121459960938e+02 1.332621002197265625e+02
2.909999847412109375e+02 4.245952606201171875e+02 1.334517860412597656e+02
2.903363418579101562e+02 4.245200729370117188e+02 1.334897518157958984e+02
2.909999847412109375e+02 4.250952529907226562e+02 1.337016201019287109e+02
2.919999885559082031e+02 4.247554779052734375e+02 1.333718109130859375e+02
2.919999885559082031e+02 4.252554702758789062e+02 1.336218166351318359e+02
2.930254554748535156e+02 4.250402450561523438e+02 1.332944965362548828e+02
2.927091026306152344e+02 4.254003906250000000e+02 1.335496807098388672e+02
2.933757781982421875e+02 4.255661010742187500e+02 1.334704399108886719e+02
2.930254554748535156e+02 4.259396743774414062e+02 1.337164592742919922e+02
2.939999961853027344e+02 4.257567596435546875e+02 1.333850765228271484e+02
2.939999961853027344e+02 4.262567520141601562e+02 1.336072349548339844e+02
2.939999961853027344e+02 4.270000076293945312e+02 1.339104557037353516e+02
2.945848274230957031e+02 4.264429092407226562e+02 1.335255813598632812e+02
2.949509048461914062e+02 4.270129394531250000e+02 1.336443233489990234e+02
2.952515029907226562e+02 4.266882324218750000e+02 1.334254550933837891e+02
2.956597900390625000e+02 4.273549270629882812e+02 1.335571384429931641e+02
2.939652061462402344e+02 4.280500411987304688e+02 1.343067264556884766e+02
2.929999923706054688e+02 4.270000076293945312e+02 1.341595363616943359e+02
2.920617675781250000e+02 4.270235061645507812e+02 1.343622779846191406e+02
2.929999923706054688e+02 4.277129745483398438e+02 1.344262218475341797e+02
2.929999923706054688e+02 4.282130050659179688e+02 1.345969867706298828e+02
2.924362945556640625e+02 4.275339126586914062e+02 1.344884777069091797e+02
2.920617675781250000e+02 4.279203414916992188e+02 1.346819305419921875e+02
2.917696189880371094e+02 4.273725128173828125e+02 1.345484256744384766e+02
2.909999847412109375e+02 4.279999923706054688e+02 1.348631477355957031e+02
2.909999847412109375e+02 4.272262573242187500e+02 1.346030998229980469e+02
2.900000000000000000e+02 4.279999923706054688e+02 1.349484634399414062e+02
2.900000000000000000e+02 4.271117782592773438e+02 1.346461105346679688e+02
2.889999961853027344e+02 4.279999923706054688e+02 1.349750232696533203e+02
2.879999923706054688e+02 4.279999923706054688e+02 1.349573612213134766e+02
2.889999961853027344e+02 4.270798110961914062e+02 1.346586704254150391e+02
2.879999923706054688e+02 4.270954132080078125e+02 1.346507644653320312e+02
2.889999961853027344e+02 4.265797805786132812e+02 1.344694995880126953e+02
2.879999923706054688e+02 4.265954208374023438e+02 1.344641399383544922e+02
2.889999961853027344e+02 4.259999847412109375e+02 1.342289447784423828e+02
2.900000000000000000e+02 4.266117858886718750e+02 1.344575119018554688e+02
2.900000000000000000e+02 4.259999847412109375e+02 1.342043018341064453e+02
2.909999847412109375e+02 4.267262649536132812e+02 1.344139766693115234e+02
2.909999847412109375e+02 4.259999847412109375e+02 1.341156005859375000e+02
2.919999885559082031e+02 4.259999847412109375e+02 1.339583015441894531e+02
2.900017929077148438e+02 4.249120330810546875e+02 1.337038230895996094e+02
2.896696662902832031e+02 4.244816970825195312e+02 1.335106563568115234e+02
2.889999961853027344e+02 4.250000000000000000e+02 1.337754344940185547e+02
2.879147529602050781e+02 4.249009704589843750e+02 1.337093639373779297e+02
2.889999961853027344e+02 4.244725799560546875e+02 1.335159873962402344e+02
2.881912422180175781e+02 4.244816970825195312e+02 1.335106563568115234e+02
2.889999961853027344e+02 4.239725875854492188e+02 1.332261943817138672e+02
2.879147529602050781e+02 4.240890121459960938e+02 1.332732009887695312e+02
2.889999961853027344e+02 4.231480407714843750e+02 1.327262020111083984e+02
2.889999961853027344e+02 4.226480484008789062e+02 1.324035549163818359e+02
2.879999923706054688e+02 4.231615066528320312e+02 1.327171325683593750e+02
2.869999885559082031e+02 4.232170867919921875e+02 1.326798439025878906e+02
2.879999923706054688e+02 4.226614761352539062e+02 1.323951148986816406e+02
2.869999885559082031e+02 4.227170944213867188e+02 1.323608779907226562e+02
2.879999923706054688e+02 4.220000076293945312e+02 1.319421005249023438e+02
2.869500923156738281e+02 4.219071960449218750e+02 1.318040847778320312e+02
2.879999923706054688e+02 4.214389801025390625e+02 1.315469837188720703e+02
2.889999961853027344e+02 4.220000076293945312e+02 1.319590663909912109e+02
2.889999961853027344e+02 4.214281845092773438e+02 1.315555095672607422e+02
2.900000000000000000e+02 4.220000076293945312e+02 1.319259452819824219e+02
2.900000000000000000e+02 4.214498138427734375e+02 1.315386867523193359e+02
2.900000000000000000e+02 4.226731491088867188e+02 1.323872566223144531e+02
2.909759330749511719e+02 4.219199371337890625e+02 1.317825317382812500e+02
2.906265830993652344e+02 4.214809417724609375e+02 1.315145683288574219e+02
2.912932395935058594e+02 4.215332412719726562e+02 1.314762687683105469e+02
2.919999885559082031e+02 4.221077346801757812e+02 1.317721271514892578e+02
2.919999885559082031e+02 4.216077423095703125e+02 1.314239692687988281e+02
2.919999885559082031e+02 4.209999847412109375e+02 1.309680461883544922e+02
2.929999923706054688e+02 4.217483901977539062e+02 1.313266754150390625e+02
2.929115104675292969e+02 4.209542846679687500e+02 1.307639026641845703e+02
2.940624427795410156e+02 4.220324707031250000e+02 1.312488460540771484e+02
2.939999961853027344e+02 4.212301254272460938e+02 1.306996059417724609e+02
2.937707519531250000e+02 4.223874282836914062e+02 1.315775585174560547e+02
2.944374275207519531e+02 4.225286865234375000e+02 1.314819240570068359e+02
2.950478744506835938e+02 4.219257354736328125e+02 1.308636188507080078e+02
2.947464561462402344e+02 4.213830184936523438e+02 1.305862712860107422e+02
2.954131126403808594e+02 4.215428924560546875e+02 1.304692840576171875e+02
2.950000000000000000e+02 4.226734161376953125e+02 1.313898181915283203e+02
2.959999847412109375e+02 4.222061920166015625e+02 1.307075119018554688e+02
2.959999847412109375e+02 4.217061996459960938e+02 1.303525161743164062e+02
2.960292053222656250e+02 4.230215072631835938e+02 1.312387084960937500e+02
2.966575622558593750e+02 4.223986816406250000e+02 1.305721855163574219e+02
2.969945335388183594e+02 4.220392227172851562e+02 1.301600551605224609e+02
2.969945335388183594e+02 4.229719924926757812e+02 1.308007526397705078e+02
2.973242378234863281e+02 4.226200103759765625e+02 1.304190063476562500e+02
2.969999885559082031e+02 4.237994003295898438e+02 1.313218116760253906e+02
2.977656555175781250e+02 4.232866668701171875e+02 1.306412315368652344e+02
2.980593872070312500e+02 4.229719924926757812e+02 1.302731227874755859e+02
2.979714584350585938e+02 4.240253829956054688e+02 1.309856605529785156e+02
2.984323310852050781e+02 4.235601806640625000e+02 1.304631710052490234e+02
2.975106048583984375e+02 4.244905853271484375e+02 1.315055942535400391e+02
2.987714195251464844e+02 4.242268753051757812e+02 1.306634235382080078e+02
2.981772804260253906e+02 4.248207473754882812e+02 1.313300895690917969e+02
2.979063606262207031e+02 4.250924301147460938e+02 1.316134548187255859e+02
2.989748382568359375e+02 4.250280761718750000e+02 1.309879016876220703e+02
2.994380760192871094e+02 4.245687103271484375e+02 1.304615402221679688e+02
2.985115814208984375e+02 4.254874038696289062e+02 1.315066814422607422e+02
2.992216110229492188e+02 4.259999847412109375e+02 1.313369941711425781e+02
2.997085762023925781e+02 4.252353668212890625e+02 1.306457138061523438e+02
3.000251388549804688e+02 4.249412155151367188e+02 1.302570533752441406e+02
2.999768447875976562e+02 4.240450286865234375e+02 1.297661018371582031e+02
3.003752326965332031e+02 4.256867218017578125e+02 1.304098510742187500e+02
3.007735061645507812e+02 4.250000000000000000e+02 1.297251701354980469e+02
3.012734985351562500e+02 4.250000000000000000e+02 1.293074607849121094e+02
3.010247993469238281e+02 4.259604644775390625e+02 1.300189495086669922e+02
3.005694580078125000e+02 4.244083404541015625e+02 1.295570373535156250e+02
3.009771919250488281e+02 4.240329742431640625e+02 1.289791202545166016e+02
3.013849449157714844e+02 4.236576080322265625e+02 1.283988094329833984e+02
3.002947425842285156e+02 4.237416839599609375e+02 1.293485832214355469e+02
3.007182693481445312e+02 4.232376861572265625e+02 1.286819171905517578e+02
3.016172599792480469e+02 4.243242645263671875e+02 1.286096572875976562e+02
3.020120239257812500e+02 4.239855194091796875e+02 1.280086421966552734e+02
3.018228912353515625e+02 4.250000000000000000e+02 1.288074588775634766e+02
3.023228836059570312e+02 4.250000000000000000e+02 1.283232975006103516e+02
3.027980041503906250e+02 4.250000000000000000e+02 1.278232955932617188e+02
3.024799156188964844e+02 4.255409622192382812e+02 1.284792518615722656e+02
3.032979965209960938e+02 4.250000000000000000e+02 1.272723960876464844e+02
3.026122856140136719e+02 4.243133926391601562e+02 1.276184749603271484e+02
3.029992866516113281e+02 4.240067291259765625e+02 1.269951534271240234e+02
3.026682662963867188e+02 4.229999923706054688e+02 1.266823673248291016e+02
3.033863067626953125e+02 4.237000656127929688e+02 1.263655376434326172e+02
3.035723114013671875e+02 4.243667221069335938e+02 1.265854549407958984e+02
3.024067687988281250e+02 4.236467361450195312e+02 1.274048519134521484e+02
3.020440483093261719e+02 4.229016876220703125e+02 1.272446537017822266e+02
3.014977073669433594e+02 4.225028228759765625e+02 1.274979209899902344e+02
3.019471359252929688e+02 4.220960998535156250e+02 1.267468261718750000e+02
3.017400932312011719e+02 4.231694793701171875e+02 1.277321434020996094e+02
3.011079978942871094e+02 4.228702545166015625e+02 1.280906486511230469e+02
3.004332351684570312e+02 4.225710296630859375e+02 1.284491634368896484e+02
3.007775878906250000e+02 4.220000076293945312e+02 1.277362537384033203e+02
3.000599288940429688e+02 4.219424057006835938e+02 1.282568550109863281e+02
3.005390739440917969e+02 4.214604568481445312e+02 1.275325107574462891e+02
3.012775993347167969e+02 4.220000076293945312e+02 1.273047924041748047e+02
3.009030914306640625e+02 4.211024475097656250e+02 1.269140720367431641e+02
3.006004333496093750e+02 4.204026031494140625e+02 1.265863418579101562e+02
3.001785278320312500e+02 4.207938003540039062e+02 1.272530078887939453e+02
3.012670898437500000e+02 4.207444381713867188e+02 1.262890434265136719e+02
3.015785598754882812e+02 4.214111328125000000e+02 1.265751361846923828e+02
3.019354629516601562e+02 4.210774230957031250e+02 1.259328651428222656e+02
3.022923660278320312e+02 4.207437133789062500e+02 1.252758979797363281e+02
3.022452354431152344e+02 4.218268203735351562e+02 1.262433433532714844e+02
3.025695800781250000e+02 4.214104080200195312e+02 1.255766773223876953e+02
3.016257095336914062e+02 4.203675460815429688e+02 1.256223773956298828e+02
3.009469032287597656e+02 4.200517272949218750e+02 1.259512996673583984e+02
3.019559860229492188e+02 4.200467681884765625e+02 1.249520683288574219e+02
3.012933731079101562e+02 4.197008895874023438e+02 1.252949142456054688e+02
3.016196250915527344e+02 4.193872833251953125e+02 1.246282482147216797e+02
3.022862815856933594e+02 4.197259521484375000e+02 1.242531108856201172e+02
3.025918769836425781e+02 4.203926467895507812e+02 1.246092319488525391e+02
3.029138755798339844e+02 4.201012420654296875e+02 1.238890552520751953e+02
3.029140663146972656e+02 4.211154174804687500e+02 1.248939037322998047e+02
3.032585525512695312e+02 4.208204269409179688e+02 1.241916656494140625e+02
3.032742500305175781e+02 4.220000076293945312e+02 1.252244377136230469e+02
3.035093879699707031e+02 4.214870834350585938e+02 1.245119094848632812e+02
3.036699867248535156e+02 4.210922622680664062e+02 1.239149951934814453e+02
3.036729812622070312e+02 4.220000076293945312e+02 1.247244358062744141e+02
3.041913032531738281e+02 4.219759750366210938e+02 1.240063667297363281e+02
3.040231513977050781e+02 4.229642868041992188e+02 1.250263309478759766e+02
3.034627342224121094e+02 4.225608062744140625e+02 1.254540157318115234e+02
3.043879127502441406e+02 4.227011108398437500e+02 1.243439388275146484e+02
3.036583900451660156e+02 4.232274627685546875e+02 1.256988716125488281e+02
3.043641662597656250e+02 4.239999771118164062e+02 1.253176784515380859e+02
3.045720672607421875e+02 4.233677673339843750e+02 1.245986461639404297e+02
3.047943115234375000e+02 4.230206680297851562e+02 1.240063667297363281e+02
3.047263526916503906e+02 4.239999771118164062e+02 1.248176765441894531e+02
3.052578353881835938e+02 4.239507675170898438e+02 1.240047931671142578e+02
3.050199699401855469e+02 4.249643325805664062e+02 1.250221633911132812e+02
3.053963851928710938e+02 4.247486114501953125e+02 1.243413257598876953e+02
3.046435546875000000e+02 4.251800537109375000e+02 1.256954097747802734e+02
3.055353546142578125e+02 4.254152679443359375e+02 1.245527458190917969e+02
3.044938468933105469e+02 4.245133972167968750e+02 1.254915809631347656e+02
3.042776298522949219e+02 4.249080276489257812e+02 1.260172462463378906e+02
3.038347244262695312e+02 4.240200424194335938e+02 1.260193252563476562e+02
3.037266349792480469e+02 4.250000000000000000e+02 1.267723941802978516e+02
3.043965339660644531e+02 4.257506561279296875e+02 1.263620758056640625e+02
3.057331275939941406e+02 4.250491714477539062e+02 1.240047931671142578e+02
3.056114959716796875e+02 4.242513275146484375e+02 1.236746501922607422e+02
3.062902450561523438e+02 4.249543380737304688e+02 1.230027866363525391e+02
3.061633300781250000e+02 4.260505294799804688e+02 1.239303302764892578e+02
3.064083671569824219e+02 4.257508850097656250e+02 1.233379840850830078e+02
3.065303993225097656e+02 4.264175415039062500e+02 1.235505390167236328e+02
3.067033958435058594e+02 4.260505294799804688e+02 1.230027866363525391e+02
3.072413444519042969e+02 4.260223388671875000e+02 1.219557285308837891e+02
3.065957832336425781e+02 4.252572631835937500e+02 1.226713180541992188e+02
3.067936706542968750e+02 4.249543380737304688e+02 1.220578765869140625e+02
3.073083114624023438e+02 4.249730682373046875e+02 1.210050296783447266e+02
3.064638710021972656e+02 4.245906066894531250e+02 1.224298000335693359e+02
3.066333389282226562e+02 4.241865158081054688e+02 1.217631340026855469e+02
3.063655662536621094e+02 4.239118957519531250e+02 1.220578765869140625e+02
3.068423652648925781e+02 4.239118957519531250e+02 1.210893821716308594e+02
3.064913940429687500e+02 4.235198593139648438e+02 1.214823055267333984e+02
3.073314094543457031e+02 4.239754867553710938e+02 1.200293731689453125e+02
3.066504096984863281e+02 4.231843566894531250e+02 1.208156394958496094e+02
3.068357086181640625e+02 4.229106140136718750e+02 1.200875759124755859e+02
3.063877868652343750e+02 4.229106140136718750e+02 1.210893821716308594e+02
3.064913940429687500e+02 4.225177001953125000e+02 1.204792976379394531e+02
3.058793830871582031e+02 4.219235992431640625e+02 1.210734462738037109e+02
3.058853340148925781e+02 4.229140472412109375e+02 1.220867156982421875e+02
3.054880332946777344e+02 4.225234222412109375e+02 1.224778556823730469e+02
3.056634902954101562e+02 4.222060012817382812e+02 1.218111896514892578e+02
3.056540107727050781e+02 4.231900787353515625e+02 1.227677345275878906e+02
3.058376312255859375e+02 4.239507675170898438e+02 1.230606365203857422e+02
3.053438949584960938e+02 4.229140472412109375e+02 1.230606365203857422e+02
3.048445701599121094e+02 4.219759750366210938e+02 1.230258750915527344e+02
3.054612541198730469e+02 4.235846328735351562e+02 1.234344005584716797e+02
3.053567123413085938e+02 4.219235992431640625e+02 1.220867156982421875e+02
3.046238517761230469e+02 4.222932815551757812e+02 1.236772727966308594e+02
3.044215202331542969e+02 4.216266250610351562e+02 1.233764553070068359e+02
3.046290397644042969e+02 4.213071823120117188e+02 1.227097892761230469e+02
3.042058563232421875e+02 4.209843063354492188e+02 1.230258750915527344e+02
3.048224067687988281e+02 4.209843063354492188e+02 1.220012283325195312e+02
3.045975303649902344e+02 4.203710174560546875e+02 1.216687107086181641e+02
3.053043937683105469e+02 4.209624481201171875e+02 1.210734462738037109e+02
3.044025039672851562e+02 4.206405258178710938e+02 1.223353767395019531e+02
3.040374565124511719e+02 4.199560928344726562e+02 1.220570373535156250e+02
3.034645843505859375e+02 4.195411682128906250e+02 1.224453639984130859e+02
3.036723899841308594e+02 4.193048858642578125e+02 1.217786979675292969e+02
3.043390655517578125e+02 4.197043609619140625e+02 1.211981868743896484e+02
3.036911773681640625e+02 4.202632904052734375e+02 1.230000019073486328e+02
3.032753372192382812e+02 4.197632598876953125e+02 1.230000019073486328e+02
3.035190582275390625e+02 4.204765319824218750e+02 1.235249900817871094e+02
3.027753448486328125e+02 4.192102432250976562e+02 1.230000019073486328e+02
3.022757339477539062e+02 4.187102508544921875e+02 1.230000019073486328e+02
3.030831909179687500e+02 4.189122009277343750e+02 1.221249866485595703e+02
3.025691986083984375e+02 4.194274902343750000e+02 1.235864448547363281e+02
3.019207191467285156e+02 4.190740585327148438e+02 1.239074993133544922e+02
3.015551757812500000e+02 4.184517669677734375e+02 1.235618877410888672e+02
3.012428283691406250e+02 4.187206268310546875e+02 1.242285537719726562e+02
3.009457015991210938e+02 4.182481384277343750e+02 1.239371299743652344e+02
3.009347724914550781e+02 4.190558624267578125e+02 1.249346065521240234e+02
3.005761718750000000e+02 4.184385299682617188e+02 1.245742893218994141e+02
3.002017593383789062e+02 4.187244415283203125e+02 1.252409553527832031e+02
3.006267166137695312e+02 4.193911361694335938e+02 1.256135559082031250e+02
2.998796081542968750e+02 4.190898895263671875e+02 1.259043216705322266e+02
2.995350837707519531e+02 4.184742736816406250e+02 1.255284214019775391e+02
2.989999961853027344e+02 4.187617492675781250e+02 1.262227725982666016e+02
2.995574569702148438e+02 4.194552993774414062e+02 1.265439224243164062e+02
3.002241134643554688e+02 4.197359085083007812e+02 1.262802219390869141e+02
2.998679924011230469e+02 4.201128387451171875e+02 1.268984699249267578e+02
2.995118522644042969e+02 4.204897308349609375e+02 1.275088119506835938e+02
2.989999961853027344e+02 4.197930145263671875e+02 1.272364902496337891e+02
2.989999961853027344e+02 4.192617416381835938e+02 1.267364883422851562e+02
2.983932876586914062e+02 4.195676040649414062e+02 1.274380683898925781e+02
2.989999961853027344e+02 4.202930068969726562e+02 1.276791667938232422e+02
2.980214881896972656e+02 4.199850845336914062e+02 1.280115032196044922e+02
2.990523147583007812e+02 4.209758377075195312e+02 1.282111835479736328e+02
2.983163833618164062e+02 4.206264114379882812e+02 1.283967494964599609e+02
2.999071121215820312e+02 4.210762786865234375e+02 1.276926422119140625e+02
2.994205284118652344e+02 4.215707015991210938e+02 1.284464168548583984e+02
2.987538719177246094e+02 4.212930679321289062e+02 1.286645889282226562e+02
2.990184593200683594e+02 4.219846343994140625e+02 1.290125751495361328e+02
2.979207611083984375e+02 4.210543823242187500e+02 1.289571857452392578e+02
2.976497077941894531e+02 4.204026031494140625e+02 1.285831165313720703e+02
2.969999885559082031e+02 4.208227539062500000e+02 1.292447185516357422e+02
2.975251388549804688e+02 4.214823913574218750e+02 1.295136833190917969e+02
2.981917953491210938e+02 4.217318725585937500e+02 1.293312549591064453e+02
2.979150772094726562e+02 4.220391082763671875e+02 1.297034358978271484e+02
2.986163902282714844e+02 4.223985290527343750e+02 1.295730304718017578e+02
2.989698219299316406e+02 4.230199050903320312e+02 1.297766780853271484e+02
2.992830467224121094e+02 4.226998138427734375e+02 1.293605613708496094e+02
2.990628433227539062e+02 4.239361190795898438e+02 1.303097820281982422e+02
2.996280860900878906e+02 4.233665084838867188e+02 1.295915985107421875e+02
3.000306510925292969e+02 4.229687500000000000e+02 1.290212345123291016e+02
2.997665596008300781e+02 4.222373580932617188e+02 1.286938858032226562e+02
2.969999885559082031e+02 4.213227462768554688e+02 1.296358108520507812e+02
2.959737205505371094e+02 4.209687423706054688e+02 1.298133373260498047e+02
2.950478744506835938e+02 4.210298156738281250e+02 1.302153301239013672e+02
2.956228828430175781e+02 4.204353332519531250e+02 1.295522022247314453e+02
2.962895393371582031e+02 4.206145858764648438e+02 1.294098377227783203e+02
2.960169982910156250e+02 4.199902725219726562e+02 1.290089321136474609e+02
2.964111328125000000e+02 4.195452117919921875e+02 1.284602165222167969e+02
2.957444572448730469e+02 4.193824005126953125e+02 1.286080360412597656e+02
2.969999885559082031e+02 4.202108383178710938e+02 1.287447166442871094e+02
2.950000000000000000e+02 4.197933959960937500e+02 1.292539691925048828e+02
2.939999961853027344e+02 4.195993804931640625e+02 1.294165897369384766e+02
2.950000000000000000e+02 4.192241668701171875e+02 1.287539672851562500e+02
2.950000000000000000e+02 4.202933883666992188e+02 1.296671962738037109e+02
2.939999961853027344e+02 4.200993728637695312e+02 1.298264884948730469e+02
2.939999961853027344e+02 4.207301330566406250e+02 1.303264904022216797e+02
2.929890823364257812e+02 4.200023651123046875e+02 1.299958133697509766e+02
2.919999885559082031e+02 4.199464797973632812e+02 1.301267051696777344e+02
2.927923202514648438e+02 4.194319915771484375e+02 1.295603656768798828e+02
2.934589767456054688e+02 4.195099639892578125e+02 1.294915294647216797e+02
2.925191688537597656e+02 4.204947662353515625e+02 1.305042743682861328e+02
2.931858444213867188e+02 4.205904388427734375e+02 1.304312515258789062e+02
2.919999885559082031e+02 4.204464721679687500e+02 1.305440711975097656e+02
2.909999847412109375e+02 4.203685760498046875e+02 1.306087017059326172e+02
2.909759330749511719e+02 4.210885620117187500e+02 1.311727237701416016e+02
2.900000000000000000e+02 4.203213500976562500e+02 1.306497001647949219e+02
2.909999847412109375e+02 4.198685836791992188e+02 1.301889610290527344e+02
2.900000000000000000e+02 4.198213577270507812e+02 1.302247619628906250e+02
2.909999847412109375e+02 4.192875671386718750e+02 1.296889591217041016e+02
2.900000000000000000e+02 4.192487716674804688e+02 1.297247695922851562e+02
2.909999847412109375e+02 4.187875366210937500e+02 1.292331314086914062e+02
2.919999885559082031e+02 4.193576049804687500e+02 1.296267127990722656e+02
2.919999885559082031e+02 4.188576126098632812e+02 1.291678047180175781e+02
2.919999885559082031e+02 4.183305740356445312e+02 1.286678028106689453e+02
2.930753898620605469e+02 4.190591812133789062e+02 1.291572284698486328e+02
2.929999923706054688e+02 4.184211730957031250e+02 1.285778808593750000e+02
2.939340400695800781e+02 4.189498901367187500e+02 1.288432884216308594e+02
2.935567474365234375e+02 4.184830093383789062e+02 1.285167026519775391e+02
2.942234039306640625e+02 4.185831069946289062e+02 1.284193515777587891e+02
2.938659286499023438e+02 4.180358886718750000e+02 1.279609584808349609e+02
2.950000000000000000e+02 4.187241744995117188e+02 1.282840251922607422e+02
2.950000000000000000e+02 4.182241439819335938e+02 1.277840232849121094e+02
2.960984420776367188e+02 4.189519882202148438e+02 1.280431079864501953e+02
2.957857513427734375e+02 4.183767700195312500e+02 1.276260089874267578e+02
2.964524078369140625e+02 4.185215759277343750e+02 1.274782657623291016e+02
2.969999885559082031e+02 4.191653442382812500e+02 1.278148555755615234e+02
2.969999885559082031e+02 4.186653518676757812e+02 1.273344707489013672e+02
2.969999885559082031e+02 4.197108459472656250e+02 1.283148574829101562e+02
2.977266120910644531e+02 4.193655395507812500e+02 1.276262569427490234e+02
2.980610275268554688e+02 4.189629745483398438e+02 1.270362091064453125e+02
2.977287864685058594e+02 4.183730697631835938e+02 1.266343593597412109e+02
2.983954429626464844e+02 4.185603713989257812e+02 1.264352703094482422e+02
2.980215644836425781e+02 4.179853057861328125e+02 1.260138607025146484e+02
2.983143615722656250e+02 4.175975418090820312e+02 1.253759193420410156e+02
2.989999961853027344e+02 4.183038711547851562e+02 1.257227706909179688e+02
2.969999885559082031e+02 4.176883316040039062e+02 1.262794494628906250e+02
2.976476860046386719e+02 4.174246978759765625e+02 1.255924415588378906e+02
2.969999885559082031e+02 4.172761535644531250e+02 1.257794570922851562e+02
2.979886054992675781e+02 4.171706008911132812e+02 1.250255489349365234e+02
2.970772171020507812e+02 4.167305374145507812e+02 1.250066375732421875e+02
2.979999923706054688e+02 4.166447448730468750e+02 1.242820358276367188e+02
2.987690734863281250e+02 4.173436355590820312e+02 1.247092533111572266e+02
2.990614509582519531e+02 4.177665710449218750e+02 1.250255489349365234e+02
2.990088081359863281e+02 4.169904327392578125e+02 1.240069961547851562e+02
2.985818862915039062e+02 4.164562606811523438e+02 1.235672760009765625e+02
2.992485427856445312e+02 4.166372680664062500e+02 1.232712841033935547e+02
2.994357490539550781e+02 4.175390625000000000e+02 1.244467258453369141e+02
2.997994422912597656e+02 4.173039245605468750e+02 1.237800598144531250e+02
3.000330734252929688e+02 4.169754409790039062e+02 1.230345153808593750e+02
3.000796699523925781e+02 4.177005386352539062e+02 1.240680313110351562e+02
3.004661178588867188e+02 4.175232696533203125e+02 1.234644126892089844e+02
2.999210548400878906e+02 4.182711410522460938e+02 1.249445724487304688e+02
3.010514068603515625e+02 4.177231597900390625e+02 1.230786514282226562e+02
3.007523345947265625e+02 4.173136520385742188e+02 1.227977466583251953e+02
3.014190101623535156e+02 4.175635910034179688e+02 1.223953628540039062e+02
3.017757415771484375e+02 4.182615280151367188e+02 1.230000019073486328e+02
3.020729827880859375e+02 4.179352569580078125e+02 1.220999813079833984e+02
3.016668319702148438e+02 4.173669815063476562e+02 1.217286872863769531e+02
3.023335075378417969e+02 4.176402664184570312e+02 1.212353801727294922e+02
3.024791336059570312e+02 4.185195159912109375e+02 1.224712753295898438e+02
3.027018165588378906e+02 4.183069229125976562e+02 1.218046092987060547e+02
3.029546737670898438e+02 4.180406570434570312e+02 1.209189796447753906e+02
3.025408744812011719e+02 4.174644851684570312e+02 1.205687141418457031e+02
3.033684730529785156e+02 4.186382293701171875e+02 1.212692451477050781e+02
3.035566329956054688e+02 4.184410858154296875e+02 1.206025791168212891e+02
3.031811904907226562e+02 4.177979660034179688e+02 1.200000000000000000e+02
3.026811790466308594e+02 4.173427963256835938e+02 1.200000000000000000e+02
3.033673667907714844e+02 4.176228713989257812e+02 1.191980552673339844e+02
3.036966133117675781e+02 4.182979965209960938e+02 1.200000000000000000e+02
3.039427947998046875e+02 4.180576705932617188e+02 1.188575553894042969e+02
3.041966056823730469e+02 4.188425064086914062e+02 1.200000000000000000e+02
3.043721771240234375e+02 4.186431884765625000e+02 1.191837215423583984e+02
3.039478492736816406e+02 4.190591812133789062e+02 1.209003829956054688e+02
3.046328544616699219e+02 4.193424987792968750e+02 1.200000000000000000e+02
3.047736740112304688e+02 4.189859008789062500e+02 1.189102363586425781e+02
3.051657104492187500e+02 4.200402069091796875e+02 1.200032520294189453e+02
3.045166015625000000e+02 4.194801330566406250e+02 1.205315208435058594e+02
3.047278976440429688e+02 4.200226211547851562e+02 1.209189128875732422e+02
3.053368949890136719e+02 4.197203063964843750e+02 1.190000057220458984e+02
3.055714988708496094e+02 4.204003906250000000e+02 1.196720790863037109e+02
3.054323577880859375e+02 4.206040954589843750e+02 1.203387451171875000e+02
3.057966423034667969e+02 4.209624481201171875e+02 1.200032520294189453e+02
3.063485908508300781e+02 4.219590759277343750e+02 1.200875759124755859e+02
3.056440544128417969e+02 4.212707519531250000e+02 1.207890701293945312e+02
3.062274551391601562e+02 4.210311889648437500e+02 1.190132427215576172e+02
3.057001876831054688e+02 4.202202987670898438e+02 1.190000057220458984e+02
3.063743209838867188e+02 4.206992721557617188e+02 1.180000019073486328e+02
3.064455032348632812e+02 4.215984725952148438e+02 1.193553924560546875e+02
3.065709877014160156e+02 4.213853073120117188e+02 1.186887264251708984e+02
3.067680549621582031e+02 4.219590759277343750e+02 1.190132427215576172e+02
3.066846084594726562e+02 4.211992645263671875e+02 1.180000019073486328e+02
3.067950630187988281e+02 4.209282302856445312e+02 1.170319271087646484e+02
3.071967315673828125e+02 4.220804214477539062e+02 1.179334068298339844e+02
3.073258399963378906e+02 4.218305587768554688e+02 1.169999980926513672e+02
3.074150848388671875e+02 4.226785278320312500e+02 1.182223415374755859e+02
3.075171089172363281e+02 4.224673843383789062e+02 1.175556755065917969e+02
3.075884437561035156e+02 4.223305511474609375e+02 1.169999980926513672e+02
3.076570510864257812e+02 4.230070877075195312e+02 1.179334068298339844e+02
3.079079627990722656e+02 4.229999923706054688e+02 1.169999980926513672e+02
3.075732612609863281e+02 4.233451843261718750e+02 1.186960506439208984e+02
3.080645942687988281e+02 4.239999771118164062e+02 1.180000019073486328e+02
3.083377265930175781e+02 4.240143585205078125e+02 1.170329189300537109e+02
3.077174186706542969e+02 4.239754867553710938e+02 1.190176296234130859e+02
3.084011650085449219e+02 4.249483489990234375e+02 1.180875110626220703e+02
3.084702110290527344e+02 4.245805740356445312e+02 1.173882007598876953e+02
3.081192588806152344e+02 4.250000000000000000e+02 1.190000057220458984e+02
3.084937667846679688e+02 4.255189514160156250e+02 1.184791755676269531e+02
3.085922241210937500e+02 4.252472686767578125e+02 1.178125095367431641e+02
3.087351036071777344e+02 4.259113693237304688e+02 1.180875110626220703e+02
3.086975669860839844e+02 4.249483489990234375e+02 1.170329189300537109e+02
3.085586929321289062e+02 4.243572616577148438e+02 1.167215347290039062e+02
3.089554595947265625e+02 4.250000000000000000e+02 1.160000038146972656e+02
3.090664672851562500e+02 4.259999847412109375e+02 1.169999980926513672e+02
3.093260765075683594e+02 4.260547637939453125e+02 1.159717941284179688e+02
3.093679046630859375e+02 4.269942474365234375e+02 1.170153045654296875e+02
3.090967178344726562e+02 4.270000076293945312e+02 1.180000019073486328e+02
3.094618034362792969e+02 4.276451110839843750e+02 1.173588371276855469e+02
3.095519828796386719e+02 4.273237609863281250e+02 1.166921710968017578e+02
3.094536972045898438e+02 4.266571044921875000e+02 1.162863254547119141e+02
3.096203231811523438e+02 4.269942474365234375e+02 1.159717941284179688e+02
3.098090553283691406e+02 4.270000076293945312e+02 1.150000000000000000e+02
3.098944664001464844e+02 4.279999923706054688e+02 1.160000038146972656e+02
3.095260620117187500e+02 4.264245986938476562e+02 1.156196594238281250e+02
3.095817756652832031e+02 4.262693786621093750e+02 1.150000000000000000e+02
3.094062423706054688e+02 4.257693862915039062e+02 1.150000000000000000e+02
3.096254348754882812e+02 4.259607696533203125e+02 1.139013957977294922e+02
3.095002555847167969e+02 4.254993438720703125e+02 1.135023212432861328e+02
3.094635772705078125e+02 4.256012725830078125e+02 1.141689872741699219e+02
3.097267150878906250e+02 4.259999847412109375e+02 1.130000019073486328e+02
3.099611091613769531e+02 4.270000076293945312e+02 1.140000057220458984e+02
3.100672912597656250e+02 4.270000076293945312e+02 1.130000019073486328e+02
3.102487564086914062e+02 4.279999923706054688e+02 1.140000057220458984e+02
3.103792190551757812e+02 4.280695343017578125e+02 1.130064773559570312e+02
3.100897407531738281e+02 4.279999923706054688e+02 1.150000000000000000e+02
3.104442596435546875e+02 4.287505340576171875e+02 1.140000057220458984e+02
3.104872322082519531e+02 4.285587310791015625e+02 1.133441352844238281e+02
3.103620338439941406e+02 4.290651702880859375e+02 1.149435997009277344e+02
3.105541801452636719e+02 4.292505264282226562e+02 1.140000057220458984e+02
3.105130577087402344e+02 4.294419479370117188e+02 1.145726585388183594e+02
3.105924797058105469e+02 4.289352416992187500e+02 1.130064773559570312e+02
3.106433296203613281e+02 4.289999771118164062e+02 1.119999980926513672e+02
3.105145454406738281e+02 4.284492492675781250e+02 1.126774692535400391e+02
3.105227470397949219e+02 4.284204101562500000e+02 1.119999980926513672e+02
3.103803253173828125e+02 4.279204177856445312e+02 1.119999980926513672e+02
3.105157852172851562e+02 4.284446334838867188e+02 1.112604427337646484e+02
3.103922462463378906e+02 4.280667877197265625e+02 1.109562683105468750e+02
3.105922698974609375e+02 4.289191818237304688e+02 1.109562683105468750e+02
3.104938316345214844e+02 4.285319900512695312e+02 1.105937767028808594e+02
3.105548477172851562e+02 4.292136764526367188e+02 1.100000000000000000e+02
3.107821655273437500e+02 4.300000000000000000e+02 1.110000038146972656e+02
3.106848526000976562e+02 4.300000000000000000e+02 1.100000000000000000e+02
3.105533409118652344e+02 4.300690460205078125e+02 1.090468597412109375e+02
3.108143997192382812e+02 4.309999847412109375e+02 1.100000000000000000e+02
3.106627273559570312e+02 4.309999847412109375e+02 1.090000057220458984e+02
3.105382347106933594e+02 4.309999847412109375e+02 1.083493041992187500e+02
3.107331657409667969e+02 4.320000076293945312e+02 1.090000057220458984e+02
3.105748939514160156e+02 4.320000076293945312e+02 1.081991291046142578e+02
3.105790710449218750e+02 4.329999923706054688e+02 1.081736183166503906e+02
3.105487251281738281e+02 4.339999771118164062e+02 1.082922840118408203e+02
3.105078697204589844e+02 4.304484176635742188e+02 1.084690475463867188e+02
3.105155181884765625e+02 4.294195556640625000e+02 1.094114208221435547e+02
3.104573440551757812e+02 4.297817230224609375e+02 1.087447547912597656e+02
3.103796577453613281e+02 4.290517425537109375e+02 1.090468597412109375e+02
3.101415634155273438e+02 4.279999923706054688e+02 1.090000057220458984e+02
3.104590034484863281e+02 4.287136840820312500e+02 1.100000000000000000e+02
3.102901268005371094e+02 4.279999923706054688e+02 1.100000000000000000e+02
3.100178718566894531e+02 4.270000076293945312e+02 1.100000000000000000e+02
3.100919342041015625e+02 4.270000076293945312e+02 1.110000038146972656e+02
3.096595573425292969e+02 4.259200286865234375e+02 1.099839019775390625e+02
3.094878387451171875e+02 4.255334091186523438e+02 1.096398353576660156e+02
3.097542762756347656e+02 4.259999847412109375e+02 1.110000038146972656e+02
3.095168876647949219e+02 4.254572296142578125e+02 1.103065013885498047e+02
3.093404769897460938e+02 4.250743484497070312e+02 1.099839019775390625e+02
3.095322608947753906e+02 4.254176330566406250e+02 1.110000038146972656e+02
3.095374298095703125e+02 4.254039382934570312e+02 1.119999980926513672e+02
3.093377494812011719e+02 4.249176406860351562e+02 1.110000038146972656e+02
3.093442916870117188e+02 4.249039459228515625e+02 1.119999980926513672e+02
3.089597320556640625e+02 4.239999771118164062e+02 1.110000038146972656e+02
3.086219787597656250e+02 4.232427978515625000e+02 1.110000038146972656e+02
3.089002418518066406e+02 4.239999771118164062e+02 1.100000000000000000e+02
3.089744758605957031e+02 4.239999771118164062e+02 1.119999980926513672e+02
3.086301612854003906e+02 4.232214355468750000e+02 1.119999980926513672e+02
3.089373970031738281e+02 4.239999771118164062e+02 1.130000019073486328e+02
3.086120986938476562e+02 4.232591629028320312e+02 1.130000019073486328e+02
3.088578033447265625e+02 4.239999771118164062e+02 1.140000057220458984e+02
3.093252944946289062e+02 4.249536895751953125e+02 1.130000019073486328e+02
3.093050575256347656e+02 4.250996017456054688e+02 1.139013957977294922e+02
3.095180320739746094e+02 4.254537200927734375e+02 1.130000019073486328e+02
3.091300582885742188e+02 4.250000000000000000e+02 1.150000000000000000e+02
3.087002372741699219e+02 4.239163970947265625e+02 1.150511550903320312e+02
3.085353088378906250e+02 4.234233474731445312e+02 1.147519207000732422e+02
3.084885787963867188e+02 4.235273361206054688e+02 1.154185962677001953e+02
3.086381340026855469e+02 4.241634750366210938e+02 1.160000038146972656e+02
3.084324073791503906e+02 4.236634826660156250e+02 1.160000038146972656e+02
3.081355476379394531e+02 4.229999923706054688e+02 1.160000038146972656e+02
3.077031326293945312e+02 4.221076202392578125e+02 1.160000038146972656e+02
3.083245277404785156e+02 4.230540084838867188e+02 1.150511550903320312e+02
3.077587890625000000e+02 4.219020843505859375e+02 1.150922966003417969e+02
3.083435058593750000e+02 4.228397750854492188e+02 1.140000057220458984e+02
3.079322242736816406e+02 4.220000076293945312e+02 1.140000057220458984e+02
3.083796119689941406e+02 4.227591705322265625e+02 1.130000019073486328e+02
3.085741424560546875e+02 4.233397674560546875e+02 1.140000057220458984e+02
3.083965301513671875e+02 4.227214431762695312e+02 1.119999980926513672e+02
3.080036735534667969e+02 4.220000076293945312e+02 1.130000019073486328e+02
3.080336952209472656e+02 4.220000076293945312e+02 1.119999980926513672e+02
3.076240348815917969e+02 4.212791442871093750e+02 1.130000019073486328e+02
3.073404693603515625e+02 4.207791137695312500e+02 1.130000019073486328e+02
3.076371574401855469e+02 4.212558364868164062e+02 1.119999980926513672e+02
3.075887107849121094e+02 4.213454818725585938e+02 1.140000057220458984e+02
3.072982788085937500e+02 4.208454895019531250e+02 1.140000057220458984e+02
3.075456809997558594e+02 4.214217376708984375e+02 1.148204898834228516e+02
3.072887992858886719e+02 4.210530471801757812e+02 1.150922966003417969e+02
3.070863342285156250e+02 4.209999847412109375e+02 1.160000038146972656e+02
3.074981498718261719e+02 4.215034866333007812e+02 1.154871559143066406e+02
3.067373847961425781e+02 4.201504135131835938e+02 1.150000000000000000e+02
3.067982673645019531e+02 4.200579833984375000e+02 1.140000057220458984e+02
3.063948631286621094e+02 4.196504211425781250e+02 1.150000000000000000e+02
3.066432380676269531e+02 4.202895736694335938e+02 1.160000038146972656e+02
3.062981605529785156e+02 4.197895812988281250e+02 1.160000038146972656e+02
3.065572929382324219e+02 4.204159545898437500e+02 1.167198753356933594e+02
3.062212944030761719e+02 4.200495529174804688e+02 1.170319271087646484e+02
3.058426856994628906e+02 4.199360275268554688e+02 1.180239391326904297e+02
3.064703369140625000e+02 4.205470657348632812e+02 1.173865413665771484e+02
3.056738662719726562e+02 4.192832183837890625e+02 1.169999980926513672e+02
3.057981491088867188e+02 4.191279220581054688e+02 1.160000038146972656e+02
3.055720329284667969e+02 4.194102096557617188e+02 1.177065658569335938e+02
3.052613830566406250e+02 4.187831878662109375e+02 1.169999980926513672e+02
3.053915214538574219e+02 4.186279296875000000e+02 1.160000038146972656e+02
3.051545524597167969e+02 4.190461349487304688e+02 1.180239391326904297e+02
3.047613716125488281e+02 4.182189178466796875e+02 1.169999980926513672e+02
3.042817687988281250e+02 4.177189254760742188e+02 1.169999980926513672e+02
3.048915290832519531e+02 4.180862426757812500e+02 1.160000038146972656e+02
3.046016693115234375e+02 4.183893585205078125e+02 1.180000019073486328e+02
3.045068931579589844e+02 4.184924316406250000e+02 1.185170555114746094e+02
3.041161346435546875e+02 4.178893661499023438e+02 1.180000019073486328e+02
3.036161422729492188e+02 4.173926162719726562e+02 1.180000019073486328e+02
3.029543304443359375e+02 4.168358230590820312e+02 1.180340290069580078e+02
3.037817764282226562e+02 4.172404098510742188e+02 1.169999980926513672e+02
3.035134124755859375e+02 4.174874496459960938e+02 1.185313892364501953e+02
3.030204200744628906e+02 4.172097396850585938e+02 1.189188289642333984e+02
3.023098754882812500e+02 4.166465759277343750e+02 1.190000057220458984e+02
3.024524497985839844e+02 4.165361785888671875e+02 1.183900451660156250e+02
3.019764328002929688e+02 4.167967224121093750e+02 1.200442314147949219e+02
3.018098831176757812e+02 4.162724685668945312e+02 1.190000057220458984e+02
3.020714569091796875e+02 4.161488723754882812e+02 1.180340290069580078e+02
3.016273880004882812e+02 4.164054107666015625e+02 1.197403812408447266e+02
3.009828186035156250e+02 4.157320022583007812e+02 1.190575027465820312e+02
3.006380271911621094e+02 4.154142761230468750e+02 1.187625122070312500e+02
3.004594993591308594e+02 4.155233764648437500e+02 1.194291782379150391e+02
3.013182830810546875e+02 4.156154632568359375e+02 1.180000019073486328e+02
3.010675811767578125e+02 4.161466217041015625e+02 1.200442314147949219e+02
3.002770423889160156e+02 4.156292343139648438e+02 1.200000000000000000e+02
3.007462692260742188e+02 4.163367080688476562e+02 1.210000038146972656e+02
3.014459609985351562e+02 4.165374374389648438e+02 1.204070472717285156e+02
3.012462615966796875e+02 4.166783142089843750e+02 1.210000038146972656e+02
3.009840202331542969e+02 4.170069885253906250e+02 1.219789600372314453e+02
3.020001029968261719e+02 4.172213363647460938e+02 1.209412288665771484e+02
3.002667045593261719e+02 4.166469955444335938e+02 1.222292232513427734e+02
3.005490493774414062e+02 4.164666748046875000e+02 1.215625572204589844e+02
2.999600219726562500e+02 4.163035964965820312e+02 1.219375324249267578e+02
2.999459266662597656e+02 4.158298873901367188e+02 1.209609031677246094e+02
2.996000480651855469e+02 4.164384460449218750e+02 1.226046180725097656e+02
2.989786529541015625e+02 4.157841110229492188e+02 1.219786643981933594e+02
2.982681655883789062e+02 4.156008529663085938e+02 1.222977733612060547e+02
2.986310958862304688e+02 4.154354476928710938e+02 1.216311073303222656e+02
2.992977714538574219e+02 4.156008529663085938e+02 1.212681770324707031e+02
2.989491271972656250e+02 4.162973403930664062e+02 1.229627704620361328e+02
2.979608917236328125e+02 4.158178329467773438e+02 1.229480934143066406e+02
2.969999885559082031e+02 4.156129837036132812e+02 1.232942581176757812e+02
2.979999923706054688e+02 4.163216400146484375e+02 1.237820339202880859e+02
2.976015090942382812e+02 4.154561996459960938e+02 1.225801467895507812e+02
2.969999885559082031e+02 4.153439712524414062e+02 1.227942562103271484e+02
2.979608917236328125e+02 4.153133773803710938e+02 1.219786643981933594e+02
2.979023742675781250e+02 4.148180770874023438e+02 1.209023857116699219e+02
2.969999885559082031e+02 4.149526977539062500e+02 1.219999980926513672e+02
2.960718154907226562e+02 4.146506881713867188e+02 1.220123672485351562e+02
2.969999885559082031e+02 4.146086883544921875e+02 1.212255573272705078e+02
2.964530372619628906e+02 4.145142745971679688e+02 1.214634513854980469e+02
2.969999885559082031e+02 4.144135284423828125e+02 1.207255649566650391e+02
2.969999885559082031e+02 4.141626358032226562e+02 1.200000000000000000e+02
2.975039672851562500e+02 4.144984054565429688e+02 1.205039691925048828e+02
2.960718154907226562e+02 4.142571258544921875e+02 1.210780715942382812e+02
2.950000000000000000e+02 4.139469146728515625e+02 1.210000038146972656e+02
2.959999847412109375e+02 4.138649749755859375e+02 1.200000000000000000e+02
2.957863807678222656e+02 4.144142532348632812e+02 1.216872787475585938e+02
2.949490737915039062e+02 4.143360900878906250e+02 1.220123672485351562e+02
2.939999961853027344e+02 4.141204071044921875e+02 1.219999980926513672e+02
2.945817947387695312e+02 4.144779205322265625e+02 1.225447559356689453e+02
2.952484703063964844e+02 4.145677566528320312e+02 1.223539447784423828e+02
2.949490737915039062e+02 4.147680282592773438e+02 1.229268550872802734e+02
2.939999961853027344e+02 4.146577835083007812e+02 1.231774139404296875e+02
2.949037551879882812e+02 4.153262329101562500e+02 1.240002632141113281e+02
2.960792160034179688e+02 4.151842498779296875e+02 1.230873107910156250e+02
2.957987022399902344e+02 4.154035186767578125e+02 1.236671066284179688e+02
2.964653587341308594e+02 4.155113601684570312e+02 1.234788608551025391e+02
2.960792160034179688e+02 4.156925582885742188e+02 1.240002632141113281e+02
2.951729202270507812e+02 4.155982971191406250e+02 1.243337726593017578e+02
2.959184455871582031e+02 4.162789916992187500e+02 1.250066375732421875e+02
2.970772171020507812e+02 4.161171340942382812e+02 1.240852546691894531e+02
2.967953681945800781e+02 4.163779067993164062e+02 1.246777248382568359e+02
2.974620246887207031e+02 4.165159988403320312e+02 1.244754314422607422e+02
2.949037551879882812e+02 4.158814239501953125e+02 1.249017620086669922e+02
2.955307388305664062e+02 4.164888000488281250e+02 1.255150127410888672e+02
2.961974143981933594e+02 4.166101455688476562e+02 1.253443908691406250e+02
2.959597015380859375e+02 4.170113372802734375e+02 1.259809207916259766e+02
2.950000000000000000e+02 4.167841720581054688e+02 1.261312198638916016e+02
2.957219696044921875e+02 4.174125289916992188e+02 1.266006278991699219e+02
2.963886451721191406e+02 4.175447082519531250e+02 1.264468288421630859e+02
2.960871887207031250e+02 4.179607391357421875e+02 1.270394515991210938e+02
2.950000000000000000e+02 4.177241516113281250e+02 1.272507953643798828e+02
2.969999885559082031e+02 4.181883621215820312e+02 1.268344688415527344e+02
2.950000000000000000e+02 4.172841644287109375e+02 1.267508029937744141e+02
2.941751098632812500e+02 4.175887680053710938e+02 1.274004364013671875e+02
2.939050674438476562e+02 4.172063064575195312e+02 1.270402622222900391e+02
2.939999961853027344e+02 4.166346359252929688e+02 1.263241195678710938e+02
2.935084533691406250e+02 4.174976348876953125e+02 1.275025653839111328e+02
2.929509925842285156e+02 4.168857192993164062e+02 1.269117546081542969e+02
2.925849723815917969e+02 4.164839935302734375e+02 1.265195941925048828e+02
2.932516479492187500e+02 4.165465164184570312e+02 1.264388751983642578e+02
2.919999885559082031e+02 4.168624877929687500e+02 1.270729064941406250e+02
2.929999923706054688e+02 4.174472427368164062e+02 1.275579643249511719e+02
2.919999885559082031e+02 4.173624801635742188e+02 1.276511859893798828e+02
2.929999923706054688e+02 4.179211807250976562e+02 1.280579662322998047e+02
2.919999885559082031e+02 4.178305435180664062e+02 1.281511878967285156e+02
2.909999847412109375e+02 4.177651214599609375e+02 1.282187557220458984e+02
2.909999847412109375e+02 4.173020553588867188e+02 1.277187538146972656e+02
2.909999847412109375e+02 4.182651138305664062e+02 1.287331295013427734e+02
2.900000000000000000e+02 4.177321243286132812e+02 1.282506752014160156e+02
2.889999961853027344e+02 4.177280807495117188e+02 1.282529735565185547e+02
2.900000000000000000e+02 4.172748947143554688e+02 1.277506732940673828e+02
2.900000000000000000e+02 4.182321166992187500e+02 1.287683868408203125e+02
2.900000000000000000e+02 4.187487411499023438e+02 1.292683887481689453e+02
2.889999961853027344e+02 4.182280731201171875e+02 1.287751102447509766e+02
2.889999961853027344e+02 4.187396240234375000e+02 1.292751121520996094e+02
2.879999923706054688e+02 4.182373046875000000e+02 1.287674903869628906e+02
2.869999885559082031e+02 4.182740783691406250e+02 1.287315273284912109e+02
2.879999923706054688e+02 4.177372741699218750e+02 1.282417011260986328e+02
2.879999923706054688e+02 4.187461853027343750e+02 1.292674922943115234e+02
2.869999885559082031e+02 4.187812423706054688e+02 1.292315292358398438e+02
2.879999923706054688e+02 4.192462158203125000e+02 1.297286510467529297e+02
2.879999923706054688e+02 4.198133850097656250e+02 1.302286529541015625e+02
2.889999961853027344e+02 4.192396163940429688e+02 1.297344779968261719e+02
2.869999885559082031e+02 4.192812347412109375e+02 1.296979331970214844e+02
2.859999847412109375e+02 4.193487930297851562e+02 1.296375083923339844e+02
2.869999885559082031e+02 4.198490524291992188e+02 1.301979351043701172e+02
2.859999847412109375e+02 4.199197387695312500e+02 1.301375102996826172e+02
2.869999885559082031e+02 4.203490447998046875e+02 1.306267547607421875e+02
2.859999847412109375e+02 4.204197311401367188e+02 1.305673122406005859e+02
2.869500923156738281e+02 4.210799026489257812e+02 1.311962604522705078e+02
2.879999923706054688e+02 4.203133773803710938e+02 1.306572914123535156e+02
2.879999923706054688e+02 4.209389877319335938e+02 1.311572933197021484e+02
2.889999961853027344e+02 4.203063583374023438e+02 1.306637287139892578e+02
2.889999961853027344e+02 4.209281921386718750e+02 1.311637306213378906e+02
2.889999961853027344e+02 4.198063659667968750e+02 1.302344799041748047e+02
2.900000000000000000e+02 4.209498214721679688e+02 1.311497020721435547e+02
2.859999847412109375e+02 4.209999847412109375e+02 1.310188674926757812e+02
2.865834808349609375e+02 4.215119934082031250e+02 1.314914226531982422e+02
2.872501373291015625e+02 4.214665222167968750e+02 1.315256404876708984e+02
2.859999847412109375e+02 4.215681457519531250e+02 1.314515686035156250e+02
2.850000000000000000e+02 4.216937637329101562e+02 1.313613605499267578e+02
2.859999847412109375e+02 4.220681381225585938e+02 1.317998218536376953e+02
2.850000000000000000e+02 4.221937561035156250e+02 1.317134094238281250e+02
2.859999847412109375e+02 4.228164291381835938e+02 1.322998237609863281e+02
2.849449348449707031e+02 4.230494308471679688e+02 1.322614860534667969e+02
2.859999847412109375e+02 4.233164215087890625e+02 1.326154327392578125e+02
2.859999847412109375e+02 4.239999771118164062e+02 1.330167484283447266e+02
2.852415657043457031e+02 4.234157180786132812e+02 1.325528335571289062e+02
2.849449348449707031e+02 4.239156723022460938e+02 1.327843284606933594e+02
2.839999961853027344e+02 4.241531753540039062e+02 1.327014827728271484e+02
2.845748901367187500e+02 4.235261154174804688e+02 1.324845981597900391e+02
2.850000000000000000e+02 4.248538208007812500e+02 1.333157825469970703e+02
2.850000000000000000e+02 4.253538131713867188e+02 1.335753250122070312e+02
2.859999847412109375e+02 4.246904373168945312e+02 1.334013080596923828e+02
2.840561485290527344e+02 4.250785827636718750e+02 1.332214546203613281e+02
2.837602615356445312e+02 4.256398391723632812e+02 1.334337902069091797e+02
2.844269180297851562e+02 4.254642868041992188e+02 1.335186481475830078e+02
2.829212188720703125e+02 4.249118041992187500e+02 1.328168106079101562e+02
2.819999885559082031e+02 4.252033996582031250e+02 1.326608371734619141e+02
2.825353622436523438e+02 4.245196914672851562e+02 1.324890708923339844e+02
2.832020187377929688e+02 4.243447875976562500e+02 1.325906372070312500e+02
2.829129791259765625e+02 4.259839248657226562e+02 1.333586025238037109e+02
2.819999885559082031e+02 4.259999847412109375e+02 1.330584144592285156e+02
2.825216293334960938e+02 4.265155029296875000e+02 1.334936332702636719e+02
2.831882858276367188e+02 4.263065338134765625e+02 1.335903739929199219e+02
2.829129791259765625e+02 4.269092941284179688e+02 1.337631416320800781e+02
2.840561485290527344e+02 4.259839248657226562e+02 1.336668014526367188e+02
2.839999961853027344e+02 4.270000076293945312e+02 1.340813446044921875e+02
2.850000000000000000e+02 4.259999847412109375e+02 1.338737773895263672e+02
2.850291252136230469e+02 4.270669174194335938e+02 1.343161201477050781e+02
2.859999847412109375e+02 4.259999847412109375e+02 1.340338134765625000e+02
2.859999847412109375e+02 4.251904296875000000e+02 1.336581230163574219e+02
2.859999847412109375e+02 4.268317413330078125e+02 1.343756961822509766e+02
2.869999885559082031e+02 4.259999847412109375e+02 1.341541385650634766e+02
2.869999885559082031e+02 4.250610351562500000e+02 1.337207698822021484e+02
2.869999885559082031e+02 4.266786193847656250e+02 1.344333744049072266e+02
2.879999923706054688e+02 4.259999847412109375e+02 1.342178440093994141e+02
2.869999885559082031e+02 4.271786117553710938e+02 1.346186256408691406e+02
2.869999885559082031e+02 4.279999923706054688e+02 1.348933410644531250e+02
2.859999847412109375e+02 4.273317337036132812e+02 1.345627689361572266e+02
2.853818702697753906e+02 4.274448776245117188e+02 1.345207595825195312e+02
2.859999847412109375e+02 4.279999923706054688e+02 1.347853660583496094e+02
2.859999847412109375e+02 4.289999771118164062e+02 1.350806236267089844e+02
2.850291252136230469e+02 4.279668045043945312e+02 1.346342182159423828e+02
2.841691207885742188e+02 4.282780075073242188e+02 1.345745277404785156e+02
2.847151947021484375e+02 4.276113128662109375e+02 1.344622611999511719e+02
2.850000000000000000e+02 4.289999771118164062e+02 1.349404144287109375e+02
2.850000000000000000e+02 4.300000000000000000e+02 1.351851463317871094e+02
2.839014625549316406e+02 4.289011764526367188e+02 1.346992397308349609e+02
2.835024452209472656e+02 4.285019683837890625e+02 1.344994449615478516e+02
2.839999961853027344e+02 4.300000000000000000e+02 1.349966144561767578e+02
2.831686592102050781e+02 4.291686630249023438e+02 1.345917606353759766e+02
2.829011917114257812e+02 4.289011764526367188e+02 1.344433975219726562e+02
2.829011917114257812e+02 4.299014663696289062e+02 1.346992397308349609e+02
2.822764015197753906e+02 4.301691055297851562e+02 1.345745277404785156e+02
2.825019836425781250e+02 4.295024490356445312e+02 1.344994449615478516e+02
2.829999923706054688e+02 4.309999847412109375e+02 1.349404144287109375e+02
2.839999961853027344e+02 4.309999847412109375e+02 1.351851463317871094e+02
2.819658470153808594e+02 4.310221862792968750e+02 1.346358966827392578e+02
2.816097450256347656e+02 4.307036590576171875e+02 1.344630050659179688e+02
2.819999885559082031e+02 4.320000076293945312e+02 1.347838306427001953e+02
2.814368820190429688e+02 4.313703155517578125e+02 1.345235538482666016e+02
2.810621261596679688e+02 4.310221862792968750e+02 1.343177795410156250e+02
2.813238906860351562e+02 4.320000076293945312e+02 1.345647716522216797e+02
2.812032699584960938e+02 4.329999923706054688e+02 1.346071910858154297e+02
2.808238983154296875e+02 4.320000076293945312e+02 1.343799781799316406e+02
2.800000000000000000e+02 4.320000076293945312e+02 1.340448474884033203e+02
2.807032775878906250e+02 4.329999923706054688e+02 1.344259071350097656e+02
2.806640815734863281e+02 4.339999771118164062e+02 1.344408893585205078e+02
2.800000000000000000e+02 4.329999923706054688e+02 1.341425323486328125e+02
2.800000000000000000e+02 4.339999771118164062e+02 1.341737365722656250e+02
2.791078758239746094e+02 4.329999923706054688e+02 1.337166213989257812e+02
2.792019081115722656e+02 4.320000076293945312e+02 1.336648750305175781e+02
2.786078643798828125e+02 4.329999923706054688e+02 1.334384250640869141e+02
2.790787887573242188e+02 4.339999771118164062e+02 1.337328433990478516e+02
2.785787963867187500e+02 4.339999771118164062e+02 1.334547996520996094e+02
2.790994834899902344e+02 4.350000000000000000e+02 1.337213516235351562e+02
2.791737937927246094e+02 4.359999847412109375e+02 1.336802768707275391e+02
2.800000000000000000e+02 4.350000000000000000e+02 1.341515159606933594e+02
2.785994911193847656e+02 4.350000000000000000e+02 1.334430885314941406e+02
2.779999923706054688e+02 4.350000000000000000e+02 1.330583667755126953e+02
2.786737823486328125e+02 4.359999847412109375e+02 1.334011936187744141e+02
2.788177299499511719e+02 4.370000076293945312e+02 1.333208274841308594e+02
2.779999923706054688e+02 4.359999847412109375e+02 1.329760646820068359e+02
2.779360771179199219e+02 4.369835662841796875e+02 1.327743530273437500e+02
2.773994636535644531e+02 4.359999847412109375e+02 1.325748729705810547e+02
2.773457145690917969e+02 4.350000000000000000e+02 1.326152896881103516e+02
2.768994522094726562e+02 4.359999847412109375e+02 1.321915817260742188e+02
2.774604225158691406e+02 4.366392517089843750e+02 1.325294876098632812e+02
2.770762443542480469e+02 4.369835662841796875e+02 1.321602916717529297e+02
2.763777351379394531e+02 4.370000076293945312e+02 1.316063213348388672e+02
2.769476699829101562e+02 4.379701614379882812e+02 1.318152427673339844e+02
2.775601387023925781e+02 4.373059082031250000e+02 1.324587345123291016e+02
2.776928901672363281e+02 4.379999923706054688e+02 1.323676967620849609e+02
2.781928825378417969e+02 4.379999923706054688e+02 1.327030658721923828e+02
2.780182266235351562e+02 4.390536499023437500e+02 1.322465801239013672e+02
2.772393989562988281e+02 4.389999771118164062e+02 1.317041492462158203e+02
2.783637046813964844e+02 4.387560653686523438e+02 1.325903415679931641e+02
2.779735755920410156e+02 4.399902725219726562e+02 1.318189239501953125e+02
2.785470390319824219e+02 4.394227600097656250e+02 1.324721145629882812e+02
2.789282226562500000e+02 4.390536499023437500e+02 1.328177547454833984e+02
2.787643814086914062e+02 4.400000000000000000e+02 1.323431682586669922e+02
2.792643737792968750e+02 4.400000000000000000e+02 1.326351165771484375e+02
2.790191650390625000e+02 4.409791564941406250e+02 1.319933319091796875e+02
2.782892990112304688e+02 4.407614898681640625e+02 1.316521072387695312e+02
2.785662269592285156e+02 4.414281463623046875e+02 1.314564800262451172e+02
2.794721221923828125e+02 4.405301666259765625e+02 1.325162029266357422e+02
2.779735755920410156e+02 4.410569000244140625e+02 1.312386608123779297e+02
2.776226234436035156e+02 4.403171157836914062e+02 1.314078617095947266e+02
2.780567359924316406e+02 4.419275665283203125e+02 1.307284164428710938e+02
2.772554588317871094e+02 4.409999847412109375e+02 1.307059669494628906e+02
2.767554664611816406e+02 4.409999847412109375e+02 1.302683067321777344e+02
2.769762992858886719e+02 4.400378417968750000e+02 1.310220336914062500e+02
2.774610710144042969e+02 4.415459442138671875e+02 1.305334281921386719e+02
2.770838356018066406e+02 4.418986892700195312e+02 1.299245834350585938e+02
2.764344978332519531e+02 4.415847778320312500e+02 1.295660209655761719e+02
2.767066192626953125e+02 4.422514724731445312e+02 1.292933750152587891e+02
2.773732948303222656e+02 4.426419448852539062e+02 1.296164703369140625e+02
2.777612304687500000e+02 4.422126388549804688e+02 1.302831363677978516e+02
2.780575942993164062e+02 4.429409790039062500e+02 1.299526023864746094e+02
2.776873016357421875e+02 4.433086013793945312e+02 1.293304538726806641e+02
2.780191993713378906e+02 4.439828491210937500e+02 1.289831924438476562e+02
2.770225524902343750e+02 4.429741287231445312e+02 1.289785766601562500e+02
2.773384857177734375e+02 4.436648559570312500e+02 1.286637878417968750e+02
2.763844490051269531e+02 4.426396942138671875e+02 1.286267089843750000e+02
2.766718292236328125e+02 4.433063507080078125e+02 1.283032703399658203e+02
2.760535430908203125e+02 4.429315185546875000e+02 1.279306316375732422e+02
2.770213317871093750e+02 4.439768600463867188e+02 1.279751777648925781e+02
2.767041587829589844e+02 4.442889022827148438e+02 1.272236442565917969e+02
2.763893127441406250e+02 4.436222457885742188e+02 1.276366043090820312e+02
2.773708343505859375e+02 4.446228790283203125e+02 1.276470756530761719e+02
2.776844406127929688e+02 4.443315124511718750e+02 1.283137416839599609e+02
2.780506324768066406e+02 4.449576950073242188e+02 1.279489517211914062e+02
2.777501678466796875e+02 4.452895736694335938e+02 1.271992588043212891e+02
2.784168243408203125e+02 4.455670166015625000e+02 1.275841522216796875e+02
2.787644958496093750e+02 4.452925109863281250e+02 1.282508182525634766e+02
2.783511161804199219e+02 4.446258163452148438e+02 1.286359310150146484e+02
2.790817451477050781e+02 4.449369430541992188e+02 1.289313125610351562e+02
2.794311714172363281e+02 4.455520629882812500e+02 1.285600376129150391e+02
2.790587043762207031e+02 4.457574844360351562e+02 1.279504966735839844e+02
2.789355468750000000e+02 4.463002777099609375e+02 1.270792865753173828e+02
2.799213409423828125e+02 4.462796020507812500e+02 1.280514144897460938e+02
2.795355796813964844e+02 4.464767456054687500e+02 1.274654769897460938e+02
2.802022361755371094e+02 4.466863250732421875e+02 1.277523517608642578e+02
2.799651527404785156e+02 4.470225524902343750e+02 1.270340538024902344e+02
2.810146903991699219e+02 4.469948959350585938e+02 1.279891300201416016e+02
2.807597923278808594e+02 4.473530197143554688e+02 1.272692966461181641e+02
2.814264678955078125e+02 4.475410461425781250e+02 1.275592517852783203e+02
2.819999885559082031e+02 4.476796340942382812e+02 1.277613353729248047e+02
2.810558700561523438e+02 4.477107620239257812e+02 1.269615840911865234e+02
2.803947448730468750e+02 4.475640106201171875e+02 1.266026306152343750e+02
2.809982681274414062e+02 4.482316589355468750e+02 1.260037994384765625e+02
2.820120429992675781e+02 4.481914901733398438e+02 1.269675159454345703e+02
2.816867446899414062e+02 4.484129333496093750e+02 1.263396739959716797e+02
2.828187179565429688e+02 4.483651733398437500e+02 1.272791957855224609e+02
2.823534011840820312e+02 4.485678100585937500e+02 1.266125297546386719e+02
2.820120429992675781e+02 4.487435913085937500e+02 1.260037994384765625e+02
2.830912208557128906e+02 4.486678695678710938e+02 1.269675159454345703e+02
2.830270767211914062e+02 4.492112731933593750e+02 1.259567356109619141e+02
2.834853935241699219e+02 4.485062408447265625e+02 1.275092029571533203e+02
2.839999961853027344e+02 4.489942550659179688e+02 1.269999980926513672e+02
2.839999961853027344e+02 4.493972396850585938e+02 1.263079738616943359e+02
2.839999961853027344e+02 4.485970306396484375e+02 1.276404762268066406e+02
2.849194145202636719e+02 4.492977523803710938e+02 1.269853305816650391e+02
2.850000000000000000e+02 4.487541961669921875e+02 1.278644084930419922e+02
2.851990318298339844e+02 4.495858383178710938e+02 1.266422080993652344e+02
2.859999847412109375e+02 4.493717575073242188e+02 1.272935199737548828e+02
2.845323562622070312e+02 4.494906234741210938e+02 1.264827442169189453e+02
2.849194145202636719e+02 4.498091888427734375e+02 1.260896492004394531e+02
2.839999961853027344e+02 4.496635437011718750e+02 1.258079719543457031e+02
2.849296569824218750e+02 4.503491210937500000e+02 1.250065040588378906e+02
2.859999847412109375e+02 4.501248168945312500e+02 1.260000038146972656e+02
2.859999847412109375e+02 4.496798324584960938e+02 1.267935276031494141e+02
2.869076156616210938e+02 4.503107452392578125e+02 1.259510612487792969e+02
2.859999847412109375e+02 4.504449462890625000e+02 1.253801536560058594e+02
2.859999847412109375e+02 4.506713867187500000e+02 1.248801517486572266e+02
2.865127182006835938e+02 4.504981613159179688e+02 1.254960250854492188e+02
2.869076156616210938e+02 4.507320022583007812e+02 1.250976181030273438e+02
2.871793746948242188e+02 4.505457305908203125e+02 1.255850982666015625e+02
2.879999923706054688e+02 4.509002304077148438e+02 1.250000000000000000e+02
2.869999885559082031e+02 4.511867141723632812e+02 1.240000057220458984e+02
2.859999847412109375e+02 4.510205078125000000e+02 1.240000057220458984e+02
2.869999885559082031e+02 4.514310073852539062e+02 1.232875061035156250e+02
2.880626678466796875e+02 4.513343429565429688e+02 1.239086437225341797e+02
2.877711105346679688e+02 4.514776229858398438e+02 1.234327888488769531e+02
2.884377670288085938e+02 4.515051651000976562e+02 1.235144042968750000e+02
2.880626678466796875e+02 4.516273880004882812e+02 1.230596733093261719e+02
2.889999961853027344e+02 4.517139053344726562e+02 1.230000019073486328e+02
2.869999885559082031e+02 4.515937805175781250e+02 1.227875041961669922e+02
2.879999923706054688e+02 4.519388580322265625e+02 1.219999980926513672e+02
2.869999885559082031e+02 4.518131256103515625e+02 1.219999980926513672e+02
2.879999923706054688e+02 4.521868515014648438e+02 1.210000038146972656e+02
2.889999961853027344e+02 4.520213699340820312e+02 1.219999980926513672e+02
2.889999961853027344e+02 4.522827148437500000e+02 1.210000038146972656e+02
2.889999961853027344e+02 4.524557876586914062e+02 1.202646350860595703e+02
2.900984382629394531e+02 4.523733520507812500e+02 1.209002590179443359e+02
2.904973983764648438e+02 4.525001144409179688e+02 1.205004310607910156e+02
2.898307418823242188e+02 4.524847412109375000e+02 1.204175758361816406e+02
2.900984382629394531e+02 4.525656890869140625e+02 1.200505447387695312e+02
2.889999961853027344e+02 4.525493621826171875e+02 1.197646331787109375e+02
2.900000000000000000e+02 4.527445220947265625e+02 1.190000057220458984e+02
2.909051895141601562e+02 4.525756072998046875e+02 1.200867843627929688e+02
2.909999847412109375e+02 4.527687072753906250e+02 1.190000057220458984e+02
2.919999885559082031e+02 4.525795364379882812e+02 1.198809146881103516e+02
2.911753273010253906e+02 4.524954986572265625e+02 1.204779815673828125e+02
2.905086517333984375e+02 4.525001144409179688e+02 1.205004310607910156e+02
2.919999885559082031e+02 4.524740982055664062e+02 1.203809165954589844e+02
2.919999885559082031e+02 4.527420806884765625e+02 1.190000057220458984e+02
2.929999923706054688e+02 4.525347900390625000e+02 1.196581745147705078e+02
2.919999885559082031e+02 4.528905868530273438e+02 1.180000019073486328e+02
2.909999847412109375e+02 4.529123306274414062e+02 1.180000019073486328e+02
2.919999885559082031e+02 4.529934310913085938e+02 1.169999980926513672e+02
2.909999847412109375e+02 4.530103302001953125e+02 1.169999980926513672e+02
2.919999885559082031e+02 4.530401611328125000e+02 1.160000038146972656e+02
2.929999923706054688e+02 4.530020141601562500e+02 1.160000038146972656e+02
2.909999847412109375e+02 4.530496215820312500e+02 1.160000038146972656e+02
2.919999885559082031e+02 4.530521392822265625e+02 1.150000000000000000e+02
2.909999847412109375e+02 4.530546569824218750e+02 1.150000000000000000e+02
2.919999885559082031e+02 4.530546569824218750e+02 1.140000057220458984e+02
2.929999923706054688e+02 4.530325317382812500e+02 1.150000000000000000e+02
2.929999923706054688e+02 4.530461502075195312e+02 1.140000057220458984e+02
2.929999923706054688e+02 4.530496215820312500e+02 1.130000019073486328e+02
2.939999961853027344e+02 4.529846954345703125e+02 1.140000057220458984e+02
2.939999961853027344e+02 4.529929351806640625e+02 1.130000019073486328e+02
2.950000000000000000e+02 4.528708267211914062e+02 1.130000019073486328e+02
2.939999961853027344e+02 4.529846954345703125e+02 1.119999980926513672e+02
2.929999923706054688e+02 4.530461502075195312e+02 1.119999980926513672e+02
2.939999961853027344e+02 4.529587936401367188e+02 1.110000038146972656e+02
2.950000000000000000e+02 4.528577804565429688e+02 1.119999980926513672e+02
2.950000000000000000e+02 4.528196334838867188e+02 1.110000038146972656e+02
2.960937500000000000e+02 4.526197814941406250e+02 1.119438934326171875e+02
2.959999847412109375e+02 4.526658248901367188e+02 1.130000019073486328e+02
2.965323257446289062e+02 4.525104522705078125e+02 1.122398185729980469e+02
2.964896011352539062e+02 4.524970626831054688e+02 1.115731525421142578e+02
2.959250640869140625e+02 4.526185989379882812e+02 1.110000038146972656e+02
2.964250755310058594e+02 4.524784851074218750e+02 1.110000038146972656e+02
2.957689476013183594e+02 4.525776672363281250e+02 1.100000000000000000e+02
2.950000000000000000e+02 4.527497100830078125e+02 1.100000000000000000e+02
2.962689590454101562e+02 4.524311447143554688e+02 1.100000000000000000e+02
2.956147766113281250e+02 4.525345230102539062e+02 1.092896080017089844e+02
2.959688568115234375e+02 4.523747253417968750e+02 1.089737606048583984e+02
2.950453376770019531e+02 4.526139831542968750e+02 1.089737606048583984e+02
2.939999961853027344e+02 4.528067016601562500e+02 1.090000057220458984e+02
2.954089164733886719e+02 4.524797439575195312e+02 1.086229419708251953e+02
2.947422409057617188e+02 4.525533294677734375e+02 1.082241153717041016e+02
2.940606307983398438e+02 4.526220703125000000e+02 1.079344654083251953e+02
2.950453376770019531e+02 4.524267578125000000e+02 1.079344654083251953e+02
2.944343948364257812e+02 4.524887847900390625e+02 1.075574493408203125e+02
2.950000000000000000e+02 4.522237396240234375e+02 1.069999980926513672e+02
2.959999847412109375e+02 4.521786880493164062e+02 1.080000019073486328e+02
2.969999885559082031e+02 4.518370819091796875e+02 1.080000019073486328e+02
2.959999847412109375e+02 4.519398117065429688e+02 1.069999980926513672e+02
2.959902572631835938e+02 4.516538238525390625e+02 1.060129356384277344e+02
2.969728660583496094e+02 4.516185379028320312e+02 1.070759963989257812e+02
2.966214561462402344e+02 4.515478134155273438e+02 1.063548851013183594e+02
2.975264167785644531e+02 4.515114593505859375e+02 1.074599933624267578e+02
2.972881317138671875e+02 4.514167022705078125e+02 1.067933273315429688e+02
2.976733398437500000e+02 4.515752792358398438e+02 1.080000019073486328e+02
2.980228042602539062e+02 4.516432571411132812e+02 1.090927124023437500e+02
2.981733322143554688e+02 4.513587570190429688e+02 1.080000019073486328e+02
2.983713531494140625e+02 4.514437103271484375e+02 1.088211917877197266e+02
2.989999961853027344e+02 4.509688186645507812e+02 1.080000019073486328e+02
2.989024734497070312e+02 4.512289428710937500e+02 1.090927124023437500e+02
2.996968841552734375e+02 4.506100463867187500e+02 1.080000019073486328e+02
2.995685386657714844e+02 4.505380630493164062e+02 1.073629283905029297e+02
2.998608779907226562e+02 4.507033920288085938e+02 1.090000057220458984e+02
3.003608703613281250e+02 4.504204940795898438e+02 1.090000057220458984e+02
3.000723075866699219e+02 4.507275390625000000e+02 1.100333786010742188e+02
3.004538536071777344e+02 4.504733657836914062e+02 1.097222900390625000e+02
2.990713500976562500e+02 4.512744140625000000e+02 1.100000000000000000e+02
3.000000000000000000e+02 4.508568954467773438e+02 1.110000038146972656e+02
3.005216407775878906e+02 4.505133438110351562e+02 1.103889560699462891e+02
3.009129714965820312e+02 4.502286529541015625e+02 1.100333786010742188e+02
3.005581474304199219e+02 4.505354690551757812e+02 1.110000038146972656e+02
3.010581398010253906e+02 4.502282714843750000e+02 1.110000038146972656e+02
3.006036758422851562e+02 4.505625152587890625e+02 1.119999980926513672e+02
3.000000000000000000e+02 4.509125900268554688e+02 1.119999980926513672e+02
3.011036682128906250e+02 4.502596282958984375e+02 1.119999980926513672e+02
3.000000000000000000e+02 4.509365463256835938e+02 1.130000019073486328e+02
2.992296218872070312e+02 4.513500976562500000e+02 1.119999980926513672e+02
2.991713142395019531e+02 4.513214111328125000e+02 1.110000038146972656e+02
2.987296295166015625e+02 4.516255950927734375e+02 1.119999980926513672e+02
2.986713027954101562e+02 4.515925979614257812e+02 1.110000038146972656e+02
2.979999923706054688e+02 4.519677352905273438e+02 1.119999980926513672e+02
2.979999923706054688e+02 4.519023132324218750e+02 1.110000038146972656e+02
2.969193840026855469e+02 4.523719406127929688e+02 1.119438934326171875e+02
2.969999885559082031e+02 4.522882080078125000e+02 1.110000038146972656e+02
2.969999885559082031e+02 4.521868515014648438e+02 1.100000000000000000e+02
2.969999885559082031e+02 4.520360183715820312e+02 1.090000057220458984e+02
2.979999923706054688e+02 4.517937088012695312e+02 1.100000000000000000e+02
2.985713577270507812e+02 4.515379714965820312e+02 1.100000000000000000e+02
2.985041236877441406e+02 4.515021514892578125e+02 1.094878578186035156e+02
2.950000000000000000e+02 4.519434356689453125e+02 1.060000038146972656e+02
2.949345779418945312e+02 4.516241073608398438e+02 1.050190830230712891e+02
2.939999961853027344e+02 4.521691513061523438e+02 1.060000038146972656e+02
2.929729843139648438e+02 4.523556900024414062e+02 1.060674095153808594e+02
2.939999961853027344e+02 4.518345260620117188e+02 1.050000000000000000e+02
2.940606307983398438e+02 4.524218368530273438e+02 1.069765758514404297e+02
2.937677383422851562e+02 4.525453948974609375e+02 1.072942829132080078e+02
2.932883071899414062e+02 4.524717330932617188e+02 1.066276168823242188e+02
2.929729843139648438e+02 4.525867843627929688e+02 1.069765758514404297e+02
2.929999923706054688e+02 4.527761077880859375e+02 1.080000019073486328e+02
2.919999885559082031e+02 4.526704025268554688e+02 1.069999980926513672e+02
2.926216316223144531e+02 4.525162506103515625e+02 1.064456844329833984e+02
2.919999885559082031e+02 4.525373840332031250e+02 1.063708400726318359e+02
2.909999847412109375e+02 4.525511550903320312e+02 1.063190174102783203e+02
2.919999885559082031e+02 4.523913574218750000e+02 1.058708381652832031e+02
2.909999847412109375e+02 4.524097061157226562e+02 1.058190155029296875e+02
2.919999885559082031e+02 4.521141433715820312e+02 1.050000000000000000e+02
2.920618247985839844e+02 4.516939544677734375e+02 1.039087200164794922e+02
2.909999847412109375e+02 4.521602249145507812e+02 1.050000000000000000e+02
2.929999923706054688e+02 4.520056915283203125e+02 1.050000000000000000e+02
2.929999923706054688e+02 4.516648483276367188e+02 1.041091442108154297e+02
2.929999923706054688e+02 4.514533615112304688e+02 1.036091423034667969e+02
2.939999961853027344e+02 4.515760803222656250e+02 1.043209934234619141e+02
2.939999961853027344e+02 4.513617324829101562e+02 1.038209915161132812e+02
2.945576286315917969e+02 4.515157699584960938e+02 1.044636631011962891e+02
2.939999961853027344e+02 4.509761810302734375e+02 1.030000019073486328e+02
2.939999961853027344e+02 4.506144332885742188e+02 1.022907352447509766e+02
2.949878311157226562e+02 4.507157516479492188e+02 1.029623508453369141e+02
2.929999923706054688e+02 4.511591720581054688e+02 1.030000019073486328e+02
2.920618247985839844e+02 4.513140106201171875e+02 1.030670166015625000e+02
2.929999923706054688e+02 4.507057952880859375e+02 1.021148490905761719e+02
2.920393371582031250e+02 4.507366561889648438e+02 1.019151687622070312e+02
2.929999923706054688e+02 4.504363250732421875e+02 1.016148471832275391e+02
2.923989105224609375e+02 4.504862213134765625e+02 1.015252780914306641e+02
2.929999923706054688e+02 4.500506591796875000e+02 1.010000038146972656e+02
2.939999961853027344e+02 4.503370666503906250e+02 1.017907428741455078e+02
2.940122985839843750e+02 4.497966003417968750e+02 1.009308052062988281e+02
2.949878311157226562e+02 4.502348709106445312e+02 1.020558738708496094e+02
2.946463966369628906e+02 4.505408477783203125e+02 1.024264621734619141e+02
2.953130722045898438e+02 4.504476165771484375e+02 1.026039218902587891e+02
2.960498237609863281e+02 4.498214340209960938e+02 1.019303894042968750e+02
2.950000000000000000e+02 4.497078323364257812e+02 1.011875343322753906e+02
2.950000000000000000e+02 4.493719100952148438e+02 1.006875324249267578e+02
2.957497024536132812e+02 4.495899200439453125e+02 1.013653755187988281e+02
2.960498237609863281e+02 4.492479705810546875e+02 1.010192298889160156e+02
2.959999847412109375e+02 4.487077331542968750e+02 1.002323055267333984e+02
2.964163780212402344e+02 4.494696426391601562e+02 1.015506458282470703e+02
2.970102119445800781e+02 4.488269424438476562e+02 1.009560298919677734e+02
2.973503494262695312e+02 4.484343338012695312e+02 1.005933761596679688e+02
2.966836738586425781e+02 4.485793304443359375e+02 1.003960800170898438e+02
2.969999885559082031e+02 4.493491744995117188e+02 1.017512226104736328e+02
2.978266906738281250e+02 4.486626052856445312e+02 1.012600421905517578e+02
2.980960083007812500e+02 4.483152770996093750e+02 1.009560298919677734e+02
2.979999923706054688e+02 4.477716445922851562e+02 1.001628875732421875e+02
2.989958381652832031e+02 4.478417587280273438e+02 1.009821414947509766e+02
2.984933662414550781e+02 4.484965896606445312e+02 1.015052986145019531e+02
2.993263816833496094e+02 4.473926162719726562e+02 1.006369018554687500e+02
2.986597251892089844e+02 4.475945281982421875e+02 1.003828907012939453e+02
2.990260505676269531e+02 4.470189285278320312e+02 9.997961044311523438e+01
2.993923759460449219e+02 4.464258956909179688e+02 9.957633018493652344e+01
2.987257194519042969e+02 4.466452026367187500e+02 9.934957504272460938e+01
2.979999923706054688e+02 4.473582839965820312e+02 9.966288566589355469e+01
2.998290443420410156e+02 4.467259597778320312e+02 1.002429962158203125e+02
3.001106262207031250e+02 4.470767974853515625e+02 1.009036064147949219e+02
3.000974273681640625e+02 4.462573623657226562e+02 9.994579315185546875e+01
3.000000000000000000e+02 4.456990814208984375e+02 9.931526184082031250e+01
3.004957199096679688e+02 4.464968109130859375e+02 1.005036449432373047e+02
3.009043121337890625e+02 4.457347106933593750e+02 1.000664520263671875e+02
3.011738777160644531e+02 4.451972961425781250e+02 9.977741241455078125e+01
3.005072021484375000e+02 4.455062103271484375e+02 9.949428558349609375e+01
3.009999847412109375e+02 4.462887573242187500e+02 1.007389640808105469e+02
3.015591239929199219e+02 4.455548477172851562e+02 1.004440784454345703e+02
3.018779945373535156e+02 4.448776626586914062e+02 1.001115989685058594e+02
3.018718719482421875e+02 4.458853149414062500e+02 1.011304283142089844e+02
3.022257804870605469e+02 4.452246856689453125e+02 1.007792282104492188e+02
3.015179824829101562e+02 4.465147781372070312e+02 1.014816284179687500e+02
3.025491905212402344e+02 4.455491638183593750e+02 1.014458942413330078e+02
3.009999847412109375e+02 4.467068099975585938e+02 1.012389564514160156e+02
3.015302276611328125e+02 4.445306015014648438e+02 9.947463989257812500e+01
3.025537681579589844e+02 4.445580291748046875e+02 1.004457759857177734e+02
3.009043121337890625e+02 4.449183654785156250e+02 9.931214332580566406e+01
3.000553321838378906e+02 4.450327301025390625e+02 9.878298759460449219e+01
3.010459899902343750e+02 4.440567016601562500e+02 9.875589370727539062e+01
3.004255485534667969e+02 4.444278335571289062e+02 9.855131149291992188e+01
3.007433319091796875e+02 4.437611770629882812e+02 9.832520484924316406e+01
3.000050354003906250e+02 4.440058517456054688e+02 9.799397468566894531e+01
3.009721946716308594e+02 4.429656219482421875e+02 9.801496505737304688e+01
3.012300491333007812e+02 4.420000076293945312e+02 9.768425941467285156e+01
3.005343818664550781e+02 4.425429916381835938e+02 9.747689247131347656e+01
3.002511978149414062e+02 4.432096481323242188e+02 9.765853881835937500e+01
2.999507141113281250e+02 4.429257965087890625e+02 9.731937408447265625e+01
2.989762878417968750e+02 4.429799270629882812e+02 9.679349899291992188e+01
2.999398040771484375e+02 4.419527053833007812e+02 9.684487342834472656e+01
2.995845413208007812e+02 4.435838699340820312e+02 9.744727134704589844e+01
2.989307022094726562e+02 4.439503097534179688e+02 9.731124877929687500e+01
2.979727363586425781e+02 4.439588165283203125e+02 9.682679176330566406e+01
2.985511779785156250e+02 4.445409774780273438e+02 9.747104644775390625e+01
2.992178344726562500e+02 4.442505645751953125e+02 9.766274452209472656e+01
2.989534950256347656e+02 4.449644470214843750e+02 9.802305221557617188e+01
2.986891365051269531e+02 4.456365203857421875e+02 9.838335990905761719e+01
2.993558120727539062e+02 4.453879165649414062e+02 9.859272003173828125e+01
2.997588729858398438e+02 4.447212219238281250e+02 9.832941055297851562e+01
2.979999923706054688e+02 4.452391052246093750e+02 9.769320487976074219e+01
2.979999923706054688e+02 4.447390747070312500e+02 9.733316421508789062e+01
2.979114532470703125e+02 4.459819030761718750e+02 9.824812889099121094e+01
2.974078559875488281e+02 4.454444885253906250e+02 9.754090309143066406e+01
2.969552612304687500e+02 4.449731063842773438e+02 9.701723098754882812e+01
2.970447158813476562e+02 4.459790802001953125e+02 9.781915664672851562e+01
2.959999847412109375e+02 4.463047409057617188e+02 9.766362190246582031e+01
2.967411994934082031e+02 4.456318283081054688e+02 9.739461898803710938e+01
2.969999885559082031e+02 4.466391754150390625e+02 9.836826324462890625e+01
2.959999847412109375e+02 4.468560791015625000e+02 9.816362380981445312e+01
2.970989418029785156e+02 4.472108459472656250e+02 9.899937629699707031e+01
2.975190925598144531e+02 4.465113067626953125e+02 9.848928451538085938e+01
2.979114532470703125e+02 4.467934036254882812e+02 9.900974273681640625e+01
2.981857681274414062e+02 4.463031768798828125e+02 9.868290901184082031e+01
2.990407562255859375e+02 4.460312271118164062e+02 9.897114753723144531e+01
2.959999847412109375e+02 4.473560714721679688e+02 9.864975929260253906e+01
2.968315696716308594e+02 4.476495742797851562e+02 9.933228492736816406e+01
2.974982261657714844e+02 4.474991607666015625e+02 9.950095176696777344e+01
2.970909500122070312e+02 4.480419540405273438e+02 9.994852066040039062e+01
2.959999847412109375e+02 4.483129501342773438e+02 9.973230361938476562e+01
2.952919960021972656e+02 4.484343719482421875e+02 9.958032608032226562e+01
2.959999847412109375e+02 4.478129577636718750e+02 9.914975166320800781e+01
2.950141525268554688e+02 4.480062484741210938e+02 9.899365425109863281e+01
2.947363090515136719e+02 4.475781250000000000e+02 9.842008590698242188e+01
2.939999961853027344e+02 4.481820297241210938e+02 9.885766983032226562e+01
2.946253204345703125e+02 4.485393524169921875e+02 9.945326805114746094e+01
2.954029846191406250e+02 4.474671936035156250e+02 9.853404998779296875e+01
2.950402259826660156e+02 4.470155334472656250e+02 9.798492431640625000e+01
2.953441429138183594e+02 4.464411544799804688e+02 9.754976272583007812e+01
2.946774673461914062e+02 4.465638351440429688e+02 9.744356155395507812e+01
2.939999961853027344e+02 4.471665954589843750e+02 9.781364440917968750e+01
2.929999923706054688e+02 4.472988128662109375e+02 9.768969535827636719e+01
2.939999961853027344e+02 4.466666030883789062e+02 9.735266685485839844e+01
2.939999961853027344e+02 4.476819992065429688e+02 9.831364631652832031e+01
2.929999923706054688e+02 4.478027725219726562e+02 9.818968772888183594e+01
2.919999885559082031e+02 4.479000473022460938e+02 9.809015274047851562e+01
2.929999923706054688e+02 4.483028030395507812e+02 9.872274398803710938e+01
2.919999885559082031e+02 4.484000396728515625e+02 9.861330032348632812e+01
2.929999923706054688e+02 4.487320327758789062e+02 9.922273635864257812e+01
2.929999923706054688e+02 4.492320251464843750e+02 9.984691619873046875e+01
2.939999961853027344e+02 4.486198043823242188e+02 9.935767173767089844e+01
2.919999885559082031e+02 4.488217926025390625e+02 9.911329269409179688e+01
2.909999847412109375e+02 4.488828277587890625e+02 9.903693199157714844e+01
2.919999885559082031e+02 4.493217849731445312e+02 9.973387718200683594e+01
2.909999847412109375e+02 4.493828201293945312e+02 9.965518951416015625e+01
2.919999885559082031e+02 4.496968078613281250e+02 1.002338790893554688e+02
2.920393371582031250e+02 4.502492141723632812e+02 1.010696792602539062e+02
2.929999923706054688e+02 4.496142959594726562e+02 1.003469181060791016e+02
2.909999847412109375e+02 4.497529220581054688e+02 1.001551818847656250e+02
2.900000000000000000e+02 4.497791671752929688e+02 1.001142597198486328e+02
2.909999847412109375e+02 4.502529144287109375e+02 1.008964061737060547e+02
2.909999847412109375e+02 4.505635070800781250e+02 1.013964080810546875e+02
2.900000000000000000e+02 4.502791595458984375e+02 1.008618640899658203e+02
2.889999961853027344e+02 4.502750778198242188e+02 1.008727645874023438e+02
2.900000000000000000e+02 4.505831909179687500e+02 1.013618659973144531e+02
2.900000000000000000e+02 4.509081268310546875e+02 1.019999980926513672e+02
2.889999961853027344e+02 4.505758666992187500e+02 1.013727664947509766e+02
2.879999923706054688e+02 4.505448150634765625e+02 1.014246749877929688e+02
2.889999961853027344e+02 4.508912658691406250e+02 1.019999980926513672e+02
2.879999923706054688e+02 4.508320236206054688e+02 1.019999980926513672e+02
2.889999961853027344e+02 4.513153457641601562e+02 1.029289436340332031e+02
2.880244445800781250e+02 4.513190841674804688e+02 1.030846023559570312e+02
2.889999961853027344e+02 4.515308380126953125e+02 1.034289360046386719e+02
2.900000000000000000e+02 4.513249588012695312e+02 1.028871440887451172e+02
2.900000000000000000e+02 4.515509796142578125e+02 1.033871459960937500e+02
2.909999847412109375e+02 4.513122177124023438e+02 1.028977298736572266e+02
2.909999847412109375e+02 4.508757781982421875e+02 1.019999980926513672e+02
2.909999847412109375e+02 4.515480041503906250e+02 1.033977317810058594e+02
2.909999847412109375e+02 4.517984771728515625e+02 1.040000057220458984e+02
2.917696952819824219e+02 4.515262603759765625e+02 1.034450244903564453e+02
2.900000000000000000e+02 4.517971801757812500e+02 1.040000057220458984e+02
2.889999961853027344e+02 4.517486190795898438e+02 1.040000057220458984e+02
2.900000000000000000e+02 4.521434783935546875e+02 1.050000000000000000e+02
2.900000000000000000e+02 4.523972702026367188e+02 1.058671855926513672e+02
2.889999961853027344e+02 4.520807647705078125e+02 1.050000000000000000e+02
2.879999923706054688e+02 4.519911575317382812e+02 1.050000000000000000e+02
2.889951133728027344e+02 4.523822402954101562e+02 1.060678005218505859e+02
2.879999923706054688e+02 4.522658157348632812e+02 1.060000038146972656e+02
2.886585235595703125e+02 4.524864196777343750e+02 1.065686511993408203e+02
2.893251800537109375e+02 4.525150680541992188e+02 1.064463233947753906e+02
2.889951133728027344e+02 4.525863647460937500e+02 1.069411945343017578e+02
2.900000000000000000e+02 4.525372314453125000e+02 1.063671875000000000e+02
2.900000000000000000e+02 4.526639175415039062e+02 1.069999980926513672e+02
2.900000000000000000e+02 4.528277206420898438e+02 1.080000019073486328e+02
2.909999847412109375e+02 4.526911163330078125e+02 1.069999980926513672e+02
2.909999847412109375e+02 4.528523635864257812e+02 1.080000019073486328e+02
2.909999847412109375e+02 4.529786682128906250e+02 1.090000057220458984e+02
2.919999885559082031e+02 4.528411483764648438e+02 1.080000019073486328e+02
2.919999885559082031e+02 4.529709625244140625e+02 1.090000057220458984e+02
2.919999885559082031e+02 4.530376434326171875e+02 1.100000000000000000e+02
2.929999923706054688e+02 4.529206466674804688e+02 1.090000057220458984e+02
2.929999923706054688e+02 4.530020141601562500e+02 1.100000000000000000e+02
2.929999923706054688e+02 4.530325317382812500e+02 1.110000038146972656e+02
2.939999961853027344e+02 4.529087066650390625e+02 1.100000000000000000e+02
2.919999885559082031e+02 4.530521392822265625e+02 1.110000038146972656e+02
2.909999847412109375e+02 4.530546569824218750e+02 1.110000038146972656e+02
2.919999885559082031e+02 4.530546569824218750e+02 1.119999980926513672e+02
2.909999847412109375e+02 4.530546569824218750e+02 1.119999980926513672e+02
2.919999885559082031e+02 4.530546569824218750e+02 1.130000019073486328e+02
2.909999847412109375e+02 4.530546569824218750e+02 1.130000019073486328e+02
2.900000000000000000e+02 4.530546569824218750e+02 1.130000019073486328e+02
2.909999847412109375e+02 4.530546569824218750e+02 1.140000057220458984e+02
2.900000000000000000e+02 4.530546569824218750e+02 1.140000057220458984e+02
2.889999961853027344e+02 4.530521392822265625e+02 1.140000057220458984e+02
2.900000000000000000e+02 4.530521392822265625e+02 1.150000000000000000e+02
2.889999961853027344e+02 4.530401611328125000e+02 1.150000000000000000e+02
2.900000000000000000e+02 4.530401611328125000e+02 1.160000038146972656e+02
2.889999961853027344e+02 4.530106735229492188e+02 1.160000038146972656e+02
2.900000000000000000e+02 4.529934310913085938e+02 1.169999980926513672e+02
2.889999961853027344e+02 4.529456329345703125e+02 1.169999980926513672e+02
2.900000000000000000e+02 4.528905868530273438e+02 1.180000019073486328e+02
2.889999961853027344e+02 4.528310394287109375e+02 1.180000019073486328e+02
2.879999923706054688e+02 4.527271270751953125e+02 1.180000019073486328e+02
2.889999961853027344e+02 4.526800537109375000e+02 1.190000057220458984e+02
2.880087852478027344e+02 4.525741577148437500e+02 1.190136718750000000e+02
2.873154449462890625e+02 4.525304031372070312e+02 1.186894512176513672e+02
2.876813125610351562e+02 4.524769973754882812e+02 1.193561172485351562e+02
2.883479690551757812e+02 4.525194168090820312e+02 1.196019363403320312e+02
2.880087852478027344e+02 4.524088668823242188e+02 1.199611663818359375e+02
2.869999885559082031e+02 4.522572708129882812e+02 1.200000000000000000e+02
2.859999847412109375e+02 4.520749282836914062e+02 1.200000000000000000e+02
2.869892692565917969e+02 4.524254226684570312e+02 1.190136718750000000e+02
2.869999885559082031e+02 4.520514678955078125e+02 1.210000038146972656e+02
2.859999847412109375e+02 4.518753433227539062e+02 1.210000038146972656e+02
2.849623107910156250e+02 4.516362762451171875e+02 1.210232067108154297e+02
2.859823417663574219e+02 4.516300964355468750e+02 1.220376968383789062e+02
2.856372451782226562e+02 4.514735412597656250e+02 1.223961544036865234e+02
2.852705001831054688e+02 4.515580749511718750e+02 1.217294883728027344e+02
2.863039016723632812e+02 4.515376663208007812e+02 1.226172161102294922e+02
2.859823417663574219e+02 4.513634109497070312e+02 1.229703330993652344e+02
2.850000000000000000e+02 4.511323928833007812e+02 1.230000019073486328e+02
2.849296569824218750e+02 4.507378005981445312e+02 1.240780735015869141e+02
2.839999961853027344e+02 4.508373641967773438e+02 1.230000019073486328e+02
2.849623107910156250e+02 4.514007186889648438e+02 1.220376968383789062e+02
2.839999961853027344e+02 4.511323928833007812e+02 1.219999980926513672e+02
2.846038436889648438e+02 4.514735412597656250e+02 1.213720130920410156e+02
2.840219116210937500e+02 4.513653945922851562e+02 1.210232067108154297e+02
2.829999923706054688e+02 4.510146713256835938e+02 1.210000038146972656e+02
2.843698692321777344e+02 4.515423583984375000e+02 1.207053470611572266e+02
2.836607933044433594e+02 4.514474868774414062e+02 1.200000000000000000e+02
2.829999923706054688e+02 4.512058639526367188e+02 1.200000000000000000e+02
2.835111808776855469e+02 4.514963150024414062e+02 1.194743728637695312e+02
2.841607856750488281e+02 4.516099166870117188e+02 1.200000000000000000e+02
2.839067077636718750e+02 4.516803741455078125e+02 1.190846252441406250e+02
2.850000000000000000e+02 4.518464660644531250e+02 1.200000000000000000e+02
2.850000000000000000e+02 4.520128631591796875e+02 1.190000057220458984e+02
2.850000000000000000e+02 4.521517562866210938e+02 1.180000019073486328e+02
2.859999847412109375e+02 4.522445297241210938e+02 1.190000057220458984e+02
2.860382843017578125e+02 4.523987197875976562e+02 1.179949283599853516e+02
2.857014656066894531e+02 4.524567031860351562e+02 1.169999980926513672e+02
2.863971328735351562e+02 4.525222015380859375e+02 1.176582145690917969e+02
2.866487884521484375e+02 4.524755477905273438e+02 1.183248805999755859e+02
2.869892692565917969e+02 4.525777053833007812e+02 1.179949283599853516e+02
2.869999885559082031e+02 4.527062988281250000e+02 1.169999980926513672e+02
2.862014579772949219e+02 4.525634765625000000e+02 1.169999980926513672e+02
2.869999885559082031e+02 4.527978897094726562e+02 1.160000038146972656e+02
2.879999923706054688e+02 4.528501892089843750e+02 1.169999980926513672e+02
2.879999923706054688e+02 4.529317855834960938e+02 1.160000038146972656e+02
2.879999923706054688e+02 4.529769897460937500e+02 1.150000000000000000e+02
2.869999885559082031e+02 4.528513336181640625e+02 1.150000000000000000e+02
2.879999923706054688e+02 4.529989624023437500e+02 1.140000057220458984e+02
2.869999885559082031e+02 4.528786087036132812e+02 1.140000057220458984e+02
2.879999923706054688e+02 4.530049896240234375e+02 1.130000019073486328e+02
2.869999885559082031e+02 4.528863906860351562e+02 1.130000019073486328e+02
2.889999961853027344e+02 4.530546569824218750e+02 1.130000019073486328e+02
2.879999923706054688e+02 4.529989624023437500e+02 1.119999980926513672e+02
2.869999885559082031e+02 4.528786087036132812e+02 1.119999980926513672e+02
2.879999923706054688e+02 4.529769897460937500e+02 1.110000038146972656e+02
2.889999961853027344e+02 4.530521392822265625e+02 1.119999980926513672e+02
2.900000000000000000e+02 4.530546569824218750e+02 1.119999980926513672e+02
2.889999961853027344e+02 4.530401611328125000e+02 1.110000038146972656e+02
2.889999961853027344e+02 4.530020141601562500e+02 1.100000000000000000e+02
2.900000000000000000e+02 4.530521392822265625e+02 1.110000038146972656e+02
2.900000000000000000e+02 4.530325317382812500e+02 1.100000000000000000e+02
2.900000000000000000e+02 4.529587936401367188e+02 1.090000057220458984e+02
2.909999847412109375e+02 4.530436325073242188e+02 1.100000000000000000e+02
2.889999961853027344e+02 4.529110717773437500e+02 1.090000057220458984e+02
2.879999923706054688e+02 4.528205108642578125e+02 1.090000057220458984e+02
2.889999961853027344e+02 4.527710723876953125e+02 1.080000019073486328e+02
2.879999923706054688e+02 4.526765823364257812e+02 1.080000019073486328e+02
2.870499229431152344e+02 4.525560760498046875e+02 1.080412578582763672e+02
2.879999923706054688e+02 4.525485229492187500e+02 1.072548103332519531e+02
2.874165344238281250e+02 4.525124740600585938e+02 1.074377632141113281e+02
2.879999923706054688e+02 4.524493789672851562e+02 1.067548084259033203e+02
2.870499229431152344e+02 4.523835754394531250e+02 1.070626544952392578e+02
2.859999847412109375e+02 4.521931076049804688e+02 1.069999980926513672e+02
2.869999885559082031e+02 4.521368408203125000e+02 1.060000038146972656e+02
2.867498588562011719e+02 4.524629211425781250e+02 1.077354240417480469e+02
2.860517311096191406e+02 4.523883819580078125e+02 1.080412578582763672e+02
2.850000000000000000e+02 4.521557617187500000e+02 1.080000019073486328e+02
2.857136726379394531e+02 4.524589920043945312e+02 1.090000057220458984e+02
2.864195632934570312e+02 4.525155258178710938e+02 1.084020996093750000e+02
2.862136840820312500e+02 4.525548553466796875e+02 1.090000057220458984e+02
2.859191894531250000e+02 4.526015090942382812e+02 1.099390316009521484e+02
2.869999885559082031e+02 4.526848602294921875e+02 1.090000057220458984e+02
2.869999885559082031e+02 4.527899932861328125e+02 1.100000000000000000e+02
2.869999885559082031e+02 4.528513336181640625e+02 1.110000038146972656e+02
2.879999923706054688e+02 4.529230117797851562e+02 1.100000000000000000e+02
2.859999847412109375e+02 4.526910781860351562e+02 1.110000038146972656e+02
2.859999847412109375e+02 4.527237701416015625e+02 1.119999980926513672e+02
2.853174972534179688e+02 4.525513839721679688e+02 1.110000038146972656e+02
2.848174858093261719e+02 4.524104690551757812e+02 1.110000038146972656e+02
2.854098320007324219e+02 4.525254058837890625e+02 1.102317237854003906e+02
2.852540588378906250e+02 4.525693511962890625e+02 1.119999980926513672e+02
2.852378845214843750e+02 4.525740051269531250e+02 1.130000019073486328e+02
2.847540664672851562e+02 4.524279785156250000e+02 1.119999980926513672e+02
2.839999961853027344e+02 4.522025680541992188e+02 1.119999980926513672e+02
2.847378730773925781e+02 4.524324035644531250e+02 1.130000019073486328e+02
2.839999961853027344e+02 4.522105407714843750e+02 1.130000019073486328e+02
2.847643661499023438e+02 4.524245071411132812e+02 1.140000057220458984e+02
2.839999961853027344e+02 4.521924972534179688e+02 1.140000057220458984e+02
2.848410415649414062e+02 4.524021911621093750e+02 1.150000000000000000e+02
2.852643775939941406e+02 4.525668716430664062e+02 1.140000057220458984e+02
2.853410530090332031e+02 4.525455093383789062e+02 1.150000000000000000e+02
2.859999847412109375e+02 4.527213287353515625e+02 1.140000057220458984e+02
2.859999847412109375e+02 4.527327346801757812e+02 1.130000019073486328e+02
2.859999847412109375e+02 4.526852035522460938e+02 1.150000000000000000e+02
2.859228706359863281e+02 4.526016616821289062e+02 1.160437965393066406e+02
2.854274940490722656e+02 4.525208282470703125e+02 1.157396602630615234e+02
2.855381393432617188e+02 4.524918746948242188e+02 1.164063262939453125e+02
2.850564956665039062e+02 4.523888778686523438e+02 1.160437965393066406e+02
2.839999961853027344e+02 4.520714187622070312e+02 1.160000038146972656e+02
2.850000000000000000e+02 4.522758483886718750e+02 1.169999980926513672e+02
2.839999961853027344e+02 4.519757080078125000e+02 1.169999980926513672e+02
2.830965423583984375e+02 4.516565704345703125e+02 1.169999980926513672e+02
2.839999961853027344e+02 4.518578720092773438e+02 1.180000019073486328e+02
2.832452964782714844e+02 4.515978622436523438e+02 1.180000019073486328e+02
2.827452850341796875e+02 4.514053344726562500e+02 1.180000019073486328e+02
2.833848762512207031e+02 4.515441513061523438e+02 1.188077068328857422e+02
2.830309104919433594e+02 4.513688278198242188e+02 1.190846252441406250e+02
2.819999885559082031e+02 4.509488296508789062e+02 1.190000057220458984e+02
2.812995529174804688e+02 4.506100082397460938e+02 1.190000057220458984e+02
2.819999885559082031e+02 4.510794448852539062e+02 1.180000019073486328e+02
2.819131660461425781e+02 4.507366561889648438e+02 1.200660324096679688e+02
2.814096260070800781e+02 4.505499267578125000e+02 1.197767162322998047e+02
2.815219497680664062e+02 4.504897689819335938e+02 1.204433822631835938e+02
2.821444320678710938e+02 4.506630706787109375e+02 1.210000038146972656e+02
2.816444396972656250e+02 4.504326629638671875e+02 1.210000038146972656e+02
2.823372840881347656e+02 4.505752944946289062e+02 1.217665576934814453e+02
2.820023727416992188e+02 4.503373336791992188e+02 1.220599365234375000e+02
2.829282569885253906e+02 4.507344818115234375e+02 1.220599365234375000e+02
2.832824325561523438e+02 4.505864715576171875e+02 1.230000019073486328e+02
2.825471115112304688e+02 4.504809188842773438e+02 1.224332237243652344e+02
2.827824401855468750e+02 4.503849792480468750e+02 1.230000019073486328e+02
2.819999885559082031e+02 4.500395584106445312e+02 1.230000019073486328e+02
2.830976676940917969e+02 4.501808166503906250e+02 1.239023780822753906e+02
2.820139503479003906e+02 4.496863555908203125e+02 1.239679431915283203e+02
2.830270767211914062e+02 4.496916198730468750e+02 1.249860572814941406e+02
2.834961318969726562e+02 4.505015563964843750e+02 1.235039710998535156e+02
2.839999961853027344e+02 4.503913116455078125e+02 1.242255592346191406e+02
2.839999961853027344e+02 4.500548553466796875e+02 1.250000000000000000e+02
2.839999961853027344e+02 4.505864715576171875e+02 1.237255573272705078e+02
2.845494270324707031e+02 4.504857254028320312e+02 1.244634437561035156e+02
2.823565673828125000e+02 4.495662689208984375e+02 1.246434211730957031e+02
2.833784675598144531e+02 4.495503997802734375e+02 1.255945587158203125e+02
2.827118110656738281e+02 4.494119262695312500e+02 1.253100872039794922e+02
2.820139503479003906e+02 4.492500686645507812e+02 1.249860572814941406e+02
2.816899108886718750e+02 4.494119262695312500e+02 1.242798995971679688e+02
2.809982681274414062e+02 4.487406921386718750e+02 1.249821949005126953e+02
2.810507583618164062e+02 4.492015075683593750e+02 1.239679431915283203e+02
2.806637763977050781e+02 4.484091949462890625e+02 1.253036499023437500e+02
2.813304328918457031e+02 4.485929107666015625e+02 1.256730079650878906e+02
2.803948020935058594e+02 4.485630035400390625e+02 1.246369838714599609e+02
2.800368690490722656e+02 4.481874465942382812e+02 1.249821949005126953e+02
2.801778984069824219e+02 4.486928939819335938e+02 1.240000057220458984e+02
2.796778869628906250e+02 4.483925628662109375e+02 1.240000057220458984e+02
2.799054336547851562e+02 4.488669967651367188e+02 1.230902481079101562e+02
2.795090484619140625e+02 4.484944152832031250e+02 1.234837532043457031e+02
2.793443870544433594e+02 4.486073684692382812e+02 1.228170871734619141e+02
2.800305175781250000e+02 4.492690658569335938e+02 1.220510864257812500e+02
2.807194137573242188e+02 4.493782043457031250e+02 1.230000019073486328e+02
2.805412673950195312e+02 4.494767379760742188e+02 1.224184799194335938e+02
2.812194252014160156e+02 4.496545791625976562e+02 1.230000019073486328e+02
2.809247589111328125e+02 4.497914886474609375e+02 1.220510864257812500e+02
2.814179420471191406e+02 4.495452117919921875e+02 1.236132335662841797e+02
2.809999847412109375e+02 4.500909042358398438e+02 1.210000038146972656e+02
2.803842163085937500e+02 4.495711517333984375e+02 1.217518138885498047e+02
2.802460289001464844e+02 4.496582412719726562e+02 1.210000038146972656e+02
2.800980377197265625e+02 4.497531890869140625e+02 1.200000000000000000e+02
2.797460365295410156e+02 4.493449783325195312e+02 1.210000038146972656e+02
2.789298057556152344e+02 4.487951278686523438e+02 1.209943103790283203e+02
2.795980262756347656e+02 4.494368362426757812e+02 1.200000000000000000e+02
2.789999961853027344e+02 4.490287780761718750e+02 1.200000000000000000e+02
2.795202064514160156e+02 4.494868469238281250e+02 1.194116115570068359e+02
2.790678787231445312e+02 4.492313766479492188e+02 1.190469646453857422e+02
2.799121284484863281e+02 4.497882080078125000e+02 1.190469646453857422e+02
2.794464683532714844e+02 4.495363616943359375e+02 1.187449455261230469e+02
2.800000000000000000e+02 4.499856567382812500e+02 1.180000019073486328e+02
2.807995414733886719e+02 4.503330230712890625e+02 1.190000057220458984e+02
2.806789016723632812e+02 4.504006576538085938e+02 1.180000019073486328e+02
2.810457611083984375e+02 4.502964019775390625e+02 1.200660324096679688e+02
2.805766296386718750e+02 4.504577255249023438e+02 1.169999980926513672e+02
2.811789131164550781e+02 4.506740951538085938e+02 1.180000019073486328e+02
2.810766410827636719e+02 4.507255172729492188e+02 1.169999980926513672e+02
2.809120368957519531e+02 4.507180404663085938e+02 1.160098457336425781e+02
2.819999885559082031e+02 4.511878967285156250e+02 1.169999980926513672e+02
2.820802879333496094e+02 4.513053131103515625e+02 1.160343551635742188e+02
2.825965499877929688e+02 4.514623641967773438e+02 1.169999980926513672e+02
2.825198745727539062e+02 4.514920806884765625e+02 1.163906002044677734e+02
2.829119300842285156e+02 4.516730880737304688e+02 1.160343551635742188e+02
2.824671363830566406e+02 4.515161895751953125e+02 1.157239341735839844e+02
2.829999923706054688e+02 4.517804718017578125e+02 1.150000000000000000e+02
2.824215888977050781e+02 4.515391921997070312e+02 1.150000000000000000e+02
2.829999923706054688e+02 4.518329238891601562e+02 1.140000057220458984e+02
2.839999961853027344e+02 4.521434402465820312e+02 1.150000000000000000e+02
2.823719978332519531e+02 4.515649414062500000e+02 1.140000057220458984e+02
2.829999923706054688e+02 4.518539047241210938e+02 1.130000019073486328e+02
2.829999923706054688e+02 4.518477249145507812e+02 1.119999980926513672e+02
2.823515319824218750e+02 4.515757751464843750e+02 1.130000019073486328e+02
2.823551559448242188e+02 4.515731430053710938e+02 1.119999980926513672e+02
2.818515396118164062e+02 4.513189697265625000e+02 1.130000019073486328e+02
2.818551635742187500e+02 4.513189697265625000e+02 1.119999980926513672e+02
2.809999847412109375e+02 4.508930587768554688e+02 1.130000019073486328e+02
2.818720054626464844e+02 4.513101196289062500e+02 1.140000057220458984e+02
2.809999847412109375e+02 4.508726501464843750e+02 1.140000057220458984e+02
2.819215774536132812e+02 4.512892150878906250e+02 1.150000000000000000e+02
2.809999847412109375e+02 4.508246994018554688e+02 1.150000000000000000e+02
2.804418373107910156e+02 4.505354690551757812e+02 1.150000000000000000e+02
2.803963088989257812e+02 4.505625152587890625e+02 1.140000057220458984e+02
2.799418449401855469e+02 4.502282714843750000e+02 1.150000000000000000e+02
2.804783439636230469e+02 4.505133438110351562e+02 1.156830787658691406e+02
2.800870132446289062e+02 4.502450561523437500e+02 1.160098457336425781e+02
2.792220497131347656e+02 4.496895599365234375e+02 1.160000038146972656e+02
2.800000000000000000e+02 4.500998306274414062e+02 1.169999980926513672e+02
2.805200767517089844e+02 4.504890441894531250e+02 1.163497447967529297e+02
2.792917060852050781e+02 4.496420669555664062e+02 1.169999980926513672e+02
2.787917137145996094e+02 4.492989349365234375e+02 1.169999980926513672e+02
2.793752288818359375e+02 4.495849990844726562e+02 1.180000019073486328e+02
2.788752365112304688e+02 4.492420959472656250e+02 1.180000019073486328e+02
2.781838226318359375e+02 4.487421035766601562e+02 1.180000019073486328e+02
2.776838302612304688e+02 4.483562850952148438e+02 1.180000019073486328e+02
2.781031799316406250e+02 4.487989425659179688e+02 1.169999980926513672e+02
2.782742691040039062e+02 4.486740875244140625e+02 1.190000057220458984e+02
2.783814430236816406e+02 4.485919189453125000e+02 1.200000000000000000e+02
2.777742767333984375e+02 4.482846832275390625e+02 1.190000057220458984e+02
2.778814315795898438e+02 4.481992340087890625e+02 1.200000000000000000e+02
2.771616554260253906e+02 4.477846908569335938e+02 1.190000057220458984e+02
2.770737457275390625e+02 4.478562545776367188e+02 1.180000019073486328e+02
2.766616630554199219e+02 4.473596572875976562e+02 1.190000057220458984e+02
2.772644996643066406e+02 4.476992034912109375e+02 1.200000000000000000e+02
2.767644882202148438e+02 4.472684860229492188e+02 1.200000000000000000e+02
2.773778915405273438e+02 4.476038742065429688e+02 1.210000038146972656e+02
2.768778991699218750e+02 4.471681594848632812e+02 1.210000038146972656e+02
2.774572753906250000e+02 4.475363540649414062e+02 1.216401576995849609e+02
2.780754089355468750e+02 4.481617355346679688e+02 1.209943103790283203e+02
2.779375457763671875e+02 4.478255462646484375e+02 1.219840908050537109e+02
2.785496902465820312e+02 4.484643936157226562e+02 1.213238430023193359e+02
2.784590339660644531e+02 4.485319137573242188e+02 1.206571769714355469e+02
2.786705589294433594e+02 4.483796691894531250e+02 1.219999980926513672e+02
2.790066337585449219e+02 4.482826232910156250e+02 1.230902481079101562e+02
2.791705703735351562e+02 4.487287521362304688e+02 1.219999980926513672e+02
2.789253997802734375e+02 4.478749084472656250e+02 1.240557193756103516e+02
2.781949806213378906e+02 4.477324295043945312e+02 1.230000019073486328e+02
2.783640670776367188e+02 4.476014328002929688e+02 1.237595272064208984e+02
2.776949882507324219e+02 4.473488998413085938e+02 1.230000019073486328e+02
2.770958709716796875e+02 4.468489074707031250e+02 1.230000019073486328e+02
2.775625801086425781e+02 4.474501800537109375e+02 1.223068237304687500e+02
2.780184364318847656e+02 4.472221755981445312e+02 1.240557193756103516e+02
2.779861259460449219e+02 4.468008422851562500e+02 1.249621868133544922e+02
2.785423469543457031e+02 4.474707412719726562e+02 1.244261932373046875e+02
2.772953224182128906e+02 4.466746139526367188e+02 1.240000057220458984e+02
2.774396133422851562e+02 4.465511322021484375e+02 1.246036434173583984e+02
2.767953300476074219e+02 4.462384414672851562e+02 1.240000057220458984e+02
2.765958786010742188e+02 4.464143371582031250e+02 1.230000019073486328e+02
2.770139312744140625e+02 4.459887695312500000e+02 1.249739933013916016e+02
2.762541389465332031e+02 4.457384490966796875e+02 1.240000057220458984e+02
2.757541465759277344e+02 4.452323532104492188e+02 1.240000057220458984e+02
2.760786247253417969e+02 4.459143066406250000e+02 1.230000019073486328e+02
2.764043617248535156e+02 4.455924224853515625e+02 1.246776676177978516e+02
2.759975242614746094e+02 4.450003051757812500e+02 1.249991226196289062e+02
2.762880325317382812e+02 4.447178268432617188e+02 1.260000038146972656e+02
2.765882682800292969e+02 4.454164505004882812e+02 1.253443431854248047e+02
2.755906677246093750e+02 4.443958282470703125e+02 1.253205680847167969e+02
2.754246711730957031e+02 4.445841598510742188e+02 1.246539020538330078e+02
2.752942657470703125e+02 4.447323608398437500e+02 1.240000057220458984e+02
2.750347518920898438e+02 4.439537429809570312e+02 1.249201393127441406e+02
2.747942543029785156e+02 4.441318893432617188e+02 1.240000057220458984e+02
2.753576850891113281e+02 4.436729812622070312e+02 1.260000038146972656e+02
2.744909667968750000e+02 4.435116195678710938e+02 1.245197200775146484e+02
2.746448326110839844e+02 4.432997894287109375e+02 1.251863861083984375e+02
2.742995834350585938e+02 4.429798889160156250e+02 1.249118328094482422e+02
2.748332405090332031e+02 4.429798889160156250e+02 1.260102558135986328e+02
2.744072341918945312e+02 4.426331329345703125e+02 1.256837654113769531e+02
2.745784950256347656e+02 4.423783111572265625e+02 1.263504314422607422e+02
2.753200149536132812e+02 4.429340362548828125e+02 1.269011592864990234e+02
2.754561233520507812e+02 4.425566864013671875e+02 1.275579929351806641e+02
2.754987335205078125e+02 4.435014724731445312e+02 1.265019416809082031e+02
2.757226562500000000e+02 4.432233810424804688e+02 1.271686077117919922e+02
2.747604179382324219e+02 4.420269775390625000e+02 1.270348548889160156e+02
2.745660591125488281e+02 4.413862991333007812e+02 1.273914337158203125e+02
2.743689918518066406e+02 4.417116165161132812e+02 1.267247676849365234e+02
2.752975654602050781e+02 4.419222259521484375e+02 1.279347896575927734e+02
2.747855758666992188e+02 4.410317611694335938e+02 1.280111122131347656e+02
2.757177734375000000e+02 4.422036743164062500e+02 1.282246589660644531e+02
2.754737472534179688e+02 4.415370178222656250e+02 1.285312747955322266e+02
2.753074264526367188e+02 4.409999847412109375e+02 1.287351322174072266e+02
2.760761451721191406e+02 4.418942260742187500e+02 1.289123249053955078e+02
2.757343864440917969e+02 4.409999847412109375e+02 1.292351341247558594e+02
2.755446815490722656e+02 4.404185104370117188e+02 1.294489002227783203e+02
2.762343978881835938e+02 4.409999847412109375e+02 1.297683048248291016e+02
2.759493064880371094e+02 4.400885391235351562e+02 1.300509929656982422e+02
2.756738281250000000e+02 4.389999771118164062e+02 1.303238582611083984e+02
2.753684234619140625e+02 4.397518539428710938e+02 1.296436023712158203e+02
2.763539123535156250e+02 4.397585296630859375e+02 1.306362152099609375e+02
2.765462112426757812e+02 4.404252243041992188e+02 1.304583835601806641e+02
2.761738204956054688e+02 4.389999771118164062e+02 1.308034324645996094e+02
2.767393875122070312e+02 4.389999771118164062e+02 1.313034343719482422e+02
2.760021400451660156e+02 4.379895782470703125e+02 1.309985923767089844e+02
2.758777236938476562e+02 4.370000076293945312e+02 1.311515712738037109e+02
2.755445098876953125e+02 4.383621597290039062e+02 1.304548740386962891e+02
2.754376602172851562e+02 4.376955032348632812e+02 1.305621623992919922e+02
2.764597892761230469e+02 4.376169586181640625e+02 1.315351390838623047e+02
2.765794563293457031e+02 4.382836151123046875e+02 1.314350318908691406e+02
2.753476333618164062e+02 4.370000076293945312e+02 1.306515693664550781e+02
2.750040054321289062e+02 4.379821777343750000e+02 1.299956321716308594e+02
2.744687652587890625e+02 4.376021957397460938e+02 1.295363903045654297e+02
2.748476409912109375e+02 4.370000076293945312e+02 1.301195907592773438e+02
2.745703697204589844e+02 4.382688903808593750e+02 1.294110870361328125e+02
2.752040863037109375e+02 4.389999771118164062e+02 1.298238563537597656e+02
2.747040939331054688e+02 4.389999771118164062e+02 1.292429637908935547e+02
2.749856185913085938e+02 4.400219345092773438e+02 1.290142154693603516e+02
2.743164443969726562e+02 4.389999771118164062e+02 1.287429618835449219e+02
2.744394302368164062e+02 4.396253585815429688e+02 1.285795307159423828e+02
2.737892723083496094e+02 4.390015411376953125e+02 1.279596138000488281e+02
2.742022132873535156e+02 4.379613113403320312e+02 1.290466499328613281e+02
2.736511802673339844e+02 4.379999923706054688e+02 1.282639694213867188e+02
2.738491821289062500e+02 4.369619750976562500e+02 1.289194107055664062e+02
2.738077163696289062e+02 4.359999847412109375e+02 1.290985298156738281e+02
2.734764671325683594e+02 4.366033172607421875e+02 1.285323524475097656e+02
2.735523986816406250e+02 4.372699737548828125e+02 1.284192752838134766e+02
2.743971633911132812e+02 4.370000076293945312e+02 1.296195888519287109e+02
2.743077278137207031e+02 4.359999847412109375e+02 1.297221851348876953e+02
2.742581939697265625e+02 4.350000000000000000e+02 1.297756767272949219e+02
2.747551536560058594e+02 4.359999847412109375e+02 1.302221775054931641e+02
2.752551460266113281e+02 4.359999847412109375e+02 1.307430744171142578e+02
2.747084999084472656e+02 4.350000000000000000e+02 1.302756690979003906e+02
2.746946334838867188e+02 4.339999771118164062e+02 1.302927112579345703e+02
2.752084922790527344e+02 4.350000000000000000e+02 1.307875442504882812e+02
2.757323074340820312e+02 4.350000000000000000e+02 1.312875461578369141e+02
2.751946449279785156e+02 4.339999771118164062e+02 1.307991027832031250e+02
2.752001571655273438e+02 4.329999923706054688e+02 1.307919883728027344e+02
2.757210731506347656e+02 4.339999771118164062e+02 1.312991046905517578e+02
2.757312583923339844e+02 4.329999923706054688e+02 1.312919807434082031e+02
2.762210845947265625e+02 4.339999771118164062e+02 1.317420482635498047e+02
2.762312698364257812e+02 4.329999923706054688e+02 1.317310428619384766e+02
2.762323188781738281e+02 4.350000000000000000e+02 1.317326450347900391e+02
2.768331527709960938e+02 4.339999771118164062e+02 1.322420501708984375e+02
2.773331451416015625e+02 4.339999771118164062e+02 1.326250553131103516e+02
2.768457221984863281e+02 4.350000000000000000e+02 1.322326469421386719e+02
2.768503952026367188e+02 4.329999923706054688e+02 1.322310352325439453e+02
2.769174385070800781e+02 4.320000076293945312e+02 1.321841907501220703e+02
2.773503875732421875e+02 4.329999923706054688e+02 1.326114940643310547e+02
2.774174308776855469e+02 4.320000076293945312e+02 1.325610256195068359e+02
2.779999923706054688e+02 4.329999923706054688e+02 1.330499172210693359e+02
2.779999923706054688e+02 4.320000076293945312e+02 1.329464626312255859e+02
2.779999923706054688e+02 4.339999771118164062e+02 1.330798530578613281e+02
2.779517173767089844e+02 4.310567474365234375e+02 1.327460956573486328e+02
2.787018966674804688e+02 4.320000076293945312e+02 1.333854389190673828e+02
2.788629150390625000e+02 4.309999847412109375e+02 1.332955551147460938e+02
2.790835762023925781e+02 4.300664520263671875e+02 1.331927776336669922e+02
2.793629074096679688e+02 4.309999847412109375e+02 1.335761070251464844e+02
2.800000000000000000e+02 4.309999847412109375e+02 1.338760852813720703e+02
2.794726371765136719e+02 4.304441070556640625e+02 1.335152435302734375e+02
2.799938964843750000e+02 4.300664520263671875e+02 1.336600399017333984e+02
2.803231620788574219e+02 4.292346954345703125e+02 1.335841941833496094e+02
2.796565055847167969e+02 4.297774505615234375e+02 1.334244728088378906e+02
2.809999847412109375e+02 4.300000000000000000e+02 1.340748500823974609e+02
2.809298133850097656e+02 4.289408111572265625e+02 1.337551212310791016e+02
2.819658470153808594e+02 4.299014663696289062e+02 1.344086551666259766e+02
2.819999885559082031e+02 4.289999771118164062e+02 1.341854190826416016e+02
2.819999885559082031e+02 4.279999923706054688e+02 1.338740253448486328e+02
2.812736511230468750e+02 4.279999923706054688e+02 1.335979080200195312e+02
2.819999885559082031e+02 4.272468948364257812e+02 1.336021804809570312e+02
2.829999923706054688e+02 4.279999923706054688e+02 1.341908168792724609e+02
2.839014625549316406e+02 4.279668045043945312e+02 1.344091224670410156e+02
2.819999885559082031e+02 4.267469024658203125e+02 1.333975887298583984e+02
2.814818191528320312e+02 4.274803543090820312e+02 1.335082054138183594e+02
2.810890960693359375e+02 4.270882034301757812e+02 1.331646251678466797e+02
2.800450897216796875e+02 4.270684051513671875e+02 1.326568222045898438e+02
2.810447692871093750e+02 4.260423660278320312e+02 1.326765632629394531e+02
2.807736396789550781e+02 4.279999923706054688e+02 1.333767604827880859e+02
2.805496978759765625e+02 4.285680007934570312e+02 1.334780502319335938e+02
2.800000000000000000e+02 4.279999923706054688e+02 1.330059242248535156e+02
2.799938964843750000e+02 4.289408111572265625e+02 1.333307647705078125e+02
2.792786788940429688e+02 4.279999923706054688e+02 1.326291751861572266e+02
2.794604873657226562e+02 4.274473953247070312e+02 1.325234794616699219e+02
2.787786865234375000e+02 4.279999923706054688e+02 1.323334217071533203e+02
2.789466476440429688e+02 4.289802551269531250e+02 1.327851104736328125e+02
2.785777664184570312e+02 4.286338043212890625e+02 1.324537086486816406e+02
2.783952713012695312e+02 4.293004608154296875e+02 1.325686359405517578e+02
2.780371665954589844e+02 4.289802551269531250e+02 1.322201251983642578e+02
2.782361221313476562e+02 4.300000000000000000e+02 1.326726150512695312e+02
2.777361106872558594e+02 4.300000000000000000e+02 1.323421859741210938e+02
2.769538879394531250e+02 4.300411224365234375e+02 1.317910575866699219e+02
2.775862121582031250e+02 4.307612609863281250e+02 1.324421691894531250e+02
2.770868873596191406e+02 4.310567474365234375e+02 1.321419525146484375e+02
2.763850402832031250e+02 4.309999847412109375e+02 1.315958118438720703e+02
2.774781417846679688e+02 4.314279174804687500e+02 1.325160789489746094e+02
2.764649772644042969e+02 4.304018783569335938e+02 1.315288448333740234e+02
2.758850288391113281e+02 4.309999847412109375e+02 1.311650276184082031e+02
2.762820243835449219e+02 4.320000076293945312e+02 1.316841888427734375e+02
2.757820320129394531e+02 4.320000076293945312e+02 1.312504959106445312e+02
2.752400398254394531e+02 4.320000076293945312e+02 1.307505035400390625e+02
2.753260803222656250e+02 4.309999847412109375e+02 1.306650257110595703e+02
2.747400283813476562e+02 4.320000076293945312e+02 1.302484798431396484e+02
2.742780494689941406e+02 4.320000076293945312e+02 1.297484779357910156e+02
2.748260688781738281e+02 4.309999847412109375e+02 1.301634788513183594e+02
2.747001457214355469e+02 4.329999923706054688e+02 1.302880668640136719e+02
2.742435264587402344e+02 4.329999923706054688e+02 1.297880744934082031e+02
2.737435340881347656e+02 4.329999923706054688e+02 1.291967391967773438e+02
2.742407989501953125e+02 4.339999771118164062e+02 1.297927093505859375e+02
2.737407875061035156e+02 4.339999771118164062e+02 1.291987895965576172e+02
2.733467864990234375e+02 4.339999771118164062e+02 1.286987876892089844e+02
2.737581825256347656e+02 4.350000000000000000e+02 1.291724014282226562e+02
2.733688163757324219e+02 4.350000000000000000e+02 1.286723995208740234e+02
2.734265899658203125e+02 4.359999847412109375e+02 1.285985279083251953e+02
2.729085731506347656e+02 4.350000000000000000e+02 1.280000019073486328e+02
2.728565406799316406e+02 4.339999771118164062e+02 1.280000019073486328e+02
2.725397300720214844e+02 4.350000000000000000e+02 1.274248695373535156e+02
2.730319404602050781e+02 4.359999847412109375e+02 1.280000019073486328e+02
2.726053428649902344e+02 4.359999847412109375e+02 1.272968196868896484e+02
2.732500267028808594e+02 4.369619750976562500e+02 1.280515670776367188e+02
2.733360099792480469e+02 4.379999923706054688e+02 1.277639770507812500e+02
2.726670074462890625e+02 4.370878601074218750e+02 1.269862461090087891e+02
2.724271011352539062e+02 4.368130874633789062e+02 1.266437435150146484e+02
2.725047492980957031e+02 4.374797439575195312e+02 1.264892005920410156e+02
2.729144859313964844e+02 4.379999923706054688e+02 1.269999980926513672e+02
2.725784492492675781e+02 4.379999923706054688e+02 1.263140392303466797e+02
2.732523345947265625e+02 4.390015411376953125e+02 1.270337295532226562e+02
2.727336883544921875e+02 4.389704513549804688e+02 1.259577178955078125e+02
2.734387588500976562e+02 4.386692428588867188e+02 1.275993537902832031e+02
2.733819389343261719e+02 4.397722244262695312e+02 1.267228794097900391e+02
2.735601997375488281e+02 4.393359375000000000e+02 1.273895454406738281e+02
2.736788368225097656e+02 4.400633239746093750e+02 1.270337295532226562e+02
2.735272407531738281e+02 4.404388809204101562e+02 1.264396381378173828e+02
2.742261505126953125e+02 4.399752044677734375e+02 1.280111122131347656e+02
2.741641235351562500e+02 4.410317611694335938e+02 1.270348548889160156e+02
2.736659812927246094e+02 4.410445404052734375e+02 1.260637855529785156e+02
2.743773078918457031e+02 4.407196426391601562e+02 1.276851844787597656e+02
2.733802795410156250e+02 4.407408905029296875e+02 1.257729721069335938e+02
2.735470771789550781e+02 4.414075469970703125e+02 1.253845787048339844e+02
2.741939926147460938e+02 4.420269775390625000e+02 1.260102558135986328e+02
2.737332344055175781e+02 4.419935607910156250e+02 1.250307464599609375e+02
2.736010551452636719e+02 4.423226165771484375e+02 1.241842842102050781e+02
2.734130859375000000e+02 4.416559600830078125e+02 1.247179126739501953e+02
2.732303810119628906e+02 4.410445404052734375e+02 1.250307464599609375e+02
2.733319473266601562e+02 4.419935607910156250e+02 1.239105701446533203e+02
2.730885124206542969e+02 4.420000076293945312e+02 1.230000019073486328e+02
2.734943580627441406e+02 4.425090026855468750e+02 1.235176181793212891e+02
2.727896690368652344e+02 4.409097671508789062e+02 1.239152431488037109e+02
2.725905799865722656e+02 4.402761077880859375e+02 1.241920757293701172e+02
2.724924659729003906e+02 4.405163192749023438e+02 1.235254096984863281e+02
2.726583290100097656e+02 4.411571121215820312e+02 1.230000019073486328e+02
2.724273872375488281e+02 4.406571197509765625e+02 1.230000019073486328e+02
2.725653266906738281e+02 4.413598632812500000e+02 1.222111797332763672e+02
2.723406410217285156e+02 4.410158920288085938e+02 1.219267082214355469e+02
2.727899742126464844e+02 4.419112014770507812e+02 1.219267082214355469e+02
2.727097511291503906e+02 4.421166610717773438e+02 1.210000038146972656e+02
2.733134651184082031e+02 4.427966690063476562e+02 1.219999980926513672e+02
2.724898338317871094e+02 4.415186691284179688e+02 1.215445137023925781e+02
2.724370193481445312e+02 4.416166687011718750e+02 1.210000038146972656e+02
2.721382141113281250e+02 4.409999847412109375e+02 1.210000038146972656e+02
2.723504066467285156e+02 4.417812728881835938e+02 1.200000000000000000e+02
2.722798156738281250e+02 4.419244384765625000e+02 1.190000057220458984e+02
2.719639205932617188e+02 4.409999847412109375e+02 1.200000000000000000e+02
2.726192283630371094e+02 4.422812652587890625e+02 1.200000000000000000e+02
2.725407600402832031e+02 4.424244308471679688e+02 1.190000057220458984e+02
2.730474472045898438e+02 4.429999923706054688e+02 1.200000000000000000e+02
2.728867721557617188e+02 4.429999923706054688e+02 1.190000057220458984e+02
2.734282302856445312e+02 4.435997390747070312e+02 1.200000000000000000e+02
2.732573127746582031e+02 4.430533218383789062e+02 1.209510517120361328e+02
2.734825325012207031e+02 4.435240173339843750e+02 1.205850887298583984e+02
2.735506439208984375e+02 4.434222030639648438e+02 1.212517547607421875e+02
2.736314010620117188e+02 4.432966613769531250e+02 1.219999980926513672e+02
2.738498497009277344e+02 4.439144134521484375e+02 1.209510517120361328e+02
2.741851806640625000e+02 4.440665054321289062e+02 1.219857788085937500e+02
2.743993186950683594e+02 4.446197509765625000e+02 1.210000038146972656e+02
2.737992668151855469e+02 4.440997314453125000e+02 1.200000000000000000e+02
2.737122344970703125e+02 4.442142486572265625e+02 1.190000057220458984e+02
2.742992591857910156e+02 4.447396850585937500e+02 1.200000000000000000e+02
2.742122268676757812e+02 4.448462677001953125e+02 1.190000057220458984e+02
2.747271537780761719e+02 4.452396774291992188e+02 1.200000000000000000e+02
2.746337509155273438e+02 4.453462600708007812e+02 1.190000057220458984e+02
2.752271461486816406e+02 4.457876968383789062e+02 1.200000000000000000e+02
2.748305320739746094e+02 4.451197433471679688e+02 1.210000038146972656e+02
2.749826049804687500e+02 4.450178146362304688e+02 1.220641422271728516e+02
2.753305244445800781e+02 4.456795501708984375e+02 1.210000038146972656e+02
2.754212570190429688e+02 4.455839538574218750e+02 1.218186569213867188e+02
2.758206367492675781e+02 4.461795425415039062e+02 1.210000038146972656e+02
2.759598922729492188e+02 4.460387802124023438e+02 1.221468448638916016e+02
2.763206291198730469e+02 4.466681671142578125e+02 1.210000038146972656e+02
2.757129669189453125e+02 4.462876892089843750e+02 1.200000000000000000e+02
2.756151771545410156e+02 4.463854980468750000e+02 1.190000057220458984e+02
2.762129592895507812e+02 4.467684936523437500e+02 1.200000000000000000e+02
2.761151695251464844e+02 4.468596649169921875e+02 1.190000057220458984e+02
2.759286117553710938e+02 4.468503189086914062e+02 1.179082584381103516e+02
2.754978752136230469e+02 4.465020751953125000e+02 1.175137710571289062e+02
2.760811805725097656e+02 4.471208953857421875e+02 1.170176601409912109e+02
2.755476760864257812e+02 4.464525222778320312e+02 1.181804370880126953e+02
2.765737533569335938e+02 4.474363327026367188e+02 1.180000019073486328e+02
2.765221786499023438e+02 4.474810028076171875e+02 1.173627662658691406e+02
2.769132995605468750e+02 4.478526306152343750e+02 1.170176601409912109e+02
2.764686584472656250e+02 4.475274658203125000e+02 1.166961002349853516e+02
2.770979118347167969e+02 4.481366729736328125e+02 1.159158992767333984e+02
2.776031875610351562e+02 4.484201812744140625e+02 1.169999980926513672e+02
2.775419616699218750e+02 4.484679794311523438e+02 1.161931705474853516e+02
2.779251670837402344e+02 4.487792968750000000e+02 1.159158992767333984e+02
2.774965095520019531e+02 4.485027694702148438e+02 1.155265045166015625e+02
2.779999923706054688e+02 4.489088058471679688e+02 1.150000000000000000e+02
2.787220573425292969e+02 4.493470382690429688e+02 1.160000038146972656e+02
2.786664962768554688e+02 4.493849563598632812e+02 1.150000000000000000e+02
2.786225891113281250e+02 4.494147109985351562e+02 1.140000057220458984e+02
2.791665077209472656e+02 4.497282791137695312e+02 1.150000000000000000e+02
2.791226005554199219e+02 4.497596359252929688e+02 1.140000057220458984e+02
2.791036415100097656e+02 4.497731781005859375e+02 1.130000019073486328e+02
2.798963165283203125e+02 4.502596282958984375e+02 1.140000057220458984e+02
2.798764801025390625e+02 4.502731704711914062e+02 1.130000019073486328e+02
2.798825263977050781e+02 4.502666854858398438e+02 1.119999980926513672e+02
2.803764724731445312e+02 4.505740737915039062e+02 1.130000019073486328e+02
2.803825378417968750e+02 4.505711364746093750e+02 1.119999980926513672e+02
2.804092025756835938e+02 4.505560302734375000e+02 1.110000038146972656e+02
2.809999847412109375e+02 4.508901214599609375e+02 1.119999980926513672e+02
2.809999847412109375e+02 4.508661651611328125e+02 1.110000038146972656e+02
2.809999847412109375e+02 4.508172607421875000e+02 1.100000000000000000e+02
2.818812751770019531e+02 4.513101196289062500e+02 1.110000038146972656e+02
2.819353294372558594e+02 4.512892150878906250e+02 1.100000000000000000e+02
2.823812866210937500e+02 4.515587997436523438e+02 1.110000038146972656e+02
2.824353408813476562e+02 4.515313720703125000e+02 1.100000000000000000e+02
2.829999923706054688e+02 4.518157196044921875e+02 1.110000038146972656e+02
2.839999961853027344e+02 4.521673965454101562e+02 1.110000038146972656e+02
2.829999923706054688e+02 4.517557144165039062e+02 1.100000000000000000e+02
2.829359817504882812e+02 4.516499710083007812e+02 1.090371036529541016e+02
2.839999961853027344e+02 4.521021270751953125e+02 1.100000000000000000e+02
2.839999961853027344e+02 4.520107269287109375e+02 1.090000057220458984e+02
2.850458908081054688e+02 4.523985290527343750e+02 1.099390316009521484e+02
2.850000000000000000e+02 4.522901153564453125e+02 1.090000057220458984e+02
2.855319976806640625e+02 4.524938201904296875e+02 1.095650577545166016e+02
2.839999961853027344e+02 4.518843078613281250e+02 1.080000019073486328e+02
2.831868362426757812e+02 4.516168212890625000e+02 1.080000019073486328e+02
2.839308166503906250e+02 4.516769027709960938e+02 1.069461250305175781e+02
2.835513687133789062e+02 4.514838790893554688e+02 1.065768718719482422e+02
2.833558082580566406e+02 4.515534973144531250e+02 1.072435379028320312e+02
2.842798233032226562e+02 4.515682220458984375e+02 1.060000038146972656e+02
2.850000000000000000e+02 4.519792175292968750e+02 1.069999980926513672e+02
2.850000000000000000e+02 4.517530441284179688e+02 1.060000038146972656e+02
2.850000000000000000e+02 4.515639495849609375e+02 1.052795696258544922e+02
2.859999847412109375e+02 4.519671630859375000e+02 1.060000038146972656e+02
2.859442138671875000e+02 4.516684722900390625e+02 1.049309444427490234e+02
2.855736923217773438e+02 4.514849090576171875e+02 1.045515727996826172e+02
2.869999885559082031e+02 4.518690872192382812e+02 1.050000000000000000e+02
2.862403488159179688e+02 4.515528869628906250e+02 1.043472671508789062e+02
2.859442138671875000e+02 4.513772583007812500e+02 1.040083599090576172e+02
2.869999885559082031e+02 4.516144943237304688e+02 1.041727733612060547e+02
2.869999885559082031e+02 4.514395904541015625e+02 1.036727714538574219e+02
2.880244445800781250e+02 4.516463088989257812e+02 1.039298629760742188e+02
2.877074050903320312e+02 4.514822387695312500e+02 1.035497665405273438e+02
2.883740615844726562e+02 4.515108489990234375e+02 1.034743404388427734e+02
2.869999885559082031e+02 4.511750411987304688e+02 1.030000019073486328e+02
2.859999847412109375e+02 4.510089111328125000e+02 1.030000019073486328e+02
2.870330047607421875e+02 4.506981277465820312e+02 1.019380092620849609e+02
2.867216873168945312e+02 4.504676437377929688e+02 1.015633392333984375e+02
2.859999847412109375e+02 4.506509780883789062e+02 1.021991920471191406e+02
2.873883438110351562e+02 4.505163192749023438e+02 1.014726257324218750e+02
2.870330047607421875e+02 4.502297210693359375e+02 1.010835742950439453e+02
2.859999847412109375e+02 4.499884796142578125e+02 1.010000038146972656e+02
2.869999885559082031e+02 4.496864318847656250e+02 1.002360439300537109e+02
2.879999923706054688e+02 4.502444458007812500e+02 1.009246730804443359e+02
2.879999923706054688e+02 4.497444534301757812e+02 1.001533508300781250e+02
2.879999923706054688e+02 4.493881225585937500e+02 9.965334892272949219e+01
2.889999961853027344e+02 4.497750854492187500e+02 1.001134204864501953e+02
2.889999961853027344e+02 4.494166183471679688e+02 9.961341857910156250e+01
2.889365577697753906e+02 4.488381958007812500e+02 9.890120506286621094e+01
2.900000000000000000e+02 4.494146347045898438e+02 9.961426734924316406e+01
2.900294494628906250e+02 4.488365936279296875e+02 9.890292167663574219e+01
2.903824234008789062e+02 4.484957504272460938e+02 9.850487709045410156e+01
2.897157669067382812e+02 4.485081481933593750e+02 9.849139213562011719e+01
2.892275810241699219e+02 4.485081481933593750e+02 9.849139213562011719e+01
2.900294494628906250e+02 4.481063842773437500e+02 9.809483528137207031e+01
2.889365577697753906e+02 4.481090164184570312e+02 9.809483528137207031e+01
2.900000000000000000e+02 4.475111770629882812e+02 9.748920440673828125e+01
2.909150505065917969e+02 4.478756332397460938e+02 9.791923522949218750e+01
2.911917495727539062e+02 4.474658203125000000e+02 9.753205299377441406e+01
2.905250930786132812e+02 4.475027465820312500e+02 9.749732017517089844e+01
2.909999847412109375e+02 4.484674835205078125e+02 9.853693008422851562e+01
2.909150505065917969e+02 4.470794677734375000e+02 9.716474533081054688e+01
2.909999847412109375e+02 4.463953781127929688e+02 9.658293724060058594e+01
2.919999885559082031e+02 4.469044494628906250e+02 9.714330673217773438e+01
2.900000000000000000e+02 4.470000076293945312e+02 9.704411506652832031e+01
2.900000000000000000e+02 4.464301681518554688e+02 9.655490875244140625e+01
2.889999961853027344e+02 4.470000076293945312e+02 9.704294204711914062e+01
2.880738067626953125e+02 4.470812225341796875e+02 9.716399192810058594e+01
2.889999961853027344e+02 4.464296722412109375e+02 9.655508995056152344e+01
2.889999961853027344e+02 4.475125885009765625e+02 9.748785018920898438e+01
2.884563636779785156e+02 4.475046539306640625e+02 9.749550819396972656e+01
2.880738067626953125e+02 4.478807449340820312e+02 9.791742324829101562e+01
2.877896881103515625e+02 4.474687194824218750e+02 9.752903938293457031e+01
2.879999923706054688e+02 4.484724426269531250e+02 9.853116989135742188e+01
2.869999885559082031e+02 4.479043579101562500e+02 9.808731079101562500e+01
2.869999885559082031e+02 4.474063110351562500e+02 9.758730888366699219e+01
2.869999885559082031e+02 4.484043884277343750e+02 9.860797882080078125e+01
2.859999847412109375e+02 4.477988433837890625e+02 9.819291114807128906e+01
2.850000000000000000e+02 4.476607131958007812e+02 9.833303451538085938e+01
2.859999847412109375e+02 4.472950363159179688e+02 9.769290924072265625e+01
2.859999847412109375e+02 4.482988357543945312e+02 9.872779846191406250e+01
2.859999847412109375e+02 4.487279510498046875e+02 9.922780036926269531e+01
2.850000000000000000e+02 4.481607055664062500e+02 9.888761520385742188e+01
2.850000000000000000e+02 4.485941696166992188e+02 9.938761711120605469e+01
2.840677070617675781e+02 4.479773330688476562e+02 9.902545928955078125e+01
2.836731910705566406e+02 4.474377441406250000e+02 9.856675148010253906e+01
2.843398666381835938e+02 4.475566482543945312e+02 9.844087600708007812e+01
2.829999923706054688e+02 4.477394104003906250e+02 9.922257423400878906e+01
2.837955665588378906e+02 4.483979797363281250e+02 9.963439941406250000e+01
2.844622230529785156e+02 4.485131835937500000e+02 9.948416709899902344e+01
2.840773391723632812e+02 4.487509536743164062e+02 9.998064041137695312e+01
2.829999923706054688e+02 4.486111068725585938e+02 1.003477001190185547e+02
2.839999961853027344e+02 4.493037796020507812e+02 1.008101177215576172e+02
2.850532341003417969e+02 4.491312789916992188e+02 1.000810146331787109e+02
2.847553825378417969e+02 4.494265365600585938e+02 1.006150054931640625e+02
2.854220581054687500e+02 4.495223999023437500e+02 1.004683589935302734e+02
2.859999847412109375e+02 4.492279434204101562e+02 9.987092971801757812e+01
2.859999847412109375e+02 4.495914077758789062e+02 1.003709316253662109e+02
2.869999885559082031e+02 4.493270111083984375e+02 9.973604202270507812e+01
2.869999885559082031e+02 4.488270187377929688e+02 9.910798072814941406e+01
2.879999923706054688e+02 4.488881301879882812e+02 9.903117179870605469e+01
2.850532341003417969e+02 4.497315597534179688e+02 1.009690093994140625e+02
2.839999961853027344e+02 4.496174240112304688e+02 1.013101100921630859e+02
2.849519729614257812e+02 4.503038406372070312e+02 1.020213508605957031e+02
2.839999961853027344e+02 4.499984741210937500e+02 1.019999980926513672e+02
2.845866203308105469e+02 4.504762268066406250e+02 1.025524139404296875e+02
2.852532958984375000e+02 4.505669784545898438e+02 1.023689079284667969e+02
2.859999847412109375e+02 4.503970718383789062e+02 1.016991901397705078e+02
2.849519729614257812e+02 4.507388305664062500e+02 1.029314517974853516e+02
2.839999961853027344e+02 4.506044387817382812e+02 1.032645702362060547e+02
2.850000000000000000e+02 4.511653518676757812e+02 1.040000057220458984e+02
2.839999961853027344e+02 4.508805084228515625e+02 1.040000057220458984e+02
2.850000000000000000e+02 4.514170074462890625e+02 1.047795677185058594e+02
2.840930366516113281e+02 4.512606811523437500e+02 1.050927162170410156e+02
2.837798309326171875e+02 4.514126968383789062e+02 1.060000038146972656e+02
2.844883918762207031e+02 4.515036392211914062e+02 1.054878616333007812e+02
2.829999923706054688e+02 4.508578109741210938e+02 1.050000000000000000e+02
2.823155212402343750e+02 4.505852890014648438e+02 1.050000000000000000e+02
2.830780029296875000e+02 4.505880737304687500e+02 1.040972042083740234e+02
2.829999923706054688e+02 4.511443710327148438e+02 1.060000038146972656e+02
2.830134773254394531e+02 4.513660812377929688e+02 1.069461250305175781e+02
2.819545745849609375e+02 4.507128524780273438e+02 1.059964942932128906e+02
2.815909767150878906e+02 4.504570388793945312e+02 1.056608295440673828e+02
2.814174079895019531e+02 4.505458450317382812e+02 1.063274955749511719e+02
2.819999885559082031e+02 4.509616851806640625e+02 1.069999980926513672e+02
2.812878799438476562e+02 4.506169509887695312e+02 1.069999980926513672e+02
2.819999885559082031e+02 4.511296081542968750e+02 1.080000019073486328e+02
2.811337852478027344e+02 4.506996536254882812e+02 1.080000019073486328e+02
2.820867538452148438e+02 4.512908172607421875e+02 1.090371036529541016e+02
2.826868438720703125e+02 4.514299774169921875e+02 1.080000019073486328e+02
2.825599670410156250e+02 4.514772033691406250e+02 1.087285041809082031e+02
2.809271621704101562e+02 4.507094192504882812e+02 1.090513706207275391e+02
2.824779129028320312e+02 4.515105056762695312e+02 1.093951702117919922e+02
2.805452919006347656e+02 4.504746246337890625e+02 1.087522792816162109e+02
2.804871368408203125e+02 4.505081939697265625e+02 1.094189453125000000e+02
2.800922775268554688e+02 4.502173995971679688e+02 1.090513706207275391e+02
2.804552650451660156e+02 4.505280303955078125e+02 1.100000000000000000e+02
2.799552726745605469e+02 4.502106857299804688e+02 1.100000000000000000e+02
2.799092102050781250e+02 4.502449035644531250e+02 1.110000038146972656e+02
2.792076301574707031e+02 4.497106552124023438e+02 1.100000000000000000e+02
2.787076187133789062e+02 4.493477630615234375e+02 1.100000000000000000e+02
2.792719841003417969e+02 4.496657943725585938e+02 1.090000057220458984e+02
2.791558456420898438e+02 4.497449111938476562e+02 1.110000038146972656e+02
2.786558532714843750e+02 4.493873596191406250e+02 1.110000038146972656e+02
2.791178321838378906e+02 4.497666931152343750e+02 1.119999980926513672e+02
2.786178398132324219e+02 4.494165420532226562e+02 1.119999980926513672e+02
2.779999923706054688e+02 4.489680862426757812e+02 1.119999980926513672e+02
2.786036491394042969e+02 4.494276809692382812e+02 1.130000019073486328e+02
2.779999923706054688e+02 4.489976119995117188e+02 1.130000019073486328e+02
2.779999923706054688e+02 4.489721679687500000e+02 1.140000057220458984e+02
2.774139976501464844e+02 4.485699081420898438e+02 1.130000019073486328e+02
2.769139862060546875e+02 4.481532287597656250e+02 1.130000019073486328e+02
2.774374389648437500e+02 4.485515213012695312e+02 1.119999980926513672e+02
2.774287223815917969e+02 4.485574340820312500e+02 1.140000057220458984e+02
2.769287300109863281e+02 4.481468963623046875e+02 1.140000057220458984e+02
2.774702262878417969e+02 4.485238647460937500e+02 1.150000000000000000e+02
2.769702148437500000e+02 4.481170654296875000e+02 1.150000000000000000e+02
2.763633918762207031e+02 4.476170730590820312e+02 1.150000000000000000e+02
2.763294029235839844e+02 4.476469039916992188e+02 1.140000057220458984e+02
2.758633995056152344e+02 4.471625137329101562e+02 1.150000000000000000e+02
2.764190673828125000e+02 4.475698471069335938e+02 1.160000038146972656e+02
2.759190750122070312e+02 4.471104812622070312e+02 1.160000038146972656e+02
2.753874778747558594e+02 4.466104507446289062e+02 1.160000038146972656e+02
2.753355407714843750e+02 4.466625213623046875e+02 1.150000000000000000e+02
2.748874664306640625e+02 4.460959625244140625e+02 1.160000038146972656e+02
2.754587936401367188e+02 4.465403747558593750e+02 1.169999980926513672e+02
2.748742103576660156e+02 4.459244918823242188e+02 1.170502758026123047e+02
2.744633483886718750e+02 4.455408096313476562e+02 1.167504596710205078e+02
2.745119476318359375e+02 4.454859542846679688e+02 1.174171257019042969e+02
2.751428604125976562e+02 4.460715103149414062e+02 1.179082584381103516e+02
2.745551681518554688e+02 4.454361343383789062e+02 1.180000019073486328e+02
2.751337623596191406e+02 4.458854675292968750e+02 1.190000057220458984e+02
2.741432952880859375e+02 4.449361419677734375e+02 1.180000019073486328e+02
2.741444015502929688e+02 4.450915908813476562e+02 1.170502758026123047e+02
2.736433029174804688e+02 4.443062591552734375e+02 1.180000019073486328e+02
2.732810211181640625e+02 4.438062667846679688e+02 1.180000019073486328e+02
2.735829734802246094e+02 4.443866729736328125e+02 1.169999980926513672e+02
2.735293960571289062e+02 4.444594192504882812e+02 1.160000038146972656e+02
2.732270431518554688e+02 4.438866806030273438e+02 1.169999980926513672e+02
2.731806564331054688e+02 4.439594268798828125e+02 1.160000038146972656e+02
2.727270507812500000e+02 4.431198501586914062e+02 1.169999980926513672e+02
2.726806640625000000e+02 4.431899261474609375e+02 1.160000038146972656e+02
2.724295425415039062e+02 4.426198577880859375e+02 1.169999980926513672e+02
2.727265739440917969e+02 4.429327392578125000e+02 1.180835723876953125e+02
2.724672889709472656e+02 4.425545501708984375e+02 1.178059482574462891e+02
2.725029373168945312e+02 4.424944305419921875e+02 1.184726142883300781e+02
2.722612571716308594e+02 4.420966720581054688e+02 1.180835723876953125e+02
2.716858482360839844e+02 4.409265518188476562e+02 1.180432796478271484e+02
2.721176528930664062e+02 4.420000076293945312e+02 1.169999980926513672e+02
2.720507621765136719e+02 4.420000076293945312e+02 1.160000038146972656e+02
2.716880989074707031e+02 4.410970306396484375e+02 1.169999980926513672e+02
2.714546203613281250e+02 4.405970382690429688e+02 1.169999980926513672e+02
2.716596031188964844e+02 4.411486053466796875e+02 1.160000038146972656e+02
2.714324569702148438e+02 4.406486129760742188e+02 1.160000038146972656e+02
2.716462898254394531e+02 4.411700820922851562e+02 1.150000000000000000e+02
2.716462898254394531e+02 4.411700820922851562e+02 1.140000057220458984e+02
2.720171928405761719e+02 4.420000076293945312e+02 1.150000000000000000e+02
2.714242362976074219e+02 4.406700897216796875e+02 1.150000000000000000e+02
2.711460685729980469e+02 4.400000000000000000e+02 1.150000000000000000e+02
2.714242362976074219e+02 4.406700897216796875e+02 1.140000057220458984e+02
2.711460685729980469e+02 4.400000000000000000e+02 1.140000057220458984e+02
2.714315986633300781e+02 4.406525802612304688e+02 1.130000019073486328e+02
2.711613082885742188e+02 4.400000000000000000e+02 1.130000019073486328e+02
2.714525413513183594e+02 4.406052017211914062e+02 1.119999980926513672e+02
2.716552734375000000e+02 4.411525726318359375e+02 1.130000019073486328e+02
2.716778182983398438e+02 4.411051940917968750e+02 1.119999980926513672e+02
2.720367240905761719e+02 4.420000076293945312e+02 1.130000019073486328e+02
2.720894432067871094e+02 4.420000076293945312e+02 1.119999980926513672e+02
2.720151710510253906e+02 4.420000076293945312e+02 1.140000057220458984e+02
2.723814582824707031e+02 4.427095413208007812e+02 1.130000019073486328e+02
2.723688697814941406e+02 4.427334976196289062e+02 1.140000057220458984e+02
2.726666069030761719e+02 4.432095718383789062e+02 1.130000019073486328e+02
2.724116134643554688e+02 4.426536560058593750e+02 1.119999980926513672e+02
2.724553298950195312e+02 4.425764083862304688e+02 1.110000038146972656e+02
2.727018547058105469e+02 4.431536865234375000e+02 1.119999980926513672e+02
2.727499198913574219e+02 4.430764007568359375e+02 1.110000038146972656e+02
2.732018661499023438e+02 4.439453887939453125e+02 1.119999980926513672e+02
2.732499313354492188e+02 4.438713073730468750e+02 1.110000038146972656e+02
2.735375785827636719e+02 4.444453811645507812e+02 1.119999980926513672e+02
2.732285118103027344e+02 4.440918731689453125e+02 1.130078220367431641e+02
2.731397247314453125e+02 4.439999771118164062e+02 1.140000057220458984e+02
2.734920501708984375e+02 4.445112609863281250e+02 1.133463668823242188e+02
2.735092735290527344e+02 4.444864654541015625e+02 1.126797008514404297e+02
2.737971687316894531e+02 4.449067306518554688e+02 1.130078220367431641e+02
2.738544082641601562e+02 4.450171279907226562e+02 1.140000057220458984e+02
2.743644905090332031e+02 4.456603240966796875e+02 1.130000019073486328e+02
2.739424324035644531e+02 4.450000000000000000e+02 1.119999980926513672e+02
2.740546417236328125e+02 4.450000000000000000e+02 1.110000038146972656e+02
2.744048500061035156e+02 4.456130218505859375e+02 1.119999980926513672e+02
2.744657325744628906e+02 4.455406188964843750e+02 1.110000038146972656e+02
2.748526191711425781e+02 4.461130142211914062e+02 1.119999980926513672e+02
2.749154281616210938e+02 4.460406112670898438e+02 1.110000038146972656e+02
2.753526115417480469e+02 4.466513824462890625e+02 1.119999980926513672e+02
2.748129081726074219e+02 4.461603546142578125e+02 1.130000019073486328e+02
2.748092269897460938e+02 4.461698150634765625e+02 1.140000057220458984e+02
2.753129005432128906e+02 4.466902160644531250e+02 1.130000019073486328e+02
2.753092193603515625e+02 4.466910171508789062e+02 1.140000057220458984e+02
2.758248519897460938e+02 4.471902084350585938e+02 1.130000019073486328e+02
2.758601570129394531e+02 4.471513748168945312e+02 1.119999980926513672e+02
2.758294105529785156e+02 4.471910095214843750e+02 1.140000057220458984e+02
2.763248634338378906e+02 4.476532363891601562e+02 1.130000019073486328e+02
2.763601684570312500e+02 4.476250457763671875e+02 1.119999980926513672e+02
2.764216613769531250e+02 4.475716018676757812e+02 1.110000038146972656e+02
2.769374465942382812e+02 4.481250381469726562e+02 1.119999980926513672e+02
2.770834732055664062e+02 4.481512832641601562e+02 1.109605312347412109e+02
2.769116973876953125e+02 4.478815460205078125e+02 1.099808979034423828e+02
2.775125694274902344e+02 4.484899902343750000e+02 1.106008815765380859e+02
2.774724578857421875e+02 4.485230636596679688e+02 1.112675476074218750e+02
2.779075431823730469e+02 4.488237380981445312e+02 1.109605312347412109e+02
2.780537223815917969e+02 4.488477706909179688e+02 1.100000000000000000e+02
2.775537300109863281e+02 4.484562301635742188e+02 1.100000000000000000e+02
2.781277084350585938e+02 4.487985610961914062e+02 1.090000057220458984e+02
2.776277160644531250e+02 4.483934020996093750e+02 1.090000057220458984e+02
2.782237243652343750e+02 4.487269210815429688e+02 1.080000019073486328e+02
2.787719917297363281e+02 4.492985534667968750e+02 1.090000057220458984e+02
2.788641166687011719e+02 4.492269515991210938e+02 1.080000019073486328e+02
2.790679359436035156e+02 4.491856765747070312e+02 1.069868659973144531e+02
2.793641090393066406e+02 4.495996093750000000e+02 1.080000019073486328e+02
2.794465637207031250e+02 4.495396041870117188e+02 1.073114395141601562e+02
2.800000000000000000e+02 4.500242614746093750e+02 1.080000019073486328e+02
2.799265670776367188e+02 4.497938156127929688e+02 1.069868659973144531e+02
2.806337928771972656e+02 4.504246139526367188e+02 1.080000019073486328e+02
2.807878875732421875e+02 4.503375625610351562e+02 1.069999980926513672e+02
2.810504341125488281e+02 4.502508544921875000e+02 1.059964942932128906e+02
2.801673698425292969e+02 4.497208023071289062e+02 1.060000038146972656e+02
2.809146881103515625e+02 4.498421478271484375e+02 1.049245452880859375e+02
2.812025070190429688e+02 4.496715927124023438e+02 1.040000057220458984e+02
2.805244827270507812e+02 4.494854736328125000e+02 1.045409107208251953e+02
2.803455543518066406e+02 4.496024703979492188e+02 1.052075767517089844e+02
2.818155097961425781e+02 4.503508377075195312e+02 1.050000000000000000e+02
2.820978164672851562e+02 4.501651382446289062e+02 1.040972042083740234e+02
2.820275115966796875e+02 4.496947479248046875e+02 1.030348014831542969e+02
2.827966880798339844e+02 4.503797149658203125e+02 1.038286781311035156e+02
2.824963760375976562e+02 4.505017089843750000e+02 1.044953441619873047e+02
2.830780029296875000e+02 4.501829910278320312e+02 1.030802059173583984e+02
2.830691909790039062e+02 4.496680831909179688e+02 1.020322895050048828e+02
2.834633445739746094e+02 4.505147933959960938e+02 1.034670066833496094e+02
2.839999961853027344e+02 4.503810501098632812e+02 1.027645683288574219e+02
2.823791694641113281e+02 4.495601272583007812e+02 1.023871517181396484e+02
2.827819824218750000e+02 4.493812942504882812e+02 1.017204856872558594e+02
2.834486389160156250e+02 4.495215225219726562e+02 1.014651489257812500e+02
2.830691909790039062e+02 4.491176986694335938e+02 1.010790920257568359e+02
2.820965194702148438e+02 4.486577224731445312e+02 1.010571956634521484e+02
2.824942016601562500e+02 4.485029983520507812e+02 1.004958724975585938e+02
2.820275115966796875e+02 4.491916275024414062e+02 1.020322895050048828e+02
2.818275260925292969e+02 4.483300781250000000e+02 1.007619953155517578e+02
2.814268493652343750e+02 4.485452270507812500e+02 1.014286613464355469e+02
2.810560989379882812e+02 4.486774444580078125e+02 1.020738887786865234e+02
2.810028648376464844e+02 4.479996871948242188e+02 1.010026168823242188e+02
2.802626228332519531e+02 4.476692962646484375e+02 1.012432479858398438e+02
2.805788803100585938e+02 4.474473571777343750e+02 1.005765819549560547e+02
2.812455558776855469e+02 4.476634216308593750e+02 1.002844333648681641e+02
2.807601737976074219e+02 4.483359909057617188e+02 1.017898178100585938e+02
2.800300025939941406e+02 4.479816436767578125e+02 1.020369148254394531e+02
2.793385314941406250e+02 4.476272964477539062e+02 1.022840213775634766e+02
2.795959663391113281e+02 4.474287033081054688e+02 1.016173553466796875e+02
2.797663307189941406e+02 4.483150482177734375e+02 1.030000019073486328e+02
2.804640579223632812e+02 4.485243606567382812e+02 1.024564838409423828e+02
2.802663230895996094e+02 4.486587142944335938e+02 1.030000019073486328e+02
2.799346160888671875e+02 4.488610839843750000e+02 1.039590167999267578e+02
2.810473060607910156e+02 4.491626739501953125e+02 1.030348014831542969e+02
2.807024955749511719e+02 4.493795394897460938e+02 1.040000057220458984e+02
2.814121818542480469e+02 4.495513916015625000e+02 1.033913326263427734e+02
2.817125129699707031e+02 4.493928146362304688e+02 1.027246665954589844e+02
2.800073242187500000e+02 4.492755508422851562e+02 1.049245452880859375e+02
2.793727874755859375e+02 4.485957336425781250e+02 1.042650318145751953e+02
2.795577049255371094e+02 4.484593963623046875e+02 1.035983657836914062e+02
2.790236663818359375e+02 4.481998825073242188e+02 1.039590167999267578e+02
2.790031242370605469e+02 4.477721023559570312e+02 1.030612754821777344e+02
2.786979675292968750e+02 4.483456802368164062e+02 1.050000000000000000e+02
2.783212280273437500e+02 4.476553344726562500e+02 1.040000057220458984e+02
2.778212356567382812e+02 4.472072219848632812e+02 1.040000057220458984e+02
2.784612464904785156e+02 4.475334548950195312e+02 1.034354591369628906e+02
2.781062698364257812e+02 4.478456878662109375e+02 1.050000000000000000e+02
2.779737091064453125e+02 4.480242156982421875e+02 1.059238338470458984e+02
2.776062774658203125e+02 4.474026107788085938e+02 1.050000000000000000e+02
2.770928001403808594e+02 4.469025802612304688e+02 1.050000000000000000e+02
2.775079727172851562e+02 4.474925994873046875e+02 1.055237388610839844e+02
2.769515037536621094e+02 4.470488357543945312e+02 1.058515357971191406e+02
2.765040588378906250e+02 4.464956665039062500e+02 1.055126667022705078e+02
2.767864418029785156e+02 4.472195053100585938e+02 1.069999980926513672e+02
2.773989486694335938e+02 4.475944900512695312e+02 1.061904048919677734e+02
2.763991355895996094e+02 4.466050720214843750e+02 1.061793327331542969e+02
2.759696960449218750e+02 4.460351562500000000e+02 1.059033966064453125e+02
2.762871742248535156e+02 4.467195129394531250e+02 1.069999980926513672e+02
2.757871818542480469e+02 4.461824798583984375e+02 1.069999980926513672e+02
2.761700057983398438e+02 4.468373870849609375e+02 1.080000019073486328e+02
2.760718727111816406e+02 4.469328308105468750e+02 1.090000057220458984e+02
2.766674613952636719e+02 4.473373794555664062e+02 1.080000019073486328e+02
2.756699943542480469e+02 4.463145065307617188e+02 1.080000019073486328e+02
2.755718612670898438e+02 4.464223098754882812e+02 1.090000057220458984e+02
2.752223205566406250e+02 4.458145141601562500e+02 1.080000019073486328e+02
2.747223281860351562e+02 4.452214050292968750e+02 1.080000019073486328e+02
2.753401374816894531e+02 4.456824874877929688e+02 1.069999980926513672e+02
2.751227951049804688e+02 4.459223175048828125e+02 1.090000057220458984e+02
2.746227836608886719e+02 4.453458023071289062e+02 1.090000057220458984e+02
2.750094413757324219e+02 4.459898376464843750e+02 1.100616931915283203e+02
2.744994735717773438e+02 4.455006027221679688e+02 1.104968261718750000e+02
2.754665946960449219e+02 4.465344619750976562e+02 1.102932262420654297e+02
2.755195999145507812e+02 4.464790725708007812e+02 1.096265602111816406e+02
2.745522880554199219e+02 4.454344940185546875e+02 1.098301601409912109e+02
2.742223167419433594e+02 4.450606918334960938e+02 1.100980949401855469e+02
2.742330360412597656e+02 4.448457717895507812e+02 1.090000057220458984e+02
2.736532783508300781e+02 4.442782211303710938e+02 1.100000000000000000e+02
2.733118247985839844e+02 4.437782287597656250e+02 1.100000000000000000e+02
2.737330436706542969e+02 4.441621398925781250e+02 1.090000057220458984e+02
2.735889053344726562e+02 4.443713378906250000e+02 1.110000038146972656e+02
2.733901214599609375e+02 4.436621475219726562e+02 1.090000057220458984e+02
2.737773513793945312e+02 4.439397811889648438e+02 1.079701805114746094e+02
2.735244369506835938e+02 4.434605026245117188e+02 1.076169586181640625e+02
2.741320991516113281e+02 4.440948867797851562e+02 1.069141960144042969e+02
2.743283462524414062e+02 4.447214126586914062e+02 1.080000019073486328e+02
2.734549331665039062e+02 4.435662841796875000e+02 1.082836341857910156e+02
2.732210922241210938e+02 4.430762863159179688e+02 1.079701805114746094e+02
2.732983398437500000e+02 4.428362274169921875e+02 1.069999980926513672e+02
2.729839897155761719e+02 4.429999923706054688e+02 1.090000057220458984e+02
2.726851654052734375e+02 4.421364974975585938e+02 1.080000019073486328e+02
2.727815055847167969e+02 4.419151306152343750e+02 1.070698451995849609e+02
2.724312400817871094e+02 4.416365051269531250e+02 1.080000019073486328e+02
2.725938606262207031e+02 4.423164367675781250e+02 1.090000057220458984e+02
2.723414421081542969e+02 4.418164443969726562e+02 1.090000057220458984e+02
2.725349044799804688e+02 4.424318313598632812e+02 1.097422218322753906e+02
2.723060417175292969e+02 4.420590972900390625e+02 1.100453281402587891e+02
2.727704048156738281e+02 4.429134368896484375e+02 1.100453281402587891e+02
2.724868011474609375e+02 4.425224304199218750e+02 1.104088878631591797e+02
2.718116378784179688e+02 4.409999847412109375e+02 1.100000000000000000e+02
2.721682548522949219e+02 4.420000076293945312e+02 1.110000038146972656e+02
2.716740226745605469e+02 4.409299087524414062e+02 1.109429454803466797e+02
2.714773941040039062e+02 4.405498123168945312e+02 1.112382411956787109e+02
2.715061569213867188e+02 4.404841232299804688e+02 1.105715656280517578e+02
2.713211059570312500e+02 4.400904846191406250e+02 1.109429454803466797e+02
2.715441894531250000e+02 4.403836059570312500e+02 1.100000000000000000e+02
2.713540077209472656e+02 4.398836135864257812e+02 1.100000000000000000e+02
2.716211891174316406e+02 4.401733779907226562e+02 1.090000057220458984e+02
2.714348030090332031e+02 4.396733856201171875e+02 1.090000057220458984e+02
2.717076683044433594e+02 4.399222946166992188e+02 1.080628108978271484e+02
2.719626235961914062e+02 4.409999847412109375e+02 1.090000057220458984e+02
2.721460533142089844e+02 4.409999847412109375e+02 1.080000019073486328e+02
2.723559761047363281e+02 4.410005950927734375e+02 1.070698451995849609e+02
2.719816207885742188e+02 4.400000000000000000e+02 1.069999980926513672e+02
2.724284553527832031e+02 4.406676864624023438e+02 1.062600994110107422e+02
2.724872207641601562e+02 4.415252304077148438e+02 1.074497413635253906e+02
2.725713920593261719e+02 4.413343429565429688e+02 1.067830753326416016e+02
2.726622962951660156e+02 4.410005950927734375e+02 1.059560585021972656e+02
2.725281333923339844e+02 4.404228210449218750e+02 1.055934333801269531e+02
2.731900978088378906e+02 4.420893478393554688e+02 1.059182357788085938e+02
2.729712486267089844e+02 4.409999847412109375e+02 1.050000000000000000e+02
2.733227920532226562e+02 4.409781265258789062e+02 1.040324211120605469e+02
2.726136970520019531e+02 4.400536727905273438e+02 1.049341583251953125e+02
2.733435249328613281e+02 4.418034362792968750e+02 1.050000000000000000e+02
2.734537696838378906e+02 4.415889739990234375e+02 1.043873691558837891e+02
2.736027526855468750e+02 4.423034286499023438e+02 1.050000000000000000e+02
2.735093498229980469e+02 4.424822616577148438e+02 1.055303859710693359e+02
2.740057373046875000e+02 4.429999923706054688e+02 1.050000000000000000e+02
2.737903594970703125e+02 4.419533920288085938e+02 1.040324211120605469e+02
2.735907936096191406e+02 4.412968826293945312e+02 1.037207031250000000e+02
2.742642593383789062e+02 4.419918823242187500e+02 1.030175590515136719e+02
2.743321228027343750e+02 4.429675292968750000e+02 1.040912342071533203e+02
2.744321632385253906e+02 4.426125335693359375e+02 1.033625984191894531e+02
2.746348190307617188e+02 4.432791900634765625e+02 1.038187313079833984e+02
2.744937324523925781e+02 4.435091781616210938e+02 1.044853973388671875e+02
2.750123405456542969e+02 4.439825439453125000e+02 1.040293693542480469e+02
2.744029808044433594e+02 4.436404800415039062e+02 1.050000000000000000e+02
2.742391777038574219e+02 4.438771438598632812e+02 1.060000038146972656e+02
2.747500228881835938e+02 4.441404724121093750e+02 1.050000000000000000e+02
2.745872116088867188e+02 4.443771743774414062e+02 1.060000038146972656e+02
2.752500343322753906e+02 4.448208236694335938e+02 1.050000000000000000e+02
2.753898620605468750e+02 4.446438980102539062e+02 1.042400169372558594e+02
2.751308822631835938e+02 4.450703048706054688e+02 1.059764766693115234e+02
2.756431961059570312e+02 4.453208160400390625e+02 1.050000000000000000e+02
2.757859611511230469e+02 4.449863433837890625e+02 1.039440059661865234e+02
2.755402565002441406e+02 4.454504776000976562e+02 1.056274604797363281e+02
2.761431884765625000e+02 4.459009170532226562e+02 1.050000000000000000e+02
2.765928077697753906e+02 4.464009094238281250e+02 1.050000000000000000e+02
2.763337135314941406e+02 4.456873321533203125e+02 1.040000057220458984e+02
2.764609718322753906e+02 4.455442428588867188e+02 1.034269905090332031e+02
2.767902755737304688e+02 4.461873626708984375e+02 1.040000057220458984e+02
2.770375823974609375e+02 4.459594345092773438e+02 1.030709743499755859e+02
2.772902870178222656e+02 4.467072296142578125e+02 1.040000057220458984e+02
2.774340438842773438e+02 4.465654373168945312e+02 1.033816242218017578e+02
2.780431556701660156e+02 4.469617462158203125e+02 1.030752086639404297e+02
2.776250648498535156e+02 4.463746643066406250e+02 1.027149581909179688e+02
2.782917404174804688e+02 4.466913604736328125e+02 1.021924495697021484e+02
2.786718750000000000e+02 4.473580551147460938e+02 1.027687931060791016e+02
2.789287376403808594e+02 4.470600128173828125e+02 1.019048976898193359e+02
2.785189437866210938e+02 4.464828491210937500e+02 1.015257835388183594e+02
2.792323112487792969e+02 4.467229080200195312e+02 1.010000038146972656e+02
2.787323188781738281e+02 4.462908554077148438e+02 1.010000038146972656e+02
2.794574737548828125e+02 4.465351867675781250e+02 1.004561328887939453e+02
2.799575805664062500e+02 4.472467422485351562e+02 1.009459495544433594e+02
2.800890159606933594e+02 4.466977691650390625e+02 1.000736808776855469e+02
2.809473228454589844e+02 4.472198867797851562e+02 9.997066497802734375e+01
2.798150253295898438e+02 4.462466812133789062e+02 9.978946685791015625e+01
2.804817008972167969e+02 4.465137481689453125e+02 9.948448181152343750e+01
2.801444816589355469e+02 4.458840942382812500e+02 9.911783218383789062e+01
2.809999847412109375e+02 4.466893386840820312e+02 9.929069519042968750e+01
2.809999847412109375e+02 4.462130737304687500e+02 9.879070281982421875e+01
2.819759178161621094e+02 4.470145797729492188e+02 9.898323059082031250e+01
2.816152381896972656e+02 4.464292907714843750e+02 9.856978416442871094e+01
2.822818946838378906e+02 4.466237640380859375e+02 9.837668418884277344e+01
2.816699409484863281e+02 4.474053573608398438e+02 9.961776733398437500e+01
2.823366165161132812e+02 4.475879287719726562e+02 9.939667701721191406e+01
2.829999923706054688e+02 4.472961425781250000e+02 9.872257232666015625e+01
2.829999923706054688e+02 4.467961502075195312e+02 9.820916175842285156e+01
2.829999923706054688e+02 4.462617874145507812e+02 9.770915985107421875e+01
2.840221786499023438e+02 4.469926834106445312e+02 9.800486564636230469e+01
2.850000000000000000e+02 4.471509933471679688e+02 9.783303260803222656e+01
2.837044906616210938e+02 4.464210128784179688e+02 9.756886482238769531e+01
2.843711471557617188e+02 4.465476226806640625e+02 9.745756149291992188e+01
2.840226936340332031e+02 4.460525894165039062e+02 9.716211318969726562e+01
2.850000000000000000e+02 4.466510009765625000e+02 9.736702919006347656e+01
2.849472427368164062e+02 4.459514617919921875e+02 9.680613517761230469e+01
2.859999847412109375e+02 4.467950057983398438e+02 9.724212646484375000e+01
2.859999847412109375e+02 4.461961746215820312e+02 9.674212455749511719e+01
2.869999885559082031e+02 4.469062805175781250e+02 9.714644432067871094e+01
2.869999885559082031e+02 4.463141250610351562e+02 9.664645195007324219e+01
2.869999885559082031e+02 4.458141326904296875e+02 9.626105308532714844e+01
2.879999923706054688e+02 4.463937759399414062e+02 9.658335685729980469e+01
2.879999923706054688e+02 4.458937835693359375e+02 9.620210647583007812e+01
2.879999923706054688e+02 4.451800918579101562e+02 9.570211410522460938e+01
2.889999961853027344e+02 4.459296417236328125e+02 9.617608070373535156e+01
2.900000000000000000e+02 4.459301757812500000e+02 9.617472648620605469e+01
2.889999961853027344e+02 4.452169418334960938e+02 9.567607879638671875e+01
2.889999961853027344e+02 4.447169494628906250e+02 9.536789894104003906e+01
2.900000000000000000e+02 4.452194976806640625e+02 9.567472457885742188e+01
2.909999847412109375e+02 4.451869964599609375e+02 9.569852828979492188e+01
2.900000000000000000e+02 4.447195053100585938e+02 9.536617279052734375e+01
2.900000000000000000e+02 4.439999771118164062e+02 9.495427131652832031e+01
2.909999847412109375e+02 4.446869659423828125e+02 9.538427352905273438e+01
2.919999885559082031e+02 4.446076965332031250e+02 9.543209075927734375e+01
2.909999847412109375e+02 4.439999771118164062e+02 9.499059677124023438e+01
2.909999847412109375e+02 4.432861328125000000e+02 9.460632324218750000e+01
2.919999885559082031e+02 4.439999771118164062e+02 9.508538246154785156e+01
2.919999885559082031e+02 4.431880950927734375e+02 9.465330123901367188e+01
2.929753875732421875e+02 4.440581893920898438e+02 9.527010917663574219e+01
2.926256561279296875e+02 4.445381164550781250e+02 9.547568321228027344e+01
2.932923126220703125e+02 4.444303131103515625e+02 9.554023742675781250e+01
2.939999961853027344e+02 4.437898254394531250e+02 9.533757209777832031e+01
2.930286026000976562e+02 4.429501724243164062e+02 9.469828605651855469e+01
2.933810234069824219e+02 4.424440002441406250e+02 9.452265739440917969e+01
2.927143478393554688e+02 4.425836181640625000e+02 9.445920944213867188e+01
2.939999961853027344e+02 4.429999923706054688e+02 9.493251800537109375e+01
2.950444412231445312e+02 4.430675888061523438e+02 9.524038314819335938e+01
2.939999961853027344e+02 4.422566604614257812e+02 9.459494590759277344e+01
2.939999961853027344e+02 4.417566299438476562e+02 9.439848899841308594e+01
2.949513816833496094e+02 4.419388961791992188e+02 9.472497940063476562e+01
2.959999847412109375e+02 4.420000076293945312e+02 9.507926940917968750e+01
2.952523040771484375e+02 4.412652969360351562e+02 9.457232475280761719e+01
2.945856475830078125e+02 4.415648651123046875e+02 9.447486877441406250e+01
2.949513816833496094e+02 4.409591674804687500e+02 9.439086914062500000e+01
2.939999961853027344e+02 4.409999847412109375e+02 9.414759635925292969e+01
2.955908966064453125e+02 4.405986404418945312e+02 9.446961402893066406e+01
2.950000000000000000e+02 4.400000000000000000e+02 9.413902282714843750e+01
2.939999961853027344e+02 4.400000000000000000e+02 9.387413978576660156e+01
2.950000000000000000e+02 4.389999771118164062e+02 9.392132759094238281e+01
2.959545326232910156e+02 4.399113082885742188e+02 9.441026687622070312e+01
2.959999847412109375e+02 4.389999771118164062e+02 9.422543525695800781e+01
2.962575721740722656e+02 4.401855468750000000e+02 9.458077430725097656e+01
2.965125274658203125e+02 4.395188522338867188e+02 9.449511528015136719e+01
2.966469001770019531e+02 4.389999771118164062e+02 9.444305419921875000e+01
2.969075202941894531e+02 4.399113082885742188e+02 9.474787712097167969e+01
2.971469116210937500e+02 4.389999771118164062e+02 9.463629722595214844e+01
2.980818367004394531e+02 4.400732421875000000e+02 9.525094032287597656e+01
2.969999885559082031e+02 4.409999847412109375e+02 9.509580612182617188e+01
2.969268035888671875e+02 4.419224548339843750e+02 9.539192199707031250e+01
2.977530288696289062e+02 4.409999847412109375e+02 9.539555549621582031e+01
2.959545326232910156e+02 4.409591674804687500e+02 9.470359802246093750e+01
2.982530212402343750e+02 4.409999847412109375e+02 9.560626983642578125e+01
2.975342941284179688e+02 4.415374374389648438e+02 9.548520088195800781e+01
2.979205703735351562e+02 4.419224548339843750e+02 9.580803871154785156e+01
2.972113609313964844e+02 4.422041320800781250e+02 9.561696052551269531e+01
2.979727363586425781e+02 4.429799270629882812e+02 9.629655838012695312e+01
2.989762878417968750e+02 4.419527053833007812e+02 9.631484031677246094e+01
2.989999961853027344e+02 4.409999847412109375e+02 9.595693588256835938e+01
2.986271667480468750e+02 4.426332092285156250e+02 9.643410682678222656e+01
2.995663642883300781e+02 4.415878295898437500e+02 9.646162986755371094e+01
2.992938232421875000e+02 4.422544860839843750e+02 9.660812377929687500e+01
2.997631072998046875e+02 4.409999847412109375e+02 9.635066986083984375e+01
3.002631187438964844e+02 4.409999847412109375e+02 9.663866043090820312e+01
3.000706672668457031e+02 4.400460052490234375e+02 9.620234489440917969e+01
2.990050506591796875e+02 4.400732421875000000e+02 9.565547943115234375e+01
3.000000000000000000e+02 4.389999771118164062e+02 9.588701248168945312e+01
3.006236839294433594e+02 4.397433471679687500e+02 9.642413139343261719e+01
3.004511070251464844e+02 4.404100036621093750e+02 9.652843475341796875e+01
3.009741973876953125e+02 4.400460052490234375e+02 9.673974990844726562e+01
3.012797164916992188e+02 4.389999771118164062e+02 9.663734436035156250e+01
3.018154525756835938e+02 4.400000000000000000e+02 9.727835655212402344e+01
3.010634040832519531e+02 4.410395812988281250e+02 9.715490341186523438e+01
3.007300376892089844e+02 4.420000076293945312e+02 9.734999656677246094e+01
3.014389991760253906e+02 4.413993072509765625e+02 9.754096031188964844e+01
3.016309165954589844e+02 4.407326126098632812e+02 9.740663528442382812e+01
3.019785499572753906e+02 4.410395812988281250e+02 9.778664588928222656e+01
3.023154640197753906e+02 4.400000000000000000e+02 9.763423919677734375e+01
3.027107238769531250e+02 4.409999847412109375e+02 9.832757949829101562e+01
3.030363464355468750e+02 4.399571609497070312e+02 9.818587303161621094e+01
3.029471588134765625e+02 4.390317535400390625e+02 9.781597137451171875e+01
3.025786018371582031e+02 4.387195968627929688e+02 9.744052886962890625e+01
3.024563598632812500e+02 4.393862915039062500e+02 9.753140449523925781e+01
3.036513900756835938e+02 4.389999771118164062e+02 9.837141036987304688e+01
3.031761169433593750e+02 4.379999923706054688e+02 9.774896621704101562e+01
3.032694435119628906e+02 4.370000076293945312e+02 9.767260551452636719e+01
3.026761054992675781e+02 4.379999923706054688e+02 9.736872673034667969e+01
3.038034057617187500e+02 4.379999923706054688e+02 9.824895858764648438e+01
3.039102745056152344e+02 4.370000076293945312e+02 9.817260742187500000e+01
3.043033981323242188e+02 4.379999923706054688e+02 9.867164611816406250e+01
3.044102859497070312e+02 4.370000076293945312e+02 9.857594490051269531e+01
3.044742393493652344e+02 4.359999847412109375e+02 9.852101325988769531e+01
3.049518013000488281e+02 4.370000076293945312e+02 9.907594680786132812e+01
3.050996971130371094e+02 4.360970687866210938e+02 9.909732818603515625e+01
3.050000000000000000e+02 4.350000000000000000e+02 9.895586013793945312e+01
3.054995155334472656e+02 4.364951324462890625e+02 9.950047492980957031e+01
3.055336952209472656e+02 4.358284378051757812e+02 9.946752548217773438e+01
3.055535316467285156e+02 4.350000000000000000e+02 9.944850921630859375e+01
3.060535240173339844e+02 4.350000000000000000e+02 9.995494842529296875e+01
3.055394744873046875e+02 4.339999771118164062e+02 9.946223258972167969e+01
3.055149459838867188e+02 4.334043502807617188e+02 9.948582649230957031e+01
3.050000000000000000e+02 4.339999771118164062e+02 9.899104118347167969e+01
3.060394668579101562e+02 4.339999771118164062e+02 9.996220588684082031e+01
3.065356445312500000e+02 4.339999771118164062e+02 1.004622077941894531e+02
3.059935379028320312e+02 4.330600738525390625e+02 1.000088214874267578e+02
3.059097862243652344e+02 4.320000076293945312e+02 1.001000785827636719e+02
3.064721488952636719e+02 4.327157592773437500e+02 1.005298233032226562e+02
3.065154075622558594e+02 4.333824539184570312e+02 1.004837608337402344e+02
3.054623222351074219e+02 4.327376937866210938e+02 9.953388214111328125e+01
3.053874015808105469e+02 4.320000076293945312e+02 9.960007667541503906e+01
3.050774002075195312e+02 4.330426025390625000e+02 9.915972709655761719e+01
3.048874092102050781e+02 4.320000076293945312e+02 9.917208671569824219e+01
3.043890190124511719e+02 4.329999923706054688e+02 9.858529090881347656e+01
3.038890266418457031e+02 4.329999923706054688e+02 9.820997238159179688e+01
3.042760658264160156e+02 4.320000076293945312e+02 9.867208480834960938e+01
3.044626998901367188e+02 4.339999771118164062e+02 9.852881431579589844e+01
3.039627075195312500e+02 4.339999771118164062e+02 9.815488815307617188e+01
3.044905853271484375e+02 4.350000000000000000e+02 9.850735664367675781e+01
3.039905738830566406e+02 4.350000000000000000e+02 9.813076972961425781e+01
3.039742279052734375e+02 4.359999847412109375e+02 9.813473701477050781e+01
3.033128166198730469e+02 4.350000000000000000e+02 9.763076782226562500e+01
3.028128242492675781e+02 4.350000000000000000e+02 9.728392601013183594e+01
3.033139610290527344e+02 4.359999847412109375e+02 9.763473510742187500e+01
3.032723426818847656e+02 4.339999771118164062e+02 9.765488624572753906e+01
3.031885147094726562e+02 4.329999923706054688e+02 9.770998001098632812e+01
3.027723503112792969e+02 4.339999771118164062e+02 9.731646537780761719e+01
3.019042205810546875e+02 4.340692520141601562e+02 9.676712989807128906e+01
3.026885223388671875e+02 4.329999923706054688e+02 9.737410545349121094e+01
3.025897598266601562e+02 4.321810150146484375e+02 9.744000434875488281e+01
3.019999885559082031e+02 4.329999923706054688e+02 9.694377899169921875e+01
3.020974159240722656e+02 4.319086074829101562e+02 9.718305587768554688e+01
3.013770103454589844e+02 4.329999923706054688e+02 9.656968116760253906e+01
3.012370872497558594e+02 4.320000076293945312e+02 9.664881706237792969e+01
3.014590263366699219e+02 4.337821197509765625e+02 9.652325630187988281e+01
3.008769989013671875e+02 4.329999923706054688e+02 9.628914833068847656e+01
3.007370758056640625e+02 4.320000076293945312e+02 9.636699676513671875e+01
2.999115753173828125e+02 4.330563735961914062e+02 9.575375556945800781e+01
3.010754013061523438e+02 4.340692520141601562e+02 9.628327369689941406e+01
3.009999847412109375e+02 4.350000000000000000e+02 9.617478370666503906e+01
3.015070343017578125e+02 4.344487762451171875e+02 9.649575233459472656e+01
3.000748634338378906e+02 4.339999771118164062e+02 9.573227882385253906e+01
2.995748710632324219e+02 4.339999771118164062e+02 9.545886993408203125e+01
3.001479911804199219e+02 4.350000000000000000e+02 9.569445610046386719e+01
2.996479797363281250e+02 4.350000000000000000e+02 9.541879653930664062e+01
3.001777648925781250e+02 4.359999847412109375e+02 9.567774772644042969e+01
3.001532363891601562e+02 4.370000076293945312e+02 9.569056510925292969e+01
3.009999847412109375e+02 4.359999847412109375e+02 9.614436149597167969e+01
2.996777725219726562e+02 4.359999847412109375e+02 9.540286064147949219e+01
2.989999961853027344e+02 4.359999847412109375e+02 9.508741378784179688e+01
2.996532440185546875e+02 4.370000076293945312e+02 9.541650772094726562e+01
2.995841026306152344e+02 4.378205871582031250e+02 9.545428276062011719e+01
2.989999961853027344e+02 4.370000076293945312e+02 9.511344909667968750e+01
2.979155921936035156e+02 4.369923019409179688e+02 9.466485023498535156e+01
2.990976142883300781e+02 4.380923461914062500e+02 9.526800155639648438e+01
2.979999923706054688e+02 4.379999923706054688e+02 9.479709625244140625e+01
2.988783264160156250e+02 4.389999771118164062e+02 9.532861709594726562e+01
2.994960212707519531e+02 4.384872817993164062e+02 9.550182342529296875e+01
2.993783187866210938e+02 4.389999771118164062e+02 9.555675506591796875e+01
2.999504470825195312e+02 4.380923461914062500e+02 9.569283485412597656e+01
3.009346961975097656e+02 4.379999923706054688e+02 9.623967170715332031e+01
3.010981941223144531e+02 4.370850372314453125e+02 9.623892784118652344e+01
3.007797241210937500e+02 4.389999771118164062e+02 9.633027076721191406e+01
3.014347076416015625e+02 4.379999923706054688e+02 9.654033660888671875e+01
3.019999885559082031e+02 4.379999923706054688e+02 9.690906524658203125e+01
3.014969825744628906e+02 4.374750518798828125e+02 9.650183677673339844e+01
3.019216728210449219e+02 4.370850372314453125e+02 9.674358367919921875e+01
3.015361213684082031e+02 4.368083572387695312e+02 9.647747039794921875e+01
3.020540428161621094e+02 4.359999847412109375e+02 9.677633285522460938e+01
3.027694320678710938e+02 4.370000076293945312e+02 9.730310440063476562e+01
3.028139686584472656e+02 4.359999847412109375e+02 9.727633476257324219e+01
3.015540313720703125e+02 4.359999847412109375e+02 9.646661758422851562e+01
3.020322227478027344e+02 4.350000000000000000e+02 9.678392410278320312e+01
3.015322113037109375e+02 4.350000000000000000e+02 9.648032188415527344e+01
3.020738220214843750e+02 4.390317535400390625e+02 9.717419624328613281e+01
2.979999923706054688e+02 4.389999771118164062e+02 9.496491432189941406e+01
2.986750793457031250e+02 4.397887039184570312e+02 9.541921615600585938e+01
2.973644256591796875e+02 4.379999923706054688e+02 9.455280303955078125e+01
2.974692153930664062e+02 4.373205184936523438e+02 9.451215744018554688e+01
2.968644142150878906e+02 4.379999923706054688e+02 9.435826301574707031e+01
2.970815277099609375e+02 4.369923019409179688e+02 9.433658599853515625e+01
2.959999847412109375e+02 4.379999923706054688e+02 9.405997276306152344e+01
2.959999847412109375e+02 4.370000076293945312e+02 9.395040512084960938e+01
2.950000000000000000e+02 4.379999923706054688e+02 9.376013755798339844e+01
2.949266433715820312e+02 4.369904327392578125e+02 9.362688064575195312e+01
2.942414283752441406e+02 4.379999923706054688e+02 9.355842590332031250e+01
2.944287490844726562e+02 4.373173904418945312e+02 9.351572036743164062e+01
2.937414360046386719e+02 4.379999923706054688e+02 9.344664573669433594e+01
2.939358901977539062e+02 4.389475631713867188e+02 9.363734245300292969e+01
2.935598373413085938e+02 4.385792922973632812e+02 9.348630905151367188e+01
2.932588005065917969e+02 4.392459487915039062e+02 9.354363441467285156e+01
2.929552841186523438e+02 4.389475631713867188e+02 9.343864440917968750e+01
2.929552841186523438e+02 4.399422073364257812e+02 9.363871574401855469e+01
2.919999885559082031e+02 4.402484893798828125e+02 9.355998992919921875e+01
2.925921249389648438e+02 4.395703125000000000e+02 9.348325729370117188e+01
2.929999923706054688e+02 4.409999847412109375e+02 9.392802238464355469e+01
2.919999885559082031e+02 4.409999847412109375e+02 9.376797676086425781e+01
2.930286026000976562e+02 4.420663833618164062e+02 9.430541038513183594e+01
2.919999885559082031e+02 4.420000076293945312e+02 9.411618232727050781e+01
2.909999847412109375e+02 4.420000076293945312e+02 9.401374816894531250e+01
2.919999885559082031e+02 4.426881027221679688e+02 9.440819740295410156e+01
2.909999847412109375e+02 4.427861404418945312e+02 9.435918807983398438e+01
2.900000000000000000e+02 4.428244781494140625e+02 9.433946609497070312e+01
2.889999961853027344e+02 4.428207778930664062e+02 9.434119224548339844e+01
2.900000000000000000e+02 4.420000076293945312e+02 9.397105216979980469e+01
2.900000000000000000e+02 4.433244705200195312e+02 9.458810806274414062e+01
2.889999961853027344e+02 4.433208084106445312e+02 9.458998680114746094e+01
2.889999961853027344e+02 4.439999771118164062e+02 9.495787620544433594e+01
2.879999923706054688e+02 4.432762145996093750e+02 9.461132049560546875e+01
2.869999885559082031e+02 4.431778717041015625e+02 9.465922355651855469e+01
2.879999923706054688e+02 4.427762222290039062e+02 9.436381340026855469e+01
2.879999923706054688e+02 4.439999771118164062e+02 9.500020980834960938e+01
2.869999885559082031e+02 4.439999771118164062e+02 9.509759902954101562e+01
2.879999923706054688e+02 4.446800994873046875e+02 9.538888931274414062e+01
2.869999885559082031e+02 4.445978546142578125e+02 9.543836593627929688e+01
2.863917541503906250e+02 4.445307159423828125e+02 9.548021316528320312e+01
2.869999885559082031e+02 4.450978469848632812e+02 9.576105117797851562e+01
2.860350608825683594e+02 4.449184417724609375e+02 9.580410957336425781e+01
2.857250976562500000e+02 4.444303512573242188e+02 9.554122924804687500e+01
2.849472427368164062e+02 4.450828933715820312e+02 9.615646362304687500e+01
2.859999847412109375e+02 4.456961822509765625e+02 9.634921073913574219e+01
2.852453994750976562e+02 4.455857467651367188e+02 9.643328666687011719e+01
2.850000000000000000e+02 4.442974853515625000e+02 9.562061309814453125e+01
2.845787429809570312e+02 4.454715347290039062e+02 9.652084350585937500e+01
2.839999961853027344e+02 4.448509216308593750e+02 9.625317573547363281e+01
2.831978797912597656e+02 4.446630096435546875e+02 9.638464927673339844e+01
2.839369964599609375e+02 4.439797592163085938e+02 9.571330070495605469e+01
2.839999961853027344e+02 4.453509140014648438e+02 9.660947799682617188e+01
2.829187202453613281e+02 4.449978256225585938e+02 9.673611640930175781e+01
2.820105171203613281e+02 4.450251388549804688e+02 9.716753959655761719e+01
2.825312042236328125e+02 4.444808959960937500e+02 9.651220321655273438e+01
2.829999923706054688e+02 4.457617950439453125e+02 9.728599548339843750e+01
2.823508834838867188e+02 4.455947113037109375e+02 9.742286682128906250e+01
2.819830513000488281e+02 4.460120010375976562e+02 9.798808097839355469e+01
2.809999847412109375e+02 4.457130813598632812e+02 9.830990791320800781e+01
2.816842079162597656e+02 4.453752517700195312e+02 9.759948730468750000e+01
2.809405136108398438e+02 4.450251388549804688e+02 9.777306556701660156e+01
2.800843620300292969e+02 4.449349975585937500e+02 9.828455924987792969e+01
2.805675315856933594e+02 4.444401931762695312e+02 9.754190444946289062e+01
2.812342071533203125e+02 4.447085571289062500e+02 9.734416961669921875e+01
2.810030555725097656e+02 4.439969635009765625e+02 9.699792861938476562e+01
2.814385604858398438e+02 4.435537719726562500e+02 9.646638870239257812e+01
2.802328300476074219e+02 4.437734985351562500e+02 9.731834411621093750e+01
2.807719039916992188e+02 4.432280731201171875e+02 9.665167808532714844e+01
2.819999885559082031e+02 4.442760086059570312e+02 9.664227485656738281e+01
2.819999885559082031e+02 4.437760162353515625e+02 9.632924079895019531e+01
2.820613479614257812e+02 4.429355239868164062e+02 9.583872795104980469e+01
2.829187202453613281e+02 4.440885162353515625e+02 9.612510681152343750e+01
2.829999923706054688e+02 4.432682800292968750e+02 9.561790466308593750e+01
2.829999923706054688e+02 4.427682876586914062e+02 9.536543846130371094e+01
2.835616683959960938e+02 4.434651565551757812e+02 9.551794052124023438e+01
2.839369964599609375e+02 4.430790710449218750e+02 9.521727561950683594e+01
2.839858818054199219e+02 4.419752883911132812e+02 9.468840599060058594e+01
2.842283439636230469e+02 4.436329269409179688e+02 9.542212486267089844e+01
2.850000000000000000e+02 4.429999923706054688e+02 9.490640640258789062e+01
2.850000000000000000e+02 4.423173141479492188e+02 9.457876205444335938e+01
2.850000000000000000e+02 4.437974929809570312e+02 9.532764434814453125e+01
2.859569549560546875e+02 4.429469680786132812e+02 9.469376564025878906e+01
2.855949401855468750e+02 4.424642181396484375e+02 9.451539039611816406e+01
2.862615966796875000e+02 4.425782775878906250e+02 9.446143150329589844e+01
2.860350608825683594e+02 4.440582275390625000e+02 9.527266502380371094e+01
2.859569549560546875e+02 4.420785522460937500e+02 9.429493904113769531e+01
2.869999885559082031e+02 4.426778793334960938e+02 9.441276550292968750e+01
2.869999885559082031e+02 4.420000076293945312e+02 9.411710739135742188e+01
2.869999885559082031e+02 4.409999847412109375e+02 9.375024795532226562e+01
2.879999923706054688e+02 4.420000076293945312e+02 9.401941299438476562e+01
2.879971694946289062e+02 4.409232330322265625e+02 9.363124847412109375e+01
2.889999961853027344e+02 4.420000076293945312e+02 9.397415161132812500e+01
2.889999961853027344e+02 4.410671234130859375e+02 9.363296508789062500e+01
2.889999961853027344e+02 4.405671310424804688e+02 9.347929954528808594e+01
2.900000000000000000e+02 4.410704803466796875e+02 9.363159179687500000e+01
2.900000000000000000e+02 4.405704879760742188e+02 9.347831726074218750e+01
2.909858322143554688e+02 4.409259414672851562e+02 9.363421440124511719e+01
2.906430625915527344e+02 4.405432510375976562e+02 9.348670959472656250e+01
2.913097381591796875e+02 4.404276657104492188e+02 9.351759910583496094e+01
2.909858322143554688e+02 4.400566101074218750e+02 9.339896202087402344e+01
2.909999847412109375e+02 4.389999771118164062e+02 9.319141387939453125e+01
2.900000000000000000e+02 4.400000000000000000e+02 9.333833694458007812e+01
2.919999885559082031e+02 4.397484970092773438e+02 9.344031333923339844e+01
2.919999885559082031e+02 4.389999771118164062e+02 9.329973220825195312e+01
2.919999885559082031e+02 4.379999923706054688e+02 9.315826416015625000e+01
2.929999923706054688e+02 4.379999923706054688e+02 9.330801010131835938e+01
2.909999847412109375e+02 4.379999923706054688e+02 9.305867195129394531e+01
2.919999885559082031e+02 4.370000076293945312e+02 9.307058334350585938e+01
2.909999847412109375e+02 4.370000076293945312e+02 9.298376083374023438e+01
2.919999885559082031e+02 4.359999847412109375e+02 9.303954124450683594e+01
2.929999923706054688e+02 4.370000076293945312e+02 9.321029663085937500e+01
2.940572547912597656e+02 4.369904327392578125e+02 9.340804100036621094e+01
2.929999923706054688e+02 4.359999847412109375e+02 9.317122459411621094e+01
2.929999923706054688e+02 4.350000000000000000e+02 9.316615104675292969e+01
2.939999961853027344e+02 4.359999847412109375e+02 9.335041046142578125e+01
2.939999961853027344e+02 4.350000000000000000e+02 9.334616661071777344e+01
2.945770263671875000e+02 4.359999847412109375e+02 9.347738265991210938e+01
2.950770378112792969e+02 4.359999847412109375e+02 9.362356185913085938e+01
2.945444297790527344e+02 4.366507339477539062e+02 9.348697662353515625e+01
2.945815086364746094e+02 4.350000000000000000e+02 9.347595214843750000e+01
2.945503807067871094e+02 4.342586517333984375e+02 9.348505973815917969e+01
2.950815010070800781e+02 4.350000000000000000e+02 9.362300872802734375e+01
2.949302291870117188e+02 4.339551925659179688e+02 9.361715316772460938e+01
2.959999847412109375e+02 4.350000000000000000e+02 9.390851974487304688e+01
2.959999847412109375e+02 4.339999771118164062e+02 9.395486831665039062e+01
2.959999847412109375e+02 4.359999847412109375e+02 9.390535354614257812e+01
2.969999885559082031e+02 4.350000000000000000e+02 9.427438735961914062e+01
2.970632553100585938e+02 4.340846252441406250e+02 9.434888839721679688e+01
2.969999885559082031e+02 4.359999847412109375e+02 9.426439285278320312e+01
2.975267601013183594e+02 4.350000000000000000e+02 9.448887825012207031e+01
2.975048828125000000e+02 4.344743347167968750e+02 9.449789047241210938e+01
2.980267524719238281e+02 4.350000000000000000e+02 9.469795227050781250e+01
2.975425910949707031e+02 4.359999847412109375e+02 9.448260307312011719e+01
2.980426025390625000e+02 4.359999847412109375e+02 9.468456268310546875e+01
2.975259971618652344e+02 4.366538619995117188e+02 9.448951721191406250e+01
2.979029273986816406e+02 4.340846252441406250e+02 9.470158576965332031e+01
2.989999961853027344e+02 4.350000000000000000e+02 9.511674880981445312e+01
2.989999961853027344e+02 4.339999771118164062e+02 9.519199371337890625e+01
2.990530776977539062e+02 4.330563735961914062e+02 9.532373428344726562e+01
2.979999923706054688e+02 4.329999923706054688e+02 9.485633850097656250e+01
2.987901878356933594e+02 4.320000076293945312e+02 9.536228179931640625e+01
2.994218063354492188e+02 4.327606582641601562e+02 9.553738594055175781e+01
2.995193099975585938e+02 4.334273147583007812e+02 9.548951148986816406e+01
2.992901992797851562e+02 4.320000076293945312e+02 9.560061454772949219e+01
2.989790725708007812e+02 4.309120559692382812e+02 9.566063880920410156e+01
3.000000000000000000e+02 4.320000076293945312e+02 9.596761703491210938e+01
3.000858497619628906e+02 4.309354400634765625e+02 9.622247695922851562e+01
2.998512840270996094e+02 4.300000000000000000e+02 9.631084442138671875e+01
3.006057929992675781e+02 4.312257766723632812e+02 9.644047737121582031e+01
3.004764366149902344e+02 4.305590820312500000e+02 9.651290893554687500e+01
3.003512763977050781e+02 4.300000000000000000e+02 9.658109664916992188e+01
3.009634780883789062e+02 4.309354400634765625e+02 9.670619010925292969e+01
3.019021797180175781e+02 4.309999847412109375e+02 9.724805831909179688e+01
3.009999847412109375e+02 4.300000000000000000e+02 9.694869995117187500e+01
3.010498809814453125e+02 4.290046691894531250e+02 9.724240303039550781e+01
3.017084503173828125e+02 4.300000000000000000e+02 9.736761093139648438e+01
3.015707397460937500e+02 4.293410873413085938e+02 9.745483398437500000e+01
3.022084617614746094e+02 4.300000000000000000e+02 9.768638610839843750e+01
3.024021720886230469e+02 4.309999847412109375e+02 9.756262779235839844e+01
3.030436515808105469e+02 4.300447463989257812e+02 9.823388099670410156e+01
3.019424438476562500e+02 4.290046691894531250e+02 9.778893470764160156e+01
3.020643615722656250e+02 4.279724121093750000e+02 9.818158149719238281e+01
3.014164733886718750e+02 4.286744308471679688e+02 9.754968643188476562e+01
3.027527618408203125e+02 4.289999771118164062e+02 9.832389831542968750e+01
3.025975799560546875e+02 4.282873153686523438e+02 9.843079566955566406e+01
3.032527732849121094e+02 4.289999771118164062e+02 9.867585182189941406e+01
3.034061050415039062e+02 4.297412872314453125e+02 9.856605529785156250e+01
3.040277099609375000e+02 4.290832138061523438e+02 9.923533439636230469e+01
3.029585456848144531e+02 4.279724121093750000e+02 9.878945350646972656e+01
3.030429267883300781e+02 4.270088195800781250e+02 9.918528556823730469e+01
3.024406051635742188e+02 4.276206588745117188e+02 9.853916168212890625e+01
3.037168121337890625e+02 4.279999923706054688e+02 9.933244705200195312e+01
3.035762214660644531e+02 4.273480606079101562e+02 9.944150924682617188e+01
3.042168045043945312e+02 4.279999923706054688e+02 9.972247123718261719e+01
3.039457321166992188e+02 4.270088195800781250e+02 9.986196517944335938e+01
3.043795204162597656e+02 4.288053512573242188e+02 9.959568023681640625e+01
3.048245429992675781e+02 4.279999923706054688e+02 1.002224731445312500e+02
3.046179580688476562e+02 4.270000076293945312e+02 1.004000568389892578e+02
3.053245353698730469e+02 4.279999923706054688e+02 1.006563282012939453e+02
3.049769592285156250e+02 4.290655517578125000e+02 1.000196361541748047e+02
3.045107650756835938e+02 4.294720077514648438e+02 9.949109077453613281e+01
3.054431343078613281e+02 4.286591339111328125e+02 1.005514526367187500e+02
3.050999069213867188e+02 4.300000000000000000e+02 9.984560012817382812e+01
3.055606269836425781e+02 4.293257904052734375e+02 1.004435920715332031e+02
3.060071754455566406e+02 4.289877700805664062e+02 1.009956836700439453e+02
3.056630134582519531e+02 4.300000000000000000e+02 1.003456020355224609e+02
3.061630058288574219e+02 4.300000000000000000e+02 1.008409214019775391e+02
3.057982063293457031e+02 4.309999847412109375e+02 1.002125740051269531e+02
3.062981986999511719e+02 4.309999847412109375e+02 1.007088565826416016e+02
3.052574920654296875e+02 4.309999847412109375e+02 9.971257209777832031e+01
3.047574806213378906e+02 4.309999847412109375e+02 9.928446769714355469e+01
3.041310691833496094e+02 4.309999847412109375e+02 9.878447532653808594e+01
3.045998954772949219e+02 4.300000000000000000e+02 9.941694259643554688e+01
3.039201545715332031e+02 4.300447463989257812e+02 9.887318611145019531e+01
3.035335922241210938e+02 4.304079437255859375e+02 9.847461700439453125e+01
3.036310768127441406e+02 4.309999847412109375e+02 9.840172767639160156e+01
3.037760543823242188e+02 4.320000076293945312e+02 9.829382896423339844e+01
3.029999923706054688e+02 4.309999847412109375e+02 9.796434402465820312e+01
3.029538536071777344e+02 4.319086074829101562e+02 9.773670196533203125e+01
3.024956893920898438e+02 4.315143585205078125e+02 9.750272750854492188e+01
3.064097785949707031e+02 4.320000076293945312e+02 1.005952453613281250e+02
3.067628479003906250e+02 4.309999847412109375e+02 1.012088584899902344e+02
3.066460418701171875e+02 4.300000000000000000e+02 1.013409233093261719e+02
3.072628402709960938e+02 4.309999847412109375e+02 1.017855358123779297e+02
3.068585205078125000e+02 4.320000076293945312e+02 1.010952377319335938e+02
3.073585128784179688e+02 4.320000076293945312e+02 1.016747951507568359e+02
3.068489456176757812e+02 4.330294799804687500e+02 1.009179019927978516e+02
3.071460533142089844e+02 4.300000000000000000e+02 1.019158267974853516e+02
3.076700782775878906e+02 4.309999847412109375e+02 1.022855377197265625e+02
3.075679588317871094e+02 4.300000000000000000e+02 1.024158287048339844e+02
3.075088882446289062e+02 4.294676971435546875e+02 1.024891471862792969e+02
3.069863510131835938e+02 4.290587234497070312e+02 1.020193576812744141e+02
3.068037033081054688e+02 4.279999923706054688e+02 1.021558380126953125e+02
3.064537239074707031e+02 4.286497497558593750e+02 1.015495777130126953e+02
3.065559768676757812e+02 4.293164062500000000e+02 1.014399147033691406e+02
3.074167251586914062e+02 4.288010406494140625e+02 1.026051521301269531e+02
3.073036956787109375e+02 4.279999923706054688e+02 1.027458953857421875e+02
3.071896171569824219e+02 4.269553756713867188e+02 1.030336284637451172e+02
3.066367912292480469e+02 4.270000076293945312e+02 1.023456192016601562e+02
3.074669647216796875e+02 4.265922927856445312e+02 1.035469532012939453e+02
3.075850296020507812e+02 4.272589492797851562e+02 1.033893775939941406e+02
3.068023300170898438e+02 4.260594940185546875e+02 1.029737281799316406e+02
3.066559791564941406e+02 4.250000000000000000e+02 1.033137798309326172e+02
3.063907241821289062e+02 4.257658386230468750e+02 1.026228809356689453e+02
3.065275382995605469e+02 4.264324951171875000e+02 1.024692821502685547e+02
3.073572540283203125e+02 4.259999847412109375e+02 1.037018585205078125e+02
3.077022361755371094e+02 4.259999847412109375e+02 1.042018508911132812e+02
3.071875000000000000e+02 4.249893951416015625e+02 1.040333175659179688e+02
3.067460441589355469e+02 4.240626907348632812e+02 1.040114021301269531e+02
3.075762176513671875e+02 4.253156661987304688e+02 1.043888568878173828e+02
3.074378395080566406e+02 4.246489715576171875e+02 1.046016788482666016e+02
3.077858161926269531e+02 4.249893951416015625e+02 1.049610137939453125e+02
3.073126029968261719e+02 4.239291381835937500e+02 1.049610137939453125e+02
3.068272399902343750e+02 4.229869079589843750e+02 1.049771690368652344e+02
3.074762153625488281e+02 4.235485839843750000e+02 1.055482482910156250e+02
3.076360702514648438e+02 4.242152404785156250e+02 1.052683448791503906e+02
3.078363609313964844e+02 4.239291381835937500e+02 1.059289455413818359e+02
3.076354980468750000e+02 4.232390594482421875e+02 1.062149143218994141e+02
3.083135032653808594e+02 4.249695968627929688e+02 1.059903907775878906e+02
3.084556961059570312e+02 4.246160125732421875e+02 1.066307926177978516e+02
3.084307289123535156e+02 4.257053375244140625e+02 1.056506443023681641e+02
3.085820198059082031e+02 4.252827072143554688e+02 1.063173103332519531e+02
3.086893272399902344e+02 4.260232162475585938e+02 1.059903907775878906e+02
3.085432243347167969e+02 4.263719940185546875e+02 1.054199028015136719e+02
3.082202339172363281e+02 4.260232162475585938e+02 1.050519466400146484e+02
3.073399353027343750e+02 4.229434204101562500e+02 1.059289455413818359e+02
3.074614524841308594e+02 4.225724029541015625e+02 1.066033077239990234e+02
3.068133544921875000e+02 4.219741439819335938e+02 1.059869098663330078e+02
3.064210700988769531e+02 4.216236114501953125e+02 1.056448554992675781e+02
3.066288757324218750e+02 4.222902679443359375e+02 1.052952766418457031e+02
3.065985679626464844e+02 4.213622283935546875e+02 1.063115215301513672e+02
3.060547828674316406e+02 4.209330749511718750e+02 1.059083652496337891e+02
3.054968261718750000e+02 4.205038833618164062e+02 1.055051994323730469e+02
3.057160377502441406e+02 4.212205123901367188e+02 1.050000000000000000e+02
3.063897705078125000e+02 4.206489181518554688e+02 1.069999980926513672e+02
3.056884765625000000e+02 4.202708053588867188e+02 1.061718654632568359e+02
3.052676582336425781e+02 4.199625015258789062e+02 1.059031200408935547e+02
3.047119522094726562e+02 4.192843627929687500e+02 1.060000038146972656e+02
3.047821617126464844e+02 4.200312042236328125e+02 1.050658130645751953e+02
3.054093170166015625e+02 4.196041488647460938e+02 1.066885852813720703e+02
3.042958259582519531e+02 4.197187042236328125e+02 1.047763538360595703e+02
3.046001434326171875e+02 4.203853607177734375e+02 1.043816661834716797e+02
3.053227424621582031e+02 4.207205200195312500e+02 1.050000000000000000e+02
3.045399475097656250e+02 4.194596481323242188e+02 1.054430198669433594e+02
3.039081954956054688e+02 4.190850448608398438e+02 1.051242733001708984e+02
3.035205841064453125e+02 4.184815979003906250e+02 1.054721832275390625e+02
3.032498168945312500e+02 4.187104415893554688e+02 1.048055171966552734e+02
3.041961479187011719e+02 4.187843704223632812e+02 1.060000038146972656e+02
3.036291503906250000e+02 4.193770980834960938e+02 1.043577098846435547e+02
3.029433441162109375e+02 4.190465164184570312e+02 1.040540981292724609e+02
3.039661407470703125e+02 4.200364303588867188e+02 1.040363502502441406e+02
3.036364746093750000e+02 4.203541946411132812e+02 1.033662033081054688e+02
3.043031501770019531e+02 4.207262039184570312e+02 1.037150001525878906e+02
3.033035278320312500e+02 4.196875381469726562e+02 1.036910438537597656e+02
3.029547691345214844e+02 4.200418090820312500e+02 1.030383586883544922e+02
3.026368713378906250e+02 4.193826293945312500e+02 1.033771800994873047e+02
3.026060104370117188e+02 4.203960800170898438e+02 1.024128341674804688e+02
3.032726669311523438e+02 4.207437515258789062e+02 1.026995372772216797e+02
3.022446823120117188e+02 4.197294235229492188e+02 1.027105140686035156e+02
3.019004058837890625e+02 4.190764236450195312e+02 1.030815029144287109e+02
3.018769454956054688e+02 4.201104354858398438e+02 1.020929622650146484e+02
3.015780067443847656e+02 4.194368743896484375e+02 1.024397563934326172e+02
3.015092086791992188e+02 4.204914855957031250e+02 1.014932060241699219e+02
3.021758651733398438e+02 4.208264160156250000e+02 1.017461681365966797e+02
3.009999847412109375e+02 4.197858047485351562e+02 1.017407989501953125e+02
3.009999847412109375e+02 4.192297363281250000e+02 1.022407913208007812e+02
3.009999847412109375e+02 4.202857971191406250e+02 1.013281917572021484e+02
3.004209899902343750e+02 4.195562362670898438e+02 1.015479755401611328e+02
3.000982856750488281e+02 4.189357376098632812e+02 1.019388675689697266e+02
3.000300788879394531e+02 4.199776458740234375e+02 1.009818077087402344e+02
2.997543144226074219e+02 4.193354415893554688e+02 1.013525676727294922e+02
2.989999961853027344e+02 4.196915054321289062e+02 1.006534099578857422e+02
2.996391868591308594e+02 4.203990173339843750e+02 1.004222583770751953e+02
3.003058433532714844e+02 4.206547927856445312e+02 1.006110572814941406e+02
3.010191345214843750e+02 4.209928894042968750e+02 1.008147430419921875e+02
2.999835014343261719e+02 4.209928894042968750e+02 1.001962661743164062e+02
2.990642738342285156e+02 4.209821319580078125e+02 9.972758293151855469e+01
3.000941467285156250e+02 4.219286727905273438e+02 9.964610099792480469e+01
3.006985473632812500e+02 4.213214874267578125e+02 1.003754043579101562e+02
3.010191345214843750e+02 4.219818115234375000e+02 1.001551914215087891e+02
3.013652229309082031e+02 4.216363906860351562e+02 1.005869770050048828e+02
3.010669517517089844e+02 4.229059219360351562e+02 9.965053558349609375e+01
3.016737365722656250e+02 4.223030471801757812e+02 1.003779411315917969e+02
3.020042419433593750e+02 4.219818115234375000e+02 1.008181762695312500e+02
3.020042419433593750e+02 4.230221176147460938e+02 1.002042961120605469e+02
3.023403930664062500e+02 4.227035140991210938e+02 1.006150531768798828e+02
3.020121192932128906e+02 4.239419555664062500e+02 9.973815917968750000e+01
3.025946617126464844e+02 4.233701705932617188e+02 1.004282569885253906e+02
3.030195045471191406e+02 4.229726028442382812e+02 1.009827899932861328e+02
3.028030967712402344e+02 4.239999771118164062e+02 1.002719688415527344e+02
3.033030891418457031e+02 4.239999771118164062e+02 1.006518459320068359e+02
3.030175781250000000e+02 4.249705505371093750e+02 9.998442649841308594e+01
3.023535346984863281e+02 4.247341918945312500e+02 9.960103034973144531e+01
3.025590324401855469e+02 4.254008483886718750e+02 9.945707321166992188e+01
3.034761238098144531e+02 4.245402145385742188e+02 1.005185985565185547e+02
3.032229423522949219e+02 4.259999847412109375e+02 9.970326423645019531e+01
3.036656951904296875e+02 4.252068710327148438e+02 1.003678226470947266e+02
3.039994239807128906e+02 4.249241256713867188e+02 1.007675552368164062e+02
3.039994239807128906e+02 4.260987472534179688e+02 1.002620887756347656e+02
3.043323707580566406e+02 4.258312606811523438e+02 1.006370258331298828e+02
3.045010185241699219e+02 4.264979171752929688e+02 1.004991340637207031e+02
3.049462127685546875e+02 4.261168289184570312e+02 1.010477256774902344e+02
3.047057914733886719e+02 4.250000000000000000e+02 1.013204860687255859e+02
3.053914070129394531e+02 4.257357406616210938e+02 1.016023254394531250e+02
3.051179504394531250e+02 4.270000076293945312e+02 1.008365535736083984e+02
3.055435562133789062e+02 4.264023971557617188e+02 1.014584159851074219e+02
3.059671401977539062e+02 4.260840988159179688e+02 1.020358085632324219e+02
3.056704902648925781e+02 4.270000076293945312e+02 1.013365554809570312e+02
3.061704826354980469e+02 4.270000076293945312e+02 1.018456172943115234e+02
3.058530998229980469e+02 4.279999923706054688e+02 1.011563301086425781e+02
3.063530921936035156e+02 4.279999923706054688e+02 1.016558361053466797e+02
3.057197189331054688e+02 4.250000000000000000e+02 1.022741603851318359e+02
3.055688858032226562e+02 4.243733215332031250e+02 1.024298954010009766e+02
3.052057838439941406e+02 4.250000000000000000e+02 1.017741680145263672e+02
3.062197113037109375e+02 4.250000000000000000e+02 1.028137779235839844e+02
3.059635925292968750e+02 4.240722274780273438e+02 1.030411148071289062e+02
3.063582801818847656e+02 4.237711334228515625e+02 1.036856651306152344e+02
3.065319252014160156e+02 4.244377899169921875e+02 1.034621620178222656e+02
3.053833007812500000e+02 4.237066650390625000e+02 1.026200675964355469e+02
3.056916236877441406e+02 4.231879043579101562e+02 1.032867431640625000e+02
3.060534858703613281e+02 4.229163742065429688e+02 1.039342880249023438e+02
3.051014328002929688e+02 4.228472900390625000e+02 1.028956127166748047e+02
3.044952201843261719e+02 4.225067138671875000e+02 1.025044822692871094e+02
3.048063659667968750e+02 4.220000076293945312e+02 1.031851768493652344e+02
3.047166252136230469e+02 4.231733703613281250e+02 1.022970294952392578e+02
3.054862213134765625e+02 4.225212097167968750e+02 1.035162353515625000e+02
3.053063583374023438e+02 4.220000076293945312e+02 1.037302112579345703e+02
3.049278640747070312e+02 4.210914993286132812e+02 1.040861797332763672e+02
3.057117462158203125e+02 4.220000076293945312e+02 1.042302036285400391e+02
3.055336570739746094e+02 4.214567947387695312e+02 1.044573688507080078e+02
3.062220382690429688e+02 4.219741439819335938e+02 1.049771690368652344e+02
3.064153480529785156e+02 4.226448822021484375e+02 1.046286106109619141e+02
3.045889091491699219e+02 4.213928604125976562e+02 1.034090805053710938e+02
3.039401245117187500e+02 4.210683059692382812e+02 1.030543041229248047e+02
3.035770988464355469e+02 4.214104080200195312e+02 1.024314880371093750e+02
3.043042564392089844e+02 4.220000076293945312e+02 1.026851749420166016e+02
3.038042449951171875e+02 4.220000076293945312e+02 1.022326278686523438e+02
3.032131004333496094e+02 4.220000076293945312e+02 1.017326354980468750e+02
3.040884017944335938e+02 4.228742218017578125e+02 1.019211959838867188e+02
3.043482589721679688e+02 4.237491607666015625e+02 1.016303634643554688e+02
3.034443664550781250e+02 4.225750732421875000e+02 1.015453624725341797e+02
3.036816024780273438e+02 4.232417297363281250e+02 1.013505268096923828e+02
3.040089607238769531e+02 4.240494918823242188e+02 1.011956501007080078e+02
3.045496368408203125e+02 4.244158554077148438e+02 1.014569568634033203e+02
3.049664688110351562e+02 4.240612411499023438e+02 1.020301246643066406e+02
3.027130889892578125e+02 4.220000076293945312e+02 1.013324832916259766e+02
3.028895568847656250e+02 4.211183929443359375e+02 1.020888233184814453e+02
3.025064277648925781e+02 4.214930725097656250e+02 1.014949321746826172e+02
3.019055175781250000e+02 4.210958480834960938e+02 1.013450622558593750e+02
3.066069602966308594e+02 4.233115386962890625e+02 1.043523311614990234e+02
3.027229499816894531e+02 4.259999847412109375e+02 9.933890342712402344e+01
3.034048843383789062e+02 4.266814041137695312e+02 9.956986427307128906e+01
3.019525337219238281e+02 4.260089492797851562e+02 9.881208419799804688e+01
3.022711372375488281e+02 4.270000076293945312e+02 9.865047454833984375e+01
3.013887596130371094e+02 4.256816101074218750e+02 9.856826782226562500e+01
3.020121192932128906e+02 4.250405120849609375e+02 9.923902511596679688e+01
3.015875625610351562e+02 4.263482666015625000e+02 9.844280242919921875e+01
3.010332489013671875e+02 4.260089492797851562e+02 9.823206901550292969e+01
3.017711257934570312e+02 4.270000076293945312e+02 9.832371711730957031e+01
3.009418487548828125e+02 4.270312500000000000e+02 9.780582427978515625e+01
3.003599929809570312e+02 4.267187500000000000e+02 9.757809638977050781e+01
3.005697631835937500e+02 4.273854064941406250e+02 9.745897293090820312e+01
3.012396812438964844e+02 4.279999923706054688e+02 9.765387535095214844e+01
3.007396697998046875e+02 4.279999923706054688e+02 9.735968589782714844e+01
3.000000000000000000e+02 4.279999923706054688e+02 9.694795608520507812e+01
2.993272781372070312e+02 4.279999923706054688e+02 9.658827781677246094e+01
3.000160026550292969e+02 4.270312500000000000e+02 9.727855682373046875e+01
2.999951553344726562e+02 4.289126205444335938e+02 9.667301177978515625e+01
2.996586036682128906e+02 4.291877365112304688e+02 9.641424179077148438e+01
2.994886207580566406e+02 4.285210800170898438e+02 9.650585174560546875e+01
2.990931701660156250e+02 4.289126205444335938e+02 9.619996070861816406e+01
2.988272857666015625e+02 4.279999923706054688e+02 9.633438110351562500e+01
2.979928207397460938e+02 4.289405059814453125e+02 9.566221237182617188e+01
2.989999961853027344e+02 4.300000000000000000e+02 9.587503433227539062e+01
2.983594131469726562e+02 4.300000000000000000e+02 9.556419372558593750e+01
2.978594207763671875e+02 4.300000000000000000e+02 9.533694267272949219e+01
2.984911727905273438e+02 4.305200576782226562e+02 9.550407409667968750e+01
2.980947113037109375e+02 4.309120559692382812e+02 9.524648666381835938e+01
2.979999923706054688e+02 4.320000076293945312e+02 9.500308036804199219e+01
2.986317825317382812e+02 4.311867523193359375e+02 9.543682098388671875e+01
2.969199180603027344e+02 4.310592269897460938e+02 9.471592903137207031e+01
2.969999885559082031e+02 4.300000000000000000e+02 9.497283935546875000e+01
2.963604354858398438e+02 4.307654190063476562e+02 9.455255508422851562e+01
2.965332031250000000e+02 4.314320755004882812e+02 9.448644638061523438e+01
2.971523666381835938e+02 4.320000076293945312e+02 9.464080810546875000e+01
2.973315238952636719e+02 4.329999923706054688e+02 9.456880569458007812e+01
2.966523551940917969e+02 4.320000076293945312e+02 9.443791389465332031e+01
2.959999847412109375e+02 4.320000076293945312e+02 9.419493675231933594e+01
2.968315315246582031e+02 4.329999923706054688e+02 9.436500549316406250e+01
2.959999847412109375e+02 4.329999923706054688e+02 9.405323028564453125e+01
2.950000000000000000e+02 4.329999923706054688e+02 9.372642517089843750e+01
2.950000000000000000e+02 4.320000076293945312e+02 9.386415481567382812e+01
2.943432426452636719e+02 4.329999923706054688e+02 9.353820800781250000e+01
2.938432502746582031e+02 4.329999923706054688e+02 9.341788291931152344e+01
2.939888000488281250e+02 4.319557189941406250e+02 9.359408378601074219e+01
2.944763183593750000e+02 4.335919570922851562e+02 9.350569725036621094e+01
2.940857887268066406e+02 4.339551925659179688e+02 9.339506149291992188e+01
2.929999923706054688e+02 4.339999771118164062e+02 9.318248748779296875e+01
2.919999885559082031e+02 4.339999771118164062e+02 9.304725646972656250e+01
2.929999923706054688e+02 4.329999923706054688e+02 9.325129508972167969e+01
2.930549049377441406e+02 4.319557189941406250e+02 9.339289665222167969e+01
2.919999885559082031e+02 4.329999923706054688e+02 9.310548782348632812e+01
2.909999847412109375e+02 4.329999923706054688e+02 9.301790237426757812e+01
2.919999885559082031e+02 4.320000076293945312e+02 9.322152137756347656e+01
2.909999847412109375e+02 4.320000076293945312e+02 9.312454223632812500e+01
2.920498085021972656e+02 4.309388732910156250e+02 9.339570999145507812e+01
2.909999847412109375e+02 4.309999847412109375e+02 9.327409744262695312e+01
2.917496871948242188e+02 4.303746032714843750e+02 9.346554756164550781e+01
2.924163627624511719e+02 4.305648040771484375e+02 9.351155281066894531e+01
2.927581787109375000e+02 4.312314605712890625e+02 9.345231056213378906e+01
2.930549049377441406e+02 4.309388732910156250e+02 9.355991363525390625e+01
2.934248542785644531e+02 4.315928649902343750e+02 9.351394653320312500e+01
2.939999961853027344e+02 4.309999847412109375e+02 9.375919342041015625e+01
2.929999923706054688e+02 4.300000000000000000e+02 9.375776290893554688e+01
2.920498085021972656e+02 4.300247573852539062e+02 9.360054969787597656e+01
2.929999923706054688e+02 4.289999771118164062e+02 9.402455329895019531e+01
2.939999961853027344e+02 4.300000000000000000e+02 9.397426605224609375e+01
2.939999961853027344e+02 4.289999771118164062e+02 9.423222541809082031e+01
2.950877952575683594e+02 4.299155807495117188e+02 9.429578781127929688e+01
2.947465133666992188e+02 4.289999771118164062e+02 9.442596435546875000e+01
2.954796600341796875e+02 4.295259475708007812e+02 9.450618743896484375e+01
2.950000000000000000e+02 4.309999847412109375e+02 9.403676033020019531e+01
2.956937599182128906e+02 4.301926040649414062e+02 9.442729949951171875e+01
2.960162544250488281e+02 4.299155807495117188e+02 9.461242675781250000e+01
2.960162544250488281e+02 4.310592269897460938e+02 9.436691284179687500e+01
2.959999847412109375e+02 4.289999771118164062e+02 9.483258247375488281e+01
2.959999847412109375e+02 4.279999923706054688e+02 9.512617111206054688e+01
2.970741462707519531e+02 4.289405059814453125e+02 9.526320457458496094e+01
2.952465057373046875e+02 4.289999771118164062e+02 9.457589149475097656e+01
2.949094009399414062e+02 4.280916595458984375e+02 9.474479675292968750e+01
2.939999961853027344e+02 4.278039550781250000e+02 9.460263252258300781e+01
2.950000000000000000e+02 4.270000076293945312e+02 9.515350341796875000e+01
2.945156669616699219e+02 4.284860992431640625e+02 9.449527740478515625e+01
2.939999961853027344e+02 4.283039474487304688e+02 9.443348884582519531e+01
2.929997634887695312e+02 4.279515075683593750e+02 9.434743881225585938e+01
2.926662635803222656e+02 4.274251174926757812e+02 9.447076797485351562e+01
2.933329391479492188e+02 4.275858306884765625e+02 9.452932357788085938e+01
2.919999885559082031e+02 4.279999923706054688e+02 9.418861389160156250e+01
2.909999847412109375e+02 4.279999923706054688e+02 9.410593032836914062e+01
2.919999885559082031e+02 4.273174285888671875e+02 9.442832946777343750e+01
2.919999885559082031e+02 4.289999771118164062e+02 9.387730598449707031e+01
2.909999847412109375e+02 4.289999771118164062e+02 9.378452301025390625e+01
2.900000000000000000e+02 4.289999771118164062e+02 9.373946189880371094e+01
2.909999847412109375e+02 4.297417449951171875e+02 9.356698036193847656e+01
2.900000000000000000e+02 4.296489715576171875e+02 9.354181289672851562e+01
2.909999847412109375e+02 4.302417373657226562e+02 9.342864036560058594e+01
2.900000000000000000e+02 4.301489639282226562e+02 9.340264320373535156e+01
2.889999961853027344e+02 4.301536941528320312e+02 9.340338706970214844e+01
2.900000000000000000e+02 4.309999847412109375e+02 9.322544097900390625e+01
2.889999961853027344e+02 4.309999847412109375e+02 9.322481155395507812e+01
2.900000000000000000e+02 4.320000076293945312e+02 9.308226585388183594e+01
2.889999961853027344e+02 4.320000076293945312e+02 9.307991027832031250e+01
2.900000000000000000e+02 4.329999923706054688e+02 9.298465728759765625e+01
2.889999961853027344e+02 4.329999923706054688e+02 9.298367500305175781e+01
2.900000000000000000e+02 4.339999771118164062e+02 9.294786453247070312e+01
2.889999961853027344e+02 4.339999771118164062e+02 9.294786453247070312e+01
2.900000000000000000e+02 4.350000000000000000e+02 9.294533729553222656e+01
2.909999847412109375e+02 4.339999771118164062e+02 9.296999931335449219e+01
2.909999847412109375e+02 4.350000000000000000e+02 9.296236038208007812e+01
2.909999847412109375e+02 4.359999847412109375e+02 9.296400070190429688e+01
2.919999885559082031e+02 4.350000000000000000e+02 9.303562164306640625e+01
2.900000000000000000e+02 4.359999847412109375e+02 9.294533729553222656e+01
2.889999961853027344e+02 4.359999847412109375e+02 9.294533729553222656e+01
2.900000000000000000e+02 4.370000076293945312e+02 9.295637130737304688e+01
2.889999961853027344e+02 4.370000076293945312e+02 9.295637130737304688e+01
2.900000000000000000e+02 4.379999923706054688e+02 9.302132606506347656e+01
2.889999961853027344e+02 4.379999923706054688e+02 9.302132606506347656e+01
2.900000000000000000e+02 4.389999771118164062e+02 9.314764976501464844e+01
2.889999961853027344e+02 4.389999771118164062e+02 9.314764976501464844e+01
2.889999961853027344e+02 4.400000000000000000e+02 9.333931922912597656e+01
2.879999923706054688e+02 4.389999771118164062e+02 9.317466735839843750e+01
2.869999885559082031e+02 4.389999771118164062e+02 9.324505805969238281e+01
2.879999923706054688e+02 4.379999923706054688e+02 9.304121971130371094e+01
2.879971694946289062e+02 4.400736618041992188e+02 9.339339256286621094e+01
2.876619529724121094e+02 4.404561233520507812e+02 9.351128578186035156e+01
2.883286285400390625e+02 4.405387496948242188e+02 9.348801612854003906e+01
2.869999885559082031e+02 4.398279571533203125e+02 9.341521263122558594e+01
2.862284851074218750e+02 4.396478271484375000e+02 9.346037864685058594e+01
2.869999885559082031e+02 4.403279876708984375e+02 9.354590415954589844e+01
2.859370803833007812e+02 4.399887084960937500e+02 9.359600067138671875e+01
2.855618095397949219e+02 4.394526672363281250e+02 9.350904464721679688e+01
2.850000000000000000e+02 4.400000000000000000e+02 9.376790046691894531e+01
2.859999847412109375e+02 4.409999847412109375e+02 9.388582229614257812e+01
2.850000000000000000e+02 4.409999847412109375e+02 9.406861305236816406e+01
2.839858818054199219e+02 4.410281372070312500e+02 9.432651519775390625e+01
2.850000000000000000e+02 4.418172836303710938e+02 9.436558723449707031e+01
2.843097877502441406e+02 4.416254806518554688e+02 9.444626808166503906e+01
2.839999961853027344e+02 4.400000000000000000e+02 9.400614738464355469e+01
2.836431312561035156e+02 4.413801956176757812e+02 9.454066276550292969e+01
2.832864379882812500e+02 4.407135391235351562e+02 9.442825317382812500e+01
2.829718589782714844e+02 4.400184631347656250e+02 9.432142257690429688e+01
2.829718589782714844e+02 4.410281372070312500e+02 9.464191436767578125e+01
2.829999923706054688e+02 4.420000076293945312e+02 9.501233100891113281e+01
2.819999885559082031e+02 4.409999847412109375e+02 9.501233100891113281e+01
2.826197814941406250e+02 4.403641128540039062e+02 9.454066276550292969e+01
2.820170402526855469e+02 4.400184631347656250e+02 9.468479156494140625e+01
2.816479682922363281e+02 4.389999771118164062e+02 9.456341743469238281e+01
2.823617362976074219e+02 4.396974563598632812e+02 9.444129943847656250e+01
2.809170532226562500e+02 4.400734710693359375e+02 9.520506858825683594e+01
2.803364372253417969e+02 4.397891616821289062e+02 9.540778160095214844e+01
2.809999847412109375e+02 4.389999771118164062e+02 9.486182212829589844e+01
2.805284309387207031e+02 4.404558181762695312e+02 9.551432609558105469e+01
2.812269020080566406e+02 4.409999847412109375e+02 9.536543846130371094e+01
2.807269096374511719e+02 4.409999847412109375e+02 9.561519622802734375e+01
2.814407730102539062e+02 4.415644073486328125e+02 9.547019958496093750e+01
2.810644531250000000e+02 4.419386291503906250e+02 9.583872795104980469e+01
2.820613479614257812e+02 4.419386291503906250e+02 9.535736083984375000e+01
2.817689132690429688e+02 4.422310638427734375e+02 9.562556266784667969e+01
2.824355888366699219e+02 4.425592041015625000e+02 9.547019958496093750e+01
2.802288436889648438e+02 4.420000076293945312e+02 9.632924079895019531e+01
2.810631370544433594e+02 4.429368591308593750e+02 9.633500099182128906e+01
2.804472160339355469e+02 4.425614166259765625e+02 9.646638870239257812e+01
2.800066947937011719e+02 4.429923629760742188e+02 9.700037956237792969e+01
2.793005561828613281e+02 4.427566909790039062e+02 9.734909057617187500e+01
2.797288513183593750e+02 4.420000076293945312e+02 9.664883613586425781e+01
2.795661735534667969e+02 4.434233474731445312e+02 9.754705429077148438e+01
2.789803314208984375e+02 4.430540084838867188e+02 9.778292655944824219e+01
2.799397087097167969e+02 4.440641021728515625e+02 9.772456169128417969e+01
2.790652084350585938e+02 4.439126586914062500e+02 9.829009056091308594e+01
2.787753677368164062e+02 4.441877746582031250e+02 9.875274658203125000e+01
2.794420242309570312e+02 4.445583343505859375e+02 9.845197677612304688e+01
2.784827804565429688e+02 4.435210800170898438e+02 9.848444938659667969e+01
2.782951736450195312e+02 4.429999923706054688e+02 9.831836700439453125e+01
2.781191825866699219e+02 4.438511276245117188e+02 9.912020683288574219e+01
2.777555847167968750e+02 4.441811752319335938e+02 9.979355812072753906e+01
2.784222602844238281e+02 4.445859527587890625e+02 9.941941261291503906e+01
2.774890136718750000e+02 4.435144805908203125e+02 9.948767662048339844e+01
2.777951812744140625e+02 4.429999923706054688e+02 9.879805564880371094e+01
2.773166465759277344e+02 4.429999923706054688e+02 9.929805755615234375e+01
2.775774574279785156e+02 4.423727416992187500e+02 9.857641220092773438e+01
2.779961204528808594e+02 4.420036315917968750e+02 9.799573898315429688e+01
2.769913101196289062e+02 4.420142364501953125e+02 9.898870468139648438e+01
2.766988945007324219e+02 4.409999847412109375e+02 9.871505737304687500e+01
2.764148330688476562e+02 4.416557693481445312e+02 9.940099716186523438e+01
2.773827934265136719e+02 4.417060470581054688e+02 9.838477134704589844e+01
2.765998458862304688e+02 4.423224258422851562e+02 9.962323188781738281e+01
2.760436439514160156e+02 4.419173049926757812e+02 1.000572299957275391e+02
2.767848968505859375e+02 4.430520629882812500e+02 9.997393608093261719e+01
2.765526199340820312e+02 4.434201049804687500e+02 1.005756759643554688e+02
2.773056221008300781e+02 4.439086914062500000e+02 1.000761318206787109e+02
2.763391304016113281e+02 4.427534484863281250e+02 1.002898979187011719e+02
2.760002899169921875e+02 4.429985046386718750e+02 1.010011672973632812e+02
2.756614494323730469e+02 4.432435607910156250e+02 1.017794799804687500e+02
2.763281059265136719e+02 4.437392807006835938e+02 1.012423419952392578e+02
2.754523277282714844e+02 4.425769042968750000e+02 1.014266681671142578e+02
2.756724548339843750e+02 4.421788024902343750e+02 1.007600021362304688e+02
2.753314399719238281e+02 4.419072723388671875e+02 1.010560035705566406e+02
2.748639869689941406e+02 4.409581375122070312e+02 1.010591506958007812e+02
2.754934501647949219e+02 4.415121459960937500e+02 1.004912281036376953e+02
2.747940826416015625e+02 4.419918823242187500e+02 1.020122241973876953e+02
2.745978736877441406e+02 4.423198318481445312e+02 1.026959323883056641e+02
2.753116416931152344e+02 4.429461288452148438e+02 1.020676898956298828e+02
2.746066093444824219e+02 4.412635803222656250e+02 1.016870403289794922e+02
2.744174766540527344e+02 4.416531372070312500e+02 1.023537063598632812e+02
2.742862701416015625e+02 4.409581375122070312e+02 1.020122241973876953e+02
2.744563484191894531e+02 4.405969238281250000e+02 1.014319133758544922e+02
2.738331985473632812e+02 4.399365234375000000e+02 1.020750331878662109e+02
2.737669372558593750e+02 4.409781265258789062e+02 1.030275726318359375e+02
2.736032867431640625e+02 4.402275466918945312e+02 1.027126121520996094e+02
2.734420967102050781e+02 4.406302261352539062e+02 1.033792781829833984e+02
2.733423805236816406e+02 4.399365234375000000e+02 1.030275726318359375e+02
2.734768486022949219e+02 4.395608901977539062e+02 1.024583911895751953e+02
2.729413604736328125e+02 4.400000000000000000e+02 1.040000057220458984e+02
2.730312538146972656e+02 4.389999771118164062e+02 1.030000019073486328e+02
2.727138328552246094e+02 4.379960632324218750e+02 1.030432701110839844e+02
2.733823394775390625e+02 4.389999771118164062e+02 1.022837448120117188e+02
2.726306724548339844e+02 4.390627288818359375e+02 1.039717578887939453e+02
2.725192260742187500e+02 4.394379043579101562e+02 1.045569229125976562e+02
2.725468635559082031e+02 4.383267974853515625e+02 1.036195850372314453e+02
2.724171257019042969e+02 4.387712478637695312e+02 1.042862606048583984e+02
2.723220634460449219e+02 4.379960632324218750e+02 1.039717578887939453e+02
2.722792434692382812e+02 4.390627288818359375e+02 1.049341583251953125e+02
2.719542884826660156e+02 4.379999923706054688e+02 1.050000000000000000e+02
2.719258308410644531e+02 4.389999771118164062e+02 1.060000038146972656e+02
2.724078559875488281e+02 4.397561264038085938e+02 1.052235889434814453e+02
2.722876167297363281e+02 4.400536727905273438e+02 1.059560585021972656e+02
2.716412925720214844e+02 4.380057144165039062e+02 1.060035896301269531e+02
2.716475105285644531e+02 4.389834976196289062e+02 1.070004558563232422e+02
2.714570808410644531e+02 4.386391830444335938e+02 1.073340892791748047e+02
2.715431022644042969e+02 4.383428192138671875e+02 1.066674232482910156e+02
2.715596961975097656e+02 4.393058395385742188e+02 1.077713489532470703e+02
2.713950920104980469e+02 4.389834976196289062e+02 1.080628108978271484e+02
2.712130928039550781e+02 4.389999771118164062e+02 1.090000057220458984e+02
2.714862251281738281e+02 4.395371627807617188e+02 1.084380149841308594e+02
2.711191749572753906e+02 4.379999923706054688e+02 1.080000019073486328e+02
2.713640975952148438e+02 4.380057144165039062e+02 1.070004558563232422e+02
2.709157943725585938e+02 4.379999923706054688e+02 1.090000057220458984e+02
2.708662605285644531e+02 4.370000076293945312e+02 1.080000019073486328e+02
2.706379508972167969e+02 4.359436035156250000e+02 1.080651855468750000e+02
2.711118125915527344e+02 4.370000076293945312e+02 1.069999980926513672e+02
2.706379508972167969e+02 4.369348144531250000e+02 1.090564060211181641e+02
2.705465698242187500e+02 4.362393188476562500e+02 1.087606716156005859e+02
2.704869270324707031e+02 4.365580368041992188e+02 1.094273471832275391e+02
2.705557250976562500e+02 4.372494506835937500e+02 1.100000000000000000e+02
2.705127525329589844e+02 4.374412536621093750e+02 1.106266021728515625e+02
2.707535171508789062e+02 4.379999923706054688e+02 1.100000000000000000e+02
2.704458045959472656e+02 4.367494583129882812e+02 1.100000000000000000e+02
2.703080177307128906e+02 4.359999847412109375e+02 1.100000000000000000e+02
2.704002761840820312e+02 4.370647430419921875e+02 1.109759616851806641e+02
2.702045249938964844e+02 4.359999847412109375e+02 1.110000038146972656e+02
2.703147888183593750e+02 4.370000076293945312e+02 1.119999980926513672e+02
2.704791450500488281e+02 4.375724792480468750e+02 1.112932682037353516e+02
2.704544830322265625e+02 4.376589202880859375e+02 1.119999980926513672e+02
2.706172561645507812e+02 4.379434967041015625e+02 1.109759616851806641e+02
2.705978012084960938e+02 4.381589508056640625e+02 1.119999980926513672e+02
2.709303474426269531e+02 4.389999771118164062e+02 1.110000038146972656e+02
2.710518074035644531e+02 4.389999771118164062e+02 1.100000000000000000e+02
2.708510398864746094e+02 4.389999771118164062e+02 1.119999980926513672e+02
2.712057876586914062e+02 4.400000000000000000e+02 1.119999980926513672e+02
2.708051872253417969e+02 4.389999771118164062e+02 1.130000019073486328e+02
2.705754852294921875e+02 4.382356262207031250e+02 1.130000019073486328e+02
2.707894325256347656e+02 4.389999771118164062e+02 1.140000057220458984e+02
2.705675888061523438e+02 4.382621002197265625e+02 1.140000057220458984e+02
2.707894325256347656e+02 4.389999771118164062e+02 1.150000000000000000e+02
2.705675888061523438e+02 4.382621002197265625e+02 1.150000000000000000e+02
2.707995223999023438e+02 4.389999771118164062e+02 1.160000038146972656e+02
2.705710792541503906e+02 4.382516098022460938e+02 1.160000038146972656e+02
2.708314323425292969e+02 4.389999771118164062e+02 1.169999980926513672e+02
2.711608886718750000e+02 4.400000000000000000e+02 1.160000038146972656e+02
2.712022781372070312e+02 4.400000000000000000e+02 1.169999980926513672e+02
2.713142395019531250e+02 4.400880813598632812e+02 1.180432796478271484e+02
2.708961296081542969e+02 4.389999771118164062e+02 1.180000019073486328e+02
2.713378524780273438e+02 4.398941040039062500e+02 1.190000057220458984e+02
2.715082740783691406e+02 4.404801559448242188e+02 1.184054660797119141e+02
2.714790344238281250e+02 4.405442428588867188e+02 1.177388000488281250e+02
2.715439033508300781e+02 4.403940963745117188e+02 1.190000057220458984e+02
2.716135215759277344e+02 4.402234268188476562e+02 1.200000000000000000e+02
2.718237304687500000e+02 4.409999847412109375e+02 1.190000057220458984e+02
2.714080429077148438e+02 4.397234344482421875e+02 1.200000000000000000e+02
2.716804122924804688e+02 4.399515533447265625e+02 1.210040473937988281e+02
2.715324592590332031e+02 4.394133377075195312e+02 1.213400745391845703e+02
2.714647293090820312e+02 4.395859146118164062e+02 1.206734085083007812e+02
2.719156646728515625e+02 4.400000000000000000e+02 1.219999980926513672e+02
2.716072273254394531e+02 4.392058563232421875e+02 1.219999980926513672e+02
2.721542739868164062e+02 4.400000000000000000e+02 1.230000019073486328e+02
2.723841667175292969e+02 4.399656677246093750e+02 1.239152431488037109e+02
2.717285728454589844e+02 4.389167022705078125e+02 1.229226684570312500e+02
2.714898300170898438e+02 4.385278320312500000e+02 1.225377845764160156e+02
2.720527839660644531e+02 4.389999771118164062e+02 1.240000057220458984e+02
2.715784645080566406e+02 4.382449340820312500e+02 1.232044506072998047e+02
2.717006111145019531e+02 4.379469680786132812e+02 1.239469623565673828e+02
2.714103126525878906e+02 4.379469680786132812e+02 1.229226684570312500e+02
2.711616706848144531e+02 4.370000076293945312e+02 1.230000019073486328e+02
2.711908149719238281e+02 4.379999923706054688e+02 1.219999980926513672e+02
2.714757156372070312e+02 4.375782775878906250e+02 1.235782718658447266e+02
2.714173889160156250e+02 4.369106292724609375e+02 1.239469623565673828e+02
2.714955329895019531e+02 4.365177154541015625e+02 1.245123100280761719e+02
2.715784645080566406e+02 4.371843719482421875e+02 1.242449378967285156e+02
2.712269783020019531e+02 4.359999847412109375e+02 1.240000057220458984e+02
2.710596847534179688e+02 4.350000000000000000e+02 1.240000057220458984e+02
2.709292221069335938e+02 4.359999847412109375e+02 1.230000019073486328e+02
2.714418029785156250e+02 4.359999847412109375e+02 1.246547412872314453e+02
2.713583755493164062e+02 4.350000000000000000e+02 1.248713016510009766e+02
2.716257667541503906e+02 4.359999847412109375e+02 1.251547431945800781e+02
2.715489959716796875e+02 4.350000000000000000e+02 1.253713035583496094e+02
2.719741439819335938e+02 4.359999847412109375e+02 1.260000038146972656e+02
2.717327308654785156e+02 4.369106292724609375e+02 1.249073886871337891e+02
2.722419166564941406e+02 4.370878601074218750e+02 1.260935211181640625e+02
2.720575332641601562e+02 4.379999923706054688e+02 1.250000000000000000e+02
2.723656082153320312e+02 4.379999923706054688e+02 1.258140373229980469e+02
2.723557662963867188e+02 4.389704513549804688e+02 1.249747657775878906e+02
2.724596595764160156e+02 4.386174011230468750e+02 1.255961894989013672e+02
2.724558448791503906e+02 4.396094512939453125e+02 1.246246051788330078e+02
2.725743484497070312e+02 4.392840576171875000e+02 1.252912712097167969e+02
2.727271270751953125e+02 4.399656677246093750e+02 1.249747657775878906e+02
2.732019424438476562e+02 4.400633239746093750e+02 1.260637855529785156e+02
2.718288421630859375e+02 4.350000000000000000e+02 1.260000038146972656e+02
2.723483657836914062e+02 4.359999847412109375e+02 1.267968177795410156e+02
2.722798347473144531e+02 4.350000000000000000e+02 1.269248676300048828e+02
2.722470855712890625e+02 4.339999771118164062e+02 1.269820117950439453e+02
2.717571067810058594e+02 4.339999771118164062e+02 1.260000038146972656e+02
2.725097465515136719e+02 4.339999771118164062e+02 1.274820137023925781e+02
2.722434425354003906e+02 4.329999923706054688e+02 1.269855213165283203e+02
2.717472648620605469e+02 4.329999923706054688e+02 1.260000038146972656e+02
2.722704696655273438e+02 4.320000076293945312e+02 1.269274616241455078e+02
2.725079345703125000e+02 4.329999923706054688e+02 1.274855136871337891e+02
2.725406646728515625e+02 4.320000076293945312e+02 1.274274635314941406e+02
2.728561210632324219e+02 4.329999923706054688e+02 1.280000019073486328e+02
2.729219436645507812e+02 4.320000076293945312e+02 1.280000019073486328e+02
2.733481788635253906e+02 4.329999923706054688e+02 1.286967372894287109e+02
2.733812713623046875e+02 4.320000076293945312e+02 1.286541080474853516e+02
2.737780380249023438e+02 4.320000076293945312e+02 1.291541099548339844e+02
2.734528160095214844e+02 4.309999847412109375e+02 1.285612392425537109e+02
2.734966850280761719e+02 4.304872512817382812e+02 1.285042953491210938e+02
2.730629539489746094e+02 4.309999847412109375e+02 1.280000019073486328e+02
2.738535881042480469e+02 4.309999847412109375e+02 1.290612411499023438e+02
2.740080261230468750e+02 4.300411987304687500e+02 1.289865016937255859e+02
2.743535804748535156e+02 4.309999847412109375e+02 1.296634769439697266e+02
2.744324302673339844e+02 4.302618026733398438e+02 1.295748710632324219e+02
2.749733161926269531e+02 4.299214553833007812e+02 1.300250339508056641e+02
2.751261520385742188e+02 4.289999771118164062e+02 1.298748111724853516e+02
2.745275688171386719e+02 4.295951080322265625e+02 1.294686985015869141e+02
2.754190444946289062e+02 4.302477645874023438e+02 1.305757713317871094e+02
2.755268669128417969e+02 4.295810699462890625e+02 1.304751968383789062e+02
2.756375312805175781e+02 4.289999771118164062e+02 1.303748035430908203e+02
2.759959220886230469e+02 4.299914932250976562e+02 1.310034084320068359e+02
2.761375427246093750e+02 4.289999771118164062e+02 1.308105754852294922e+02
2.765898132324218750e+02 4.297351837158203125e+02 1.314310455322265625e+02
2.767503356933593750e+02 4.289999771118164062e+02 1.313105773925781250e+02
2.770463752746582031e+02 4.280019378662109375e+02 1.311551284790039062e+02
2.772503471374511719e+02 4.289999771118164062e+02 1.316848850250244141e+02
2.774106407165527344e+02 4.283365631103515625e+02 1.315657711029052734e+02
2.779595947265625000e+02 4.280019378662109375e+02 1.318062019348144531e+02
2.783213233947753906e+02 4.270000076293945312e+02 1.316203212738037109e+02
2.775993347167968750e+02 4.276699066162109375e+02 1.314313220977783203e+02
2.778213310241699219e+02 4.270000076293945312e+02 1.312767505645751953e+02
2.780547714233398438e+02 4.260710906982421875e+02 1.309652996063232422e+02
2.770189094543457031e+02 4.270870971679687500e+02 1.307279014587402344e+02
2.773648643493652344e+02 4.263143920898437500e+02 1.306043529510498047e+02
2.764871025085449219e+02 4.274785232543945312e+02 1.305108356475830078e+02
2.766982078552246094e+02 4.268118667602539062e+02 1.303409671783447266e+02
2.760638236999511719e+02 4.271139526367187500e+02 1.299431133270263672e+02
2.769485092163085938e+02 4.259292984008789062e+02 1.300442981719970703e+02
2.772391891479492188e+02 4.250000000000000000e+02 1.297149848937988281e+02
2.763072204589843750e+02 4.262108230590820312e+02 1.296743011474609375e+02
2.765321350097656250e+02 4.255441665649414062e+02 1.294719696044921875e+02
2.776137733459472656e+02 4.256477355957031250e+02 1.304143047332763672e+02
2.779682731628417969e+02 4.249398803710937500e+02 1.302471446990966797e+02
2.782804489135742188e+02 4.252331161499023438e+02 1.306595802307128906e+02
2.785597991943359375e+02 4.245664596557617188e+02 1.304586029052734375e+02
2.780559539794921875e+02 4.240678024291992188e+02 1.297330379486083984e+02
2.774534416198730469e+02 4.244463348388671875e+02 1.295390129089355469e+02
2.784265899658203125e+02 4.234265899658203125e+02 1.295574474334716797e+02
2.777599143981933594e+02 4.237796783447265625e+02 1.292887401580810547e+02
2.789358711242675781e+02 4.239358901977539062e+02 1.302847957611083984e+02
2.790678024291992188e+02 4.230559539794921875e+02 1.297330379486083984e+02
2.795675277709960938e+02 4.235597991943359375e+02 1.304586029052734375e+02
2.792264747619628906e+02 4.242264556884765625e+02 1.306816577911376953e+02
2.800030517578125000e+02 4.240029907226562500e+02 1.310020828247070312e+02
2.789990043640136719e+02 4.249987411499023438e+02 1.310039520263671875e+02
2.787715148925781250e+02 4.258277893066406250e+02 1.313262462615966797e+02
2.794381904602050781e+02 4.254310607910156250e+02 1.315389156341552734e+02
2.797719001770019531e+02 4.247644042968750000e+02 1.313483238220214844e+02
2.800631332397460938e+02 4.250586318969726562e+02 1.316734218597412109e+02
2.800450897216796875e+02 4.260423660278320312e+02 1.321781635284423828e+02
2.810447692871093750e+02 4.250508880615234375e+02 1.321681308746337891e+02
2.804385757446289062e+02 4.244462203979492188e+02 1.315336227416992188e+02
2.809999847412109375e+02 4.242196273803710938e+02 1.316727828979492188e+02
2.809999847412109375e+02 4.237196350097656250e+02 1.313605499267578125e+02
2.819124603271484375e+02 4.239079666137695312e+02 1.318855953216552734e+02
2.821874427795410156e+02 4.233133316040039062e+02 1.316234970092773438e+02
2.815207672119140625e+02 4.235132980346679688e+02 1.314915657043457031e+02
2.829212188720703125e+02 4.240068817138671875e+02 1.323045921325683594e+02
2.819999885559082031e+02 4.247033691406250000e+02 1.323893642425537109e+02
2.830746078491210938e+02 4.229880142211914062e+02 1.317197990417480469e+02
2.839999961853027344e+02 4.236531829833984375e+02 1.324097633361816406e+02
2.839999961853027344e+02 4.229999923706054688e+02 1.320017051696777344e+02
2.839999961853027344e+02 4.223693084716796875e+02 1.315919494628906250e+02
2.834576988220214844e+02 4.224795913696289062e+02 1.315144157409667969e+02
2.839999961853027344e+02 4.218693161010742188e+02 1.312353992462158203e+02
2.829964447021484375e+02 4.219983673095703125e+02 1.310051059722900391e+02
2.839999961853027344e+02 4.211984252929687500e+02 1.307353973388671875e+02
2.839999961853027344e+02 4.206984329223632812e+02 1.303402805328369141e+02
2.850452423095703125e+02 4.209423446655273438e+02 1.308018684387207031e+02
2.832018661499023438e+02 4.213606643676757812e+02 1.306093788146972656e+02
2.829211044311523438e+02 4.210163879394531250e+02 1.302266025543212891e+02
2.820423126220703125e+02 4.209805679321289062e+02 1.298222351074218750e+02
2.829999923706054688e+02 4.203095626831054688e+02 1.296681404113769531e+02
2.825351905822753906e+02 4.215171813964843750e+02 1.304868316650390625e+02
2.819999885559082031e+02 4.216698455810546875e+02 1.303674697875976562e+02
2.809314537048339844e+02 4.219516754150390625e+02 1.300411510467529297e+02
2.819999885559082031e+02 4.221698760986328125e+02 1.307463550567626953e+02
2.813247108459472656e+02 4.223759460449218750e+02 1.305942916870117188e+02
2.819124603271484375e+02 4.229880142211914062e+02 1.312920188903808594e+02
2.809948158264160156e+02 4.229704666137695312e+02 1.308450126647949219e+02
2.827910232543945312e+02 4.226466751098632812e+02 1.314008426666259766e+02
2.802342033386230469e+02 4.232840728759765625e+02 1.306558322906494141e+02
2.806580352783203125e+02 4.226174163818359375e+02 1.304125118255615234e+02
2.799405097961425781e+02 4.229704666137695312e+02 1.302460765838623047e+02
2.800000000000000000e+02 4.222351074218750000e+02 1.297136402130126953e+02
2.794463348388671875e+02 4.224527359008789062e+02 1.295390129089355469e+02
2.800000000000000000e+02 4.217351150512695312e+02 1.292994117736816406e+02
2.800907707214355469e+02 4.210417556762695312e+02 1.287457466125488281e+02
2.790828132629394531e+02 4.220738220214843750e+02 1.289388656616210938e+02
2.805382156372070312e+02 4.215274047851562500e+02 1.294768905639648438e+02
2.809229278564453125e+02 4.209805679321289062e+02 1.292214298248291016e+02
2.809999847412109375e+02 4.203210830688476562e+02 1.286691188812255859e+02
2.812048721313476562e+02 4.213009643554687500e+02 1.296697998046875000e+02
2.817371940612792969e+02 4.206343078613281250e+02 1.293817901611328125e+02
2.820487403869628906e+02 4.200264739990234375e+02 1.289776039123535156e+02
2.823602867126464844e+02 4.194247817993164062e+02 1.285734081268310547e+02
2.816936302185058594e+02 4.196056747436523438e+02 1.283955097198486328e+02
2.824038505554199219e+02 4.204472732543945312e+02 1.295471000671386719e+02
2.829999923706054688e+02 4.198095703125000000e+02 1.292142200469970703e+02
2.829999923706054688e+02 4.192810440063476562e+02 1.287142181396484375e+02
2.839999961853027344e+02 4.196131896972656250e+02 1.293962478637695312e+02
2.839999961853027344e+02 4.201131820678710938e+02 1.298402881622314453e+02
2.845665359497070312e+02 4.195187759399414062e+02 1.294827842712402344e+02
2.839999961853027344e+02 4.190960693359375000e+02 1.288962459564208984e+02
2.839999961853027344e+02 4.185960769653320312e+02 1.283993530273437500e+02
2.848875999450683594e+02 4.189683914184570312e+02 1.290326023101806641e+02
2.852086448669433594e+02 4.184208297729492188e+02 1.285824298858642578e+02
2.852332115173339844e+02 4.194252777099609375e+02 1.295679855346679688e+02
2.859999847412109375e+02 4.188488006591796875e+02 1.291632652282714844e+02
2.845419692993164062e+02 4.185115051269531250e+02 1.284879302978515625e+02
2.849367904663085938e+02 4.179815292358398438e+02 1.280190467834472656e+02
2.853315925598144531e+02 4.174569702148437500e+02 1.275501728057861328e+02
2.846649169921875000e+02 4.175422668457031250e+02 1.274487495422363281e+02
2.839999961853027344e+02 4.181386566162109375e+02 1.278993511199951172e+02
2.859999847412109375e+02 4.178418350219726562e+02 1.281213665008544922e+02
2.869999885559082031e+02 4.177740859985351562e+02 1.281995296478271484e+02
2.859999847412109375e+02 4.183418273925781250e+02 1.286632633209228516e+02
2.859999847412109375e+02 4.173949050903320312e+02 1.276213741302490234e+02
2.859861373901367188e+02 4.168308639526367188e+02 1.269249916076660156e+02
2.869999885559082031e+02 4.173254394531250000e+02 1.276995372772216797e+02
2.869999885559082031e+02 4.168254470825195312e+02 1.271015930175781250e+02
2.879999923706054688e+02 4.172858810424804688e+02 1.277416992187500000e+02
2.879999923706054688e+02 4.167858886718750000e+02 1.271583652496337891e+02
2.889999961853027344e+02 4.172739410400390625e+02 1.277529716491699219e+02
2.889999961853027344e+02 4.167739486694335938e+02 1.271796894073486328e+02
2.889999961853027344e+02 4.163498687744140625e+02 1.266796875000000000e+02
2.900000000000000000e+02 4.167749023437500000e+02 1.271796894073486328e+02
2.900000000000000000e+02 4.163498687744140625e+02 1.266796875000000000e+02
2.909999847412109375e+02 4.168020629882812500e+02 1.271462249755859375e+02
2.909999847412109375e+02 4.163790130615234375e+02 1.266462230682373047e+02
2.909194946289062500e+02 4.158196640014648438e+02 1.259025382995605469e+02
2.919999885559082031e+02 4.164399719238281250e+02 1.265729045867919922e+02
2.919999885559082031e+02 4.160162353515625000e+02 1.260000038146972656e+02
2.929509925842285156e+02 4.162157821655273438e+02 1.260633277893066406e+02
2.919999885559082031e+02 4.155762481689453125e+02 1.253837490081787109e+02
2.911991500854492188e+02 4.155273818969726562e+02 1.254585933685302734e+02
2.919999885559082031e+02 4.152549743652343750e+02 1.248837566375732422e+02
2.929999923706054688e+02 4.156567382812500000e+02 1.252598381042480469e+02
2.929999923706054688e+02 4.153343963623046875e+02 1.247598361968994141e+02
2.939999961853027344e+02 4.157624435424804688e+02 1.250972175598144531e+02
2.939999961853027344e+02 4.154378509521484375e+02 1.245972251892089844e+02
2.939999961853027344e+02 4.162624359130859375e+02 1.258241176605224609e+02
2.950000000000000000e+02 4.164030456542968750e+02 1.256312179565429688e+02
2.939999961853027344e+02 4.150956726074218750e+02 1.240000057220458984e+02
2.945062446594238281e+02 4.154981231689453125e+02 1.245029354095458984e+02
2.929999923706054688e+02 4.148933029174804688e+02 1.240000057220458984e+02
2.920576286315917969e+02 4.147101211547851562e+02 1.239414215087890625e+02
2.929999923706054688e+02 4.145589065551757812e+02 1.233777427673339844e+02
2.924293899536132812e+02 4.145102310180664062e+02 1.234785270690917969e+02
2.929999923706054688e+02 4.143220520019531250e+02 1.228777408599853516e+02
2.920576286315917969e+02 4.142768859863281250e+02 1.230871105194091797e+02
2.929999923706054688e+02 4.139476013183593750e+02 1.219999980926513672e+02
2.939999961853027344e+02 4.144147491455078125e+02 1.226774120330810547e+02
2.919999885559082031e+02 4.138147735595703125e+02 1.219999980926513672e+02
2.929999923706054688e+02 4.136255264282226562e+02 1.211393928527832031e+02
2.919999885559082031e+02 4.135651397705078125e+02 1.213119220733642578e+02
2.929999923706054688e+02 4.134517669677734375e+02 1.206393909454345703e+02
2.939323997497558594e+02 4.136959075927734375e+02 1.209174060821533203e+02
2.942206764221191406e+02 4.135522842407226562e+02 1.203251838684082031e+02
2.935540008544921875e+02 4.134898376464843750e+02 1.205290031433105469e+02
2.939323997497558594e+02 4.134024429321289062e+02 1.199951076507568359e+02
2.947139167785644531e+02 4.134527206420898438e+02 1.196585083007812500e+02
2.929999923706054688e+02 4.132629776000976562e+02 1.200000000000000000e+02
2.939999961853027344e+02 4.131475830078125000e+02 1.190000057220458984e+02
2.929999923706054688e+02 4.129983901977539062e+02 1.190000057220458984e+02
2.939999961853027344e+02 4.129277801513671875e+02 1.180000019073486328e+02
2.950283432006835938e+02 4.133586883544921875e+02 1.190376949310302734e+02
2.953805732727050781e+02 4.135264587402343750e+02 1.193961524963378906e+02
2.957294845581054688e+02 4.134419250488281250e+02 1.187294864654541016e+02
2.950000000000000000e+02 4.131220245361328125e+02 1.180000019073486328e+02
2.950000000000000000e+02 4.129547882080078125e+02 1.169999980926513672e+02
2.960376739501953125e+02 4.133699035644531250e+02 1.180176544189453125e+02
2.959999847412109375e+02 4.131884002685546875e+02 1.169999980926513672e+02
2.963961410522460938e+02 4.135264587402343750e+02 1.183627605438232422e+02
2.966267013549804688e+02 4.134622955322265625e+02 1.176960945129394531e+02
2.968289375305175781e+02 4.134061050415039062e+02 1.169999980926513672e+02
2.969760131835937500e+02 4.136295700073242188e+02 1.180176544189453125e+02
2.973289299011230469e+02 4.135506820678710938e+02 1.169999980926513672e+02
2.969999885559082031e+02 4.138649749755859375e+02 1.190000057220458984e+02
2.979999923706054688e+02 4.139584350585937500e+02 1.180000019073486328e+02
2.979999923706054688e+02 4.137673568725585938e+02 1.169999980926513672e+02
2.980780601501464844e+02 4.142571258544921875e+02 1.190718364715576172e+02
2.990123558044433594e+02 4.143453598022460938e+02 1.179316711425781250e+02
2.986872673034667969e+02 4.144142532348632812e+02 1.187863922119140625e+02
2.993539428710937500e+02 4.145677566528320312e+02 1.182194519042968750e+02
2.995246696472167969e+02 4.144872283935546875e+02 1.175527858734130859e+02
2.989999961853027344e+02 4.141502380371093750e+02 1.169999980926513672e+02
2.989999961853027344e+02 4.139995193481445312e+02 1.160000038146972656e+02
2.996309852600097656e+02 4.144335937500000000e+02 1.169999980926513672e+02
2.997918128967285156e+02 4.143551254272460938e+02 1.160000038146972656e+02
3.001309776306152344e+02 4.146904373168945312e+02 1.169999980926513672e+02
3.002918052673339844e+02 4.146055984497070312e+02 1.160000038146972656e+02
2.999147987365722656e+02 4.147853088378906250e+02 1.179316711425781250e+02
3.010717964172363281e+02 4.152265548706054688e+02 1.170188999176025391e+02
3.009999847412109375e+02 4.150020599365234375e+02 1.160000038146972656e+02
3.008182716369628906e+02 4.153057861328125000e+02 1.180000019073486328e+02
3.014529991149902344e+02 4.155293655395507812e+02 1.173648357391357422e+02
3.015641593933105469e+02 4.154570388793945312e+02 1.166981697082519531e+02
3.016589164733886719e+02 4.153964614868164062e+02 1.160000038146972656e+02
3.019384956359863281e+02 4.157846832275390625e+02 1.170188999176025391e+02
3.021589088439941406e+02 4.157300186157226562e+02 1.160000038146972656e+02
3.027103042602539062e+02 4.163338088989257812e+02 1.169999980926513672e+02
3.028488731384277344e+02 4.162300491333007812e+02 1.160000038146972656e+02
3.025905609130859375e+02 4.164274978637695312e+02 1.177233791351318359e+02
3.032102966308593750e+02 4.167404174804687500e+02 1.169999980926513672e+02
3.033488845825195312e+02 4.166231536865234375e+02 1.160000038146972656e+02
3.034540176391601562e+02 4.165367507934570312e+02 1.150000000000000000e+02
3.039129829406738281e+02 4.171231460571289062e+02 1.160000038146972656e+02
3.040898323059082031e+02 4.171093750000000000e+02 1.150337982177734375e+02
3.044129753112792969e+02 4.175862503051757812e+02 1.160000038146972656e+02
3.044830513000488281e+02 4.175164794921875000e+02 1.153896522521972656e+02
3.050017738342285156e+02 4.179964447021484375e+02 1.150115871429443359e+02
3.045347023010253906e+02 4.174665832519531250e+02 1.147229862213134766e+02
3.050806427001953125e+02 4.179316329956054688e+02 1.140000057220458984e+02
3.054688453674316406e+02 4.185365295410156250e+02 1.153001785278320312e+02
3.055215644836425781e+02 4.184764099121093750e+02 1.146335124969482422e+02
3.055630302429199219e+02 4.184316253662109375e+02 1.140000057220458984e+02
3.058288383483886719e+02 4.189218902587890625e+02 1.149801063537597656e+02
3.060225105285644531e+02 4.189999771118164062e+02 1.140000057220458984e+02
3.064594841003417969e+02 4.195579910278320312e+02 1.140000057220458984e+02
3.061852073669433594e+02 4.190872955322265625e+02 1.130231475830078125e+02
3.061186599731445312e+02 4.189821243286132812e+02 1.119999980926513672e+02
3.056135749816894531e+02 4.183781814575195312e+02 1.130000019073486328e+02
3.064905738830566406e+02 4.195135498046875000e+02 1.133719062805175781e+02
3.065151023864746094e+02 4.194787979125976562e+02 1.127052402496337891e+02
3.065127563476562500e+02 4.194821548461914062e+02 1.119999980926513672e+02
3.067814445495605469e+02 4.199081420898437500e+02 1.130231475830078125e+02
3.068664360046386719e+02 4.200000000000000000e+02 1.119999980926513672e+02
3.067639923095703125e+02 4.199248886108398438e+02 1.110881805419921875e+02
3.073536682128906250e+02 4.207558059692382812e+02 1.119999980926513672e+02
3.073285484313964844e+02 4.207923126220703125e+02 1.110000038146972656e+02
3.072769927978515625e+02 4.208676528930664062e+02 1.100000000000000000e+02
3.076192283630371094e+02 4.212923049926757812e+02 1.110000038146972656e+02
3.075781440734863281e+02 4.213676452636718750e+02 1.100000000000000000e+02
3.080038642883300781e+02 4.220000076293945312e+02 1.110000038146972656e+02
3.083846282958984375e+02 4.227427673339843750e+02 1.110000038146972656e+02
3.079268646240234375e+02 4.220000076293945312e+02 1.100000000000000000e+02
3.083487129211425781e+02 4.228128814697265625e+02 1.100000000000000000e+02
3.085905265808105469e+02 4.233128738403320312e+02 1.100000000000000000e+02
3.085457229614257812e+02 4.234061431884765625e+02 1.092103004455566406e+02
3.075353050231933594e+02 4.214416122436523438e+02 1.092915153503417969e+02
3.067770004272460938e+02 4.201113128662109375e+02 1.100000000000000000e+02
3.064169311523437500e+02 4.196113204956054688e+02 1.100000000000000000e+02
3.058514976501464844e+02 4.189209747314453125e+02 1.100038528442382812e+02
3.064695930480957031e+02 4.195415115356445312e+02 1.108136272430419922e+02
3.061412620544433594e+02 4.190984344482421875e+02 1.110881805419921875e+02
3.065019035339355469e+02 4.194973754882812500e+02 1.114802932739257812e+02
3.055743980407714844e+02 4.184217453002929688e+02 1.110000038146972656e+02
3.055299186706542969e+02 4.184684753417968750e+02 1.103397560119628906e+02
3.056186676025390625e+02 4.183742904663085938e+02 1.119999980926513672e+02
3.050683593750000000e+02 4.179217529296875000e+02 1.110000038146972656e+02
3.049956512451171875e+02 4.180051040649414062e+02 1.100306510925292969e+02
3.051217842102050781e+02 4.178742980957031250e+02 1.119999980926513672e+02
3.045683670043945312e+02 4.174369430541992188e+02 1.110000038146972656e+02
3.039063453674316406e+02 4.168692016601562500e+02 1.110599803924560547e+02
3.045235633850097656e+02 4.174784088134765625e+02 1.103882217407226562e+02
3.046217918395996094e+02 4.173863983154296875e+02 1.119999980926513672e+02
3.046257019042968750e+02 4.173813247680664062e+02 1.130000019073486328e+02
3.040440750122070312e+02 4.168864059448242188e+02 1.119999980926513672e+02
3.035440826416015625e+02 4.164651870727539062e+02 1.119999980926513672e+02
3.040603446960449219e+02 4.168813323974609375e+02 1.130000019073486328e+02
3.039193534851074219e+02 4.168399429321289062e+02 1.140820026397705078e+02
3.035603332519531250e+02 4.164516448974609375e+02 1.130000019073486328e+02
3.035322570800781250e+02 4.164736938476562500e+02 1.138033390045166016e+02
3.029999923706054688e+02 4.160445785522460938e+02 1.130000019073486328e+02
3.023504447937011719e+02 4.155929183959960938e+02 1.130000019073486328e+02
3.030980110168457031e+02 4.161729431152343750e+02 1.140820026397705078e+02
3.029999923706054688e+02 4.160787582397460938e+02 1.119999980926513672e+02
3.023150634765625000e+02 4.156135177612304688e+02 1.119999980926513672e+02
3.030727386474609375e+02 4.162295532226562500e+02 1.110599803924560547e+02
3.022270774841308594e+02 4.156681060791015625e+02 1.110000038146972656e+02
3.028654289245605469e+02 4.162452697753906250e+02 1.100000000000000000e+02
3.035105705261230469e+02 4.164917755126953125e+02 1.114332962036132812e+02
3.034545707702636719e+02 4.165327072143554688e+02 1.107666206359863281e+02
3.033654403686523438e+02 4.165966033935546875e+02 1.100000000000000000e+02
3.040715789794921875e+02 4.171643447875976562e+02 1.100329303741455078e+02
3.044526290893554688e+02 4.175417327880859375e+02 1.097215557098388672e+02
3.020992088317871094e+02 4.157452774047851562e+02 1.100000000000000000e+02
3.027076339721679688e+02 4.163558578491210938e+02 1.090000057220458984e+02
3.015991973876953125e+02 4.154396820068359375e+02 1.100000000000000000e+02
3.009999847412109375e+02 4.151129531860351562e+02 1.100000000000000000e+02
3.015133285522460938e+02 4.154919433593750000e+02 1.094674491882324219e+02
3.017270851135253906e+02 4.153626251220703125e+02 1.110000038146972656e+02
3.009999847412109375e+02 4.149556350708007812e+02 1.110000038146972656e+02
3.018150711059570312e+02 4.153107070922851562e+02 1.119999980926513672e+02
3.009999847412109375e+02 4.148492813110351562e+02 1.119999980926513672e+02
3.018504333496093750e+02 4.152876663208007812e+02 1.130000019073486328e+02
3.018267631530761719e+02 4.152968978881835938e+02 1.140000057220458984e+02
3.009999847412109375e+02 4.147968673706054688e+02 1.130000019073486328e+02
3.004807090759277344e+02 4.145091629028320312e+02 1.130000019073486328e+02
3.009999847412109375e+02 4.148090744018554688e+02 1.140000057220458984e+02
3.004749488830566406e+02 4.145121765136718750e+02 1.140000057220458984e+02
3.009999847412109375e+02 4.148769760131835938e+02 1.150000000000000000e+02
3.004088401794433594e+02 4.145452499389648438e+02 1.150000000000000000e+02
3.017642974853515625e+02 4.153317260742187500e+02 1.150000000000000000e+02
3.022642898559570312e+02 4.156545257568359375e+02 1.150000000000000000e+02
3.023267555236816406e+02 4.156109237670898438e+02 1.140000057220458984e+02
3.029540061950683594e+02 4.161545181274414062e+02 1.150000000000000000e+02
2.999088478088378906e+02 4.143024826049804688e+02 1.150000000000000000e+02
2.989999961853027344e+02 4.138995361328125000e+02 1.150000000000000000e+02
2.999749374389648438e+02 4.142752838134765625e+02 1.140000057220458984e+02
2.989999961853027344e+02 4.138465499877929688e+02 1.140000057220458984e+02
2.999807167053222656e+02 4.142752838134765625e+02 1.130000019073486328e+02
2.999184799194335938e+02 4.143051147460937500e+02 1.119999980926513672e+02
2.989999961853027344e+02 4.138465499877929688e+02 1.130000019073486328e+02
2.989999961853027344e+02 4.139058303833007812e+02 1.119999980926513672e+02
2.982547760009765625e+02 4.135712814331054688e+02 1.130000019073486328e+02
2.982547760009765625e+02 4.135712814331054688e+02 1.140000057220458984e+02
2.981631278991699219e+02 4.136007308959960938e+02 1.119999980926513672e+02
2.977547836303710938e+02 4.134264755249023438e+02 1.130000019073486328e+02
2.969999885559082031e+02 4.132375717163085938e+02 1.130000019073486328e+02
2.977547836303710938e+02 4.134264755249023438e+02 1.140000057220458984e+02
2.976631355285644531e+02 4.134521102905273438e+02 1.119999980926513672e+02
2.969999885559082031e+02 4.132878112792968750e+02 1.119999980926513672e+02
2.975618553161621094e+02 4.134811401367187500e+02 1.113490676879882812e+02
2.970414924621582031e+02 4.133974075317382812e+02 1.110094356536865234e+02
2.979371070861816406e+02 4.136381530761718750e+02 1.110094356536865234e+02
2.974024963378906250e+02 4.135227203369140625e+02 1.106824016571044922e+02
2.979999923706054688e+02 4.138217544555664062e+02 1.100000000000000000e+02
2.989999961853027344e+02 4.140150070190429688e+02 1.110000038146972656e+02
2.989999961853027344e+02 4.141785812377929688e+02 1.100000000000000000e+02
2.998020553588867188e+02 4.143593597412109375e+02 1.110000038146972656e+02
2.996282005310058594e+02 4.144403839111328125e+02 1.100000000000000000e+02
3.003020668029785156e+02 4.145929718017578125e+02 1.110000038146972656e+02
3.004184722900390625e+02 4.145385360717773438e+02 1.119999980926513672e+02
3.001281929016113281e+02 4.146732711791992188e+02 1.100000000000000000e+02
2.995124626159667969e+02 4.144941711425781250e+02 1.094767189025878906e+02
2.970414924621582031e+02 4.135726928710937500e+02 1.099302101135253906e+02
2.964496421813964844e+02 4.135097503662109375e+02 1.095503520965576172e+02
2.967358207702636719e+02 4.134453964233398438e+02 1.102170181274414062e+02
2.960697746276855469e+02 4.133629226684570312e+02 1.099302101135253906e+02
2.950000000000000000e+02 4.131669998168945312e+02 1.100000000000000000e+02
2.957829856872558594e+02 4.134453964233398438e+02 1.092641735076904297e+02
2.959999847412109375e+02 4.131731414794921875e+02 1.110000038146972656e+02
2.950000000000000000e+02 4.129977798461914062e+02 1.110000038146972656e+02
2.959999847412109375e+02 4.130690002441406250e+02 1.119999980926513672e+02
2.950000000000000000e+02 4.128814315795898438e+02 1.119999980926513672e+02
2.959999847412109375e+02 4.130137252807617188e+02 1.130000019073486328e+02
2.950000000000000000e+02 4.128099822998046875e+02 1.130000019073486328e+02
2.959999847412109375e+02 4.130022048950195312e+02 1.140000057220458984e+02
2.950000000000000000e+02 4.127815246582031250e+02 1.140000057220458984e+02
2.959999847412109375e+02 4.130253219604492188e+02 1.150000000000000000e+02
2.969999885559082031e+02 4.132349014282226562e+02 1.140000057220458984e+02
2.969999885559082031e+02 4.132699966430664062e+02 1.150000000000000000e+02
2.970871162414550781e+02 4.133655166625976562e+02 1.160606002807617188e+02
2.976771736145019531e+02 4.134476852416992188e+02 1.150000000000000000e+02
2.975805854797363281e+02 4.134752273559570312e+02 1.157676601409912109e+02
2.981771850585937500e+02 4.135970687866210938e+02 1.150000000000000000e+02
2.979483413696289062e+02 4.136191558837890625e+02 1.160606002807617188e+02
2.974785423278808594e+02 4.135060882568359375e+02 1.164343357086181641e+02
2.959999847412109375e+02 4.130788421630859375e+02 1.160000038146972656e+02
2.950000000000000000e+02 4.128448867797851562e+02 1.160000038146972656e+02
2.939999961853027344e+02 4.126451873779296875e+02 1.160000038146972656e+02
2.950000000000000000e+02 4.127931594848632812e+02 1.150000000000000000e+02
2.939101982116699219e+02 4.125748062133789062e+02 1.149810504913330078e+02
2.935169982910156250e+02 4.124969482421875000e+02 1.146350860595703125e+02
2.934718132019042969e+02 4.125044631958007812e+02 1.153017520904541016e+02
2.939101982116699219e+02 4.125769042968750000e+02 1.140571117401123047e+02
2.934201622009277344e+02 4.125111007690429688e+02 1.137618541717529297e+02
2.939999961853027344e+02 4.126444244384765625e+02 1.130000019073486328e+02
2.935169982910156250e+02 4.124969482421875000e+02 1.144285202026367188e+02
2.930521011352539062e+02 4.124427032470703125e+02 1.140571117401123047e+02
2.919999885559082031e+02 4.122962188720703125e+02 1.140000057220458984e+02
2.927535057067871094e+02 4.124645614624023438e+02 1.131819343566894531e+02
2.930830764770507812e+02 4.124349975585937500e+02 1.149810504913330078e+02
2.919999885559082031e+02 4.122718429565429688e+02 1.150000000000000000e+02
2.928016853332519531e+02 4.124533081054687500e+02 1.160000038146972656e+02
2.919999885559082031e+02 4.123415756225585938e+02 1.160000038146972656e+02
2.925971031188964844e+02 4.124860000610351562e+02 1.165886020660400391e+02
2.933016777038574219e+02 4.125286102294921875e+02 1.160000038146972656e+02
2.929582595825195312e+02 4.125927352905273438e+02 1.169531631469726562e+02
2.929999923706054688e+02 4.127778625488281250e+02 1.180000019073486328e+02
2.939999961853027344e+02 4.127596664428710938e+02 1.169999980926513672e+02
2.919999885559082031e+02 4.125298690795898438e+02 1.173095130920410156e+02
2.914829254150390625e+02 4.125015258789062500e+02 1.174907493591308594e+02
2.919999885559082031e+02 4.124489212036132812e+02 1.168095111846923828e+02
2.919999885559082031e+02 4.126589584350585938e+02 1.180000019073486328e+02
2.910897445678710938e+02 4.125652313232421875e+02 1.179850292205810547e+02
2.919999885559082031e+02 4.128843307495117188e+02 1.190000057220458984e+02
2.919999885559082031e+02 4.131481552124023438e+02 1.200000000000000000e+02
2.909999847412109375e+02 4.127913665771484375e+02 1.190000057220458984e+02
2.900000000000000000e+02 4.127381515502929688e+02 1.190000057220458984e+02
2.909999847412109375e+02 4.130587005615234375e+02 1.200000000000000000e+02
2.900000000000000000e+02 4.130099487304687500e+02 1.200000000000000000e+02
2.909999847412109375e+02 4.133477020263671875e+02 1.209381484985351562e+02
2.900161361694335938e+02 4.133563995361328125e+02 1.210950851440429688e+02
2.909999847412109375e+02 4.135214996337890625e+02 1.214381504058837891e+02
2.919999885559082031e+02 4.133928680419921875e+02 1.208119297027587891e+02
2.903602409362792969e+02 4.135029220581054688e+02 1.214918136596679688e+02
2.909999847412109375e+02 4.137186813354492188e+02 1.219999980926513672e+02
2.900161361694335938e+02 4.136376190185546875e+02 1.219072055816650391e+02
2.909999847412109375e+02 4.141171264648437500e+02 1.230000019073486328e+02
2.900000000000000000e+02 4.140593719482421875e+02 1.230000019073486328e+02
2.909999847412109375e+02 4.144199371337890625e+02 1.236452388763427734e+02
2.909999847412109375e+02 4.146970748901367188e+02 1.241452407836914062e+02
2.917627143859863281e+02 4.144619750976562500e+02 1.235690402984619141e+02
2.900000000000000000e+02 4.143894958496093750e+02 1.237002182006835938e+02
2.889999961853027344e+02 4.143894958496093750e+02 1.237002182006835938e+02
2.900000000000000000e+02 4.146673583984375000e+02 1.242002201080322266e+02
2.889999961853027344e+02 4.146673583984375000e+02 1.242002201080322266e+02
2.900000000000000000e+02 4.151572799682617188e+02 1.250000000000000000e+02
2.900000000000000000e+02 4.154899597167968750e+02 1.255142593383789062e+02
2.909194946289062500e+02 4.152558898925781250e+02 1.250751590728759766e+02
2.889999961853027344e+02 4.151572799682617188e+02 1.250000000000000000e+02
2.880753517150878906e+02 4.152544021606445312e+02 1.250806045532226562e+02
2.889999961853027344e+02 4.154899597167968750e+02 1.255142593383789062e+02
2.884589195251464844e+02 4.154970169067382812e+02 1.255042266845703125e+02
2.889999961853027344e+02 4.158498764038085938e+02 1.260142517089843750e+02
2.880753517150878906e+02 4.158087539672851562e+02 1.259025382995605469e+02
2.900000000000000000e+02 4.158498764038085938e+02 1.260142517089843750e+02
2.869999885559082031e+02 4.159830093383789062e+02 1.260000038146972656e+02
2.877922630310058594e+02 4.155209350585937500e+02 1.254676818847656250e+02
2.879999923706054688e+02 4.163702392578125000e+02 1.266583633422851562e+02
2.869999885559082031e+02 4.164183807373046875e+02 1.266015911102294922e+02
2.863102149963378906e+02 4.164669418334960938e+02 1.265416526794433594e+02
2.859861373901367188e+02 4.161932373046875000e+02 1.260794258117675781e+02
2.850000000000000000e+02 4.162440490722656250e+02 1.258630275726318359e+02
2.859999847412109375e+02 4.156413269042968750e+02 1.252739048004150391e+02
2.856435585021972656e+02 4.165248870849609375e+02 1.264657115936279297e+02
2.850000000000000000e+02 4.165996551513671875e+02 1.263630294799804688e+02
2.849989509582519531e+02 4.171538925170898438e+02 1.270692539215087891e+02
2.839999961853027344e+02 4.167351150512695312e+02 1.261748981475830078e+02
2.839999961853027344e+02 4.163760757446289062e+02 1.256748962402343750e+02
2.830419921875000000e+02 4.168717193603515625e+02 1.259289169311523438e+02
2.839999961853027344e+02 4.172351074218750000e+02 1.268314647674560547e+02
2.839999961853027344e+02 4.176386642456054688e+02 1.273314666748046875e+02
2.829999923706054688e+02 4.174019241333007812e+02 1.266226291656494141e+02
2.824938011169433594e+02 4.174970626831054688e+02 1.265036392211914062e+02
2.829999923706054688e+02 4.178116607666015625e+02 1.271226310729980469e+02
2.829999923706054688e+02 4.183116531372070312e+02 1.277079772949218750e+02
2.821036720275878906e+02 4.180480194091796875e+02 1.269394397735595703e+02
2.818271446228027344e+02 4.176564788818359375e+02 1.262993717193603516e+02
2.817135238647460938e+02 4.186108779907226562e+02 1.273752403259277344e+02
2.823801803588867188e+02 4.184395980834960938e+02 1.275660896301269531e+02
2.811942481994628906e+02 4.183231353759765625e+02 1.267085742950439453e+02
2.809209823608398438e+02 4.179528045654296875e+02 1.260563755035400391e+02
2.809165382385253906e+02 4.187678146362304688e+02 1.270251464843750000e+02
2.805275726318359375e+02 4.185168075561523438e+02 1.264800548553466797e+02
2.809999847412109375e+02 4.193222045898437500e+02 1.276827907562255859e+02
2.800872421264648438e+02 4.192454528808593750e+02 1.269607257843017578e+02
2.800000000000000000e+02 4.186927795410156250e+02 1.262696552276611328e+02
2.798120880126953125e+02 4.197213363647460938e+02 1.272678756713867188e+02
2.804787445068359375e+02 4.194853973388671875e+02 1.275148677825927734e+02
2.793819618225097656e+02 4.194069290161132812e+02 1.266012096405029297e+02
2.790829086303710938e+02 4.190644073486328125e+02 1.259223842620849609e+02
2.790402412414550781e+02 4.200329589843750000e+02 1.269643592834472656e+02
2.783250617980957031e+02 4.203445434570312500e+02 1.266608333587646484e+02
2.787152862548828125e+02 4.196778869628906250e+02 1.262986278533935547e+02
2.786985397338867188e+02 4.206732177734375000e+02 1.273274993896484375e+02
2.793651962280273438e+02 4.203879928588867188e+02 1.276106929779052734e+02
2.790422439575195312e+02 4.210380935668945312e+02 1.279655933380126953e+02
2.801483535766601562e+02 4.201052093505859375e+02 1.278961181640625000e+02
2.798179435729980469e+02 4.207362747192382812e+02 1.282773590087890625e+02
2.809999847412109375e+02 4.198210906982421875e+02 1.281827831268310547e+02
2.804846191406250000e+02 4.204891204833984375e+02 1.285103702545166016e+02
2.787192916870117188e+02 4.216949081420898438e+02 1.283204841613769531e+02
2.793859672546386719e+02 4.214029693603515625e+02 1.285889911651611328e+02
2.783230781555175781e+02 4.213399124145507812e+02 1.276538181304931641e+02
2.779907417297363281e+02 4.209936523437500000e+02 1.270080852508544922e+02
2.780040168762207031e+02 4.220042419433593750e+02 1.279969787597656250e+02
2.776564025878906250e+02 4.216469192504882812e+02 1.273553276062011719e+02
2.776849746704101562e+02 4.226849746704101562e+02 1.283401393890380859e+02
2.783516502380371094e+02 4.223615646362304688e+02 1.286220645904541016e+02
2.773218345642089844e+02 4.223136138916015625e+02 1.276734733581542969e+02
2.769879341125488281e+02 4.219897079467773438e+02 1.270119762420654297e+02
2.770104980468750000e+02 4.230131530761718750e+02 1.279899215698242188e+02
2.766551780700683594e+02 4.226746368408203125e+02 1.273352909088134766e+02
2.766991615295410156e+02 4.237322998046875000e+02 1.283063697814941406e+02
2.773658180236816406e+02 4.233516311645507812e+02 1.286220645904541016e+02
2.763676452636718750e+02 4.233412933349609375e+02 1.276397037506103516e+02
2.760261535644531250e+02 4.230348968505859375e+02 1.269671726226806641e+02
2.760597801208496094e+02 4.240777206420898438e+02 1.279358863830566406e+02
2.754420471191406250e+02 4.244231414794921875e+02 1.275654029846191406e+02
2.757009887695312500e+02 4.237564849853515625e+02 1.272657203674316406e+02
2.757050704956054688e+02 4.250000000000000000e+02 1.282816791534423828e+02
2.764185714721679688e+02 4.243989944458007812e+02 1.285799312591552734e+02
2.770763015747070312e+02 4.240893173217773438e+02 1.289343357086181641e+02
2.762050628662109375e+02 4.250000000000000000e+02 1.287889194488525391e+02
2.759143638610839844e+02 4.258719635009765625e+02 1.290839672088623047e+02
2.767391967773437500e+02 4.250000000000000000e+02 1.292889213562011719e+02
2.756405448913574219e+02 4.267494201660156250e+02 1.293626308441162109e+02
2.753153419494628906e+02 4.261997985839843750e+02 1.286959648132324219e+02
2.755215263366699219e+02 4.255331420898437500e+02 1.284768390655517578e+02
2.749405479431152344e+02 4.259074020385742188e+02 1.280653476715087891e+02
2.752558708190917969e+02 4.250000000000000000e+02 1.277816772460937500e+02
2.745657730102539062e+02 4.256149673461914062e+02 1.274132251739501953e+02
2.746486663818359375e+02 4.268013763427734375e+02 1.283205223083496094e+02
2.743785858154296875e+02 4.262816238403320312e+02 1.276538562774658203e+02
2.740170288085937500e+02 4.260444259643554688e+02 1.269666004180908203e+02
2.742557144165039062e+02 4.270808410644531250e+02 1.279923152923583984e+02
2.737063598632812500e+02 4.270000076293945312e+02 1.271927165985107422e+02
2.738392257690429688e+02 4.280029678344726562e+02 1.279499340057373047e+02
2.744843673706054688e+02 4.274680328369140625e+02 1.285181903839111328e+02
2.743766212463378906e+02 4.279999923706054688e+02 1.286463260650634766e+02
2.750514030456542969e+02 4.271087265014648438e+02 1.289404106140136719e+02
2.748210716247558594e+02 4.279999923706054688e+02 1.291463279724121094e+02
2.754541206359863281e+02 4.274160766601562500e+02 1.295452594757080078e+02
2.753210639953613281e+02 4.279999923706054688e+02 1.296773529052734375e+02
2.758577156066894531e+02 4.279999923706054688e+02 1.301773548126220703e+02
2.763577079772949219e+02 4.279999923706054688e+02 1.306204223632812500e+02
2.746261596679687500e+02 4.289999771118164062e+02 1.293592071533203125e+02
2.742010498046875000e+02 4.289999771118164062e+02 1.288592052459716797e+02
2.737010574340820312e+02 4.289999771118164062e+02 1.282270431518554688e+02
2.733407402038574219e+02 4.289999771118164062e+02 1.277270412445068359e+02
2.735836219787597656e+02 4.298205566406250000e+02 1.283861637115478516e+02
2.732658767700195312e+02 4.300923538208007812e+02 1.280317020416259766e+02
2.727098083496093750e+02 4.300000000000000000e+02 1.271395301818847656e+02
2.728171920776367188e+02 4.290640640258789062e+02 1.269169712066650391e+02
2.726101303100585938e+02 4.309999847412109375e+02 1.273064136505126953e+02
2.724217033386230469e+02 4.300000000000000000e+02 1.266395282745361328e+02
2.724836540222167969e+02 4.294401168823242188e+02 1.265282821655273438e+02
2.720987892150878906e+02 4.300000000000000000e+02 1.260000038146972656e+02
2.723312759399414062e+02 4.309999847412109375e+02 1.268064117431640625e+02
2.719191551208496094e+02 4.309999847412109375e+02 1.260000038146972656e+02
2.715878868103027344e+02 4.309999847412109375e+02 1.252834033966064453e+02
2.717990303039550781e+02 4.320000076293945312e+02 1.260000038146972656e+02
2.715285491943359375e+02 4.320000076293945312e+02 1.254301929473876953e+02
2.715038299560546875e+02 4.329999923706054688e+02 1.254905891418457031e+02
2.713265037536621094e+02 4.320000076293945312e+02 1.249301910400390625e+02
2.713852691650390625e+02 4.309999847412109375e+02 1.247834014892578125e+02
2.709856414794921875e+02 4.320000076293945312e+02 1.240000057220458984e+02
2.713033485412597656e+02 4.329999923706054688e+02 1.249905872344970703e+02
2.709419250488281250e+02 4.329999923706054688e+02 1.240000057220458984e+02
2.713138389587402344e+02 4.339999771118164062e+02 1.249743366241455078e+02
2.709670829772949219e+02 4.339999771118164062e+02 1.240000057220458984e+02
2.715100097656250000e+02 4.339999771118164062e+02 1.254743385314941406e+02
2.706322669982910156e+02 4.339576339721679688e+02 1.229132938385009766e+02
2.704934120178222656e+02 4.335960769653320312e+02 1.225221538543701172e+02
2.705161285400390625e+02 4.342627334594726562e+02 1.224290275573730469e+02
2.707595825195312500e+02 4.350000000000000000e+02 1.230000019073486328e+02
2.706385612487792969e+02 4.329999923706054688e+02 1.230307674407958984e+02
2.706385231018066406e+02 4.320539855957031250e+02 1.229113197326660156e+02
2.704908370971679688e+02 4.329999923706054688e+02 1.225307655334472656e+02
2.704943656921386719e+02 4.324232864379882812e+02 1.225188636779785156e+02
2.703702545166015625e+02 4.329999923706054688e+02 1.219999980926513672e+02
2.704128646850585938e+02 4.320539855957031250e+02 1.220522975921630859e+02
2.701838111877441406e+02 4.329999923706054688e+02 1.210000038146972656e+02
2.704122924804687500e+02 4.339576339721679688e+02 1.220574188232421875e+02
2.704458045959472656e+02 4.350000000000000000e+02 1.217402935028076172e+02
2.702123641967773438e+02 4.339999771118164062e+02 1.210000038146972656e+02
2.700742721557617188e+02 4.339999771118164062e+02 1.200000000000000000e+02
2.703080177307128906e+02 4.350000000000000000e+02 1.210000038146972656e+02
2.704455566406250000e+02 4.359396362304687500e+02 1.209247970581054688e+02
2.701609611511230469e+02 4.350000000000000000e+02 1.200000000000000000e+02
2.700682067871093750e+02 4.350000000000000000e+02 1.190000057220458984e+02
2.703155326843261719e+02 4.359999847412109375e+02 1.200000000000000000e+02
2.702102470397949219e+02 4.359999847412109375e+02 1.190000057220458984e+02
2.704533195495605469e+02 4.366945266723632812e+02 1.200000000000000000e+02
2.704109382629394531e+02 4.370375442504882812e+02 1.189597702026367188e+02
2.705749511718750000e+02 4.371945190429687500e+02 1.200000000000000000e+02
2.704924964904785156e+02 4.365301132202148438e+02 1.205413246154785156e+02
2.706591606140136719e+02 4.369180679321289062e+02 1.209247970581054688e+02
2.705525398254394531e+02 4.362327575683593750e+02 1.212079906463623047e+02
2.709043884277343750e+02 4.370000076293945312e+02 1.219999980926513672e+02
2.709739494323730469e+02 4.379999923706054688e+02 1.210000038146972656e+02
2.708032226562500000e+02 4.379999923706054688e+02 1.200000000000000000e+02
2.713303565979003906e+02 4.390480041503906250e+02 1.210040473937988281e+02
2.711363029479980469e+02 4.389999771118164062e+02 1.200000000000000000e+02
2.714237213134765625e+02 4.387058639526367188e+02 1.219999980926513672e+02
2.709991836547851562e+02 4.389999771118164062e+02 1.190000057220458984e+02
2.706440925598144531e+02 4.379215621948242188e+02 1.189597702026367188e+02
2.704892730712890625e+02 4.375359344482421875e+02 1.185996246337890625e+02
2.706126022338867188e+02 4.381178283691406250e+02 1.180000019073486328e+02
2.705250358581542969e+02 4.373958969116210938e+02 1.192662906646728516e+02
2.704654693603515625e+02 4.376178359985351562e+02 1.180000019073486328e+02
2.705837631225585938e+02 4.382114410400390625e+02 1.169999980926513672e+02
2.704389572143554688e+02 4.377114486694335938e+02 1.169999980926513672e+02
2.704284477233886719e+02 4.377516174316406250e+02 1.160000038146972656e+02
2.702845001220703125e+02 4.370000076293945312e+02 1.169999980926513672e+02
2.702696990966796875e+02 4.370000076293945312e+02 1.160000038146972656e+02
2.701214027404785156e+02 4.359999847412109375e+02 1.169999980926513672e+02
2.703281593322753906e+02 4.370000076293945312e+02 1.180000019073486328e+02
2.701510429382324219e+02 4.359999847412109375e+02 1.180000019073486328e+02
2.700229835510253906e+02 4.350000000000000000e+02 1.180000019073486328e+02
2.700010299682617188e+02 4.350000000000000000e+02 1.169999980926513672e+02
2.699598121643066406e+02 4.339999771118164062e+02 1.180000019073486328e+02
2.699478530883789062e+02 4.339999771118164062e+02 1.169999980926513672e+02
2.699503707885742188e+02 4.329999923706054688e+02 1.180000019073486328e+02
2.699918556213378906e+02 4.339999771118164062e+02 1.190000057220458984e+02
2.699743270874023438e+02 4.329999923706054688e+02 1.190000057220458984e+02
2.699918556213378906e+02 4.320000076293945312e+02 1.190000057220458984e+02
2.700510215759277344e+02 4.329999923706054688e+02 1.200000000000000000e+02
2.700742721557617188e+02 4.320000076293945312e+02 1.200000000000000000e+02
2.701522064208984375e+02 4.309999847412109375e+02 1.200000000000000000e+02
2.702123641967773438e+02 4.320000076293945312e+02 1.210000038146972656e+02
2.703053855895996094e+02 4.309999847412109375e+02 1.210000038146972656e+02
2.704458045959472656e+02 4.309999847412109375e+02 1.217308712005615234e+02
2.704371452331542969e+02 4.300563812255859375e+02 1.209554958343505859e+02
2.702870178222656250e+02 4.300000000000000000e+02 1.200000000000000000e+02
2.704820251464843750e+02 4.294189453125000000e+02 1.205924892425537109e+02
2.704869270324707031e+02 4.304273223876953125e+02 1.215540122985839844e+02
2.705465698242187500e+02 4.297606658935546875e+02 1.212591552734375000e+02
2.706459617614746094e+02 4.300563812255859375e+02 1.219324111938476562e+02
2.706362533569335938e+02 4.290513610839843750e+02 1.209554958343505859e+02
2.709123229980468750e+02 4.279999923706054688e+02 1.210000038146972656e+02
2.705557060241699219e+02 4.287522888183593750e+02 1.201740646362304688e+02
2.708834266662597656e+02 4.289999771118164062e+02 1.219999980926513672e+02
2.711447715759277344e+02 4.279999923706054688e+02 1.219999980926513672e+02
2.711655044555664062e+02 4.289999771118164062e+02 1.230000019073486328e+02
2.714106178283691406e+02 4.289999771118164062e+02 1.237520122528076172e+02
2.709470558166503906e+02 4.300000000000000000e+02 1.230000019073486328e+02
2.713988304138183594e+02 4.280640792846679688e+02 1.229528808593750000e+02
2.714716911315917969e+02 4.274144744873046875e+02 1.225881290435791016e+02
2.714826965332031250e+02 4.284401321411132812e+02 1.235485935211181641e+02
2.715785026550292969e+02 4.277734756469726562e+02 1.232547950744628906e+02
2.717104148864746094e+02 4.270486831665039062e+02 1.229528808593750000e+02
2.717259407043457031e+02 4.280640792846679688e+02 1.239291572570800781e+02
2.720854568481445312e+02 4.270000076293945312e+02 1.240000057220458984e+02
2.722219848632812500e+02 4.279181671142578125e+02 1.250870704650878906e+02
2.715879440307617188e+02 4.289999771118164062e+02 1.242520046234130859e+02
2.718814086914062500e+02 4.289999771118164062e+02 1.250000000000000000e+02
2.715164756774902344e+02 4.295807266235351562e+02 1.244540882110595703e+02
2.716515541076660156e+02 4.299484252929687500e+02 1.249762058258056641e+02
2.713088035583496094e+02 4.299484252929687500e+02 1.240724563598632812e+02
2.711005592346191406e+02 4.309999847412109375e+02 1.240000057220458984e+02
2.714486503601074219e+02 4.302473831176757812e+02 1.246270084381103516e+02
2.707796859741210938e+02 4.309999847412109375e+02 1.230000019073486328e+02
2.705644035339355469e+02 4.309999847412109375e+02 1.222308731079101562e+02
2.705186843872070312e+02 4.317566299438476562e+02 1.224204921722412109e+02
2.723249435424804688e+02 4.290640640258789062e+02 1.260130786895751953e+02
2.725743293762207031e+02 4.287734603881835938e+02 1.263551330566406250e+02
2.724052429199218750e+02 4.281969451904296875e+02 1.256884670257568359e+02
2.726612663269042969e+02 4.279181671142578125e+02 1.260130786895751953e+02
2.729860877990722656e+02 4.270000076293945312e+02 1.260000038146972656e+02
2.725096321105957031e+02 4.275302505493164062e+02 1.254784584045410156e+02
2.732204627990722656e+02 4.280029678344726562e+02 1.270421886444091797e+02
2.733788490295410156e+02 4.270000076293945312e+02 1.266927146911621094e+02
2.734416198730468750e+02 4.283382797241210938e+02 1.275832271575927734e+02
2.735632133483886719e+02 4.276716232299804688e+02 1.274036502838134766e+02
2.734869766235351562e+02 4.264738464355468750e+02 1.265199756622314453e+02
2.733453559875488281e+02 4.260843276977539062e+02 1.259456157684326172e+02
2.736554527282714844e+02 4.258071899414062500e+02 1.262426853179931641e+02
2.734552764892578125e+02 4.254159927368164062e+02 1.255760192871093750e+02
2.728278160095214844e+02 4.260733795166015625e+02 1.249251270294189453e+02
2.733230400085449219e+02 4.250495910644531250e+02 1.249474525451660156e+02
2.726244163513183594e+02 4.257889556884765625e+02 1.241842555999755859e+02
2.724809837341308594e+02 4.264556121826171875e+02 1.245418834686279297e+02
2.726072311401367188e+02 4.270000076293945312e+02 1.252652549743652344e+02
2.723836898803710938e+02 4.270000076293945312e+02 1.247652530670166016e+02
2.723987579345703125e+02 4.260733795166015625e+02 1.239105510711669922e+02
2.724930953979492188e+02 4.254853439331054688e+02 1.235175895690917969e+02
2.721075820922851562e+02 4.259999847412109375e+02 1.230000019073486328e+02
2.724034309387207031e+02 4.252887725830078125e+02 1.230000019073486328e+02
2.717503738403320312e+02 4.260918807983398438e+02 1.219120502471923828e+02
2.722629737854003906e+02 4.249398040771484375e+02 1.220353221893310547e+02
2.716296577453613281e+02 4.258349227905273438e+02 1.210000038146972656e+02
2.715816879272460938e+02 4.267477798461914062e+02 1.221867370605468750e+02
2.714947128295898438e+02 4.264865112304687500e+02 1.215200710296630859e+02
2.714369010925292969e+02 4.263349151611328125e+02 1.210000038146972656e+02
2.714115715026855469e+02 4.270486831665039062e+02 1.219120502471923828e+02
2.712138557434082031e+02 4.270000076293945312e+02 1.210000038146972656e+02
2.710217857360839844e+02 4.270000076293945312e+02 1.200000000000000000e+02
2.708730888366699219e+02 4.270000076293945312e+02 1.190000057220458984e+02
2.713654518127441406e+02 4.259760284423828125e+02 1.199347305297851562e+02
2.706791877746582031e+02 4.280973052978515625e+02 1.199044418334960938e+02
2.706072425842285156e+02 4.278782653808593750e+02 1.190000057220458984e+02
2.704987144470214844e+02 4.284955215454101562e+02 1.195073986053466797e+02
2.704656791687011719e+02 4.283782577514648438e+02 1.190000057220458984e+02
2.704460906982421875e+02 4.290513610839843750e+02 1.199044418334960938e+02
2.703338050842285156e+02 4.289999771118164062e+02 1.190000057220458984e+02
2.702371215820312500e+02 4.289999771118164062e+02 1.180000019073486328e+02
2.701652526855468750e+02 4.300000000000000000e+02 1.190000057220458984e+02
2.700889015197753906e+02 4.300000000000000000e+02 1.180000019073486328e+02
2.700518035888671875e+02 4.309999847412109375e+02 1.190000057220458984e+02
2.699979782104492188e+02 4.309999847412109375e+02 1.180000019073486328e+02
2.699674606323242188e+02 4.309999847412109375e+02 1.169999980926513672e+02
2.699598121643066406e+02 4.320000076293945312e+02 1.180000019073486328e+02
2.699478530883789062e+02 4.320000076293945312e+02 1.169999980926513672e+02
2.699453353881835938e+02 4.320000076293945312e+02 1.160000038146972656e+02
2.699453353881835938e+02 4.329999923706054688e+02 1.169999980926513672e+02
2.699453353881835938e+02 4.329999923706054688e+02 1.160000038146972656e+02
2.699453353881835938e+02 4.329999923706054688e+02 1.150000000000000000e+02
2.699453353881835938e+02 4.339999771118164062e+02 1.160000038146972656e+02
2.699453353881835938e+02 4.339999771118164062e+02 1.150000000000000000e+02
2.699950027465820312e+02 4.350000000000000000e+02 1.160000038146972656e+02
2.699950027465820312e+02 4.350000000000000000e+02 1.150000000000000000e+02
2.701136016845703125e+02 4.359999847412109375e+02 1.160000038146972656e+02
2.701136016845703125e+02 4.359999847412109375e+02 1.150000000000000000e+02
2.701136016845703125e+02 4.359999847412109375e+02 1.140000057220458984e+02
2.702672576904296875e+02 4.370000076293945312e+02 1.150000000000000000e+02
2.702672576904296875e+02 4.370000076293945312e+02 1.140000057220458984e+02
2.704259872436523438e+02 4.377621078491210938e+02 1.150000000000000000e+02
2.704259872436523438e+02 4.377621078491210938e+02 1.140000057220458984e+02
2.704331207275390625e+02 4.377355957031250000e+02 1.130000019073486328e+02
2.702786636352539062e+02 4.370000076293945312e+02 1.130000019073486328e+02
2.701214027404785156e+02 4.359999847412109375e+02 1.130000019073486328e+02
2.700010299682617188e+02 4.350000000000000000e+02 1.130000019073486328e+02
2.701486587524414062e+02 4.359999847412109375e+02 1.119999980926513672e+02
2.700229835510253906e+02 4.350000000000000000e+02 1.119999980926513672e+02
2.699598121643066406e+02 4.339999771118164062e+02 1.119999980926513672e+02
2.700682067871093750e+02 4.350000000000000000e+02 1.110000038146972656e+02
2.699918556213378906e+02 4.339999771118164062e+02 1.110000038146972656e+02
2.701609611511230469e+02 4.350000000000000000e+02 1.100000000000000000e+02
2.700742721557617188e+02 4.339999771118164062e+02 1.100000000000000000e+02
2.703080177307128906e+02 4.350000000000000000e+02 1.090000057220458984e+02
2.704458045959472656e+02 4.350000000000000000e+02 1.082597064971923828e+02
2.704422187805175781e+02 4.359436035156250000e+02 1.090564060211181641e+02
2.702123641967773438e+02 4.339999771118164062e+02 1.090000057220458984e+02
2.701862144470214844e+02 4.329999923706054688e+02 1.090000057220458984e+02
2.704122924804687500e+02 4.339576339721679688e+02 1.079425907135009766e+02
2.703761482238769531e+02 4.329999923706054688e+02 1.080000019073486328e+02
2.704934120178222656e+02 4.335960769653320312e+02 1.074778461456298828e+02
2.705161285400390625e+02 4.342627334594726562e+02 1.075709724426269531e+02
2.706322669982910156e+02 4.339576339721679688e+02 1.070867061614990234e+02
2.705582618713378906e+02 4.350000000000000000e+02 1.077597045898437500e+02
2.707572937011718750e+02 4.350000000000000000e+02 1.069999980926513672e+02
2.710540390014648438e+02 4.350000000000000000e+02 1.060000038146972656e+02
2.709102439880371094e+02 4.359999847412109375e+02 1.069999980926513672e+02
2.711994171142578125e+02 4.359999847412109375e+02 1.060000038146972656e+02
2.714266777038574219e+02 4.359999847412109375e+02 1.052976989746093750e+02
2.713853836059570312e+02 4.369555282592773438e+02 1.060035896301269531e+02
2.714798545837402344e+02 4.365925598144531250e+02 1.054430484771728516e+02
2.714515876770019531e+02 4.376761627197265625e+02 1.063393211364746094e+02
2.715519523620605469e+02 4.372592544555664062e+02 1.056726551055908203e+02
2.716870307922363281e+02 4.369555282592773438e+02 1.050658321380615234e+02
2.720802307128906250e+02 4.370000076293945312e+02 1.040000057220458984e+02
2.716057777404785156e+02 4.359999847412109375e+02 1.047977066040039062e+02
2.719049263000488281e+02 4.359999847412109375e+02 1.040000057220458984e+02
2.715425300598144531e+02 4.350000000000000000e+02 1.046146202087402344e+02
2.713550186157226562e+02 4.350000000000000000e+02 1.051146221160888672e+02
2.715100097656250000e+02 4.339999771118164062e+02 1.045256614685058594e+02
2.717856216430664062e+02 4.350000000000000000e+02 1.040000057220458984e+02
2.717270851135253906e+02 4.339999771118164062e+02 1.040000057220458984e+02
2.722083091735839844e+02 4.350000000000000000e+02 1.030000019073486328e+02
2.721572494506835938e+02 4.339999771118164062e+02 1.030000019073486328e+02
2.724652099609375000e+02 4.350000000000000000e+02 1.024351692199707031e+02
2.723332595825195312e+02 4.359401702880859375e+02 1.029528045654296875e+02
2.723854064941406250e+02 4.370000076293945312e+02 1.032450866699218750e+02
2.725399780273437500e+02 4.362336349487304688e+02 1.025880050659179688e+02
2.724898719787597656e+02 4.355669784545898438e+02 1.024810314178466797e+02
2.727547836303710938e+02 4.359401702880859375e+02 1.020886230468750000e+02
2.727335929870605469e+02 4.350000000000000000e+02 1.019351768493652344e+02
2.732884979248046875e+02 4.359999847412109375e+02 1.011600112915039062e+02
2.729911613464355469e+02 4.370000076293945312e+02 1.019999980926513672e+02
2.726124191284179688e+02 4.370000076293945312e+02 1.027450847625732422e+02
2.732587242126464844e+02 4.379969787597656250e+02 1.019519615173339844e+02
2.733787345886230469e+02 4.370000076293945312e+02 1.013044834136962891e+02
2.734550285339355469e+02 4.376616668701171875e+02 1.014272403717041016e+02
2.736922264099121094e+02 4.370000076293945312e+02 1.008044815063476562e+02
2.741922187805175781e+02 4.370000076293945312e+02 1.000753974914550781e+02
2.737810897827148438e+02 4.379969787597656250e+02 1.010563468933105469e+02
2.736022377014160156e+02 4.359999847412109375e+02 1.006600093841552734e+02
2.735451507568359375e+02 4.350000000000000000e+02 1.005704116821289062e+02
2.741522789001464844e+02 4.360949707031250000e+02 9.990101814270019531e+01
2.739497566223144531e+02 4.350000000000000000e+02 1.000000000000000000e+02
2.744508171081542969e+02 4.358249282836914062e+02 9.943900108337402344e+01
2.745012664794921875e+02 4.364916229248046875e+02 9.950168609619140625e+01
2.748173141479492188e+02 4.360949707031250000e+02 9.906339645385742188e+01
2.745565032958984375e+02 4.370000076293945312e+02 9.957539558410644531e+01
2.751180648803710938e+02 4.370257186889648438e+02 9.891727447509765625e+01
2.746814727783203125e+02 4.379999923706054688e+02 9.974431991577148438e+01
2.747991943359375000e+02 4.390292739868164062e+02 1.000361537933349609e+02
2.743153762817382812e+02 4.379999923706054688e+02 1.002443218231201172e+02
2.751814651489257812e+02 4.379999923706054688e+02 9.912325859069824219e+01
2.753422927856445312e+02 4.389999771118164062e+02 9.931076049804687500e+01
2.756095123291015625e+02 4.379999923706054688e+02 9.862325668334960938e+01
2.755260658264160156e+02 4.373761749267578125e+02 9.852878570556640625e+01
2.761095237731933594e+02 4.379999923706054688e+02 9.810573577880859375e+01
2.757706832885742188e+02 4.389999771118164062e+02 9.881076812744140625e+01
2.762706947326660156e+02 4.389999771118164062e+02 9.826445579528808594e+01
2.759990310668945312e+02 4.399982070922851562e+02 9.899893760681152344e+01
2.754551696777343750e+02 4.396101760864257812e+02 9.944546699523925781e+01
2.764076232910156250e+02 4.397195816040039062e+02 9.840418815612792969e+01
2.755904388427734375e+02 4.402768325805664062e+02 9.961783409118652344e+01
2.765490722656250000e+02 4.403862380981445312e+02 9.855241775512695312e+01
2.762539482116699219e+02 4.409999847412109375e+02 9.921505928039550781e+01
2.757539558410644531e+02 4.409999847412109375e+02 9.983179092407226562e+01
2.753750038146972656e+02 4.409999847412109375e+02 1.003317928314208984e+02
2.752024078369140625e+02 4.399660873413085938e+02 9.997070312500000000e+01
2.746616172790527344e+02 4.400000000000000000e+02 1.007472229003906250e+02
2.743390274047851562e+02 4.400000000000000000e+02 1.012472248077392578e+02
2.745422554016113281e+02 4.393821334838867188e+02 1.005643939971923828e+02
2.741803169250488281e+02 4.390292739868164062e+02 1.009386348724365234e+02
2.744235038757324219e+02 4.387154769897460938e+02 1.003935813903808594e+02
2.736577606201171875e+02 4.389999771118164062e+02 1.017837429046630859e+02
2.735479736328125000e+02 4.383283233642578125e+02 1.015866088867187500e+02
2.769818496704101562e+02 4.400395965576171875e+02 9.798066139221191406e+01
2.767779922485351562e+02 4.389999771118164062e+02 9.776445388793945312e+01
2.774146270751953125e+02 4.396929931640625000e+02 9.742365837097167969e+01
2.775653648376464844e+02 4.403596496582031250e+02 9.755712509155273438e+01
2.771989059448242188e+02 4.409999847412109375e+02 9.820642471313476562e+01
2.777351188659667969e+02 4.409999847412109375e+02 9.770642280578613281e+01
2.782351112365722656e+02 4.409999847412109375e+02 9.728339195251464844e+01
2.784147834777832031e+02 4.416345214843750000e+02 9.742980003356933594e+01
2.789951515197753906e+02 4.410772323608398438e+02 9.673632621765136719e+01
2.780278205871582031e+02 4.399399566650390625e+02 9.701918601989746094e+01
2.778843688964843750e+02 4.389999771118164062e+02 9.680400848388671875e+01
2.784902572631835938e+02 4.395202255249023438e+02 9.649252891540527344e+01
2.786585998535156250e+02 4.401869201660156250e+02 9.661472320556640625e+01
2.789951515197753906e+02 4.399121475219726562e+02 9.628124237060546875e+01
2.789999961853027344e+02 4.389999771118164062e+02 9.599164009094238281e+01
2.800018501281738281e+02 4.400734710693359375e+02 9.569432258605957031e+01
2.793252754211425781e+02 4.407953643798828125e+02 9.637790679931640625e+01
2.799147415161132812e+02 4.410772323608398438e+02 9.611889839172363281e+01
2.795245552062988281e+02 4.414620208740234375e+02 9.651602745056152344e+01
2.796371459960937500e+02 4.389999771118164062e+02 9.557930946350097656e+01
2.795130729675292969e+02 4.384594726562500000e+02 9.550745010375976562e+01
2.801371383666992188e+02 4.389999771118164062e+02 9.529840469360351562e+01
2.799078369140625000e+02 4.380756759643554688e+02 9.522387504577636719e+01
2.810338020324707031e+02 4.380963897705078125e+02 9.465630531311035156e+01
2.794137763977050781e+02 4.377928161621093750e+02 9.544688224792480469e+01
2.800000000000000000e+02 4.370000076293945312e+02 9.502504348754882812e+01
2.793234062194824219e+02 4.370000076293945312e+02 9.539350509643554688e+01
2.800000000000000000e+02 4.359999847412109375e+02 9.494706153869628906e+01
2.807865333557128906e+02 4.370000076293945312e+02 9.463153839111328125e+01
2.807115745544433594e+02 4.359999847412109375e+02 9.459626197814941406e+01
2.812865447998046875e+02 4.370000076293945312e+02 9.440258979797363281e+01
2.812115669250488281e+02 4.359999847412109375e+02 9.436954498291015625e+01
2.813896751403808594e+02 4.378273391723632812e+02 9.444925308227539062e+01
2.819999885559082031e+02 4.370000076293945312e+02 9.410039901733398438e+01
2.819999885559082031e+02 4.359999847412109375e+02 9.403479576110839844e+01
2.819013214111328125e+02 4.380963897705078125e+02 9.427499771118164062e+01
2.829999923706054688e+02 4.370000076293945312e+02 9.374065399169921875e+01
2.829999923706054688e+02 4.379999923706054688e+02 9.385876655578613281e+01
2.836726570129394531e+02 4.370000076293945312e+02 9.354284286499023438e+01
2.829999923706054688e+02 4.359999847412109375e+02 9.367712020874023438e+01
2.829999923706054688e+02 4.350000000000000000e+02 9.367722511291503906e+01
2.835479545593261719e+02 4.359999847412109375e+02 9.351185798645019531e+01
2.835512161254882812e+02 4.350000000000000000e+02 9.351284980773925781e+01
2.840479660034179688e+02 4.359999847412109375e+02 9.339028358459472656e+01
2.840512084960937500e+02 4.350000000000000000e+02 9.339028358459472656e+01
2.841726684570312500e+02 4.370000076293945312e+02 9.341955184936523438e+01
2.850000000000000000e+02 4.359999847412109375e+02 9.320106506347656250e+01
2.850000000000000000e+02 4.350000000000000000e+02 9.320106506347656250e+01
2.850000000000000000e+02 4.370000076293945312e+02 9.325293540954589844e+01
2.859999847412109375e+02 4.359999847412109375e+02 9.306159973144531250e+01
2.859999847412109375e+02 4.350000000000000000e+02 9.306159973144531250e+01
2.859999847412109375e+02 4.370000076293945312e+02 9.310376167297363281e+01
2.869999885559082031e+02 4.359999847412109375e+02 9.297600746154785156e+01
2.869999885559082031e+02 4.350000000000000000e+02 9.297600746154785156e+01
2.869999885559082031e+02 4.370000076293945312e+02 9.300920486450195312e+01
2.879999923706054688e+02 4.359999847412109375e+02 9.294786453247070312e+01
2.879999923706054688e+02 4.350000000000000000e+02 9.294786453247070312e+01
2.879999923706054688e+02 4.370000076293945312e+02 9.296746253967285156e+01
2.879999923706054688e+02 4.339999771118164062e+02 9.295982360839843750e+01
2.889999961853027344e+02 4.350000000000000000e+02 9.294533729553222656e+01
2.869999885559082031e+02 4.339999771118164062e+02 9.300052642822265625e+01
2.879999923706054688e+02 4.329999923706054688e+02 9.300656318664550781e+01
2.869999885559082031e+02 4.329999923706054688e+02 9.306310653686523438e+01
2.879999923706054688e+02 4.320000076293945312e+02 9.310940742492675781e+01
2.869999885559082031e+02 4.320000076293945312e+02 9.317923545837402344e+01
2.879999923706054688e+02 4.309999847412109375e+02 9.326373100280761719e+01
2.869113349914550781e+02 4.309067535400390625e+02 9.337706565856933594e+01
2.879999923706054688e+02 4.302382659912109375e+02 9.342626571655273438e+01
2.879999923706054688e+02 4.297382736206054688e+02 9.356771469116210938e+01
2.871855735778808594e+02 4.303636550903320312e+02 9.346138954162597656e+01
2.869113349914550781e+02 4.300181961059570312e+02 9.359096527099609375e+01
2.859999847412109375e+02 4.300000000000000000e+02 9.372939109802246094e+01
2.869999885559082031e+02 4.289999771118164062e+02 9.388213157653808594e+01
2.865188980102539062e+02 4.305112838745117188e+02 9.350233078002929688e+01
2.859999847412109375e+02 4.307194900512695312e+02 9.354717254638671875e+01
2.859999847412109375e+02 4.312194824218750000e+02 9.344223022460937500e+01
2.850688171386718750e+02 4.310688018798828125e+02 9.365444183349609375e+01
2.839999961853027344e+02 4.309999847412109375e+02 9.392821311950683594e+01
2.850000000000000000e+02 4.300000000000000000e+02 9.392821311950683594e+01
2.854480361938476562e+02 4.314480209350585938e+02 9.348875045776367188e+01
2.847195053100585938e+02 4.320000076293945312e+02 9.354717254638671875e+01
2.852194976806640625e+02 4.320000076293945312e+02 9.344223022460937500e+01
2.845112800598144531e+02 4.325165176391601562e+02 9.350233078002929688e+01
2.839999961853027344e+02 4.320000076293945312e+02 9.372681617736816406e+01
2.829999923706054688e+02 4.320000076293945312e+02 9.401561737060546875e+01
2.839965057373046875e+02 4.329098892211914062e+02 9.358029365539550781e+01
2.829999923706054688e+02 4.329999923706054688e+02 9.385240554809570312e+01
2.843275260925292969e+02 4.331831741333007812e+02 9.345552444458007812e+01
2.836665534973144531e+02 4.339999771118164062e+02 9.354281425476074219e+01
2.829999923706054688e+02 4.339999771118164062e+02 9.373892784118652344e+01
2.841665649414062500e+02 4.339999771118164062e+02 9.341590881347656250e+01
2.850000000000000000e+02 4.339999771118164062e+02 9.324500083923339844e+01
2.849067687988281250e+02 4.329098892211914062e+02 9.337070465087890625e+01
2.859999847412109375e+02 4.339999771118164062e+02 9.309498786926269531e+01
2.859999847412109375e+02 4.329999923706054688e+02 9.317312240600585938e+01
2.859999847412109375e+02 4.320000076293945312e+02 9.330588340759277344e+01
2.819999885559082031e+02 4.339999771118164062e+02 9.409320831298828125e+01
2.819999885559082031e+02 4.329999923706054688e+02 9.420571327209472656e+01
2.819999885559082031e+02 4.350000000000000000e+02 9.403226852416992188e+01
2.812652015686035156e+02 4.339999771118164062e+02 9.439709663391113281e+01
2.813899612426757812e+02 4.329999923706054688e+02 9.445192337036132812e+01
2.807652091979980469e+02 4.339999771118164062e+02 9.461626052856445312e+01
2.812033462524414062e+02 4.350000000000000000e+02 9.436789512634277344e+01
2.807033348083496094e+02 4.350000000000000000e+02 9.459073066711425781e+01
2.800000000000000000e+02 4.350000000000000000e+02 9.492902755737304688e+01
2.792169189453125000e+02 4.350000000000000000e+02 9.533829689025878906e+01
2.800000000000000000e+02 4.339999771118164062e+02 9.497722625732421875e+01
2.800000000000000000e+02 4.329999923706054688e+02 9.508349418640136719e+01
2.792544746398925781e+02 4.339999771118164062e+02 9.536096572875976562e+01
2.793501472473144531e+02 4.329999923706054688e+02 9.541440010070800781e+01
2.787544822692871094e+02 4.339999771118164062e+02 9.564693450927734375e+01
2.787169265747070312e+02 4.350000000000000000e+02 9.562658309936523438e+01
2.788501358032226562e+02 4.329999923706054688e+02 9.570256233215332031e+01
2.779019355773925781e+02 4.339169311523437500e+02 9.620291709899902344e+01
2.774672317504882812e+02 4.341949081420898438e+02 9.647561073303222656e+01
2.780548477172851562e+02 4.329999923706054688e+02 9.620256423950195312e+01
2.779999923706054688e+02 4.350000000000000000e+02 9.609891891479492188e+01
2.775032424926757812e+02 4.335282516479492188e+02 9.650225639343261719e+01
2.770803451538085938e+02 4.339169311523437500e+02 9.679661750793457031e+01
2.775548553466796875e+02 4.329999923706054688e+02 9.653773307800292969e+01
2.769999885559082031e+02 4.329999923706054688e+02 9.696004867553710938e+01
2.776822090148925781e+02 4.320000076293945312e+02 9.662635803222656250e+01
2.769372558593750000e+02 4.320274734497070312e+02 9.718372344970703125e+01
2.781822204589843750e+02 4.320000076293945312e+02 9.628705978393554688e+01
2.778528022766113281e+02 4.309999847412109375e+02 9.674643516540527344e+01
2.783528137207031250e+02 4.309999847412109375e+02 9.640019416809082031e+01
2.780784034729003906e+02 4.300559234619140625e+02 9.687564849853515625e+01
2.771794891357421875e+02 4.309999847412109375e+02 9.724643707275390625e+01
2.773802185058593750e+02 4.300000000000000000e+02 9.740391731262207031e+01
2.766794967651367188e+02 4.309999847412109375e+02 9.765020370483398438e+01
2.761270713806152344e+02 4.309999847412109375e+02 9.815020561218261719e+01
2.768802070617675781e+02 4.300000000000000000e+02 9.782239913940429688e+01
2.765620994567871094e+02 4.317124557495117188e+02 9.755135536193847656e+01
2.759997558593750000e+02 4.320029067993164062e+02 9.799828529357910156e+01
2.754452133178710938e+02 4.322933959960937500e+02 9.844522476196289062e+01
2.764662361145019531e+02 4.323791122436523438e+02 9.747105598449707031e+01
2.755332756042480469e+02 4.316267395019531250e+02 9.853328704833984375e+01
2.759100723266601562e+02 4.329999923706054688e+02 9.788293838500976562e+01
2.758502197265625000e+02 4.339999771118164062e+02 9.783185958862304688e+01
2.753834342956542969e+02 4.329999923706054688e+02 9.838294029235839844e+01
2.764100646972656250e+02 4.329999923706054688e+02 9.742231369018554688e+01
2.763502120971679688e+02 4.339999771118164062e+02 9.736907958984375000e+01
2.763479232788085938e+02 4.350000000000000000e+02 9.736501693725585938e+01
2.758479118347167969e+02 4.350000000000000000e+02 9.783554077148437500e+01
2.764011955261230469e+02 4.359999847412109375e+02 9.741089820861816406e+01
2.769632148742675781e+02 4.350000000000000000e+02 9.686501502990722656e+01
2.774632263183593750e+02 4.350000000000000000e+02 9.647233963012695312e+01
2.770902252197265625e+02 4.359765243530273438e+02 9.684079170227050781e+01
2.774837303161621094e+02 4.356275177001953125e+02 9.648751258850097656e+01
2.769170761108398438e+02 4.370202636718750000e+02 9.713172912597656250e+01
2.775268173217773438e+02 4.362942123413085938e+02 9.652011871337890625e+01
2.779160881042480469e+02 4.359765243530273438e+02 9.621081352233886719e+01
2.775899505615234375e+02 4.370000076293945312e+02 9.656871795654296875e+01
2.780899429321289062e+02 4.370000076293945312e+02 9.620100021362304688e+01
2.777115058898925781e+02 4.379999923706054688e+02 9.666489601135253906e+01
2.782114982604980469e+02 4.379999923706054688e+02 9.628486633300781250e+01
2.771133804321289062e+02 4.379999923706054688e+02 9.716489791870117188e+01
2.766133689880371094e+02 4.379999923706054688e+02 9.760573387145996094e+01
2.772780036926269531e+02 4.389999771118164062e+02 9.730401039123535156e+01
2.765284538269042969e+02 4.373671340942382812e+02 9.752589225769042969e+01
2.759917640686035156e+02 4.370383071899414062e+02 9.798932075500488281e+01
2.754547691345214844e+02 4.367095184326171875e+02 9.845275878906250000e+01
2.759012031555175781e+02 4.359999847412109375e+02 9.789226531982421875e+01
2.764574813842773438e+02 4.367004776000976562e+02 9.746126174926757812e+01
2.753956794738769531e+02 4.359999847412109375e+02 9.839226722717285156e+01
2.753393363952636719e+02 4.350000000000000000e+02 9.833554267883300781e+01
2.753342437744140625e+02 4.339999771118164062e+02 9.833186149597167969e+01
2.748393249511718750e+02 4.350000000000000000e+02 9.888269424438476562e+01
2.744045829772949219e+02 4.350000000000000000e+02 9.938269615173339844e+01
2.748342323303222656e+02 4.339999771118164062e+02 9.886900901794433594e+01
2.748834419250488281e+02 4.329999923706054688e+02 9.891525268554687500e+01
2.743913841247558594e+02 4.339999771118164062e+02 9.936901092529296875e+01
2.744282150268554688e+02 4.329999923706054688e+02 9.941525459289550781e+01
2.739196968078613281e+02 4.339999771118164062e+02 1.000000000000000000e+02
2.735283088684082031e+02 4.339999771118164062e+02 1.005436706542968750e+02
2.739823150634765625e+02 4.329999923706054688e+02 1.000000000000000000e+02
2.741854667663574219e+02 4.320274734497070312e+02 9.993726730346679688e+01
2.735541152954101562e+02 4.329999923706054688e+02 1.005809879302978516e+02
2.736285400390625000e+02 4.320000076293945312e+02 1.006865787506103516e+02
2.732312393188476562e+02 4.329999923706054688e+02 1.010809898376464844e+02
2.732928276062011719e+02 4.320000076293945312e+02 1.011865711212158203e+02
2.727312469482421875e+02 4.329999923706054688e+02 1.019099044799804688e+02
2.732146263122558594e+02 4.339999771118164062e+02 1.010436725616455078e+02
2.727146148681640625e+02 4.339999771118164062e+02 1.018907070159912109e+02
2.732335853576660156e+02 4.350000000000000000e+02 1.010704135894775391e+02
2.724401855468750000e+02 4.339999771118164062e+02 1.023907089233398438e+02
2.724496459960937500e+02 4.329999923706054688e+02 1.024098968505859375e+02
2.724763679504394531e+02 4.323507308959960938e+02 1.024581241607666016e+02
2.721714019775390625e+02 4.329999923706054688e+02 1.030000019073486328e+02
2.722966766357421875e+02 4.320104217529296875e+02 1.029345226287841797e+02
2.717322540283203125e+02 4.329999923706054688e+02 1.040000057220458984e+02
2.715105056762695312e+02 4.329999923706054688e+02 1.045253181457519531e+02
2.718079376220703125e+02 4.320000076293945312e+02 1.040000057220458984e+02
2.715443801879882812e+02 4.320000076293945312e+02 1.046059799194335938e+02
2.719613265991210938e+02 4.309999847412109375e+02 1.040000057220458984e+02
2.722403907775878906e+02 4.299530029296875000e+02 1.039301681518554688e+02
2.723454856872558594e+02 4.309999847412109375e+02 1.031939792633056641e+02
2.716158294677734375e+02 4.309999847412109375e+02 1.047746181488037109e+02
2.717136955261230469e+02 4.300242233276367188e+02 1.050540065765380859e+02
2.714058303833007812e+02 4.309999847412109375e+02 1.052746200561523438e+02
2.714675140380859375e+02 4.303737258911132812e+02 1.054233360290527344e+02
2.711373138427734375e+02 4.309999847412109375e+02 1.060000038146972656e+02
2.713375663757324219e+02 4.320000076293945312e+02 1.051059722900390625e+02
2.710068130493164062e+02 4.320000076293945312e+02 1.060000038146972656e+02
2.713079833984375000e+02 4.329999923706054688e+02 1.050253200531005859e+02
2.709508132934570312e+02 4.329999923706054688e+02 1.060000038146972656e+02
2.713138389587402344e+02 4.339999771118164062e+02 1.050256633758544922e+02
2.709670829772949219e+02 4.339999771118164062e+02 1.060000038146972656e+02
2.706428146362304688e+02 4.329999923706054688e+02 1.069809532165527344e+02
2.706504058837890625e+02 4.320925140380859375e+02 1.070980548858642578e+02
2.704943275451660156e+02 4.329999923706054688e+02 1.074809551239013672e+02
2.704990196228027344e+02 4.324875640869140625e+02 1.074967575073242188e+02
2.704202461242675781e+02 4.320925140380859375e+02 1.079624652862548828e+02
2.702181053161621094e+02 4.320000076293945312e+02 1.090000057220458984e+02
2.705250358581542969e+02 4.318208694458007812e+02 1.076041126251220703e+02
2.704533195495605469e+02 4.309999847412109375e+02 1.083062267303466797e+02
2.704924964904785156e+02 4.304639053344726562e+02 1.084708595275878906e+02
2.703155326843261719e+02 4.309999847412109375e+02 1.090000057220458984e+02
2.705771446228027344e+02 4.309999847412109375e+02 1.078062248229980469e+02
2.706747245788574219e+02 4.300783538818359375e+02 1.080825138092041016e+02
2.708086204528808594e+02 4.309999847412109375e+02 1.069999980926513672e+02
2.710042953491210938e+02 4.300000000000000000e+02 1.069999980926513672e+02
2.713460731506347656e+02 4.300242233276367188e+02 1.059845542907714844e+02
2.712957191467285156e+02 4.289514160156250000e+02 1.069447994232177734e+02
2.714275741577148438e+02 4.292523574829101562e+02 1.063075923919677734e+02
2.709590148925781250e+02 4.289999771118164062e+02 1.080000019073486328e+02
2.715252494812011719e+02 4.285857009887695312e+02 1.065746593475341797e+02
2.714133262634277344e+02 4.282319641113281250e+02 1.072413253784179688e+02
2.712940979003906250e+02 4.279391860961914062e+02 1.079438877105712891e+02
2.716085243225097656e+02 4.279391860961914062e+02 1.069447994232177734e+02
2.715212631225585938e+02 4.275653076171875000e+02 1.075731468200683594e+02
2.719112586975097656e+02 4.270000076293945312e+02 1.069999980926513672e+02
2.719346427917480469e+02 4.279999923706054688e+02 1.060000038146972656e+02
2.722937011718750000e+02 4.269961547851562500e+02 1.059881591796875000e+02
2.723301506042480469e+02 4.280394744873046875e+02 1.050109100341796875e+02
2.716391563415527344e+02 4.289514160156250000e+02 1.059845542907714844e+02
2.720235252380371094e+02 4.289999771118164062e+02 1.050000000000000000e+02
2.715533447265625000e+02 4.297070693969726562e+02 1.056409263610839844e+02
2.723685073852539062e+02 4.289999771118164062e+02 1.042344665527343750e+02
2.724636840820312500e+02 4.283991241455078125e+02 1.044290065765380859e+02
2.726198387145996094e+02 4.289999771118164062e+02 1.037344646453857422e+02
2.727855682373046875e+02 4.280394744873046875e+02 1.040574073791503906e+02
2.730218887329101562e+02 4.289999771118164062e+02 1.030000019073486328e+02
2.725251770019531250e+02 4.295883560180664062e+02 1.035502815246582031e+02
2.727040100097656250e+02 4.299530029296875000e+02 1.030206680297851562e+02
2.724311637878417969e+02 4.302550125122070312e+02 1.033677768707275391e+02
2.732741165161132812e+02 4.300559234619140625e+02 1.019811153411865234e+02
2.726015472412109375e+02 4.309999847412109375e+02 1.026939868927001953e+02
2.730017471313476562e+02 4.309999847412109375e+02 1.019999980926513672e+02
2.725293159484863281e+02 4.316840744018554688e+02 1.025575351715087891e+02
2.727518463134765625e+02 4.320104217529296875e+02 1.020748710632324219e+02
2.734001922607421875e+02 4.309999847412109375e+02 1.013528156280517578e+02
2.737464332580566406e+02 4.309999847412109375e+02 1.008528232574462891e+02
2.734753608703613281e+02 4.304265594482421875e+02 1.014640331268310547e+02
2.738756370544433594e+02 4.300559234619140625e+02 1.010784149169921875e+02
2.742785263061523438e+02 4.290957260131835938e+02 1.010035896301269531e+02
2.744038963317871094e+02 4.300000000000000000e+02 1.003802299499511719e+02
2.735875129699707031e+02 4.297599029541015625e+02 1.016351795196533203e+02
2.737253570556640625e+02 4.289999771118164062e+02 1.018443870544433594e+02
2.740035820007324219e+02 4.280218887329101562e+02 1.020135211944580078e+02
2.734020423889160156e+02 4.289999771118164062e+02 1.023443889617919922e+02
2.734939575195312500e+02 4.284849929809570312e+02 1.024906635284423828e+02
2.733316612243652344e+02 4.280910110473632812e+02 1.030246257781982422e+02
2.736275482177734375e+02 4.278183364868164062e+02 1.027077102661132812e+02
2.734242057800292969e+02 4.273247909545898438e+02 1.033743762969970703e+02
2.732351493835449219e+02 4.269948577880859375e+02 1.039738845825195312e+02
2.737866210937500000e+02 4.269948577880859375e+02 1.030246257781982422e+02
2.742506599426269531e+02 4.260405731201171875e+02 1.030109691619873047e+02
2.743062400817871094e+02 4.270000076293945312e+02 1.022216320037841797e+02
2.735693740844726562e+02 4.266581344604492188e+02 1.036231517791748047e+02
2.737070083618164062e+02 4.259516906738281250e+02 1.039738845825195312e+02
2.741964912414550781e+02 4.249952697753906250e+02 1.039877986907958984e+02
2.735413551330566406e+02 4.255861663818359375e+02 1.045811557769775391e+02
2.733839035034179688e+02 4.262528610229492188e+02 1.042898178100585938e+02
2.731923675537109375e+02 4.259516906738281250e+02 1.049486923217773438e+02
2.726988220214843750e+02 4.259874343872070312e+02 1.059881591796875000e+02
2.727180099487304688e+02 4.269961547851562500e+02 1.050109100341796875e+02
2.733744049072265625e+02 4.252490615844726562e+02 1.052478218078613281e+02
2.731919288635253906e+02 4.249494171142578125e+02 1.059523963928222656e+02
2.736811828613281250e+02 4.249494171142578125e+02 1.049486923217773438e+02
2.741949272155761719e+02 4.239862060546875000e+02 1.049919414520263672e+02
2.735420799255371094e+02 4.245824050903320312e+02 1.055873298645019531e+02
2.737029838562011719e+02 4.239710235595703125e+02 1.059523963928222656e+02
2.742394638061523438e+02 4.230049133300781250e+02 1.060283565521240234e+02
2.735652732849121094e+02 4.236183929443359375e+02 1.066509628295898438e+02
2.733841514587402344e+02 4.242850875854492188e+02 1.062539958953857422e+02
2.732364463806152344e+02 4.239710235595703125e+02 1.069905757904052734e+02
2.727922630310058594e+02 4.240760421752929688e+02 1.080633735656738281e+02
2.727196121215820312e+02 4.250148010253906250e+02 1.069969749450683594e+02
2.734226799011230469e+02 4.233673095703125000e+02 1.073176288604736328e+02
2.733396148681640625e+02 4.230204010009765625e+02 1.080991744995117188e+02
2.737728309631347656e+02 4.230204010009765625e+02 1.069905757904052734e+02
2.736198616027832031e+02 4.227006530761718750e+02 1.078319549560546875e+02
2.742920684814453125e+02 4.222014617919921875e+02 1.069999980926513672e+02
2.744362449645996094e+02 4.224108886718750000e+02 1.063805961608886719e+02
2.740033721923828125e+02 4.220117950439453125e+02 1.080213737487792969e+02
2.746498489379882812e+02 4.217014694213867188e+02 1.069999980926513672e+02
2.751930236816406250e+02 4.209909057617187500e+02 1.070485877990722656e+02
2.749828147888183594e+02 4.219832611083984375e+02 1.059779071807861328e+02
2.745177650451660156e+02 4.215243911743164062e+02 1.075441360473632812e+02
2.747735786437988281e+02 4.210118484497070312e+02 1.079264831542968750e+02
2.753286361694335938e+02 4.203094482421875000e+02 1.080000019073486328e+02
2.743868827819824219e+02 4.213530731201171875e+02 1.082108020782470703e+02
2.754552459716796875e+02 4.204503631591796875e+02 1.074143123626708984e+02
2.757914924621582031e+02 4.198094558715820312e+02 1.080000019073486328e+02
2.756212615966796875e+02 4.196289062500000000e+02 1.088019466400146484e+02
2.762914848327636719e+02 4.192915725708007812e+02 1.080000019073486328e+02
2.760327339172363281e+02 4.200361633300781250e+02 1.070646286010742188e+02
2.764340400695800781e+02 4.194345474243164062e+02 1.073816204071044922e+02
2.762981033325195312e+02 4.202886199951171875e+02 1.061798954010009766e+02
2.756314468383789062e+02 4.206515121459960938e+02 1.067476463317871094e+02
2.766267776489257812e+02 4.196219635009765625e+02 1.067149543762207031e+02
2.770440101623535156e+02 4.190403747558593750e+02 1.070759868621826172e+02
2.769012260437011719e+02 4.199056625366210938e+02 1.058572196960449219e+02
2.772934341430664062e+02 4.193128585815429688e+02 1.062012100219726562e+02
2.771952438354492188e+02 4.202082443237304688e+02 1.050000000000000000e+02
2.765089988708496094e+02 4.205093002319335938e+02 1.055132198333740234e+02
2.775257492065429688e+02 4.195227050781250000e+02 1.055345439910888672e+02
2.779352951049804688e+02 4.189460372924804688e+02 1.059152030944824219e+02
2.777407073974609375e+02 4.197082138061523438e+02 1.050000000000000000e+02
2.780868911743164062e+02 4.200740814208984375e+02 1.040973377227783203e+02
2.782407188415527344e+02 4.192859268188476562e+02 1.050000000000000000e+02
2.784618759155273438e+02 4.194687271118164062e+02 1.044585227966308594e+02
2.789630699157714844e+02 4.187599563598632812e+02 1.049464607238769531e+02
2.790711784362792969e+02 4.192902755737304688e+02 1.040751171112060547e+02
2.786051177978515625e+02 4.185792160034179688e+02 1.056291961669921875e+02
2.795759773254394531e+02 4.185520172119140625e+02 1.045774364471435547e+02
2.792717933654785156e+02 4.183342361450195312e+02 1.052441024780273438e+02
2.790349388122558594e+02 4.180229187011718750e+02 1.060431194305419922e+02
2.800014877319335938e+02 4.179988861083984375e+02 1.050015449523925781e+02
2.797603225708007812e+02 4.176675415039062500e+02 1.057903861999511719e+02
2.807815551757812500e+02 4.176635360717773438e+02 1.047589778900146484e+02
2.804269790649414062e+02 4.174537277221679688e+02 1.054256439208984375e+02
2.802426338195800781e+02 4.183302307128906250e+02 1.042552757263183594e+02
2.799455833435058594e+02 4.187472152709960938e+02 1.039531612396240234e+02
2.810251426696777344e+02 4.180120849609375000e+02 1.040219116210937500e+02
2.814482116699218750e+02 4.174702453613281250e+02 1.044552230834960938e+02
2.812687301635742188e+02 4.183605957031250000e+02 1.033136367797851562e+02
2.806020545959472656e+02 4.185636138916015625e+02 1.035886096954345703e+02
2.819999885559082031e+02 4.176624298095703125e+02 1.037416839599609375e+02
2.819999885559082031e+02 4.173303222656250000e+02 1.042416858673095703e+02
2.820257568359375000e+02 4.181903076171875000e+02 1.029881763458251953e+02
2.825492477416992188e+02 4.175226593017578125e+02 1.035336971282958984e+02
2.830130386352539062e+02 4.170042800903320312e+02 1.040088939666748047e+02
2.829295349121093750e+02 4.177403259277343750e+02 1.029911518096923828e+02
2.829999923706054688e+02 4.182834243774414062e+02 1.022339820861816406e+02
2.837669563293457031e+02 4.176106643676757812e+02 1.026519203186035156e+02
2.832159042358398438e+02 4.173717498779296875e+02 1.033185863494873047e+02
2.840601730346679688e+02 4.172497177124023438e+02 1.029911518096923828e+02
2.844336318969726562e+02 4.174726486206054688e+02 1.024644660949707031e+02
2.839999961853027344e+02 4.167076492309570312e+02 1.038216686248779297e+02
2.850257492065429688e+02 4.168410110473632812e+02 1.030632019042968750e+02
2.850000000000000000e+02 4.173724365234375000e+02 1.023354244232177734e+02
2.853762626647949219e+02 4.164576339721679688e+02 1.034386634826660156e+02
2.847095870971679688e+02 4.165717697143554688e+02 1.036114692687988281e+02
2.859999847412109375e+02 4.167167282104492188e+02 1.028074836730957031e+02
2.859999847412109375e+02 4.172167205810546875e+02 1.021367931365966797e+02
2.869999885559082031e+02 4.165924835205078125e+02 1.026292133331298828e+02
2.859999847412109375e+02 4.163661193847656250e+02 1.033074855804443359e+02
2.860861206054687500e+02 4.158433151245117188e+02 1.040937805175781250e+02
2.869999885559082031e+02 4.162403106689453125e+02 1.031292152404785156e+02
2.869999885559082031e+02 4.157403182983398438e+02 1.038917922973632812e+02
2.879861259460449219e+02 4.161932373046875000e+02 1.029205799102783203e+02
2.883102226257324219e+02 4.164669418334960938e+02 1.024583530426025391e+02
2.879999923706054688e+02 4.156413269042968750e+02 1.037282752990722656e+02
2.876435470581054688e+02 4.165248870849609375e+02 1.025342941284179688e+02
2.889999961853027344e+02 4.159830093383789062e+02 1.030000019073486328e+02
2.889999961853027344e+02 4.164183807373046875e+02 1.023984146118164062e+02
2.889999961853027344e+02 4.155646133422851562e+02 1.036035537719726562e+02
2.900753593444824219e+02 4.158087539672851562e+02 1.030974674224853516e+02
2.900000000000000000e+02 4.163702392578125000e+02 1.023416423797607422e+02
2.897922515869140625e+02 4.155209350585937500e+02 1.035331344604492188e+02
2.909999847412109375e+02 4.158451461791992188e+02 1.029785442352294922e+02
2.904589271545410156e+02 4.154970169067382812e+02 1.034957790374755859e+02
2.900753593444824219e+02 4.152630615234375000e+02 1.039198780059814453e+02
2.909999847412109375e+02 4.154848480224609375e+02 1.034785461425781250e+02
2.909999847412109375e+02 4.151610946655273438e+02 1.040000057220458984e+02
2.919999885559082031e+02 4.154779052734375000e+02 1.034686374664306641e+02
2.919999885559082031e+02 4.151481246948242188e+02 1.040000057220458984e+02
2.919999885559082031e+02 4.158387374877929688e+02 1.029686355590820312e+02
2.926848411560058594e+02 4.154877471923828125e+02 1.034825611114501953e+02
2.930109024047851562e+02 4.152467727661132812e+02 1.039093208312988281e+02
2.930109024047851562e+02 4.157917785644531250e+02 1.030895328521728516e+02
2.929999923706054688e+02 4.163573837280273438e+02 1.023279857635498047e+02
2.933514976501464844e+02 4.155097961425781250e+02 1.035155391693115234e+02
2.939999961853027344e+02 4.159532928466796875e+02 1.030000019073486328e+02
2.939999961853027344e+02 4.164057922363281250e+02 1.023849868774414062e+02
2.939999961853027344e+02 4.155474853515625000e+02 1.035762977600097656e+02
2.950374031066894531e+02 4.161747360229492188e+02 1.029150104522705078e+02
2.947290229797363281e+02 4.164587020874023438e+02 1.024491882324218750e+02
2.950000000000000000e+02 4.156243896484375000e+02 1.037011814117431641e+02
2.959999847412109375e+02 4.162291336059570312e+02 1.031234645843505859e+02
2.953956985473632812e+02 4.165187835693359375e+02 1.025250244140625000e+02
2.950374031066894531e+02 4.168344879150390625e+02 1.020695114135742188e+02
2.959999847412109375e+02 4.165931320190429688e+02 1.026234626770019531e+02
2.959723472595214844e+02 4.171545410156250000e+02 1.019392204284667969e+02
2.969999885559082031e+02 4.167357635498046875e+02 1.028123474121093750e+02
2.980420303344726562e+02 4.169799804687500000e+02 1.029780483245849609e+02
2.969999885559082031e+02 4.163643646240234375e+02 1.033123493194580078e+02
2.969999885559082031e+02 4.172357940673828125e+02 1.021904563903808594e+02
2.969999885559082031e+02 4.176734161376953125e+02 1.016904544830322266e+02
2.978082656860351562e+02 4.173756408691406250e+02 1.023552322387695312e+02
2.980849456787109375e+02 4.178015518188476562e+02 1.020131397247314453e+02
2.979999923706054688e+02 4.183691787719726562e+02 1.013700675964355469e+02
2.984749221801757812e+02 4.175103759765625000e+02 1.025125598907470703e+02
2.989150619506835938e+02 4.182011413574218750e+02 1.019978618621826172e+02
2.985251235961914062e+02 4.184866333007812500e+02 1.014869403839111328e+02
2.989999961853027344e+02 4.176364517211914062e+02 1.026620101928710938e+02
2.991917800903320312e+02 4.186687850952148438e+02 1.016630935668945312e+02
2.997755813598632812e+02 4.183382415771484375e+02 1.023297595977783203e+02
3.000665092468261719e+02 4.179592132568359375e+02 1.029543876647949219e+02
2.996907424926757812e+02 4.173966979980468750e+02 1.033701229095458984e+02
3.003574180603027344e+02 4.175802230834960938e+02 1.036041831970214844e+02
3.004422569274902344e+02 4.185360717773437500e+02 1.025386524200439453e+02
3.009999847412109375e+02 4.182788085937500000e+02 1.032433605194091797e+02
3.010709571838378906e+02 4.177409362792968750e+02 1.039625072479248047e+02
3.009999847412109375e+02 4.187297058105468750e+02 1.027433681488037109e+02
3.015561294555664062e+02 4.184581756591796875e+02 1.034525012969970703e+02
3.019336700439453125e+02 4.182526016235351562e+02 1.040502929687500000e+02
3.022228050231933594e+02 4.187159729003906250e+02 1.037504959106445312e+02
3.025831604003906250e+02 4.184329605102539062e+02 1.044171619415283203e+02
3.020567321777343750e+02 4.177080917358398438e+02 1.049276542663574219e+02
3.024278831481933594e+02 4.175506591796875000e+02 1.055903244018554688e+02
3.029498863220214844e+02 4.182791519165039062e+02 1.050833129882812500e+02
3.014516067504882812e+02 4.175298309326171875e+02 1.045460891723632812e+02
3.017612075805664062e+02 4.173234176635742188e+02 1.052127552032470703e+02
3.010037803649902344e+02 4.169947052001953125e+02 1.049963188171386719e+02
3.019749832153320312e+02 4.170128631591796875e+02 1.060311508178710938e+02
3.012226295471191406e+02 4.166567230224609375e+02 1.058053112030029297e+02
3.015220832824707031e+02 4.164858245849609375e+02 1.064719772338867188e+02
3.026757049560546875e+02 4.173690032958984375e+02 1.062569904327392578e+02
3.030054092407226562e+02 4.177925491333007812e+02 1.059541893005371094e+02
3.033423614501953125e+02 4.176219558715820312e+02 1.067629623413085938e+02
3.036961364746093750e+02 4.183276748657226562e+02 1.060000038146972656e+02
3.009335708618164062e+02 4.163566970825195312e+02 1.060831832885742188e+02
2.999238586425781250e+02 4.158509445190429688e+02 1.060766029357910156e+02
3.005559730529785156e+02 4.164690017700195312e+02 1.054465389251708984e+02
2.999021530151367188e+02 4.163660812377929688e+02 1.050679206848144531e+02
2.995036125183105469e+02 4.164981842041015625e+02 1.044973468780517578e+02
3.001702690124511719e+02 4.166659927368164062e+02 1.047798728942871094e+02
2.989999961853027344e+02 4.160151672363281250e+02 1.050000000000000000e+02
2.980736160278320312e+02 4.156760787963867188e+02 1.049885272979736328e+02
2.989999961853027344e+02 4.156187820434570312e+02 1.057444381713867188e+02
2.989999961853027344e+02 4.163963699340820312e+02 1.043414974212646484e+02
2.979654884338378906e+02 4.162424087524414062e+02 1.039747905731201172e+02
2.989999961853027344e+02 4.167358016967773438e+02 1.038414955139160156e+02
2.982758140563964844e+02 4.165843582153320312e+02 1.036246490478515625e+02
2.989999961853027344e+02 4.172357940673828125e+02 1.031620121002197266e+02
2.999305152893066406e+02 4.170313644409179688e+02 1.040507698059082031e+02
3.007849502563476562e+02 4.173326873779296875e+02 1.042708492279052734e+02
2.969271278381347656e+02 4.158401107788085938e+02 1.040874195098876953e+02
2.976091384887695312e+02 4.164593124389648438e+02 1.034435367584228516e+02
2.965452194213867188e+02 4.154872131347656250e+02 1.044790267944335938e+02
2.959999847412109375e+02 4.157291412353515625e+02 1.038708019256591797e+02
2.972118759155273438e+02 4.155810546875000000e+02 1.046475410461425781e+02
2.969271278381347656e+02 4.153182220458984375e+02 1.049885272979736328e+02
2.959999847412109375e+02 4.150794219970703125e+02 1.050000000000000000e+02
2.969227981567382812e+02 4.147729110717773438e+02 1.060868263244628906e+02
2.977893638610839844e+02 4.153997039794921875e+02 1.053142070770263672e+02
2.980736160278320312e+02 4.152002334594726562e+02 1.059189510345458984e+02
2.979991912841796875e+02 4.146939086914062500e+02 1.070175266265869141e+02
2.984560394287109375e+02 4.155154418945312500e+02 1.055315876007080078e+02
2.989999961853027344e+02 4.153775787353515625e+02 1.062444400787353516e+02
2.995397758483886719e+02 4.154811477661132812e+02 1.064610004425048828e+02
2.972046470642089844e+02 4.145783615112304688e+02 1.066958808898925781e+02
2.959999847412109375e+02 4.146575164794921875e+02 1.058432197570800781e+02
2.965379905700683594e+02 4.144898605346679688e+02 1.064780426025390625e+02
2.959999847412109375e+02 4.144291687011718750e+02 1.063432121276855469e+02
2.950000000000000000e+02 4.143331527709960938e+02 1.061257362365722656e+02
2.940588760375976562e+02 4.142848968505859375e+02 1.059128475189208984e+02
2.950000000000000000e+02 4.145572280883789062e+02 1.056257438659667969e+02
2.944314575195312500e+02 4.145096588134765625e+02 1.055214118957519531e+02
2.950000000000000000e+02 4.148772048950195312e+02 1.050000000000000000e+02
2.940588760375976562e+02 4.147005462646484375e+02 1.050577545166015625e+02
2.950000000000000000e+02 4.153199768066406250e+02 1.042011737823486328e+02
2.939999961853027344e+02 4.152434158325195312e+02 1.040762996673583984e+02
2.959999847412109375e+02 4.154219055175781250e+02 1.043708038330078125e+02
2.937647819519042969e+02 4.144626998901367188e+02 1.054295921325683594e+02
2.929999923706054688e+02 4.146926498413085938e+02 1.048597717285156250e+02
2.919999885559082031e+02 4.146701812744140625e+02 1.048146343231201172e+02
2.929999923706054688e+02 4.144253158569335938e+02 1.053597736358642578e+02
2.919999885559082031e+02 4.144007873535156250e+02 1.053146362304687500e+02
2.929999923706054688e+02 4.141348266601562500e+02 1.060000038146972656e+02
2.919999885559082031e+02 4.140888214111328125e+02 1.060000038146972656e+02
2.929999923706054688e+02 4.137519073486328125e+02 1.069999980926513672e+02
2.939999961853027344e+02 4.138439941406250000e+02 1.069999980926513672e+02
2.919999885559082031e+02 4.137128067016601562e+02 1.069999980926513672e+02
2.909999847412109375e+02 4.137159347534179688e+02 1.069999980926513672e+02
2.900000000000000000e+02 4.137588882446289062e+02 1.069999980926513672e+02
2.909999847412109375e+02 4.140966796875000000e+02 1.060000038146972656e+02
2.909999847412109375e+02 4.144054794311523438e+02 1.053242874145507812e+02
2.900000000000000000e+02 4.141522979736328125e+02 1.060000038146972656e+02
2.889758682250976562e+02 4.142938613891601562e+02 1.059230709075927734e+02
2.900000000000000000e+02 4.144358062744140625e+02 1.053809165954589844e+02
2.892930984497070312e+02 4.144704055786132812e+02 1.054448986053466797e+02
2.900000000000000000e+02 4.147060394287109375e+02 1.048809146881103516e+02
2.909999847412109375e+02 4.146762466430664062e+02 1.048242855072021484e+02
2.889758682250976562e+02 4.147177505493164062e+02 1.050669384002685547e+02
2.879999923706054688e+02 4.149048995971679688e+02 1.050000000000000000e+02
2.889999961853027344e+02 4.152586746215820312e+02 1.041035556793212891e+02
2.886264419555664062e+02 4.145180511474609375e+02 1.055384540557861328e+02
2.879999923706054688e+02 4.145694732666015625e+02 1.056461429595947266e+02
2.879999923706054688e+02 4.143351745605468750e+02 1.061461448669433594e+02
2.869999885559082031e+02 4.146658325195312500e+02 1.058423995971679688e+02
2.869999885559082031e+02 4.144250488281250000e+02 1.063424015045166016e+02
2.860602951049804688e+02 4.147671127319335938e+02 1.060800743103027344e+02
2.869999885559082031e+02 4.151001739501953125e+02 1.050000000000000000e+02
2.860861206054687500e+02 4.153240203857421875e+02 1.049906635284423828e+02
2.869999885559082031e+02 4.154343414306640625e+02 1.043917942047119141e+02
2.879999923706054688e+02 4.153354263305664062e+02 1.042282772064208984e+02
2.864768791198730469e+02 4.154936981201171875e+02 1.044896316528320312e+02
2.858102226257324219e+02 4.155839920043945312e+02 1.046511077880859375e+02
2.851845169067382812e+02 4.153998184204101562e+02 1.053177833557128906e+02
2.849107170104980469e+02 4.156694030761718750e+02 1.049906635284423828e+02
2.849107170104980469e+02 4.151785659790039062e+02 1.059065151214599609e+02
2.849281692504882812e+02 4.146472549438476562e+02 1.069860649108886719e+02
2.845178604125976562e+02 4.155057525634765625e+02 1.055108547210693359e+02
2.839999961853027344e+02 4.153378295898437500e+02 1.061905765533447266e+02
2.839999961853027344e+02 4.149465179443359375e+02 1.069999980926513672e+02
2.839999961853027344e+02 4.156026077270507812e+02 1.056905746459960938e+02
2.833843612670898438e+02 4.154514312744140625e+02 1.064099121093750000e+02
2.830306243896484375e+02 4.157959365844726562e+02 1.060459518432617188e+02
2.830306243896484375e+02 4.153094863891601562e+02 1.070155715942382812e+02
2.830976104736328125e+02 4.148170089721679688e+02 1.080976200103759766e+02
2.827177047729492188e+02 4.155913162231445312e+02 1.066926193237304688e+02
2.823592758178710938e+02 4.154336929321289062e+02 1.073592853546142578e+02
2.820155715942382812e+02 4.157593917846679688e+02 1.070155715942382812e+02
2.820155715942382812e+02 4.153094863891601562e+02 1.080306243896484375e+02
2.816926193237304688e+02 4.155913162231445312e+02 1.077177143096923828e+02
2.814099121093750000e+02 4.154514312744140625e+02 1.083843803405761719e+02
2.810459327697753906e+02 4.157959365844726562e+02 1.080306243896484375e+02
2.810084152221679688e+02 4.162671279907226562e+02 1.070226383209228516e+02
2.806953811645507812e+02 4.156053161621093750e+02 1.090000057220458984e+02
2.800384712219238281e+02 4.163404464721679688e+02 1.080984306335449219e+02
2.794983291625976562e+02 4.164988708496093750e+02 1.084973907470703125e+02
2.803974533081054688e+02 4.164375305175781250e+02 1.073710632324218750e+02
2.797307777404785156e+02 4.166423416137695312e+02 1.078307247161865234e+02
2.790276336669921875e+02 4.170192718505859375e+02 1.080453109741210938e+02
2.800384712219238281e+02 4.168307113647460938e+02 1.070226383209228516e+02
2.792662811279296875e+02 4.173383331298828125e+02 1.069999980926513672e+02
2.800561904907226562e+02 4.173175430297851562e+02 1.060742282867431641e+02
2.806806945800781250e+02 4.166000366210937500e+02 1.067043972015380859e+02
2.810084152221679688e+02 4.167922973632812500e+02 1.060084152221679688e+02
2.810689353942871094e+02 4.173144149780273438e+02 1.050553894042968750e+02
2.817043876647949219e+02 4.166000366210937500e+02 1.056806945800781250e+02
2.813473510742187500e+02 4.164163589477539062e+02 1.063473606109619141e+02
2.820226287841796875e+02 4.162671279907226562e+02 1.060084152221679688e+02
2.823710632324218750e+02 4.164375305175781250e+02 1.053948593139648438e+02
2.830860900878906250e+02 4.163349533081054688e+02 1.050369167327880859e+02
2.820226287841796875e+02 4.168242645263671875e+02 1.050369167327880859e+02
2.828101539611816406e+02 4.166368484497070312e+02 1.047281932830810547e+02
2.839999961853027344e+02 4.159893035888671875e+02 1.050000000000000000e+02
2.834768295288085938e+02 4.164896774291992188e+02 1.044840908050537109e+02
2.839999961853027344e+02 4.163866806030273438e+02 1.043216705322265625e+02
2.850257492065429688e+02 4.162405395507812500e+02 1.039668846130371094e+02
2.794647598266601562e+02 4.174754333496093750e+02 1.064570522308349609e+02
2.787662696838378906e+02 4.176891326904296875e+02 1.069999980926513672e+02
2.780069160461425781e+02 4.182312393188476562e+02 1.070622158050537109e+02
2.785569381713867188e+02 4.175405883789062500e+02 1.075932312011718750e+02
2.780187416076660156e+02 4.177977752685546875e+02 1.079559421539306641e+02
2.776718902587890625e+02 4.176355361938476562e+02 1.090000057220458984e+02
2.783645629882812500e+02 4.173961639404296875e+02 1.082598972320556641e+02
2.773188972473144531e+02 4.183417892456054688e+02 1.080000019073486328e+02
2.774612426757812500e+02 4.184665298461914062e+02 1.074370193481445312e+02
2.768189048767089844e+02 4.187915802001953125e+02 1.080000019073486328e+02
2.766306114196777344e+02 4.186208724975585938e+02 1.087942504882812500e+02
2.783448600769042969e+02 4.183782577514648438e+02 1.062958621978759766e+02
2.776782035827636719e+02 4.186462020874023438e+02 1.067703533172607422e+02
2.788585472106933594e+02 4.167483520507812500e+02 1.090000057220458984e+02
2.834960174560546875e+02 4.144984054565429688e+02 1.084960365295410156e+02
2.827744293212890625e+02 4.146086883544921875e+02 1.090000057220458984e+02
2.839999961853027344e+02 4.146086883544921875e+02 1.077744388580322266e+02
2.845469474792480469e+02 4.145142745971679688e+02 1.075365543365478516e+02
2.839999961853027344e+02 4.144135284423828125e+02 1.082744407653808594e+02
2.849281692504882812e+02 4.142571258544921875e+02 1.079219341278076172e+02
2.852136039733886719e+02 4.144142532348632812e+02 1.073101139068603516e+02
2.860602951049804688e+02 4.143432998657226562e+02 1.069860649108886719e+02
2.864338302612304688e+02 4.144837188720703125e+02 1.064667987823486328e+02
2.857671546936035156e+02 4.145654678344726562e+02 1.066434478759765625e+02
2.869999885559082031e+02 4.141417312622070312e+02 1.069999980926513672e+02
2.869999885559082031e+02 4.137648010253906250e+02 1.080000019073486328e+02
2.879999923706054688e+02 4.139748764038085938e+02 1.069999980926513672e+02
2.889999961853027344e+02 4.138457107543945312e+02 1.069999980926513672e+02
3.002691459655761719e+02 4.156098937988281250e+02 1.069999980926513672e+02
2.989150619506835938e+02 4.190012741088867188e+02 1.012148952484130859e+02
2.980741691589355469e+02 4.190138244628906250e+02 1.008072471618652344e+02
2.969999885559082031e+02 4.186885070800781250e+02 1.006725883483886719e+02
2.977902984619140625e+02 4.193563842773437500e+02 1.003766250610351562e+02
2.984569549560546875e+02 4.195230102539062500e+02 1.005186557769775391e+02
2.980329895019531250e+02 4.199808883666992188e+02 9.998544692993164062e+01
2.976090049743652344e+02 4.204387283325195312e+02 9.945418357849121094e+01
2.982756805419921875e+02 4.206369018554687500e+02 9.959425926208496094e+01
2.989999961853027344e+02 4.201914978027343750e+02 1.002623844146728516e+02
2.969999885559082031e+02 4.197954940795898438e+02 9.972991943359375000e+01
2.969999885559082031e+02 4.191884994506835938e+02 1.002299213409423828e+02
2.969999885559082031e+02 4.202954864501953125e+02 9.934467315673828125e+01
2.959999847412109375e+02 4.195943832397460938e+02 9.957482337951660156e+01
2.959819602966308594e+02 4.189369583129882812e+02 1.001362514495849609e+02
2.954844093322753906e+02 4.195039367675781250e+02 9.950316429138183594e+01
2.959999847412109375e+02 4.200943756103515625e+02 9.918837547302246094e+01
2.950906562805175781e+02 4.199023437500000000e+02 9.911225318908691406e+01
2.959999847412109375e+02 4.207750701904296875e+02 9.868837356567382812e+01
2.969919204711914062e+02 4.210517883300781250e+02 9.881372451782226562e+01
2.950000000000000000e+02 4.205914688110351562e+02 9.856375694274902344e+01
2.959999847412109375e+02 4.212750625610351562e+02 9.834743499755859375e+01
2.950000000000000000e+02 4.210914611816406250e+02 9.821763992309570312e+01
2.959443855285644531e+02 4.220785522460937500e+02 9.782408714294433594e+01
2.966531944274902344e+02 4.214196395874023438e+02 9.844599723815917969e+01
2.969919204711914062e+02 4.219619369506835938e+02 9.823042869567871094e+01
2.973198699951171875e+02 4.216032409667968750e+02 9.856329917907714844e+01
2.970743179321289062e+02 4.229829788208007812e+02 9.767241477966308594e+01
2.978291130065917969e+02 4.222698974609375000e+02 9.836114883422851562e+01
2.980974769592285156e+02 4.219619369506835938e+02 9.865935325622558594e+01
2.980974769592285156e+02 4.229019927978515625e+02 9.812084197998046875e+01
2.984957885742187500e+02 4.225033187866210938e+02 9.850181579589843750e+01
2.979999923706054688e+02 4.237638473510742188e+02 9.763018608093261719e+01
2.989999961853027344e+02 4.232315444946289062e+02 9.835718154907226562e+01
2.989999961853027344e+02 4.227315521240234375e+02 9.862221717834472656e+01
2.989077377319335938e+02 4.240921783447265625e+02 9.788128852844238281e+01
2.995275306701660156e+02 4.234720993041992188e+02 9.848529815673828125e+01
3.000088882446289062e+02 4.229909896850585938e+02 9.899569511413574219e+01
2.997628211975097656e+02 4.239999771118164062e+02 9.835840225219726562e+01
3.002628326416015625e+02 4.239999771118164062e+02 9.862699508666992188e+01
3.000937461853027344e+02 4.249080657958984375e+02 9.812668800354003906e+01
2.992311668395996094e+02 4.250000000000000000e+02 9.763395309448242188e+01
3.004895591735839844e+02 4.245134735107421875e+02 9.850574493408203125e+01
3.000160026550292969e+02 4.259304428100585938e+02 9.767799377441406250e+01
3.007220840454101562e+02 4.251801300048828125e+02 9.836587905883789062e+01
3.010332489013671875e+02 4.249080657958984375e+02 9.866822242736816406e+01
3.010669517517089844e+02 4.239419555664062500e+02 9.912541389465332031e+01
3.007782363891601562e+02 4.231765365600585938e+02 9.933024406433105469e+01
3.014449119567871094e+02 4.235699081420898438e+02 9.953430175781250000e+01
3.016868591308593750e+02 4.242366027832031250e+02 9.937302589416503906e+01
2.996933364868164062e+02 4.262174224853515625e+02 9.739344596862792969e+01
2.994619750976562500e+02 4.255507659912109375e+02 9.751935958862304688e+01
2.990771865844726562e+02 4.259304428100585938e+02 9.718384742736816406e+01
2.987311553955078125e+02 4.250000000000000000e+02 9.738451004028320312e+01
2.980211448669433594e+02 4.259581375122070312e+02 9.667057037353515625e+01
2.989686584472656250e+02 4.270018386840820312e+02 9.673947334289550781e+01
2.986144256591796875e+02 4.273363876342773438e+02 9.644166946411132812e+01
2.983685874938964844e+02 4.266697311401367188e+02 9.656049728393554688e+01
2.980211448669433594e+02 4.270018386840820312e+02 9.628324508666992188e+01
2.977019119262695312e+02 4.262635421752929688e+02 9.640761375427246094e+01
2.979999923706054688e+02 4.279999923706054688e+02 9.593997001647949219e+01
2.969183540344238281e+02 4.270791244506835938e+02 9.578229904174804688e+01
2.970415878295898438e+02 4.259581375122070312e+02 9.625349044799804688e+01
2.965305900573730469e+02 4.274652481079101562e+02 9.548747062683105469e+01
2.961808776855468750e+02 4.267985534667968750e+02 9.560674667358398438e+01
2.972406387329101562e+02 4.279999923706054688e+02 9.560559272766113281e+01
2.967406463623046875e+02 4.279999923706054688e+02 9.540081977844238281e+01
2.974569129943847656e+02 4.285675430297851562e+02 9.551799774169921875e+01
2.959085273742675781e+02 4.260931777954101562e+02 9.578984260559082031e+01
2.959085273742675781e+02 4.270791244506835938e+02 9.541287422180175781e+01
2.955142211914062500e+02 4.264886093139648438e+02 9.549518585205078125e+01
2.950000000000000000e+02 4.263118743896484375e+02 9.541875839233398438e+01
2.950000000000000000e+02 4.258118820190429688e+02 9.563197135925292969e+01
2.939932060241699219e+02 4.259563446044921875e+02 9.530899047851562500e+01
2.929999923706054688e+02 4.259999847412109375e+02 9.509708404541015625e+01
2.936553382873535156e+02 4.254244995117187500e+02 9.546412467956542969e+01
2.943219947814941406e+02 4.255938720703125000e+02 9.554109573364257812e+01
2.939999961853027344e+02 4.270000076293945312e+02 9.489077568054199219e+01
2.929997634887695312e+02 4.270550537109375000e+02 9.467038154602050781e+01
2.919999885559082031e+02 4.268174362182617188e+02 9.462386131286621094e+01
2.909999847412109375e+02 4.267189025878906250e+02 9.458677291870117188e+01
2.919999885559082031e+02 4.259999847412109375e+02 9.496514320373535156e+01
2.909999847412109375e+02 4.259999847412109375e+02 9.489353179931640625e+01
2.919999885559082031e+02 4.251607894897460938e+02 9.534128189086914062e+01
2.919999885559082031e+02 4.246607971191406250e+02 9.557602882385253906e+01
2.929999923706054688e+02 4.253007507324218750e+02 9.540610313415527344e+01
2.909999847412109375e+02 4.250813293457031250e+02 9.530675888061523438e+01
2.900000000000000000e+02 4.250599670410156250e+02 9.529697418212890625e+01
2.909999847412109375e+02 4.245813369750976562e+02 9.553820610046386719e+01
2.900000000000000000e+02 4.245599365234375000e+02 9.552811622619628906e+01
2.909999847412109375e+02 4.239999771118164062e+02 9.584685325622558594e+01
2.900000000000000000e+02 4.239999771118164062e+02 9.582910537719726562e+01
2.909999847412109375e+02 4.231676864624023438e+02 9.630865097045898438e+01
2.919999885559082031e+02 4.239999771118164062e+02 9.592034339904785156e+01
2.929999923706054688e+02 4.239999771118164062e+02 9.605180740356445312e+01
2.919999885559082031e+02 4.232298278808593750e+02 9.634430885314941406e+01
2.929999923706054688e+02 4.233424758911132812e+02 9.640947341918945312e+01
2.919999885559082031e+02 4.227298355102539062e+02 9.663468360900878906e+01
2.909999847412109375e+02 4.226676940917968750e+02 9.659891128540039062e+01
2.919999885559082031e+02 4.220000076293945312e+02 9.711050987243652344e+01
2.929999923706054688e+02 4.228424835205078125e+02 9.669795036315917969e+01
2.929097175598144531e+02 4.219397354125976562e+02 9.725698471069335938e+01
2.939932632446289062e+02 4.230650329589843750e+02 9.675347328186035156e+01
2.936554336547851562e+02 4.234416961669921875e+02 9.646664619445800781e+01
2.939999961853027344e+02 4.221736145019531250e+02 9.728826522827148438e+01
2.943221092224121094e+02 4.235716629028320312e+02 9.653811454772949219e+01
2.950000000000000000e+02 4.229999923706054688e+02 9.702677726745605469e+01
2.950000000000000000e+02 4.237366867065429688e+02 9.662351608276367188e+01
2.959443855285644531e+02 4.229829788208007812e+02 9.729825973510742188e+01
2.950000000000000000e+02 4.223471832275390625e+02 9.740325927734375000e+01
2.950000000000000000e+02 4.218471527099609375e+02 9.771763801574707031e+01
2.955739784240722656e+02 4.224642944335937500e+02 9.747793197631835938e+01
2.939999961853027344e+02 4.216736221313476562e+02 9.761295318603515625e+01
2.940789413452148438e+02 4.209049224853515625e+02 9.816035270690917969e+01
2.931828689575195312e+02 4.215662384033203125e+02 9.754434585571289062e+01
2.929097175598144531e+02 4.210981369018554688e+02 9.784500122070312500e+01
2.929999923706054688e+02 4.203731536865234375e+02 9.839799880981445312e+01
2.925162124633789062e+02 4.214968872070312500e+02 9.749771118164062500e+01
2.919999885559082031e+02 4.209681701660156250e+02 9.785612106323242188e+01
2.919999885559082031e+02 4.203256607055664062e+02 9.835612297058105469e+01
2.919999885559082031e+02 4.214682006835937500e+02 9.747583389282226562e+01
2.909999847412109375e+02 4.209280014038085938e+02 9.783402442932128906e+01
2.909999847412109375e+02 4.203030014038085938e+02 9.833402633666992188e+01
2.909999847412109375e+02 4.214280319213867188e+02 9.744468688964843750e+01
2.900000000000000000e+02 4.209215927124023438e+02 9.783154487609863281e+01
2.889999961853027344e+02 4.209561538696289062e+02 9.785899162292480469e+01
2.900000000000000000e+02 4.203012847900390625e+02 9.833154678344726562e+01
2.900000000000000000e+02 4.214215850830078125e+02 9.743937492370605469e+01
2.900000000000000000e+02 4.220000076293945312e+02 9.703133583068847656e+01
2.889999961853027344e+02 4.214561462402343750e+02 9.746606826782226562e+01
2.884332847595214844e+02 4.214894104003906250e+02 9.749176979064941406e+01
2.889999961853027344e+02 4.220000076293945312e+02 9.708060264587402344e+01
2.889999961853027344e+02 4.226903533935546875e+02 9.661453247070312500e+01
2.880599594116210938e+02 4.219267654418945312e+02 9.722474098205566406e+01
2.869999885559082031e+02 4.221318817138671875e+02 9.723779678344726562e+01
2.877666091918945312e+02 4.215446472167968750e+02 9.753271102905273438e+01
2.879999923706054688e+02 4.227649307250976562e+02 9.666210174560546875e+01
2.869999885559082031e+02 4.228819274902343750e+02 9.673779487609863281e+01
2.879999923706054688e+02 4.232649230957031250e+02 9.635942459106445312e+01
2.869999885559082031e+02 4.233819198608398438e+02 9.642818450927734375e+01
2.879999923706054688e+02 4.239999771118164062e+02 9.594222068786621094e+01
2.889999961853027344e+02 4.231903457641601562e+02 9.631858825683593750e+01
2.889999961853027344e+02 4.239999771118164062e+02 9.586202621459960938e+01
2.900000000000000000e+02 4.231552124023437500e+02 9.630098342895507812e+01
2.900000000000000000e+02 4.226552200317382812e+02 9.659196853637695312e+01
2.889999961853027344e+02 4.245902252197265625e+02 9.554344177246093750e+01
2.889999961853027344e+02 4.250902557373046875e+02 9.530675888061523438e+01
2.879999923706054688e+02 4.246674346923828125e+02 9.558279991149902344e+01
2.869999885559082031e+02 4.247909545898437500e+02 9.564825057983398438e+01
2.879999923706054688e+02 4.251674652099609375e+02 9.533864021301269531e+01
2.879999923706054688e+02 4.259999847412109375e+02 9.495137214660644531e+01
2.869999885559082031e+02 4.252909469604492188e+02 9.539525985717773438e+01
2.862513160705566406e+02 4.254089736938476562e+02 9.545319557189941406e+01
2.869999885559082031e+02 4.259999847412109375e+02 9.505977630615234375e+01
2.869999885559082031e+02 4.268915176391601562e+02 9.466450691223144531e+01
2.859507942199707031e+02 4.259199905395507812e+02 9.526522636413574219e+01
2.855846595764160156e+02 4.255333328247070312e+02 9.551605224609375000e+01
2.860652542114257812e+02 4.270854568481445312e+02 9.472255706787109375e+01
2.850000000000000000e+02 4.261753845214843750e+02 9.534578323364257812e+01
2.842744445800781250e+02 4.263671875000000000e+02 9.543601989746093750e+01
2.850000000000000000e+02 4.256753540039062500e+02 9.558505058288574219e+01
2.850000000000000000e+02 4.270000076293945312e+02 9.497545242309570312e+01
2.850000000000000000e+02 4.278419113159179688e+02 9.462966918945312500e+01
2.839646720886230469e+02 4.269398117065429688e+02 9.526297569274902344e+01
2.829999923706054688e+02 4.272852325439453125e+02 9.540185928344726562e+01
2.836077880859375000e+02 4.265663528442382812e+02 9.553095817565917969e+01
2.840964126586914062e+02 4.280974960327148438e+02 9.475334167480468750e+01
2.838273620605468750e+02 4.287673950195312500e+02 9.458662033081054688e+01
2.829999923706054688e+02 4.279999923706054688e+02 9.511408805847167969e+01
2.844940185546875000e+02 4.284957885742187500e+02 9.449840545654296875e+01
2.840964126586914062e+02 4.290604400634765625e+02 9.442079544067382812e+01
2.850000000000000000e+02 4.283419036865234375e+02 9.443967819213867188e+01
2.850000000000000000e+02 4.289999771118164062e+02 9.422024726867675781e+01
2.860652542114257812e+02 4.279760360717773438e+02 9.436547279357910156e+01
2.857754325866699219e+02 4.276267242431640625e+02 9.454874992370605469e+01
2.859999847412109375e+02 4.289999771118164062e+02 9.402179718017578125e+01
2.869999885559082031e+02 4.279999923706054688e+02 9.422462463378906250e+01
2.864421081542968750e+02 4.274757385253906250e+02 9.448967933654785156e+01
2.869999885559082031e+02 4.273915100097656250e+02 9.445445060729980469e+01
2.879999923706054688e+02 4.272715377807617188e+02 9.440524101257324219e+01
2.879999923706054688e+02 4.267715072631835938e+02 9.461273193359375000e+01
2.879999923706054688e+02 4.279999923706054688e+02 9.413077354431152344e+01
2.889999961853027344e+02 4.272019958496093750e+02 9.437720298767089844e+01
2.889999961853027344e+02 4.267020034790039062e+02 9.458324432373046875e+01
2.889999961853027344e+02 4.279999923706054688e+02 9.407745361328125000e+01
2.900000000000000000e+02 4.271854782104492188e+02 9.437228202819824219e+01
2.900000000000000000e+02 4.266854858398437500e+02 9.457529067993164062e+01
2.900000000000000000e+02 4.279999923706054688e+02 9.406992912292480469e+01
2.909999847412109375e+02 4.272188949584960938e+02 9.438838005065917969e+01
2.900000000000000000e+02 4.259999847412109375e+02 9.487226486206054688e+01
2.889999961853027344e+02 4.259999847412109375e+02 9.489000320434570312e+01
2.889999961853027344e+02 4.289999771118164062e+02 9.374372482299804688e+01
2.879999923706054688e+02 4.289999771118164062e+02 9.379325866699218750e+01
2.889999961853027344e+02 4.296537017822265625e+02 9.354348182678222656e+01
2.839999961853027344e+02 4.300000000000000000e+02 9.417268753051757812e+01
2.834340667724609375e+02 4.294340896606445312e+02 9.447853088378906250e+01
2.830604362487792969e+02 4.300963973999023438e+02 9.442079544067382812e+01
2.830604362487792969e+02 4.290604400634765625e+02 9.472175598144531250e+01
2.819999885559082031e+02 4.289999771118164062e+02 9.511408805847167969e+01
2.827674102783203125e+02 4.298273468017578125e+02 9.458662033081054688e+01
2.820974731445312500e+02 4.300963973999023438e+02 9.475334167480468750e+01
2.824958038330078125e+02 4.304940414428710938e+02 9.449840545654296875e+01
2.818459510803222656e+02 4.309999847412109375e+02 9.463227272033691406e+01
2.809398078918457031e+02 4.299646759033203125e+02 9.526297569274902344e+01
2.812852478027343750e+02 4.289999771118164062e+02 9.540185928344726562e+01
2.805663490295410156e+02 4.296077728271484375e+02 9.553095817565917969e+01
2.809999847412109375e+02 4.309999847412109375e+02 9.498172760009765625e+01
2.803734779357910156e+02 4.302744674682617188e+02 9.543601989746093750e+01
2.801984024047851562e+02 4.309999847412109375e+02 9.534946441650390625e+01
2.800240898132324219e+02 4.299646759033203125e+02 9.570748329162597656e+01
2.800000000000000000e+02 4.289999771118164062e+02 9.603912353515625000e+01
2.789810943603515625e+02 4.300559234619140625e+02 9.627412796020507812e+01
2.796984100341796875e+02 4.309999847412109375e+02 9.560155868530273438e+01
2.789999961853027344e+02 4.309999847412109375e+02 9.600174903869628906e+01
2.795577430725097656e+02 4.316532516479492188e+02 9.552931785583496094e+01
2.799346351623535156e+02 4.319919586181640625e+02 9.527874946594238281e+01
2.790640068054199219e+02 4.319919586181640625e+02 9.574724197387695312e+01
2.794400215148925781e+02 4.323199081420898438e+02 9.546569824218750000e+01
2.810886383056640625e+02 4.320730209350585938e+02 9.473067283630371094e+01
2.814810752868652344e+02 4.324550247192382812e+02 9.449177742004394531e+01
2.816321372985839844e+02 4.317883300781250000e+02 9.455223083496093750e+01
2.808899688720703125e+02 4.329999923706054688e+02 9.466908454895019531e+01
2.819792747497558594e+02 4.320730209350585938e+02 9.436384201049804688e+01
2.823459625244140625e+02 4.309999847412109375e+02 9.443967819213867188e+01
2.829999923706054688e+02 4.309999847412109375e+02 9.422024726867675781e+01
2.784640121459960938e+02 4.304265594482421875e+02 9.647537231445312500e+01
2.793506431579589844e+02 4.289999771118164062e+02 9.640609741210937500e+01
2.786351776123046875e+02 4.297599029541015625e+02 9.658752441406250000e+01
2.788506507873535156e+02 4.289999771118164062e+02 9.672825813293457031e+01
2.780051803588867188e+02 4.290957260131835938e+02 9.728084564208984375e+01
2.790218734741210938e+02 4.280341720581054688e+02 9.701102256774902344e+01
2.783419609069824219e+02 4.282365417480468750e+02 9.738348960876464844e+01
2.792518234252929688e+02 4.270000076293945312e+02 9.733262062072753906e+01
2.794990158081054688e+02 4.284984970092773438e+02 9.649937629699707031e+01
2.785447311401367188e+02 4.275698852539062500e+02 9.753133773803710938e+01
2.797400856018066406e+02 4.278318405151367188e+02 9.663856506347656250e+01
2.800440597534179688e+02 4.270348358154296875e+02 9.683256149291992188e+01
2.800440597534179688e+02 4.280990982055664062e+02 9.635568618774414062e+01
2.804067611694335938e+02 4.273914337158203125e+02 9.644702911376953125e+01
2.810883712768554688e+02 4.280862426757812500e+02 9.582921028137207031e+01
2.810348510742187500e+02 4.270348358154296875e+02 9.630957603454589844e+01
2.814806365966796875e+02 4.284770965576171875e+02 9.549098968505859375e+01
2.807852363586425781e+02 4.289999771118164062e+02 9.563302993774414062e+01
2.818104362487792969e+02 4.278104400634765625e+02 9.562190055847167969e+01
2.820862579345703125e+02 4.270883941650390625e+02 9.582921028137207031e+01
2.820862579345703125e+02 4.280862426757812500e+02 9.540700912475585938e+01
2.824770927429199219e+02 4.274806213378906250e+02 9.549098968505859375e+01
2.820798873901367188e+02 4.260401916503906250e+02 9.634768486022949219e+01
2.829999923706054688e+02 4.267852401733398438e+02 9.563302993774414062e+01
2.829999923706054688e+02 4.259999847412109375e+02 9.602068901062011719e+01
2.839646720886230469e+02 4.260203170776367188e+02 9.569549560546875000e+01
2.829999923706054688e+02 4.253069305419921875e+02 9.638765335083007812e+01
2.824664878845214844e+02 4.254764175415039062e+02 9.648602485656738281e+01
2.840077209472656250e+02 4.249596786499023438e+02 9.624680519104003906e+01
2.829999923706054688e+02 4.248069000244140625e+02 9.668269157409667969e+01
2.836795425415039062e+02 4.245994567871093750e+02 9.655891418457031250e+01
2.820798873901367188e+02 4.250858688354492188e+02 9.688415527343750000e+01
2.829977416992187500e+02 4.239604187011718750e+02 9.720540046691894531e+01
2.833295631408691406e+02 4.234011840820312500e+02 9.743208885192871094e+01
2.819999885559082031e+02 4.243222427368164062e+02 9.738632202148437500e+01
2.826629066467285156e+02 4.236007308959960938e+02 9.756565093994140625e+01
2.840077209472656250e+02 4.240500259399414062e+02 9.678509712219238281e+01
2.839999961853027344e+02 4.232213973999023438e+02 9.731218338012695312e+01
2.843461990356445312e+02 4.244166946411132812e+02 9.644980430603027344e+01
2.850000000000000000e+02 4.237582015991210938e+02 9.665509223937988281e+01
2.849793434143066406e+02 4.229364013671875000e+02 9.718636512756347656e+01
2.850000000000000000e+02 4.242581939697265625e+02 9.635751724243164062e+01
2.857462310791015625e+02 4.235942077636718750e+02 9.655595779418945312e+01
2.860477256774902344e+02 4.230809402465820312e+02 9.680947303771972656e+01
2.860477256774902344e+02 4.239565277099609375e+02 9.627925872802734375e+01
2.864128875732421875e+02 4.234682846069335938e+02 9.648023605346679688e+01
2.869999885559082031e+02 4.239999771118164062e+02 9.607643127441406250e+01
2.859507942199707031e+02 4.250453948974609375e+02 9.570075035095214844e+01
2.850000000000000000e+02 4.250000000000000000e+02 9.594256401062011719e+01
2.859999847412109375e+02 4.222830581665039062e+02 9.734487533569335938e+01
2.859999847412109375e+02 4.217830276489257812e+02 9.770672798156738281e+01
2.852989196777343750e+02 4.224128723144531250e+02 9.743716239929199219e+01
2.849793434143066406e+02 4.220477294921875000e+02 9.780639648437500000e+01
2.846322441101074219e+02 4.225606918334960938e+02 9.754181861877441406e+01
2.850000000000000000e+02 4.213111114501953125e+02 9.835162162780761719e+01
2.840316581726074219e+02 4.219665145874023438e+02 9.819680213928222656e+01
2.829999923706054688e+02 4.223073196411132812e+02 9.835305213928222656e+01
2.843861007690429688e+02 4.214437866210937500e+02 9.845535278320312500e+01
2.837194252014160156e+02 4.216108322143554688e+02 9.858642578125000000e+01
2.839999961853027344e+02 4.227214050292968750e+02 9.765448570251464844e+01
2.829977416992187500e+02 4.230406951904296875e+02 9.782182693481445312e+01
2.820668983459472656e+02 4.230073928833007812e+02 9.825466156005859375e+01
2.824448204040527344e+02 4.224655914306640625e+02 9.847323417663574219e+01
2.817781448364257812e+02 4.226789855957031250e+02 9.863603591918945312e+01
2.819999885559082031e+02 4.238222503662109375e+02 9.771340370178222656e+01
2.812968635559082031e+02 4.233456420898437500e+02 9.838554382324218750e+01
2.810623359680175781e+02 4.240504074096679688e+02 9.802965164184570312e+01
2.809011650085449219e+02 4.229249572753906250e+02 9.893931388854980469e+01
2.811721420288085938e+02 4.222592163085937500e+02 9.930270195007324219e+01
2.800000000000000000e+02 4.232157135009765625e+02 9.927679061889648438e+01
2.805054664611816406e+02 4.225042343139648438e+02 9.950347900390625000e+01
2.806301879882812500e+02 4.236051940917968750e+02 9.857591629028320312e+01
2.799440002441406250e+02 4.239630889892578125e+02 9.874959945678710938e+01
2.790677261352539062e+02 4.240657043457031250e+02 9.927792549133300781e+01
2.802400016784667969e+02 4.242718505859375000e+02 9.834042549133300781e+01
2.795733261108398438e+02 4.245693588256835938e+02 9.854694366455078125e+01
2.789538955688476562e+02 4.249416351318359375e+02 9.874173164367675781e+01
2.800037765502929688e+02 4.250037765502929688e+02 9.800093650817871094e+01
2.792565155029296875e+02 4.252360534667968750e+02 9.832812309265136719e+01
2.804342079162597656e+02 4.254381942749023438e+02 9.746108055114746094e+01
2.797675514221191406e+02 4.257829284667968750e+02 9.766145706176757812e+01
2.808277893066406250e+02 4.247715377807617188e+02 9.767375946044921875e+01
2.810966682434082031e+02 4.250629043579101562e+02 9.735000610351562500e+01
2.814944648742675781e+02 4.244955825805664062e+02 9.749710083007812500e+01
2.810348510742187500e+02 4.260401916503906250e+02 9.681820869445800781e+01
2.807247543334960938e+02 4.267247772216796875e+02 9.661077499389648438e+01
2.817998313903808594e+02 4.257336425781250000e+02 9.662515640258789062e+01
2.800605201721191406e+02 4.260697555541992188e+02 9.732607841491699219e+01
2.813914299011230469e+02 4.264003372192382812e+02 9.644702911376953125e+01
2.794576835632324219e+02 4.264495849609375000e+02 9.747159957885742188e+01
2.790237617492675781e+02 4.260288238525390625e+02 9.801396369934082031e+01
2.785898399353027344e+02 4.256080627441406250e+02 9.856616020202636719e+01
2.787518119812011719e+02 4.270000076293945312e+02 9.767334938049316406e+01
2.783299446105957031e+02 4.262747192382812500e+02 9.836647033691406250e+01
2.779979705810546875e+02 4.270507431030273438e+02 9.821285247802734375e+01
2.779207801818847656e+02 4.258951950073242188e+02 9.893372535705566406e+01
2.772825050354003906e+02 4.261823272705078125e+02 9.930130004882812500e+01
2.782190895080566406e+02 4.250000000000000000e+02 9.926694869995117188e+01
2.775115966796875000e+02 4.255156326293945312e+02 9.951032638549804688e+01
2.776632881164550781e+02 4.267512512207031250e+02 9.863463401794433594e+01
2.770331001281738281e+02 4.270586776733398438e+02 9.903059005737304688e+01
2.764265251159667969e+02 4.273661041259765625e+02 9.942653656005859375e+01
2.774503517150878906e+02 4.274179077148437500e+02 9.845695495605468750e+01
2.766158485412597656e+02 4.266994094848632812e+02 9.961430549621582031e+01
2.767899894714355469e+02 4.279999923706054688e+02 9.876628875732421875e+01
2.766029739379882812e+02 4.287141418457031250e+02 9.859518051147460938e+01
2.762662696838378906e+02 4.279999923706054688e+02 9.926628112792968750e+01
2.772900009155273438e+02 4.279999923706054688e+02 9.831786155700683594e+01
2.770496940612792969e+02 4.291035079956054688e+02 9.804056167602539062e+01
2.780051803588867188e+02 4.279419326782226562e+02 9.777308464050292969e+01
2.776753044128417969e+02 4.288262176513671875e+02 9.763352394104003906e+01
2.774963951110839844e+02 4.294929122924804688e+02 9.749706268310546875e+01
2.764442253112792969e+02 4.293807983398437500e+02 9.844760894775390625e+01
2.763102722167968750e+02 4.300000000000000000e+02 9.832240104675292969e+01
2.760196876525878906e+02 4.290474700927734375e+02 9.901970863342285156e+01
2.754475975036621094e+02 4.293807983398437500e+02 9.944423675537109375e+01
2.755951690673828125e+02 4.287141418457031250e+02 9.960298538208007812e+01
2.758102798461914062e+02 4.300000000000000000e+02 9.881028175354003906e+01
2.756270599365234375e+02 4.309999847412109375e+02 9.862708091735839844e+01
2.753223800659179688e+02 4.300000000000000000e+02 9.931028366088867188e+01
2.748223876953125000e+02 4.300000000000000000e+02 9.988022804260253906e+01
2.751501846313476562e+02 4.309999847412109375e+02 9.912707328796386719e+01
2.746501922607421875e+02 4.309999847412109375e+02 9.967949867248535156e+01
2.749982833862304688e+02 4.320029067993164062e+02 9.899976730346679688e+01
2.745513343811035156e+02 4.317124557495117188e+02 9.956210136413574219e+01
2.744710540771484375e+02 4.323791122436523438e+02 9.946624755859375000e+01
2.742464256286621094e+02 4.309999847412109375e+02 1.001795005798339844e+02
2.750405502319335938e+02 4.291035079956054688e+02 1.000496959686279297e+02
2.746335029602050781e+02 4.288262176513671875e+02 1.006726551055908203e+02
2.744970512390136719e+02 4.294929122924804688e+02 1.004964065551757812e+02
2.753178405761718750e+02 4.279999923706054688e+02 1.002900028228759766e+02
2.754569435119628906e+02 4.274158477783203125e+02 1.004503631591796875e+02
2.747699737548828125e+02 4.279352569580078125e+02 1.010035896301269531e+02
2.757662773132324219e+02 4.279999923706054688e+02 9.979000091552734375e+01
2.760284423828125000e+02 4.270576477050781250e+02 1.000323295593261719e+02
2.756303596496582031e+02 4.267491912841796875e+02 1.006539440155029297e+02
2.762970161437988281e+02 4.261734008789062500e+02 1.002809715270996094e+02
2.759226417541503906e+02 4.258771896362304688e+02 1.009126949310302734e+02
2.768935012817382812e+02 4.258445358276367188e+02 9.989564895629882812e+01
2.765044784545898438e+02 4.255067062377929688e+02 1.005047702789306641e+02
2.771851539611816406e+02 4.250000000000000000e+02 1.001910591125488281e+02
2.774090766906738281e+02 4.243911361694335938e+02 1.004110813140869141e+02
2.766851615905761719e+02 4.250000000000000000e+02 1.006957435607910156e+02
2.777190780639648438e+02 4.250000000000000000e+02 9.969105720520019531e+01
2.780747604370117188e+02 4.240836334228515625e+02 1.000642204284667969e+02
2.783690261840820312e+02 4.233625793457031250e+02 1.003840255737304688e+02
2.784471702575683594e+02 4.244428253173828125e+02 9.945644378662109375e+01
2.777023506164550781e+02 4.237244415283203125e+02 1.006920051574707031e+02
2.787795448303222656e+02 4.237761688232421875e+02 9.971735954284667969e+01
2.790777778625488281e+02 4.230729675292968750e+02 1.000599479675292969e+02
2.794462203979492188e+02 4.234500122070312500e+02 9.945981025695800781e+01
2.787093353271484375e+02 4.226959228515625000e+02 1.006731033325195312e+02
2.800000000000000000e+02 4.227156829833984375e+02 9.967950820922851562e+01
2.793760108947753906e+02 4.223944091796875000e+02 1.004025363922119141e+02
2.790352821350097656e+02 4.220315933227539062e+02 1.010288333892822266e+02
2.800706481933593750e+02 4.220366668701171875e+02 1.002219009399414062e+02
2.797844123840332031e+02 4.217277526855468750e+02 1.007178974151611328e+02
2.809032821655273438e+02 4.219555282592773438e+02 9.972815513610839844e+01
2.804510688781738281e+02 4.214616394042968750e+02 1.004638195037841797e+02
2.801134681701660156e+02 4.210890960693359375e+02 1.010866069793701172e+02
2.809999847412109375e+02 4.212654113769531250e+02 1.002825832366943359e+02
2.809999847412109375e+02 4.207654190063476562e+02 1.007595443725585938e+02
2.819560050964355469e+02 4.209738540649414062e+02 9.997366905212402344e+01
2.822643470764160156e+02 4.203627014160156250e+02 1.003677177429199219e+02
2.823143196105957031e+02 4.213887405395507812e+02 9.940359115600585938e+01
2.815976715087890625e+02 4.205589294433593750e+02 1.005574226379394531e+02
2.816476440429687500e+02 4.215925598144531250e+02 9.957962989807128906e+01
2.829999923706054688e+02 4.206963729858398438e+02 9.967720985412597656e+01
2.829999923706054688e+02 4.211963653564453125e+02 9.924250602722167969e+01
2.835823249816894531e+02 4.205397796630859375e+02 9.953522682189941406e+01
2.829999923706054688e+02 4.201630401611328125e+02 1.001772117614746094e+02
2.829999923706054688e+02 4.196630477905273438e+02 1.006678962707519531e+02
2.838977432250976562e+02 4.199521255493164062e+02 9.995289802551269531e+01
2.842490005493164062e+02 4.203829193115234375e+02 9.939479827880859375e+01
2.835464668273925781e+02 4.195213317871093750e+02 1.005219745635986328e+02
2.850000000000000000e+02 4.197255325317382812e+02 9.971205711364746094e+01
2.842131423950195312e+02 4.193731689453125000e+02 1.003705692291259766e+02
2.839136695861816406e+02 4.189615631103515625e+02 1.009572124481201172e+02
2.850000000000000000e+02 4.192171478271484375e+02 1.002120590209960938e+02
2.850000000000000000e+02 4.187171554565429688e+02 1.007376003265380859e+02
2.861192131042480469e+02 4.190337371826171875e+02 1.000327587127685547e+02
2.864479446411132812e+02 4.194844818115234375e+02 9.948538780212402344e+01
2.857905006408691406e+02 4.185830307006835938e+02 1.005910301208496094e+02
2.857812690734863281e+02 4.195844650268554688e+02 9.957884788513183594e+01
2.869999885559082031e+02 4.189242935180664062e+02 9.992450714111328125e+01
2.864571762084960938e+02 4.184875106811523438e+02 1.004866790771484375e+02
2.860742950439453125e+02 4.181806564331054688e+02 1.009546184539794922e+02
2.869999885559082031e+02 4.184288406372070312e+02 1.004245090484619141e+02
2.869768905639648438e+02 4.178591156005859375e+02 1.010698986053466797e+02
2.879999923706054688e+02 4.183375930786132812e+02 1.003295040130615234e+02
2.879999923706054688e+02 4.178376007080078125e+02 1.008786296844482422e+02
2.879999923706054688e+02 4.188354110717773438e+02 9.982950210571289062e+01
2.889999961853027344e+02 4.182710647583007812e+02 1.002619171142578125e+02
2.889999961853027344e+02 4.177710723876953125e+02 1.008004665374755859e+02
2.889999961853027344e+02 4.187716293334960938e+02 9.976191520690917969e+01
2.900000000000000000e+02 4.182352828979492188e+02 1.002273178100585938e+02
2.900000000000000000e+02 4.177352905273437500e+02 1.007583045959472656e+02
2.900000000000000000e+02 4.187388229370117188e+02 9.972731590270996094e+01
2.909999847412109375e+02 4.182250976562500000e+02 1.002218914031982422e+02
2.909999847412109375e+02 4.177251052856445312e+02 1.007439136505126953e+02
2.909999847412109375e+02 4.187365341186523438e+02 9.972189903259277344e+01
2.919999885559082031e+02 4.182269668579101562e+02 1.002296447753906250e+02
2.919999885559082031e+02 4.177269744873046875e+02 1.007419395446777344e+02
2.919999885559082031e+02 4.187487411499023438e+02 9.972964286804199219e+01
2.929999923706054688e+02 4.182478713989257812e+02 1.002540206909179688e+02
2.929999923706054688e+02 4.177478790283203125e+02 1.007604217529296875e+02
2.929999923706054688e+02 4.187797164916992188e+02 9.975401878356933594e+01
2.939999961853027344e+02 4.182995223999023438e+02 1.003068351745605469e+02
2.939999961853027344e+02 4.177995300292968750e+02 1.008106994628906250e+02
2.939999961853027344e+02 4.188440322875976562e+02 9.980683326721191406e+01
2.950000000000000000e+02 4.183858108520507812e+02 1.003914642333984375e+02
2.950000000000000000e+02 4.178858184814453125e+02 1.008952140808105469e+02
2.950906562805175781e+02 4.190546035766601562e+02 9.981507301330566406e+01
2.956366157531738281e+02 4.184582138061523438e+02 1.004606628417968750e+02
2.959619331359863281e+02 4.180086135864257812e+02 1.010103607177734375e+02
2.962872505187988281e+02 4.175590133666992188e+02 1.015653705596923828e+02
2.963032722473144531e+02 4.185616302490234375e+02 1.005569744110107422e+02
2.969999885559082031e+02 4.181734466552734375e+02 1.011725902557373047e+02
2.956205940246582031e+02 4.174666976928710938e+02 1.014637470245361328e+02
2.950000000000000000e+02 4.174040222167968750e+02 1.013952064514160156e+02
2.939999961853027344e+02 4.173267745971679688e+02 1.013107013702392578e+02
2.929999923706054688e+02 4.172814559936523438e+02 1.012604236602783203e+02
2.939999961853027344e+02 4.168267822265625000e+02 1.018849849700927734e+02
2.929999923706054688e+02 4.167814636230468750e+02 1.018279838562011719e+02
2.919999885559082031e+02 4.167664337158203125e+02 1.018080902099609375e+02
2.919999885559082031e+02 4.163387298583984375e+02 1.023080921173095703e+02
2.919999885559082031e+02 4.172664642333984375e+02 1.012419414520263672e+02
2.909999847412109375e+02 4.167703628540039062e+02 1.018151855468750000e+02
2.909999847412109375e+02 4.172703933715820312e+02 1.012439155578613281e+02
2.909999847412109375e+02 4.163451766967773438e+02 1.023151874542236328e+02
2.900000000000000000e+02 4.167858886718750000e+02 1.018416404724121094e+02
2.889999961853027344e+02 4.168254470825195312e+02 1.018984127044677734e+02
2.900000000000000000e+02 4.172858810424804688e+02 1.012583065032958984e+02
2.889999961853027344e+02 4.173254394531250000e+02 1.013004684448242188e+02
2.879999923706054688e+02 4.173949050903320312e+02 1.013786315917968750e+02
2.879861259460449219e+02 4.168308639526367188e+02 1.020750141143798828e+02
2.872948265075683594e+02 4.174569702148437500e+02 1.014498329162597656e+02
2.869768905639648438e+02 4.171481704711914062e+02 1.019197750091552734e+02
2.866281700134277344e+02 4.175267410278320312e+02 1.015329551696777344e+02
2.859999847412109375e+02 4.176102066040039062e+02 1.016367912292480469e+02
2.850000000000000000e+02 4.177687454223632812e+02 1.018354225158691406e+02
2.840239143371582031e+02 4.180077362060546875e+02 1.020117950439453125e+02
2.850000000000000000e+02 4.182687377929687500e+02 1.012376022338867188e+02
2.842808914184570312e+02 4.184048080444335938e+02 1.013924407958984375e+02
2.836142158508300781e+02 4.185499191284179688e+02 1.015591335296630859e+02
2.829999923706054688e+02 4.186973953247070312e+02 1.017339801788330078e+02
2.819949340820312500e+02 4.189967727661132812e+02 1.019961357116699219e+02
2.829999923706054688e+02 4.191973876953125000e+02 1.011678981781005859e+02
2.822802543640136719e+02 4.193799209594726562e+02 1.013685607910156250e+02
2.819389724731445312e+02 4.199637603759765625e+02 1.009629917144775391e+02
2.816135978698730469e+02 4.195647811889648438e+02 1.015727615356445312e+02
2.809999847412109375e+02 4.202656555175781250e+02 1.012595462799072266e+02
2.804425239562988281e+02 4.204560852050781250e+02 1.014553070068359375e+02
2.809999847412109375e+02 4.197656631469726562e+02 1.017966461181640625e+02
2.801316452026367188e+02 4.200967025756835938e+02 1.021085739135742188e+02
2.809999847412109375e+02 4.193284606933593750e+02 1.022966480255126953e+02
2.804874229431152344e+02 4.194909667968750000e+02 1.024894332885742188e+02
2.809612274169921875e+02 4.188009262084960938e+02 1.029881763458251953e+02
2.800924491882324219e+02 4.193105697631835938e+02 1.030722808837890625e+02
2.817095947265625000e+02 4.186136627197265625e+02 1.026469707489013672e+02
2.798207473754882812e+02 4.197373580932617188e+02 1.027871417999267578e+02
2.794519805908203125e+02 4.194630813598632812e+02 1.034538078308105469e+02
2.790827560424804688e+02 4.200653076171875000e+02 1.030794715881347656e+02
2.783785820007324219e+02 4.203932571411132812e+02 1.033718013763427734e+02
2.793801879882812500e+02 4.204040145874023438e+02 1.023943805694580078e+02
2.787853240966796875e+02 4.197266006469726562e+02 1.037918567657470703e+02
2.787135124206542969e+02 4.206787490844726562e+02 1.027051353454589844e+02
2.780225181579589844e+02 4.210223770141601562e+02 1.030259609222412109e+02
2.790373611450195312e+02 4.210309982299804688e+02 1.020328521728515625e+02
2.783331108093261719e+02 4.213454437255859375e+02 1.023379898071289062e+02
2.793612289428710938e+02 4.213832473754882812e+02 1.013845729827880859e+02
2.786945533752441406e+02 4.216687393188476562e+02 1.016713237762451172e+02
2.797758674621582031e+02 4.207165908813476562e+02 1.017277145385742188e+02
2.779972648620605469e+02 4.219996643066406250e+02 1.019997024536132812e+02
2.783280754089355469e+02 4.223354339599609375e+02 1.013397693634033203e+02
2.776664543151855469e+02 4.216638946533203125e+02 1.026801204681396484e+02
2.773412132263183594e+02 4.223305511474609375e+02 1.023280811309814453e+02
2.776613998413085938e+02 4.226737976074218750e+02 1.016614151000976562e+02
2.780152130126953125e+02 4.230181884765625000e+02 1.010158824920654297e+02
2.770189285278320312e+02 4.230251312255859375e+02 1.020235347747802734e+02
2.773633193969726562e+02 4.233404541015625000e+02 1.013586711883544922e+02
2.766745567321777344e+02 4.227098083496093750e+02 1.027064418792724609e+02
2.766966438293457031e+02 4.237437438964843750e+02 1.017189884185791016e+02
2.764031219482421875e+02 4.233764648437500000e+02 1.023856544494628906e+02
2.760842323303222656e+02 4.241200256347656250e+02 1.021078491210937500e+02
2.760674285888671875e+02 4.230913543701171875e+02 1.030900096893310547e+02
2.763983917236328125e+02 4.223829269409179688e+02 1.033731079101562500e+02
2.754802322387695312e+02 4.234729385375976562e+02 1.034735679626464844e+02
2.757317161560058594e+02 4.228062820434570312e+02 1.038186740875244141e+02
2.757364463806152344e+02 4.238296127319335938e+02 1.028069019317626953e+02
2.753421974182128906e+02 4.240977859497070312e+02 1.030841445922851562e+02
2.754974174499511719e+02 4.244962692260742188e+02 1.024967002868652344e+02
2.747976875305175781e+02 4.239862060546875000e+02 1.039877986907958984e+02
2.748302078247070312e+02 4.249952697753906250e+02 1.030109691619873047e+02
2.753432464599609375e+02 4.250000000000000000e+02 1.022932910919189453e+02
2.745926856994628906e+02 4.246587753295898438e+02 1.036463356018066406e+02
2.746269035339355469e+02 4.257342910766601562e+02 1.026849460601806641e+02
2.744009399414062500e+02 4.253254318237304688e+02 1.033516120910644531e+02
2.749909973144531250e+02 4.259909820556640625e+02 1.019934082031250000e+02
2.753550910949707031e+02 4.262476730346679688e+02 1.013206100463867188e+02
2.744474220275878906e+02 4.264009475708007812e+02 1.024258041381835938e+02
2.746609497070312500e+02 4.270000076293945312e+02 1.017216300964355469e+02
2.755482673645019531e+02 4.255809783935546875e+02 1.015610218048095703e+02
2.757352066040039062e+02 4.250000000000000000e+02 1.017932891845703125e+02
2.762351989746093750e+02 4.250000000000000000e+02 1.011957454681396484e+02
2.764319992065429688e+02 4.244104385375976562e+02 1.014228916168212891e+02
2.770528602600097656e+02 4.240674209594726562e+02 1.010574436187744141e+02
2.752029228210449219e+02 4.270494842529296875e+02 1.009923648834228516e+02
2.745261573791503906e+02 4.275587463378906250e+02 1.015363693237304688e+02
2.745899009704589844e+02 4.236436843872070312e+02 1.046532440185546875e+02
2.743851852416992188e+02 4.243103790283203125e+02 1.043130016326904297e+02
2.753358650207519531e+02 4.230837631225585938e+02 1.040912055969238281e+02
2.754896545410156250e+02 4.224871063232421875e+02 1.044853401184082031e+02
2.748179054260253906e+02 4.230049133300781250e+02 1.049919414520263672e+02
2.746169471740722656e+02 4.226748657226562500e+02 1.057139205932617188e+02
2.753299522399902344e+02 4.222820663452148438e+02 1.050000000000000000e+02
2.743975830078125000e+02 4.233415222167968750e+02 1.053199100494384766e+02
2.757333564758300781e+02 4.217820358276367188e+02 1.050000000000000000e+02
2.762333679199218750e+02 4.212006378173828125e+02 1.050000000000000000e+02
2.760820198059082031e+02 4.221016693115234375e+02 1.041152572631835938e+02
2.755454826354980469e+02 4.215556335449218750e+02 1.055752277374267578e+02
2.759218025207519531e+02 4.209137344360351562e+02 1.058775615692138672e+02
2.753487014770507812e+02 4.213181686401367188e+02 1.062418937683105469e+02
2.764323234558105469e+02 4.214248657226562500e+02 1.044118404388427734e+02
2.767009162902832031e+02 4.217162704467773438e+02 1.037451744079589844e+02
2.770210647583007812e+02 4.220233917236328125e+02 1.030266189575195312e+02
2.770594406127929688e+02 4.210620880126953125e+02 1.040739917755126953e+02
2.774179840087890625e+02 4.204216003417968750e+02 1.044028091430664062e+02
2.773675727844238281e+02 4.213659667968750000e+02 1.033467864990234375e+02
2.777119255065917969e+02 4.206993103027343750e+02 1.037361431121826172e+02
2.766952323913574219e+02 4.207006454467773438e+02 1.050000000000000000e+02
2.823762702941894531e+02 4.184339141845703125e+02 1.024195098876953125e+02
2.948177528381347656e+02 4.194243240356445312e+02 9.943541526794433594e+01
2.939999961853027344e+02 4.193440246582031250e+02 9.936524391174316406e+01
2.929999923706054688e+02 4.192797088623046875e+02 9.930616378784179688e+01
2.940789413452148438e+02 4.200619125366210938e+02 9.879573822021484375e+01
2.937982559204101562e+02 4.204365158081054688e+02 9.844998359680175781e+01
2.929999923706054688e+02 4.198731613159179688e+02 9.880616188049316406e+01
2.944649124145507812e+02 4.205081939697265625e+02 9.850589752197265625e+01
2.919999885559082031e+02 4.198256683349609375e+02 9.877523422241210938e+01
2.919999885559082031e+02 4.192487716674804688e+02 9.927523612976074219e+01
2.909999847412109375e+02 4.198030090332031250e+02 9.876194000244140625e+01
2.909999847412109375e+02 4.192365264892578125e+02 9.926194190979003906e+01
2.900000000000000000e+02 4.198012924194335938e+02 9.876287460327148438e+01
2.900000000000000000e+02 4.192388153076171875e+02 9.926287651062011719e+01
2.889999961853027344e+02 4.198332977294921875e+02 9.879131317138671875e+01
2.879999923706054688e+02 4.198967742919921875e+02 9.884787559509277344e+01
2.889999961853027344e+02 4.192716217041015625e+02 9.929131507873535156e+01
2.889999961853027344e+02 4.203333282470703125e+02 9.835899353027343750e+01
2.879999923706054688e+02 4.203967666625976562e+02 9.841256141662597656e+01
2.872959327697753906e+02 4.204555130004882812e+02 9.846227645874023438e+01
2.880599594116210938e+02 4.210936355590820312e+02 9.784967422485351562e+01
2.869775581359863281e+02 4.209176254272460938e+02 9.815427780151367188e+01
2.866292762756347656e+02 4.205294036865234375e+02 9.852393150329589844e+01
2.869999885559082031e+02 4.216318511962890625e+02 9.759613990783691406e+01
2.859999847412109375e+02 4.211252975463867188e+02 9.820672035217285156e+01
2.859999847412109375e+02 4.206253051757812500e+02 9.860192298889160156e+01
2.860687637329101562e+02 4.199506759643554688e+02 9.917277336120605469e+01
2.850000000000000000e+02 4.208110809326171875e+02 9.875507354736328125e+01
2.850000000000000000e+02 4.202255249023437500e+02 9.925507545471191406e+01
2.839842224121093750e+02 4.209917831420898438e+02 9.899061203002929688e+01
2.869775581359863281e+02 4.200733184814453125e+02 9.885780334472656250e+01
2.869999885559082031e+02 4.194242858886718750e+02 9.942930221557617188e+01
2.879999923706054688e+02 4.193354415893554688e+02 9.934787750244140625e+01
2.829999923706054688e+02 4.218073272705078125e+02 9.874251365661621094e+01
2.820462417602539062e+02 4.220290756225585938e+02 9.901981353759765625e+01
2.743796157836914062e+02 4.282254028320312500e+02 1.013393211364746094e+02
2.909999847412109375e+02 4.220000076293945312e+02 9.704360008239746094e+01
2.962406349182128906e+02 4.226382827758789062e+02 9.757690429687500000e+01
2.959881019592285156e+02 4.240463638305664062e+02 9.674682617187500000e+01
2.967905426025390625e+02 4.233049774169921875e+02 9.739259719848632812e+01
2.970743179321289062e+02 4.239189147949218750e+02 9.718068122863769531e+01
2.974571990966796875e+02 4.235314941406250000e+02 9.751596450805664062e+01
2.979999923706054688e+02 4.242638778686523438e+02 9.738241195678710938e+01
2.970415878295898438e+02 4.249778366088867188e+02 9.666791915893554688e+01
2.963135147094726562e+02 4.246297454833984375e+02 9.655887603759765625e+01
2.974026489257812500e+02 4.255968856811523438e+02 9.653799057006835938e+01
2.979999923706054688e+02 4.250000000000000000e+02 9.705025672912597656e+01
2.967359733581542969e+02 4.252964401245117188e+02 9.640811920166015625e+01
2.959881019592285156e+02 4.249778366088867188e+02 9.629787445068359375e+01
2.956468582153320312e+02 4.244105911254882812e+02 9.645346641540527344e+01
2.950000000000000000e+02 4.250000000000000000e+02 9.599378585815429688e+01
2.939932060241699219e+02 4.250547027587890625e+02 9.571526527404785156e+01
2.950000000000000000e+02 4.242366790771484375e+02 9.636181831359863281e+01
2.939932632446289062e+02 4.239429855346679688e+02 9.627059936523437500e+01
2.929999923706054688e+02 4.248007583618164062e+02 9.564232826232910156e+01
2.985128974914550781e+02 4.244869613647460938e+02 9.749354362487792969e+01
2.998235893249511719e+02 4.222144317626953125e+02 9.932780265808105469e+01
3.004902458190917969e+02 4.225098800659179688e+02 9.950531005859375000e+01
2.990642738342285156e+02 4.219286727905273438e+02 9.911805152893066406e+01
2.987737846374511719e+02 4.213035964965820312e+02 9.936714172363281250e+01
2.994404602050781250e+02 4.215477752685546875e+02 9.952945709228515625e+01
2.979653930664062500e+02 4.209821319580078125e+02 9.923077583312988281e+01
2.734994888305664062e+02 4.224992370605468750e+02 1.084986209869384766e+02
2.724356269836425781e+02 4.253580093383789062e+02 1.073282909393310547e+02
2.725872230529785156e+02 4.246913528442382812e+02 1.077722835540771484e+02
2.725613212585449219e+02 4.256457519531250000e+02 1.066616249084472656e+02
2.722970008850097656e+02 4.259874343872070312e+02 1.069969749450683594e+02
2.724219131469726562e+02 4.263124084472656250e+02 1.063136005401611328e+02
2.719614982604980469e+02 4.259999847412109375e+02 1.080000019073486328e+02
2.716778373718261719e+02 4.260361480712890625e+02 1.089979076385498047e+02
2.716189575195312500e+02 4.269688796997070312e+02 1.079438877105712891e+02
2.723512649536132812e+02 4.250148010253906250e+02 1.080633735656738281e+02
2.720981407165527344e+02 4.250000000000000000e+02 1.090000057220458984e+02
2.724804496765136719e+02 4.244600677490234375e+02 1.084389495849609375e+02
2.724055099487304688e+02 4.242991256713867188e+02 1.090000057220458984e+02
2.726454925537109375e+02 4.237991333007812500e+02 1.090000057220458984e+02
2.718702125549316406e+02 4.250000000000000000e+02 1.100000000000000000e+02
2.716708755493164062e+02 4.250550842285156250e+02 1.109818363189697266e+02
2.715816116333007812e+02 4.257124328613281250e+02 1.100000000000000000e+02
2.713909912109375000e+02 4.262124252319335938e+02 1.100000000000000000e+02
2.715213394165039062e+02 4.255563354492187500e+02 1.106363964080810547e+02
2.713278198242187500e+02 4.259337997436523438e+02 1.109818363189697266e+02
2.714691352844238281e+02 4.254251480102539062e+02 1.113030624389648438e+02
2.711674880981445312e+02 4.259999847412109375e+02 1.119999980926513672e+02
2.709535789489746094e+02 4.270000076293945312e+02 1.110000038146972656e+02
2.711178398132324219e+02 4.270000076293945312e+02 1.100000000000000000e+02
2.708259773254394531e+02 4.270000076293945312e+02 1.119999980926513672e+02
2.706279945373535156e+02 4.280495452880859375e+02 1.109871768951416016e+02
2.705826759338378906e+02 4.277825164794921875e+02 1.119999980926513672e+02
2.705191230773925781e+02 4.285804367065429688e+02 1.106452846527099609e+02
2.704752159118652344e+02 4.284159469604492188e+02 1.113119506835937500e+02
2.707995414733886719e+02 4.279999923706054688e+02 1.100000000000000000e+02
2.710022735595703125e+02 4.279999923706054688e+02 1.090000057220458984e+02
2.705727005004882812e+02 4.287884521484375000e+02 1.100000000000000000e+02
2.706747245788574219e+02 4.290824890136718750e+02 1.090783596038818359e+02
2.704496955871582031e+02 4.292884826660156250e+02 1.100000000000000000e+02
2.704924964904785156e+02 4.294708633422851562e+02 1.094639301300048828e+02
2.703093147277832031e+02 4.300000000000000000e+02 1.100000000000000000e+02
2.703928375244140625e+02 4.289482498168945312e+02 1.109871768951416016e+02
2.702772903442382812e+02 4.289999771118164062e+02 1.119999980926513672e+02
2.701894950866699219e+02 4.300000000000000000e+02 1.110000038146972656e+02
2.701120185852050781e+02 4.300000000000000000e+02 1.119999980926513672e+02
2.700595474243164062e+02 4.309999847412109375e+02 1.110000038146972656e+02
2.701583671569824219e+02 4.309999847412109375e+02 1.100000000000000000e+02
2.700066566467285156e+02 4.309999847412109375e+02 1.119999980926513672e+02
2.699918556213378906e+02 4.320000076293945312e+02 1.110000038146972656e+02
2.700742721557617188e+02 4.320000076293945312e+02 1.100000000000000000e+02
2.699598121643066406e+02 4.320000076293945312e+02 1.119999980926513672e+02
2.699743270874023438e+02 4.329999923706054688e+02 1.110000038146972656e+02
2.700510215759277344e+02 4.329999923706054688e+02 1.100000000000000000e+02
2.699503707885742188e+02 4.329999923706054688e+02 1.119999980926513672e+02
2.699453353881835938e+02 4.329999923706054688e+02 1.130000019073486328e+02
2.699453353881835938e+02 4.329999923706054688e+02 1.140000057220458984e+02
2.699478530883789062e+02 4.339999771118164062e+02 1.130000019073486328e+02
2.699478530883789062e+02 4.320000076293945312e+02 1.130000019073486328e+02
2.699761009216308594e+02 4.309999847412109375e+02 1.130000019073486328e+02
2.699453353881835938e+02 4.320000076293945312e+02 1.140000057220458984e+02
2.699614524841308594e+02 4.309999847412109375e+02 1.140000057220458984e+02
2.699453353881835938e+02 4.320000076293945312e+02 1.150000000000000000e+02
2.699563598632812500e+02 4.309999847412109375e+02 1.150000000000000000e+02
2.700213241577148438e+02 4.300000000000000000e+02 1.150000000000000000e+02
2.699563598632812500e+02 4.309999847412109375e+02 1.160000038146972656e+02
2.700213241577148438e+02 4.300000000000000000e+02 1.160000038146972656e+02
2.701476287841796875e+02 4.289999771118164062e+02 1.160000038146972656e+02
2.700411987304687500e+02 4.300000000000000000e+02 1.169999980926513672e+02
2.701746559143066406e+02 4.289999771118164062e+02 1.169999980926513672e+02
2.703995323181152344e+02 4.279411697387695312e+02 1.169163322448730469e+02
2.703556632995605469e+02 4.279999923706054688e+02 1.160000038146972656e+02
2.704115486145019531e+02 4.281830596923828125e+02 1.180000019073486328e+02
2.705193328857421875e+02 4.275686264038085938e+02 1.171938896179199219e+02
2.704982566833496094e+02 4.274946212768554688e+02 1.165272235870361328e+02
2.704956436157226562e+02 4.274864959716796875e+02 1.160000038146972656e+02
2.706495475769042969e+02 4.270967483520507812e+02 1.169163322448730469e+02
2.706556892395019531e+02 4.269864654541015625e+02 1.160000038146972656e+02
2.710244750976562500e+02 4.259999847412109375e+02 1.169999980926513672e+02
2.707627296447753906e+02 4.270000076293945312e+02 1.180000019073486328e+02
2.711041831970214844e+02 4.259999847412109375e+02 1.180000019073486328e+02
2.705518150329589844e+02 4.276830673217773438e+02 1.180000019073486328e+02
2.713932609558105469e+02 4.252472686767578125e+02 1.180000019073486328e+02
2.712167358398437500e+02 4.259999847412109375e+02 1.190000057220458984e+02
2.714508819580078125e+02 4.253839874267578125e+02 1.190000057220458984e+02
2.714896774291992188e+02 4.254757690429687500e+02 1.195578861236572266e+02
2.716620445251464844e+02 4.248839950561523438e+02 1.190000057220458984e+02
2.716043853759765625e+02 4.247472763061523438e+02 1.180000019073486328e+02
2.717225456237792969e+02 4.250854492187500000e+02 1.199347305297851562e+02
2.720597076416015625e+02 4.239999771118164062e+02 1.190000057220458984e+02
2.719368362426757812e+02 4.239999771118164062e+02 1.180000019073486328e+02
2.723976516723632812e+02 4.232962036132812500e+02 1.190000057220458984e+02
2.722675132751464844e+02 4.239252471923828125e+02 1.200347995758056641e+02
2.724570274353027344e+02 4.234173965454101562e+02 1.197246646881103516e+02
2.723457717895507812e+02 4.241849899291992188e+02 1.210000038146972656e+02
2.725209236145019531e+02 4.235420608520507812e+02 1.203913307189941406e+02
2.725927925109863281e+02 4.236849975585937500e+02 1.210000038146972656e+02
2.727116584777832031e+02 4.230504226684570312e+02 1.200347995758056641e+02
2.732965087890625000e+02 4.219709777832031250e+02 1.199109649658203125e+02
2.726521110534667969e+02 4.227961730957031250e+02 1.190000057220458984e+02
2.729622650146484375e+02 4.229999923706054688e+02 1.210000038146972656e+02
2.733694648742675781e+02 4.222893524169921875e+02 1.210000038146972656e+02
2.732592582702636719e+02 4.229699707031250000e+02 1.219746208190917969e+02
2.734582901000976562e+02 4.224341964721679688e+02 1.216243743896484375e+02
2.727028465270996094e+02 4.240227508544921875e+02 1.220353221893310547e+02
2.733709907531738281e+02 4.232832717895507812e+02 1.228281021118164062e+02
2.735709381103515625e+02 4.226166152954101562e+02 1.222910404205322266e+02
2.738227081298828125e+02 4.220605087280273438e+02 1.219746208190917969e+02
2.736706733703613281e+02 4.229699707031250000e+02 1.230968666076660156e+02
2.742465591430664062e+02 4.219955444335937500e+02 1.229505920410156250e+02
2.741232872009277344e+02 4.229443359375000000e+02 1.240421772003173828e+02
2.735021209716796875e+02 4.235036849975585938e+02 1.234947681427001953e+02
2.736205673217773438e+02 4.237002563476562500e+02 1.240000057220458984e+02
2.731316566467285156e+02 4.239022064208984375e+02 1.230968666076660156e+02
2.733321380615234375e+02 4.242002487182617188e+02 1.240000057220458984e+02
2.726363182067871094e+02 4.247887802124023438e+02 1.230000019073486328e+02
2.725309371948242188e+02 4.245663452148437500e+02 1.223922061920166016e+02
2.728403663635253906e+02 4.250912094116210938e+02 1.239105510711669922e+02
2.734586906433105469e+02 4.244299697875976562e+02 1.245790767669677734e+02
2.739807128906250000e+02 4.239787673950195312e+02 1.250241947174072266e+02
2.743252944946289062e+02 4.232405853271484375e+02 1.248026466369628906e+02
2.745186042785644531e+02 4.235275650024414062e+02 1.254693126678466797e+02
2.743027877807617188e+02 4.241942214965820312e+02 1.258073043823242188e+02
2.736361312866210938e+02 4.247492980957031250e+02 1.252457427978515625e+02
2.739791297912597656e+02 4.249723052978515625e+02 1.260249900817871094e+02
2.743221282958984375e+02 4.251953125000000000e+02 1.267465591430664062e+02
2.745175552368164062e+02 4.245286560058593750e+02 1.264739704132080078e+02
2.746730613708496094e+02 4.239165496826171875e+02 1.260843849182128906e+02
2.747152328491210938e+02 4.249171829223632812e+02 1.270479393005371094e+02
2.752271270751953125e+02 4.240538787841796875e+02 1.269594383239746094e+02
2.754189300537109375e+02 4.233951187133789062e+02 1.265990543365478516e+02
2.752199935913085938e+02 4.230370712280273438e+02 1.259574699401855469e+02
2.754290962219238281e+02 4.224133682250976562e+02 1.255957794189453125e+02
2.746996879577636719e+02 4.229443359375000000e+02 1.250815868377685547e+02
2.756846427917480469e+02 4.227284622192382812e+02 1.262624454498291016e+02
2.760305595397949219e+02 4.220396041870117188e+02 1.259576892852783203e+02
2.757098007202148438e+02 4.217467117309570312e+02 1.252053165435791016e+02
2.763512992858886719e+02 4.223324966430664062e+02 1.266686248779296875e+02
2.766540145874023438e+02 4.216658401489257812e+02 1.263196086883544922e+02
2.763764572143554688e+02 4.213644409179687500e+02 1.256529426574707031e+02
2.760694313049316406e+02 4.210832977294921875e+02 1.249002647399902344e+02
2.770038032531738281e+02 4.210058975219726562e+02 1.259951782226562500e+02
2.773535919189453125e+02 4.203519058227539062e+02 1.256707477569580078e+02
2.766869163513183594e+02 4.206977844238281250e+02 1.252618694305419922e+02
2.773206901550292969e+02 4.213140487670898438e+02 1.266886615753173828e+02
2.776584053039550781e+02 4.206473541259765625e+02 1.263374137878417969e+02
2.780147552490234375e+02 4.200149154663085938e+02 1.259846878051757812e+02
2.783711242675781250e+02 4.193885421752929688e+02 1.256319618225097656e+02
2.777044486999511719e+02 4.196852493286132812e+02 1.252696609497070312e+02
2.780815505981445312e+02 4.190713119506835938e+02 1.249080276489257812e+02
2.770525932312011719e+02 4.200545120239257812e+02 1.249324321746826172e+02
2.774182510375976562e+02 4.194207382202148438e+02 1.246029949188232422e+02
2.767064285278320312e+02 4.197113037109375000e+02 1.240000057220458984e+02
2.764290428161621094e+02 4.204237747192382812e+02 1.245952033996582031e+02
2.762368011474609375e+02 4.202112960815429688e+02 1.240000057220458984e+02
2.759484100341796875e+02 4.199452590942382812e+02 1.230942249298095703e+02
2.757367897033691406e+02 4.207740402221679688e+02 1.240000057220458984e+02
2.755533409118652344e+02 4.205632400512695312e+02 1.233967399597167969e+02
2.753165054321289062e+02 4.212740325927734375e+02 1.240000057220458984e+02
2.750000572204589844e+02 4.210062408447265625e+02 1.229905319213867188e+02
2.747842597961425781e+02 4.219955444335937500e+02 1.240421772003173828e+02
2.754737091064453125e+02 4.214688110351562500e+02 1.245386505126953125e+02
2.752727508544921875e+02 4.220480346679687500e+02 1.249231910705566406e+02
2.745517539978027344e+02 4.225738906860351562e+02 1.244036197662353516e+02
2.743780517578125000e+02 4.223258972167968750e+02 1.237369537353515625e+02
2.746149635314941406e+02 4.216592407226562500e+02 1.232509899139404297e+02
2.753851509094238281e+02 4.203659439086914062e+02 1.227300739288330078e+02
2.744619369506835938e+02 4.214492416381835938e+02 1.225843238830566406e+02
2.747245025634765625e+02 4.207932662963867188e+02 1.219999980926513672e+02
2.752245140075683594e+02 4.201723480224609375e+02 1.219999980926513672e+02
2.743501853942871094e+02 4.212932586669921875e+02 1.219999980926513672e+02
2.745808410644531250e+02 4.206084060668945312e+02 1.212578201293945312e+02
2.742294502258300781e+02 4.209650421142578125e+02 1.209546947479248047e+02
2.749928665161132812e+02 4.199958419799804688e+02 1.210094642639160156e+02
2.747861289978027344e+02 4.198562622070312500e+02 1.200000000000000000e+02
2.754048728942871094e+02 4.193921661376953125e+02 1.207611083984375000e+02
2.744698715209960938e+02 4.204611587524414062e+02 1.205911540985107422e+02
2.755266189575195312e+02 4.195305633544921875e+02 1.214277744293212891e+02
2.759519577026367188e+02 4.189505004882812500e+02 1.211194229125976562e+02
2.756525802612304688e+02 4.196723556518554688e+02 1.219999980926513672e+02
2.761525726318359375e+02 4.191337966918945312e+02 1.219999980926513672e+02
2.763434791564941406e+02 4.193361663818359375e+02 1.227917003631591797e+02
2.766372871398925781e+02 4.186338043212890625e+02 1.219999980926513672e+02
2.771372795104980469e+02 4.181689834594726562e+02 1.219999980926513672e+02
2.765090942382812500e+02 4.185088729858398438e+02 1.214777374267578125e+02
2.769321250915527344e+02 4.189343643188476562e+02 1.231165790557861328e+02
2.773406028747558594e+02 4.183531951904296875e+02 1.227747917175292969e+02
2.765236473083496094e+02 4.195246124267578125e+02 1.234583663940429688e+02
2.772064208984375000e+02 4.192149353027343750e+02 1.240000057220458984e+02
2.775370407104492188e+02 4.185325241088867188e+02 1.234414577484130859e+02
2.779647636413574219e+02 4.179703521728515625e+02 1.230539608001708984e+02
2.777467536926269531e+02 4.187149429321289062e+02 1.240000057220458984e+02
2.782467651367187500e+02 4.182896804809570312e+02 1.240000057220458984e+02
2.784586334228515625e+02 4.184654235839843750e+02 1.245464038848876953e+02
2.789730072021484375e+02 4.177650070190429688e+02 1.240467166900634766e+02
2.790703010559082031e+02 4.182901382446289062e+02 1.249278450012207031e+02
2.795876693725585938e+02 4.175554275512695312e+02 1.244111824035644531e+02
2.792883682250976562e+02 4.173532867431640625e+02 1.237445163726806641e+02
2.786216926574707031e+02 4.175874710083007812e+02 1.233331394195556641e+02
2.789730072021484375e+02 4.171736526489257812e+02 1.229998874664306641e+02
2.783925056457519531e+02 4.174149322509765625e+02 1.226664733886718750e+02
2.789976692199707031e+02 4.167281723022460938e+02 1.220690059661865234e+02
2.797654533386230469e+02 4.166558837890625000e+02 1.230000019073486328e+02
2.802654457092285156e+02 4.163656234741210938e+02 1.230000019073486328e+02
2.795357704162597656e+02 4.165212249755859375e+02 1.224483394622802734e+02
2.800362396240234375e+02 4.170186614990234375e+02 1.239632797241210938e+02
2.804848098754882812e+02 4.164912414550781250e+02 1.235153770446777344e+02
2.802543258666992188e+02 4.173507308959960938e+02 1.247175979614257812e+02
2.809999847412109375e+02 4.166481399536132812e+02 1.242439556121826172e+02
2.809886360168457031e+02 4.171582412719726562e+02 1.250305557250976562e+02
2.815303230285644531e+02 4.165134811401367188e+02 1.244765663146972656e+02
2.809999847412109375e+02 4.163643646240234375e+02 1.237439537048339844e+02
2.809999847412109375e+02 4.159878540039062500e+02 1.230000019073486328e+02
2.819182014465332031e+02 4.161327362060546875e+02 1.240859413146972656e+02
2.819024848937988281e+02 4.156121444702148438e+02 1.230701923370361328e+02
2.829427337646484375e+02 4.156917190551757812e+02 1.239975166320800781e+02
2.821969985961914062e+02 4.163693618774414062e+02 1.247055816650390625e+02
2.830419921875000000e+02 4.162569046020507812e+02 1.250233459472656250e+02
2.819182014465332031e+02 4.166979598999023438e+02 1.250233459472656250e+02
2.820962905883789062e+02 4.172881317138671875e+02 1.259796237945556641e+02
2.827366447448730469e+02 4.165835952758789062e+02 1.253722476959228516e+02
2.813143920898437500e+02 4.173995590209960938e+02 1.256326961517333984e+02
2.840954399108886719e+02 4.158565902709960938e+02 1.249021720886230469e+02
2.834033203125000000e+02 4.164659118652343750e+02 1.255482006072998047e+02
2.844923973083496094e+02 4.154977798461914062e+02 1.245036125183105469e+02
2.838257217407226562e+02 4.155928802490234375e+02 1.243291854858398438e+02
2.850000000000000000e+02 4.157440567016601562e+02 1.251034927368164062e+02
2.850000000000000000e+02 4.154369354248046875e+02 1.246034908294677734e+02
2.850000000000000000e+02 4.151063156127929688e+02 1.240000057220458984e+02
2.859999847412109375e+02 4.153310394287109375e+02 1.247739028930664062e+02
2.859999847412109375e+02 4.148937225341796875e+02 1.240000057220458984e+02
2.869999885559082031e+02 4.152504730224609375e+02 1.248988819122314453e+02
2.869423484802246094e+02 4.147064971923828125e+02 1.239419078826904297e+02
2.869999885559082031e+02 4.155646133422851562e+02 1.253988838195800781e+02
2.865706062316894531e+02 4.145102310180664062e+02 1.234780406951904297e+02
2.879999923706054688e+02 4.146952056884765625e+02 1.241458511352539062e+02
2.872372627258300781e+02 4.144619750976562500e+02 1.235698413848876953e+02
2.869423484802246094e+02 4.142789840698242188e+02 1.230868244171142578e+02
2.879999923706054688e+02 4.144199371337890625e+02 1.236458492279052734e+02
2.879999923706054688e+02 4.141171264648437500e+02 1.230000019073486328e+02
2.879999923706054688e+02 4.137186813354492188e+02 1.219999980926513672e+02
2.889999961853027344e+02 4.140593719482421875e+02 1.230000019073486328e+02
2.889838409423828125e+02 4.136376190185546875e+02 1.219072055816650391e+02
2.886397361755371094e+02 4.135029220581054688e+02 1.214918136596679688e+02
2.893064117431640625e+02 4.134959030151367188e+02 1.215120029449462891e+02
2.889838409423828125e+02 4.133563995361328125e+02 1.210950851440429688e+02
2.896935844421386719e+02 4.134959030151367188e+02 1.215120029449462891e+02
2.889999961853027344e+02 4.130099487304687500e+02 1.200000000000000000e+02
2.879999923706054688e+02 4.133477020263671875e+02 1.209381484985351562e+02
2.869999885559082031e+02 4.133972930908203125e+02 1.207999324798583984e+02
2.879999923706054688e+02 4.130587005615234375e+02 1.200000000000000000e+02
2.879999923706054688e+02 4.135214996337890625e+02 1.214381504058837891e+02
2.869999885559082031e+02 4.135688400268554688e+02 1.212999343872070312e+02
2.859403610229492188e+02 4.136204910278320312e+02 1.209845161437988281e+02
2.869999885559082031e+02 4.138211059570312500e+02 1.219999980926513672e+02
2.859999847412109375e+02 4.139742279052734375e+02 1.219999980926513672e+02
2.850000000000000000e+02 4.141755294799804688e+02 1.219999980926513672e+02
2.859999847412109375e+02 4.143327713012695312e+02 1.228651618957519531e+02
2.850000000000000000e+02 4.144373321533203125e+02 1.226360321044921875e+02
2.859999847412109375e+02 4.145626449584960938e+02 1.233651638031005859e+02
2.850000000000000000e+02 4.146693801879882812e+02 1.231360340118408203e+02
2.840942573547363281e+02 4.147943115234375000e+02 1.229035186767578125e+02
2.844904327392578125e+02 4.144972610473632812e+02 1.225058650970458984e+02
2.829427337646484375e+02 4.152223968505859375e+02 1.230701923370361328e+02
2.838237571716308594e+02 4.145917892456054688e+02 1.222750282287597656e+02
2.840954399108886719e+02 4.153379058837890625e+02 1.239975166320800781e+02
2.832378959655761719e+02 4.154128265380859375e+02 1.236625194549560547e+02
2.830206298828125000e+02 4.147149658203125000e+02 1.219650173187255859e+02
2.840942573547363281e+02 4.143888854980468750e+02 1.219650173187255859e+02
2.833677101135253906e+02 4.144558334350585938e+02 1.216083526611328125e+02
2.839999961853027344e+02 4.140641021728515625e+02 1.210000038146972656e+02
2.840968894958496094e+02 4.137166976928710938e+02 1.199033069610595703e+02
2.830206298828125000e+02 4.143553543090820312e+02 1.209793663024902344e+02
2.850000000000000000e+02 4.138129043579101562e+02 1.210000038146972656e+02
2.850000000000000000e+02 4.135747146606445312e+02 1.202204799652099609e+02
2.850000000000000000e+02 4.134402847290039062e+02 1.197204780578613281e+02
2.855672645568847656e+02 4.135122299194335938e+02 1.204551315307617188e+02
2.859403610229492188e+02 4.133398818969726562e+02 1.200730800628662109e+02
2.859999847412109375e+02 4.130593109130859375e+02 1.190000057220458984e+02
2.869999885559082031e+02 4.131571197509765625e+02 1.200000000000000000e+02
2.862339210510253906e+02 4.134517669677734375e+02 1.206408596038818359e+02
2.869999885559082031e+02 4.129010009765625000e+02 1.190000057220458984e+02
2.869999885559082031e+02 4.126935195922851562e+02 1.180000019073486328e+02
2.879999923706054688e+02 4.127976226806640625e+02 1.190000057220458984e+02
2.879786872863769531e+02 4.125771331787109375e+02 1.179646205902099609e+02
2.889999961853027344e+02 4.127408218383789062e+02 1.190000057220458984e+02
2.889999961853027344e+02 4.125544357299804688e+02 1.182176113128662109e+02
2.889999961853027344e+02 4.124571228027343750e+02 1.177176094055175781e+02
2.900000000000000000e+02 4.125517654418945312e+02 1.182431221008300781e+02
2.900000000000000000e+02 4.124507522583007812e+02 1.177431201934814453e+02
2.900000000000000000e+02 4.123180007934570312e+02 1.169999980926513672e+02
2.908162498474121094e+02 4.124712753295898438e+02 1.176417160034179688e+02
2.910897445678710938e+02 4.123986053466796875e+02 1.170944499969482422e+02
2.909999847412109375e+02 4.122274780273437500e+02 1.160000038146972656e+02
2.900000000000000000e+02 4.121738052368164062e+02 1.160000038146972656e+02
2.909999847412109375e+02 4.121529006958007812e+02 1.150000000000000000e+02
2.900000000000000000e+02 4.121044158935546875e+02 1.150000000000000000e+02
2.909999847412109375e+02 4.121893692016601562e+02 1.140000057220458984e+02
2.900000000000000000e+02 4.121529006958007812e+02 1.140000057220458984e+02
2.909999847412109375e+02 4.123112869262695312e+02 1.130000019073486328e+02
2.909999847412109375e+02 4.124421310424804688e+02 1.121645832061767578e+02
2.900000000000000000e+02 4.122908782958984375e+02 1.130000019073486328e+02
2.920892524719238281e+02 4.124156188964843750e+02 1.129091644287109375e+02
2.924820899963378906e+02 4.125016784667968750e+02 1.125152683258056641e+02
2.918154144287109375e+02 4.124700164794921875e+02 1.123151874542236328e+02
2.920892524719238281e+02 4.125434112548828125e+02 1.119891166687011719e+02
2.909999847412109375e+02 4.125275039672851562e+02 1.116645908355712891e+02
2.919999885559082031e+02 4.126995086669921875e+02 1.110000038146972656e+02
2.929999923706054688e+02 4.126221466064453125e+02 1.119999980926513672e+02
2.929999923706054688e+02 4.127674102783203125e+02 1.110000038146972656e+02
2.939999961853027344e+02 4.127339172363281250e+02 1.119999980926513672e+02
2.930521011352539062e+02 4.125306701660156250e+02 1.129091644287109375e+02
2.939999961853027344e+02 4.128639984130859375e+02 1.110000038146972656e+02
2.939999961853027344e+02 4.130407333374023438e+02 1.100000000000000000e+02
2.929999923706054688e+02 4.129565048217773438e+02 1.100000000000000000e+02
2.919999885559082031e+02 4.129087829589843750e+02 1.100000000000000000e+02
2.909999847412109375e+02 4.128872299194335938e+02 1.100000000000000000e+02
2.900000000000000000e+02 4.129012298583984375e+02 1.100000000000000000e+02
2.909999847412109375e+02 4.126589965820312500e+02 1.110000038146972656e+02
2.900000000000000000e+02 4.126649475097656250e+02 1.110000038146972656e+02
2.889999961853027344e+02 4.127222061157226562e+02 1.110000038146972656e+02
2.900000000000000000e+02 4.125273895263671875e+02 1.116489601135253906e+02
2.900000000000000000e+02 4.124358367919921875e+02 1.121489524841308594e+02
2.889999961853027344e+02 4.125552368164062500e+02 1.118046760559082031e+02
2.880478096008300781e+02 4.125977325439453125e+02 1.120671272277832031e+02
2.889999961853027344e+02 4.124637603759765625e+02 1.123046779632568359e+02
2.889999961853027344e+02 4.123477172851562500e+02 1.130000019073486328e+02
2.884130287170410156e+02 4.124900817871093750e+02 1.124452209472656250e+02
2.880478096008300781e+02 4.124462890625000000e+02 1.130195713043212891e+02
2.879999923706054688e+02 4.123267364501953125e+02 1.140000057220458984e+02
2.877463531494140625e+02 4.125278472900390625e+02 1.126992893218994141e+02
2.873904991149902344e+02 4.124811172485351562e+02 1.133659553527832031e+02
2.870343017578125000e+02 4.125892257690429688e+02 1.130195713043212891e+02
2.872006225585937500e+02 4.124469757080078125e+02 1.140000057220458984e+02
2.867006111145019531e+02 4.125345993041992188e+02 1.140000057220458984e+02
2.870352554321289062e+02 4.124219894409179688e+02 1.150000000000000000e+02
2.865352630615234375e+02 4.125062561035156250e+02 1.150000000000000000e+02
2.871032905578613281e+02 4.124392700195312500e+02 1.160000038146972656e+02
2.879999923706054688e+02 4.122735595703125000e+02 1.150000000000000000e+02
2.879999923706054688e+02 4.123150634765625000e+02 1.160000038146972656e+02
2.889999961853027344e+02 4.121538925170898438e+02 1.150000000000000000e+02
2.889999961853027344e+02 4.122088623046875000e+02 1.140000057220458984e+02
2.889999961853027344e+02 4.122103881835937500e+02 1.160000038146972656e+02
2.889999961853027344e+02 4.123384475708007812e+02 1.169999980926513672e+02
2.879786872863769531e+02 4.124301910400390625e+02 1.170372867584228516e+02
2.876311683654785156e+02 4.125130844116210938e+02 1.173954868316650391e+02
2.882978248596191406e+02 4.124797058105468750e+02 1.176076984405517578e+02
2.873010253906250000e+02 4.124712371826171875e+02 1.167288112640380859e+02
2.869806098937988281e+02 4.125534820556640625e+02 1.170372867584228516e+02
2.859999847412109375e+02 4.127275466918945312e+02 1.169999980926513672e+02
2.866032981872558594e+02 4.125149154663085938e+02 1.160000038146972656e+02
2.859999847412109375e+02 4.126533508300781250e+02 1.160000038146972656e+02
2.850000000000000000e+02 4.129105758666992188e+02 1.160000038146972656e+02
2.859999847412109375e+02 4.126411056518554688e+02 1.150000000000000000e+02
2.850000000000000000e+02 4.129069900512695312e+02 1.150000000000000000e+02
2.859999847412109375e+02 4.126929855346679688e+02 1.140000057220458984e+02
2.850000000000000000e+02 4.129519271850585938e+02 1.140000057220458984e+02
2.859999847412109375e+02 4.127942276000976562e+02 1.130000019073486328e+02
2.859999847412109375e+02 4.129364776611328125e+02 1.119999980926513672e+02
2.850000000000000000e+02 4.130376052856445312e+02 1.130000019073486328e+02
2.839081382751464844e+02 4.133489990234375000e+02 1.129233837127685547e+02
2.850000000000000000e+02 4.131684875488281250e+02 1.119999980926513672e+02
2.849622917175292969e+02 4.133637237548828125e+02 1.109767913818359375e+02
2.841547775268554688e+02 4.133979034423828125e+02 1.119999980926513672e+02
2.843594741821289062e+02 4.134576416015625000e+02 1.112946510314941406e+02
2.836547660827636719e+02 4.135466766357421875e+02 1.119999980926513672e+02
2.835135459899902344e+02 4.135040283203125000e+02 1.125389671325683594e+02
2.829999923706054688e+02 4.137680053710937500e+02 1.119999980926513672e+02
2.830480957031250000e+02 4.136267471313476562e+02 1.129233837127685547e+02
2.819999885559082031e+02 4.141592788696289062e+02 1.119999980926513672e+02
2.813752555847167969e+02 4.144379425048828125e+02 1.119999980926513672e+02
2.819999885559082031e+02 4.140208816528320312e+02 1.130000019073486328e+02
2.819999885559082031e+02 4.139268112182617188e+02 1.140000057220458984e+02
2.812252426147460938e+02 4.143654632568359375e+02 1.130000019073486328e+02
2.807252502441406250e+02 4.146120071411132812e+02 1.130000019073486328e+02
2.811141586303710938e+02 4.143156051635742188e+02 1.140000057220458984e+02
2.806141662597656250e+02 4.145558929443359375e+02 1.140000057220458984e+02
2.810551261901855469e+02 4.142901611328125000e+02 1.150000000000000000e+02
2.805551338195800781e+02 4.145265579223632812e+02 1.150000000000000000e+02
2.810551261901855469e+02 4.142901611328125000e+02 1.160000038146972656e+02
2.819999885559082031e+02 4.138774108886718750e+02 1.150000000000000000e+02
2.819999885559082031e+02 4.138774108886718750e+02 1.160000038146972656e+02
2.827553176879882812e+02 4.135872650146484375e+02 1.150000000000000000e+02
2.828216361999511719e+02 4.136111831665039062e+02 1.140000057220458984e+02
2.827553176879882812e+02 4.135872650146484375e+02 1.160000038146972656e+02
2.832553100585937500e+02 4.134163284301757812e+02 1.150000000000000000e+02
2.833216476440429688e+02 4.134385299682617188e+02 1.140000057220458984e+02
2.832553100585937500e+02 4.134163284301757812e+02 1.160000038146972656e+02
2.839999961853027344e+02 4.131885147094726562e+02 1.150000000000000000e+02
2.839999961853027344e+02 4.132320785522460938e+02 1.140000057220458984e+02
2.839999961853027344e+02 4.131885147094726562e+02 1.160000038146972656e+02
2.839999961853027344e+02 4.132411575317382812e+02 1.169999980926513672e+02
2.839544105529785156e+02 4.133703994750976562e+02 1.179961299896240234e+02
2.850000000000000000e+02 4.129686737060546875e+02 1.169999980926513672e+02
2.833339309692382812e+02 4.134429931640625000e+02 1.169999980926513672e+02
2.828339385986328125e+02 4.136148452758789062e+02 1.169999980926513672e+02
2.834298896789550781e+02 4.134755706787109375e+02 1.176602172851562500e+02
2.830579376220703125e+02 4.136528015136718750e+02 1.179961299896240234e+02
2.819999885559082031e+02 4.140474700927734375e+02 1.180000019073486328e+02
2.829999923706054688e+02 4.138434982299804688e+02 1.190000057220458984e+02
2.835906982421875000e+02 4.135263442993164062e+02 1.183268833160400391e+02
2.838141441345214844e+02 4.135896682739257812e+02 1.190000057220458984e+02
2.843141555786132812e+02 4.134462356567382812e+02 1.190000057220458984e+02
2.844948387145996094e+02 4.134984970092773438e+02 1.195055103302001953e+02
2.850000000000000000e+02 4.132747650146484375e+02 1.190000057220458984e+02
2.850000000000000000e+02 4.130899047851562500e+02 1.180000019073486328e+02
2.859999847412109375e+02 4.128623199462890625e+02 1.180000019073486328e+02
2.819092178344726562e+02 4.142675399780273438e+02 1.190802383422851562e+02
2.829999923706054688e+02 4.140731430053710938e+02 1.200000000000000000e+02
2.821814918518066406e+02 4.143677902221679688e+02 1.200000000000000000e+02
2.816814994812011719e+02 4.145755004882812500e+02 1.200000000000000000e+02
2.823932838439941406e+02 4.144558334350585938e+02 1.206322765350341797e+02
2.820359802246093750e+02 4.147184753417968750e+02 1.209793663024902344e+02
2.819024848937988281e+02 4.151816177368164062e+02 1.220974349975585938e+02
2.827010536193847656e+02 4.145671081542968750e+02 1.212989425659179688e+02
2.809398651123046875e+02 4.152309417724609375e+02 1.210411357879638672e+02
2.809999847412109375e+02 4.148917388916015625e+02 1.200000000000000000e+02
2.803597259521484375e+02 4.154212188720703125e+02 1.207352161407470703e+02
2.805664443969726562e+02 4.155331420898437500e+02 1.214018821716308594e+02
2.812331008911132812e+02 4.153695678710937500e+02 1.218290519714355469e+02
2.809398651123046875e+02 4.156186676025390625e+02 1.220974349975585938e+02
2.799214553833007812e+02 4.161497879028320312e+02 1.220690059661865234e+02
2.815041542053222656e+02 4.155017089843750000e+02 1.224957180023193359e+02
2.800158309936523438e+02 4.157181167602539062e+02 1.210411357879638672e+02
2.793294525146484375e+02 4.163869094848632812e+02 1.217816734313964844e+02
2.789976692199707031e+02 4.162951278686523438e+02 1.209088611602783203e+02
2.789999961853027344e+02 4.160183334350585938e+02 1.200000000000000000e+02
2.784930038452148438e+02 4.164948272705078125e+02 1.205147743225097656e+02
2.786627769470214844e+02 4.166107940673828125e+02 1.211814403533935547e+02
2.780202865600585938e+02 4.170127487182617188e+02 1.209557056427001953e+02
2.774005699157714844e+02 4.174147033691406250e+02 1.207299613952636719e+02
2.778923225402832031e+02 4.167987442016601562e+02 1.200000000000000000e+02
2.775475502014160156e+02 4.175387954711914062e+02 1.213966274261474609e+02
2.782050514221191406e+02 4.172692871093750000e+02 1.219999980926513672e+02
2.777050590515136719e+02 4.176689910888671875e+02 1.219999980926513672e+02
2.769548416137695312e+02 4.179589080810546875e+02 1.211038494110107422e+02
2.763772773742675781e+02 4.183790206909179688e+02 1.208110713958740234e+02
2.767665672302246094e+02 4.177424240112304688e+02 1.200000000000000000e+02
2.772665596008300781e+02 4.172987747192382812e+02 1.200000000000000000e+02
2.766135597229003906e+02 4.176034545898437500e+02 1.190000057220458984e+02
2.762393760681152344e+02 4.182424163818359375e+02 1.200000000000000000e+02
2.760977363586425781e+02 4.181034469604492188e+02 1.190000057220458984e+02
2.757393836975097656e+02 4.187566757202148438e+02 1.200000000000000000e+02
2.755977439880371094e+02 4.186048889160156250e+02 1.190000057220458984e+02
2.752861213684082031e+02 4.192566680908203125e+02 1.200000000000000000e+02
2.751518058776855469e+02 4.191049194335937500e+02 1.190000057220458984e+02
2.750089645385742188e+02 4.190104293823242188e+02 1.179465389251708984e+02
2.746518135070800781e+02 4.196918869018554688e+02 1.190000057220458984e+02
2.742666816711425781e+02 4.201918792724609375e+02 1.190000057220458984e+02
2.745591163635253906e+02 4.195753479003906250e+02 1.181766128540039062e+02
2.742314529418945312e+02 4.199452209472656250e+02 1.179059696197509766e+02
2.740614128112792969e+02 4.200000000000000000e+02 1.169999980926513672e+02
2.736657142639160156e+02 4.207619094848632812e+02 1.180000019073486328e+02
2.744981384277343750e+02 4.194977569580078125e+02 1.175099468231201172e+02
2.744655609130859375e+02 4.194582366943359375e+02 1.169999980926513672e+02
2.744154167175292969e+02 4.193976974487304688e+02 1.160000038146972656e+02
2.749061965942382812e+02 4.189582061767578125e+02 1.169999980926513672e+02
2.748560142517089844e+02 4.188977050781250000e+02 1.160000038146972656e+02
2.754062080383300781e+02 4.184032058715820312e+02 1.169999980926513672e+02
2.753560256958007812e+02 4.183517456054687500e+02 1.160000038146972656e+02
2.754587936401367188e+02 4.184572982788085938e+02 1.177164649963378906e+02
2.759147453308105469e+02 4.179032135009765625e+02 1.169999980926513672e+02
2.758633995056152344e+02 4.178517150878906250e+02 1.160000038146972656e+02
2.759935379028320312e+02 4.179921722412109375e+02 1.180309486389160156e+02
2.764147567749023438e+02 4.174225616455078125e+02 1.169999980926513672e+02
2.763634109497070312e+02 4.173768615722656250e+02 1.160000038146972656e+02
2.764653396606445312e+02 4.174684906005859375e+02 1.176787662506103516e+02
2.770861244201660156e+02 4.168503570556640625e+02 1.169946289062500000e+02
2.769179344177246094e+02 4.171372604370117188e+02 1.180072593688964844e+02
2.775274467468261719e+02 4.165205383300781250e+02 1.173243808746337891e+02
2.774768829345703125e+02 4.164814758300781250e+02 1.166577148437500000e+02
2.769498634338378906e+02 4.168768692016601562e+02 1.160000038146972656e+02
2.774498558044433594e+02 4.164603042602539062e+02 1.160000038146972656e+02
2.769498634338378906e+02 4.168763351440429688e+02 1.150000000000000000e+02
2.774498558044433594e+02 4.164603042602539062e+02 1.150000000000000000e+02
2.763625717163085938e+02 4.173763275146484375e+02 1.150000000000000000e+02
2.770861244201660156e+02 4.168490982055664062e+02 1.140053749084472656e+02
2.764125633239746094e+02 4.174209594726562500e+02 1.140000057220458984e+02
2.769137573242187500e+02 4.171361160278320312e+02 1.129768085479736328e+02
2.775274467468261719e+02 4.165205383300781250e+02 1.136756229400634766e+02
2.774768829345703125e+02 4.164814758300781250e+02 1.143422889709472656e+02
2.779164695739746094e+02 4.162001800537109375e+02 1.140053749084472656e+02
2.780933189392089844e+02 4.162041854858398438e+02 1.130000019073486328e+02
2.779999923706054688e+02 4.160639190673828125e+02 1.150000000000000000e+02
2.787235832214355469e+02 4.156391143798828125e+02 1.140000057220458984e+02
2.788225173950195312e+02 4.157041931152343750e+02 1.130000019073486328e+02
2.786696624755859375e+02 4.156036376953125000e+02 1.150000000000000000e+02
2.792235755920410156e+02 4.153327560424804688e+02 1.140000057220458984e+02
2.793225097656250000e+02 4.153904724121093750e+02 1.130000019073486328e+02
2.791696548461914062e+02 4.153036880493164062e+02 1.150000000000000000e+02
2.800000000000000000e+02 4.148886871337890625e+02 1.140000057220458984e+02
2.800000000000000000e+02 4.150024795532226562e+02 1.130000019073486328e+02
2.800000000000000000e+02 4.148302459716796875e+02 1.150000000000000000e+02
2.800000000000000000e+02 4.148302459716796875e+02 1.160000038146972656e+02
2.800000000000000000e+02 4.148886871337890625e+02 1.169999980926513672e+02
2.805551338195800781e+02 4.145265579223632812e+02 1.160000038146972656e+02
2.791696548461914062e+02 4.153036880493164062e+02 1.160000038146972656e+02
2.786696624755859375e+02 4.156036376953125000e+02 1.160000038146972656e+02
2.792235755920410156e+02 4.153327560424804688e+02 1.169999980926513672e+02
2.787235832214355469e+02 4.156391143798828125e+02 1.169999980926513672e+02
2.793258094787597656e+02 4.153931808471679688e+02 1.180000019073486328e+02
2.788258171081542969e+02 4.157041931152343750e+02 1.180000019073486328e+02
2.794235801696777344e+02 4.154528808593750000e+02 1.187329101562500000e+02
2.800000000000000000e+02 4.150089263916015625e+02 1.180000019073486328e+02
2.799214172363281250e+02 4.152325820922851562e+02 1.190397453308105469e+02
2.807401657104492188e+02 4.146157836914062500e+02 1.180000019073486328e+02
2.806159400939941406e+02 4.145558929443359375e+02 1.169999980926513672e+02
2.810257911682128906e+02 4.146647644042968750e+02 1.190802383422851562e+02
2.812401580810546875e+02 4.143761825561523438e+02 1.180000019073486328e+02
2.811159324645996094e+02 4.143182754516601562e+02 1.169999980926513672e+02
2.813763046264648438e+02 4.144408416748046875e+02 1.188003921508789062e+02
2.819999885559082031e+02 4.139331054687500000e+02 1.169999980926513672e+02
2.815153694152832031e+02 4.145065307617187500e+02 1.194670581817626953e+02
2.795356941223144531e+02 4.155204772949218750e+02 1.193995761871337891e+02
2.801715660095214844e+02 4.153162384033203125e+02 1.200000000000000000e+02
2.796715736389160156e+02 4.155979537963867188e+02 1.200000000000000000e+02
2.790541458129882812e+02 4.157483673095703125e+02 1.190397453308105469e+02
2.782203102111816406e+02 4.162950897216796875e+02 1.190000057220458984e+02
2.780933189392089844e+02 4.162041854858398438e+02 1.180000019073486328e+02
2.783923149108886719e+02 4.164203643798828125e+02 1.200000000000000000e+02
2.777203178405761719e+02 4.166675186157226562e+02 1.190000057220458984e+02
2.771135520935058594e+02 4.171675109863281250e+02 1.190000057220458984e+02
2.775933265686035156e+02 4.165702056884765625e+02 1.180000019073486328e+02
2.779164695739746094e+02 4.162001800537109375e+02 1.169946289062500000e+02
2.779999923706054688e+02 4.160639190673828125e+02 1.160000038146972656e+02
2.799158096313476562e+02 4.152211761474609375e+02 1.119466781616210938e+02
2.795263671875000000e+02 4.155155944824218750e+02 1.115777969360351562e+02
2.794191932678222656e+02 4.154492568969726562e+02 1.122444629669189453e+02
2.808752441406250000e+02 4.146895217895507812e+02 1.119999980926513672e+02
2.790515136718750000e+02 4.157454299926757812e+02 1.119466781616210938e+02
2.782203102111816406e+02 4.162950897216796875e+02 1.119999980926513672e+02
2.777203178405761719e+02 4.166661071777343750e+02 1.119999980926513672e+02
2.771036338806152344e+02 4.171660995483398438e+02 1.119999980926513672e+02
2.775933265686035156e+02 4.165698242187500000e+02 1.130000019073486328e+02
2.766036415100097656e+02 4.175915145874023438e+02 1.119999980926513672e+02
2.760730552673339844e+02 4.180915069580078125e+02 1.119999980926513672e+02
2.765229415893554688e+02 4.175201416015625000e+02 1.126280212402343750e+02
2.759845161437988281e+02 4.179856872558593750e+02 1.129147148132324219e+02
2.759125709533691406e+02 4.178973770141601562e+02 1.140000057220458984e+02
2.754521560668945312e+02 4.184512710571289062e+02 1.132014179229736328e+02
2.755054855346679688e+02 4.185056304931640625e+02 1.125347518920898438e+02
2.764635276794433594e+02 4.174670791625976562e+02 1.132946872711181641e+02
2.755730438232421875e+02 4.185747146606445312e+02 1.119999980926513672e+02
2.749919509887695312e+02 4.189930725097656250e+02 1.129604339599609375e+02
2.744834136962890625e+02 4.194805145263671875e+02 1.133861160278320312e+02
2.751076316833496094e+02 4.190747070312500000e+02 1.119999980926513672e+02
2.748998069763183594e+02 4.189399719238281250e+02 1.140000057220458984e+02
2.745317268371582031e+02 4.195387649536132812e+02 1.127194499969482422e+02
2.746076393127441406e+02 4.196290969848632812e+02 1.119999980926513672e+02
2.741899108886718750e+02 4.199232482910156250e+02 1.130316734313964844e+02
2.742070388793945312e+02 4.201290893554687500e+02 1.119999980926513672e+02
2.740243148803710938e+02 4.200000000000000000e+02 1.140000057220458984e+02
2.736248397827148438e+02 4.206936645507812500e+02 1.130000019073486328e+02
2.737070465087890625e+02 4.208087921142578125e+02 1.119999980926513672e+02
2.733105850219726562e+02 4.211936569213867188e+02 1.130000019073486328e+02
2.735749626159667969e+02 4.206195831298828125e+02 1.140000057220458984e+02
2.735456657409667969e+02 4.205749130249023438e+02 1.150000000000000000e+02
2.732715797424316406e+02 4.211195755004882812e+02 1.140000057220458984e+02
2.727212905883789062e+02 4.220873641967773438e+02 1.139737510681152344e+02
2.732514190673828125e+02 4.210749053955078125e+02 1.150000000000000000e+02
2.727514076232910156e+02 4.219641113281250000e+02 1.150000000000000000e+02
2.732592391967773438e+02 4.210867309570312500e+02 1.160000038146972656e+02
2.727592468261718750e+02 4.219788742065429688e+02 1.160000038146972656e+02
2.732945251464843750e+02 4.211548995971679688e+02 1.169999980926513672e+02
2.735526084899902344e+02 4.205867385864257812e+02 1.160000038146972656e+02
2.739680290222167969e+02 4.200000000000000000e+02 1.160000038146972656e+02
2.735958290100097656e+02 4.206548690795898438e+02 1.169999980926513672e+02
2.739559364318847656e+02 4.200000000000000000e+02 1.150000000000000000e+02
2.744102668762207031e+02 4.193923950195312500e+02 1.150000000000000000e+02
2.744493675231933594e+02 4.194399642944335938e+02 1.140000057220458984e+02
2.748546028137207031e+02 4.188924026489257812e+02 1.150000000000000000e+02
2.753545951843261719e+02 4.183504486083984375e+02 1.150000000000000000e+02
2.753997993469238281e+02 4.183973693847656250e+02 1.140000057220458984e+02
2.758625793457031250e+02 4.178504562377929688e+02 1.150000000000000000e+02
2.727514076232910156e+02 4.220991897583007812e+02 1.169054031372070312e+02
2.733544349670410156e+02 4.212619400024414062e+02 1.180000019073486328e+02
2.729281616210937500e+02 4.220000076293945312e+02 1.180000019073486328e+02
2.734427833557128906e+02 4.214085388183593750e+02 1.190000057220458984e+02
2.730949020385742188e+02 4.220000076293945312e+02 1.190000057220458984e+02
2.734956550598144531e+02 4.214933776855468750e+02 1.195182800292968750e+02
2.737666702270507812e+02 4.209085464477539062e+02 1.190000057220458984e+02
2.738563346862792969e+02 4.210960388183593750e+02 1.199109649658203125e+02
2.743897438049316406e+02 4.203562545776367188e+02 1.200000000000000000e+02
2.735742378234863281e+02 4.216182708740234375e+02 1.201849460601806641e+02
2.736844062805175781e+02 4.217893600463867188e+02 1.210000038146972656e+02
2.725737190246582031e+02 4.226496505737304688e+02 1.180000019073486328e+02
2.725263214111328125e+02 4.225553512573242188e+02 1.171756744384765625e+02
2.723324394226074219e+02 4.231496810913085938e+02 1.180000019073486328e+02
2.723311233520507812e+02 4.229331970214843750e+02 1.169054031372070312e+02
2.722555923461914062e+02 4.229999923706054688e+02 1.160000038146972656e+02
2.718532180786132812e+02 4.239999771118164062e+02 1.169999980926513672e+02
2.724992561340332031e+02 4.224986648559570312e+02 1.165090084075927734e+02
2.724886512756347656e+02 4.224788665771484375e+02 1.160000038146972656e+02
2.724805641174316406e+02 4.224641036987304688e+02 1.150000000000000000e+02
2.724884796142578125e+02 4.224789428710937500e+02 1.142895793914794922e+02
2.722406196594238281e+02 4.229999923706054688e+02 1.150000000000000000e+02
2.723095130920410156e+02 4.229085922241210938e+02 1.139737510681152344e+02
2.717965888977050781e+02 4.239999771118164062e+02 1.150000000000000000e+02
2.718214416503906250e+02 4.239999771118164062e+02 1.140000057220458984e+02
2.718083000183105469e+02 4.239999771118164062e+02 1.160000038146972656e+02
2.715365409851074219e+02 4.245867919921875000e+02 1.150000000000000000e+02
2.715509033203125000e+02 4.246217727661132812e+02 1.140000057220458984e+02
2.715413665771484375e+02 4.245975112915039062e+02 1.160000038146972656e+02
2.713269615173339844e+02 4.250867843627929688e+02 1.150000000000000000e+02
2.713421249389648438e+02 4.251217651367187500e+02 1.140000057220458984e+02
2.709826660156250000e+02 4.259999847412109375e+02 1.150000000000000000e+02
2.713302612304687500e+02 4.250975036621093750e+02 1.160000038146972656e+02
2.709859466552734375e+02 4.259999847412109375e+02 1.160000038146972656e+02
2.713520431518554688e+02 4.251504135131835938e+02 1.169999980926513672e+02
2.715637588500976562e+02 4.246504211425781250e+02 1.169999980926513672e+02
2.710109329223632812e+02 4.259999847412109375e+02 1.140000057220458984e+02
2.706556892395019531e+02 4.269864654541015625e+02 1.150000000000000000e+02
2.704956436157226562e+02 4.274864959716796875e+02 1.150000000000000000e+02
2.706430816650390625e+02 4.270967483520507812e+02 1.140772247314453125e+02
2.704982566833496094e+02 4.274946212768554688e+02 1.144620418548583984e+02
2.707350921630859375e+02 4.270000076293945312e+02 1.130000019073486328e+02
2.705133819580078125e+02 4.275472640991210938e+02 1.137953758239746094e+02
2.705376434326171875e+02 4.276309967041015625e+02 1.130000019073486328e+02
2.703958320617675781e+02 4.279283523559570312e+02 1.140772247314453125e+02
2.703961753845214844e+02 4.281309890747070312e+02 1.130000019073486328e+02
2.703556632995605469e+02 4.279999923706054688e+02 1.150000000000000000e+02
2.701658058166503906e+02 4.289999771118164062e+02 1.140000057220458984e+02
2.702070999145507812e+02 4.289999771118164062e+02 1.130000019073486328e+02
2.701476287841796875e+02 4.289999771118164062e+02 1.150000000000000000e+02
2.700334930419921875e+02 4.300000000000000000e+02 1.140000057220458984e+02
2.700618362426757812e+02 4.300000000000000000e+02 1.130000019073486328e+02
2.704372978210449219e+02 4.282825088500976562e+02 1.119999980926513672e+02
2.710727691650390625e+02 4.259999847412109375e+02 1.130000019073486328e+02
2.713753128051757812e+02 4.251998901367187500e+02 1.130000019073486328e+02
2.714241790771484375e+02 4.253165435791015625e+02 1.119999980926513672e+02
2.715827941894531250e+02 4.246998977661132812e+02 1.130000019073486328e+02
2.718807983398437500e+02 4.239999771118164062e+02 1.130000019073486328e+02
2.716297721862792969e+02 4.248165512084960938e+02 1.119999980926513672e+02
2.719757461547851562e+02 4.239999771118164062e+02 1.119999980926513672e+02
2.721183967590332031e+02 4.239999771118164062e+02 1.110000038146972656e+02
2.723459625244140625e+02 4.231819534301757812e+02 1.119999980926513672e+02
2.722979927062988281e+02 4.230662918090820312e+02 1.130000019073486328e+02
2.725908088684082031e+02 4.226819610595703125e+02 1.119999980926513672e+02
2.725319480895996094e+02 4.225662612915039062e+02 1.130000019073486328e+02
2.729683494567871094e+02 4.220000076293945312e+02 1.119999980926513672e+02
2.733775329589843750e+02 4.213087844848632812e+02 1.119999980926513672e+02
2.728425407409667969e+02 4.220000076293945312e+02 1.130000019073486328e+02
2.734469795227050781e+02 4.214200973510742188e+02 1.112614822387695312e+02
2.725067138671875000e+02 4.225143432617187500e+02 1.136229133605957031e+02
2.743212127685546875e+02 4.202786254882812500e+02 1.110000038146972656e+02
2.765298843383789062e+02 4.175270843505859375e+02 1.183454322814941406e+02
2.755217552185058594e+02 4.185231399536132812e+02 1.183831310272216797e+02
2.821708106994628906e+02 4.153660202026367188e+02 1.227836513519287109e+02
2.834135055541992188e+02 4.134696197509765625e+02 1.132056331634521484e+02
2.814748954772949219e+02 4.144872283935546875e+02 1.114457893371582031e+02
2.859999847412109375e+02 4.131246185302734375e+02 1.110000038146972656e+02
2.869999885559082031e+02 4.129459381103515625e+02 1.110000038146972656e+02
2.869999885559082031e+02 4.127507019042968750e+02 1.119999980926513672e+02
2.879999923706054688e+02 4.128134536743164062e+02 1.110000038146972656e+02
2.889999961853027344e+02 4.129581069946289062e+02 1.100000000000000000e+02
2.825712203979492188e+02 4.155239486694335938e+02 1.234503269195556641e+02
2.806477165222167969e+02 4.175824356079101562e+02 1.253842639923095703e+02
2.799526023864746094e+02 4.177603530883789062e+02 1.250305557250976562e+02
2.800000000000000000e+02 4.182838821411132812e+02 1.257696533203125000e+02
2.794505119323730469e+02 4.184627151489257812e+02 1.255461502075195312e+02
2.787838554382324219e+02 4.187218856811523438e+02 1.252130699157714844e+02
2.724360084533691406e+02 4.243712615966796875e+02 1.217255401611328125e+02
2.719754409790039062e+02 4.250000000000000000e+02 1.210000038146972656e+02
2.715487480163574219e+02 4.256267547607421875e+02 1.202245521545410156e+02
2.699453353881835938e+02 4.339999771118164062e+02 1.140000057220458984e+02
2.699950027465820312e+02 4.350000000000000000e+02 1.140000057220458984e+02
2.704488945007324219e+02 4.300783538818359375e+02 1.090783596038818359e+02
2.705614471435546875e+02 4.297972488403320312e+02 1.087972640991210938e+02
2.713392257690429688e+02 4.269688796997070312e+02 1.089979076385498047e+02
2.715395355224609375e+02 4.266147994995117188e+02 1.086631774902343750e+02
2.714587974548339844e+02 4.263935852050781250e+02 1.093298435211181641e+02
2.714248847961425781e+02 4.272814941406250000e+02 1.082398128509521484e+02
2.724332237243652344e+02 4.273269271850585938e+02 1.053515052795410156e+02
2.725622940063476562e+02 4.266602706909179688e+02 1.056469249725341797e+02
2.725838088989257812e+02 4.277324676513671875e+02 1.046848392486572266e+02
2.790482521057128906e+02 4.380756759643554688e+02 9.573236465454101562e+01
2.783843612670898438e+02 4.389999771118164062e+02 9.641233444213867188e+01
2.788234138488769531e+02 4.370000076293945312e+02 9.570100784301757812e+01
2.787456512451171875e+02 4.359999847412109375e+02 9.564788818359375000e+01
2.792456436157226562e+02 4.359999847412109375e+02 9.535079956054687500e+01
2.869999885559082031e+02 4.379999923706054688e+02 9.309769630432128906e+01
2.859999847412109375e+02 4.379999923706054688e+02 9.320288658142089844e+01
2.849283790588378906e+02 4.380628967285156250e+02 9.338394165039062500e+01
2.859370803833007812e+02 4.390716171264648438e+02 9.338394165039062500e+01
2.852139663696289062e+02 4.387860107421875000e+02 9.344570159912109375e+01
2.849283790588378906e+02 4.390716171264648438e+02 9.355732917785644531e+01
2.839999961853027344e+02 4.389999771118164062e+02 9.375917434692382812e+01
2.845473098754882812e+02 4.384381866455078125e+02 9.350904464721679688e+01
2.840040016174316406e+02 4.380628967285156250e+02 9.358699798583984375e+01
2.843400001525878906e+02 4.377714920043945312e+02 9.346037864685058594e+01
2.829999923706054688e+02 4.389999771118164062e+02 9.404756546020507812e+01
2.821479606628417969e+02 4.389999771118164062e+02 9.435327529907226562e+01
2.815022087097167969e+02 4.384939956665039062e+02 9.450094223022460938e+01
2.789803314208984375e+02 4.419807052612304688e+02 9.717695236206054688e+01
2.786338806152343750e+02 4.423012161254882812e+02 9.760669708251953125e+01
2.724567604064941406e+02 4.376601409912109375e+02 1.034054470062255859e+02
2.704869270324707031e+02 4.355726623535156250e+02 1.084419631958007812e+02
2.706467628479003906e+02 4.359396362304687500e+02 1.219348239898681641e+02
2.704869270324707031e+02 4.355661010742187500e+02 1.215580368041992188e+02
2.705582618713378906e+02 4.350000000000000000e+02 1.222402954101562500e+02
2.780557823181152344e+02 4.230557632446289062e+02 1.289554023742675781e+02
2.787796592712402344e+02 4.227599334716796875e+02 1.292887401580810547e+02
2.820368957519531250e+02 4.190178298950195312e+02 1.279807949066162109e+02
2.829999923706054688e+02 4.187810516357421875e+02 1.282079696655273438e+02
2.905324935913085938e+02 4.154970169067382812e+02 1.255042266845703125e+02
3.034966659545898438e+02 4.165026092529296875e+02 1.144700050354003906e+02
3.045806312561035156e+02 4.174229812622070312e+02 1.140000057220458984e+02
3.051256942749023438e+02 4.178781890869140625e+02 1.130000019073486328e+02
3.054677581787109375e+02 4.185349655151367188e+02 1.096730899810791016e+02
3.000757026672363281e+02 4.151906967163085938e+02 1.190575027465820312e+02
2.997770309448242188e+02 4.153439712524414062e+02 1.200000000000000000e+02
2.990123558044433594e+02 4.146506881713867188e+02 1.190718364715576172e+02
2.984634399414062500e+02 4.145142745971679688e+02 1.194530582427978516e+02
2.989999961853027344e+02 4.149526977539062500e+02 1.200000000000000000e+02
2.982255554199218750e+02 4.146086883544921875e+02 1.200000000000000000e+02
2.989786529541015625e+02 4.153133773803710938e+02 1.209609031677246094e+02
2.995765495300292969e+02 4.154561996459960938e+02 1.206015110015869141e+02
2.977255439758300781e+02 4.144135284423828125e+02 1.200000000000000000e+02
2.960376739501953125e+02 4.135992431640625000e+02 1.190376949310302734e+02
2.950283432006835938e+02 4.136240768432617188e+02 1.199951076507568359e+02
2.849876403808593750e+02 4.199966430664062500e+02 1.300056457519531250e+02
2.847420692443847656e+02 4.205705642700195312e+02 1.304432964324951172e+02
2.854087448120117188e+02 4.204745101928710938e+02 1.305212974548339844e+02
2.807412910461425781e+02 4.257372665405273438e+02 1.323831748962402344e+02
2.814079666137695312e+02 4.254181671142578125e+02 1.325441837310791016e+02
2.797418403625488281e+02 4.267807006835937500e+02 1.323748493194580078e+02
2.804084968566894531e+02 4.264039230346679688e+02 1.325469303131103516e+02
2.790629005432128906e+02 4.260966873168945312e+02 1.316499996185302734e+02
2.784957695007324219e+02 4.264944458007812500e+02 1.315029048919677734e+02
2.790762901306152344e+02 4.270684051513671875e+02 1.321211719512939453e+02
2.748211288452148438e+02 4.429675292968750000e+02 1.030175590515136719e+02
2.754691886901855469e+02 4.435453033447265625e+02 1.024461460113525391e+02
2.753280258178710938e+02 4.437508773803710938e+02 1.030000019073486328e+02
2.760151481628417969e+02 4.439756011962890625e+02 1.020305442810058594e+02
2.756753540039062500e+02 4.442508697509765625e+02 1.030000019073486328e+02
2.763688278198242188e+02 4.446641540527343750e+02 1.022815990447998047e+02
2.765707778930664062e+02 4.444059371948242188e+02 1.016149330139160156e+02
2.767546844482421875e+02 4.440435791015625000e+02 1.009454059600830078e+02
2.769392776489257812e+02 4.450715255737304688e+02 1.019051265716552734e+02
2.772788810729980469e+02 4.447632217407226562e+02 1.010000038146972656e+02
2.766411209106445312e+02 4.453308105468750000e+02 1.027603244781494141e+02
2.773077774047851562e+02 4.457080078125000000e+02 1.021953201293945312e+02
2.775190353393554688e+02 4.454788589477539062e+02 1.015286540985107422e+02
2.777111434936523438e+02 4.452632141113281250e+02 1.010000038146972656e+02
2.779053878784179688e+02 4.460954284667968750e+02 1.018605518341064453e+02
2.782111549377441406e+02 4.457908630371093750e+02 1.010000038146972656e+02
2.784291648864746094e+02 4.455715942382812500e+02 1.004196739196777344e+02
2.780923843383789062e+02 4.448956680297851562e+02 1.001066207885742188e+02
2.791018676757812500e+02 4.459091567993164062e+02 1.001045703887939453e+02
2.787462425231933594e+02 4.452526092529296875e+02 9.975300788879394531e+01
2.794129180908203125e+02 4.455800247192382812e+02 9.941784858703613281e+01
2.790941429138183594e+02 4.449054718017578125e+02 9.908530235290527344e+01
2.798072624206542969e+02 4.452249908447265625e+02 9.875118255615234375e+01
2.774677276611328125e+02 4.445387649536132812e+02 1.004602241516113281e+02
2.762168693542480469e+02 4.449984741210937500e+02 1.030561923980712891e+02
2.755316352844238281e+02 4.444558715820312500e+02 1.035733509063720703e+02
2.976547050476074219e+02 4.292341995239257812e+02 9.542975425720214844e+01
2.936480140686035156e+02 4.322595596313476562e+02 9.346394538879394531e+01
2.974387550354003906e+02 4.338076782226562500e+02 9.452515602111816406e+01
3.044075965881347656e+02 4.185861587524414062e+02 1.066696453094482422e+02
2.804739189147949219e+02 4.455214691162109375e+02 9.848038673400878906e+01
2.984697151184082031e+02 4.404553985595703125e+02 9.551269531250000000e+01
2.976212501525878906e+02 4.435980224609375000e+02 9.644320487976074219e+01
2.982879066467285156e+02 4.432998657226562500e+02 9.660042762756347656e+01
2.969268035888671875e+02 4.429229354858398438e+02 9.582068443298339844e+01
2.959999847412109375e+02 4.432381439208984375e+02 9.562572479248046875e+01
2.965446853637695312e+02 4.425382232666015625e+02 9.548178672790527344e+01
2.969015884399414062e+02 4.439588165283203125e+02 9.634983062744140625e+01
2.959999847412109375e+02 4.439999771118164062e+02 9.603682518005371094e+01
2.965026664733886719e+02 4.445016860961914062e+02 9.649887084960937500e+01
2.971693229675292969e+02 4.442646789550781250e+02 9.663984298706054688e+01
2.959999847412109375e+02 4.446320724487304688e+02 9.641110420227050781e+01
2.959999847412109375e+02 4.451321029663085938e+02 9.675437927246093750e+01
2.950000000000000000e+02 4.448696899414062500e+02 9.625185966491699219e+01
2.940754890441894531e+02 4.450910949707031250e+02 9.615192413330078125e+01
2.950444412231445312e+02 4.439736557006835938e+02 9.571746826171875000e+01
2.950000000000000000e+02 4.453696823120117188e+02 9.659120559692382812e+01
2.950064849853515625e+02 4.460646820068359375e+02 9.713910102844238281e+01
2.944591522216796875e+02 4.454851531982421875e+02 9.651038169860839844e+01
2.940754890441894531e+02 4.459566116333007812e+02 9.678836822509765625e+01
2.929999923706054688e+02 4.462083816528320312e+02 9.673535346984863281e+01
2.937924957275390625e+02 4.455943679809570312e+02 9.642643928527832031e+01
2.929999923706054688e+02 4.457083892822265625e+02 9.633848190307617188e+01
2.919999885559082031e+02 4.458209609985351562e+02 9.625322341918945312e+01
2.929753875732421875e+02 4.449228668212890625e+02 9.579492568969726562e+01
2.919999885559082031e+02 4.451076889038085938e+02 9.575323104858398438e+01
2.909999847412109375e+02 4.458953857421875000e+02 9.619853019714355469e+01
2.919999885559082031e+02 4.463209533691406250e+02 9.664330482482910156e+01
2.929999923706054688e+02 4.467987823486328125e+02 9.723534584045410156e+01
2.959999847412109375e+02 4.458047485351562500e+02 9.725438117980957031e+01
2.954074287414550781e+02 4.434459686279296875e+02 9.552663803100585938e+01
2.939999961853027344e+02 4.442898178100585938e+02 9.562007904052734375e+01
2.947407531738281250e+02 4.436227798461914062e+02 9.543134689331054688e+01
2.959999847412109375e+02 4.427381134033203125e+02 9.538535118103027344e+01
2.820820808410644531e+02 4.479590225219726562e+02 1.000568199157714844e+02
2.829999923706054688e+02 4.482394027709960938e+02 9.984769821166992188e+01
2.747757720947265625e+02 4.449612045288085938e+02 1.069141960144042969e+02
2.754351806640625000e+02 4.455746459960937500e+02 1.062941265106201172e+02
2.744203948974609375e+02 4.446020126342773438e+02 1.071903324127197266e+02
2.745060920715332031e+02 4.444914627075195312e+02 1.065236663818359375e+02
2.736969566345214844e+02 4.429926681518554688e+02 1.059182357788085938e+02
2.734078025817871094e+02 4.426544952392578125e+02 1.061970520019531250e+02
2.735998344421386719e+02 4.433362579345703125e+02 1.069999980926513672e+02
2.759949874877929688e+02 4.470079803466796875e+02 1.099640274047851562e+02
2.759216690063476562e+02 4.470871353149414062e+02 1.110000038146972656e+02
2.764703750610351562e+02 4.475275802612304688e+02 1.103014945983886719e+02
2.765195083618164062e+02 4.474814987182617188e+02 1.096348285675048828e+02
2.765698623657226562e+02 4.474328613281250000e+02 1.090000057220458984e+02
2.770698547363281250e+02 4.478934097290039062e+02 1.090000057220458984e+02
2.771674537658691406e+02 4.478084182739257812e+02 1.080000019073486328e+02
2.772864341735839844e+02 4.476995849609375000e+02 1.069999980926513672e+02
2.777237129211425781e+02 4.483084106445312500e+02 1.080000019073486328e+02
2.778448867797851562e+02 4.481995773315429688e+02 1.069999980926513672e+02
2.783448982238769531e+02 4.486299133300781250e+02 1.069999980926513672e+02
2.784394454956054688e+02 4.485512161254882812e+02 1.063239288330078125e+02
2.789347076416015625e+02 4.488393020629882812e+02 1.059943580627441406e+02
2.785578346252441406e+02 4.484539413452148438e+02 1.056572532653808594e+02
2.791979789733886719e+02 4.487303543090820312e+02 1.050000000000000000e+02
2.796673774719238281e+02 4.493857192993164062e+02 1.060000038146972656e+02
2.795442771911621094e+02 4.494696044921875000e+02 1.066447734832763672e+02
2.754154205322265625e+02 4.465871429443359375e+02 1.110000038146972656e+02
2.743544197082519531e+02 4.456698226928710938e+02 1.140000057220458984e+02
2.748355484008789062e+02 4.461476516723632812e+02 1.150000000000000000e+02
2.743706512451171875e+02 4.456476593017578125e+02 1.150000000000000000e+02
2.737985038757324219e+02 4.449069595336914062e+02 1.150428009033203125e+02
2.744145202636718750e+02 4.455959701538085938e+02 1.160000038146972656e+02
2.739439010620117188e+02 4.450000000000000000e+02 1.160000038146972656e+02
2.734917068481445312e+02 4.445116043090820312e+02 1.147379970550537109e+02
2.735033226013183594e+02 4.444953536987304688e+02 1.154046630859375000e+02
2.732190895080566406e+02 4.440972137451171875e+02 1.150428009033203125e+02
2.726550865173339844e+02 4.432289886474609375e+02 1.150000000000000000e+02
2.726518821716308594e+02 4.432334899902343750e+02 1.140000057220458984e+02
2.723708915710449219e+02 4.427289962768554688e+02 1.150000000000000000e+02
2.723911476135253906e+02 4.426898956298828125e+02 1.160000038146972656e+02
2.734878349304199219e+02 4.445171356201171875e+02 1.140000057220458984e+02
2.733460044860839844e+02 4.437142181396484375e+02 1.190000057220458984e+02
2.885609245300292969e+02 4.484982299804687500e+02 9.850199699401855469e+01
2.919999885559082031e+02 4.474044418334960938e+02 9.759016036987304688e+01
2.764161109924316406e+02 4.465782928466796875e+02 1.218083667755126953e+02
2.769821548461914062e+02 4.470142364501953125e+02 1.220575904846191406e+02
2.765070343017578125e+02 4.464936065673828125e+02 1.224750328063964844e+02
2.755036735534667969e+02 4.454960250854492188e+02 1.224853229522705078e+02
2.755786132812500000e+02 4.454162216186523438e+02 1.230000019073486328e+02
2.751337432861328125e+02 4.449162292480468750e+02 1.230000019073486328e+02
2.746337509155273438e+02 4.443313217163085938e+02 1.230000019073486328e+02
2.745439720153808594e+02 4.444441986083984375e+02 1.223096275329589844e+02
2.742494773864746094e+02 4.438313293457031250e+02 1.230000019073486328e+02
2.743992996215820312e+02 4.436318969726562500e+02 1.240000057220458984e+02
2.737494850158691406e+02 4.431117630004882812e+02 1.230000019073486328e+02
2.734301567077636719e+02 4.426117706298828125e+02 1.230000019073486328e+02
2.738800811767578125e+02 4.429053878784179688e+02 1.239105701446533203e+02
2.744667625427246094e+02 4.445396041870117188e+02 1.216429615020751953e+02
2.746028137207031250e+02 4.402920532226562500e+02 1.283518505096435547e+02
2.762796592712402344e+02 4.359999847412109375e+02 1.316915798187255859e+02
2.757796669006347656e+02 4.359999847412109375e+02 1.312430763244628906e+02
2.760913467407226562e+02 4.438951873779296875e+02 1.268627929687500000e+02
2.757880401611328125e+02 4.441729736328125000e+02 1.260000038146972656e+02
2.764600372314453125e+02 4.445406341552734375e+02 1.265569782257080078e+02
2.770898628234863281e+02 4.449150848388671875e+02 1.268781185150146484e+02
2.774755668640136719e+02 4.455219650268554688e+02 1.265325832366943359e+02
2.767978858947753906e+02 4.452178192138671875e+02 1.260000038146972656e+02
2.772978782653808594e+02 4.456803512573242188e+02 1.260000038146972656e+02
2.779861259460449219e+02 4.462182998657226562e+02 1.260556697845458984e+02
2.776435279846191406e+02 4.463851547241210938e+02 1.252703094482421875e+02
2.780500984191894531e+02 4.457273864746093750e+02 1.269195556640625000e+02
2.783102035522460938e+02 4.466461563110351562e+02 1.257594585418701172e+02
2.785592460632324219e+02 4.464566802978515625e+02 1.264261245727539062e+02
2.789993476867675781e+02 4.470024490356445312e+02 1.260008907318115234e+02
2.787363433837890625e+02 4.473376846313476562e+02 1.250000000000000000e+02
2.792259025573730469e+02 4.466920852661132812e+02 1.267988109588623047e+02
2.794394493103027344e+02 4.475408935546875000e+02 1.255756473541259766e+02
2.797280693054199219e+02 4.473587417602539062e+02 1.262423133850097656e+02
2.800368309020996094e+02 4.477084350585937500e+02 1.259453868865966797e+02
2.792363357543945312e+02 4.476774215698242188e+02 1.250000000000000000e+02
2.852161026000976562e+02 4.505807876586914062e+02 1.246775150299072266e+02
2.917322540283203125e+02 4.505315017700195312e+02 1.014494705200195312e+02
2.936871910095214844e+02 4.495449066162109375e+02 1.004405498504638672e+02
2.940122985839843750e+02 4.491747665405273438e+02 1.000643348693847656e+02
2.943538475036621094e+02 4.494648742675781250e+02 1.005513381958007812e+02
2.949751853942871094e+02 4.488211441040039062e+02 9.994819641113281250e+01
2.969999885559082031e+02 4.496454620361328125e+02 1.022512245178222656e+02
2.924363708496093750e+02 4.514937591552734375e+02 1.035145282745361328e+02
2.965485000610351562e+02 4.525156784057617188e+02 1.130000019073486328e+02
2.879999923706054688e+02 4.505905151367187500e+02 1.256668758392333984e+02
2.889999961853027344e+02 4.506222152709960938e+02 1.257225227355957031e+02
2.879999923706054688e+02 4.503181838989257812e+02 1.261668777465820312e+02
2.879890823364257812e+02 4.497618865966796875e+02 1.270909023284912109e+02
2.889999961853027344e+02 4.503456497192382812e+02 1.262225246429443359e+02
2.889999961853027344e+02 4.498677444458007812e+02 1.269999980926513672e+02
2.900000000000000000e+02 4.503397750854492188e+02 1.262163734436035156e+02
2.889999961853027344e+02 4.495220565795898438e+02 1.275313663482666016e+02
2.883151435852050781e+02 4.495122146606445312e+02 1.275174427032470703e+02
2.897832870483398438e+02 4.495172119140625000e+02 1.275243854522705078e+02
2.889999961853027344e+02 4.491612625122070312e+02 1.280313682556152344e+02
2.879890823364257812e+02 4.492092132568359375e+02 1.279104709625244141e+02
2.889999961853027344e+02 4.486612319946289062e+02 1.286919116973876953e+02
2.889999961853027344e+02 4.482335281372070312e+02 1.291919136047363281e+02
2.879999923706054688e+02 4.486438751220703125e+02 1.286743259429931641e+02
2.879999923706054688e+02 4.482237625122070312e+02 1.291743278503417969e+02
2.869999885559082031e+02 4.485974884033203125e+02 1.286204147338867188e+02
2.869999885559082031e+02 4.490500259399414062e+02 1.280000019073486328e+02
2.862657737731933594e+02 4.485440063476562500e+02 1.285549163818359375e+02
2.869999885559082031e+02 4.481837463378906250e+02 1.291204071044921875e+02
2.869999885559082031e+02 4.476837539672851562e+02 1.297053718566894531e+02
2.859594726562500000e+02 4.481789016723632812e+02 1.289329528808593750e+02
2.849975013732910156e+02 4.478510284423828125e+02 1.290677452087402344e+02
2.855991172790527344e+02 4.484814453125000000e+02 1.284744548797607422e+02
2.859999847412109375e+02 4.476125717163085938e+02 1.296266937255859375e+02
2.853291893005371094e+02 4.475471115112304688e+02 1.295534610748291016e+02
2.859999847412109375e+02 4.471421051025390625e+02 1.301266956329345703e+02
2.859999847412109375e+02 4.466420745849609375e+02 1.306357002258300781e+02
2.869999885559082031e+02 4.472149276733398438e+02 1.302053737640380859e+02
2.849641990661621094e+02 4.470103454589843750e+02 1.300130271911621094e+02
2.846625137329101562e+02 4.474549484252929688e+02 1.294462394714355469e+02
2.839999961853027344e+02 4.473483276367187500e+02 1.293160343170166016e+02
2.839999961853027344e+02 4.477499389648437500e+02 1.288160324096679688e+02
2.832400131225585938e+02 4.476101303100585938e+02 1.286418056488037109e+02
2.839999961853027344e+02 4.482499694824218750e+02 1.281404685974121094e+02
2.850000000000000000e+02 4.484034347534179688e+02 1.283644104003906250e+02
2.830293655395507812e+02 4.479876327514648438e+02 1.279825305938720703e+02
2.825733375549316406e+02 4.474683380126953125e+02 1.284558677673339844e+02
2.869999885559082031e+02 4.467149353027343750e+02 1.307033252716064453e+02
2.879999923706054688e+02 4.472546005249023438e+02 1.302489471435546875e+02
2.879999923706054688e+02 4.467546081542968750e+02 1.307382774353027344e+02
2.879999923706054688e+02 4.477237701416015625e+02 1.297489452362060547e+02
2.889999961853027344e+02 4.472619628906250000e+02 1.302580642700195312e+02
2.889999961853027344e+02 4.467619705200195312e+02 1.307432651519775391e+02
2.889999961853027344e+02 4.477335357666015625e+02 1.297580623626708984e+02
2.900000000000000000e+02 4.472429275512695312e+02 1.302395820617675781e+02
2.900000000000000000e+02 4.467429351806640625e+02 1.307255172729492188e+02
2.900000000000000000e+02 4.477185058593750000e+02 1.297395801544189453e+02
2.909999847412109375e+02 4.471946334838867188e+02 1.301911258697509766e+02
2.909999847412109375e+02 4.466946411132812500e+02 1.306819152832031250e+02
2.909999847412109375e+02 4.476758193969726562e+02 1.296911239624023438e+02
2.919999885559082031e+02 4.476084136962890625e+02 1.296169376373291016e+02
2.909999847412109375e+02 4.461367797851562500e+02 1.311819076538085938e+02
2.919999885559082031e+02 4.466203689575195312e+02 1.306130886077880859e+02
2.909999847412109375e+02 4.456367874145507812e+02 1.316156291961669922e+02
2.900000000000000000e+02 4.461879348754882812e+02 1.312255191802978516e+02
2.900000000000000000e+02 4.456879425048828125e+02 1.316600036621093750e+02
2.889999961853027344e+02 4.462100219726562500e+02 1.312432670593261719e+02
2.889999961853027344e+02 4.457100296020507812e+02 1.316800785064697266e+02
2.879999923706054688e+02 4.462064361572265625e+02 1.312382793426513672e+02
2.919999885559082031e+02 4.455558776855468750e+02 1.315471076965332031e+02
2.919999885559082031e+02 4.450000000000000000e+02 1.319675159454345703e+02
2.900000000000000000e+02 4.482184982299804688e+02 1.291763591766357422e+02
2.859594726562500000e+02 4.488238143920898438e+02 1.280846691131591797e+02
2.869999885559082031e+02 4.494525146484375000e+02 1.274254989624023438e+02
2.869999885559082031e+02 4.497647857666015625e+02 1.269254970550537109e+02
2.876484870910644531e+02 4.494901657104492188e+02 1.274848461151123047e+02
2.774063873291015625e+02 4.396504592895507812e+02 1.315739917755126953e+02
2.799738883972167969e+02 4.390813446044921875e+02 1.333574295043945312e+02
2.790632247924804688e+02 4.379739761352539062e+02 1.332276344299316406e+02
2.794387245178222656e+02 4.376233291625976562e+02 1.335339736938476562e+02
2.796231651306152344e+02 4.382899856567382812e+02 1.334419631958007812e+02
2.799738883972167969e+02 4.379739761352539062e+02 1.336883926391601562e+02
2.800000000000000000e+02 4.370000076293945312e+02 1.339213562011718750e+02
2.793177413940429688e+02 4.370000076293945312e+02 1.336008262634277344e+02
2.800000000000000000e+02 4.359999847412109375e+02 1.340734481811523438e+02
2.810462379455566406e+02 4.370060729980468750e+02 1.343390846252441406e+02
2.814104080200195312e+02 4.366767883300781250e+02 1.345326137542724609e+02
2.807934379577636719e+02 4.359999847412109375e+02 1.343931770324707031e+02
2.806926727294921875e+02 4.350000000000000000e+02 1.344301605224609375e+02
2.812934494018554688e+02 4.359999847412109375e+02 1.345749187469482422e+02
2.819999885559082031e+02 4.359999847412109375e+02 1.347994899749755859e+02
2.811926841735839844e+02 4.350000000000000000e+02 1.346105480194091797e+02
2.811640930175781250e+02 4.339999771118164062e+02 1.346201705932617188e+02
2.819552612304687500e+02 4.370060729980468750e+02 1.346442127227783203e+02
2.859999847412109375e+02 4.300000000000000000e+02 1.353246784210205078e+02
2.869102287292480469e+02 4.300214004516601562e+02 1.354278755187988281e+02
2.869999885559082031e+02 4.289999771118164062e+02 1.351857089996337891e+02
2.879999923706054688e+02 4.289999771118164062e+02 1.352515697479248047e+02
2.869999885559082031e+02 4.245610427856445312e+02 1.334683990478515625e+02
2.875245857238769531e+02 4.245016479492187500e+02 1.334991550445556641e+02
2.869999885559082031e+02 4.239999771118164062e+02 1.331482315063476562e+02
3.054553413391113281e+02 4.195600509643554688e+02 1.183732318878173828e+02
3.074430847167968750e+02 4.216076278686523438e+02 1.160000038146972656e+02
3.097676277160644531e+02 4.259999847412109375e+02 1.119999980926513672e+02
3.101105117797851562e+02 4.270000076293945312e+02 1.119999980926513672e+02
3.105628395080566406e+02 4.300445175170898438e+02 1.149435997009277344e+02
3.104534149169921875e+02 4.297408294677734375e+02 1.152393245697021484e+02
3.105179595947265625e+02 4.304075241088867188e+02 1.155881404876708984e+02
3.103725242614746094e+02 4.300445175170898438e+02 1.159528827667236328e+02
3.101415634155273438e+02 4.289999771118164062e+02 1.160000038146972656e+02
3.098996543884277344e+02 4.289999771118164062e+02 1.169999980926513672e+02
3.096232032775878906e+02 4.290217971801757812e+02 1.180038452148437500e+02
3.096449470520019531e+02 4.279870605468750000e+02 1.170153045654296875e+02
3.095496368408203125e+02 4.283118057250976562e+02 1.176730632781982422e+02
3.093700408935546875e+02 4.279870605468750000e+02 1.180038452148437500e+02
3.090668296813964844e+02 4.279999923706054688e+02 1.190000057220458984e+02
3.094540596008300781e+02 4.287029647827148438e+02 1.183397293090820312e+02
3.087358283996582031e+02 4.269255065917968750e+02 1.190771770477294922e+02
3.086941146850585938e+02 4.279777145385742188e+02 1.200436592102050781e+02
3.084641647338867188e+02 4.276295089721679688e+02 1.204060935974121094e+02
3.085902404785156250e+02 4.272091674804687500e+02 1.197394275665283203e+02
3.085560417175292969e+02 4.282961654663085938e+02 1.206306362152099609e+02
3.083172416687011719e+02 4.279777145385742188e+02 1.209783840179443359e+02
3.080168914794921875e+02 4.270000076293945312e+02 1.210000038146972656e+02
3.084297180175781250e+02 4.289999771118164062e+02 1.213367080688476562e+02
3.076919174194335938e+02 4.260223388671875000e+02 1.210050296783447266e+02
3.083864784240722656e+02 4.269255065917968750e+02 1.200436592102050781e+02
3.076487922668457031e+02 4.270000076293945312e+02 1.218015193939208984e+02
3.075464439392089844e+02 4.263705444335937500e+02 1.215928745269775391e+02
3.074004936218261719e+02 4.270000076293945312e+02 1.223015213012695312e+02
3.084866523742675781e+02 4.265425109863281250e+02 1.194619560241699219e+02
3.081021690368652344e+02 4.259999847412109375e+02 1.200000000000000000e+02
3.077244377136230469e+02 4.249730682373046875e+02 1.200293731689453125e+02
3.084139442443847656e+02 4.259113693237304688e+02 1.190771770477294922e+02
3.086019515991210938e+02 4.261856079101562500e+02 1.187952899932861328e+02
3.074534988403320312e+02 4.246217727661132812e+02 1.203822898864746094e+02
3.075844764709472656e+02 4.242924880981445312e+02 1.197156238555908203e+02
3.075801277160644531e+02 4.252884674072265625e+02 1.206750583648681641e+02
3.074270057678222656e+02 4.257038879394531250e+02 1.213417243957519531e+02
3.095296096801757812e+02 4.293696594238281250e+02 1.185876178741455078e+02
3.074484062194824219e+02 4.236257934570312500e+02 1.193627166748046875e+02
3.072945022583007812e+02 4.230070877075195312e+02 1.190176296234130859e+02
3.066273498535156250e+02 4.222651290893554688e+02 1.198126316070556641e+02
3.054774093627929688e+02 4.215393447875976562e+02 1.214557361602783203e+02
3.032122611999511719e+02 4.229364776611328125e+02 1.260193252563476562e+02
3.027222251892089844e+02 4.220960998535156250e+02 1.259460067749023438e+02
3.025047111511230469e+02 4.224934768676757812e+02 1.265049839019775391e+02
3.034517097473144531e+02 4.256085968017578125e+02 1.274444103240966797e+02
3.014618682861328125e+02 4.255675506591796875e+02 1.294669532775878906e+02
3.005877304077148438e+02 4.263534164428710938e+02 1.305709743499755859e+02
3.012645530700683594e+02 4.270000076293945312e+02 1.303038215637207031e+02
3.016381072998046875e+02 4.262342071533203125e+02 1.296280384063720703e+02
2.969999885559082031e+02 4.242993927001953125e+02 1.316188812255859375e+02
2.963820266723632812e+02 4.235752487182617188e+02 1.314545154571533203e+02
2.957153701782226562e+02 4.233691787719726562e+02 1.315823554992675781e+02
2.950000000000000000e+02 4.231734085083007812e+02 1.317026424407958984e+02
2.936086845397949219e+02 4.284167098999023438e+02 1.345290184020996094e+02
2.963264656066894531e+02 4.276783370971679688e+02 1.334378910064697266e+02
3.000956153869628906e+02 4.289101791381835938e+02 1.318755722045898438e+02
3.045340919494628906e+02 4.264173507690429688e+02 1.265432453155517578e+02
3.074471664428710938e+02 4.320000076293945312e+02 1.244066047668457031e+02
3.044511985778808594e+02 4.307452392578125000e+02 1.284405899047851562e+02
3.014920425415039062e+02 4.315405273437500000e+02 1.314939785003662109e+02
3.015532302856445312e+02 4.322071838378906250e+02 1.315434932708740234e+02
3.021076965332031250e+02 4.329999923706054688e+02 1.311673259735107422e+02
3.016077041625976562e+02 4.329999923706054688e+02 1.315880584716796875e+02
3.021347999572753906e+02 4.339999771118164062e+02 1.311899280548095703e+02
3.016347885131835938e+02 4.339999771118164062e+02 1.316108798980712891e+02
3.021080780029296875e+02 4.350000000000000000e+02 1.311663341522216797e+02
3.016080856323242188e+02 4.350000000000000000e+02 1.315895843505859375e+02
3.009999847412109375e+02 4.339999771118164062e+02 1.320808315277099609e+02
3.009999847412109375e+02 4.329999923706054688e+02 1.320367145538330078e+02
3.004552268981933594e+02 4.339999771118164062e+02 1.324699497222900391e+02
3.004243850708007812e+02 4.329999923706054688e+02 1.324486541748046875e+02
2.999243927001953125e+02 4.329999923706054688e+02 1.327803993225097656e+02
2.991175270080566406e+02 4.329999923706054688e+02 1.332804012298583984e+02
2.989355087280273438e+02 4.319603347778320312e+02 1.332733917236328125e+02
2.986175346374511719e+02 4.329999923706054688e+02 1.335670185089111328e+02
2.985591888427734375e+02 4.322672271728515625e+02 1.335338497161865234e+02
2.979999923706054688e+02 4.329999923706054688e+02 1.338685512542724609e+02
2.969164276123046875e+02 4.329624938964843750e+02 1.343382167816162109e+02
2.980822944641113281e+02 4.319603347778320312e+02 1.337240219116210938e+02
2.979999923706054688e+02 4.339999771118164062e+02 1.338964462280273438e+02
2.970368385314941406e+02 4.339999771118164062e+02 1.343135356903076172e+02
2.965368461608886719e+02 4.339999771118164062e+02 1.345148754119873047e+02
2.965273857116699219e+02 4.332708358764648438e+02 1.345110893249511719e+02
2.959999847412109375e+02 4.339999771118164062e+02 1.347190189361572266e+02
2.965217208862304688e+02 4.346195220947265625e+02 1.345087432861328125e+02
2.960752105712890625e+02 4.349717330932617188e+02 1.346513748168945312e+02
2.964586830139160156e+02 4.352862167358398438e+02 1.344844532012939453e+02
2.958514022827148438e+02 4.359999847412109375e+02 1.346304035186767578e+02
2.950000000000000000e+02 4.350000000000000000e+02 1.350162124633789062e+02
2.950000000000000000e+02 4.339999771118164062e+02 1.350582313537597656e+02
2.939999961853027344e+02 4.339999771118164062e+02 1.353482818603515625e+02
2.950000000000000000e+02 4.329999923706054688e+02 1.350320529937744141e+02
2.939999961853027344e+02 4.329999923706054688e+02 1.353171920776367188e+02
2.950000000000000000e+02 4.320000076293945312e+02 1.349405288696289062e+02
2.960919570922851562e+02 4.329624938964843750e+02 1.346597862243652344e+02
2.964865875244140625e+02 4.326041793823242188e+02 1.344949722290039062e+02
2.958944129943847656e+02 4.320000076293945312e+02 1.346453189849853516e+02
2.956784057617187500e+02 4.309999847412109375e+02 1.345654964447021484e+02
2.963944244384765625e+02 4.320000076293945312e+02 1.344608688354492188e+02
2.969999885559082031e+02 4.320000076293945312e+02 1.342154979705810547e+02
2.961783981323242188e+02 4.309999847412109375e+02 1.343828678131103516e+02
2.969999885559082031e+02 4.309999847412109375e+02 1.340575981140136719e+02
2.978582000732421875e+02 4.309999847412109375e+02 1.336747360229492188e+02
2.976410865783691406e+02 4.300000000000000000e+02 1.335697555541992188e+02
2.983582115173339844e+02 4.309999847412109375e+02 1.334289741516113281e+02
2.984704780578613281e+02 4.316005706787109375e+02 1.334853458404541016e+02
2.939999961853027344e+02 4.320000076293945312e+02 1.352212142944335938e+02
2.930105400085449219e+02 4.319388198852539062e+02 1.354357814788818359e+02
2.933760070800781250e+02 4.329999923706054688e+02 1.354765510559082031e+02
2.829981803894042969e+02 4.419583511352539062e+02 1.332620334625244141e+02
2.839999961853027344e+02 4.422658920288085938e+02 1.333806705474853516e+02
2.839999961853027344e+02 4.429999923706054688e+02 1.329641723632812500e+02
2.847093200683593750e+02 4.424239730834960938e+02 1.334622478485107422e+02
2.859999847412109375e+02 4.420000076293945312e+02 1.338693237304687500e+02
2.869999885559082031e+02 4.411132049560546875e+02 1.343452358245849609e+02
2.869999885559082031e+02 4.406132125854492188e+02 1.345456409454345703e+02
2.869999885559082031e+02 4.420000076293945312e+02 1.339713668823242188e+02
2.879999923706054688e+02 4.411717605590820312e+02 1.343675613403320312e+02
2.879999923706054688e+02 4.406717681884765625e+02 1.345698261260986328e+02
2.879999923706054688e+02 4.420000076293945312e+02 1.340199947357177734e+02
2.889999961853027344e+02 4.411915969848632812e+02 1.343733501434326172e+02
2.889999961853027344e+02 4.406915664672851562e+02 1.345790863037109375e+02
2.889999961853027344e+02 4.420000076293945312e+02 1.340311431884765625e+02
2.900000000000000000e+02 4.411614227294921875e+02 1.343593502044677734e+02
2.900000000000000000e+02 4.406614303588867188e+02 1.345673561096191406e+02
2.909999847412109375e+02 4.405826950073242188e+02 1.345345401763916016e+02
2.900000000000000000e+02 4.400000000000000000e+02 1.348242855072021484e+02
2.889999961853027344e+02 4.400000000000000000e+02 1.348501014709472656e+02
2.900000000000000000e+02 4.389999771118164062e+02 1.351647567749023438e+02
2.909999847412109375e+02 4.400000000000000000e+02 1.347542667388916016e+02
2.909999847412109375e+02 4.389999771118164062e+02 1.350870418548583984e+02
2.919384956359863281e+02 4.400375747680664062e+02 1.346342182159423828e+02
2.919999885559082031e+02 4.389999771118164062e+02 1.349672508239746094e+02
2.915641593933105469e+02 4.405219268798828125e+02 1.345091533660888672e+02
2.919999885559082031e+02 4.379999923706054688e+02 1.352419662475585938e+02
2.929999923706054688e+02 4.389999771118164062e+02 1.347894763946533203e+02
2.929999923706054688e+02 4.379999923706054688e+02 1.350626659393310547e+02
2.920673751831054688e+02 4.370421600341796875e+02 1.354434776306152344e+02
2.910079765319824219e+02 4.379442596435546875e+02 1.353833866119384766e+02
2.900000000000000000e+02 4.381702041625976562e+02 1.354078292846679688e+02
2.913466262817382812e+02 4.374036407470703125e+02 1.354825592041015625e+02
2.906799697875976562e+02 4.375737762451171875e+02 1.355205249786376953e+02
2.900000000000000000e+02 4.376702117919921875e+02 1.355477428436279297e+02
2.910079765319824219e+02 4.370421600341796875e+02 1.355862522125244141e+02
2.900000000000000000e+02 4.370000076293945312e+02 1.356831073760986328e+02
2.909999847412109375e+02 4.359999847412109375e+02 1.357515335083007812e+02
2.917789459228515625e+02 4.367369461059570312e+02 1.355428409576416016e+02
2.900000000000000000e+02 4.359999847412109375e+02 1.358399200439453125e+02
2.909999847412109375e+02 4.350000000000000000e+02 1.358652877807617188e+02
2.889999961853027344e+02 4.377297592163085938e+02 1.355646896362304688e+02
2.889999961853027344e+02 4.382297515869140625e+02 1.354236030578613281e+02
2.889999961853027344e+02 4.389999771118164062e+02 1.351946163177490234e+02
2.879999923706054688e+02 4.389999771118164062e+02 1.351697254180908203e+02
2.879999923706054688e+02 4.400000000000000000e+02 1.348290729522705078e+02
2.853759956359863281e+02 4.425394058227539062e+02 1.335223007202148438e+02
2.829188346862792969e+02 4.449868392944335938e+02 1.312234210968017578e+02
2.820533943176269531e+02 4.450119781494140625e+02 1.308149242401123047e+02
2.819999885559082031e+02 4.443230056762695312e+02 1.313632297515869141e+02
2.824223327636718750e+02 4.455427932739257812e+02 1.305405616760253906e+02
2.809453201293945312e+02 4.440385055541992188e+02 1.310349559783935547e+02
2.813392639160156250e+02 4.436133956909179688e+02 1.315841484069824219e+02
3.000589942932128906e+02 4.390250015258789062e+02 1.318330192565917969e+02
3.054558753967285156e+02 4.362001037597656250e+02 1.274408912658691406e+02
3.048115921020507812e+02 4.369421768188476562e+02 1.280550956726074219e+02
3.053767204284667969e+02 4.370000076293945312e+02 1.273363113403320312e+02
3.047502708435058594e+02 4.379999923706054688e+02 1.278032684326171875e+02
3.043332481384277344e+02 4.379999923706054688e+02 1.283032703399658203e+02
3.036654663085937500e+02 4.389999771118164062e+02 1.286816787719726562e+02
3.009993743896484375e+02 4.410520935058593750e+02 1.301958560943603516e+02
2.980685997009277344e+02 4.430624771118164062e+02 1.310442447662353516e+02
2.989743614196777344e+02 4.459815216064453125e+02 1.279795932769775391e+02
2.981757354736328125e+02 4.462819671630859375e+02 1.282762622833251953e+02
2.975090789794921875e+02 4.465058517456054688e+02 1.285060596466064453e+02
2.947402381896972656e+02 4.485856628417968750e+02 1.276108551025390625e+02
2.969999885559082031e+02 4.493298721313476562e+02 1.252110671997070312e+02
2.977568054199218750e+02 4.486442947387695312e+02 1.257052993774414062e+02
2.979685211181640625e+02 4.489871597290039062e+02 1.249718189239501953e+02
3.026716041564941406e+02 4.446877670288085938e+02 1.257109832763671875e+02
3.030049324035644531e+02 4.440051651000976562e+02 1.260051631927490234e+02
3.033382606506347656e+02 4.442993545532226562e+02 1.252858161926269531e+02
3.036027145385742188e+02 4.436326599121093750e+02 1.256326770782470703e+02
3.096214675903320312e+02 4.388421630859375000e+02 1.169999980926513672e+02
3.082999038696289062e+02 4.419435501098632812e+02 1.170576381683349609e+02
3.076667785644531250e+02 4.427796936035156250e+02 1.180000019073486328e+02
3.073664474487304688e+02 4.432796859741210938e+02 1.180000019073486328e+02
3.075757217407226562e+02 4.426266479492187500e+02 1.187857723236083984e+02
3.072879791259765625e+02 4.429759979248046875e+02 1.190714645385742188e+02
3.074872398376464844e+02 4.424768066406250000e+02 1.194524383544921875e+02
3.076654624938964844e+02 4.418072128295898438e+02 1.200000000000000000e+02
2.994594764709472656e+02 4.494764328002929688e+02 1.224432849884033203e+02
2.990756797790527344e+02 4.498397445678710938e+02 1.220659732818603516e+02
2.980440521240234375e+02 4.503669357299804688e+02 1.220851421356201172e+02
2.974775505065917969e+02 4.504908752441406250e+02 1.224752330780029297e+02
2.968108749389648438e+02 4.506230163574218750e+02 1.227866744995117188e+02
2.960644149780273438e+02 4.507664871215820312e+02 1.230720043182373047e+02
2.959203910827636719e+02 4.512551498413085938e+02 1.219181632995605469e+02
2.950000000000000000e+02 4.511185455322265625e+02 1.230000019073486328e+02
2.940571784973144531e+02 4.513550949096679688e+02 1.229811096191406250e+02
2.950000000000000000e+02 4.514101791381835938e+02 1.222413730621337891e+02
2.949704360961914062e+02 4.506874465942382812e+02 1.240193080902099609e+02
2.939999961853027344e+02 4.509376907348632812e+02 1.240000057220458984e+02
2.929999923706054688e+02 4.511210632324218750e+02 1.240000057220458984e+02
2.929999923706054688e+02 4.514172744750976562e+02 1.232909870147705078e+02
2.921892738342285156e+02 4.514681243896484375e+02 1.234194755554199219e+02
2.944286155700683594e+02 4.514853668212890625e+02 1.224582290649414062e+02
2.950000000000000000e+02 4.515834426879882812e+02 1.217413711547851562e+02
2.955339813232421875e+02 4.515105819702148438e+02 1.215302658081054688e+02
2.959203910827636719e+02 4.515842056274414062e+02 1.209270381927490234e+02
2.937619590759277344e+02 4.515533447265625000e+02 1.226351737976074219e+02
2.983013534545898438e+02 4.514134216308593750e+02 1.180000019073486328e+02
3.083968544006347656e+02 4.422936630249023438e+02 1.130000019073486328e+02
3.083884811401367188e+02 4.422781372070312500e+02 1.119999980926513672e+02
3.083621978759765625e+02 4.422310256958007812e+02 1.110000038146972656e+02
3.086389160156250000e+02 4.417781448364257812e+02 1.119999980926513672e+02
3.089957809448242188e+02 4.409999847412109375e+02 1.119999980926513672e+02
3.095064735412597656e+02 4.375218963623046875e+02 1.064797782897949219e+02
3.097639846801757812e+02 4.370000076293945312e+02 1.069999980926513672e+02
3.067492485046386719e+02 4.438668060302734375e+02 1.069999980926513672e+02
3.064057922363281250e+02 4.443667984008789062e+02 1.069999980926513672e+02
3.053458976745605469e+02 4.442947769165039062e+02 1.040000057220458984e+02
3.050035285949707031e+02 4.440018844604492188e+02 1.029981422424316406e+02
3.048035621643066406e+02 4.450054931640625000e+02 1.040498447418212891e+02
3.043622779846191406e+02 4.453424835205078125e+02 1.037497329711914062e+02
3.046456336975097656e+02 4.446758270263671875e+02 1.032659530639648438e+02
3.045447349548339844e+02 4.455496215820312500e+02 1.044163990020751953e+02
3.039623832702636719e+02 4.459601974487304688e+02 1.040699768066406250e+02
3.046713447570800781e+02 4.456905364990234375e+02 1.050000000000000000e+02
3.042058944702148438e+02 4.461905288696289062e+02 1.050000000000000000e+02
3.037059020996093750e+02 4.467039871215820312e+02 1.050000000000000000e+02
3.044088363647460938e+02 4.464030838012695312e+02 1.060000038146972656e+02
3.039088249206542969e+02 4.469079208374023438e+02 1.060000038146972656e+02
3.033981132507324219e+02 4.474079513549804688e+02 1.060000038146972656e+02
3.040592384338378906e+02 4.470592498779296875e+02 1.068341350555419922e+02
3.034996986389160156e+02 4.474997329711914062e+02 1.065008068084716797e+02
3.036187744140625000e+02 4.476109313964843750e+02 1.071674728393554688e+02
3.042435264587402344e+02 4.472441482543945312e+02 1.080000019073486328e+02
3.037435150146484375e+02 4.477273941040039062e+02 1.080000019073486328e+02
3.043679237365722656e+02 4.473691558837890625e+02 1.090000057220458984e+02
3.047298431396484375e+02 4.467441558837890625e+02 1.080000019073486328e+02
3.030361557006835938e+02 4.480323791503906250e+02 1.069062137603759766e+02
3.028981018066406250e+02 4.478421401977539062e+02 1.060000038146972656e+02
3.025726127624511719e+02 4.485593795776367188e+02 1.073116302490234375e+02
3.024409484863281250e+02 4.484538269042968750e+02 1.066449546813964844e+02
3.022947311401367188e+02 4.483421325683593750e+02 1.060000038146972656e+02
3.020645713806152344e+02 4.488418960571289062e+02 1.069869804382324219e+02
3.017947387695312500e+02 4.487209701538085938e+02 1.060000038146972656e+02
3.016187095642089844e+02 4.485882949829101562e+02 1.052901744842529297e+02
3.010545921325683594e+02 4.488425445556640625e+02 1.049741077423095703e+02
3.019712257385253906e+02 4.481843185424804688e+02 1.049741077423095703e+02
3.014243125915527344e+02 4.484473419189453125e+02 1.046235084533691406e+02
3.026697731018066406e+02 4.476449203491210938e+02 1.050000000000000000e+02
3.019841957092285156e+02 4.477482604980468750e+02 1.040727901458740234e+02
3.025285720825195312e+02 4.475241851806640625e+02 1.044546508789062500e+02
3.029473495483398438e+02 4.469528198242187500e+02 1.040891075134277344e+02
3.035624694824218750e+02 4.465611267089843750e+02 1.043902206420898438e+02
3.031697654724121094e+02 4.472040176391601562e+02 1.050000000000000000e+02
3.002672195434570312e+02 4.493619537353515625e+02 1.050000000000000000e+02
3.006972694396972656e+02 4.486329650878906250e+02 1.040000057220458984e+02
3.044355964660644531e+02 4.444203567504882812e+02 1.025992870330810547e+02
2.995644187927246094e+02 4.495377731323242188e+02 1.044227027893066406e+02
3.066044616699218750e+02 4.388030624389648438e+02 1.013669776916503906e+02
