3.444652938842773438e+02 4.663306808471679688e+02 2.442313766479492188e+02
3.444015502929687500e+02 4.669326019287109375e+02 2.439388275146484375e+02
3.444313812255859375e+02 4.661715698242187500e+02 2.450000000000000000e+02
3.445711517333984375e+02 4.659984207153320312e+02 2.439388275146484375e+02
3.447280120849609375e+02 4.659999847412109375e+02 2.429999923706054688e+02
3.447994613647460938e+02 4.650000000000000000e+02 2.439999961853027344e+02
3.445355224609375000e+02 4.656715774536132812e+02 2.450000000000000000e+02
3.445083618164062500e+02 4.665543746948242188e+02 2.435647201538085938e+02
3.445634460449218750e+02 4.669326019287109375e+02 2.429697799682617188e+02
3.444571685791015625e+02 4.672210311889648438e+02 2.432829666137695312e+02
3.447787475585937500e+02 4.670000076293945312e+02 2.419999885559082031e+02
3.445230102539062500e+02 4.676972198486328125e+02 2.426163101196289062e+02
3.446284103393554688e+02 4.680183029174804688e+02 2.420662879943847656e+02
3.444164657592773438e+02 4.680183029174804688e+02 2.429697799682617188e+02
3.444840240478515625e+02 4.683638763427734375e+02 2.424438095092773438e+02
3.442484664916992188e+02 4.679999923706054688e+02 2.439999961853027344e+02
3.443342590332031250e+02 4.689999771118164062e+02 2.429999923706054688e+02
3.444653320312500000e+02 4.689999771118164062e+02 2.423793029785156250e+02
3.441678619384765625e+02 4.689999771118164062e+02 2.439999961853027344e+02
3.443262481689453125e+02 4.700000000000000000e+02 2.429999923706054688e+02
3.444616317749023438e+02 4.700000000000000000e+02 2.423670768737792969e+02
3.441590118408203125e+02 4.700000000000000000e+02 2.439999961853027344e+02
3.444052886962890625e+02 4.710120391845703125e+02 2.429484558105468750e+02
3.444791412353515625e+02 4.706867599487304688e+02 2.424274826049804688e+02
3.442273712158203125e+02 4.709999847412109375e+02 2.439999961853027344e+02
3.444491577148437500e+02 4.718080902099609375e+02 2.432474327087402344e+02
3.445163345336914062e+02 4.713534164428710938e+02 2.425807571411132812e+02
3.445557403564453125e+02 4.720848464965820312e+02 2.429484558105468750e+02
3.446194076538085938e+02 4.710120391845703125e+02 2.420564842224121094e+02
3.446056747436523438e+02 4.700000000000000000e+02 2.418670654296875000e+02
3.449303436279296875e+02 4.709999847412109375e+02 2.409999847412109375e+02
3.447686386108398438e+02 4.720000076293945312e+02 2.419999885559082031e+02
3.450597763061523438e+02 4.720000076293945312e+02 2.409999847412109375e+02
3.449742126464843750e+02 4.729999923706054688e+02 2.419999885559082031e+02
3.453007507324218750e+02 4.730717849731445312e+02 2.409217071533203125e+02
3.447433090209960938e+02 4.729999923706054688e+02 2.429999923706054688e+02
3.452970886230468750e+02 4.740753936767578125e+02 2.419314193725585938e+02
3.454079437255859375e+02 4.737923431396484375e+02 2.412028312683105469e+02
3.450322723388671875e+02 4.739999771118164062e+02 2.429999923706054688e+02
3.454301834106445312e+02 4.746720123291015625e+02 2.422190475463867188e+02
3.455130767822265625e+02 4.744589996337890625e+02 2.415523719787597656e+02
3.455828094482421875e+02 4.740753936767578125e+02 2.409217071533203125e+02
3.456326675415039062e+02 4.750032043457031250e+02 2.419314193725585938e+02
3.458813476562500000e+02 4.750000000000000000e+02 2.409999847412109375e+02
3.455521011352539062e+02 4.753726196289062500e+02 2.429999923706054688e+02
3.460299301147460938e+02 4.759999847412109375e+02 2.419999885559082031e+02
3.463013076782226562e+02 4.760289001464843750e+02 2.410062026977539062e+02
3.458250427246093750e+02 4.759999847412109375e+02 2.429999923706054688e+02
3.463739013671875000e+02 4.767491531372070312e+02 2.419999885559082031e+02
3.464537811279296875e+02 4.765908813476562500e+02 2.413436698913574219e+02
3.463114929199218750e+02 4.770447921752929688e+02 2.430608749389648438e+02
3.466278457641601562e+02 4.772491455078125000e+02 2.419999885559082031e+02
3.467366790771484375e+02 4.769545364379882812e+02 2.410062026977539062e+02
3.465469741821289062e+02 4.774079895019531250e+02 2.427681350708007812e+02
3.470446014404296875e+02 4.779999923706054688e+02 2.419999885559082031e+02
3.472964477539062500e+02 4.780165481567382812e+02 2.410701751708984375e+02
3.467768096923828125e+02 4.779121780395507812e+02 2.430608749389648438e+02
3.474167251586914062e+02 4.786297225952148438e+02 2.419999885559082031e+02
3.474852371215820312e+02 4.785229492187500000e+02 2.414502906799316406e+02
3.473107528686523438e+02 4.787948989868164062e+02 2.429999923706054688e+02
3.477397155761718750e+02 4.791297149658203125e+02 2.419999885559082031e+02
3.476341629028320312e+02 4.792949295043945312e+02 2.429999923706054688e+02
3.482397079467773438e+02 4.798590850830078125e+02 2.419999885559082031e+02
3.478489685058593750e+02 4.789137649536132812e+02 2.410701751708984375e+02
3.475834274291992188e+02 4.783609390258789062e+02 2.407836151123046875e+02
3.482491302490234375e+02 4.790241622924804688e+02 2.400405883789062500e+02
3.483736419677734375e+02 4.796746444702148438e+02 2.409999847412109375e+02
3.484648132324218750e+02 4.795489501953125000e+02 2.404009819030761719e+02
3.487395477294921875e+02 4.801746368408203125e+02 2.409999847412109375e+02
3.488692092895507812e+02 4.799293518066406250e+02 2.400405883789062500e+02
3.486051940917968750e+02 4.803590774536132812e+02 2.419999885559082031e+02
3.492395401000976562e+02 4.808194351196289062e+02 2.409999847412109375e+02
3.493994903564453125e+02 4.806241989135742188e+02 2.400000000000000000e+02
3.491674041748046875e+02 4.810628128051757812e+02 2.420313072204589844e+02
3.496517944335937500e+02 4.813194274902343750e+02 2.409999847412109375e+02
3.495525741577148438e+02 4.814380264282226562e+02 2.417188453674316406e+02
3.501517868041992188e+02 4.818765258789062500e+02 2.409999847412109375e+02
3.498088455200195312e+02 4.811241912841796875e+02 2.400000000000000000e+02
3.500226974487304688e+02 4.809712982177734375e+02 2.390633583068847656e+02
3.503088378906250000e+02 4.817100524902343750e+02 2.400000000000000000e+02
3.507740402221679688e+02 4.822100448608398438e+02 2.400000000000000000e+02
3.504286193847656250e+02 4.815800094604492188e+02 2.393163681030273438e+02
3.509809875488281250e+02 4.820225524902343750e+02 2.389513015747070312e+02
3.514036178588867188e+02 4.825966644287109375e+02 2.392528915405273438e+02
3.515335845947265625e+02 4.824650955200195312e+02 2.385862159729003906e+02
3.505583572387695312e+02 4.814315795898437500e+02 2.386497116088867188e+02
3.511841201782226562e+02 4.818443679809570312e+02 2.379999923706054688e+02
3.506841278076171875e+02 4.812788772583007812e+02 2.379999923706054688e+02
3.513537979125976562e+02 4.816607284545898438e+02 2.371820449829101562e+02
3.516480636596679688e+02 4.823443603515625000e+02 2.379999923706054688e+02
3.517947769165039062e+02 4.819964218139648438e+02 2.369092178344726562e+02
3.521480560302734375e+02 4.828442001342773438e+02 2.379999923706054688e+02
3.523630523681640625e+02 4.826348114013671875e+02 2.369999885559082031e+02
3.519743728637695312e+02 4.830277633666992188e+02 2.389337921142578125e+02
3.526723861694335938e+02 4.833441925048828125e+02 2.379999923706054688e+02
3.530105209350585938e+02 4.831982040405273438e+02 2.369215202331542969e+02
3.525456237792968750e+02 4.834588241577148438e+02 2.386147117614746094e+02
3.531723785400390625e+02 4.837836074829101562e+02 2.379999923706054688e+02
3.533508682250976562e+02 4.836297607421875000e+02 2.372025489807128906e+02
3.530083084106445312e+02 4.839962768554687500e+02 2.390210342407226562e+02
3.537741470336914062e+02 4.842835998535156250e+02 2.379999923706054688e+02
3.539718246459960938e+02 4.840242385864257812e+02 2.369487953186035156e+02
3.536074829101562500e+02 4.844150543212890625e+02 2.387607002258300781e+02
3.542741775512695312e+02 4.846714019775390625e+02 2.379999923706054688e+02
3.539645004272460938e+02 4.847799301147460938e+02 2.390564155578613281e+02
3.550418853759765625e+02 4.852062606811523438e+02 2.379881477355957031e+02
3.544247055053710938e+02 4.845568466186523438e+02 2.373616981506347656e+02
3.549690628051757812e+02 4.847927474975585938e+02 2.370170211791992188e+02
3.546151351928710938e+02 4.844187545776367188e+02 2.366950416564941406e+02
3.552817916870117188e+02 4.846491241455078125e+02 2.361850357055664062e+02
3.557831954956054688e+02 4.853232574462890625e+02 2.369999885559082031e+02
3.559875869750976562e+02 4.850096893310546875e+02 2.359831237792968750e+02
3.555827331542968750e+02 4.854485702514648438e+02 2.376469230651855469e+02
3.562831878662109375e+02 4.856325531005859375e+02 2.369999885559082031e+02
3.559496307373046875e+02 4.857899856567382812e+02 2.379881477355957031e+02
3.570000076293945312e+02 4.860315704345703125e+02 2.369999885559082031e+02
3.564615249633789062e+02 4.855239486694335938e+02 2.364479064941406250e+02
3.570394134521484375e+02 4.856706619262695312e+02 2.360687446594238281e+02
3.567323303222656250e+02 4.853702545166015625e+02 2.357812309265136719e+02
3.573989868164062500e+02 4.855558395385742188e+02 2.353911018371582031e+02
3.580633544921875000e+02 4.861866760253906250e+02 2.360602569580078125e+02
3.580379486083984375e+02 4.856949234008789062e+02 2.350346565246582031e+02
3.577137756347656250e+02 4.863990020751953125e+02 2.369999885559082031e+02
3.584389114379882812e+02 4.865287399291992188e+02 2.364337730407714844e+02
3.587807464599609375e+02 4.863839340209960938e+02 2.357671165466308594e+02
3.590684509277343750e+02 4.861782836914062500e+02 2.350727844238281250e+02
3.590684509277343750e+02 4.866257095336914062e+02 2.360602569580078125e+02
3.594474029541015625e+02 4.865217590332031250e+02 2.354546356201171875e+02
3.589999771118164062e+02 4.869537734985351562e+02 2.369999885559082031e+02
3.600000000000000000e+02 4.869416046142578125e+02 2.359999847412109375e+02
3.600000000000000000e+02 4.866201400756835938e+02 2.352430343627929688e+02
3.600153732299804688e+02 4.873197174072265625e+02 2.370164108276367188e+02
3.610461425781250000e+02 4.872805786132812500e+02 2.360639953613281250e+02
3.609355163574218750e+02 4.867658996582031250e+02 2.349216461181640625e+02
3.607435607910156250e+02 4.874362564086914062e+02 2.366940307617187500e+02
3.614102554321289062e+02 4.875234985351562500e+02 2.364399909973144531e+02
3.620000076293945312e+02 4.873997879028320312e+02 2.357568359375000000e+02
3.620000076293945312e+02 4.870800018310546875e+02 2.350000000000000000e+02
3.620000076293945312e+02 4.875925445556640625e+02 2.362568283081054688e+02
3.626431655883789062e+02 4.874734497070312500e+02 2.355690956115722656e+02
3.629858779907226562e+02 4.873176193237304688e+02 2.350500488281250000e+02
3.629858779907226562e+02 4.876746368408203125e+02 2.359414482116699219e+02
3.633098220825195312e+02 4.875352096557617188e+02 2.354167366027832031e+02
3.629999923706054688e+02 4.880348968505859375e+02 2.369999885559082031e+02
3.639999771118164062e+02 4.878620910644531250e+02 2.359999847412109375e+02
3.639999771118164062e+02 4.875920867919921875e+02 2.352801132202148438e+02
3.639999771118164062e+02 4.881896209716796875e+02 2.369999885559082031e+02
3.650000000000000000e+02 4.879950332641601562e+02 2.359999847412109375e+02
3.650718688964843750e+02 4.883493041992187500e+02 2.370899772644042969e+02
3.659999847412109375e+02 4.880887985229492188e+02 2.359999847412109375e+02
3.650000000000000000e+02 4.876610946655273438e+02 2.351117706298828125e+02
3.650000000000000000e+02 4.874529266357421875e+02 2.346117591857910156e+02
3.659798812866210938e+02 4.876779937744140625e+02 2.349153518676757812e+02
3.670000076293945312e+02 4.877769088745117188e+02 2.350000000000000000e+02
3.656331634521484375e+02 4.874892425537109375e+02 2.345256042480468750e+02
3.662998199462890625e+02 4.875162124633789062e+02 2.344671440124511719e+02
3.659798812866210938e+02 4.873009872436523438e+02 2.340802764892578125e+02
3.670000076293945312e+02 4.875366210937500000e+02 2.344256973266601562e+02
3.670000076293945312e+02 4.872891998291015625e+02 2.339257049560546875e+02
3.679999923706054688e+02 4.875479507446289062e+02 2.344022369384765625e+02
3.679999923706054688e+02 4.873012924194335938e+02 2.339022445678710938e+02
3.679999923706054688e+02 4.877973175048828125e+02 2.350000000000000000e+02
3.689999771118164062e+02 4.875313949584960938e+02 2.344353294372558594e+02
3.689999771118164062e+02 4.872891998291015625e+02 2.339353370666503906e+02
3.689999771118164062e+02 4.877618789672851562e+02 2.350000000000000000e+02
3.696048355102539062e+02 4.875104904174804688e+02 2.344779205322265625e+02
3.699628829956054688e+02 4.872908401489257812e+02 2.340867424011230469e+02
3.699628829956054688e+02 4.876562500000000000e+02 2.349344444274902344e+02
3.702714920043945312e+02 4.874772262573242188e+02 2.345573997497558594e+02
3.700000000000000000e+02 4.880355834960937500e+02 2.359999847412109375e+02
3.709999847412109375e+02 4.876300811767578125e+02 2.351678276062011719e+02
3.709999847412109375e+02 4.874336624145507812e+02 2.346678161621093750e+02
3.709999847412109375e+02 4.879221343994140625e+02 2.359999847412109375e+02
3.720000076293945312e+02 4.875501632690429688e+02 2.353721046447753906e+02
3.720000076293945312e+02 4.873534011840820312e+02 2.348720932006835938e+02
3.720000076293945312e+02 4.877666091918945312e+02 2.359999847412109375e+02
3.725056457519531250e+02 4.875014114379882812e+02 2.354964447021484375e+02
3.729033660888671875e+02 4.872454071044921875e+02 2.350978660583496094e+02
3.729033660888671875e+02 4.875893783569335938e+02 2.360420417785644531e+02
3.731723022460937500e+02 4.874188232421875000e+02 2.357367324829101562e+02
3.729999923706054688e+02 4.878641128540039062e+02 2.369999885559082031e+02
3.736166000366210938e+02 4.875331115722656250e+02 2.364033889770507812e+02
3.739699554443359375e+02 4.876211929321289062e+02 2.370226860046386719e+02
3.739699554443359375e+02 4.873069763183593750e+02 2.360420417785644531e+02
3.739999771118164062e+02 4.869055175781250000e+02 2.350000000000000000e+02
3.742832565307617188e+02 4.874383544921875000e+02 2.367044830322265625e+02
3.750000000000000000e+02 4.869637298583984375e+02 2.359999847412109375e+02
3.749230957031250000e+02 4.866237258911132812e+02 2.350478744506835938e+02
3.749653625488281250e+02 4.873075866699218750e+02 2.370226860046386719e+02
3.759521102905273438e+02 4.866237258911132812e+02 2.360769081115722656e+02
3.762535095214843750e+02 4.863923263549804688e+02 2.357948493957519531e+02
3.755868530273437500e+02 4.865377044677734375e+02 2.354131317138671875e+02
3.759999847412109375e+02 4.869049072265625000e+02 2.369999885559082031e+02
3.765277481079101562e+02 4.865140914916992188e+02 2.364615249633789062e+02
3.769166564941406250e+02 4.861709594726562500e+02 2.360769081115722656e+02
3.766989517211914062e+02 4.865991973876953125e+02 2.369999885559082031e+02
3.771989440917968750e+02 4.863460540771484375e+02 2.369999885559082031e+02
3.770425033569335938e+02 4.867076492309570312e+02 2.380214309692382812e+02
3.759999847412109375e+02 4.871756362915039062e+02 2.379999923706054688e+02
3.774041748046875000e+02 4.864512634277343750e+02 2.377023696899414062e+02
3.770000076293945312e+02 4.869257736206054688e+02 2.389999961853027344e+02
3.775530624389648438e+02 4.865314483642578125e+02 2.383690452575683594e+02
3.779318237304687500e+02 4.862193679809570312e+02 2.380214309692382812e+02
3.776485443115234375e+02 4.865879440307617188e+02 2.389999961853027344e+02
3.781485366821289062e+02 4.862882995605468750e+02 2.389999961853027344e+02
3.777618026733398438e+02 4.866536712646484375e+02 2.400000000000000000e+02
3.778289794921875000e+02 4.866905212402343750e+02 2.409999847412109375e+02
3.782617950439453125e+02 4.863565063476562500e+02 2.400000000000000000e+02
3.770000076293945312e+02 4.870610046386718750e+02 2.400000000000000000e+02
3.762805557250976562e+02 4.874073028564453125e+02 2.400000000000000000e+02
3.770000076293945312e+02 4.871356964111328125e+02 2.409999847412109375e+02
3.770000076293945312e+02 4.871590423583984375e+02 2.419999885559082031e+02
3.763732147216796875e+02 4.874451828002929688e+02 2.409999847412109375e+02
3.758732223510742188e+02 4.876599884033203125e+02 2.409999847412109375e+02
3.764022827148437500e+02 4.874567031860351562e+02 2.419999885559082031e+02
3.759022903442382812e+02 4.876760864257812500e+02 2.419999885559082031e+02
3.763873291015625000e+02 4.874497222900390625e+02 2.429999923706054688e+02
3.758872985839843750e+02 4.876708984375000000e+02 2.429999923706054688e+02
3.763137817382812500e+02 4.874179840087890625e+02 2.439999961853027344e+02
3.770000076293945312e+02 4.871438980102539062e+02 2.429999923706054688e+02
3.770000076293945312e+02 4.870803451538085938e+02 2.439999961853027344e+02
3.778340911865234375e+02 4.866941833496093750e+02 2.429999923706054688e+02
3.778518295288085938e+02 4.867023468017578125e+02 2.419999885559082031e+02
3.783340835571289062e+02 4.864007949829101562e+02 2.429999923706054688e+02
3.777742004394531250e+02 4.866623687744140625e+02 2.439999961853027344e+02
3.782741928100585938e+02 4.863625717163085938e+02 2.439999961853027344e+02
3.776728820800781250e+02 4.866036224365234375e+02 2.450000000000000000e+02
3.781728744506835938e+02 4.862989044189453125e+02 2.450000000000000000e+02
3.775758361816406250e+02 4.865456771850585938e+02 2.457311820983886719e+02
3.770000076293945312e+02 4.869622802734375000e+02 2.450000000000000000e+02
3.761751174926757812e+02 4.873586654663085938e+02 2.450000000000000000e+02
3.770771789550781250e+02 4.867490386962890625e+02 2.460387039184570312e+02
3.768203353881835938e+02 4.866673660278320312e+02 2.469999885559082031e+02
3.774619674682617188e+02 4.864796447753906250e+02 2.463978385925292969e+02
3.759375762939453125e+02 4.873006057739257812e+02 2.459872245788574219e+02
3.759999847412109375e+02 4.870540237426757812e+02 2.469999885559082031e+02
3.755626296997070312e+02 4.875271606445312500e+02 2.456453704833984375e+02
3.754104995727539062e+02 4.874649810791015625e+02 2.463120460510253906e+02
3.752119064331054688e+02 4.873866271972656250e+02 2.469999885559082031e+02
3.750463104248046875e+02 4.876662826538085938e+02 2.459872245788574219e+02
3.739999771118164062e+02 4.880259704589843750e+02 2.459999847412109375e+02
3.750000000000000000e+02 4.878461456298828125e+02 2.450000000000000000e+02
3.747118759155273438e+02 4.875819778442382812e+02 2.469999885559082031e+02
3.745386886596679688e+02 4.875152587890625000e+02 2.475570487976074219e+02
3.739999771118164062e+02 4.878198242187500000e+02 2.469999885559082031e+02
3.729999923706054688e+02 4.881111907958984375e+02 2.469999885559082031e+02
3.739645767211914062e+02 4.876032638549804688e+02 2.479342269897460938e+02
3.742742919921875000e+02 4.874264144897460938e+02 2.482237052917480469e+02
3.736075973510742188e+02 4.875350952148437500e+02 2.486135292053222656e+02
3.729999923706054688e+02 4.878768157958984375e+02 2.479999923706054688e+02
3.720000076293945312e+02 4.881306076049804688e+02 2.479999923706054688e+02
3.729639053344726562e+02 4.876190567016601562e+02 2.489681243896484375e+02
3.720000076293945312e+02 4.878641891479492188e+02 2.489999961853027344e+02
3.726065444946289062e+02 4.875319290161132812e+02 2.495935058593750000e+02
3.732732009887695312e+02 4.874321746826171875e+02 2.492802047729492188e+02
3.729639053344726562e+02 4.872989273071289062e+02 2.499560928344726562e+02
3.739645767211914062e+02 4.873073196411132812e+02 2.489681243896484375e+02
3.739999771118164062e+02 4.869446563720703125e+02 2.500000000000000000e+02
3.750000000000000000e+02 4.869142532348632812e+02 2.489999961853027344e+02
3.749232101440429688e+02 4.872622680664062500e+02 2.479342269897460938e+02
3.749348068237304688e+02 4.866150665283203125e+02 2.499177551269531250e+02
3.757233810424804688e+02 4.866042327880859375e+02 2.489999961853027344e+02
3.762233734130859375e+02 4.863639450073242188e+02 2.489999961853027344e+02
3.760638427734375000e+02 4.867483520507812500e+02 2.480424118041992188e+02
3.755247116088867188e+02 4.865121459960937500e+02 2.495295906066894531e+02
3.759148406982421875e+02 4.861529159545898438e+02 2.499177551269531250e+02
3.759481048583984375e+02 4.856714630126953125e+02 2.509372711181640625e+02
3.767637634277343750e+02 4.856598281860351562e+02 2.500000000000000000e+02
3.752246856689453125e+02 4.863750457763671875e+02 2.501962661743164062e+02
3.749348068237304688e+02 4.861770248413085938e+02 2.509348106384277344e+02
3.741816329956054688e+02 4.863750457763671875e+02 2.512246894836425781e+02
3.749372863769531250e+02 4.856714630126953125e+02 2.519481277465820312e+02
3.745580291748046875e+02 4.865260314941406250e+02 2.505580329895019531e+02
3.739089584350585938e+02 4.866077804565429688e+02 2.509348106384277344e+02
3.729999923706054688e+02 4.868926239013671875e+02 2.509999847412109375e+02
3.735149383544921875e+02 4.865058517456054688e+02 2.515119361877441406e+02
3.729999923706054688e+02 4.865930938720703125e+02 2.516966629028320312e+02
3.739089584350585938e+02 4.861496353149414062e+02 2.519071578979492188e+02
3.729999923706054688e+02 4.863512420654296875e+02 2.521966743469238281e+02
3.739999771118164062e+02 4.856557464599609375e+02 2.527633285522460938e+02
3.739999771118164062e+02 4.853520584106445312e+02 2.532633209228515625e+02
3.730672836303710938e+02 4.858452224731445312e+02 2.530788612365722656e+02
3.745621490478515625e+02 4.855324935913085938e+02 2.525529670715332031e+02
3.750013732910156250e+02 4.850062561035156250e+02 2.530009078979492188e+02
3.754406356811523438e+02 4.844643783569335938e+02 2.534488487243652344e+02
3.752288055419921875e+02 4.853549957275390625e+02 2.522468757629394531e+02
3.747739791870117188e+02 4.846575164794921875e+02 2.537207794189453125e+02
3.758026123046875000e+02 4.846883392333984375e+02 2.527821922302246094e+02
3.760247421264648438e+02 4.850216674804687500e+02 2.520247459411621094e+02
3.760815811157226562e+02 4.843094635009765625e+02 2.530693054199218750e+02
3.764692687988281250e+02 4.844799804687500000e+02 2.524692726135253906e+02
3.759371185302734375e+02 4.837483596801757812e+02 2.539532852172851562e+02
3.769551849365234375e+02 4.837704086303710938e+02 2.529519081115722656e+02
3.770654296875000000e+02 4.843027877807617188e+02 2.520815658569335938e+02
3.765919876098632812e+02 4.835714340209960938e+02 2.535888099670410156e+02
3.775784301757812500e+02 4.835659027099609375e+02 2.525865173339843750e+02
3.772586441040039062e+02 4.833042526245117188e+02 2.532531738281250000e+02
3.769572448730468750e+02 4.829663848876953125e+02 2.539583587646484375e+02
3.779478454589843750e+02 4.829549407958984375e+02 2.529403495788574219e+02
3.782450866699218750e+02 4.832723236083984375e+02 2.521964073181152344e+02
3.776506042480468750e+02 4.826375961303710938e+02 2.536612510681152344e+02
3.786068344116210938e+02 4.826056289672851562e+02 2.526275253295898438e+02
3.783172607421875000e+02 4.823172378540039062e+02 2.532942008972167969e+02
3.779947280883789062e+02 4.819959640502929688e+02 2.539933586120605469e+02
3.789570617675781250e+02 4.819523239135742188e+02 2.529458808898925781e+02
3.786406707763671875e+02 4.816505813598632812e+02 2.536588096618652344e+02
3.795756149291992188e+02 4.815874099731445312e+02 2.525975418090820312e+02
3.793073272705078125e+02 4.812694168090820312e+02 2.532642173767089844e+02
3.792734909057617188e+02 4.822540664672851562e+02 2.522022819519042969e+02
3.788983917236328125e+02 4.828999328613281250e+02 2.518660163879394531e+02
3.797453308105468750e+02 4.819524383544921875e+02 2.519213676452636719e+02
3.802428436279296875e+02 4.820318603515625000e+02 2.510751152038574219e+02
3.795258712768554688e+02 4.825275421142578125e+02 2.515356063842773438e+02
3.803282165527343750e+02 4.810793304443359375e+02 2.520976638793945312e+02
3.804973220825195312e+02 4.804960250854492188e+02 2.524961090087890625e+02
3.804740524291992188e+02 4.814655303955078125e+02 2.514585304260253906e+02
3.797925186157226562e+02 4.809616470336914062e+02 2.529585266113281250e+02
3.807145690917968750e+02 4.807988739013671875e+02 2.518294525146484375e+02
3.810459136962890625e+02 4.800691223144531250e+02 2.520678329467773438e+02
3.810279083251953125e+02 4.810353088378906250e+02 2.510426521301269531e+02
3.813812637329101562e+02 4.803088760375976562e+02 2.512934684753417969e+02
3.813412094116210938e+02 4.812717056274414062e+02 2.501740646362304688e+02
3.806745529174804688e+02 4.817197799682617188e+02 2.507918548583984375e+02
3.815712356567382812e+02 4.806050491333007812e+02 2.506267929077148438e+02
3.817557525634765625e+02 4.799853134155273438e+02 2.509760665893554688e+02
3.816803359985351562e+02 4.809630203247070312e+02 2.499044418334960938e+02
3.822394180297851562e+02 4.799903488159179688e+02 2.500158119201660156e+02
3.821268081665039062e+02 4.809302902221679688e+02 2.489463615417480469e+02
3.815036010742187500e+02 4.815047454833984375e+02 2.495074081420898438e+02
3.816141891479492188e+02 4.816544342041015625e+02 2.489999961853027344e+02
3.809603118896484375e+02 4.819456100463867188e+02 2.499142646789550781e+02
3.804047775268554688e+02 4.823864364624023438e+02 2.503211212158203125e+02
3.812338256835937500e+02 4.821544265747070312e+02 2.489999961853027344e+02
3.805794525146484375e+02 4.825917434692382812e+02 2.496544456481933594e+02
3.807338333129882812e+02 4.827706527709960938e+02 2.489999961853027344e+02
3.800078201293945312e+02 4.830067825317382812e+02 2.500099945068359375e+02
3.794207382202148438e+02 4.834218597412109375e+02 2.503655433654785156e+02
3.802885437011718750e+02 4.832706832885742188e+02 2.489999961853027344e+02
3.796979904174804688e+02 4.827120590209960938e+02 2.509999847412109375e+02
3.796108627319335938e+02 4.836108779907226562e+02 2.496988868713378906e+02
3.797885513305664062e+02 4.837870025634765625e+02 2.489999961853027344e+02
3.790024566650390625e+02 4.840042114257812500e+02 2.500017166137695312e+02
3.783706665039062500e+02 4.843975448608398438e+02 2.503045463562011719e+02
3.792613220214843750e+02 4.842870330810546875e+02 2.489999961853027344e+02
3.787080001831054688e+02 4.836892318725585938e+02 2.509999847412109375e+02
3.785842132568359375e+02 4.845701980590820312e+02 2.496378707885742188e+02
3.780223846435546875e+02 4.848210525512695312e+02 2.499827194213867188e+02
3.787613296508789062e+02 4.847166061401367188e+02 2.489999961853027344e+02
3.780025863647460938e+02 4.852606201171875000e+02 2.490698051452636719e+02
3.789674758911132812e+02 4.849762344360351562e+02 2.479255867004394531e+02
3.794309234619140625e+02 4.844384765625000000e+02 2.483424377441406250e+02
3.783376312255859375e+02 4.853852844238281250e+02 2.481753921508789062e+02
3.791050338745117188e+02 4.851821136474609375e+02 2.469999885559082031e+02
3.785040283203125000e+02 4.855030822753906250e+02 2.475087165832519531e+02
3.795741271972656250e+02 4.845672225952148438e+02 2.476757812500000000e+02
3.797027206420898438e+02 4.846821212768554688e+02 2.469999885559082031e+02
3.800073242187500000e+02 4.840087509155273438e+02 2.480142402648925781e+02
3.804405593872070312e+02 4.834358215332031250e+02 2.483526992797851562e+02
3.802027511596679688e+02 4.842094802856445312e+02 2.469999885559082031e+02
3.805735015869140625e+02 4.835790252685546875e+02 2.476860427856445312e+02
3.806956863403320312e+02 4.837094879150390625e+02 2.469999885559082031e+02
3.809862518310546875e+02 4.829820632934570312e+02 2.479572486877441406e+02
3.813990020751953125e+02 4.823677825927734375e+02 2.482284545898437500e+02
3.811956787109375000e+02 4.831418991088867188e+02 2.469999885559082031e+02
3.815230560302734375e+02 4.825283050537109375e+02 2.475617790222167969e+02
3.816141128540039062e+02 4.826418685913085938e+02 2.469999885559082031e+02
3.817610168457031250e+02 4.820206832885742188e+02 2.479370689392089844e+02
3.821492767333984375e+02 4.819255828857421875e+02 2.469592285156250000e+02
3.823089599609375000e+02 4.812070465087890625e+02 2.479999923706054688e+02
3.824299240112304688e+02 4.813922500610351562e+02 2.472653770446777344e+02
3.826316070556640625e+02 4.807070159912109375e+02 2.479999923706054688e+02
3.825323867797851562e+02 4.805504608154296875e+02 2.485772895812988281e+02
3.827455902099609375e+02 4.810353469848632812e+02 2.469592285156250000e+02
3.830447006225585938e+02 4.800000000000000000e+02 2.479999923706054688e+02
3.834130859375000000e+02 4.793276214599609375e+02 2.479999923706054688e+02
3.833261489868164062e+02 4.799965286254882812e+02 2.470934677124023438e+02
3.827042770385742188e+02 4.799903488159179688e+02 2.489463615417480469e+02
3.823924255371093750e+02 4.803172302246093750e+02 2.492439460754394531e+02
3.825875091552734375e+02 4.796505737304687500e+02 2.496930122375488281e+02
3.832364654541015625e+02 4.789655685424804688e+02 2.489808845520019531e+02
3.834194183349609375e+02 4.783121109008789062e+02 2.493014907836914062e+02
3.827662658691406250e+02 4.790242385864257812e+02 2.500158119201660156e+02
3.835546112060546875e+02 4.786093139648437500e+02 2.486348152160644531e+02
3.836870956420898438e+02 4.779872512817382812e+02 2.489808845520019531e+02
3.836669540405273438e+02 4.788276290893554688e+02 2.479999923706054688e+02
3.838092041015625000e+02 4.790965270996093750e+02 2.470934677124023438e+02
3.840459442138671875e+02 4.779999923706054688e+02 2.479999923706054688e+02
3.843915939331054688e+02 4.770614242553710938e+02 2.480669021606445312e+02
3.843416976928710938e+02 4.779968261718750000e+02 2.470503616333007812e+02
3.844766998291015625e+02 4.774357223510742188e+02 2.474172592163085938e+02
3.844422149658203125e+02 4.783679580688476562e+02 2.459999847412109375e+02
3.845700073242187500e+02 4.776613998413085938e+02 2.467506027221679688e+02
3.847144699096679688e+02 4.770614242553710938e+02 2.470503616333007812e+02
3.846596908569335938e+02 4.778679656982421875e+02 2.459999847412109375e+02
3.847269821166992188e+02 4.780975341796875000e+02 2.450923538208007812e+02
3.850017166137695312e+02 4.770000076293945312e+02 2.459999847412109375e+02
3.851852035522460938e+02 4.770000076293945312e+02 2.450000000000000000e+02
3.853507614135742188e+02 4.759767913818359375e+02 2.460058403015136719e+02
3.854619598388671875e+02 4.753521728515625000e+02 2.463430786132812500e+02
3.854357528686523438e+02 4.763103485107421875e+02 2.450000000000000000e+02
3.850830841064453125e+02 4.759999847412109375e+02 2.469999885559082031e+02
3.855427169799804688e+02 4.756279754638671875e+02 2.456764030456542969e+02
3.856083297729492188e+02 4.758103561401367188e+02 2.450000000000000000e+02
3.856316757202148438e+02 4.750112915039062500e+02 2.460058403015136719e+02
3.858482742309570312e+02 4.750000000000000000e+02 2.450000000000000000e+02
3.858666229248046875e+02 4.739999771118164062e+02 2.459999847412109375e+02
3.855476379394531250e+02 4.746854782104492188e+02 2.466555213928222656e+02
3.856029510498046875e+02 4.739330291748046875e+02 2.469933128356933594e+02
3.853613281250000000e+02 4.750112915039062500e+02 2.469933128356933594e+02
3.854455184936523438e+02 4.742217636108398438e+02 2.473221969604492188e+02
3.850338745117187500e+02 4.750000000000000000e+02 2.479999923706054688e+02
3.852977752685546875e+02 4.739330291748046875e+02 2.479178619384765625e+02
3.847211456298828125e+02 4.760604858398437500e+02 2.480669021606445312e+02
3.846585083007812500e+02 4.749600601196289062e+02 2.490131187438964844e+02
3.845259475708007812e+02 4.746001052856445312e+02 2.495540046691894531e+02
3.845776748657226562e+02 4.757674789428710938e+02 2.486885261535644531e+02
3.844398880004882812e+02 4.752667999267578125e+02 2.493552017211914062e+02
3.848781967163085938e+02 4.739999771118164062e+02 2.489999961853027344e+02
3.850517272949218750e+02 4.729999923706054688e+02 2.489999961853027344e+02
3.845901489257812500e+02 4.739999771118164062e+02 2.496898460388183594e+02
3.846799468994140625e+02 4.729999923706054688e+02 2.498832321166992188e+02
3.843515396118164062e+02 4.739999771118164062e+02 2.501898384094238281e+02
3.844441986083984375e+02 4.729999923706054688e+02 2.503832244873046875e+02
3.839421844482421875e+02 4.739999771118164062e+02 2.509999847412109375e+02
3.842537307739257812e+02 4.749600601196289062e+02 2.499324035644531250e+02
3.837054443359375000e+02 4.749628067016601562e+02 2.510351181030273438e+02
3.839451980590820312e+02 4.759999847412109375e+02 2.500000000000000000e+02
3.843600845336914062e+02 4.760604858398437500e+02 2.490131187438964844e+02
3.836056137084960938e+02 4.759999847412109375e+02 2.507035446166992188e+02
3.836593246459960938e+02 4.769414520263671875e+02 2.499806785583496094e+02
3.834080505371093750e+02 4.772357559204101562e+02 2.503011512756347656e+02
3.840631103515625000e+02 4.770000076293945312e+02 2.489999961853027344e+02
3.835240554809570312e+02 4.765690612792968750e+02 2.505461692810058594e+02
3.835619735717773438e+02 4.776454162597656250e+02 2.496344757080078125e+02
3.832585906982421875e+02 4.779872512817382812e+02 2.499806785583496094e+02
3.827474975585937500e+02 4.779955673217773438e+02 2.510169219970703125e+02
3.831957244873046875e+02 4.769414520263671875e+02 2.509276962280273438e+02
3.824251937866210938e+02 4.783259582519531250e+02 2.513615417480468750e+02
3.825675582885742188e+02 4.776593017578125000e+02 2.516143608093261719e+02
3.826034927368164062e+02 4.787070465087890625e+02 2.506948661804199219e+02
3.822681427001953125e+02 4.790242385864257812e+02 2.510169219970703125e+02
3.824353790283203125e+02 4.793737411499023438e+02 2.503596878051757812e+02
3.817419052124023438e+02 4.789656066894531250e+02 2.519837379455566406e+02
3.822116470336914062e+02 4.779955673217773438e+02 2.519686126708984375e+02
3.813772583007812500e+02 4.792760467529296875e+02 2.523062324523925781e+02
3.815583419799804688e+02 4.786093521118164062e+02 2.525883865356445312e+02
3.815863037109375000e+02 4.796421813964843750e+02 2.516395568847656250e+02
3.816956329345703125e+02 4.779999923706054688e+02 2.528008651733398438e+02
3.810226821899414062e+02 4.790331268310546875e+02 2.530264472961425781e+02
3.813657760620117188e+02 4.779999923706054688e+02 2.533008575439453125e+02
3.806680679321289062e+02 4.787902069091796875e+02 2.537141609191894531e+02
3.804738235473632812e+02 4.794568634033203125e+02 2.534645080566406250e+02
3.807106018066406250e+02 4.798293685913085938e+02 2.527978324890136719e+02
3.803314208984375000e+02 4.800976181030273438e+02 2.530786895751953125e+02
3.797525024414062500e+02 4.799279403686523438e+02 2.539577674865722656e+02
3.792909240722656250e+02 4.802132034301757812e+02 2.542629432678222656e+02
3.795324325561523438e+02 4.795465469360351562e+02 2.545360183715820312e+02
3.795812225341796875e+02 4.806027221679687500e+02 2.535962677001953125e+02
3.802456665039062500e+02 4.790741348266601562e+02 2.540284919738769531e+02
3.804031753540039062e+02 4.783031463623046875e+02 2.543808364868164062e+02
3.797017288208007812e+02 4.789999771118164062e+02 2.547290229797363281e+02
3.800094223022460938e+02 4.780133438110351562e+02 2.550075912475585938e+02
3.792449188232421875e+02 4.789999771118164062e+02 2.552290153503417969e+02
3.794403457641601562e+02 4.783901977539062500e+02 2.554359817504882812e+02
3.787449264526367188e+02 4.789999771118164062e+02 2.557449340820312500e+02
3.789218902587890625e+02 4.798924636840820312e+02 2.549166679382324219e+02
3.782973098754882812e+02 4.802383804321289062e+02 2.552973175048828125e+02
3.785528945922851562e+02 4.795717239379882812e+02 2.555529022216796875e+02
3.786242294311523438e+02 4.806494140625000000e+02 2.546306419372558594e+02
3.779847335815429688e+02 4.809815979003906250e+02 2.549835586547851562e+02
3.789657974243164062e+02 4.809593963623046875e+02 2.539608764648437500e+02
3.783388519287109375e+02 4.813161087036132812e+02 2.543254661560058594e+02
3.773155593872070312e+02 4.813137435913085938e+02 2.553364753723144531e+02
3.776306533813476562e+02 4.806470870971679688e+02 2.556228828430175781e+02
3.776721954345703125e+02 4.816746520996093750e+02 2.546697998046875000e+02
3.769856643676757812e+02 4.819886016845703125e+02 2.549872398376464844e+02
3.773224639892578125e+02 4.823413085937500000e+02 2.543279266357421875e+02
3.766488647460937500e+02 4.816359329223632812e+02 2.556258392333984375e+02
3.766558074951171875e+02 4.826284790039062500e+02 2.546380043029785156e+02
3.762676620483398438e+02 4.823025894165039062e+02 2.553046607971191406e+02
3.759182357788085938e+02 4.819313049316406250e+02 2.559369659423828125e+02
3.759147644042968750e+02 4.829375457763671875e+02 2.549284934997558594e+02
3.762285232543945312e+02 4.832951736450195312e+02 2.542554664611816406e+02
3.756010055541992188e+02 4.825799179077148438e+02 2.555814170837402344e+02
3.755618286132812500e+02 4.835447692871093750e+02 2.545523071289062500e+02
3.750000000000000000e+02 4.832889175415039062e+02 2.552654647827148438e+02
3.744503021240234375e+02 4.834719467163085938e+02 2.554683113098144531e+02
3.750000000000000000e+02 4.827889251708984375e+02 2.557974624633789062e+02
3.750000000000000000e+02 4.837210845947265625e+02 2.547654533386230469e+02
3.740592575073242188e+02 4.840341567993164062e+02 2.550376701354980469e+02
3.750643920898437500e+02 4.842554855346679688e+02 2.540324592590332031e+02
3.743349075317382812e+02 4.844166564941406250e+02 2.543874549865722656e+02
3.740009689331054688e+02 4.848311614990234375e+02 2.540324592590332031e+02
3.730672836303710938e+02 4.852678298950195312e+02 2.539978599548339844e+02
3.736682510375976562e+02 4.845825195312500000e+02 2.546070289611816406e+02
3.729999923706054688e+02 4.847258758544921875e+02 2.547975540161132812e+02
3.720434570312500000e+02 4.848800277709960938e+02 2.550738143920898438e+02
3.729999923706054688e+02 4.843378829956054688e+02 2.552975463867187500e+02
3.724057769775390625e+02 4.844655227661132812e+02 2.554563522338867188e+02
3.729046630859375000e+02 4.837725067138671875e+02 2.560009956359863281e+02
3.731744384765625000e+02 4.833411026000976562e+02 2.563349914550781250e+02
3.720434570312500000e+02 4.841598129272460938e+02 2.559615325927734375e+02
3.737836074829101562e+02 4.836516189575195312e+02 2.556683158874511719e+02
3.725077438354492188e+02 4.835036849975585938e+02 2.565038490295410156e+02
3.720000076293945312e+02 4.836006164550781250e+02 2.566050720214843750e+02
3.729046630859375000e+02 4.830046463012695312e+02 2.567968940734863281e+02
3.720855331420898438e+02 4.829776382446289062e+02 2.571784400939941406e+02
3.729999923706054688e+02 4.823478317260742188e+02 2.573682403564453125e+02
3.738024520874023438e+02 4.826744461059570312e+02 2.566670417785644531e+02
3.740941619873046875e+02 4.820607757568359375e+02 2.570521163940429688e+02
3.741263580322265625e+02 4.830731964111328125e+02 2.560750961303710938e+02
3.744691467285156250e+02 4.824804687500000000e+02 2.564818572998046875e+02
3.750000000000000000e+02 4.822803878784179688e+02 2.562974548339843750e+02
3.750000000000000000e+02 4.817803573608398438e+02 2.567419433593750000e+02
3.755688095092773438e+02 4.815600204467773438e+02 2.565520668029785156e+02
3.750786590576171875e+02 4.810514068603515625e+02 2.572796058654785156e+02
3.743858337402343750e+02 4.814189910888671875e+02 2.574371910095214844e+02
3.747977447509765625e+02 4.807523345947265625e+02 2.576863288879394531e+02
3.754644012451171875e+02 4.804654693603515625e+02 2.574767303466796875e+02
3.759412765502929688e+02 4.809504699707031250e+02 2.567575073242187500e+02
3.760671997070312500e+02 4.800792694091796875e+02 2.573026847839355469e+02
3.765831756591796875e+02 4.805841445922851562e+02 2.565670204162597656e+02
3.762355041503906250e+02 4.812508010864257812e+02 2.562924957275390625e+02
3.769493484497070312e+02 4.809489440917968750e+02 2.559576988220214844e+02
3.772498321533203125e+02 4.802072525024414062e+02 2.562895584106445312e+02
3.779145431518554688e+02 4.798894882202148438e+02 2.559212303161621094e+02
3.769498825073242188e+02 4.799243545532226562e+02 2.567334938049316406e+02
3.770219802856445312e+02 4.790607452392578125e+02 2.572319793701171875e+02
3.775317764282226562e+02 4.795405960083007812e+02 2.565280723571777344e+02
3.777251052856445312e+02 4.789999771118164062e+02 2.566944122314453125e+02
3.782250976562500000e+02 4.789999771118164062e+02 2.562449264526367188e+02
3.780046081542968750e+02 4.780076217651367188e+02 2.570067214965820312e+02
3.773699569702148438e+02 4.782917404174804688e+02 2.573978233337402344e+02
3.782294082641601562e+02 4.770000076293945312e+02 2.572722816467285156e+02
3.775741958618164062e+02 4.776250457763671875e+02 2.575602912902832031e+02
3.784350585937500000e+02 4.783901977539062500e+02 2.564403343200683594e+02
3.786232376098632812e+02 4.777235031127929688e+02 2.566156387329101562e+02
3.787908554077148438e+02 4.770000076293945312e+02 2.567722892761230469e+02
3.790317916870117188e+02 4.780568313598632812e+02 2.560317993164062500e+02
3.792908477783203125e+02 4.770000076293945312e+02 2.562908554077148438e+02
3.796156311035156250e+02 4.777235031127929688e+02 2.556232452392578125e+02
3.797723007202148438e+02 4.770000076293945312e+02 2.557908630371093750e+02
3.799732208251953125e+02 4.759047317504882812e+02 2.559714508056640625e+02
3.802722930908203125e+02 4.770000076293945312e+02 2.552343559265136719e+02
3.806946945190429688e+02 4.770000076293945312e+02 2.547343635559082031e+02
3.804140853881835938e+02 4.762023162841796875e+02 2.553999328613281250e+02
3.807948684692382812e+02 4.759213638305664062e+02 2.550399589538574219e+02
3.811319351196289062e+02 4.749808502197265625e+02 2.549231719970703125e+02
3.813608169555664062e+02 4.759999847412109375e+02 2.543162536621093750e+02
3.805103683471679688e+02 4.755356216430664062e+02 2.555116653442382812e+02
3.805743789672851562e+02 4.750000000000000000e+02 2.555830764770507812e+02
3.806755828857421875e+02 4.739999771118164062e+02 2.556941795349121094e+02
3.801087951660156250e+02 4.750000000000000000e+02 2.560830688476562500e+02
3.802105331420898438e+02 4.739999771118164062e+02 2.561941909790039062e+02
3.796088027954101562e+02 4.750000000000000000e+02 2.566085815429687500e+02
3.797105026245117188e+02 4.739999771118164062e+02 2.567094993591308594e+02
3.790819549560546875e+02 4.750000000000000000e+02 2.571085739135742188e+02
3.795323181152343750e+02 4.756071090698242188e+02 2.565323257446289062e+02
3.789714431762695312e+02 4.759047317504882812e+02 2.569732093811035156e+02
3.785116577148437500e+02 4.755356216430664062e+02 2.575103759765625000e+02
3.783983612060546875e+02 4.762023162841796875e+02 2.574140739440917969e+02
3.794312286376953125e+02 4.762738037109375000e+02 2.564312362670898438e+02
3.780390167236328125e+02 4.759213638305664062e+02 2.577897834777832031e+02
3.779216766357421875e+02 4.749739074707031250e+02 2.581287384033203125e+02
3.773033142089843750e+02 4.759999847412109375e+02 2.583544349670410156e+02
3.777293777465820312e+02 4.770000076293945312e+02 2.576869010925292969e+02
3.769824218750000000e+02 4.770571517944335938e+02 2.582331848144531250e+02
3.764582443237304688e+02 4.774285888671875000e+02 2.584727668762207031e+02
3.766373825073242188e+02 4.767619323730468750e+02 2.585980033874511719e+02
3.770219802856445312e+02 4.779750442504882812e+02 2.578121376037597656e+02
3.767033004760742188e+02 4.787679290771484375e+02 2.576538276672363281e+02
3.762636184692382812e+02 4.779999923706054688e+02 2.583449554443359375e+02
3.757636260986328125e+02 4.779999923706054688e+02 2.586678123474121094e+02
3.760026168823242188e+02 4.790036773681640625e+02 2.580062866210937500e+02
3.752692794799804688e+02 4.792394638061523438e+02 2.583587646484375000e+02
3.764453506469726562e+02 4.794345855712890625e+02 2.574607276916503906e+02
3.755599212646484375e+02 4.785727691650390625e+02 2.585386657714843750e+02
3.757786941528320312e+02 4.797988128662109375e+02 2.576920890808105469e+02
3.750335311889648438e+02 4.800327682495117188e+02 2.580225563049316406e+02
3.746026229858398438e+02 4.796000289916992188e+02 2.585615348815917969e+02
3.742142105102539062e+02 4.802667236328125000e+02 2.583530044555664062e+02
3.739285278320312500e+02 4.799600219726562500e+02 2.586886024475097656e+02
3.739666748046875000e+02 4.809767150878906250e+02 2.579850196838378906e+02
3.735475158691406250e+02 4.805344390869140625e+02 2.585240554809570312e+02
3.737191772460937500e+02 4.816411209106445312e+02 2.576170539855957031e+02
3.729999923706054688e+02 4.812086105346679688e+02 2.582891082763671875e+02
3.729999923706054688e+02 4.807086181640625000e+02 2.586449050903320312e+02
3.723206329345703125e+02 4.814103698730468750e+02 2.584350967407226562e+02
3.729999923706054688e+02 4.818478012084960938e+02 2.577891159057617188e+02
3.720649337768554688e+02 4.820298767089843750e+02 2.580266189575195312e+02
3.724758911132812500e+02 4.824893188476562500e+02 2.574906158447265625e+02
3.716539764404296875e+02 4.815704727172851562e+02 2.585548973083496094e+02
3.709999847412109375e+02 4.821971511840820312e+02 2.582520103454589844e+02
3.718092346191406250e+02 4.826293945312500000e+02 2.576181411743164062e+02
3.709999847412109375e+02 4.827757644653320312e+02 2.577520179748535156e+02
3.709999847412109375e+02 4.832757949829101562e+02 2.572832489013671875e+02
3.700000000000000000e+02 4.829245376586914062e+02 2.578895950317382812e+02
3.690537261962890625e+02 4.830106353759765625e+02 2.580104637145996094e+02
3.700000000000000000e+02 4.834245300292968750e+02 2.574269294738769531e+02
3.700000000000000000e+02 4.823651123046875000e+02 2.583895874023437500e+02
3.693060684204101562e+02 4.824610900878906250e+02 2.584682464599609375e+02
3.700000000000000000e+02 4.818651199340820312e+02 2.587850379943847656e+02
3.709999847412109375e+02 4.816971206665039062e+02 2.586541175842285156e+02
3.700000000000000000e+02 4.811926269531250000e+02 2.592850303649902344e+02
3.689836120605468750e+02 4.820766448974609375e+02 2.588216972351074219e+02
3.679999923706054688e+02 4.820000076293945312e+02 2.590207672119140625e+02
3.689999771118164062e+02 4.813371276855468750e+02 2.593848800659179688e+02
3.686393737792968750e+02 4.825268936157226562e+02 2.585229873657226562e+02
3.679999923706054688e+02 4.825782775878906250e+02 2.585666847229003906e+02
3.679999923706054688e+02 4.830782699584960938e+02 2.581125640869140625e+02
3.670000076293945312e+02 4.826404571533203125e+02 2.586189460754394531e+02
3.659999847412109375e+02 4.826646804809570312e+02 2.586389923095703125e+02
3.670000076293945312e+02 4.831404495239257812e+02 2.581685066223144531e+02
3.669996261596679688e+02 4.819092941284179688e+02 2.591881942749023438e+02
3.673327255249023438e+02 4.814836502075195312e+02 2.594883918762207031e+02
3.659999847412109375e+02 4.820232772827148438e+02 2.591390037536621094e+02
3.666660690307617188e+02 4.815155029296875000e+02 2.595114898681640625e+02
3.669996261596679688e+02 4.810902023315429688e+02 2.597825813293457031e+02
3.659999847412109375e+02 4.815232849121093750e+02 2.595172500610351562e+02
3.659999847412109375e+02 4.809999847412109375e+02 2.598783111572265625e+02
3.653339385986328125e+02 4.815155029296875000e+02 2.595114898681640625e+02
3.650003433227539062e+02 4.810902023315429688e+02 2.597825813293457031e+02
3.650003433227539062e+02 4.819092941284179688e+02 2.591881942749023438e+02
3.646672439575195312e+02 4.814836502075195312e+02 2.594883918762207031e+02
3.639999771118164062e+02 4.820000076293945312e+02 2.590207672119140625e+02
3.650000000000000000e+02 4.826404571533203125e+02 2.586189460754394531e+02
3.639999771118164062e+02 4.825782775878906250e+02 2.585666847229003906e+02
3.650000000000000000e+02 4.831404495239257812e+02 2.581685066223144531e+02
3.650000000000000000e+02 4.836708450317382812e+02 2.576685142517089844e+02
3.659999847412109375e+02 4.831646728515625000e+02 2.581909179687500000e+02
3.639999771118164062e+02 4.830782699584960938e+02 2.581125640869140625e+02
3.629368209838867188e+02 4.830123519897460938e+02 2.580105781555175781e+02
3.639999771118164062e+02 4.836138534545898438e+02 2.576125526428222656e+02
3.639999771118164062e+02 4.841138458251953125e+02 2.570946311950683594e+02
3.631796646118164062e+02 4.835532760620117188e+02 2.575526618957519531e+02
3.628897476196289062e+02 4.840192031860351562e+02 2.570185661315917969e+02
3.620000076293945312e+02 4.839323806762695312e+02 2.569484710693359375e+02
3.632664489746093750e+02 4.845350646972656250e+02 2.565392303466796875e+02
3.625997924804687500e+02 4.844851303100585938e+02 2.564826202392578125e+02
3.625130081176757812e+02 4.834978485107421875e+02 2.574979019165039062e+02
3.620000076293945312e+02 4.834459304809570312e+02 2.574484634399414062e+02
3.609999847412109375e+02 4.833266067504882812e+02 2.573366737365722656e+02
3.620000076293945312e+02 4.829459381103515625e+02 2.579026031494140625e+02
3.609999847412109375e+02 4.828266143798828125e+02 2.577897071838378906e+02
3.620000076293945312e+02 4.823784255981445312e+02 2.584025955200195312e+02
3.620000076293945312e+02 4.818784332275390625e+02 2.587928771972656250e+02
3.626939392089843750e+02 4.824610900878906250e+02 2.584684753417968750e+02
3.609999847412109375e+02 4.822367858886718750e+02 2.582896995544433594e+02
3.599177169799804688e+02 4.819633483886718750e+02 2.582221984863281250e+02
3.609999847412109375e+02 4.817367935180664062e+02 2.586817741394042969e+02
3.609552001953125000e+02 4.809509658813476562e+02 2.592320632934570312e+02
3.601962280273437500e+02 4.816055679321289062e+02 2.585813140869140625e+02
3.599177169799804688e+02 4.810932922363281250e+02 2.588687515258789062e+02
3.600000000000000000e+02 4.803390121459960938e+02 2.593999290466308594e+02
3.595295715332031250e+02 4.814888381958007812e+02 2.584919929504394531e+02
3.589999771118164062e+02 4.808646774291992188e+02 2.587508392333984375e+02
3.589305114746093750e+02 4.799923324584960938e+02 2.592904090881347656e+02
3.589999771118164062e+02 4.813646697998046875e+02 2.584041786193847656e+02
3.581849670410156250e+02 4.806640625000000000e+02 2.586122894287109375e+02
3.579109954833984375e+02 4.800936889648437500e+02 2.588767051696777344e+02
3.579109954833984375e+02 4.809984207153320312e+02 2.582782936096191406e+02
3.569779968261718750e+02 4.810535049438476562e+02 2.578606414794921875e+02
3.575183105468750000e+02 4.804895019531250000e+02 2.584933090209960938e+02
3.579999923706054688e+02 4.817841339111328125e+02 2.577278900146484375e+02
3.579999923706054688e+02 4.822841644287109375e+02 2.573185920715332031e+02
3.589956283569335938e+02 4.820603179931640625e+02 2.578595733642578125e+02
3.572966766357421875e+02 4.816116714477539062e+02 2.575902748107910156e+02
3.569115066528320312e+02 4.820486831665039062e+02 2.570440101623535156e+02
3.559999847412109375e+02 4.818262481689453125e+02 2.567823791503906250e+02
3.566300201416015625e+02 4.814225387573242188e+02 2.574413108825683594e+02
3.571930313110351562e+02 4.826577758789062500e+02 2.566467285156250000e+02
3.565263366699218750e+02 4.824856948852539062e+02 2.564866256713867188e+02
3.568712234497070312e+02 4.830667495727539062e+02 2.560690116882324219e+02
3.559999847412109375e+02 4.823262405395507812e+02 2.563334083557128906e+02
3.549924468994140625e+02 4.820056915283203125e+02 2.560084152221679688e+02
3.559999847412109375e+02 4.828202819824218750e+02 2.558334159851074219e+02
3.553192520141601562e+02 4.826179885864257812e+02 2.556245994567871094e+02
3.559999847412109375e+02 4.833203125000000000e+02 2.552801513671875000e+02
3.559999847412109375e+02 4.837144470214843750e+02 2.547801589965820312e+02
3.565494155883789062e+02 4.834757232666015625e+02 2.554706764221191406e+02
3.550329971313476562e+02 4.829819869995117188e+02 2.549770927429199219e+02
3.542373657226562500e+02 4.826793289184570312e+02 2.547179985046386719e+02
3.546525955200195312e+02 4.823954391479492188e+02 2.553846740722656250e+02
3.547467041015625000e+02 4.833460235595703125e+02 2.542782020568847656e+02
3.554133987426757812e+02 4.835531616210937500e+02 2.545695304870605469e+02
3.550480270385742188e+02 4.837388992309570312e+02 2.539669227600097656e+02
3.549703979492187500e+02 4.842663574218750000e+02 2.530334663391113281e+02
3.559713363647460938e+02 4.842339706420898438e+02 2.540069770812988281e+02
3.543875503540039062e+02 4.835743713378906250e+02 2.536115455627441406e+02
3.539791107177734375e+02 4.830154037475585938e+02 2.540219116210937500e+02
3.540325164794921875e+02 4.837335586547851562e+02 2.529505729675292969e+02
3.540142822265625000e+02 4.842157745361328125e+02 2.520149993896484375e+02
3.534313964843750000e+02 4.835493087768554688e+02 2.525843048095703125e+02
3.537208938598632812e+02 4.833514785766601562e+02 2.532509613037109375e+02
3.530105590820312500e+02 4.829942703247070312e+02 2.529863739013671875e+02
3.532564163208007812e+02 4.826848220825195312e+02 2.537656021118164062e+02
3.525897598266601562e+02 4.824273681640625000e+02 2.533884620666503906e+02
3.523344421386718750e+02 4.826370239257812500e+02 2.527217864990234375e+02
3.527252960205078125e+02 4.833329391479492188e+02 2.519999885559082031e+02
3.520006561279296875e+02 4.827870941162109375e+02 2.519388771057128906e+02
3.525356674194335938e+02 4.834735870361328125e+02 2.514347839355468750e+02
3.532253265380859375e+02 4.836955642700195312e+02 2.519999885559082031e+02
3.530134963989257812e+02 4.839920043945312500e+02 2.509751701354980469e+02
3.523632812500000000e+02 4.836058807373046875e+02 2.507681274414062500e+02
3.528792190551757812e+02 4.842336654663085938e+02 2.500000000000000000e+02
3.534913635253906250e+02 4.845059585571289062e+02 2.505155372619628906e+02
3.536904907226562500e+02 4.843780899047851562e+02 2.511821937561035156e+02
3.540142822265625000e+02 4.846839904785156250e+02 2.509093093872070312e+02
3.543571472167968750e+02 4.845898818969726562e+02 2.516916847229003906e+02
3.550350189208984375e+02 4.852431488037109375e+02 2.509976577758789062e+02
3.539999771118164062e+02 4.849712753295898438e+02 2.500000000000000000e+02
3.533792114257812500e+02 4.845834350585937500e+02 2.500000000000000000e+02
3.540427780151367188e+02 4.852600479125976562e+02 2.490363693237304688e+02
3.547057342529296875e+02 4.853878021240234375e+02 2.500000000000000000e+02
3.545492172241210938e+02 4.854729843139648438e+02 2.493939590454101562e+02
3.552057266235351562e+02 4.856588745117187500e+02 2.500000000000000000e+02
3.549295425415039062e+02 4.857683563232421875e+02 2.490363693237304688e+02
3.553917312622070312e+02 4.855586242675781250e+02 2.506627655029296875e+02
3.559999847412109375e+02 4.860563659667968750e+02 2.500000000000000000e+02
3.559746932983398438e+02 4.857275390625000000e+02 2.509976577758789062e+02
3.567378234863281250e+02 4.863974761962890625e+02 2.500000000000000000e+02
3.560227584838867188e+02 4.863211822509765625e+02 2.490486717224121094e+02
3.557003021240234375e+02 4.864051437377929688e+02 2.479999923706054688e+02
3.563712692260742188e+02 4.865607452392578125e+02 2.487478065490722656e+02
3.565479660034179688e+02 4.864788818359375000e+02 2.494144630432128906e+02
3.569287872314453125e+02 4.867314529418945312e+02 2.490486717224121094e+02
3.570000076293945312e+02 4.869919967651367188e+02 2.479999923706054688e+02
3.572378540039062500e+02 4.866129684448242188e+02 2.500000000000000000e+02
3.579999923706054688e+02 4.871735000610351562e+02 2.489999961853027344e+02
3.579999923706054688e+02 4.869125747680664062e+02 2.500000000000000000e+02
3.587196731567382812e+02 4.874296951293945312e+02 2.489999961853027344e+02
3.580054473876953125e+02 4.873771286010742188e+02 2.480795097351074219e+02
3.576702880859375000e+02 4.874351501464843750e+02 2.469999885559082031e+02
3.583423995971679688e+02 4.875595474243164062e+02 2.477991676330566406e+02
3.585210800170898438e+02 4.874931335449218750e+02 2.484658432006835938e+02
3.589126205444335938e+02 4.876930618286132812e+02 2.480795097351074219e+02
3.589999771118164062e+02 4.879052734375000000e+02 2.469999885559082031e+02
3.600000000000000000e+02 4.880227661132812500e+02 2.479999923706054688e+02
3.592196655273437500e+02 4.875897216796875000e+02 2.489999961853027344e+02
3.594385147094726562e+02 4.875196838378906250e+02 2.495691299438476562e+02
3.600000000000000000e+02 4.878065109252929688e+02 2.489999961853027344e+02
3.600809097290039062e+02 4.875784301757812500e+02 2.499414825439453125e+02
3.609999847412109375e+02 4.880358123779296875e+02 2.489999961853027344e+02
3.609999847412109375e+02 4.882535934448242188e+02 2.479999923706054688e+02
3.609999847412109375e+02 4.877680206298828125e+02 2.500000000000000000e+02
3.620000076293945312e+02 4.882114028930664062e+02 2.489999961853027344e+02
3.619714736938476562e+02 4.884249496459960938e+02 2.480066299438476562e+02
3.620000076293945312e+02 4.879405212402343750e+02 2.500000000000000000e+02
3.630475997924804688e+02 4.883649444580078125e+02 2.489220046997070312e+02
3.627460479736328125e+02 4.884715652465820312e+02 2.483444023132324219e+02
3.629999923706054688e+02 4.880601501464843750e+02 2.500000000000000000e+02
3.639999771118164062e+02 4.883946228027343750e+02 2.491200447082519531e+02
3.634127044677734375e+02 4.885101318359375000e+02 2.485366630554199219e+02
3.630475997924804688e+02 4.885681152343750000e+02 2.480066299438476562e+02
3.639999771118164062e+02 4.885335540771484375e+02 2.486200523376464844e+02
3.639999771118164062e+02 4.886559295654296875e+02 2.479999923706054688e+02
3.650000000000000000e+02 4.885582733154296875e+02 2.487074279785156250e+02
3.650000000000000000e+02 4.887025833129882812e+02 2.479999923706054688e+02
3.659999847412109375e+02 4.885693359375000000e+02 2.487459182739257812e+02
3.650000000000000000e+02 4.884175872802734375e+02 2.492074203491210938e+02
3.650000000000000000e+02 4.881837463378906250e+02 2.500000000000000000e+02
3.659999847412109375e+02 4.884280014038085938e+02 2.492459297180175781e+02
3.659999847412109375e+02 4.882025909423828125e+02 2.500000000000000000e+02
3.670000076293945312e+02 4.884244918823242188e+02 2.492356109619140625e+02
3.670000076293945312e+02 4.881948089599609375e+02 2.500000000000000000e+02
3.679999923706054688e+02 4.884021759033203125e+02 2.491589355468750000e+02
3.670000076293945312e+02 4.885668563842773438e+02 2.487356185913085938e+02
3.670000076293945312e+02 4.887213134765625000e+02 2.479999923706054688e+02
3.679999923706054688e+02 4.885454940795898438e+02 2.486589431762695312e+02
3.679999923706054688e+02 4.886851882934570312e+02 2.479999923706054688e+02
3.687067413330078125e+02 4.885208511352539062e+02 2.485725021362304688e+02
3.690240478515625000e+02 4.885997009277343750e+02 2.480647468566894531e+02
3.690240478515625000e+02 4.883827209472656250e+02 2.489435005187988281e+02
3.689999771118164062e+02 4.880696487426757812e+02 2.500000000000000000e+02
3.700000000000000000e+02 4.882464599609375000e+02 2.489999961853027344e+02
3.693733978271484375e+02 4.884872436523437500e+02 2.484412574768066406e+02
3.700000000000000000e+02 4.884442520141601562e+02 2.482494544982910156e+02
3.709436035156250000e+02 4.883602142333984375e+02 2.479348182678222656e+02
3.700000000000000000e+02 4.885541915893554688e+02 2.477494621276855469e+02
3.705726623535156250e+02 4.885130691528320312e+02 2.475580215454101562e+02
3.700000000000000000e+02 4.886946105957031250e+02 2.469999885559082031e+02
3.700000000000000000e+02 4.888477706909179688e+02 2.459999847412109375e+02
3.689999771118164062e+02 4.887954711914062500e+02 2.469999885559082031e+02
3.709436035156250000e+02 4.885628128051757812e+02 2.469554901123046875e+02
3.712393188476562500e+02 4.884534072875976562e+02 2.472591400146484375e+02
3.709999847412109375e+02 4.887129592895507812e+02 2.459999847412109375e+02
3.715881347656250000e+02 4.885179519653320312e+02 2.465924835205078125e+02
3.719528579711914062e+02 4.883707427978515625e+02 2.469554901123046875e+02
3.719528579711914062e+02 4.885572433471679688e+02 2.459240913391113281e+02
3.722547912597656250e+02 4.884502792358398438e+02 2.462068367004394531e+02
3.720000076293945312e+02 4.886737442016601562e+02 2.450000000000000000e+02
3.725269317626953125e+02 4.885068511962890625e+02 2.455401611328125000e+02
3.729161453247070312e+02 4.883409500122070312e+02 2.459240913391113281e+02
3.726760482788085938e+02 4.885418701171875000e+02 2.450000000000000000e+02
3.731760406494140625e+02 4.884196472167968750e+02 2.450000000000000000e+02
3.730246734619140625e+02 4.885783004760742188e+02 2.439281082153320312e+02
3.733744430541992188e+02 4.884702682495117188e+02 2.442135238647460938e+02
3.729999923706054688e+02 4.886388778686523438e+02 2.429999923706054688e+02
3.735166931152343750e+02 4.885049057006835938e+02 2.435468673706054688e+02
3.720000076293945312e+02 4.887686538696289062e+02 2.439999961853027344e+02
3.720000076293945312e+02 4.888199234008789062e+02 2.429999923706054688e+02
3.709999847412109375e+02 4.889110946655273438e+02 2.439999961853027344e+02
3.709999847412109375e+02 4.889527511596679688e+02 2.429999923706054688e+02
3.700000000000000000e+02 4.890019989013671875e+02 2.439999961853027344e+02
3.709999847412109375e+02 4.888347244262695312e+02 2.450000000000000000e+02
3.700000000000000000e+02 4.889481735229492188e+02 2.450000000000000000e+02
3.689999771118164062e+02 4.890106582641601562e+02 2.450000000000000000e+02
3.689999771118164062e+02 4.890401840209960938e+02 2.439999961853027344e+02
3.689999771118164062e+02 4.889317703247070312e+02 2.459999847412109375e+02
3.679999923706054688e+02 4.890401840209960938e+02 2.450000000000000000e+02
3.679999923706054688e+02 4.890521240234375000e+02 2.439999961853027344e+02
3.670000076293945312e+02 4.890521240234375000e+02 2.450000000000000000e+02
3.679999923706054688e+02 4.889770126342773438e+02 2.459999847412109375e+02
3.670000076293945312e+02 4.889989471435546875e+02 2.459999847412109375e+02
3.679999923706054688e+02 4.888513183593750000e+02 2.469999885559082031e+02
3.670000076293945312e+02 4.888785934448242188e+02 2.469999885559082031e+02
3.659999847412109375e+02 4.888785934448242188e+02 2.469999885559082031e+02
3.650000000000000000e+02 4.888601303100585938e+02 2.469999885559082031e+02
3.659999847412109375e+02 4.887237930297851562e+02 2.479999923706054688e+02
3.659999847412109375e+02 4.889989471435546875e+02 2.459999847412109375e+02
3.659999847412109375e+02 4.890521240234375000e+02 2.450000000000000000e+02
3.650000000000000000e+02 4.889846801757812500e+02 2.459999847412109375e+02
3.650000000000000000e+02 4.890461730957031250e+02 2.450000000000000000e+02
3.639999771118164062e+02 4.889500427246093750e+02 2.459999847412109375e+02
3.639999771118164062e+02 4.890248870849609375e+02 2.450000000000000000e+02
3.629999923706054688e+02 4.888650131225585938e+02 2.459999847412109375e+02
3.639999771118164062e+02 4.888188552856445312e+02 2.469999885559082031e+02
3.629999923706054688e+02 4.887307357788085938e+02 2.469999885559082031e+02
3.619714736938476562e+02 4.885887908935546875e+02 2.470285034179687500e+02
3.622858047485351562e+02 4.885325241088867188e+02 2.476777267456054688e+02
3.613370513916015625e+02 4.885325241088867188e+02 2.467141723632812500e+02
3.616191482543945312e+02 4.884819030761718750e+02 2.473808288574218750e+02
3.620000076293945312e+02 4.887307357788085938e+02 2.459999847412109375e+02
3.610022354125976562e+02 4.885653686523437500e+02 2.459278488159179688e+02
3.620000076293945312e+02 4.888188552856445312e+02 2.450000000000000000e+02
3.620000076293945312e+02 4.888523483276367188e+02 2.439999961853027344e+02
3.629999923706054688e+02 4.889500427246093750e+02 2.450000000000000000e+02
3.609999847412109375e+02 4.886499786376953125e+02 2.450000000000000000e+02
3.604027938842773438e+02 4.885276412963867188e+02 2.450000000000000000e+02
3.609999847412109375e+02 4.886886215209960938e+02 2.439999961853027344e+02
3.603290939331054688e+02 4.885486602783203125e+02 2.439999961853027344e+02
3.609999847412109375e+02 4.886762237548828125e+02 2.429999923706054688e+02
3.603571701049804688e+02 4.885408401489257812e+02 2.429999923706054688e+02
3.609352493286132812e+02 4.885997009277343750e+02 2.419759559631347656e+02
3.620000076293945312e+02 4.888435363769531250e+02 2.429999923706054688e+02
3.620000076293945312e+02 4.887954711914062500e+02 2.419999885559082031e+02
3.629999923706054688e+02 4.889709854125976562e+02 2.429999923706054688e+02
3.629999923706054688e+02 4.889317703247070312e+02 2.419999885559082031e+02
3.629999923706054688e+02 4.889786529541015625e+02 2.439999961853027344e+02
3.639999771118164062e+02 4.890376281738281250e+02 2.429999923706054688e+02
3.639999771118164062e+02 4.890106582641601562e+02 2.419999885559082031e+02
3.639999771118164062e+02 4.890436172485351562e+02 2.439999961853027344e+02
3.650000000000000000e+02 4.890521240234375000e+02 2.429999923706054688e+02
3.650000000000000000e+02 4.890401840209960938e+02 2.419999885559082031e+02
3.650000000000000000e+02 4.890546417236328125e+02 2.439999961853027344e+02
3.659999847412109375e+02 4.890546417236328125e+02 2.429999923706054688e+02
3.659999847412109375e+02 4.890521240234375000e+02 2.419999885559082031e+02
3.659999847412109375e+02 4.890546417236328125e+02 2.439999961853027344e+02
3.670000076293945312e+02 4.890546417236328125e+02 2.429999923706054688e+02
3.670000076293945312e+02 4.890546417236328125e+02 2.419999885559082031e+02
3.670000076293945312e+02 4.890546417236328125e+02 2.439999961853027344e+02
3.679999923706054688e+02 4.890546417236328125e+02 2.429999923706054688e+02
3.679999923706054688e+02 4.890546417236328125e+02 2.419999885559082031e+02
3.689999771118164062e+02 4.890521240234375000e+02 2.429999923706054688e+02
3.689999771118164062e+02 4.890521240234375000e+02 2.419999885559082031e+02
3.700000000000000000e+02 4.890299987792968750e+02 2.429999923706054688e+02
3.700000000000000000e+02 4.890316390991210938e+02 2.419999885559082031e+02
3.700000000000000000e+02 4.889994812011718750e+02 2.409999847412109375e+02
3.709999847412109375e+02 4.889566802978515625e+02 2.419999885559082031e+02
3.709999847412109375e+02 4.889169692993164062e+02 2.409999847412109375e+02
3.720000076293945312e+02 4.888249969482421875e+02 2.419999885559082031e+02
3.720000076293945312e+02 4.887797164916992188e+02 2.409999847412109375e+02
3.729999923706054688e+02 4.886464309692382812e+02 2.419999885559082031e+02
3.730539703369140625e+02 4.885875701904296875e+02 2.410189056396484375e+02
3.735725402832031250e+02 4.885212326049804688e+02 2.419999885559082031e+02
3.740725708007812500e+02 4.883756256103515625e+02 2.419999885559082031e+02
3.735384368896484375e+02 4.885111999511718750e+02 2.413648605346679688e+02
3.735562133789062500e+02 4.885165023803710938e+02 2.429999923706054688e+02
3.740562438964843750e+02 4.883705520629882812e+02 2.429999923706054688e+02
3.750000000000000000e+02 4.880414581298828125e+02 2.429999923706054688e+02
3.739100265502929688e+02 4.883493041992187500e+02 2.439281082153320312e+02
3.739999771118164062e+02 4.881896209716796875e+02 2.450000000000000000e+02
3.750000000000000000e+02 4.879712677001953125e+02 2.439999961853027344e+02
3.758137512207031250e+02 4.876373291015625000e+02 2.439999961853027344e+02
3.756751251220703125e+02 4.875761795043945312e+02 2.450000000000000000e+02
3.750000000000000000e+02 4.880517578125000000e+02 2.419999885559082031e+02
3.750000000000000000e+02 4.880150985717773438e+02 2.409999847412109375e+02
3.739230728149414062e+02 4.883742523193359375e+02 2.410189056396484375e+02
3.750000000000000000e+02 4.879249954223632812e+02 2.400000000000000000e+02
3.739999771118164062e+02 4.882489395141601562e+02 2.400000000000000000e+02
3.750994873046875000e+02 4.877194976806640625e+02 2.389010429382324219e+02
3.757805633544921875e+02 4.876182174682617188e+02 2.400000000000000000e+02
3.756438446044921875e+02 4.875599670410156250e+02 2.391684150695800781e+02
3.759862899780273438e+02 4.873700714111328125e+02 2.389010429382324219e+02
3.754991531372070312e+02 4.874996566772460938e+02 2.385017395019531250e+02
3.753310394287109375e+02 4.874396133422851562e+02 2.379999923706054688e+02
3.748310470581054688e+02 4.876208114624023438e+02 2.379999923706054688e+02
3.746089172363281250e+02 4.875388336181640625e+02 2.373711395263671875e+02
3.739999771118164062e+02 4.878762054443359375e+02 2.379999923706054688e+02
3.729999923706054688e+02 4.881251525878906250e+02 2.379999923706054688e+02
3.739999771118164062e+02 4.880916595458984375e+02 2.389999961853027344e+02
3.729302978515625000e+02 4.883609008789062500e+02 2.390632438659667969e+02
3.722131347656250000e+02 4.884517669677734375e+02 2.387720870971679688e+02
3.732303619384765625e+02 4.884421539306640625e+02 2.400000000000000000e+02
3.725505065917968750e+02 4.885109329223632812e+02 2.394387435913085938e+02
3.719278717041015625e+02 4.885505676269531250e+02 2.390632438659667969e+02
3.727303695678710938e+02 4.885489654541015625e+02 2.400000000000000000e+02
3.720000076293945312e+02 4.886789703369140625e+02 2.400000000000000000e+02
3.709999847412109375e+02 4.888205337524414062e+02 2.400000000000000000e+02
3.700000000000000000e+02 4.889110946655273438e+02 2.400000000000000000e+02
3.709999847412109375e+02 4.886706542968750000e+02 2.389999961853027344e+02
3.709999847412109375e+02 4.885426330566406250e+02 2.383051300048828125e+02
3.700000000000000000e+02 4.887686538696289062e+02 2.389999961853027344e+02
3.689999771118164062e+02 4.888277435302734375e+02 2.389999961853027344e+02
3.699608993530273438e+02 4.885816192626953125e+02 2.379652214050292969e+02
3.689999771118164062e+02 4.886579895019531250e+02 2.379999923706054688e+02
3.696015167236328125e+02 4.885104751586914062e+02 2.374634361267089844e+02
3.702681732177734375e+02 4.884762191772460938e+02 2.376086997985839844e+02
3.699608993530273438e+02 4.883642578125000000e+02 2.370780563354492188e+02
3.709999847412109375e+02 4.884325408935546875e+02 2.378051185607910156e+02
3.709999847412109375e+02 4.882246017456054688e+02 2.369999885559082031e+02
3.719278717041015625e+02 4.883560562133789062e+02 2.380788803100585938e+02
3.720000076293945312e+02 4.880727005004882812e+02 2.369999885559082031e+02
3.715464782714843750e+02 4.885078811645507812e+02 2.384647941589355469e+02
3.689999771118164062e+02 4.883889770507812500e+02 2.368901062011718750e+02
3.689999771118164062e+02 4.881195068359375000e+02 2.359999847412109375e+02
3.689999771118164062e+02 4.885313034057617188e+02 2.373900985717773438e+02
3.679999923706054688e+02 4.884062194824218750e+02 2.368290901184082031e+02
3.670000076293945312e+02 4.884014129638671875e+02 2.368424606323242188e+02
3.679999923706054688e+02 4.881555938720703125e+02 2.359999847412109375e+02
3.679999923706054688e+02 4.885486602783203125e+02 2.373290824890136719e+02
3.670000076293945312e+02 4.885452651977539062e+02 2.373424530029296875e+02
3.679999923706054688e+02 4.886886215209960938e+02 2.379999923706054688e+02
3.679999923706054688e+02 4.888523483276367188e+02 2.389999961853027344e+02
3.670000076293945312e+02 4.886852264404296875e+02 2.379999923706054688e+02
3.659999847412109375e+02 4.886504364013671875e+02 2.379999923706054688e+02
3.670000076293945312e+02 4.888523483276367188e+02 2.389999961853027344e+02
3.659999847412109375e+02 4.888277435302734375e+02 2.389999961853027344e+02
3.670000076293945312e+02 4.889786529541015625e+02 2.400000000000000000e+02
3.659999847412109375e+02 4.889587783813476562e+02 2.400000000000000000e+02
3.679999923706054688e+02 4.889786529541015625e+02 2.400000000000000000e+02
3.670000076293945312e+02 4.890436172485351562e+02 2.409999847412109375e+02
3.659999847412109375e+02 4.890325164794921875e+02 2.409999847412109375e+02
3.679999923706054688e+02 4.890436172485351562e+02 2.409999847412109375e+02
3.689999771118164062e+02 4.890325164794921875e+02 2.409999847412109375e+02
3.689999771118164062e+02 4.889587783813476562e+02 2.400000000000000000e+02
3.650000000000000000e+02 4.890019989013671875e+02 2.409999847412109375e+02
3.639999771118164062e+02 4.889481735229492188e+02 2.409999847412109375e+02
3.650000000000000000e+02 4.889110946655273438e+02 2.400000000000000000e+02
3.639999771118164062e+02 4.888347244262695312e+02 2.400000000000000000e+02
3.650000000000000000e+02 4.887686538696289062e+02 2.389999961853027344e+02
3.639999771118164062e+02 4.886737442016601562e+02 2.389999961853027344e+02
3.650718688964843750e+02 4.885783004760742188e+02 2.379753303527832031e+02
3.639999771118164062e+02 4.885418701171875000e+02 2.383239364624023438e+02
3.647864532470703125e+02 4.884702682495117188e+02 2.376255416870117188e+02
3.654531097412109375e+02 4.885049057006835938e+02 2.374832916259765625e+02
3.659999847412109375e+02 4.885237503051757812e+02 2.374183654785156250e+02
3.659999847412109375e+02 4.883784103393554688e+02 2.369183540344238281e+02
3.639999771118164062e+02 4.884196472167968750e+02 2.378239440917968750e+02
3.630732727050781250e+02 4.883479309082031250e+02 2.380838203430175781e+02
3.620000076293945312e+02 4.881320953369140625e+02 2.379999923706054688e+02
3.627887725830078125e+02 4.884558486938476562e+02 2.387209129333496094e+02
3.634554290771484375e+02 4.885068511962890625e+02 2.384730339050292969e+02
3.630732727050781250e+02 4.885599899291992188e+02 2.390325546264648438e+02
3.623805618286132812e+02 4.885225296020507812e+02 2.393875885009765625e+02
3.629999923706054688e+02 4.887187957763671875e+02 2.400000000000000000e+02
3.620283508300781250e+02 4.885702514648437500e+02 2.400392150878906250e+02
3.629999923706054688e+02 4.888501739501953125e+02 2.409999847412109375e+02
3.620000076293945312e+02 4.887004470825195312e+02 2.409999847412109375e+02
3.612343215942382812e+02 4.885576248168945312e+02 2.409999847412109375e+02
3.614203643798828125e+02 4.885176467895507812e+02 2.403986740112304688e+02
3.607343292236328125e+02 4.884484863281250000e+02 2.409999847412109375e+02
3.600000000000000000e+02 4.882498550415039062e+02 2.409999847412109375e+02
3.610522079467773438e+02 4.883720397949218750e+02 2.400392150878906250e+02
3.605587387084960938e+02 4.884872436523437500e+02 2.416265869140625000e+02
3.600564956665039062e+02 4.883809280395507812e+02 2.419759559631347656e+02
3.598571777343750000e+02 4.883977890014648438e+02 2.429999923706054688e+02
3.604274749755859375e+02 4.885208511352539062e+02 2.422932624816894531e+02
3.589999771118164062e+02 4.880569839477539062e+02 2.419999885559082031e+02
3.589999771118164062e+02 4.879356384277343750e+02 2.409999847412109375e+02
3.579377746582031250e+02 4.876650238037109375e+02 2.420329475402832031e+02
3.589999771118164062e+02 4.881354904174804688e+02 2.429999923706054688e+02
3.579999923706054688e+02 4.877721786499023438e+02 2.429999923706054688e+02
3.589999771118164062e+02 4.881555938720703125e+02 2.439999961853027344e+02
3.579999923706054688e+02 4.877973175048828125e+02 2.439999961853027344e+02
3.589999771118164062e+02 4.881168365478515625e+02 2.450000000000000000e+02
3.598291015625000000e+02 4.884062194824218750e+02 2.439999961853027344e+02
3.599028015136718750e+02 4.883863449096679688e+02 2.450000000000000000e+02
3.600882339477539062e+02 4.883531570434570312e+02 2.459278488159179688e+02
3.589999771118164062e+02 4.880293655395507812e+02 2.459999847412109375e+02
3.600000000000000000e+02 4.881906890869140625e+02 2.469999885559082031e+02
3.604803848266601562e+02 4.885055541992187500e+02 2.455463981628417969e+02
3.606703948974609375e+02 4.884659957885742188e+02 2.462130737304687500e+02
3.610022354125976562e+02 4.884180068969726562e+02 2.470285034179687500e+02
3.579307937622070312e+02 4.876562500000000000e+02 2.459687805175781250e+02
3.574764633178710938e+02 4.875104904174804688e+02 2.456146430969238281e+02
3.579999923706054688e+02 4.877618789672851562e+02 2.450000000000000000e+02
3.575513458251953125e+02 4.874800872802734375e+02 2.462813186645507812e+02
3.581702804565429688e+02 4.876256561279296875e+02 2.469999885559082031e+02
3.570858764648437500e+02 4.873072433471679688e+02 2.459687805175781250e+02
3.569311904907226562e+02 4.873050308227539062e+02 2.450000000000000000e+02
3.570000076293945312e+02 4.871575164794921875e+02 2.469999885559082031e+02
3.559999847412109375e+02 4.868155288696289062e+02 2.459999847412109375e+02
3.554264450073242188e+02 4.865415573120117188e+02 2.459999847412109375e+02
3.559999847412109375e+02 4.868764495849609375e+02 2.450000000000000000e+02
3.559374618530273438e+02 4.866864013671875000e+02 2.469644165039062500e+02
3.554744720458984375e+02 4.865141677856445312e+02 2.466073799133300781e+02
3.555624389648437500e+02 4.864703750610351562e+02 2.472740364074707031e+02
3.562002944946289062e+02 4.866404342651367188e+02 2.479999923706054688e+02
3.550846862792968750e+02 4.862537765502929688e+02 2.469644165039062500e+02
3.549264526367187500e+02 4.862609100341796875e+02 2.459999847412109375e+02
3.541561126708984375e+02 4.857144546508789062e+02 2.469999885559082031e+02
3.550000000000000000e+02 4.860405349731445312e+02 2.479999923706054688e+02
3.542791748046875000e+02 4.856353759765625000e+02 2.479999923706054688e+02
3.537791824340820312e+02 4.853280258178710938e+02 2.479999923706054688e+02
3.544046401977539062e+02 4.855575180053710938e+02 2.487272834777832031e+02
3.536561203002929688e+02 4.854011154174804688e+02 2.469999885559082031e+02
3.529353713989257812e+02 4.847728347778320312e+02 2.479583549499511719e+02
3.524774169921875000e+02 4.845173263549804688e+02 2.475972557067871094e+02
3.529999923706054688e+02 4.849542236328125000e+02 2.469999885559082031e+02
3.525589370727539062e+02 4.844582748413085938e+02 2.482639312744140625e+02
3.531798934936523438e+02 4.847203445434570312e+02 2.489999961853027344e+02
3.526799011230468750e+02 4.843729400634765625e+02 2.489999961853027344e+02
3.519406127929687500e+02 4.838183975219726562e+02 2.489756965637207031e+02
3.514612579345703125e+02 4.835334396362304688e+02 2.486261558532714844e+02
3.515676879882812500e+02 4.834453582763671875e+02 2.492928123474121094e+02
3.520864486694335938e+02 4.841473770141601562e+02 2.479583549499511719e+02
3.521982192993164062e+02 4.837336349487304688e+02 2.500000000000000000e+02
3.516982269287109375e+02 4.833396148681640625e+02 2.500000000000000000e+02
3.520179748535156250e+02 4.832093429565429688e+02 2.510608673095703125e+02
3.511227798461914062e+02 4.828396224975585938e+02 2.500000000000000000e+02
3.506227874755859375e+02 4.823833084106445312e+02 2.500000000000000000e+02
3.509923171997070312e+02 4.830068969726562500e+02 2.490225982666015625e+02
3.513264083862304688e+02 4.826564788818359375e+02 2.509999847412109375e+02
3.508264160156250000e+02 4.821881866455078125e+02 2.509999847412109375e+02
3.514615249633789062e+02 4.825345230102539062e+02 2.515648078918457031e+02
3.510490036010742188e+02 4.819520950317382812e+02 2.519117546081542969e+02
3.504507064819335938e+02 4.815511703491210938e+02 2.515920448303222656e+02
3.513031005859375000e+02 4.816864013671875000e+02 2.527831077575683594e+02
3.516677856445312500e+02 4.823530578613281250e+02 2.522314834594726562e+02
3.506364440917968750e+02 4.813597106933593750e+02 2.522587203979492188e+02
3.509235000610351562e+02 4.810787200927734375e+02 2.531097984313964844e+02
3.500563430786132812e+02 4.809352493286132812e+02 2.518882560729980469e+02
3.498168945312500000e+02 4.811410903930664062e+02 2.509999847412109375e+02
3.503286361694335938e+02 4.806930541992187500e+02 2.527698135375976562e+02
3.496619796752929688e+02 4.802984619140625000e+02 2.521844673156738281e+02
3.494909667968750000e+02 4.805107498168945312e+02 2.515178108215332031e+02
3.492741012573242188e+02 4.799790573120117188e+02 2.519106864929199219e+02
3.493810653686523438e+02 4.806410980224609375e+02 2.509999847412109375e+02
3.491963577270507812e+02 4.808588027954101562e+02 2.500000000000000000e+02
3.488457870483398438e+02 4.799551010131835938e+02 2.510005187988281250e+02
3.484316253662109375e+02 4.795918273925781250e+02 2.506675148010253906e+02
3.485681915283203125e+02 4.794023513793945312e+02 2.513341903686523438e+02
3.486963653564453125e+02 4.802426910400390625e+02 2.500000000000000000e+02
3.483192825317382812e+02 4.797426986694335938e+02 2.500000000000000000e+02
3.485780334472656250e+02 4.803984451293945312e+02 2.491838836669921875e+02
3.490104293823242188e+02 4.809864425659179688e+02 2.489533805847167969e+02
3.482444763183593750e+02 4.800390625000000000e+02 2.489103317260742188e+02
3.476837921142578125e+02 4.792271423339843750e+02 2.489999961853027344e+02
3.480458831787109375e+02 4.800000000000000000e+02 2.479999923706054688e+02
3.484957122802734375e+02 4.805052185058593750e+02 2.485172271728515625e+02
3.484559249877929688e+02 4.805535125732421875e+02 2.479999923706054688e+02
3.483913040161132812e+02 4.806314086914062500e+02 2.469999885559082031e+02
3.488773345947265625e+02 4.810535049438476562e+02 2.479999923706054688e+02
3.488136672973632812e+02 4.811314010620117188e+02 2.469999885559082031e+02
3.493773269653320312e+02 4.816358184814453125e+02 2.479999923706054688e+02
3.498519897460937500e+02 4.821358489990234375e+02 2.479999923706054688e+02
3.494428634643554688e+02 4.815633010864257812e+02 2.487228584289550781e+02
3.493136596679687500e+02 4.817071151733398438e+02 2.469999885559082031e+02
3.492797851562500000e+02 4.817458343505859375e+02 2.459999847412109375e+02
3.497818756103515625e+02 4.822071075439453125e+02 2.469999885559082031e+02
3.497444915771484375e+02 4.822458267211914062e+02 2.459999847412109375e+02
3.502818679809570312e+02 4.827095794677734375e+02 2.469999885559082031e+02
3.503519821166992188e+02 4.826425170898437500e+02 2.479999923706054688e+02
3.508203887939453125e+02 4.832095718383789062e+02 2.469999885559082031e+02
3.502444839477539062e+02 4.827445220947265625e+02 2.459999847412109375e+02
3.502540206909179688e+02 4.827358245849609375e+02 2.450000000000000000e+02
3.507823562622070312e+02 4.832445144653320312e+02 2.459999847412109375e+02
3.507910156250000000e+02 4.832358169555664062e+02 2.450000000000000000e+02
3.512823486328125000e+02 4.836893844604492188e+02 2.459999847412109375e+02
3.513204193115234375e+02 4.836565017700195312e+02 2.469999885559082031e+02
3.518846511840820312e+02 4.841893768310546875e+02 2.459999847412109375e+02
3.512910079956054688e+02 4.836825561523437500e+02 2.450000000000000000e+02
3.513385009765625000e+02 4.836429977416992188e+02 2.439999961853027344e+02
3.518836975097656250e+02 4.841825866699218750e+02 2.450000000000000000e+02
3.519205093383789062e+02 4.841429901123046875e+02 2.439999961853027344e+02
3.523837280273437500e+02 4.845941543579101562e+02 2.450000000000000000e+02
3.524205398559570312e+02 4.845660400390625000e+02 2.439999961853027344e+02
3.523846817016601562e+02 4.845909881591796875e+02 2.459999847412109375e+02
3.529999923706054688e+02 4.850452041625976562e+02 2.450000000000000000e+02
3.529999923706054688e+02 4.850001907348632812e+02 2.439999961853027344e+02
3.529999923706054688e+02 4.850323486328125000e+02 2.459999847412109375e+02
3.535725784301757812e+02 4.854510498046875000e+02 2.450000000000000000e+02
3.535940551757812500e+02 4.854341506958007812e+02 2.439999961853027344e+02
3.535904693603515625e+02 4.854413223266601562e+02 2.459999847412109375e+02
3.540725708007812500e+02 4.857817459106445312e+02 2.450000000000000000e+02
3.540940856933593750e+02 4.857773208618164062e+02 2.439999961853027344e+02
3.540904617309570312e+02 4.857608795166015625e+02 2.459999847412109375e+02
3.548765182495117188e+02 4.862817764282226562e+02 2.450000000000000000e+02
3.548707962036132812e+02 4.862773132324218750e+02 2.439999961853027344e+02
3.553765106201171875e+02 4.865713882446289062e+02 2.450000000000000000e+02
3.553707885742187500e+02 4.865766906738281250e+02 2.439999961853027344e+02
3.554169464111328125e+02 4.865504837036132812e+02 2.429999923706054688e+02
3.559999847412109375e+02 4.868928909301757812e+02 2.439999961853027344e+02
3.559999847412109375e+02 4.868490219116210938e+02 2.429999923706054688e+02
3.568964385986328125e+02 4.873161697387695312e+02 2.439999961853027344e+02
3.569265747070312500e+02 4.872985458374023438e+02 2.429999923706054688e+02
3.573964309692382812e+02 4.875479507446289062e+02 2.439999961853027344e+02
3.574265670776367188e+02 4.875344848632812500e+02 2.429999923706054688e+02
3.574312210083007812e+02 4.875313949584960938e+02 2.450000000000000000e+02
3.574719619750976562e+02 4.875133895874023438e+02 2.423882484436035156e+02
3.570831680297851562e+02 4.872835159301757812e+02 2.420329475402832031e+02
3.559372329711914062e+02 4.867107772827148438e+02 2.420281600952148438e+02
3.570000076293945312e+02 4.871040725708007812e+02 2.409999847412109375e+02
3.575629425048828125e+02 4.874735260009765625e+02 2.417215728759765625e+02
3.576768493652343750e+02 4.874254226684570312e+02 2.409999847412109375e+02
3.581768417358398438e+02 4.876342391967773438e+02 2.409999847412109375e+02
3.578795242309570312e+02 4.873381042480468750e+02 2.400000000000000000e+02
3.580998992919921875e+02 4.872253417968750000e+02 2.390998268127441406e+02
3.583795166015625000e+02 4.875503921508789062e+02 2.400000000000000000e+02
3.570000076293945312e+02 4.869256210327148438e+02 2.400000000000000000e+02
3.569783401489257812e+02 4.866901397705078125e+02 2.390496253967285156e+02
3.563451385498046875e+02 4.865874862670898438e+02 2.400000000000000000e+02
3.558451461791992188e+02 4.862999343872070312e+02 2.400000000000000000e+02
3.564605712890625000e+02 4.865228652954101562e+02 2.394160461425781250e+02
3.561713027954101562e+02 4.866786575317382812e+02 2.409999847412109375e+02
3.556712722778320312e+02 4.864032363891601562e+02 2.409999847412109375e+02
3.555620956420898438e+02 4.864660644531250000e+02 2.417136192321777344e+02
3.550000000000000000e+02 4.859837341308593750e+02 2.409999847412109375e+02
3.549545669555664062e+02 4.857519149780273438e+02 2.400516700744628906e+02
3.543864822387695312e+02 4.855804824829101562e+02 2.409999847412109375e+02
3.550816345214843750e+02 4.862184524536132812e+02 2.420281600952148438e+02
3.542530822753906250e+02 4.856735229492187500e+02 2.419999885559082031e+02
3.549169158935546875e+02 4.862421798706054688e+02 2.429999923706054688e+02
3.554693603515625000e+02 4.865189743041992188e+02 2.423802757263183594e+02
3.541524505615234375e+02 4.857421875000000000e+02 2.429999923706054688e+02
3.536524581909179688e+02 4.853915023803710938e+02 2.429999923706054688e+02
3.537530517578125000e+02 4.853184509277343750e+02 2.419999885559082031e+02
3.529113006591796875e+02 4.848314285278320312e+02 2.429663276672363281e+02
3.525188446044921875e+02 4.844849777221679688e+02 2.426105499267578125e+02
3.524639511108398438e+02 4.845304107666015625e+02 2.432772064208984375e+02
3.530891799926757812e+02 4.848184204101562500e+02 2.419999885559082031e+02
3.525891876220703125e+02 4.844281387329101562e+02 2.419999885559082031e+02
3.532230377197265625e+02 4.847186279296875000e+02 2.409999847412109375e+02
3.533761978149414062e+02 4.845994567871093750e+02 2.400000000000000000e+02
3.527230453491210938e+02 4.843174743652343750e+02 2.409999847412109375e+02
3.538864517211914062e+02 4.852186203002929688e+02 2.409999847412109375e+02
3.540834426879882812e+02 4.851423263549804688e+02 2.400516700744628906e+02
3.545909118652343750e+02 4.854378890991210938e+02 2.397528076171875000e+02
3.544723892211914062e+02 4.855199050903320312e+02 2.404194641113281250e+02
3.547455596923828125e+02 4.853321838378906250e+02 2.389999961853027344e+02
3.552455520629882812e+02 4.856701278686523438e+02 2.389999961853027344e+02
3.554031372070312500e+02 4.855651473999023438e+02 2.383135986328125000e+02
3.560763168334960938e+02 4.861953353881835938e+02 2.390496253967285156e+02
3.566305541992187500e+02 4.864320373535156250e+02 2.387493705749511719e+02
3.569783401489257812e+02 4.863472747802734375e+02 2.379107666015625000e+02
3.572972106933593750e+02 4.866035461425781250e+02 2.381846237182617188e+02
3.575127792358398438e+02 4.864939880371093750e+02 2.375179672241210938e+02
3.579076766967773438e+02 4.867988967895507812e+02 2.379107666015625000e+02
3.582137680053710938e+02 4.866313171386718750e+02 2.369999885559082031e+02
3.590398788452148438e+02 4.872993087768554688e+02 2.380261611938476562e+02
3.587331390380859375e+02 4.874149322509765625e+02 2.388330459594726562e+02
3.593997955322265625e+02 4.875365447998046875e+02 2.383769416809082031e+02
3.596923065185546875e+02 4.874375534057617188e+02 2.377102661132812500e+02
3.600153732299804688e+02 4.876338577270507812e+02 2.380261611938476562e+02
3.603590011596679688e+02 4.875456237792968750e+02 2.373607063293457031e+02
3.600000000000000000e+02 4.878830718994140625e+02 2.389999961853027344e+02
3.609999847412109375e+02 4.879040145874023438e+02 2.379999923706054688e+02
3.610461425781250000e+02 4.876195907592773438e+02 2.370164108276367188e+02
3.609999847412109375e+02 4.881541824340820312e+02 2.389999961853027344e+02
3.620283508300781250e+02 4.883825302124023438e+02 2.390325546264648438e+02
3.617139053344726562e+02 4.884597396850585938e+02 2.397320175170898438e+02
3.620000076293945312e+02 4.878413009643554688e+02 2.369999885559082031e+02
3.590398788452148438e+02 4.875921630859375000e+02 2.390998268127441406e+02
3.600000000000000000e+02 4.880925750732421875e+02 2.400000000000000000e+02
3.589999771118164062e+02 4.877727127075195312e+02 2.400000000000000000e+02
3.584998321533203125e+02 4.875000762939453125e+02 2.394997024536132812e+02
3.521412277221679688e+02 4.838174819946289062e+02 2.409999847412109375e+02
3.528762054443359375e+02 4.841862106323242188e+02 2.400000000000000000e+02
3.522933197021484375e+02 4.836862182617187500e+02 2.400000000000000000e+02
3.517933273315429688e+02 4.832230377197265625e+02 2.400000000000000000e+02
3.524151229858398438e+02 4.835775375366210938e+02 2.392813682556152344e+02
3.516412353515625000e+02 4.833692550659179688e+02 2.409999847412109375e+02
3.512740325927734375e+02 4.827230453491210938e+02 2.400000000000000000e+02
3.511194229125976562e+02 4.828692626953125000e+02 2.409999847412109375e+02
3.506194305419921875e+02 4.823765563964843750e+02 2.409999847412109375e+02
3.509985351562500000e+02 4.830045318603515625e+02 2.419925880432128906e+02
3.505308151245117188e+02 4.824686813354492188e+02 2.416261291503906250e+02
3.504490280151367188e+02 4.825507354736328125e+02 2.422927856445312500e+02
3.509090805053710938e+02 4.831172943115234375e+02 2.429999923706054688e+02
3.514662933349609375e+02 4.835303878784179688e+02 2.423590278625488281e+02
3.515457153320312500e+02 4.834582901000976562e+02 2.416923713684082031e+02
3.519274139404296875e+02 4.838607406616210938e+02 2.420154190063476562e+02
3.520783615112304688e+02 4.841561889648437500e+02 2.429663276672363281e+02
3.514090728759765625e+02 4.835815048217773438e+02 2.429999923706054688e+02
3.503802871704101562e+02 4.826172637939453125e+02 2.429999923706054688e+02
3.508384704589843750e+02 4.831888961791992188e+02 2.439999961853027344e+02
3.503043365478515625e+02 4.826889038085937500e+02 2.439999961853027344e+02
3.498043441772460938e+02 4.821820449829101562e+02 2.439999961853027344e+02
3.493358993530273438e+02 4.816820144653320312e+02 2.439999961853027344e+02
3.498802947998046875e+02 4.820965576171875000e+02 2.429999923706054688e+02
3.497540283203125000e+02 4.822360229492187500e+02 2.450000000000000000e+02
3.492879486083984375e+02 4.817360305786132812e+02 2.450000000000000000e+02
3.487879562377929688e+02 4.811610794067382812e+02 2.450000000000000000e+02
3.488358688354492188e+02 4.811013412475585938e+02 2.439999961853027344e+02
3.483665084838867188e+02 4.806610870361328125e+02 2.450000000000000000e+02
3.487797927856445312e+02 4.811717605590820312e+02 2.459999847412109375e+02
3.483574676513671875e+02 4.806717300415039062e+02 2.459999847412109375e+02
3.477878189086914062e+02 4.799046707153320312e+02 2.460283660888671875e+02
3.478015899658203125e+02 4.799046707153320312e+02 2.450438308715820312e+02
3.475030517578125000e+02 4.794955062866210938e+02 2.463806152343750000e+02
3.479203033447265625e+02 4.800000000000000000e+02 2.469999885559082031e+02
3.474945449829101562e+02 4.795077514648437500e+02 2.457139396667480469e+02
3.472320938110351562e+02 4.790973281860351562e+02 2.460283660888671875e+02
3.474945449829101562e+02 4.795077514648437500e+02 2.454063987731933594e+02
3.472412109375000000e+02 4.790874481201171875e+02 2.450438308715820312e+02
3.466806411743164062e+02 4.781802368164062500e+02 2.450000000000000000e+02
3.475139617919921875e+02 4.794790649414062500e+02 2.447397232055664062e+02
3.472313690185546875e+02 4.789167022705078125e+02 2.439999961853027344e+02
3.467313766479492188e+02 4.780915832519531250e+02 2.439999961853027344e+02
3.475549316406250000e+02 4.794166946411132812e+02 2.439999961853027344e+02
3.479714965820312500e+02 4.800000000000000000e+02 2.439999961853027344e+02
3.481875991821289062e+02 4.800769042968750000e+02 2.429940986633300781e+02
3.484165573120117188e+02 4.806013488769531250e+02 2.439999961853027344e+02
3.484671020507812500e+02 4.805401992797851562e+02 2.433235168457031250e+02
3.488479995727539062e+02 4.809241104125976562e+02 2.429940986633300781e+02
3.485289382934570312e+02 4.804615402221679688e+02 2.426568412780761719e+02
3.494132995605468750e+02 4.815965652465820312e+02 2.429999923706054688e+02
3.494720840454101562e+02 4.815313339233398438e+02 2.423855209350585938e+02
3.500008010864257812e+02 4.820000076293945312e+02 2.420058250427246094e+02
3.464485168457031250e+02 4.775915908813476562e+02 2.439999961853027344e+02
3.464885330200195312e+02 4.775202941894531250e+02 2.434348106384277344e+02
3.463993453979492188e+02 4.776802444458007812e+02 2.450000000000000000e+02
3.461455535888671875e+02 4.770000076293945312e+02 2.439999961853027344e+02
3.456598281860351562e+02 4.759519195556640625e+02 2.439169120788574219e+02
3.460511398315429688e+02 4.770000076293945312e+02 2.450000000000000000e+02
3.456517791748046875e+02 4.761634063720703125e+02 2.450000000000000000e+02
3.460275650024414062e+02 4.770000076293945312e+02 2.459999847412109375e+02
3.456397628784179688e+02 4.761943817138671875e+02 2.459999847412109375e+02
3.460765457153320312e+02 4.770000076293945312e+02 2.469999885559082031e+02
3.463877868652343750e+02 4.777008056640625000e+02 2.459999847412109375e+02
3.464139175415039062e+02 4.776529312133789062e+02 2.469999885559082031e+02
3.466691970825195312e+02 4.782007980346679688e+02 2.459999847412109375e+02
3.466973114013671875e+02 4.781529235839843750e+02 2.469999885559082031e+02
3.467094421386718750e+02 4.779448318481445312e+02 2.480727767944335938e+02
3.471973419189453125e+02 4.789574050903320312e+02 2.469999885559082031e+02
3.472567749023437500e+02 4.788672256469726562e+02 2.479999923706054688e+02
3.475289916992187500e+02 4.794573974609375000e+02 2.469999885559082031e+02
3.475899505615234375e+02 4.793672561645507812e+02 2.479999923706054688e+02
3.473497009277343750e+02 4.787271499633789062e+02 2.489999961853027344e+02
3.469144439697265625e+02 4.779999923706054688e+02 2.489999961853027344e+02
3.474376678466796875e+02 4.785942459106445312e+02 2.497008895874023438e+02
3.472176361083984375e+02 4.780585479736328125e+02 2.500205421447753906e+02
3.477802658081054688e+02 4.789565277099609375e+02 2.500205421447753906e+02
3.481876754760742188e+02 4.790414047241210938e+02 2.510005187988281250e+02
3.475413894653320312e+02 4.784309387207031250e+02 2.503675651550292969e+02
3.476608657836914062e+02 4.782284927368164062e+02 2.509999847412109375e+02
3.473663330078125000e+02 4.777285003662109375e+02 2.509999847412109375e+02
3.479875564575195312e+02 4.780186080932617188e+02 2.520229530334472656e+02
3.483477020263671875e+02 4.777538681030273438e+02 2.529999923706054688e+02
3.483397674560546875e+02 4.787356567382812500e+02 2.518293952941894531e+02
3.485019683837890625e+02 4.784968185424804688e+02 2.524960708618164062e+02
3.476353836059570312e+02 4.772381591796875000e+02 2.522164916992187500e+02
3.474763107299804688e+02 4.775403976440429688e+02 2.515498161315917969e+02
3.473481369018554688e+02 4.769429016113281250e+02 2.519298934936523438e+02
3.468519973754882812e+02 4.759120178222656250e+02 2.519113922119140625e+02
3.469818115234375000e+02 4.770000076293945312e+02 2.509999847412109375e+02
3.474633407592773438e+02 4.765715026855468750e+02 2.525656127929687500e+02
3.478701782226562500e+02 4.769429016113281250e+02 2.529393577575683594e+02
3.473345947265625000e+02 4.759999847412109375e+02 2.527941513061523438e+02
3.476180267333984375e+02 4.759999847412109375e+02 2.532941436767578125e+02
3.471354293823242188e+02 4.750937652587890625e+02 2.530959510803222656e+02
3.467150497436523438e+02 4.740389633178710938e+02 2.529752922058105469e+02
3.466349029541015625e+02 4.750000000000000000e+02 2.522175598144531250e+02
3.473791885375976562e+02 4.748229598999023438e+02 2.536809158325195312e+02
3.475039672851562500e+02 4.754896545410156250e+02 2.534932518005371094e+02
3.477043533325195312e+02 4.750937652587890625e+02 2.540085411071777344e+02
3.475812149047851562e+02 4.739999771118164062e+02 2.543820381164550781e+02
3.482524871826171875e+02 4.750000000000000000e+02 2.548125076293945312e+02
3.481334304809570312e+02 4.760328292846679688e+02 2.540563964843750000e+02
3.483983612060546875e+02 4.757213592529296875e+02 2.546290397644042969e+02
3.483612060546875000e+02 4.770000076293945312e+02 2.537010574340820312e+02
3.485520553588867188e+02 4.763880157470703125e+02 2.544273376464843750e+02
3.488283157348632812e+02 4.760328292846679688e+02 2.549774169921875000e+02
3.487117385864257812e+02 4.770000076293945312e+02 2.542010498046875000e+02
3.492652130126953125e+02 4.769073867797851562e+02 2.549748420715332031e+02
3.490483093261718750e+02 4.779189682006835938e+02 2.539300155639648438e+02
3.484948730468750000e+02 4.775083541870117188e+02 2.535073852539062500e+02
3.486512756347656250e+02 4.782538604736328125e+02 2.529999923706054688e+02
3.493968963623046875e+02 4.776629257202148438e+02 2.546247482299804688e+02
3.493664169311523438e+02 4.786912536621093750e+02 2.536859703063964844e+02
3.496109771728515625e+02 4.783295822143554688e+02 2.543526458740234375e+02
3.499812316894531250e+02 4.780266189575195312e+02 2.550225067138671875e+02
3.499398803710937500e+02 4.790855026245117188e+02 2.540833854675292969e+02
3.496021270751953125e+02 4.793579483032226562e+02 2.533362197875976562e+02
3.502776718139648438e+02 4.788130569458007812e+02 2.547535896301269531e+02
3.502687835693359375e+02 4.797838973999023438e+02 2.538141059875488281e+02
3.505155563354492188e+02 4.794797134399414062e+02 2.544807815551757812e+02
3.507545471191406250e+02 4.790878295898437500e+02 2.550521469116210938e+02
3.507222747802734375e+02 4.800703430175781250e+02 2.540884590148925781e+02
3.505438613891601562e+02 4.804505538940429688e+02 2.534364891052246094e+02
3.512953186035156250e+02 4.799006652832031250e+02 2.549141311645507812e+02
3.512661743164062500e+02 4.807405090332031250e+02 2.539999961853027344e+02
3.514776992797851562e+02 4.805229949951171875e+02 2.545235443115234375e+02
3.517714309692382812e+02 4.812405395507812500e+02 2.539999961853027344e+02
3.515373992919921875e+02 4.814643478393554688e+02 2.534497833251953125e+02
3.521558761596679688e+02 4.808510589599609375e+02 2.548494911193847656e+02
3.522714233398437500e+02 4.817013931274414062e+02 2.539999961853027344e+02
3.519359207153320312e+02 4.820568847656250000e+02 2.530857849121093750e+02
3.524911880493164062e+02 4.815078353881835938e+02 2.545087814331054688e+02
3.529538345336914062e+02 4.822304534912109375e+02 2.540593528747558594e+02
3.529999923706054688e+02 4.817175292968750000e+02 2.547436523437500000e+02
3.535706710815429688e+02 4.824488449096679688e+02 2.544322776794433594e+02
3.538795852661132812e+02 4.820888137817382812e+02 2.551003837585449219e+02
3.535218048095703125e+02 4.814828491210937500e+02 2.554827499389648438e+02
3.541884613037109375e+02 4.817287826538085938e+02 2.557255554199218750e+02
3.538798522949218750e+02 4.810966110229492188e+02 2.560883331298828125e+02
3.535712051391601562e+02 4.804382324218750000e+02 2.564511108398437500e+02
3.529999923706054688e+02 4.807464981079101562e+02 2.557219123840332031e+02
3.546656417846679688e+02 4.813770294189453125e+02 2.563922309875488281e+02
3.542378997802734375e+02 4.807103729248046875e+02 2.566679954528808594e+02
3.539811706542968750e+02 4.800175094604492188e+02 2.570156478881835938e+02
3.550616455078125000e+02 4.809545898437500000e+02 2.569682693481445312e+02
3.547909545898437500e+02 4.802634811401367188e+02 2.573346519470214844e+02
3.554576492309570312e+02 4.805321121215820312e+02 2.575235748291015625e+02
3.553322982788085938e+02 4.816159439086914062e+02 2.566018676757812500e+02
3.559999847412109375e+02 4.812159729003906250e+02 2.572823905944824219e+02
3.559999847412109375e+02 4.807159805297851562e+02 2.576557922363281250e+02
3.560221099853515625e+02 4.799579238891601562e+02 2.581681823730468750e+02
3.563702011108398438e+02 4.795965576171875000e+02 2.585597610473632812e+02
3.570000076293945312e+02 4.803145217895507812e+02 2.583830833435058594e+02
3.550745773315429688e+02 4.799580764770507812e+02 2.576967430114746094e+02
3.557035064697265625e+02 4.793373870849609375e+02 2.584059143066406250e+02
3.560221099853515625e+02 4.790024185180664062e+02 2.587394523620605469e+02
3.549832534790039062e+02 4.790024185180664062e+02 2.582403755187988281e+02
3.540346908569335938e+02 4.789689636230468750e+02 2.577390289306640625e+02
3.546387481689453125e+02 4.783660507202148438e+02 2.584296417236328125e+02
3.553054046630859375e+02 4.786707305908203125e+02 2.585970306396484375e+02
3.549832534790039062e+02 4.780196380615234375e+02 2.587798309326171875e+02
3.550011825561523438e+02 4.770090484619140625e+02 2.592720794677734375e+02
3.559930038452148438e+02 4.779917526245117188e+02 2.592633056640625000e+02
3.543147659301757812e+02 4.776993942260742188e+02 2.586031532287597656e+02
3.539888381958007812e+02 4.769923400878906250e+02 2.587550354003906250e+02
3.539888381958007812e+02 4.780196380615234375e+02 2.582497024536132812e+02
3.530363464355468750e+02 4.779380035400390625e+02 2.577135848999023438e+02
3.536481094360351562e+02 4.773205947875976562e+02 2.584161758422851562e+02
3.530303192138671875e+02 4.769923400878906250e+02 2.581895256042480469e+02
3.527171707153320312e+02 4.761666870117187500e+02 2.583635902404785156e+02
3.522535705566406250e+02 4.770000076293945312e+02 2.576747703552246094e+02
3.533838653564453125e+02 4.766539382934570312e+02 2.585711288452148438e+02
3.530303192138671875e+02 4.759000015258789062e+02 2.586640167236328125e+02
3.529999923706054688e+02 4.750000000000000000e+02 2.589737892150878906e+02
3.524999618530273438e+02 4.755000305175781250e+02 2.585000038146972656e+02
3.540451812744140625e+02 4.759749603271484375e+02 2.592144584655761719e+02
3.537061691284179688e+02 4.750000000000000000e+02 2.593881797790527344e+02
3.544086456298828125e+02 4.756249237060546875e+02 2.595495033264160156e+02
3.546686553955078125e+02 4.762916183471679688e+02 2.594174385070800781e+02
3.550011825561523438e+02 4.759749603271484375e+02 2.597032546997070312e+02
3.550000000000000000e+02 4.750000000000000000e+02 2.600532150268554688e+02
3.553353118896484375e+02 4.766817474365234375e+02 2.595800018310546875e+02
3.560703277587890625e+02 4.759326171875000000e+02 2.602068710327148438e+02
3.564505386352539062e+02 4.755543899536132812e+02 2.605216979980468750e+02
3.559930038452148438e+02 4.770090484619140625e+02 2.597273826599121094e+02
3.567781448364257812e+02 4.762210464477539062e+02 2.603888893127441406e+02
3.557386398315429688e+02 4.750000000000000000e+02 2.603954124450683594e+02
3.555342864990234375e+02 4.744441223144531250e+02 2.604846382141113281e+02
3.562386322021484375e+02 4.750000000000000000e+02 2.606151008605957031e+02
3.559205627441406250e+02 4.740664672851562500e+02 2.607559776306152344e+02
3.570000076293945312e+02 4.750000000000000000e+02 2.609280014038085938e+02
3.570713424682617188e+02 4.739428710937500000e+02 2.612687683105468750e+02
3.570668792724609375e+02 4.759326171875000000e+02 2.606186676025390625e+02
3.580167007446289062e+02 4.749900054931640625e+02 2.613135147094726562e+02
3.576944732666015625e+02 4.742381286621093750e+02 2.614299392700195312e+02
3.583611679077148438e+02 4.746500396728515625e+02 2.615500640869140625e+02
3.579999923706054688e+02 4.759999847412109375e+02 2.609402847290039062e+02
3.586938858032226562e+02 4.753166961669921875e+02 2.614386749267578125e+02
3.590163040161132812e+02 4.749900054931640625e+02 2.616481971740722656e+02
3.590163040161132812e+02 4.759667205810546875e+02 2.612936019897460938e+02
3.593605422973632812e+02 4.756111907958984375e+02 2.615441322326660156e+02
3.589147949218750000e+02 4.770890045166015625e+02 2.607912063598632812e+02
3.598073577880859375e+02 4.762778472900390625e+02 2.614117240905761719e+02
3.600844192504882812e+02 4.759667205810546875e+02 2.616139602661132812e+02
3.600844192504882812e+02 4.769102859497070312e+02 2.612251472473144531e+02
3.604740142822265625e+02 4.765171051025390625e+02 2.615075302124023438e+02
3.600345993041992188e+02 4.780245590209960938e+02 2.606962394714355469e+02
3.609999847412109375e+02 4.771603393554687500e+02 2.613513374328613281e+02
3.609999847412109375e+02 4.766603469848632812e+02 2.615703201293945312e+02
3.609999847412109375e+02 4.779999923706054688e+02 2.609539031982421875e+02
3.617932891845703125e+02 4.773633575439453125e+02 2.614396095275878906e+02
3.620759582519531250e+02 4.770180130004882812e+02 2.616482734680175781e+02
3.620759582519531250e+02 4.779100036621093750e+02 2.612335205078125000e+02
3.624599456787109375e+02 4.775166702270507812e+02 2.615082931518554688e+02
3.620000076293945312e+02 4.788932418823242188e+02 2.607121849060058594e+02
3.629999923706054688e+02 4.781077957153320312e+02 2.613055229187011719e+02
3.629999923706054688e+02 4.776078033447265625e+02 2.615533065795898438e+02
3.629143905639648438e+02 4.790956497192382812e+02 2.607752037048339844e+02
3.639999771118164062e+02 4.782374572753906250e+02 2.613698577880859375e+02
3.639999771118164062e+02 4.777374649047851562e+02 2.616168594360351562e+02
3.639999771118164062e+02 4.789999771118164062e+02 2.609704017639160156e+02
3.650000000000000000e+02 4.783098602294921875e+02 2.614064216613769531e+02
3.650000000000000000e+02 4.778098678588867188e+02 2.616506958007812500e+02
3.650000000000000000e+02 4.789999771118164062e+02 2.610449790954589844e+02
3.659999847412109375e+02 4.783331680297851562e+02 2.614186668395996094e+02
3.659999847412109375e+02 4.778331756591796875e+02 2.616605377197265625e+02
3.659999847412109375e+02 4.789999771118164062e+02 2.610716629028320312e+02
3.670000076293945312e+02 4.782948684692382812e+02 2.614013481140136719e+02
3.670000076293945312e+02 4.777948760986328125e+02 2.616408157348632812e+02
3.670000076293945312e+02 4.789999771118164062e+02 2.610399055480957031e+02
3.679999923706054688e+02 4.781990051269531250e+02 2.613576889038085938e+02
3.679999923706054688e+02 4.776989746093750000e+02 2.615938758850097656e+02
3.679999923706054688e+02 4.789999771118164062e+02 2.609555435180664062e+02
3.690399932861328125e+02 4.779557037353515625e+02 2.613174438476562500e+02
3.687333679199218750e+02 4.775928115844726562e+02 2.615435600280761719e+02
3.690687942504882812e+02 4.790897750854492188e+02 2.607572937011718750e+02
3.700000000000000000e+02 4.779999923706054688e+02 2.610949516296386719e+02
3.694000244140625000e+02 4.774523162841796875e+02 2.614813232421875000e+02
3.690399932861328125e+02 4.770713806152343750e+02 2.616962432861328125e+02
3.700000000000000000e+02 4.772647476196289062e+02 2.614118003845214844e+02
3.700000000000000000e+02 4.767647552490234375e+02 2.616015052795410156e+02
3.709485626220703125e+02 4.769403839111328125e+02 2.612750244140625000e+02
3.705809020996093750e+02 4.765673065185546875e+02 2.615251350402832031e+02
3.710702133178710938e+02 4.780806350708007812e+02 2.607719039916992188e+02
3.720000076293945312e+02 4.770000076293945312e+02 2.609072494506835938e+02
3.712475967407226562e+02 4.762475967407226562e+02 2.614218902587890625e+02
3.709485626220703125e+02 4.759485626220703125e+02 2.616075325012207031e+02
3.719403839111328125e+02 4.759485626220703125e+02 2.612750244140625000e+02
3.722705841064453125e+02 4.750000000000000000e+02 2.614143943786621094e+02
3.715673065185546875e+02 4.755809020996093750e+02 2.615251350402832031e+02
3.730849456787109375e+02 4.760776519775390625e+02 2.607746315002441406e+02
3.729999923706054688e+02 4.750000000000000000e+02 2.611085700988769531e+02
3.734748840332031250e+02 4.764627456665039062e+02 2.604887962341308594e+02
3.727601623535156250e+02 4.770000076293945312e+02 2.606142807006835938e+02
3.736815643310546875e+02 4.757960510253906250e+02 2.605879402160644531e+02
3.740089416503906250e+02 4.760776519775390625e+02 2.603467750549316406e+02
3.740089416503906250e+02 4.749240493774414062e+02 2.606614494323730469e+02
3.739999771118164062e+02 4.739999771118164062e+02 2.608693122863769531e+02
3.743482208251953125e+02 4.752067947387695312e+02 2.604257392883300781e+02
3.745182800292968750e+02 4.745401000976562500e+02 2.605102157592773438e+02
3.746127319335937500e+02 4.739999771118164062e+02 2.605633163452148438e+02
3.749109649658203125e+02 4.749240493774414062e+02 2.601926803588867188e+02
3.751127243041992188e+02 4.739999771118164062e+02 2.602809143066406250e+02
3.750740432739257812e+02 4.760491943359375000e+02 2.597969627380371094e+02
3.757652664184570312e+02 4.750000000000000000e+02 2.596715354919433594e+02
3.759255599975585938e+02 4.739999771118164062e+02 2.597809028625488281e+02
3.762652587890625000e+02 4.750000000000000000e+02 2.593474006652832031e+02
3.756139373779296875e+02 4.757486343383789062e+02 2.595724296569824219e+02
3.759683609008789062e+02 4.760491943359375000e+02 2.592592239379882812e+02
3.760749435424804688e+02 4.770571517944335938e+02 2.588548851013183594e+02
3.768032836914062500e+02 4.759999847412109375e+02 2.587177085876464844e+02
3.754567337036132812e+02 4.764152908325195312e+02 2.594750595092773438e+02
3.752738571166992188e+02 4.770000076293945312e+02 2.593701171875000000e+02
3.747738647460937500e+02 4.770000076293945312e+02 2.596546554565429688e+02
3.749450302124023438e+02 4.779597473144531250e+02 2.591737174987792969e+02
3.745750808715820312e+02 4.775996017456054688e+02 2.595427703857421875e+02
3.742977523803710938e+02 4.782662582397460938e+02 2.593991279602050781e+02
3.749615859985351562e+02 4.789436721801757812e+02 2.586996078491210938e+02
3.739786529541015625e+02 4.789769744873046875e+02 2.592136573791503906e+02
3.732555770874023438e+02 4.792949676513671875e+02 2.593954086303710938e+02
3.736310958862304688e+02 4.786282730102539062e+02 2.595645332336425781e+02
3.729533386230468750e+02 4.789769744873046875e+02 2.596841621398925781e+02
3.739786529541015625e+02 4.779597473144531250e+02 2.596870803833007812e+02
3.739999771118164062e+02 4.770000076293945312e+02 2.600496101379394531e+02
3.729231643676757812e+02 4.779231643676757812e+02 2.601840972900390625e+02
3.720000076293945312e+02 4.782547760009765625e+02 2.603922843933105469e+02
3.732601547241210938e+02 4.770000076293945312e+02 2.603949546813964844e+02
3.725386428833007812e+02 4.775386428833007812e+02 2.605169677734375000e+02
3.720000076293945312e+02 4.777547836303710938e+02 2.606142807006835938e+02
3.720000076293945312e+02 4.789999771118164062e+02 2.600354957580566406e+02
3.714503479003906250e+02 4.784677505493164062e+02 2.604852485656738281e+02
3.710702133178710938e+02 4.789988708496093750e+02 2.603311538696289062e+02
3.700000000000000000e+02 4.793608093261718750e+02 2.604286003112792969e+02
3.707836914062500000e+02 4.786647415161132812e+02 2.605833625793457031e+02
3.710009384155273438e+02 4.800533676147460938e+02 2.597691726684570312e+02
3.700000000000000000e+02 4.800000000000000000e+02 2.600610351562500000e+02
3.713348770141601562e+02 4.804222488403320312e+02 2.594522476196289062e+02
3.720000076293945312e+02 4.797391128540039062e+02 2.596432113647460938e+02
3.706682205200195312e+02 4.805710601806640625e+02 2.595486259460449219e+02
3.710009384155273438e+02 4.809426116943359375e+02 2.591946411132812500e+02
3.700000000000000000e+02 4.806926345825195312e+02 2.596324348449707031e+02
3.689999771118164062e+02 4.808371353149414062e+02 2.597331047058105469e+02
3.690687942504882812e+02 4.799486160278320312e+02 2.602811622619628906e+02
3.679999923706054688e+02 4.809355163574218750e+02 2.598012161254882812e+02
3.679999923706054688e+02 4.801665496826171875e+02 2.603012084960937500e+02
3.679999923706054688e+02 4.814355087280273438e+02 2.594540786743164062e+02
3.679999923706054688e+02 4.796665573120117188e+02 2.605978584289550781e+02
3.670000076293945312e+02 4.802379226684570312e+02 2.603446197509765625e+02
3.659999847412109375e+02 4.802642822265625000e+02 2.603610610961914062e+02
3.670000076293945312e+02 4.797379302978515625e+02 2.606385421752929688e+02
3.659999847412109375e+02 4.797642517089843750e+02 2.606529998779296875e+02
3.650000000000000000e+02 4.797379302978515625e+02 2.606385421752929688e+02
3.639999771118164062e+02 4.796699142456054688e+02 2.606005287170410156e+02
3.650000000000000000e+02 4.802379226684570312e+02 2.603446197509765625e+02
3.639999771118164062e+02 4.801699066162109375e+02 2.603012084960937500e+02
3.629143905639648438e+02 4.799513244628906250e+02 2.602840805053710938e+02
3.639999771118164062e+02 4.809355163574218750e+02 2.598012161254882812e+02
3.629999923706054688e+02 4.808371353149414062e+02 2.597331047058105469e+02
3.639999771118164062e+02 4.814355087280273438e+02 2.594540786743164062e+02
3.629999923706054688e+02 4.813371276855468750e+02 2.593848800659179688e+02
3.630163574218750000e+02 4.820766448974609375e+02 2.588216972351074219e+02
3.620000076293945312e+02 4.812030410766601562e+02 2.592928695678710938e+02
3.620000076293945312e+02 4.807030487060546875e+02 2.596395301818847656e+02
3.612586593627929688e+02 4.805849075317382812e+02 2.595580863952636719e+02
3.620000076293945312e+02 4.800000000000000000e+02 2.600815200805664062e+02
3.620000076293945312e+02 4.793932342529296875e+02 2.604419898986816406e+02
3.609552001953125000e+02 4.800788879394531250e+02 2.598013496398925781e+02
3.600000000000000000e+02 4.798390197753906250e+02 2.597087669372558594e+02
3.609999847412109375e+02 4.791907882690429688e+02 2.603330993652343750e+02
3.605920028686523438e+02 4.804647827148437500e+02 2.594777297973632812e+02
3.609999847412109375e+02 4.786907958984375000e+02 2.606025505065917969e+02
3.600345993041992188e+02 4.789336776733398438e+02 2.602298736572265625e+02
3.589305114746093750e+02 4.790813446044921875e+02 2.598172760009765625e+02
3.597243499755859375e+02 4.783742904663085938e+02 2.604380989074707031e+02
3.603910446166992188e+02 4.785561370849609375e+02 2.605302047729492188e+02
3.589147949218750000e+02 4.780245590209960938e+02 2.603558349609375000e+02
3.579999923706054688e+02 4.779999923706054688e+02 2.600602722167968750e+02
3.585246276855468750e+02 4.774816894531250000e+02 2.604917907714843750e+02
3.591913223266601562e+02 4.777076339721679688e+02 2.606013679504394531e+02
3.579999923706054688e+02 4.772742462158203125e+02 2.604014778137207031e+02
3.570668792724609375e+02 4.769303894042968750e+02 2.602054786682128906e+02
3.579999923706054688e+02 4.767742538452148438e+02 2.606208229064941406e+02
3.574448013305664062e+02 4.765506362915039062e+02 2.605221557617187500e+02
3.570306396484375000e+02 4.779917526245117188e+02 2.597012901306152344e+02
3.567177200317382812e+02 4.783195877075195312e+02 2.594089698791503906e+02
3.573844146728515625e+02 4.785889816284179688e+02 2.595485687255859375e+02
3.563217163085937500e+02 4.776529312133789062e+02 2.595767402648925781e+02
3.570306396484375000e+02 4.789533996582031250e+02 2.592008399963378906e+02
3.579999923706054688e+02 4.787934112548828125e+02 2.596587944030761719e+02
3.579999923706054688e+02 4.792934036254882812e+02 2.593866729736328125e+02
3.585508346557617188e+02 4.794688796997070312e+02 2.594828987121582031e+02
3.570000076293945312e+02 4.798145294189453125e+02 2.586943244934082031e+02
3.592175292968750000e+02 4.796538925170898438e+02 2.595942115783691406e+02
3.625240325927734375e+02 4.794927215576171875e+02 2.604959869384765625e+02
3.633605957031250000e+02 4.825268936157226562e+02 2.585229873657226562e+02
3.631906890869140625e+02 4.795855331420898438e+02 2.605513381958007812e+02
3.687813568115234375e+02 4.795810317993164062e+02 2.605477523803710938e+02
3.694480133056640625e+02 4.794829940795898438e+02 2.604911422729492188e+02
3.719923782348632812e+02 4.810462188720703125e+02 2.588057899475097656e+02
3.720000076293945312e+02 4.802391052246093750e+02 2.593410491943359375e+02
3.729533386230468750e+02 4.799378967285156250e+02 2.591531753540039062e+02
3.725888824462890625e+02 4.795631790161132812e+02 2.595379066467285156e+02
3.700000000000000000e+02 4.788608169555664062e+02 2.606831550598144531e+02
3.770602035522460938e+02 4.749739074707031250e+02 2.587954902648925781e+02
3.770000076293945312e+02 4.739999771118164062e+02 2.590363311767578125e+02
3.774337005615234375e+02 4.752898406982421875e+02 2.584503364562988281e+02
3.775361251831054688e+02 4.746231460571289062e+02 2.585292625427246094e+02
3.776053237915039062e+02 4.739999771118164062e+02 2.585860443115234375e+02
3.776927947998046875e+02 4.729999923706054688e+02 2.586591148376464844e+02
3.781053161621093750e+02 4.739999771118164062e+02 2.581713294982910156e+02
3.781927871704101562e+02 4.729999923706054688e+02 2.582409477233886719e+02
3.786907577514648438e+02 4.739999771118164062e+02 2.576713371276855469e+02
3.787663650512695312e+02 4.729999923706054688e+02 2.577409553527832031e+02
3.791907501220703125e+02 4.739999771118164062e+02 2.572095108032226562e+02
3.785819625854492188e+02 4.750000000000000000e+02 2.575731658935546875e+02
3.792663574218750000e+02 4.729999923706054688e+02 2.572798728942871094e+02
3.797822952270507812e+02 4.729999923706054688e+02 2.567798614501953125e+02
3.793066406250000000e+02 4.720000076293945312e+02 2.573170661926269531e+02
3.793202972412109375e+02 4.709999847412109375e+02 2.573289871215820312e+02
3.788066482543945312e+02 4.720000076293945312e+02 2.577812957763671875e+02
3.798207473754882812e+02 4.720000076293945312e+02 2.568170738220214844e+02
3.803207397460937500e+02 4.720000076293945312e+02 2.563143920898437500e+02
3.798332214355468750e+02 4.709999847412109375e+02 2.568289947509765625e+02
3.803332138061523438e+02 4.709999847412109375e+02 2.563293266296386719e+02
3.798360824584960938e+02 4.700000000000000000e+02 2.568318176269531250e+02
3.803360748291015625e+02 4.700000000000000000e+02 2.563334655761718750e+02
3.793236541748046875e+02 4.700000000000000000e+02 2.573318290710449219e+02
3.798304367065429688e+02 4.689999771118164062e+02 2.568266868591308594e+02
3.803304290771484375e+02 4.689999771118164062e+02 2.563277244567871094e+02
3.798138809204101562e+02 4.679999923706054688e+02 2.568088340759277344e+02
3.793182754516601562e+02 4.689999771118164062e+02 2.573266983032226562e+02
3.792974472045898438e+02 4.679999923706054688e+02 2.573088455200195312e+02
3.788182449340820312e+02 4.689999771118164062e+02 2.577986526489257812e+02
3.788236618041992188e+02 4.700000000000000000e+02 2.578037261962890625e+02
3.787974548339843750e+02 4.679999923706054688e+02 2.577764320373535156e+02
3.782715988159179688e+02 4.689999771118164062e+02 2.582986640930175781e+02
3.782451629638671875e+02 4.679999923706054688e+02 2.582764434814453125e+02
3.777716064453125000e+02 4.689999771118164062e+02 2.587335586547851562e+02
3.782770538330078125e+02 4.700000000000000000e+02 2.583037185668945312e+02
3.777770614624023438e+02 4.700000000000000000e+02 2.587379455566406250e+02
3.782700347900390625e+02 4.709999847412109375e+02 2.582986640930175781e+02
3.777700424194335938e+02 4.709999847412109375e+02 2.587309074401855469e+02
3.782456207275390625e+02 4.720000076293945312e+02 2.582812881469726562e+02
3.788203048706054688e+02 4.709999847412109375e+02 2.577986717224121094e+02
3.777456283569335938e+02 4.720000076293945312e+02 2.587066650390625000e+02
3.771103668212890625e+02 4.720000076293945312e+02 2.592066574096679688e+02
3.771534347534179688e+02 4.709999847412109375e+02 2.592308998107910156e+02
3.766103744506835938e+02 4.720000076293945312e+02 2.595825576782226562e+02
3.769324874877929688e+02 4.730821609497070312e+02 2.592249679565429688e+02
3.764943695068359375e+02 4.734702682495117188e+02 2.594961166381835938e+02
3.765541839599609375e+02 4.728036117553710938e+02 2.595396423339843750e+02
3.760966110229492188e+02 4.730821609497070312e+02 2.598145675659179688e+02
3.759999847412109375e+02 4.720000076293945312e+02 2.600106048583984375e+02
3.752623367309570312e+02 4.729999923706054688e+02 2.603634834289550781e+02
3.747623443603515625e+02 4.729999923706054688e+02 2.606478691101074219e+02
3.753763961791992188e+02 4.720000076293945312e+02 2.604280281066894531e+02
3.754496383666992188e+02 4.709999847412109375e+02 2.604703330993652344e+02
3.748764038085937500e+02 4.720000076293945312e+02 2.607129478454589844e+02
3.749496459960937500e+02 4.709999847412109375e+02 2.607548713684082031e+02
3.739999771118164062e+02 4.720000076293945312e+02 2.611745452880859375e+02
3.734133148193359375e+02 4.720000076293945312e+02 2.614616012573242188e+02
3.739190292358398438e+02 4.710522079467773438e+02 2.613008499145507812e+02
3.739999771118164062e+02 4.729999923706054688e+02 2.610410881042480469e+02
3.732592391967773438e+02 4.729999923706054688e+02 2.613932037353515625e+02
3.727592468261718750e+02 4.729999923706054688e+02 2.616141700744628906e+02
3.729697418212890625e+02 4.740546035766601562e+02 2.613356590270996094e+02
3.724601364135742188e+02 4.744243240356445312e+02 2.614847946166992188e+02
3.726162719726562500e+02 4.737576675415039062e+02 2.615515518188476562e+02
3.720760726928710938e+02 4.740546035766601562e+02 2.617010307312011719e+02
3.720000076293945312e+02 4.729999923706054688e+02 2.619097328186035156e+02
3.717705917358398438e+02 4.750000000000000000e+02 2.616015052795410156e+02
3.709999847412109375e+02 4.739999771118164062e+02 2.620799636840820312e+02
3.699635314941406250e+02 4.739858627319335938e+02 2.623724937438964844e+02
3.709999847412109375e+02 4.729999923706054688e+02 2.622469711303710938e+02
3.709999847412109375e+02 4.750000000000000000e+02 2.618586921691894531e+02
3.700000000000000000e+02 4.750000000000000000e+02 2.621409416198730469e+02
3.700000000000000000e+02 4.759999847412109375e+02 2.618586921691894531e+02
3.689858627319335938e+02 4.749635314941406250e+02 2.623724937438964844e+02
3.693097686767578125e+02 4.743097686767578125e+02 2.624643898010253906e+02
3.679999923706054688e+02 4.752907562255859375e+02 2.624463462829589844e+02
3.686431121826171875e+02 4.746059036254882812e+02 2.625268554687500000e+02
3.689999771118164062e+02 4.759999847412109375e+02 2.620799636840820312e+02
3.679999923706054688e+02 4.759999847412109375e+02 2.622383689880371094e+02
3.669971847534179688e+02 4.759259414672851562e+02 2.623679351806640625e+02
3.679999923706054688e+02 4.770000076293945312e+02 2.618858909606933594e+02
3.670000076293945312e+02 4.770000076293945312e+02 2.619862365722656250e+02
3.659999847412109375e+02 4.770000076293945312e+02 2.620289421081542969e+02
3.650000000000000000e+02 4.770000076293945312e+02 2.620112419128417969e+02
3.659999847412109375e+02 4.760704803466796875e+02 2.623683929443359375e+02
3.659999847412109375e+02 4.755704879760742188e+02 2.625216674804687500e+02
3.650000000000000000e+02 4.760552215576171875e+02 2.623605346679687500e+02
3.640413665771484375e+02 4.759137344360351562e+02 2.623525428771972656e+02
3.650000000000000000e+02 4.755552291870117188e+02 2.625172233581542969e+02
3.644022750854492188e+02 4.755228805541992188e+02 2.625073432922363281e+02
3.650000000000000000e+02 4.750000000000000000e+02 2.626721572875976562e+02
3.640413665771484375e+02 4.750639343261718750e+02 2.626123619079589844e+02
3.650000000000000000e+02 4.739999771118164062e+02 2.629239463806152344e+02
3.659999847412109375e+02 4.750000000000000000e+02 2.626779937744140625e+02
3.659999847412109375e+02 4.739999771118164062e+02 2.629222869873046875e+02
3.669971847534179688e+02 4.750690460205078125e+02 2.626148796081542969e+02
3.670000076293945312e+02 4.739999771118164062e+02 2.628739356994628906e+02
3.673286819458007812e+02 4.754484176635742188e+02 2.624859809875488281e+02
3.666619873046875000e+02 4.755432510375976562e+02 2.625132942199707031e+02
3.679999923706054688e+02 4.747907638549804688e+02 2.625768852233886719e+02
3.679999923706054688e+02 4.739999771118164062e+02 2.627556800842285156e+02
3.679999923706054688e+02 4.729999923706054688e+02 2.629522323608398438e+02
3.689858627319335938e+02 4.739858627319335938e+02 2.625876617431640625e+02
3.689999771118164062e+02 4.729999923706054688e+02 2.627634048461914062e+02
3.696059036254882812e+02 4.736431121826171875e+02 2.625268554687500000e+02
3.698089599609375000e+02 4.729999923706054688e+02 2.625803756713867188e+02
3.700836181640625000e+02 4.720563125610351562e+02 2.626310920715332031e+02
3.703089904785156250e+02 4.729999923706054688e+02 2.624514198303222656e+02
3.704727172851562500e+02 4.724272155761718750e+02 2.624927520751953125e+02
3.709498977661132812e+02 4.720563125610351562e+02 2.623814964294433594e+02
3.705831527709960938e+02 4.717605590820312500e+02 2.625259017944335938e+02
3.720000076293945312e+02 4.720000076293945312e+02 2.620367240905761719e+02
3.711618423461914062e+02 4.709999847412109375e+02 2.623952484130859375e+02
3.712178802490234375e+02 4.700000000000000000e+02 2.624127197265625000e+02
3.706618499755859375e+02 4.709999847412109375e+02 2.625501060485839844e+02
3.720000076293945312e+02 4.709999847412109375e+02 2.621166610717773438e+02
3.720000076293945312e+02 4.700000000000000000e+02 2.621529197692871094e+02
3.730930328369140625e+02 4.710522079467773438e+02 2.616868782043457031e+02
3.729999923706054688e+02 4.700000000000000000e+02 2.617689704895019531e+02
3.734883880615234375e+02 4.714203643798828125e+02 2.614949035644531250e+02
3.729133224487304688e+02 4.720000076293945312e+02 2.616794204711914062e+02
3.735317611694335938e+02 4.707537078857421875e+02 2.615162658691406250e+02
3.735555267333984375e+02 4.700000000000000000e+02 2.615287780761718750e+02
3.735509490966796875e+02 4.689999771118164062e+02 2.615264892578125000e+02
3.740555191040039062e+02 4.700000000000000000e+02 2.612699317932128906e+02
3.740509414672851562e+02 4.689999771118164062e+02 2.612670707702636719e+02
3.749755096435546875e+02 4.700000000000000000e+02 2.607699203491210938e+02
3.749699783325195312e+02 4.689999771118164062e+02 2.607670593261718750e+02
3.754755020141601562e+02 4.700000000000000000e+02 2.604854774475097656e+02
3.759999847412109375e+02 4.700000000000000000e+02 2.601162528991699219e+02
3.754699707031250000e+02 4.689999771118164062e+02 2.604821968078613281e+02
3.754193878173828125e+02 4.679999923706054688e+02 2.604524612426757812e+02
3.759999847412109375e+02 4.689999771118164062e+02 2.601099586486816406e+02
3.759999847412109375e+02 4.679999923706054688e+02 2.600546455383300781e+02
3.766635513305664062e+02 4.689999771118164062e+02 2.596277427673339844e+02
3.766678619384765625e+02 4.700000000000000000e+02 2.596307754516601562e+02
3.766316223144531250e+02 4.679999923706054688e+02 2.596021652221679688e+02
3.771635437011718750e+02 4.689999771118164062e+02 2.592335700988769531e+02
3.771316146850585938e+02 4.679999923706054688e+02 2.592103195190429688e+02
3.771678924560546875e+02 4.700000000000000000e+02 2.592379570007324219e+02
3.770610809326171875e+02 4.670000076293945312e+02 2.591589355468750000e+02
3.777451705932617188e+02 4.679999923706054688e+02 2.587103080749511719e+02
3.776866912841796875e+02 4.670000076293945312e+02 2.586589241027832031e+02
3.776001739501953125e+02 4.659999847412109375e+02 2.585844993591308594e+02
3.781866836547851562e+02 4.670000076293945312e+02 2.582277297973632812e+02
3.781001663208007812e+02 4.659999847412109375e+02 2.581561088562011719e+02
3.787485122680664062e+02 4.670000076293945312e+02 2.577277374267578125e+02
3.786721038818359375e+02 4.659999847412109375e+02 2.576561164855957031e+02
3.792485046386718750e+02 4.670000076293945312e+02 2.572659301757812500e+02
3.791721343994140625e+02 4.659999847412109375e+02 2.571983528137207031e+02
3.797728347778320312e+02 4.670000076293945312e+02 2.567659378051757812e+02
3.797046279907226562e+02 4.659999847412109375e+02 2.566983413696289062e+02
3.802728271484375000e+02 4.670000076293945312e+02 2.562694931030273438e+02
3.802046585083007812e+02 4.659999847412109375e+02 2.562010002136230469e+02
3.807598495483398438e+02 4.670000076293945312e+02 2.557694816589355469e+02
3.803138732910156250e+02 4.679999923706054688e+02 2.563107872009277344e+02
3.808001327514648438e+02 4.679999923706054688e+02 2.558107757568359375e+02
3.813001251220703125e+02 4.679999923706054688e+02 2.552779006958007812e+02
3.808171081542968750e+02 4.689999771118164062e+02 2.558277130126953125e+02
3.813171005249023438e+02 4.689999771118164062e+02 2.552961540222167969e+02
3.808222198486328125e+02 4.700000000000000000e+02 2.558334541320800781e+02
3.813222122192382812e+02 4.700000000000000000e+02 2.553013420104980469e+02
3.808140945434570312e+02 4.709999847412109375e+02 2.558293342590332031e+02
3.813141250610351562e+02 4.709999847412109375e+02 2.552901458740234375e+02
3.807929611206054688e+02 4.720000076293945312e+02 2.558143806457519531e+02
3.812929916381835938e+02 4.720000076293945312e+02 2.552610206604003906e+02
3.807492446899414062e+02 4.729999923706054688e+02 2.557723045349121094e+02
3.802822875976562500e+02 4.729999923706054688e+02 2.562722969055175781e+02
3.812492370605468750e+02 4.729999923706054688e+02 2.552042198181152344e+02
3.811755752563476562e+02 4.739999771118164062e+02 2.551115226745605469e+02
3.816686630249023438e+02 4.729999923706054688e+02 2.547042274475097656e+02
3.821686553955078125e+02 4.729999923706054688e+02 2.540649032592773438e+02
3.817197799682617188e+02 4.720000076293945312e+02 2.547610282897949219e+02
3.815911483764648438e+02 4.739999771118164062e+02 2.546115303039550781e+02
3.821397018432617188e+02 4.739260864257812500e+02 2.539067840576171875e+02
3.815312957763671875e+02 4.746347427368164062e+02 2.545386314392089844e+02
3.818056488037109375e+02 4.749808502197265625e+02 2.540637779235839844e+02
3.823585891723632812e+02 4.750000000000000000e+02 2.532841300964355469e+02
3.814540481567382812e+02 4.753013992309570312e+02 2.544396209716796875e+02
3.817316818237304688e+02 4.759999847412109375e+02 2.538162612915039062e+02
3.822787475585937500e+02 4.760768508911132812e+02 2.529773712158203125e+02
3.816087722778320312e+02 4.767967605590820312e+02 2.536487197875976562e+02
3.812475204467773438e+02 4.770780563354492188e+02 2.539892387390136719e+02
3.818801879882812500e+02 4.770780563354492188e+02 2.530876541137695312e+02
3.823936462402343750e+02 4.770000076293945312e+02 2.523220252990722656e+02
3.814862442016601562e+02 4.774634170532226562e+02 2.534794235229492188e+02
3.824890136718750000e+02 4.764614105224609375e+02 2.524816513061523438e+02
3.826886367797851562e+02 4.770000076293945312e+02 2.518220138549804688e+02
3.828260803222656250e+02 4.760768508911132812e+02 2.520889854431152344e+02
3.832131195068359375e+02 4.749628067016601562e+02 2.519265556335449219e+02
3.833454132080078125e+02 4.759999847412109375e+02 2.512035369873046875e+02
3.825829315185546875e+02 4.757947540283203125e+02 2.526289367675781250e+02
3.826839447021484375e+02 4.750000000000000000e+02 2.527841186523437500e+02
3.827379608154296875e+02 4.739260864257812500e+02 2.530499267578125000e+02
3.825083541870117188e+02 4.735434722900390625e+02 2.535112953186035156e+02
3.829243469238281250e+02 4.729999923706054688e+02 2.529999923706054688e+02
3.824446487426757812e+02 4.742101287841796875e+02 2.534165382385253906e+02
3.832911682128906250e+02 4.739999771118164062e+02 2.521512222290039062e+02
3.833753967285156250e+02 4.729999923706054688e+02 2.522974395751953125e+02
3.835906600952148438e+02 4.739999771118164062e+02 2.516512298583984375e+02
3.835261154174804688e+02 4.746046829223632812e+02 2.515442848205566406e+02
3.836805343627929688e+02 4.729999923706054688e+02 2.517974472045898438e+02
3.837514495849609375e+02 4.720000076293945312e+02 2.519051742553710938e+02
3.841247558593750000e+02 4.729999923706054688e+02 2.509999847412109375e+02
3.842950057983398438e+02 4.720576095581054688e+02 2.509419059753417969e+02
3.845380020141601562e+02 4.717627334594726562e+02 2.505698394775390625e+02
3.843047714233398438e+02 4.709999847412109375e+02 2.511458396911621094e+02
3.844897460937500000e+02 4.724293899536132812e+02 2.504785156250000000e+02
3.847230911254882812e+02 4.720576095581054688e+02 2.500871086120605469e+02
3.848828506469726562e+02 4.709999847412109375e+02 2.500000000000000000e+02
3.851852035522460938e+02 4.720000076293945312e+02 2.489999961853027344e+02
3.852812957763671875e+02 4.709999847412109375e+02 2.489999961853027344e+02
3.854348373413085938e+02 4.720000076293945312e+02 2.483209991455078125e+02
3.854785156250000000e+02 4.709999847412109375e+02 2.484409523010253906e+02
3.856158447265625000e+02 4.720000076293945312e+02 2.478210067749023438e+02
3.853717803955078125e+02 4.729999923706054688e+02 2.481464767456054688e+02
3.855532455444335938e+02 4.729999923706054688e+02 2.476464843750000000e+02
3.857585144042968750e+02 4.729999923706054688e+02 2.469999885559082031e+02
3.855108642578125000e+02 4.735550689697265625e+02 2.475297927856445312e+02
3.860403442382812500e+02 4.729999923706054688e+02 2.459999847412109375e+02
3.858804702758789062e+02 4.720000076293945312e+02 2.469999885559082031e+02
3.859658813476562500e+02 4.709999847412109375e+02 2.469999885559082031e+02
3.861611175537109375e+02 4.720000076293945312e+02 2.459999847412109375e+02
3.862472152709960938e+02 4.709999847412109375e+02 2.459999847412109375e+02
3.864065933227539062e+02 4.719975280761718750e+02 2.449486160278320312e+02
3.864822769165039062e+02 4.723292160034179688e+02 2.443871688842773438e+02
3.865169525146484375e+02 4.716625595092773438e+02 2.445810317993164062e+02
3.862708663940429688e+02 4.729999923706054688e+02 2.450000000000000000e+02
3.864413833618164062e+02 4.709999847412109375e+02 2.452171516418457031e+02
3.864666366577148438e+02 4.700000000000000000e+02 2.453377342224121094e+02
3.865450286865234375e+02 4.709999847412109375e+02 2.447171401977539062e+02
3.866741943359375000e+02 4.709999847412109375e+02 2.439999961853027344e+02
3.865693283081054688e+02 4.700000000000000000e+02 2.448377418518066406e+02
3.865586471557617188e+02 4.689999771118164062e+02 2.447954559326171875e+02
3.867237854003906250e+02 4.700000000000000000e+02 2.439999961853027344e+02
3.866979980468750000e+02 4.689999771118164062e+02 2.439999961853027344e+02
3.868734741210937500e+02 4.700000000000000000e+02 2.429999923706054688e+02
3.869371414184570312e+02 4.700000000000000000e+02 2.419999885559082031e+02
3.868198013305664062e+02 4.709999847412109375e+02 2.429999923706054688e+02
3.868383407592773438e+02 4.689999771118164062e+02 2.429999923706054688e+02
3.867366027832031250e+02 4.679999923706054688e+02 2.429999923706054688e+02
3.868957519531250000e+02 4.689999771118164062e+02 2.419999885559082031e+02
3.867838668823242188e+02 4.679999923706054688e+02 2.419999885559082031e+02
3.868259048461914062e+02 4.689999771118164062e+02 2.409999847412109375e+02
3.867180633544921875e+02 4.679999923706054688e+02 2.409999847412109375e+02
3.866741943359375000e+02 4.689999771118164062e+02 2.400000000000000000e+02
3.868682479858398438e+02 4.700000000000000000e+02 2.409999847412109375e+02
3.868198013305664062e+02 4.709999847412109375e+02 2.409999847412109375e+02
3.867148208618164062e+02 4.700000000000000000e+02 2.400000000000000000e+02
3.865646743774414062e+02 4.700000000000000000e+02 2.392212486267089844e+02
3.866767120361328125e+02 4.709999847412109375e+02 2.400000000000000000e+02
3.865475463867187500e+02 4.709999847412109375e+02 2.392890548706054688e+02
3.865761947631835938e+02 4.720212936401367188e+02 2.399549484252929688e+02
3.864868927001953125e+02 4.723688125610351562e+02 2.395915985107421875e+02
3.865202713012695312e+02 4.717021560668945312e+02 2.394057083129882812e+02
3.867126464843750000e+02 4.720000076293945312e+02 2.409999847412109375e+02
3.865346145629882812e+02 4.727416992187500000e+02 2.402582740783691406e+02
3.864502334594726562e+02 4.730450439453125000e+02 2.399549484252929688e+02
3.865689849853515625e+02 4.730450439453125000e+02 2.409969520568847656e+02
3.864868927001953125e+02 4.734083938598632812e+02 2.406615829467773438e+02
3.866179656982421875e+02 4.729999923706054688e+02 2.419999885559082031e+02
3.865140151977539062e+02 4.735533142089843750e+02 2.413282585144042969e+02
3.865184783935546875e+02 4.735699462890625000e+02 2.419999885559082031e+02
3.863924789428710938e+02 4.739319992065429688e+02 2.409969520568847656e+02
3.862814331054687500e+02 4.739999771118164062e+02 2.400000000000000000e+02
3.861119461059570312e+02 4.750000000000000000e+02 2.409999847412109375e+02
3.863867950439453125e+02 4.740699386596679688e+02 2.419999885559082031e+02
3.861314773559570312e+02 4.750000000000000000e+02 2.419999885559082031e+02
3.863830947875976562e+02 4.739239501953125000e+02 2.429747962951660156e+02
3.862545013427734375e+02 4.739999771118164062e+02 2.439999961853027344e+02
3.864822769165039062e+02 4.733871841430664062e+02 2.432913398742675781e+02
3.860934829711914062e+02 4.750000000000000000e+02 2.429999923706054688e+02
3.865106582641601562e+02 4.735399246215820312e+02 2.426246643066406250e+02
3.865669631958007812e+02 4.730323028564453125e+02 2.429747962951660156e+02
3.865346145629882812e+02 4.727204895019531250e+02 2.437205123901367188e+02
3.867126464843750000e+02 4.720000076293945312e+02 2.429999923706054688e+02
3.867652130126953125e+02 4.720000076293945312e+02 2.419999885559082031e+02
3.865742111206054688e+02 4.719975280761718750e+02 2.440323066711425781e+02
3.868812942504882812e+02 4.709999847412109375e+02 2.419999885559082031e+02
3.864380264282226562e+02 4.730323028564453125e+02 2.440323066711425781e+02
3.860010910034179688e+02 4.750000000000000000e+02 2.439999961853027344e+02
3.857633590698242188e+02 4.759999847412109375e+02 2.429999923706054688e+02
3.857981872558593750e+02 4.759999847412109375e+02 2.419999885559082031e+02
3.856560516357421875e+02 4.760715103149414062e+02 2.439990615844726562e+02
3.855370330810546875e+02 4.765945053100585938e+02 2.429999923706054688e+02
3.855535125732421875e+02 4.766369247436523438e+02 2.419999885559082031e+02
3.853421401977539062e+02 4.770944976806640625e+02 2.429999923706054688e+02
3.855168914794921875e+02 4.765427398681640625e+02 2.436651039123535156e+02
3.853353881835937500e+02 4.769256591796875000e+02 2.439990615844726562e+02
3.854828643798828125e+02 4.764524841308593750e+02 2.443317604064941406e+02
3.848975753784179688e+02 4.779999923706054688e+02 2.439999961853027344e+02
3.849677276611328125e+02 4.779999923706054688e+02 2.429999923706054688e+02
3.845905303955078125e+02 4.786816406250000000e+02 2.439999961853027344e+02
3.843408966064453125e+02 4.791816329956054688e+02 2.439999961853027344e+02
3.846255874633789062e+02 4.787541580200195312e+02 2.429999923706054688e+02
3.845457077026367188e+02 4.785909652709960938e+02 2.448206138610839844e+02
3.843228530883789062e+02 4.789545822143554688e+02 2.450923538208007812e+02
3.841303253173828125e+02 4.789999771118164062e+02 2.459999847412109375e+02
3.844981765747070312e+02 4.784959030151367188e+02 2.454872703552246094e+02
3.837429428100585938e+02 4.800764465332031250e+02 2.450183677673339844e+02
3.839134216308593750e+02 4.800000000000000000e+02 2.439999961853027344e+02
3.836881256103515625e+02 4.798412322998046875e+02 2.459999847412109375e+02
3.835316848754882812e+02 4.805532836914062500e+02 2.446972846984863281e+02
3.834780502319335938e+02 4.804607391357421875e+02 2.453639602661132812e+02
3.834112167358398438e+02 4.803412246704101562e+02 2.459999847412109375e+02
3.832516860961914062e+02 4.809319686889648438e+02 2.450183677673339844e+02
3.832780838012695312e+02 4.811246490478515625e+02 2.439999961853027344e+02
3.830149841308593750e+02 4.809999847412109375e+02 2.459999847412109375e+02
3.827060699462890625e+02 4.818016052246093750e+02 2.450000000000000000e+02
3.823608779907226562e+02 4.823016357421875000e+02 2.450000000000000000e+02
3.827780532836914062e+02 4.819101715087890625e+02 2.439999961853027344e+02
3.826037597656250000e+02 4.816511154174804688e+02 2.459999847412109375e+02
3.822548294067382812e+02 4.821511077880859375e+02 2.459999847412109375e+02
3.825293350219726562e+02 4.815426254272460938e+02 2.465987205505371094e+02
3.817548370361328125e+02 4.828182601928710938e+02 2.459999847412109375e+02
3.817912673950195312e+02 4.830580902099609375e+02 2.449131202697753906e+02
3.813460540771484375e+02 4.833182525634765625e+02 2.459999847412109375e+02
3.814406585693359375e+02 4.834301757812500000e+02 2.451885604858398438e+02
3.808460617065429688e+02 4.838665008544921875e+02 2.459999847412109375e+02
3.809799194335937500e+02 4.839799118041992188e+02 2.448929214477539062e+02
3.803619766235351562e+02 4.843664932250976562e+02 2.459999847412109375e+02
3.804531097412109375e+02 4.844550704956054688e+02 2.452639389038085938e+02
3.798619842529296875e+02 4.848229980468750000e+02 2.459999847412109375e+02
3.800718688964843750e+02 4.848507690429687500e+02 2.449583625793457031e+02
3.792773818969726562e+02 4.853229904174804688e+02 2.459999847412109375e+02
3.794035720825195312e+02 4.854244232177734375e+02 2.450000000000000000e+02
3.787773513793945312e+02 4.857083129882812500e+02 2.459999847412109375e+02
3.779454803466796875e+02 4.862544250488281250e+02 2.460387039184570312e+02
3.789035415649414062e+02 4.857989120483398438e+02 2.450000000000000000e+02
3.786050415039062500e+02 4.855797958374023438e+02 2.469999885559082031e+02
3.779999923706054688e+02 4.859823226928710938e+02 2.469999885559082031e+02
3.773203659057617188e+02 4.864025115966796875e+02 2.469999885559082031e+02
3.780025863647460938e+02 4.857058715820312500e+02 2.479052352905273438e+02
3.769791030883789062e+02 4.862868118286132812e+02 2.480424118041992188e+02
3.776709747314453125e+02 4.856163024902343750e+02 2.487830162048339844e+02
3.770798110961914062e+02 4.858609771728515625e+02 2.490698051452636719e+02
3.774663543701171875e+02 4.854788970947265625e+02 2.494496917724609375e+02
3.772637557983398438e+02 4.853486633300781250e+02 2.500000000000000000e+02
3.769971466064453125e+02 4.850038146972656250e+02 2.509967803955078125e+02
3.774423599243164062e+02 4.844587707519531250e+02 2.514314079284667969e+02
3.767757034301757812e+02 4.846883392333984375e+02 2.518026161193847656e+02
3.765519714355468750e+02 4.855324935913085938e+02 2.505621337890625000e+02
3.777040100097656250e+02 4.846526336669921875e+02 2.507647514343261719e+02
3.762468719482421875e+02 4.853549957275390625e+02 2.512288093566894531e+02
3.780223846435546875e+02 4.842266464233398438e+02 2.510588455200195312e+02
3.779470443725585938e+02 4.837276458740234375e+02 2.519178390502929688e+02
3.785232543945312500e+02 4.835214614868164062e+02 2.515297508239746094e+02
3.766318130493164062e+02 4.865698623657226562e+02 2.477373504638671875e+02
3.764397430419921875e+02 4.864713287353515625e+02 2.484040260314941406e+02
3.790825653076171875e+02 4.857998657226562500e+02 2.439839553833007812e+02
3.789999771118164062e+02 4.859409332275390625e+02 2.429999923706054688e+02
3.794709396362304688e+02 4.854775238037109375e+02 2.443066024780273438e+02
3.795202636718750000e+02 4.855163574218750000e+02 2.436399269104003906e+02
3.799121475219726562e+02 4.851349639892578125e+02 2.439839553833007812e+02
3.795500564575195312e+02 4.855401229858398438e+02 2.429999923706054688e+02
3.795697021484375000e+02 4.855557250976562500e+02 2.419999885559082031e+02
3.800500488281250000e+02 4.851107788085937500e+02 2.429999923706054688e+02
3.800696945190429688e+02 4.851284790039062500e+02 2.419999885559082031e+02
3.806154251098632812e+02 4.846107864379882812e+02 2.429999923706054688e+02
3.811154556274414062e+02 4.841049957275390625e+02 2.429999923706054688e+02
3.805627822875976562e+02 4.845605850219726562e+02 2.439999961853027344e+02
3.806341171264648438e+02 4.846284866333007812e+02 2.419999885559082031e+02
3.806154251098632812e+02 4.846107864379882812e+02 2.409999847412109375e+02
3.811341094970703125e+02 4.841258621215820312e+02 2.419999885559082031e+02
3.811154556274414062e+02 4.841049957275390625e+02 2.409999847412109375e+02
3.816159439086914062e+02 4.836258697509765625e+02 2.419999885559082031e+02
3.815965652465820312e+02 4.836050033569335938e+02 2.409999847412109375e+02
3.821159362792968750e+02 4.830023956298828125e+02 2.419999885559082031e+02
3.815965652465820312e+02 4.836050033569335938e+02 2.429999923706054688e+02
3.821648406982421875e+02 4.829009628295898438e+02 2.429104232788085938e+02
3.815417861938476562e+02 4.835456466674804688e+02 2.439999961853027344e+02
3.810628128051757812e+02 4.840456390380859375e+02 2.439999961853027344e+02
3.819791793823242188e+02 4.829999923706054688e+02 2.439999961853027344e+02
3.815042877197265625e+02 4.835047531127929688e+02 2.445218849182128906e+02
3.824373626708984375e+02 4.824102020263671875e+02 2.439999961853027344e+02
3.824793624877929688e+02 4.824702835083007812e+02 2.431840515136718750e+02
3.827587127685546875e+02 4.820821762084960938e+02 2.429104232788085938e+02
3.828392410278320312e+02 4.820000076293945312e+02 2.419999885559082031e+02
3.833225250244140625e+02 4.811932373046875000e+02 2.429999923706054688e+02
3.825011444091796875e+02 4.825016021728515625e+02 2.425173759460449219e+02
3.825016784667968750e+02 4.825024032592773438e+02 2.419999885559082031e+02
3.825011444091796875e+02 4.825016021728515625e+02 2.414826011657714844e+02
3.827587127685546875e+02 4.820821762084960938e+02 2.410895538330078125e+02
3.821648406982421875e+02 4.829009628295898438e+02 2.410895538330078125e+02
3.819880676269531250e+02 4.829999923706054688e+02 2.400000000000000000e+02
3.824793624877929688e+02 4.824702835083007812e+02 2.408159255981445312e+02
3.824421310424804688e+02 4.824171829223632812e+02 2.400000000000000000e+02
3.823770904541015625e+02 4.823250579833984375e+02 2.389999961853027344e+02
3.827828979492187500e+02 4.819171905517578125e+02 2.400000000000000000e+02
3.832829284667968750e+02 4.811321258544921875e+02 2.400000000000000000e+02
3.827218246459960938e+02 4.818250656127929688e+02 2.389999961853027344e+02
3.832715606689453125e+02 4.809379196166992188e+02 2.389415168762207031e+02
3.826366806030273438e+02 4.816985702514648438e+02 2.379999923706054688e+02
3.825586700439453125e+02 4.815839767456054688e+02 2.372949028015136719e+02
3.822850799560546875e+02 4.821985626220703125e+02 2.379999923706054688e+02
3.830772781372070312e+02 4.809999847412109375e+02 2.379999923706054688e+02
3.834405899047851562e+02 4.803945922851562500e+02 2.379999923706054688e+02
3.828014373779296875e+02 4.810664367675781250e+02 2.369769287109375000e+02
3.826900482177734375e+02 4.807913589477539062e+02 2.359999847412109375e+02
3.824626159667968750e+02 4.814440917968750000e+02 2.366282272338867188e+02
3.833327865600585938e+02 4.802057647705078125e+02 2.369999885559082031e+02
3.832104873657226562e+02 4.799384689331054688e+02 2.360312461853027344e+02
3.836151123046875000e+02 4.797057723999023438e+02 2.369999885559082031e+02
3.835363388061523438e+02 4.795640945434570312e+02 2.363854217529296875e+02
3.837195968627929688e+02 4.798945999145507812e+02 2.379999923706054688e+02
3.839823532104492188e+02 4.789999771118164062e+02 2.369999885559082031e+02
3.843672180175781250e+02 4.781948852539062500e+02 2.369999885559082031e+02
3.837052536010742188e+02 4.790192031860351562e+02 2.360312461853027344e+02
3.842464828491210938e+02 4.789125061035156250e+02 2.380644989013671875e+02
3.842977142333984375e+02 4.790993881225585938e+02 2.389999961853027344e+02
3.845105743408203125e+02 4.785208511352539062e+02 2.384408187866210938e+02
3.844513320922851562e+02 4.783904647827148438e+02 2.377741622924804688e+02
3.846601867675781250e+02 4.780342483520507812e+02 2.380644989013671875e+02
3.850687789916992188e+02 4.770000076293945312e+02 2.379999923706054688e+02
3.845855712890625000e+02 4.776948928833007812e+02 2.369999885559082031e+02
3.848208618164062500e+02 4.779999923706054688e+02 2.389999961853027344e+02
3.852313232421875000e+02 4.770000076293945312e+02 2.389999961853027344e+02
3.849264526367187500e+02 4.779999923706054688e+02 2.400000000000000000e+02
3.845502471923828125e+02 4.785993957519531250e+02 2.389999961853027344e+02
3.846035003662109375e+02 4.787056732177734375e+02 2.400000000000000000e+02
3.843515396118164062e+02 4.792056655883789062e+02 2.400000000000000000e+02
3.846341323852539062e+02 4.787687301635742188e+02 2.409999847412109375e+02
3.846422958374023438e+02 4.787876129150390625e+02 2.419999885559082031e+02
3.849866867065429688e+02 4.779999923706054688e+02 2.409999847412109375e+02
3.843839645385742188e+02 4.792687606811523438e+02 2.409999847412109375e+02
3.839942550659179688e+02 4.800000000000000000e+02 2.409999847412109375e+02
3.843943405151367188e+02 4.792876052856445312e+02 2.419999885559082031e+02
3.840173721313476562e+02 4.800000000000000000e+02 2.419999885559082031e+02
3.843780517578125000e+02 4.792541503906250000e+02 2.429999923706054688e+02
3.839883041381835938e+02 4.800000000000000000e+02 2.429999923706054688e+02
3.836102676391601562e+02 4.806932449340820312e+02 2.429999923706054688e+02
3.836230087280273438e+02 4.807170867919921875e+02 2.419999885559082031e+02
3.835725021362304688e+02 4.806246566772460938e+02 2.439999961853027344e+02
3.833375549316406250e+02 4.812170791625976562e+02 2.419999885559082031e+02
3.836102676391601562e+02 4.806932449340820312e+02 2.409999847412109375e+02
3.833225250244140625e+02 4.811932373046875000e+02 2.409999847412109375e+02
3.835768127441406250e+02 4.806321334838867188e+02 2.400000000000000000e+02
3.835374069213867188e+02 4.805632400512695312e+02 2.392358779907226562e+02
3.839283370971679688e+02 4.800000000000000000e+02 2.400000000000000000e+02
3.837606430053710938e+02 4.800895309448242188e+02 2.389415168762207031e+02
3.834901428222656250e+02 4.804825592041015625e+02 2.385692214965820312e+02
3.853525543212890625e+02 4.771230697631835938e+02 2.409999847412109375e+02
3.850014114379882812e+02 4.779999923706054688e+02 2.419999885559082031e+02
3.853590774536132812e+02 4.771369171142578125e+02 2.419999885559082031e+02
3.855483627319335938e+02 4.766230392456054688e+02 2.409999847412109375e+02
3.853573989868164062e+02 4.769388198852539062e+02 2.399118041992187500e+02
3.855256271362304688e+02 4.765647506713867188e+02 2.401863288879394531e+02
3.854983901977539062e+02 4.764955520629882812e+02 2.395196723937988281e+02
3.854607009887695312e+02 4.763837051391601562e+02 2.389999961853027344e+02
3.856752395629882812e+02 4.760973358154296875e+02 2.399118041992187500e+02
3.860336303710937500e+02 4.750000000000000000e+02 2.400000000000000000e+02
3.856336975097656250e+02 4.758837127685546875e+02 2.389999961853027344e+02
3.857848739624023438e+02 4.759999847412109375e+02 2.409999847412109375e+02
3.858965682983398438e+02 4.750000000000000000e+02 2.389999961853027344e+02
3.855611801147460938e+02 4.756827163696289062e+02 2.382111930847167969e+02
3.853955078125000000e+02 4.760096359252929688e+02 2.379267120361328125e+02
3.856670761108398438e+02 4.750767517089843750e+02 2.379267120361328125e+02
3.859220504760742188e+02 4.739999771118164062e+02 2.379999923706054688e+02
3.855714797973632812e+02 4.747945785522460938e+02 2.372403526306152344e+02
3.854904937744140625e+02 4.754612350463867188e+02 2.375445365905761719e+02
3.854227066040039062e+02 4.750767517089843750e+02 2.369441986083984375e+02
3.854795837402343750e+02 4.743846130371093750e+02 2.365736770629882812e+02
3.851576614379882812e+02 4.750000000000000000e+02 2.359999847412109375e+02
3.851852798461914062e+02 4.759999847412109375e+02 2.369999885559082031e+02
3.848967361450195312e+02 4.759999847412109375e+02 2.359999847412109375e+02
3.848522186279296875e+02 4.770000076293945312e+02 2.369999885559082031e+02
3.846097946166992188e+02 4.769511795043945312e+02 2.360707664489746094e+02
3.845312881469726562e+02 4.765852737426757812e+02 2.354214477539062500e+02
3.844090652465820312e+02 4.772519302368164062e+02 2.357846069335937500e+02
3.845156478881835938e+02 4.775360488891601562e+02 2.364512634277343750e+02
3.842288970947265625e+02 4.779216384887695312e+02 2.360707664489746094e+02
3.837713241577148438e+02 4.780530166625976562e+02 2.349498558044433594e+02
3.836090087890625000e+02 4.777550506591796875e+02 2.342576026916503906e+02
3.836007690429687500e+02 4.786986541748046875e+02 2.352497673034667969e+02
3.842499923706054688e+02 4.769511795043945312e+02 2.350528717041015625e+02
3.834659957885742188e+02 4.784217071533203125e+02 2.345831108093261719e+02
3.833438110351562500e+02 4.780530166625976562e+02 2.339545631408691406e+02
3.833162307739257812e+02 4.790192031860351562e+02 2.349498558044433594e+02
3.828470230102539062e+02 4.790720367431640625e+02 2.339312171936035156e+02
3.827808380126953125e+02 4.800327301025390625e+02 2.349953460693359375e+02
3.834306716918945312e+02 4.793653488159179688e+02 2.357187461853027344e+02
3.824319458007812500e+02 4.803878784179687500e+02 2.346589088439941406e+02
3.826303482055664062e+02 4.797212219238281250e+02 2.342187118530273438e+02
3.825736999511718750e+02 4.806110382080078125e+02 2.353255844116210938e+02
3.821890640258789062e+02 4.809666061401367188e+02 2.349953460693359375e+02
3.817425155639648438e+02 4.809881210327148438e+02 2.340596389770507812e+02
3.816623306274414062e+02 4.817098999023437500e+02 2.350000000000000000e+02
3.823586654663085938e+02 4.812913513183593750e+02 2.359999847412109375e+02
3.818160247802734375e+02 4.820419311523437500e+02 2.360227394104003906e+02
3.821991729736328125e+02 4.819503784179687500e+02 2.369769287109375000e+02
3.815485000610351562e+02 4.825581359863281250e+02 2.363712501525878906e+02
3.814207077026367188e+02 4.824032211303710938e+02 2.357045745849609375e+02
3.812562561035156250e+02 4.822098922729492188e+02 2.350000000000000000e+02
3.810042953491210938e+02 4.830006790161132812e+02 2.359991455078125000e+02
3.804429244995117188e+02 4.834432601928710938e+02 2.356270408630371094e+02
3.807562255859375000e+02 4.827772903442382812e+02 2.350000000000000000e+02
3.805878829956054688e+02 4.835892486572265625e+02 2.362937164306640625e+02
3.812215042114257812e+02 4.831855392456054688e+02 2.369999885559082031e+02
3.807215118408203125e+02 4.837263870239257812e+02 2.369999885559082031e+02
3.813715744018554688e+02 4.833523559570312500e+02 2.379999923706054688e+02
3.816519927978515625e+02 4.826855468750000000e+02 2.369999885559082031e+02
3.817850875854492188e+02 4.828523635864257812e+02 2.379999923706054688e+02
3.818075561523437500e+02 4.830683517456054688e+02 2.390651321411132812e+02
3.815098190307617188e+02 4.835108184814453125e+02 2.394418907165527344e+02
3.814546203613281250e+02 4.834472274780273438e+02 2.387752151489257812e+02
3.809887313842773438e+02 4.839882278442382812e+02 2.390729713439941406e+02
3.808715820312500000e+02 4.838837051391601562e+02 2.379999923706054688e+02
3.805228042602539062e+02 4.845219039916992188e+02 2.393707084655761719e+02
3.810654830932617188e+02 4.840501785278320312e+02 2.400000000000000000e+02
3.804632186889648438e+02 4.844656753540039062e+02 2.387040328979492188e+02
3.803740310668945312e+02 4.843836975097656250e+02 2.379999923706054688e+02
3.800779342651367188e+02 4.848530960083007812e+02 2.390224266052246094e+02
3.798740386962890625e+02 4.848208999633789062e+02 2.379999923706054688e+02
3.799121475219726562e+02 4.851369857788085938e+02 2.400160217285156250e+02
3.794003677368164062e+02 4.854249191284179688e+02 2.389999961853027344e+02
3.792598724365234375e+02 4.853208923339843750e+02 2.379999923706054688e+02
3.789003372192382812e+02 4.857883071899414062e+02 2.389999961853027344e+02
3.794704437255859375e+02 4.854776763916015625e+02 2.396933937072753906e+02
3.790822601318359375e+02 4.857950210571289062e+02 2.400160217285156250e+02
3.795202636718750000e+02 4.855163574218750000e+02 2.403600502014160156e+02
3.789999771118164062e+02 4.859383392333984375e+02 2.409999847412109375e+02
3.789999771118164062e+02 4.859682464599609375e+02 2.419999885559082031e+02
3.795500564575195312e+02 4.855401229858398438e+02 2.409999847412109375e+02
3.783289718627929688e+02 4.863982009887695312e+02 2.409999847412109375e+02
3.783518600463867188e+02 4.864125061035156250e+02 2.419999885559082031e+02
3.800500488281250000e+02 4.851107788085937500e+02 2.409999847412109375e+02
3.787598800659179688e+02 4.856857681274414062e+02 2.379999923706054688e+02
3.786164855957031250e+02 4.855827331542968750e+02 2.372568702697753906e+02
3.780707550048828125e+02 4.858264923095703125e+02 2.369541168212890625e+02
3.789698791503906250e+02 4.852168273925781250e+02 2.369541168212890625e+02
3.790364074707031250e+02 4.848148727416992188e+02 2.360210609436035156e+02
3.796994018554687500e+02 4.846695327758789062e+02 2.369999885559082031e+02
3.784512710571289062e+02 4.854686737060546875e+02 2.365902137756347656e+02
3.782718276977539062e+02 4.853532409667968750e+02 2.359999847412109375e+02
3.779467010498046875e+02 4.851353454589843750e+02 2.350388145446777344e+02
3.777717971801757812e+02 4.856694412231445312e+02 2.359999847412109375e+02
3.775778198242187500e+02 4.855490875244140625e+02 2.353980064392089844e+02
3.769799423217773438e+02 4.857087326049804688e+02 2.350388145446777344e+02
3.759521102905273438e+02 4.862146759033203125e+02 2.350478744506835938e+02
3.772999191284179688e+02 4.853881454467773438e+02 2.347313499450683594e+02
3.766332626342773438e+02 4.855731582641601562e+02 2.343612098693847656e+02
3.759709930419921875e+02 4.857132339477539062e+02 2.340167236328125000e+02
3.769799423217773438e+02 4.851950836181640625e+02 2.340167236328125000e+02
3.762849807739257812e+02 4.853960800170898438e+02 2.336945343017578125e+02
3.769281768798828125e+02 4.846785736083984375e+02 2.330606842041015625e+02
3.779374313354492188e+02 4.846584701538085938e+02 2.340980720520019531e+02
3.782290649414062500e+02 4.843167114257812500e+02 2.338301277160644531e+02
3.775624084472656250e+02 4.845408630371093750e+02 2.334344863891601562e+02
3.785023498535156250e+02 4.845017623901367188e+02 2.344968032836914062e+02
3.786722946166992188e+02 4.846280670166015625e+02 2.350000000000000000e+02
3.789300918579101562e+02 4.839469528198242188e+02 2.340981292724609375e+02
3.793578720092773438e+02 4.833811950683593750e+02 2.336994552612304688e+02
3.786911773681640625e+02 4.836500549316406250e+02 2.332725334167480469e+02
3.791722869873046875e+02 4.842455291748046875e+02 2.350000000000000000e+02
3.795867919921875000e+02 4.835772323608398438e+02 2.343661117553710938e+02
3.797723007202148438e+02 4.837455368041992188e+02 2.350000000000000000e+02
3.799897384643554688e+02 4.829871749877929688e+02 2.340225410461425781e+02
3.803926849365234375e+02 4.823872375488281250e+02 2.336789512634277344e+02
3.797260284423828125e+02 4.827145004272460938e+02 2.331938171386718750e+02
3.802722930908203125e+02 4.832773208618164062e+02 2.350000000000000000e+02
3.805876159667968750e+02 4.825931549072265625e+02 2.343456268310546875e+02
3.809734725952148438e+02 4.819652557373046875e+02 2.340558433532714844e+02
3.806926345825195312e+02 4.817205810546875000e+02 2.332080841064453125e+02
3.815341567993164062e+02 4.815433120727539062e+02 2.344327354431152344e+02
3.813593292236328125e+02 4.813135528564453125e+02 2.337660789489746094e+02
3.810459518432617188e+02 4.810561752319335938e+02 2.329341316223144531e+02
3.807326126098632812e+02 4.807988357543945312e+02 2.321741676330566406e+02
3.813992691040039062e+02 4.803474807739257812e+02 2.326601600646972656e+02
3.804705810546875000e+02 4.814654922485351562e+02 2.325414276123046875e+02
3.816047286987304688e+02 4.806468963623046875e+02 2.333268165588378906e+02
3.818164825439453125e+02 4.800084686279296875e+02 2.329960823059082031e+02
3.816142654418945312e+02 4.796808242797851562e+02 2.323261642456054688e+02
3.823303604125976562e+02 4.790720367431640625e+02 2.329404258728027344e+02
3.823070907592773438e+02 4.800327301025390625e+02 2.339312171936035156e+02
3.824751281738281250e+02 4.794534301757812500e+02 2.335520553588867188e+02
3.817961120605468750e+02 4.789891433715820312e+02 2.319956970214843750e+02
3.824612045288085938e+02 4.784157180786132812e+02 2.325673866271972656e+02
3.826486968994140625e+02 4.787867736816406250e+02 2.332340431213378906e+02
3.828313446044921875e+02 4.780494308471679688e+02 2.329404258728027344e+02
3.826118469238281250e+02 4.777490234375000000e+02 2.323166275024414062e+02
3.832847595214843750e+02 4.770339584350585938e+02 2.330060958862304688e+02
3.834043502807617188e+02 4.761918258666992188e+02 2.326768493652343750e+02
3.834583663940429688e+02 4.773899459838867188e+02 2.335909461975097656e+02
3.835834121704101562e+02 4.767232894897460938e+02 2.333435058593750000e+02
3.827356338500976562e+02 4.769632720947265625e+02 2.319899749755859375e+02
3.824064254760742188e+02 4.772721099853515625e+02 2.316499710083007812e+02
3.831600189208984375e+02 4.759151077270507812e+02 2.320916175842285156e+02
3.825431823730468750e+02 4.766054534912109375e+02 2.314348030090332031e+02
3.821397399902343750e+02 4.769632720947265625e+02 2.310608863830566406e+02
3.826467514038085938e+02 4.759999847412109375e+02 2.312733650207519531e+02
3.823180007934570312e+02 4.759999847412109375e+02 2.307733726501464844e+02
3.827596664428710938e+02 4.749758911132812500e+02 2.309578132629394531e+02
3.825382232666015625e+02 4.746264648437500000e+02 2.304446601867675781e+02
3.832958984375000000e+02 4.750000000000000000e+02 2.318638610839843750e+02
3.824367904663085938e+02 4.752931213378906250e+02 2.305963516235351562e+02
3.830288314819335938e+02 4.739999771118164062e+02 2.309999847412109375e+02
3.832564544677734375e+02 4.730183792114257812e+02 2.310675430297851562e+02
3.826137924194335938e+02 4.739999771118164062e+02 2.303329849243164062e+02
3.834150314331054688e+02 4.739999771118164062e+02 2.316545677185058594e+02
3.836855697631835938e+02 4.739999771118164062e+02 2.321545600891113281e+02
3.834780502319335938e+02 4.733639526367187500e+02 2.315403175354003906e+02
3.837363815307617188e+02 4.730183792114257812e+02 2.319241905212402344e+02
3.838967895507812500e+02 4.720000076293945312e+02 2.319999885559082031e+02
3.835316848754882812e+02 4.726972961425781250e+02 2.314459037780761719e+02
3.843115615844726562e+02 4.730588531494140625e+02 2.330547714233398438e+02
3.843277740478515625e+02 4.720000076293945312e+02 2.328487777709960938e+02
3.841246032714843750e+02 4.739999771118164062e+02 2.329999923706054688e+02
3.844903182983398438e+02 4.734314727783203125e+02 2.335214042663574219e+02
3.845372772216796875e+02 4.727647781372070312e+02 2.334246253967285156e+02
3.845746612548828125e+02 4.720000076293945312e+02 2.333487892150878906e+02
3.847150802612304688e+02 4.730588531494140625e+02 2.339128303527832031e+02
3.848651504516601562e+02 4.720000076293945312e+02 2.339999961853027344e+02
3.851559829711914062e+02 4.729999923706054688e+02 2.350000000000000000e+02
3.846623611450195312e+02 4.739999771118164062e+02 2.341349029541015625e+02
3.844390106201171875e+02 4.739999771118164062e+02 2.336348915100097656e+02
3.850068283081054688e+02 4.739999771118164062e+02 2.350000000000000000e+02
3.845783233642578125e+02 4.748252105712890625e+02 2.343251228332519531e+02
3.847447586059570312e+02 4.750951385498046875e+02 2.349029922485351562e+02
3.843657302856445312e+02 4.750951385498046875e+02 2.339950752258300781e+02
3.839078521728515625e+02 4.750000000000000000e+02 2.329999923706054688e+02
3.841223526000976562e+02 4.759999847412109375e+02 2.339999961853027344e+02
3.844980239868164062e+02 4.754918670654296875e+02 2.345049858093261719e+02
3.844224548339843750e+02 4.759999847412109375e+02 2.346948432922363281e+02
3.846189117431640625e+02 4.759999847412109375e+02 2.351948356628417969e+02
3.836646270751953125e+02 4.759151077270507812e+02 2.330060958862304688e+02
3.837546157836914062e+02 4.770339584350585938e+02 2.339545631408691406e+02
3.835078430175781250e+02 4.755251693725585938e+02 2.324860382080078125e+02
3.835742187500000000e+02 4.750000000000000000e+02 2.323638534545898438e+02
3.853633117675781250e+02 4.740307617187500000e+02 2.360330390930175781e+02
3.855384826660156250e+02 4.737179565429687500e+02 2.363884162902832031e+02
3.854151153564453125e+02 4.729999923706054688e+02 2.357457160949707031e+02
3.854576110839843750e+02 4.720000076293945312e+02 2.356205177307128906e+02
3.855877304077148438e+02 4.729999923706054688e+02 2.362457084655761719e+02
3.856331634521484375e+02 4.720000076293945312e+02 2.361205101013183594e+02
3.858158111572265625e+02 4.729999923706054688e+02 2.369999885559082031e+02
3.859066390991210938e+02 4.720000076293945312e+02 2.369999885559082031e+02
3.860782241821289062e+02 4.729999923706054688e+02 2.379999923706054688e+02
3.856455993652343750e+02 4.740307617187500000e+02 2.369441986083984375e+02
3.861756896972656250e+02 4.720000076293945312e+02 2.379999923706054688e+02
3.862977600097656250e+02 4.729999923706054688e+02 2.389999961853027344e+02
3.864139175415039062e+02 4.720212936401367188e+02 2.390434265136718750e+02
3.861298751831054688e+02 4.739999771118164062e+02 2.389999961853027344e+02
3.864363098144531250e+02 4.709999847412109375e+02 2.387890625000000000e+02
3.862345886230468750e+02 4.709999847412109375e+02 2.379999923706054688e+02
3.864485931396484375e+02 4.700000000000000000e+02 2.387212562561035156e+02
3.864302062988281250e+02 4.689999771118164062e+02 2.388054656982421875e+02
3.862543487548828125e+02 4.700000000000000000e+02 2.379999923706054688e+02
3.862205505371093750e+02 4.689999771118164062e+02 2.379999923706054688e+02
3.859650039672851562e+02 4.700000000000000000e+02 2.369999885559082031e+02
3.859312820434570312e+02 4.689999771118164062e+02 2.369999885559082031e+02
3.856592178344726562e+02 4.700000000000000000e+02 2.360665512084960938e+02
3.859539794921875000e+02 4.709999847412109375e+02 2.369999885559082031e+02
3.856557083129882812e+02 4.709999847412109375e+02 2.360680961608886719e+02
3.854752349853515625e+02 4.709999847412109375e+02 2.355680847167968750e+02
3.852894210815429688e+02 4.709999847412109375e+02 2.350000000000000000e+02
3.854752349853515625e+02 4.700000000000000000e+02 2.355665588378906250e+02
3.854576110839843750e+02 4.689999771118164062e+02 2.356153297424316406e+02
3.852894210815429688e+02 4.700000000000000000e+02 2.350000000000000000e+02
3.852480697631835938e+02 4.689999771118164062e+02 2.350000000000000000e+02
3.849168395996093750e+02 4.700000000000000000e+02 2.339999961853027344e+02
3.846026229858398438e+02 4.700000000000000000e+02 2.332908439636230469e+02
3.849168395996093750e+02 4.709999847412109375e+02 2.339999961853027344e+02
3.848672485351562500e+02 4.689999771118164062e+02 2.339999961853027344e+02
3.847167587280273438e+02 4.679248809814453125e+02 2.339077949523925781e+02
3.845767593383789062e+02 4.689999771118164062e+02 2.333440208435058594e+02
3.845401000976562500e+02 4.682081222534179688e+02 2.334182739257812500e+02
3.843309402465820312e+02 4.689999771118164062e+02 2.328440093994140625e+02
3.839042663574218750e+02 4.689999771118164062e+02 2.319999885559082031e+02
3.843215560913085938e+02 4.679248809814453125e+02 2.330509567260742188e+02
3.843568038940429688e+02 4.700000000000000000e+02 2.327908325195312500e+02
3.839588928222656250e+02 4.700000000000000000e+02 2.319999885559082031e+02
3.843568038940429688e+02 4.709999847412109375e+02 2.327908325195312500e+02
3.846026229858398438e+02 4.709999847412109375e+02 2.332908439636230469e+02
3.839588928222656250e+02 4.709999847412109375e+02 2.319999885559082031e+02
3.836020660400390625e+02 4.709999847412109375e+02 2.313218498229980469e+02
3.833137512207031250e+02 4.709999847412109375e+02 2.308218574523925781e+02
3.836020660400390625e+02 4.700000000000000000e+02 2.313227272033691406e+02
3.835690307617187500e+02 4.720000076293945312e+02 2.313805007934570312e+02
3.832780456542968750e+02 4.720000076293945312e+02 2.308804893493652344e+02
3.827780532836914062e+02 4.720000076293945312e+02 2.300870895385742188e+02
3.824398040771484375e+02 4.720000076293945312e+02 2.295870971679687500e+02
3.828137588500976562e+02 4.709999847412109375e+02 2.300340843200683594e+02
3.827120590209960938e+02 4.729999923706054688e+02 2.301863098144531250e+02
3.823707962036132812e+02 4.729999923706054688e+02 2.296863174438476562e+02
3.818124008178710938e+02 4.729811477661132812e+02 2.289287757873535156e+02
3.822666168212890625e+02 4.739999771118164062e+02 2.298329925537109375e+02
3.817666244506835938e+02 4.739999771118164062e+02 2.291533470153808594e+02
3.821604537963867188e+02 4.749758911132812500e+02 2.300667953491210938e+02
3.816229629516601562e+02 4.750000000000000000e+02 2.293425941467285156e+02
3.817703247070312500e+02 4.759414672851562500e+02 2.299779129028320312e+02
3.816198730468750000e+02 4.770000076293945312e+02 2.303416633605957031e+02
3.813977050781250000e+02 4.762357711791992188e+02 2.296298408508300781e+02
3.815264892578125000e+02 4.755690765380859375e+02 2.294669723510742188e+02
3.809895706176757812e+02 4.759623718261718750e+02 2.290178680419921875e+02
3.812152481079101562e+02 4.750000000000000000e+02 2.288426017761230469e+02
3.805813980102539062e+02 4.756889724731445312e+02 2.284116935729980469e+02
3.807266616821289062e+02 4.770000076293945312e+02 2.292411041259765625e+02
3.804358673095703125e+02 4.763556289672851562e+02 2.285687446594238281e+02
3.800115966796875000e+02 4.760189437866210938e+02 2.279896736145019531e+02
3.802730178833007812e+02 4.770000076293945312e+02 2.287410926818847656e+02
3.797730255126953125e+02 4.770000076293945312e+02 2.282311630249023438e+02
3.799889755249023438e+02 4.779751586914062500e+02 2.290156936645507812e+02
3.793815994262695312e+02 4.783200454711914062e+02 2.286120223999023438e+02
3.795948028564453125e+02 4.776533889770507812e+02 2.284072113037109375e+02
3.797164535522460938e+02 4.788164520263671875e+02 2.292786788940429688e+02
3.803831481933593750e+02 4.782969284057617188e+02 2.296309089660644531e+02
3.805711746215820312e+02 4.776302337646484375e+02 2.294193840026855469e+02
3.809532546997070312e+02 4.779043197631835938e+02 2.300616455078125000e+02
3.806686782836914062e+02 4.787757110595703125e+02 2.302975654602050781e+02
3.813353347778320312e+02 4.781784439086914062e+02 2.307176208496093750e+02
3.815058898925781250e+02 4.775117492675781250e+02 2.304923820495605469e+02
3.812266921997070312e+02 4.770000076293945312e+02 2.298416709899902344e+02
3.816982269287109375e+02 4.779070663452148438e+02 2.310305786132812500e+02
3.822713851928710938e+02 4.780494308471679688e+02 2.319899749755859375e+02
3.815847015380859375e+02 4.786486053466796875e+02 2.313842964172363281e+02
3.810303497314453125e+02 4.790454864501953125e+02 2.309645462036132812e+02
3.807253265380859375e+02 4.798257064819335938e+02 2.312114524841308594e+02
3.813920211791992188e+02 4.793152618408203125e+02 2.316595077514648438e+02
3.804617691040039062e+02 4.794423675537109375e+02 2.305447769165039062e+02
3.800891113281250000e+02 4.791294097900390625e+02 2.299051284790039062e+02
3.802933502197265625e+02 4.800954055786132812e+02 2.309268760681152344e+02
3.797460937500000000e+02 4.800000000000000000e+02 2.302333641052246094e+02
3.804941177368164062e+02 4.804923629760742188e+02 2.315074920654296875e+02
3.797372817993164062e+02 4.809220123291015625e+02 2.310769462585449219e+02
3.795330047607421875e+02 4.805366897583007812e+02 2.304651260375976562e+02
3.802998352050781250e+02 4.810792922973632812e+02 2.319044876098632812e+02
3.795349884033203125e+02 4.815354156494140625e+02 2.314615631103515625e+02
3.792106246948242188e+02 4.812033462524414062e+02 2.307949066162109375e+02
3.788709259033203125e+02 4.808676147460937500e+02 2.301279258728027344e+02
3.788595581054687500e+02 4.818716049194335938e+02 2.311431503295898438e+02
3.779999923706054688e+02 4.822700119018554688e+02 2.307555770874023438e+02
3.785084915161132812e+02 4.825070953369140625e+02 2.314913749694824219e+02
3.792397689819335938e+02 4.822612762451171875e+02 2.319999885559082031e+02
3.785439300537109375e+02 4.815410995483398438e+02 2.304574012756347656e+02
3.779999923706054688e+02 4.817700195312500000e+02 2.302187347412109375e+02
3.771558761596679688e+02 4.821122741699218750e+02 2.298838043212890625e+02
3.779999923706054688e+02 4.812731933593750000e+02 2.297187423706054688e+02
3.774987792968750000e+02 4.814990234375000000e+02 2.295009231567382812e+02
3.779999923706054688e+02 4.807731628417968750e+02 2.292590904235839844e+02
3.771373748779296875e+02 4.811082077026367188e+02 2.289050674438476562e+02
3.780720520019531250e+02 4.800703048706054688e+02 2.287300682067871094e+02
3.785312652587890625e+02 4.805318832397460938e+02 2.294720077514648438e+02
3.787639999389648438e+02 4.800000000000000000e+02 2.292575073242187500e+02
3.791011428833007812e+02 4.791316223144531250e+02 2.289083480834960938e+02
3.792639923095703125e+02 4.800000000000000000e+02 2.297333526611328125e+02
3.794873809814453125e+02 4.794831466674804688e+02 2.295126724243164062e+02
3.784534454345703125e+02 4.794467544555664062e+02 2.285379981994628906e+02
3.787149429321289062e+02 4.787800979614257812e+02 2.283105278015136719e+02
3.780490112304687500e+02 4.790550994873046875e+02 2.279620552062988281e+02
3.789711380004882812e+02 4.779538726806640625e+02 2.280255317687988281e+02
3.792382049560546875e+02 4.770000076293945312e+02 2.277311515808105469e+02
3.783112716674804688e+02 4.782543563842773438e+02 2.276438522338867188e+02
3.785607147216796875e+02 4.775876998901367188e+02 2.274496650695800781e+02
3.779867553710937500e+02 4.779526138305664062e+02 2.272295379638671875e+02
3.787382125854492188e+02 4.770000076293945312e+02 2.273034095764160156e+02
3.789731979370117188e+02 4.759455490112304688e+02 2.270205688476562500e+02
3.779991149902343750e+02 4.770504760742187500e+02 2.267660331726074219e+02
3.783318710327148438e+02 4.762088394165039062e+02 2.266215324401855469e+02
3.776652145385742188e+02 4.767508316040039062e+02 2.263844490051269531e+02
3.774367523193359375e+02 4.774174880981445312e+02 2.265388298034667969e+02
3.770620727539062500e+02 4.770504760742187500e+02 2.261520004272460938e+02
3.770620727539062500e+02 4.780775451660156250e+02 2.266722869873046875e+02
3.764612960815429688e+02 4.784626007080078125e+02 2.265209197998046875e+02
3.767700958251953125e+02 4.777959442138671875e+02 2.263397216796875000e+02
3.769963073730468750e+02 4.789980316162109375e+02 2.271875572204589844e+02
3.760767745971679688e+02 4.790514373779296875e+02 2.266819000244140625e+02
3.766604995727539062e+02 4.796389007568359375e+02 2.273976135253906250e+02
3.773271560668945312e+02 4.793300628662109375e+02 2.276135826110839844e+02
3.776446151733398438e+02 4.786634063720703125e+02 2.273940658569335938e+02
3.770515823364257812e+02 4.800447082519531250e+02 2.279642868041992188e+02
3.777867889404296875e+02 4.797838592529296875e+02 2.282802581787109375e+02
3.774426269531250000e+02 4.804505538940429688e+02 2.285400962829589844e+02
3.767759704589843750e+02 4.807174301147460938e+02 2.283149909973144531e+02
3.762361526489257812e+02 4.803055953979492188e+02 2.276483154296875000e+02
3.759416961669921875e+02 4.799833297729492188e+02 2.272463035583496094e+02
3.759467315673828125e+02 4.809654998779296875e+02 2.280291366577148438e+02
3.750000000000000000e+02 4.812115097045898438e+02 2.277450942993164062e+02
3.755694580078125000e+02 4.805469512939453125e+02 2.274616050720214844e+02
3.756573486328125000e+02 4.815968704223632812e+02 2.284099388122558594e+02
3.763240051269531250e+02 4.813840866088867188e+02 2.286033630371093750e+02
3.759991073608398438e+02 4.820012664794921875e+02 2.290007019042968750e+02
3.750000000000000000e+02 4.822740554809570312e+02 2.287216949462890625e+02
3.756741714477539062e+02 4.825975799560546875e+02 2.293980598449707031e+02
3.763408660888671875e+02 4.824056243896484375e+02 2.296000289916992188e+02
3.768320846557617188e+02 4.817389678955078125e+02 2.292700386047363281e+02
3.759704208374023438e+02 4.829844284057617188e+02 2.300179672241210938e+02
3.755999755859375000e+02 4.835538101196289062e+02 2.304359245300292969e+02
3.762666702270507812e+02 4.833712387084960938e+02 2.306590461730957031e+02
3.768130111694335938e+02 4.827045822143554688e+02 2.302666854858398438e+02
3.750000000000000000e+02 4.832640075683593750e+02 2.297697830200195312e+02
3.743114471435546875e+02 4.834210586547851562e+02 2.295904541015625000e+02
3.750000000000000000e+02 4.827640151977539062e+02 2.292216873168945312e+02
3.750000000000000000e+02 4.836922454833984375e+02 2.302697944641113281e+02
3.739868927001953125e+02 4.838566207885742188e+02 2.299542617797851562e+02
3.750624465942382812e+02 4.842378616333007812e+02 2.310058593750000000e+02
3.739999771118164062e+02 4.844008255004882812e+02 2.306337547302246094e+02
3.747707748413085938e+02 4.846128845214843750e+02 2.313430976867675781e+02
3.754374313354492188e+02 4.844734191894531250e+02 2.315392303466796875e+02
3.759600067138671875e+02 4.837969589233398438e+02 2.309954261779785156e+02
3.759999847412109375e+02 4.843308258056640625e+02 2.317487144470214844e+02
3.767164993286132812e+02 4.836343383789062500e+02 2.313257217407226562e+02
3.770980834960937500e+02 4.830648040771484375e+02 2.309208869934082031e+02
3.769651031494140625e+02 4.839824676513671875e+02 2.320305442810058594e+02
3.773831939697265625e+02 4.834250640869140625e+02 2.316020393371582031e+02
3.765470123291015625e+02 4.845273590087890625e+02 2.324590492248535156e+02
3.777350234985351562e+02 4.836639022827148438e+02 2.322687149047851562e+02
3.772136688232421875e+02 4.843305587768554688e+02 2.327678108215332031e+02
3.779820632934570312e+02 4.839903259277343750e+02 2.330201721191406250e+02
3.784017181396484375e+02 4.834275054931640625e+02 2.326058578491210938e+02
3.790845108032226562e+02 4.830709838867187500e+02 2.328998374938964844e+02
3.780410003662109375e+02 4.832157897949218750e+02 2.319612312316894531e+02
3.779999923706054688e+02 4.826991271972656250e+02 2.312555694580078125e+02
3.787397766113281250e+02 4.827009201049804688e+02 2.319999885559082031e+02
3.794778823852539062e+02 4.824796295166015625e+02 2.325271415710449219e+02
3.800983047485351562e+02 4.821001052856445312e+02 2.328676223754882812e+02
3.797541809082031250e+02 4.817612838745117188e+02 2.319999885559082031e+02
3.759999847412109375e+02 4.846650695800781250e+02 2.322487068176269531e+02
3.750624465942382812e+02 4.848778915405273438e+02 2.319235420227050781e+02
3.759709930419921875e+02 4.851697158813476562e+02 2.330422019958496094e+02
3.750000000000000000e+02 4.853876876831054688e+02 2.326893615722656250e+02
3.756183242797851562e+02 4.855565643310546875e+02 2.334036827087402344e+02
3.750000000000000000e+02 4.856798171997070312e+02 2.331893539428710938e+02
3.749230957031250000e+02 4.861792373657226562e+02 2.340828514099121094e+02
3.740848922729492188e+02 4.858538055419921875e+02 2.329092788696289062e+02
3.730156707763671875e+02 4.862656402587890625e+02 2.330437088012695312e+02
3.744748687744140625e+02 4.854908370971679688e+02 2.325154685974121094e+02
3.739999771118164062e+02 4.863594436645507812e+02 2.337867355346679688e+02
3.738081741333007812e+02 4.856103897094726562e+02 2.323213958740234375e+02
3.729999923706054688e+02 4.857349777221679688e+02 2.321164894104003906e+02
3.740848922729492188e+02 4.853037261962890625e+02 2.319928359985351562e+02
3.739999771118164062e+02 4.847615432739257812e+02 2.311337471008300781e+02
3.729999923706054688e+02 4.854265975952148438e+02 2.316164970397949219e+02
3.724982070922851562e+02 4.854996109008789062e+02 2.315006065368652344e+02
3.730973815917968750e+02 4.849038314819335938e+02 2.309011459350585938e+02
3.720989227294921875e+02 4.852677536010742188e+02 2.310378265380859375e+02
3.734955978393554688e+02 4.844985580444335938e+02 2.305019187927246094e+02
3.728289413452148438e+02 4.846042633056640625e+02 2.303660964965820312e+02
3.730973815917968750e+02 4.842391586303710938e+02 2.300196456909179688e+02
3.720000076293945312e+02 4.847100067138671875e+02 2.302266120910644531e+02
3.709999847412109375e+02 4.848010253906250000e+02 2.301007080078125000e+02
3.720000076293945312e+02 4.843194961547851562e+02 2.297266006469726562e+02
3.709999847412109375e+02 4.844210815429687500e+02 2.296007156372070312e+02
3.720000076293945312e+02 4.838195037841796875e+02 2.291354942321777344e+02
3.709694671630859375e+02 4.838500213623046875e+02 2.289264869689941406e+02
3.720000076293945312e+02 4.833741378784179688e+02 2.286355018615722656e+02
3.729999923706054688e+02 4.836750030517578125e+02 2.293020629882812500e+02
3.729999923706054688e+02 4.832174301147460938e+02 2.288020706176757812e+02
3.736447906494140625e+02 4.835598754882812500e+02 2.294329071044921875e+02
3.740008163452148438e+02 4.830023574829101562e+02 2.289985466003417969e+02
3.743568420410156250e+02 4.824352264404296875e+02 2.285642051696777344e+02
3.736901473999023438e+02 4.825836563110351562e+02 2.284169769287109375e+02
3.729999923706054688e+02 4.827174377441406250e+02 2.282840538024902344e+02
3.739930343627929688e+02 4.819975662231445312e+02 2.280002403259277344e+02
3.742958831787109375e+02 4.814017486572265625e+02 2.275835037231445312e+02
3.736292266845703125e+02 4.815599060058593750e+02 2.274476814270019531e+02
3.750000000000000000e+02 4.817740631103515625e+02 2.282450866699218750e+02
3.729999923706054688e+02 4.821889877319335938e+02 2.277840423583984375e+02
3.720000076293945312e+02 4.823611831665039062e+02 2.276264762878417969e+02
3.729999923706054688e+02 4.816889953613281250e+02 2.273367691040039062e+02
3.720000076293945312e+02 4.818611907958984375e+02 2.271882247924804688e+02
3.730668640136718750e+02 4.809697723388671875e+02 2.267800331115722656e+02
3.734447860717773438e+02 4.804750823974609375e+02 2.265176773071289062e+02
3.720000076293945312e+02 4.812559509277343750e+02 2.266882324218750000e+02
3.727781295776367188e+02 4.806163024902343750e+02 2.264129447937011719e+02
3.739775466918945312e+02 4.810410308837890625e+02 2.271645355224609375e+02
3.739999771118164062e+02 4.803340530395507812e+02 2.266199111938476562e+02
3.750000000000000000e+02 4.807115173339843750e+02 2.273278427124023438e+02
3.750314712524414062e+02 4.799821853637695312e+02 2.267930603027343750e+02
3.753858184814453125e+02 4.794190597534179688e+02 2.265513038635253906e+02
3.747191238403320312e+02 4.796369552612304688e+02 2.264030647277832031e+02
3.739999771118164062e+02 4.798340606689453125e+02 2.262684822082519531e+02
3.750314712524414062e+02 4.790514373779296875e+02 2.261719131469726562e+02
3.757946395874023438e+02 4.787524032592773438e+02 2.263452911376953125e+02
3.740327072143554688e+02 4.789767837524414062e+02 2.257376861572265625e+02
3.750965499877929688e+02 4.780574798583984375e+02 2.256315612792968750e+02
3.754942703247070312e+02 4.774942779541015625e+02 2.255024528503417969e+02
3.743878173828125000e+02 4.784291458129882812e+02 2.255381584167480469e+02
3.748276138305664062e+02 4.777624893188476562e+02 2.253626823425292969e+02
3.760767745971679688e+02 4.780775451660156250e+02 2.261124992370605469e+02
3.760657119750976562e+02 4.770965576171875000e+02 2.256228065490722656e+02
3.764428710937500000e+02 4.764226531982421875e+02 2.255291366577148438e+02
3.757761764526367188e+02 4.768275833129882812e+02 2.253626823425292969e+02
3.750965499877929688e+02 4.770965576171875000e+02 2.251700592041015625e+02
3.760657119750976562e+02 4.760535812377929688e+02 2.252089691162109375e+02
3.749811935424804688e+02 4.759973526000976562e+02 2.247008514404296875e+02
3.759205245971679688e+02 4.749328613281250000e+02 2.247747611999511719e+02
3.766728591918945312e+02 4.757559585571289062e+02 2.254049301147460938e+02
3.770037078857421875e+02 4.749300003051757812e+02 2.253168678283691406e+02
3.770037078857421875e+02 4.760535812377929688e+02 2.257022094726562500e+02
3.779991149902343750e+02 4.759252929687500000e+02 2.262741279602050781e+02
3.773395156860351562e+02 4.752166748046875000e+02 2.255900955200195312e+02
3.779150009155273438e+02 4.749300003051757812e+02 2.258633041381835938e+02
3.781329345703125000e+02 4.739999771118164062e+02 2.257377243041992188e+02
3.775250244140625000e+02 4.745500183105468750e+02 2.254841804504394531e+02
3.786484527587890625e+02 4.750000000000000000e+02 2.263865661621093750e+02
3.788460159301757812e+02 4.739999771118164062e+02 2.262377166748046875e+02
3.791484451293945312e+02 4.750000000000000000e+02 2.267856788635253906e+02
3.785228347778320312e+02 4.755421447753906250e+02 2.264823341369628906e+02
3.797333908081054688e+02 4.750000000000000000e+02 2.272856903076171875e+02
3.793460083007812500e+02 4.739999771118164062e+02 2.266243553161621094e+02
3.794529342651367188e+02 4.733093643188476562e+02 2.265378189086914062e+02
3.799075698852539062e+02 4.739999771118164062e+02 2.271243667602539062e+02
3.804075622558593750e+02 4.739999771118164062e+02 2.275921058654785156e+02
3.800098419189453125e+02 4.730390548706054688e+02 2.269901847839355469e+02
3.795334625244140625e+02 4.726427078247070312e+02 2.264716148376464844e+02
3.800888061523437500e+02 4.720000076293945312e+02 2.268805694580078125e+02
3.804862594604492188e+02 4.734354019165039062e+02 2.275136947631835938e+02
3.805567550659179688e+02 4.727687454223632812e+02 2.274425697326660156e+02
3.806175613403320312e+02 4.720000076293945312e+02 2.273805618286132812e+02
3.810090255737304688e+02 4.730353164672851562e+02 2.279912757873535156e+02
3.811175537109375000e+02 4.720000076293945312e+02 2.279182243347167969e+02
3.808752059936523438e+02 4.739999771118164062e+02 2.280921173095703125e+02
3.814613342285156250e+02 4.733018875122070312e+02 2.285479736328125000e+02
3.815262603759765625e+02 4.726352310180664062e+02 2.284688758850097656e+02
3.815689468383789062e+02 4.720000076293945312e+02 2.284182357788085938e+02
3.816109848022460938e+02 4.709999847412109375e+02 2.283686065673828125e+02
3.820087432861328125e+02 4.720000076293945312e+02 2.289999961853027344e+02
3.820874404907226562e+02 4.709999847412109375e+02 2.289999961853027344e+02
3.820797729492187500e+02 4.700000000000000000e+02 2.289999961853027344e+02
3.824764633178710938e+02 4.709999847412109375e+02 2.295340919494628906e+02
3.824732971191406250e+02 4.700000000000000000e+02 2.295384216308593750e+02
3.828119277954101562e+02 4.700000000000000000e+02 2.300384140014648438e+02
3.824370193481445312e+02 4.689999771118164062e+02 2.295901107788085938e+02
3.823770904541015625e+02 4.679999923706054688e+02 2.296749305725097656e+02
3.819989776611328125e+02 4.689999771118164062e+02 2.289999961853027344e+02
3.827783966064453125e+02 4.689999771118164062e+02 2.300901031494140625e+02
3.827218246459960938e+02 4.679999923706054688e+02 2.301749420166015625e+02
3.832784271240234375e+02 4.689999771118164062e+02 2.308745002746582031e+02
3.832715606689453125e+02 4.679415130615234375e+02 2.310620498657226562e+02
3.833119201660156250e+02 4.700000000000000000e+02 2.308227157592773438e+02
3.835733032226562500e+02 4.689999771118164062e+02 2.313745117187500000e+02
3.835374069213867188e+02 4.682358932495117188e+02 2.314367675781250000e+02
3.837474441528320312e+02 4.679415130615234375e+02 2.319110298156738281e+02
3.834901428222656250e+02 4.675691986083984375e+02 2.315184020996093750e+02
3.837003326416015625e+02 4.670000076293945312e+02 2.321191787719726562e+02
3.834358596801757812e+02 4.670000076293945312e+02 2.316191673278808594e+02
3.835941696166992188e+02 4.659999847412109375e+02 2.323231124877929688e+02
3.841460418701171875e+02 4.670000076293945312e+02 2.329999923706054688e+02
3.839356994628906250e+02 4.659999847412109375e+02 2.329999923706054688e+02
3.844457244873046875e+02 4.670000076293945312e+02 2.336243247985839844e+02
3.843415069580078125e+02 4.659999847412109375e+02 2.338615989685058594e+02
3.844942855834960938e+02 4.675414657592773438e+02 2.335129928588867188e+02
3.846623611450195312e+02 4.670000076293945312e+02 2.341243171691894531e+02
3.845600509643554688e+02 4.659999847412109375e+02 2.343616104125976562e+02
3.850068283081054688e+02 4.670000076293945312e+02 2.350000000000000000e+02
3.848109054565429688e+02 4.659999847412109375e+02 2.350000000000000000e+02
3.853688430786132812e+02 4.669400787353515625e+02 2.360264778137207031e+02
3.851559829711914062e+02 4.679999923706054688e+02 2.350000000000000000e+02
3.854151153564453125e+02 4.679999923706054688e+02 2.357338523864746094e+02
3.855964660644531250e+02 4.679999923706054688e+02 2.362338447570800781e+02
3.858444213867187500e+02 4.679999923706054688e+02 2.369999885559082031e+02
3.856409072875976562e+02 4.689999771118164062e+02 2.361153221130371094e+02
3.855444717407226562e+02 4.672335052490234375e+02 2.363774871826171875e+02
3.856708908081054688e+02 4.669400787353515625e+02 2.369212150573730469e+02
3.854887771606445312e+02 4.665668106079101562e+02 2.365353393554687500e+02
3.855855560302734375e+02 4.659999847412109375e+02 2.372279739379882812e+02
3.859952545166015625e+02 4.670000076293945312e+02 2.379999923706054688e+02
3.862425994873046875e+02 4.670000076293945312e+02 2.389999961853027344e+02
3.861315917968750000e+02 4.679999923706054688e+02 2.379999923706054688e+02
3.858063125610351562e+02 4.659999847412109375e+02 2.379999923706054688e+02
3.860562896728515625e+02 4.659999847412109375e+02 2.389999961853027344e+02
3.855939865112304688e+02 4.650522613525390625e+02 2.380438423156738281e+02
3.854353332519531250e+02 4.647537612915039062e+02 2.377397346496582031e+02
3.855253601074218750e+02 4.644186401367187500e+02 2.384063911437988281e+02
3.855204010009765625e+02 4.654204177856445312e+02 2.374352836608886719e+02
3.858185577392578125e+02 4.650000000000000000e+02 2.389999961853027344e+02
3.860138702392578125e+02 4.650000000000000000e+02 2.400000000000000000e+02
3.855942535400390625e+02 4.641962051391601562e+02 2.389999961853027344e+02
3.856854248046875000e+02 4.639057540893554688e+02 2.399104499816894531e+02
3.854391860961914062e+02 4.636961746215820312e+02 2.389999961853027344e+02
3.852009963989257812e+02 4.629999923706054688e+02 2.389999961853027344e+02
3.853142929077148438e+02 4.640511703491210938e+02 2.380438423156738281e+02
3.854969787597656250e+02 4.635096359252929688e+02 2.395174217224121094e+02
3.853850555419921875e+02 4.630097579956054688e+02 2.399104499816894531e+02
3.855542373657226562e+02 4.633495712280273438e+02 2.401840972900390625e+02
3.854264068603515625e+02 4.627032470703125000e+02 2.409999847412109375e+02
3.850257492065429688e+02 4.620000076293945312e+02 2.400000000000000000e+02
3.846672058105468750e+02 4.611348342895507812e+02 2.400000000000000000e+02
3.848244476318359375e+02 4.620000076293945312e+02 2.389999961853027344e+02
3.851697540283203125e+02 4.620000076293945312e+02 2.409999847412109375e+02
3.852505493164062500e+02 4.620000076293945312e+02 2.419999885559082031e+02
3.847145843505859375e+02 4.609131622314453125e+02 2.409470176696777344e+02
3.844897460937500000e+02 4.605219650268554688e+02 2.405783653259277344e+02
3.848559570312500000e+02 4.609999847412109375e+02 2.419999885559082031e+02
3.845331954956054688e+02 4.604384994506835938e+02 2.412450408935546875e+02
3.842915344238281250e+02 4.600630950927734375e+02 2.409470176696777344e+02
3.845679092407226562e+02 4.603744125366210938e+02 2.419999885559082031e+02
3.842964935302734375e+02 4.598744201660156250e+02 2.419999885559082031e+02
3.845836639404296875e+02 4.603435516357421875e+02 2.429999923706054688e+02
3.843148040771484375e+02 4.598435211181640625e+02 2.429999923706054688e+02
3.845671081542968750e+02 4.603711318969726562e+02 2.439999961853027344e+02
3.848822784423828125e+02 4.609999847412109375e+02 2.429999923706054688e+02
3.848467636108398438e+02 4.609999847412109375e+02 2.439999961853027344e+02
3.852659225463867188e+02 4.620000076293945312e+02 2.429999923706054688e+02
3.852267074584960938e+02 4.620000076293945312e+02 2.439999961853027344e+02
3.854673004150390625e+02 4.625907516479492188e+02 2.429999923706054688e+02
3.854624938964843750e+02 4.626030731201171875e+02 2.419999885559082031e+02
3.854470825195312500e+02 4.626511001586914062e+02 2.439999961853027344e+02
3.856461334228515625e+02 4.630907440185546875e+02 2.429999923706054688e+02
3.856428527832031250e+02 4.631030654907226562e+02 2.419999885559082031e+02
3.856221771240234375e+02 4.631511306762695312e+02 2.439999961853027344e+02
3.859304428100585938e+02 4.639999771118164062e+02 2.429999923706054688e+02
3.859307098388671875e+02 4.639999771118164062e+02 2.419999885559082031e+02
3.858777236938476562e+02 4.639999771118164062e+02 2.439999961853027344e+02
3.861978912353515625e+02 4.650000000000000000e+02 2.429999923706054688e+02
3.862100219726562500e+02 4.650000000000000000e+02 2.419999885559082031e+02
3.861307525634765625e+02 4.650000000000000000e+02 2.439999961853027344e+02
3.864292144775390625e+02 4.660362625122070312e+02 2.430780792236328125e+02
3.864221572875976562e+02 4.658623504638671875e+02 2.419999885559082031e+02
3.863422012329101562e+02 4.659999847412109375e+02 2.439999961853027344e+02
3.864972305297851562e+02 4.665195846557617188e+02 2.434634780883789062e+02
3.865225982666015625e+02 4.663937759399414062e+02 2.427968215942382812e+02
3.865296554565429688e+02 4.663623428344726562e+02 2.419999885559082031e+02
3.865846633911132812e+02 4.669117355346679688e+02 2.430780792236328125e+02
3.866393661499023438e+02 4.670000076293945312e+02 2.419999885559082031e+02
3.865336608886718750e+02 4.672611999511718750e+02 2.439999961853027344e+02
3.864670181274414062e+02 4.667611694335937500e+02 2.439999961853027344e+02
3.865005874633789062e+02 4.674953079223632812e+02 2.445032691955566406e+02
3.866152954101562500e+02 4.679999923706054688e+02 2.439999961853027344e+02
3.865220642089843750e+02 4.679999923706054688e+02 2.446165466308593750e+02
3.864299774169921875e+02 4.679999923706054688e+02 2.451165390014648438e+02
3.862339401245117188e+02 4.679999923706054688e+02 2.459999847412109375e+02
3.864603042602539062e+02 4.689999771118164062e+02 2.452954483032226562e+02
3.863806915283203125e+02 4.670971679687500000e+02 2.449019622802734375e+02
3.862049865722656250e+02 4.659999847412109375e+02 2.450000000000000000e+02
3.861463928222656250e+02 4.670000076293945312e+02 2.459999847412109375e+02
3.858977508544921875e+02 4.670000076293945312e+02 2.469999885559082031e+02
3.860108947753906250e+02 4.659999847412109375e+02 2.459999847412109375e+02
3.858255386352539062e+02 4.650000000000000000e+02 2.459999847412109375e+02
3.857714462280273438e+02 4.659999847412109375e+02 2.469999885559082031e+02
3.856021881103515625e+02 4.650316238403320312e+02 2.469986343383789062e+02
3.855708694458007812e+02 4.659999847412109375e+02 2.477092361450195312e+02
3.855218124389648438e+02 4.653860092163085938e+02 2.475667953491210938e+02
3.856331253051757812e+02 4.670000076293945312e+02 2.478811645507812500e+02
3.854037857055664062e+02 4.659999847412109375e+02 2.482092475891113281e+02
3.853367233276367188e+02 4.650316238403320312e+02 2.479400634765625000e+02
3.854586791992187500e+02 4.670000076293945312e+02 2.483811569213867188e+02
3.851223373413085938e+02 4.659999847412109375e+02 2.489999961853027344e+02
3.849659729003906250e+02 4.650000000000000000e+02 2.489999961853027344e+02
3.846876144409179688e+02 4.660100936889648438e+02 2.500655174255371094e+02
3.852360534667968750e+02 4.670000076293945312e+02 2.489999961853027344e+02
3.848332214355468750e+02 4.670000076293945312e+02 2.500000000000000000e+02
3.853453063964843750e+02 4.680772018432617188e+02 2.489030265808105469e+02
3.854866027832031250e+02 4.677953720092773438e+02 2.484626770019531250e+02
3.849129104614257812e+02 4.679999923706054688e+02 2.500000000000000000e+02
3.853344345092773438e+02 4.689999771118164062e+02 2.490127944946289062e+02
3.855017089843750000e+02 4.684620285034179688e+02 2.485050582885742188e+02
3.855043411254882812e+02 4.689999771118164062e+02 2.485128021240234375e+02
3.856372451782226562e+02 4.680772018432617188e+02 2.480776023864746094e+02
3.859742355346679688e+02 4.679999923706054688e+02 2.469999885559082031e+02
3.856917953491210938e+02 4.689999771118164062e+02 2.479999923706054688e+02
3.860130310058593750e+02 4.689999771118164062e+02 2.469999885559082031e+02
3.856504821777343750e+02 4.700161361694335938e+02 2.480952644348144531e+02
3.854970550537109375e+02 4.703602600097656250e+02 2.484921073913574219e+02
3.860132980346679688e+02 4.700000000000000000e+02 2.469999885559082031e+02
3.856600189208984375e+02 4.709999847412109375e+02 2.479409408569335938e+02
3.855040740966796875e+02 4.696935653686523438e+02 2.485120010375976562e+02
3.853623580932617188e+02 4.700161361694335938e+02 2.489072036743164062e+02
3.849406433105468750e+02 4.700000000000000000e+02 2.500000000000000000e+02
3.846104812622070312e+02 4.700000000000000000e+02 2.507002067565917969e+02
3.849497604370117188e+02 4.689999771118164062e+02 2.500000000000000000e+02
3.846152877807617188e+02 4.689999771118164062e+02 2.507088279724121094e+02
3.845962524414062500e+02 4.679999923706054688e+02 2.506744003295898438e+02
3.843371963500976562e+02 4.689999771118164062e+02 2.512088394165039062e+02
3.843186950683593750e+02 4.679999923706054688e+02 2.511744117736816406e+02
3.838509750366210938e+02 4.689999771118164062e+02 2.519999885559082031e+02
3.843326568603515625e+02 4.700000000000000000e+02 2.512002182006835938e+02
3.838426971435546875e+02 4.700000000000000000e+02 2.519999885559082031e+02
3.835100173950195312e+02 4.700000000000000000e+02 2.525149345397949219e+02
3.837455749511718750e+02 4.709246444702148438e+02 2.520805931091308594e+02
3.835029602050781250e+02 4.705410766601562500e+02 2.525044250488281250e+02
3.834790420532226562e+02 4.712077331542968750e+02 2.524676704406738281e+02
3.832079315185546875e+02 4.709246444702148438e+02 2.529026603698730469e+02
3.834403228759765625e+02 4.720000076293945312e+02 2.524051856994628906e+02
3.830500030517578125e+02 4.720000076293945312e+02 2.529999923706054688e+02
3.826096725463867188e+02 4.720000076293945312e+02 2.536421394348144531e+02
3.825489425659179688e+02 4.729999923706054688e+02 2.535648918151855469e+02
3.822197723388671875e+02 4.720000076293945312e+02 2.541421318054199219e+02
3.826506423950195312e+02 4.709999847412109375e+02 2.536899757385253906e+02
3.822491836547851562e+02 4.709999847412109375e+02 2.541899871826171875e+02
3.826707839965820312e+02 4.700000000000000000e+02 2.537111854553222656e+02
3.826710891723632812e+02 4.689999771118164062e+02 2.537094688415527344e+02
3.831708145141601562e+02 4.700000000000000000e+02 2.530149269104003906e+02
3.822610855102539062e+02 4.700000000000000000e+02 2.542111778259277344e+02
3.822574234008789062e+02 4.689999771118164062e+02 2.542094612121582031e+02
3.817610549926757812e+02 4.700000000000000000e+02 2.548013496398925781e+02
3.817491531372070312e+02 4.709999847412109375e+02 2.547901535034179688e+02
3.817573928833007812e+02 4.689999771118164062e+02 2.547961616516113281e+02
3.817417526245117188e+02 4.679999923706054688e+02 2.547778892517089844e+02
3.817051315307617188e+02 4.670000076293945312e+02 2.547349929809570312e+02
3.822417831420898438e+02 4.679999923706054688e+02 2.541893959045410156e+02
3.822051239013671875e+02 4.670000076293945312e+02 2.541426467895507812e+02
3.826541900634765625e+02 4.679999923706054688e+02 2.536894035339355469e+02
3.826153182983398438e+02 4.670000076293945312e+02 2.536426544189453125e+02
3.832184219360351562e+02 4.680019760131835938e+02 2.529070091247558594e+02
3.830814361572265625e+02 4.670000076293945312e+02 2.529999923706054688e+02
3.834917831420898438e+02 4.676699447631835938e+02 2.524873352050781250e+02
3.831710815429687500e+02 4.689999771118164062e+02 2.530203819274902344e+02
3.835079193115234375e+02 4.683366012573242188e+02 2.525116920471191406e+02
3.837597274780273438e+02 4.680019760131835938e+02 2.520923995971679688e+02
3.835137557983398438e+02 4.689999771118164062e+02 2.525203704833984375e+02
3.837793731689453125e+02 4.670000076293945312e+02 2.519470787048339844e+02
3.837214660644531250e+02 4.659999847412109375e+02 2.518587112426757812e+02
3.842793655395507812e+02 4.670000076293945312e+02 2.511013031005859375e+02
3.834661102294921875e+02 4.670000076293945312e+02 2.524470710754394531e+02
3.834107589721679688e+02 4.659999847412109375e+02 2.523587226867675781e+02
3.829644012451171875e+02 4.659999847412109375e+02 2.529999923706054688e+02
3.833338165283203125e+02 4.650000000000000000e+02 2.522321891784667969e+02
3.832786560058593750e+02 4.639317703247070312e+02 2.519640350341796875e+02
3.827739334106445312e+02 4.650613784790039062e+02 2.530617904663085938e+02
3.836420059204101562e+02 4.650000000000000000e+02 2.517321968078613281e+02
3.835646820068359375e+02 4.642196273803710938e+02 2.516067123413085938e+02
3.840578460693359375e+02 4.650000000000000000e+02 2.509999847412109375e+02
3.837899780273437500e+02 4.639317703247070312e+02 2.510869216918945312e+02
3.844158554077148438e+02 4.650000000000000000e+02 2.503124237060546875e+02
3.842615890502929688e+02 4.660100936889648438e+02 2.509231758117675781e+02
3.844739913940429688e+02 4.656834793090820312e+02 2.504425239562988281e+02
3.845212936401367188e+02 4.663501358032226562e+02 2.505386543273925781e+02
3.845558547973632812e+02 4.670000076293945312e+02 2.506013107299804688e+02
3.846387481689453125e+02 4.650000000000000000e+02 2.498124313354492188e+02
3.843413925170898438e+02 4.639412307739257812e+02 2.499844169616699219e+02
3.840923309326171875e+02 4.629999923706054688e+02 2.500000000000000000e+02
3.844836807250976562e+02 4.635687637329101562e+02 2.494586944580078125e+02
3.845624923706054688e+02 4.642354202270507812e+02 2.496406936645507812e+02
3.847191238403320312e+02 4.639412307739257812e+02 2.490752029418945312e+02
3.845977783203125000e+02 4.629999923706054688e+02 2.487528228759765625e+02
3.851034164428710938e+02 4.639999771118164062e+02 2.479999923706054688e+02
3.848395538330078125e+02 4.629999923706054688e+02 2.479999923706054688e+02
3.853752899169921875e+02 4.640028762817382812e+02 2.469986343383789062e+02
3.854568862915039062e+02 4.636714935302734375e+02 2.462701416015625000e+02
3.855407714843750000e+02 4.643381500244140625e+02 2.466644096374511719e+02
3.854581832885742188e+02 4.647193527221679688e+02 2.473310661315917969e+02
3.850999450683593750e+02 4.629999923706054688e+02 2.469999885559082031e+02
3.853327941894531250e+02 4.630644226074218750e+02 2.459620857238769531e+02
3.847231674194335938e+02 4.619097518920898438e+02 2.470852088928222656e+02
3.845726394653320312e+02 4.613280105590820312e+02 2.468086814880371094e+02
3.849754714965820312e+02 4.620000076293945312e+02 2.459999847412109375e+02
3.844941329956054688e+02 4.615162658691406250e+02 2.474753570556640625e+02
3.845969390869140625e+02 4.622256851196289062e+02 2.479999923706054688e+02
3.844204711914062500e+02 4.617256546020507812e+02 2.479999923706054688e+02
3.845172500610351562e+02 4.624512863159179688e+02 2.485450553894042969e+02
3.842387008666992188e+02 4.620707702636718750e+02 2.489270401000976562e+02
3.837458038330078125e+02 4.619633483886718750e+02 2.500502395629882812e+02
3.844049453735351562e+02 4.629999923706054688e+02 2.492528152465820312e+02
3.837646865844726562e+02 4.609386444091796875e+02 2.490588188171386719e+02
3.835996246337890625e+02 4.602884674072265625e+02 2.487647056579589844e+02
3.841389465332031250e+02 4.609999847412109375e+02 2.479999923706054688e+02
3.836083984375000000e+02 4.612310791015625000e+02 2.497504043579101562e+02
3.834737014770507812e+02 4.605643844604492188e+02 2.494313812255859375e+02
3.833391952514648438e+02 4.599730682373046875e+02 2.490588188171386719e+02
3.833594512939453125e+02 4.609386444091796875e+02 2.500502395629882812e+02
3.828431701660156250e+02 4.609381866455078125e+02 2.510719680786132812e+02
3.834633636474609375e+02 4.616055679321289062e+02 2.504170799255371094e+02
3.828713226318359375e+02 4.599003219604492188e+02 2.500996398925781250e+02
3.824997329711914062e+02 4.595005416870117188e+02 2.504994010925292969e+02
3.826498031616210938e+02 4.592321395874023438e+02 2.498327445983886719e+02
3.826620483398437500e+02 4.601671981811523438e+02 2.507866096496582031e+02
3.823678207397460938e+02 4.599003219604492188e+02 2.510719680786132812e+02
3.818691253662109375e+02 4.589586257934570312e+02 2.510416793823242188e+02
3.818212509155273438e+02 4.599979019165039062e+02 2.520251655578613281e+02
3.824726867675781250e+02 4.605636596679687500e+02 2.514532852172851562e+02
3.822769546508789062e+02 4.609381866455078125e+02 2.520075798034667969e+02
3.817416763305664062e+02 4.609999847412109375e+02 2.528167915344238281e+02
3.824001693725585938e+02 4.617794799804687500e+02 2.523459815979003906e+02
3.826131820678710938e+02 4.612303161621093750e+02 2.516793251037597656e+02
3.827152633666992188e+02 4.620676803588867188e+02 2.520075798034667969e+02
3.832817077636718750e+02 4.619633483886718750e+02 2.509852600097656250e+02
3.825193023681640625e+02 4.624461364746093750e+02 2.525264930725097656e+02
3.830121612548828125e+02 4.629999923706054688e+02 2.519999885559082031e+02
3.826016998291015625e+02 4.629999923706054688e+02 2.526398468017578125e+02
3.834104537963867188e+02 4.629999923706054688e+02 2.513402175903320312e+02
3.834876632690429688e+02 4.635529708862304688e+02 2.514781951904296875e+02
3.836873626708984375e+02 4.629999923706054688e+02 2.508402252197265625e+02
3.835783386230468750e+02 4.622722244262695312e+02 2.506420898437500000e+02
3.827325820922851562e+02 4.639999771118164062e+02 2.528222274780273438e+02
3.822322082519531250e+02 4.629999923706054688e+02 2.531398582458496094e+02
3.820029449462890625e+02 4.619993972778320312e+02 2.530004501342773438e+02
3.817322158813476562e+02 4.629999923706054688e+02 2.537831878662109375e+02
3.823674774169921875e+02 4.639999771118164062e+02 2.533222389221191406e+02
3.818025588989257812e+02 4.640668869018554688e+02 2.540493202209472656e+02
3.824527359008789062e+02 4.647689437866210938e+02 2.534363365173339844e+02
3.821233749389648438e+02 4.650613784790039062e+02 2.539085578918457031e+02
3.815646743774414062e+02 4.650000000000000000e+02 2.545736312866210938e+02
3.821440505981445312e+02 4.659999847412109375e+02 2.540665245056152344e+02
3.825114822387695312e+02 4.654356002807617188e+02 2.535142707824707031e+02
3.825535964965820312e+02 4.659999847412109375e+02 2.535665321350097656e+02
3.816440200805664062e+02 4.659999847412109375e+02 2.546640586853027344e+02
3.811939239501953125e+02 4.659999847412109375e+02 2.551640701293945312e+02
3.811128234863281250e+02 4.650000000000000000e+02 2.550736236572265625e+02
3.806939315795898438e+02 4.659999847412109375e+02 2.557010078430175781e+02
3.812598419189453125e+02 4.670000076293945312e+02 2.552349853515625000e+02
3.806128311157226562e+02 4.650000000000000000e+02 2.556171226501464844e+02
3.805465698242187500e+02 4.643315124511718750e+02 2.555486488342285156e+02
3.801204681396484375e+02 4.650000000000000000e+02 2.561171150207519531e+02
3.796204376220703125e+02 4.650000000000000000e+02 2.566158676147460938e+02
3.800025939941406250e+02 4.639955520629882812e+02 2.560019302368164062e+02
3.794525146484375000e+02 4.636596298217773438e+02 2.564552116394042969e+02
3.798528289794921875e+02 4.629999923706054688e+02 2.558525085449218750e+02
3.804545593261718750e+02 4.636648559570312500e+02 2.554524421691894531e+02
3.795505905151367188e+02 4.643262863159179688e+02 2.565481376647949219e+02
3.789836883544921875e+02 4.640554046630859375e+02 2.569864845275878906e+02
3.788430404663085938e+02 4.629999923706054688e+02 2.568088912963867188e+02
3.785148620605468750e+02 4.644511413574218750e+02 2.575130653381347656e+02
3.790750885009765625e+02 4.650000000000000000e+02 2.571158790588378906e+02
3.784128189086914062e+02 4.637844848632812500e+02 2.574248313903808594e+02
3.782762145996093750e+02 4.629999923706054688e+02 2.573088836669921875e+02
3.780476760864257812e+02 4.640707015991210938e+02 2.578087806701660156e+02
3.779200744628906250e+02 4.650170898437500000e+02 2.581303405761718750e+02
3.777762222290039062e+02 4.629999923706054688e+02 2.577321243286132812e+02
3.773370742797851562e+02 4.639999771118164062e+02 2.583761596679687500e+02
3.771435546875000000e+02 4.629999923706054688e+02 2.582321166992187500e+02
3.768370819091796875e+02 4.639999771118164062e+02 2.587503814697265625e+02
3.774486923217773438e+02 4.646951675415039062e+02 2.584607887268066406e+02
3.770692062377929688e+02 4.650170898437500000e+02 2.588115310668945312e+02
3.769070434570312500e+02 4.660707473754882812e+02 2.591365051269531250e+02
3.775334548950195312e+02 4.653618621826171875e+02 2.585280227661132812e+02
3.763092803955078125e+02 4.650000000000000000e+02 2.593684005737304688e+02
3.761334609985351562e+02 4.639999771118164062e+02 2.592503738403320312e+02
3.758092880249023438e+02 4.650000000000000000e+02 2.597090148925781250e+02
3.764258193969726562e+02 4.657845687866210938e+02 2.594481658935546875e+02
3.760554885864257812e+02 4.660707473754882812e+02 2.597538185119628906e+02
3.751784133911132812e+02 4.659999847412109375e+02 2.603105354309082031e+02
3.759999847412109375e+02 4.670000076293945312e+02 2.599394416809082031e+02
3.765117263793945312e+02 4.664512252807617188e+02 2.595089721679687500e+02
3.765610504150390625e+02 4.670000076293945312e+02 2.595469856262207031e+02
3.753181076049804688e+02 4.670000076293945312e+02 2.603924369812011719e+02
3.748181152343750000e+02 4.670000076293945312e+02 2.606824493408203125e+02
3.746784210205078125e+02 4.659999847412109375e+02 2.606033134460449219e+02
3.749193954467773438e+02 4.679999923706054688e+02 2.607386398315429688e+02
3.739999771118164062e+02 4.670000076293945312e+02 2.611211967468261719e+02
3.733588409423828125e+02 4.670000076293945312e+02 2.614387512207031250e+02
3.739999771118164062e+02 4.659999847412109375e+02 2.609643745422363281e+02
3.739154052734375000e+02 4.680192947387695312e+02 2.612792205810546875e+02
3.734550857543945312e+02 4.676988601684570312e+02 2.614805221557617188e+02
3.735256576538085938e+02 4.683655166625976562e+02 2.615132141113281250e+02
3.730730438232421875e+02 4.680192947387695312e+02 2.616746711730957031e+02
3.728588485717773438e+02 4.670000076293945312e+02 2.616538810729980469e+02
3.729999923706054688e+02 4.689999771118164062e+02 2.617651557922363281e+02
3.720000076293945312e+02 4.679999923706054688e+02 2.620958137512207031e+02
3.711363983154296875e+02 4.679999923706054688e+02 2.623873710632324219e+02
3.720000076293945312e+02 4.670000076293945312e+02 2.619951820373535156e+02
3.720000076293945312e+02 4.689999771118164062e+02 2.621513938903808594e+02
3.712178802490234375e+02 4.689999771118164062e+02 2.624127197265625000e+02
3.707178878784179688e+02 4.689999771118164062e+02 2.625672340393066406e+02
3.700000000000000000e+02 4.689999771118164062e+02 2.627663612365722656e+02
3.706364059448242188e+02 4.679999923706054688e+02 2.625422096252441406e+02
3.707178878784179688e+02 4.700000000000000000e+02 2.625672340393066406e+02
3.700000000000000000e+02 4.700000000000000000e+02 2.627646827697753906e+02
3.700000000000000000e+02 4.709999847412109375e+02 2.627298736572265625e+02
3.689999771118164062e+02 4.700000000000000000e+02 2.630179405212402344e+02
3.689999771118164062e+02 4.689999771118164062e+02 2.630219268798828125e+02
3.689999771118164062e+02 4.709999847412109375e+02 2.629765701293945312e+02
3.679999923706054688e+02 4.700000000000000000e+02 2.632587432861328125e+02
3.679999923706054688e+02 4.689999771118164062e+02 2.632674980163574219e+02
3.669449996948242188e+02 4.700251770019531250e+02 2.634470367431640625e+02
3.679999923706054688e+02 4.709999847412109375e+02 2.632016563415527344e+02
3.679999923706054688e+02 4.720000076293945312e+02 2.631047439575195312e+02
3.670000076293945312e+02 4.709999847412109375e+02 2.633686447143554688e+02
3.670000076293945312e+02 4.720000076293945312e+02 2.632539558410644531e+02
3.660521316528320312e+02 4.709883499145507812e+02 2.634567832946777344e+02
3.650000000000000000e+02 4.712300872802734375e+02 2.634653663635253906e+02
3.664202499389648438e+02 4.703752899169921875e+02 2.634940719604492188e+02
3.657535552978515625e+02 4.706472778320312500e+02 2.635189247131347656e+02
3.659999847412109375e+02 4.720000076293945312e+02 2.633286476135253906e+02
3.659999847412109375e+02 4.729999923706054688e+02 2.631441879272460938e+02
3.650000000000000000e+02 4.720000076293945312e+02 2.633511352539062500e+02
3.639999771118164062e+02 4.720000076293945312e+02 2.633228874206542969e+02
3.650000000000000000e+02 4.729999923706054688e+02 2.631547737121582031e+02
3.639999771118164062e+02 4.729999923706054688e+02 2.631242942810058594e+02
3.639999771118164062e+02 4.739999771118164062e+02 2.628896141052246094e+02
3.629999923706054688e+02 4.729999923706054688e+02 2.630435943603515625e+02
3.620000076293945312e+02 4.729999923706054688e+02 2.628990173339843750e+02
3.629999923706054688e+02 4.720000076293945312e+02 2.632400512695312500e+02
3.629999923706054688e+02 4.739999771118164062e+02 2.628072738647460938e+02
3.629999923706054688e+02 4.748062896728515625e+02 2.625914001464843750e+02
3.619565963745117188e+02 4.740595626831054688e+02 2.626412582397460938e+02
3.615943145751953125e+02 4.744326400756835938e+02 2.624831199645996094e+02
3.622610092163085938e+02 4.746351623535156250e+02 2.625425720214843750e+02
3.612017059326171875e+02 4.737659454345703125e+02 2.625660705566406250e+02
3.609210205078125000e+02 4.730780410766601562e+02 2.626605415344238281e+02
3.609210205078125000e+02 4.740595626831054688e+02 2.624308013916015625e+02
3.605350494384765625e+02 4.734634017944335938e+02 2.624921798706054688e+02
3.609999847412109375e+02 4.750000000000000000e+02 2.621811866760253906e+02
3.600000000000000000e+02 4.739999771118164062e+02 2.622183990478515625e+02
3.599565505981445312e+02 4.730780410766601562e+02 2.624224281311035156e+02
3.600000000000000000e+02 4.750000000000000000e+02 2.619334411621093750e+02
3.589999771118164062e+02 4.739999771118164062e+02 2.619328117370605469e+02
3.580167007446289062e+02 4.739428710937500000e+02 2.616239738464355469e+02
3.589999771118164062e+02 4.729999923706054688e+02 2.621667861938476562e+02
3.579999923706054688e+02 4.729999923706054688e+02 2.618419456481933594e+02
3.590382766723632812e+02 4.720135879516601562e+02 2.623648262023925781e+02
3.587591934204101562e+02 4.709999847412109375e+02 2.624173164367675781e+02
3.593971252441406250e+02 4.716893005371093750e+02 2.625328254699707031e+02
3.595942687988281250e+02 4.723559951782226562e+02 2.624750137329101562e+02
3.579999923706054688e+02 4.720000076293945312e+02 2.620302200317382812e+02
3.579999923706054688e+02 4.709999847412109375e+02 2.621684837341308594e+02
3.569623184204101562e+02 4.719401931762695312e+02 2.616507911682128906e+02
3.564761352539062500e+02 4.715669631958007812e+02 2.615107345581054688e+02
3.570000076293945312e+02 4.709999847412109375e+02 2.617940521240234375e+02
3.566038513183593750e+02 4.722336196899414062e+02 2.614576721191406250e+02
3.572920989990234375e+02 4.729999923706054688e+02 2.615840530395507812e+02
3.567920684814453125e+02 4.729999923706054688e+02 2.613829231262207031e+02
3.574522781372070312e+02 4.735714340209960938e+02 2.615191841125488281e+02
3.559999847412109375e+02 4.729999923706054688e+02 2.610483360290527344e+02
3.560856628417968750e+02 4.719401931762695312e+02 2.612791633605957031e+02
3.551441192626953125e+02 4.729999923706054688e+02 2.606653976440429688e+02
3.549129104614257812e+02 4.720576095581054688e+02 2.607273483276367188e+02
3.546441268920898438e+02 4.729999923706054688e+02 2.604326438903808594e+02
3.553372955322265625e+02 4.737774658203125000e+02 2.605752944946289062e+02
3.550023651123046875e+02 4.740664672851562500e+02 2.603395843505859375e+02
3.539197158813476562e+02 4.740619659423828125e+02 2.597942352294921875e+02
3.533733367919921875e+02 4.737699508666992188e+02 2.595757293701171875e+02
3.539999771118164062e+02 4.729999923706054688e+02 2.600969886779785156e+02
3.535329055786132812e+02 4.744366455078125000e+02 2.594820213317871094e+02
3.542061614990234375e+02 4.750000000000000000e+02 2.596577835083007812e+02
3.530239868164062500e+02 4.740619659423828125e+02 2.592826080322265625e+02
3.521414566040039062e+02 4.739999771118164062e+02 2.587417411804199219e+02
3.527259063720703125e+02 4.729999923706054688e+02 2.593627357482910156e+02
3.519139862060546875e+02 4.730559158325195312e+02 2.588242149353027344e+02
3.525817871093750000e+02 4.720000076293945312e+02 2.594499588012695312e+02
3.532258987426757812e+02 4.729999923706054688e+02 2.596643447875976562e+02
3.530817794799804688e+02 4.720000076293945312e+02 2.597495269775390625e+02
3.540580749511718750e+02 4.720576095581054688e+02 2.602934646606445312e+02
3.529087066650390625e+02 4.710319900512695312e+02 2.597541046142578125e+02
3.529999923706054688e+02 4.700000000000000000e+02 2.598764801025390625e+02
3.525145339965820312e+02 4.713866806030273438e+02 2.594911766052246094e+02
3.538541412353515625e+02 4.709999847412109375e+02 2.603047561645507812e+02
3.524726867675781250e+02 4.707200241088867188e+02 2.595171356201171875e+02
3.524413681030273438e+02 4.700000000000000000e+02 2.595368957519531250e+02
3.520836257934570312e+02 4.710319900512695312e+02 2.592454528808593750e+02
3.512464904785156250e+02 4.709999847412109375e+02 2.586884498596191406e+02
3.519413757324218750e+02 4.700000000000000000e+02 2.592206573486328125e+02
3.520000076293945312e+02 4.720000076293945312e+02 2.590758514404296875e+02
3.513310623168945312e+02 4.720000076293945312e+02 2.586258888244628906e+02
3.508310317993164062e+02 4.720000076293945312e+02 2.582450675964355469e+02
3.514247131347656250e+02 4.727598953247070312e+02 2.585567283630371094e+02
3.510548400878906250e+02 4.730559158325195312e+02 2.582053375244140625e+02
3.509330749511718750e+02 4.740131759643554688e+02 2.578566360473632812e+02
3.515232849121093750e+02 4.734265518188476562e+02 2.584838867187500000e+02
3.503309249877929688e+02 4.729999923706054688e+02 2.576437568664550781e+02
3.502079010009765625e+02 4.720000076293945312e+02 2.577450752258300781e+02
3.498308944702148438e+02 4.729999923706054688e+02 2.572019767761230469e+02
3.504314804077148438e+02 4.736886215209960938e+02 2.575586318969726562e+02
3.499747085571289062e+02 4.740684127807617188e+02 2.570240020751953125e+02
3.494045257568359375e+02 4.737815856933593750e+02 2.565934944152832031e+02
3.495179748535156250e+02 4.744482421875000000e+02 2.564823150634765625e+02
3.501325607299804688e+02 4.750000000000000000e+02 2.568363761901855469e+02
3.505551528930664062e+02 4.743552780151367188e+02 2.574544906616210938e+02
3.506969833374023438e+02 4.750000000000000000e+02 2.573363685607910156e+02
3.511969757080078125e+02 4.750000000000000000e+02 2.577388572692871094e+02
3.510244750976562500e+02 4.760431289672851562e+02 2.571772766113281250e+02
3.503618621826171875e+02 4.759999847412109375e+02 2.566271972656250000e+02
3.513741302490234375e+02 4.757385635375976562e+02 2.575999641418457031e+02
3.510161972045898438e+02 4.769096755981445312e+02 2.567535781860351562e+02
3.515549468994140625e+02 4.764052581787109375e+02 2.574592208862304688e+02
3.520274734497070312e+02 4.759526443481445312e+02 2.579817771911621094e+02
3.517535400390625000e+02 4.770000076293945312e+02 2.573102760314941406e+02
3.520275878906250000e+02 4.779636001586914062e+02 2.569822502136230469e+02
3.513603210449218750e+02 4.776971817016601562e+02 2.566211509704589844e+02
3.516054153442382812e+02 4.783638381958007812e+02 2.564115524291992188e+02
3.524497604370117188e+02 4.775633621215820312e+02 2.575361061096191406e+02
3.522721099853515625e+02 4.787694168090820312e+02 2.566766738891601562e+02
3.527272415161132812e+02 4.782300186157226562e+02 2.573433494567871094e+02
3.529758453369140625e+02 4.790254974365234375e+02 2.570199966430664062e+02
3.525577926635742188e+02 4.794360733032226562e+02 2.564549255371093750e+02
3.533938980102539062e+02 4.786149597167968750e+02 2.575703239440917969e+02
3.532244491577148438e+02 4.797715759277343750e+02 2.566966438293457031e+02
3.537244796752929688e+02 4.792816162109375000e+02 2.573633003234863281e+02
3.529346847534179688e+02 4.800629425048828125e+02 2.562504768371582031e+02
3.520923233032226562e+02 4.799006652832031250e+02 2.556804084777832031e+02
3.524872207641601562e+02 4.805124282836914062e+02 2.555114364624023438e+02
3.514989471435546875e+02 4.795011520385742188e+02 2.555009841918945312e+02
3.519632720947265625e+02 4.790616607666015625e+02 2.562204742431640625e+02
3.518205261230468750e+02 4.801678085327148438e+02 2.551902198791503906e+02
3.513064956665039062e+02 4.789999771118164062e+02 2.556844139099121094e+02
3.509683609008789062e+02 4.780437469482421875e+02 2.560316658020019531e+02
3.506936645507812500e+02 4.771828079223632812e+02 2.563184547424316406e+02
3.503514862060546875e+02 4.777236557006835938e+02 2.556517791748046875e+02
3.505763626098632812e+02 4.783903503417968750e+02 2.554202651977539062e+02
3.500876235961914062e+02 4.768475723266601562e+02 2.559130096435546875e+02
3.494930648803710938e+02 4.765123367309570312e+02 2.555075645446777344e+02
3.498618698120117188e+02 4.759999847412109375e+02 2.561378860473632812e+02
3.496848297119140625e+02 4.771789932250976562e+02 2.552914047241210938e+02
3.504904174804687500e+02 4.765161514282226562e+02 2.565089225769042969e+02
3.493713378906250000e+02 4.759999847412109375e+02 2.556378746032714844e+02
3.496325683593750000e+02 4.750000000000000000e+02 2.563689422607421875e+02
3.491551589965820312e+02 4.750000000000000000e+02 2.558689308166503906e+02
3.489713287353515625e+02 4.740815353393554688e+02 2.560304450988769531e+02
3.486551666259765625e+02 4.750000000000000000e+02 2.553125000000000000e+02
3.485381698608398438e+02 4.743814849853515625e+02 2.554542922973632812e+02
3.481239318847656250e+02 4.740288925170898438e+02 2.550725746154785156e+02
3.477720642089843750e+02 4.730917739868164062e+02 2.549604797363281250e+02
3.484316253662109375e+02 4.737147903442382812e+02 2.555785942077636719e+02
3.483375930786132812e+02 4.729999923706054688e+02 2.556864738464355469e+02
3.487927627563476562e+02 4.729999923706054688e+02 2.561864852905273438e+02
3.482278060913085938e+02 4.720000076293945312e+02 2.558134078979492188e+02
3.481536483764648438e+02 4.709999847412109375e+02 2.559003829956054688e+02
3.477278137207031250e+02 4.720000076293945312e+02 2.552133941650390625e+02
3.486742401123046875e+02 4.720000076293945312e+02 2.563134002685546875e+02
3.485929107666015625e+02 4.709999847412109375e+02 2.564003944396972656e+02
3.491742706298828125e+02 4.720000076293945312e+02 2.568152618408203125e+02
3.490929031372070312e+02 4.709999847412109375e+02 2.568921089172363281e+02
3.497079086303710938e+02 4.720000076293945312e+02 2.573152732849121094e+02
3.492927551269531250e+02 4.729999923706054688e+02 2.567019653320312500e+02
3.496230697631835938e+02 4.709999847412109375e+02 2.573921012878417969e+02
3.495857620239257812e+02 4.700000000000000000e+02 2.574254226684570312e+02
3.501230621337890625e+02 4.709999847412109375e+02 2.578122520446777344e+02
3.507464599609375000e+02 4.709999847412109375e+02 2.583122634887695312e+02
3.500857543945312500e+02 4.700000000000000000e+02 2.578420829772949219e+02
3.500774002075195312e+02 4.689999771118164062e+02 2.578513145446777344e+02
3.507059860229492188e+02 4.700000000000000000e+02 2.583420944213867188e+02
3.506916427612304688e+02 4.689999771118164062e+02 2.583513259887695312e+02
3.512059783935546875e+02 4.700000000000000000e+02 2.587206649780273438e+02
3.511916351318359375e+02 4.689999771118164062e+02 2.587340164184570312e+02
3.512063217163085938e+02 4.679999923706054688e+02 2.587239837646484375e+02
3.519169998168945312e+02 4.689999771118164062e+02 2.592340278625488281e+02
3.519270706176757812e+02 4.679999923706054688e+02 2.592239761352539062e+02
3.524169921875000000e+02 4.689999771118164062e+02 2.595524597167968750e+02
3.524271011352539062e+02 4.679999923706054688e+02 2.595464897155761719e+02
3.529999923706054688e+02 4.689999771118164062e+02 2.599130249023437500e+02
3.529999923706054688e+02 4.679999923706054688e+02 2.599024963378906250e+02
3.537483978271484375e+02 4.689999771118164062e+02 2.603605651855468750e+02
3.542483901977539062e+02 4.689999771118164062e+02 2.606389236450195312e+02
3.537870788574218750e+02 4.700000000000000000e+02 2.603395843505859375e+02
3.537569427490234375e+02 4.679999923706054688e+02 2.603560066223144531e+02
3.538118362426757812e+02 4.670000076293945312e+02 2.603256416320800781e+02
3.542569732666015625e+02 4.679999923706054688e+02 2.606341361999511719e+02
3.550000000000000000e+02 4.679999923706054688e+02 2.610107421875000000e+02
3.543118667602539062e+02 4.670000076293945312e+02 2.606040573120117188e+02
3.544073104858398438e+02 4.659999847412109375e+02 2.605514907836914062e+02
3.550000000000000000e+02 4.670000076293945312e+02 2.609519958496093750e+02
3.550000000000000000e+02 4.659999847412109375e+02 2.608486366271972656e+02
3.558422851562500000e+02 4.670000076293945312e+02 2.613479232788085938e+02
3.560525512695312500e+02 4.659488296508789062e+02 2.613308715820312500e+02
3.563422775268554688e+02 4.670000076293945312e+02 2.615705680847167969e+02
3.557767486572265625e+02 4.679999923706054688e+02 2.613765907287597656e+02
3.562767791748046875e+02 4.679999923706054688e+02 2.615999984741210938e+02
3.557648849487304688e+02 4.689999771118164062e+02 2.613809204101562500e+02
3.562649154663085938e+02 4.689999771118164062e+02 2.616060447692871094e+02
3.558133316040039062e+02 4.700000000000000000e+02 2.613581848144531250e+02
3.550000000000000000e+02 4.689999771118164062e+02 2.610198593139648438e+02
3.550000000000000000e+02 4.700000000000000000e+02 2.609757041931152344e+02
3.542870712280273438e+02 4.700000000000000000e+02 2.606175041198730469e+02
3.550000000000000000e+02 4.709999847412109375e+02 2.608982276916503906e+02
3.559056854248046875e+02 4.709999847412109375e+02 2.613181686401367188e+02
3.543541336059570312e+02 4.709999847412109375e+02 2.605800628662109375e+02
3.544301605224609375e+02 4.717627334594726562e+02 2.605380058288574219e+02
3.564057159423828125e+02 4.709999847412109375e+02 2.615428733825683594e+02
3.563133239746093750e+02 4.700000000000000000e+02 2.615849494934082031e+02
3.570000076293945312e+02 4.700000000000000000e+02 2.618808364868164062e+02
3.570000076293945312e+02 4.689999771118164062e+02 2.619225311279296875e+02
3.579999923706054688e+02 4.700000000000000000e+02 2.622534942626953125e+02
3.579999923706054688e+02 4.689999771118164062e+02 2.622916984558105469e+02
3.586327743530273438e+02 4.700000000000000000e+02 2.624575996398925781e+02
3.585780715942382812e+02 4.689999771118164062e+02 2.624752235412597656e+02
3.591327667236328125e+02 4.700000000000000000e+02 2.626158332824707031e+02
3.592592239379882812e+02 4.709999847412109375e+02 2.625764274597167969e+02
3.600000000000000000e+02 4.700000000000000000e+02 2.628549957275390625e+02
3.590780639648437500e+02 4.689999771118164062e+02 2.626316642761230469e+02
3.590930557250976562e+02 4.679999923706054688e+02 2.626260566711425781e+02
3.600000000000000000e+02 4.689999771118164062e+02 2.628817749023437500e+02
3.600000000000000000e+02 4.679999923706054688e+02 2.628688812255859375e+02
3.609999847412109375e+02 4.689999771118164062e+02 2.631222343444824219e+02
3.609999847412109375e+02 4.679999923706054688e+02 2.631039237976074219e+02
3.609999847412109375e+02 4.700000000000000000e+02 2.630976295471191406e+02
3.620000076293945312e+02 4.689999771118164062e+02 2.633374977111816406e+02
3.620000076293945312e+02 4.679999923706054688e+02 2.633090209960937500e+02
3.620000076293945312e+02 4.700000000000000000e+02 2.633117103576660156e+02
3.627698898315429688e+02 4.689999771118164062e+02 2.634653663635253906e+02
3.630116271972656250e+02 4.679478454589843750e+02 2.634547615051269531e+02
3.632699203491210938e+02 4.689999771118164062e+02 2.635297393798828125e+02
3.628678131103515625e+02 4.700000000000000000e+02 2.634532356262207031e+02
3.633678054809570312e+02 4.700000000000000000e+02 2.635171508789062500e+02
3.630899429321289062e+02 4.709100341796875000e+02 2.634059143066406250e+02
3.620000076293945312e+02 4.709999847412109375e+02 2.632313537597656250e+02
3.634832382202148438e+02 4.705167770385742188e+02 2.635021400451660156e+02
3.639999771118164062e+02 4.711322021484375000e+02 2.634532356262207031e+02
3.639999771118164062e+02 4.706321716308593750e+02 2.635171508789062500e+02
3.650000000000000000e+02 4.707300949096679688e+02 2.635297393798828125e+02
3.639999771118164062e+02 4.700000000000000000e+02 2.635631752014160156e+02
3.639999771118164062e+02 4.689999771118164062e+02 2.635888290405273438e+02
3.650000000000000000e+02 4.700000000000000000e+02 2.635888290405273438e+02
3.650000000000000000e+02 4.689999771118164062e+02 2.636141967773437500e+02
3.660521316528320312e+02 4.700251770019531250e+02 2.635402297973632812e+02
3.659999847412109375e+02 4.689999771118164062e+02 2.635679626464843750e+02
3.665750503540039062e+02 4.697086334228515625e+02 2.635099792480468750e+02
3.665941238403320312e+02 4.689999771118164062e+02 2.635128593444824219e+02
3.665504837036132812e+02 4.684144210815429688e+02 2.635071754455566406e+02
3.670941543579101562e+02 4.689999771118164062e+02 2.634446907043457031e+02
3.669302749633789062e+02 4.680486679077148438e+02 2.634234237670898438e+02
3.679999923706054688e+02 4.679999923706054688e+02 2.632208442687988281e+02
3.662522125244140625e+02 4.677477645874023438e+02 2.634793663024902344e+02
3.670000076293945312e+02 4.670000076293945312e+02 2.633079338073730469e+02
3.659513092041015625e+02 4.670673751831054688e+02 2.634282112121582031e+02
3.670000076293945312e+02 4.659999847412109375e+02 2.631653594970703125e+02
3.679999923706054688e+02 4.670000076293945312e+02 2.631307220458984375e+02
3.689999771118164062e+02 4.670000076293945312e+02 2.629012680053710938e+02
3.679999923706054688e+02 4.659999847412109375e+02 2.629983329772949219e+02
3.679999923706054688e+02 4.650000000000000000e+02 2.628213500976562500e+02
3.689999771118164062e+02 4.659999847412109375e+02 2.627773284912109375e+02
3.690109252929687500e+02 4.650120162963867188e+02 2.626057815551757812e+02
3.697755432128906250e+02 4.659999847412109375e+02 2.625796508789062500e+02
3.695921707153320312e+02 4.653533554077148438e+02 2.625272941589355469e+02
3.702755355834960938e+02 4.659999847412109375e+02 2.624340248107910156e+02
3.700651168823242188e+02 4.670044708251953125e+02 2.626219558715820312e+02
3.704418945312500000e+02 4.666741561889648438e+02 2.624832153320312500e+02
3.700000000000000000e+02 4.679999923706054688e+02 2.627211761474609375e+02
3.705492019653320312e+02 4.673408126831054688e+02 2.625153732299804688e+02
3.709295272827148438e+02 4.670044708251953125e+02 2.623629570007324219e+02
3.709999847412109375e+02 4.659999847412109375e+02 2.622087669372558594e+02
3.709999847412109375e+02 4.650000000000000000e+02 2.620317459106445312e+02
3.720000076293945312e+02 4.659999847412109375e+02 2.618528175354003906e+02
3.720316314697265625e+02 4.650368499755859375e+02 2.616618537902832031e+02
3.726805496215820312e+02 4.659999847412109375e+02 2.615780639648437500e+02
3.725506591796875000e+02 4.653947448730468750e+02 2.615221595764160156e+02
3.731805419921875000e+02 4.659999847412109375e+02 2.613610458374023438e+02
3.729303741455078125e+02 4.650368499755859375e+02 2.612806510925292969e+02
3.723860931396484375e+02 4.647280883789062500e+02 2.614521980285644531e+02
3.729999923706054688e+02 4.639999771118164062e+02 2.610133552551269531e+02
3.740602493286132812e+02 4.649963760375976562e+02 2.607319068908691406e+02
3.744337844848632812e+02 4.646606445312500000e+02 2.604649353027343750e+02
3.745648574829101562e+02 4.653273391723632812e+02 2.605376243591308594e+02
3.737815475463867188e+02 4.639999771118164062e+02 2.606461906433105469e+02
3.736082839965820312e+02 4.633164596557617188e+02 2.605562973022460938e+02
3.742815399169921875e+02 4.639999771118164062e+02 2.603851699829101562e+02
3.739649581909179688e+02 4.629898834228515625e+02 2.602705383300781250e+02
3.750000000000000000e+02 4.639999771118164062e+02 2.599748229980468750e+02
3.750143814086914062e+02 4.630684280395507812e+02 2.597081947326660156e+02
3.756334686279296875e+02 4.639999771118164062e+02 2.595896339416503906e+02
3.749389266967773438e+02 4.649963760375976562e+02 2.602461624145507812e+02
3.755247497558593750e+02 4.634473800659179688e+02 2.595165443420410156e+02
3.759148406982421875e+02 4.630684280395507812e+02 2.591324806213378906e+02
3.753573226928710938e+02 4.627807235717773438e+02 2.594122505187988281e+02
3.760031509399414062e+02 4.620730972290039062e+02 2.587288856506347656e+02
3.766435623168945312e+02 4.629999923706054688e+02 2.586063957214355469e+02
3.765240478515625000e+02 4.624551391601562500e+02 2.585177421569824219e+02
3.769907760620117188e+02 4.620180892944335938e+02 2.579944038391113281e+02
3.767873001098632812e+02 4.609999847412109375e+02 2.577178001403808594e+02
3.774575424194335938e+02 4.615810394287109375e+02 2.574668693542480469e+02
3.776221466064453125e+02 4.622477340698242188e+02 2.576020812988281250e+02
3.763385772705078125e+02 4.617884826660156250e+02 2.583867263793945312e+02
3.760031509399414062e+02 4.609413909912109375e+02 2.582553482055664062e+02
3.760111236572265625e+02 4.600194931030273438e+02 2.578012275695800781e+02
3.756719207763671875e+02 4.612356567382812500e+02 2.586181259155273438e+02
3.754497909545898438e+02 4.605690002441406250e+02 2.584685134887695312e+02
3.752128982543945312e+02 4.600000000000000000e+02 2.583237648010253906e+02
3.750698471069335938e+02 4.609413909912109375e+02 2.588666725158691406e+02
3.747129058837890625e+02 4.600000000000000000e+02 2.586301994323730469e+02
3.742522430419921875e+02 4.609999847412109375e+02 2.593697547912597656e+02
3.750143814086914062e+02 4.619205856323242188e+02 2.593101501464843750e+02
3.744750976562500000e+02 4.615343475341796875e+02 2.594865417480468750e+02
3.746906280517578125e+02 4.622010040283203125e+02 2.596151542663574219e+02
3.740850448608398438e+02 4.619205856323242188e+02 2.598390388488769531e+02
3.730401229858398438e+02 4.619261169433593750e+02 2.603601837158203125e+02
3.737522506713867188e+02 4.609999847412109375e+02 2.596330642700195312e+02
3.735279083251953125e+02 4.604718017578125000e+02 2.595146179199218750e+02
3.729999923706054688e+02 4.609999847412109375e+02 2.599987602233886719e+02
3.729999923706054688e+02 4.602313995361328125e+02 2.596388435363769531e+02
3.720756530761718750e+02 4.609415817260742188e+02 2.603739547729492188e+02
3.720973205566406250e+02 4.599020385742187500e+02 2.598624992370605469e+02
3.714131546020507812e+02 4.605693054199218750e+02 2.604689979553222656e+02
3.717927551269531250e+02 4.612359619140625000e+02 2.606156349182128906e+02
3.724594116210937500e+02 4.615435028076171875e+02 2.604837226867675781e+02
3.720756530761718750e+02 4.619261169433593750e+02 2.607760047912597656e+02
3.709304428100585938e+02 4.620717239379882812e+02 2.612494468688964844e+02
3.719082260131835938e+02 4.630889892578125000e+02 2.612290191650390625e+02
3.727335357666015625e+02 4.622101593017578125e+02 2.606064224243164062e+02
3.730401229858398438e+02 4.629898834228515625e+02 2.607200431823730469e+02
3.734001922607421875e+02 4.626498031616210938e+02 2.604537773132324219e+02
3.712174224853515625e+02 4.628149795532226562e+02 2.614046096801757812e+02
3.715137100219726562e+02 4.634816360473632812e+02 2.615056037902832031e+02
3.721748733520507812e+02 4.639999771118164062e+02 2.613671493530273438e+02
3.716748428344726562e+02 4.639999771118164062e+02 2.615725898742675781e+02
3.709999847412109375e+02 4.639999771118164062e+02 2.618106269836425781e+02
3.709304428100585938e+02 4.630889892578125000e+02 2.615845870971679688e+02
3.700000000000000000e+02 4.639999771118164062e+02 2.621261215209960938e+02
3.690109252929687500e+02 4.639919281005859375e+02 2.623884582519531250e+02
3.700000000000000000e+02 4.629999923706054688e+02 2.618550491333007812e+02
3.699552917480468750e+02 4.650120162963867188e+02 2.623560333251953125e+02
3.693515777587890625e+02 4.646866989135742188e+02 2.624653244018554688e+02
3.700000000000000000e+02 4.622193908691406250e+02 2.616023635864257812e+02
3.689999771118164062e+02 4.629999923706054688e+02 2.621245193481445312e+02
3.679807662963867188e+02 4.630507278442382812e+02 2.623510169982910156e+02
3.690943908691406250e+02 4.619037628173828125e+02 2.617386245727539062e+02
3.679999923706054688e+02 4.620000076293945312e+02 2.620088195800781250e+02
3.688239669799804688e+02 4.613150787353515625e+02 2.615804481506347656e+02
3.694906234741210938e+02 4.615063095092773438e+02 2.614976501464843750e+02
3.690943908691406250e+02 4.609890365600585938e+02 2.613719177246093750e+02
3.700000000000000000e+02 4.617193603515625000e+02 2.614198684692382812e+02
3.700000000000000000e+02 4.609999847412109375e+02 2.611258888244628906e+02
3.699257278442382812e+02 4.599994659423828125e+02 2.606725883483886719e+02
3.710478973388671875e+02 4.609415817260742188e+02 2.607589721679687500e+02
3.707464981079101562e+02 4.603324508666992188e+02 2.605871391296386719e+02
3.710478973388671875e+02 4.599994659423828125e+02 2.603078651428222656e+02
3.702095413208007812e+02 4.596657943725585938e+02 2.604127883911132812e+02
3.709918975830078125e+02 4.589641952514648438e+02 2.597588539123535156e+02
3.706531906127929688e+02 4.584196472167968750e+02 2.595540046691894531e+02
3.713198471069335938e+02 4.586070251464843750e+02 2.594366836547851562e+02
3.718288803100585938e+02 4.592736816406250000e+02 2.596313095092773438e+02
3.699257278442382812e+02 4.590867614746093750e+02 2.601697158813476562e+02
3.689999771118164062e+02 4.588662338256835938e+02 2.602826881408691406e+02
3.700000000000000000e+02 4.582728958129882812e+02 2.596525573730468750e+02
3.695428848266601562e+02 4.594779205322265625e+02 2.605129623413085938e+02
3.689999771118164062e+02 4.593662643432617188e+02 2.605787086486816406e+02
3.689999771118164062e+02 4.600000000000000000e+02 2.609203720092773438e+02
3.679999923706054688e+02 4.591873550415039062e+02 2.606844329833984375e+02
3.669097137451171875e+02 4.589436340332031250e+02 2.607131767272949219e+02
3.679999923706054688e+02 4.586873626708984375e+02 2.603877067565917969e+02
3.679999923706054688e+02 4.600000000000000000e+02 2.611340713500976562e+02
3.670923614501953125e+02 4.600489425659179688e+02 2.613107299804687500e+02
3.679999923706054688e+02 4.606143569946289062e+02 2.614496231079101562e+02
3.674872589111328125e+02 4.605041122436523438e+02 2.614981651306152344e+02
3.679999923706054688e+02 4.611143875122070312e+02 2.616675186157226562e+02
3.670923614501953125e+02 4.609024429321289062e+02 2.617269897460937500e+02
3.668206024169921875e+02 4.604148864746093750e+02 2.615457153320312500e+02
3.670000076293945312e+02 4.620000076293945312e+02 2.621692466735839844e+02
3.659999847412109375e+02 4.609999847412109375e+02 2.618896102905273438e+02
3.650000000000000000e+02 4.609999847412109375e+02 2.619351768493652344e+02
3.659999847412109375e+02 4.603389358520507812e+02 2.615869140625000000e+02
3.659999847412109375e+02 4.620000076293945312e+02 2.622727203369140625e+02
3.650000000000000000e+02 4.620000076293945312e+02 2.623146820068359375e+02
3.659999847412109375e+02 4.626003265380859375e+02 2.624700546264648438e+02
3.659999847412109375e+02 4.631003570556640625e+02 2.626175880432128906e+02
3.670000076293945312e+02 4.627655029296875000e+02 2.624197959899902344e+02
3.650000000000000000e+02 4.625349426269531250e+02 2.624895477294921875e+02
3.639999771118164062e+02 4.625602722167968750e+02 2.624820137023925781e+02
3.650000000000000000e+02 4.630349349975585938e+02 2.626360321044921875e+02
3.639999771118164062e+02 4.630602645874023438e+02 2.626286125183105469e+02
3.650000000000000000e+02 4.639999771118164062e+02 2.628847885131835938e+02
3.639999771118164062e+02 4.639999771118164062e+02 2.628691673278808594e+02
3.659999847412109375e+02 4.639999771118164062e+02 2.628522491455078125e+02
3.650000000000000000e+02 4.650000000000000000e+02 2.631077003479003906e+02
3.639999771118164062e+02 4.650000000000000000e+02 2.630920982360839844e+02
3.650000000000000000e+02 4.659999847412109375e+02 2.633061599731445312e+02
3.659999847412109375e+02 4.650000000000000000e+02 2.630751037597656250e+02
3.659999847412109375e+02 4.659999847412109375e+02 2.632661819458007812e+02
3.670000076293945312e+02 4.650000000000000000e+02 2.629817390441894531e+02
3.670000076293945312e+02 4.639999771118164062e+02 2.627597999572753906e+02
3.679807662963867188e+02 4.639919281005859375e+02 2.626045989990234375e+02
3.670000076293945312e+02 4.632655334472656250e+02 2.625695991516113281e+02
3.676346588134765625e+02 4.634178543090820312e+02 2.625249290466308594e+02
3.683013153076171875e+02 4.636532211303710938e+02 2.624633026123046875e+02
3.686848831176757812e+02 4.643199157714843750e+02 2.625430870056152344e+02
3.639999771118164062e+02 4.659999847412109375e+02 2.632897949218750000e+02
3.650000000000000000e+02 4.669029235839843750e+02 2.634472084045410156e+02
3.650000000000000000e+02 4.674029541015625000e+02 2.635128593444824219e+02
3.639748001098632812e+02 4.670549774169921875e+02 2.634470367431640625e+02
3.629999923706054688e+02 4.670000076293945312e+02 2.633626556396484375e+02
3.636246871948242188e+02 4.675797653198242188e+02 2.634940719604492188e+02
3.642913436889648438e+02 4.674249649047851562e+02 2.635099792480468750e+02
3.639748001098632812e+02 4.679478454589843750e+02 2.635402297973632812e+02
3.650000000000000000e+02 4.679999923706054688e+02 2.635679626464843750e+02
3.633526992797851562e+02 4.682464218139648438e+02 2.635189247131347656e+02
3.659513092041015625e+02 4.680486679077148438e+02 2.635298156738281250e+02
3.655855560302734375e+02 4.674456405639648438e+02 2.635071754455566406e+02
3.620000076293945312e+02 4.670000076293945312e+02 2.632285499572753906e+02
3.629999923706054688e+02 4.659999847412109375e+02 2.632189750671386719e+02
3.629999923706054688e+02 4.650000000000000000e+02 2.630274963378906250e+02
3.620000076293945312e+02 4.659999847412109375e+02 2.630941200256347656e+02
3.609999847412109375e+02 4.659999847412109375e+02 2.629165077209472656e+02
3.620000076293945312e+02 4.650000000000000000e+02 2.629087448120117188e+02
3.620000076293945312e+02 4.639999771118164062e+02 2.626904106140136719e+02
3.609999847412109375e+02 4.650000000000000000e+02 2.627384185791015625e+02
3.610967254638671875e+02 4.640626525878906250e+02 2.625564956665039062e+02
3.600612640380859375e+02 4.650965881347656250e+02 2.625564956665039062e+02
3.604354095458984375e+02 4.644377517700195312e+02 2.625146484375000000e+02
3.597687530517578125e+02 4.648276519775390625e+02 2.624394416809082031e+02
3.594963836669921875e+02 4.654943466186523438e+02 2.625010490417480469e+02
3.600000000000000000e+02 4.659999847412109375e+02 2.626964569091796875e+02
3.593686294555664062e+02 4.659999847412109375e+02 2.625401878356933594e+02
3.600000000000000000e+02 4.670000076293945312e+02 2.628125000000000000e+02
3.609999847412109375e+02 4.670000076293945312e+02 2.630398559570312500e+02
3.591827392578125000e+02 4.670000076293945312e+02 2.625977897644042969e+02
3.586827087402343750e+02 4.670000076293945312e+02 2.624434280395507812e+02
3.585930633544921875e+02 4.679999923706054688e+02 2.624707794189453125e+02
3.579999923706054688e+02 4.670000076293945312e+02 2.622227096557617188e+02
3.588686370849609375e+02 4.659999847412109375e+02 2.623905181884765625e+02
3.590978240966796875e+02 4.650965881347656250e+02 2.623135948181152344e+02
3.579999923706054688e+02 4.659999847412109375e+02 2.621143150329589844e+02
3.569163894653320312e+02 4.659488296508789062e+02 2.617002296447753906e+02
3.579999923706054688e+02 4.650000000000000000e+02 2.619566917419433594e+02
3.579305648803710938e+02 4.639421081542968750e+02 2.617067718505859375e+02
3.571466064453125000e+02 4.650000000000000000e+02 2.616442871093750000e+02
3.573347854614257812e+02 4.642368316650390625e+02 2.615668869018554688e+02
3.566466140747070312e+02 4.650000000000000000e+02 2.614401054382324219e+02
3.565273284912109375e+02 4.655813980102539062e+02 2.614885711669921875e+02
3.559999847412109375e+02 4.650000000000000000e+02 2.611600303649902344e+02
3.570008850097656250e+02 4.639421081542968750e+02 2.613596343994140625e+02
3.559999847412109375e+02 4.639999771118164062e+02 2.609548759460449219e+02
3.570000076293945312e+02 4.629999923706054688e+02 2.611089324951171875e+02
3.575509643554687500e+02 4.635701751708984375e+02 2.614820289611816406e+02
3.577848052978515625e+02 4.629999923706054688e+02 2.614010047912597656e+02
3.580972290039062500e+02 4.620974349975585938e+02 2.612156867980957031e+02
3.582847976684570312e+02 4.629999923706054688e+02 2.615749359130859375e+02
3.584954071044921875e+02 4.624957656860351562e+02 2.615015983581542969e+02
3.589999771118164062e+02 4.629999923706054688e+02 2.617928123474121094e+02
3.589999771118164062e+02 4.623025512695312500e+02 2.615744018554687500e+02
3.589999771118164062e+02 4.639999771118164062e+02 2.620575523376464844e+02
3.600000000000000000e+02 4.629999923706054688e+02 2.620516777038574219e+02
3.599695587158203125e+02 4.619445800781250000e+02 2.616955947875976562e+02
3.600612640380859375e+02 4.640626525878906250e+02 2.623413276672363281e+02
3.610967254638671875e+02 4.630978393554687500e+02 2.623093223571777344e+02
3.609999847412109375e+02 4.620000076293945312e+02 2.619390296936035156e+02
3.608279037475585938e+02 4.637710571289062500e+02 2.624365425109863281e+02
3.614945602416992188e+02 4.634963989257812500e+02 2.625010490417480469e+02
3.620000076293945312e+02 4.628727722167968750e+02 2.623905181884765625e+02
3.620000076293945312e+02 4.620000076293945312e+02 2.621062660217285156e+02
3.620000076293945312e+02 4.633727645874023438e+02 2.625376319885253906e+02
3.629999923706054688e+02 4.626740264892578125e+02 2.624481582641601562e+02
3.629999923706054688e+02 4.620000076293945312e+02 2.622248458862304688e+02
3.629999923706054688e+02 4.631740188598632812e+02 2.625961112976074219e+02
3.629999923706054688e+02 4.639999771118164062e+02 2.628060340881347656e+02
3.629999923706054688e+02 4.609999847412109375e+02 2.618382263183593750e+02
3.639999771118164062e+02 4.620000076293945312e+02 2.622975540161132812e+02
3.639999771118164062e+02 4.609999847412109375e+02 2.619159317016601562e+02
3.639999771118164062e+02 4.603135299682617188e+02 2.616003799438476562e+02
3.629999923706054688e+02 4.603838729858398438e+02 2.615615463256835938e+02
3.639999771118164062e+02 4.598135375976562500e+02 2.613295936584472656e+02
3.650000000000000000e+02 4.602968215942382812e+02 2.616100502014160156e+02
3.650000000000000000e+02 4.597968292236328125e+02 2.613372611999511719e+02
3.659999847412109375e+02 4.598389434814453125e+02 2.613156890869140625e+02
3.650000000000000000e+02 4.589999771118164062e+02 2.608810234069824219e+02
3.639999771118164062e+02 4.589999771118164062e+02 2.608665084838867188e+02
3.650000000000000000e+02 4.584313201904296875e+02 2.605437469482421875e+02
3.659999847412109375e+02 4.589999771118164062e+02 2.608371162414550781e+02
3.659999847412109375e+02 4.584663391113281250e+02 2.605214118957519531e+02
3.659999847412109375e+02 4.579663085937500000e+02 2.602003097534179688e+02
3.665162277221679688e+02 4.584964752197265625e+02 2.605022430419921875e+02
3.669097137451171875e+02 4.580978775024414062e+02 2.601902961730957031e+02
3.670000076293945312e+02 4.573022460937500000e+02 2.596458053588867188e+02
3.671828842163085938e+02 4.585727310180664062e+02 2.604560852050781250e+02
3.679999923706054688e+02 4.579999923706054688e+02 2.599475097656250000e+02
3.679999923706054688e+02 4.574191284179687500e+02 2.595597839355468750e+02
3.689155960083007812e+02 4.579664993286132812e+02 2.597300529479980469e+02
3.685260009765625000e+02 4.574912643432617188e+02 2.595064926147460938e+02
3.691926956176757812e+02 4.576108551025390625e+02 2.594240760803222656e+02
3.689155960083007812e+02 4.570947647094726562e+02 2.591110229492187500e+02
3.700000000000000000e+02 4.577728652954101562e+02 2.593140220642089844e+02
3.699120712280273438e+02 4.569711303710937500e+02 2.587547683715820312e+02
3.709918975830078125e+02 4.580517959594726562e+02 2.591862678527832031e+02
3.709999847412109375e+02 4.572922897338867188e+02 2.586553192138671875e+02
3.719673156738281250e+02 4.579781341552734375e+02 2.587723731994628906e+02
3.716122055053710938e+02 4.574377822875976562e+02 2.585458183288574219e+02
3.722789001464843750e+02 4.576302719116210938e+02 2.584096717834472656e+02
3.720973205566406250e+02 4.589641952514648438e+02 2.593437957763671875e+02
3.727884292602539062e+02 4.582969284057617188e+02 2.586381149291992188e+02
3.730730438232421875e+02 4.579781341552734375e+02 2.582825088500976562e+02
3.730730438232421875e+02 4.589217758178710938e+02 2.588866806030273438e+02
3.734550857543945312e+02 4.585363006591796875e+02 2.584780120849609375e+02
3.729999923706054688e+02 4.597314071655273438e+02 2.593797492980957031e+02
3.739999771118164062e+02 4.592766189575195312e+02 2.586314582824707031e+02
3.739999771118164062e+02 4.587766265869140625e+02 2.583336639404296875e+02
3.739167404174804688e+02 4.600830841064453125e+02 2.591090583801269531e+02
3.745007705688476562e+02 4.594992065429687500e+02 2.585004615783691406e+02
3.749402236938476562e+02 4.590607070922851562e+02 2.579650115966796875e+02
3.753796768188476562e+02 4.586221694946289062e+02 2.574221801757812500e+02
3.756852340698242188e+02 4.592888641357421875e+02 2.576298522949218750e+02
3.747130203247070312e+02 4.583108901977539062e+02 2.576335144042968750e+02
3.739897155761718750e+02 4.579865264892578125e+02 2.578168106079101562e+02
3.750278091430664062e+02 4.579865264892578125e+02 2.571981239318847656e+02
3.750000000000000000e+02 4.572758865356445312e+02 2.566810226440429688e+02
3.759104537963867188e+02 4.580895614624023438e+02 2.566687965393066406e+02
3.743162155151367188e+02 4.576442337036132812e+02 2.573951339721679688e+02
3.740401077270507812e+02 4.569709014892578125e+02 2.570255470275878906e+02
3.744306564331054688e+02 4.565504455566406250e+02 2.564574623107910156e+02
3.737639999389648438e+02 4.563206863403320312e+02 2.566559600830078125e+02
3.736495590209960938e+02 4.573913574218750000e+02 2.575831222534179688e+02
3.729999923706054688e+02 4.566778564453125000e+02 2.573595619201660156e+02
3.729414367675781250e+02 4.559923934936523438e+02 2.568094825744628906e+02
3.724771881103515625e+02 4.565124511718750000e+02 2.574901390075683594e+02
3.729999923706054688e+02 4.571778869628906250e+02 2.577446174621582031e+02
3.720447158813476562e+02 4.569751358032226562e+02 2.580200958251953125e+02
3.718105316162109375e+02 4.563420104980468750e+02 2.576305007934570312e+02
3.709999847412109375e+02 4.567922973632812500e+02 2.582794570922851562e+02
3.701867675781250000e+02 4.566185760498046875e+02 2.584087753295898438e+02
3.709999847412109375e+02 4.561648559570312500e+02 2.577794647216796875e+02
3.699446487426757812e+02 4.560186004638671875e+02 2.579843521118164062e+02
3.709999847412109375e+02 4.556648635864257812e+02 2.573566246032714844e+02
3.703691482543945312e+02 4.555444717407226562e+02 2.574609184265136719e+02
3.709999847412109375e+02 4.551215744018554688e+02 2.568566131591796875e+02
3.720862960815429688e+02 4.560052108764648438e+02 2.572246360778808594e+02
3.720000076293945312e+02 4.553261947631835938e+02 2.566632080078125000e+02
3.720000076293945312e+02 4.548262023925781250e+02 2.561766815185546875e+02
3.725690841674804688e+02 4.554610824584960938e+02 2.565363693237304688e+02
3.729066848754882812e+02 4.550488281250000000e+02 2.559513854980468750e+02
3.725776290893554688e+02 4.544594192504882812e+02 2.555427742004394531e+02
3.732443237304687500e+02 4.546366119384765625e+02 2.553532791137695312e+02
3.738121032714843750e+02 4.553032684326171875e+02 2.556933403015136719e+02
3.732357406616210938e+02 4.556540298461914062e+02 2.563599967956542969e+02
3.741213989257812500e+02 4.559175109863281250e+02 2.560754013061523438e+02
3.744787979125976562e+02 4.555142974853515625e+02 2.554858398437500000e+02
3.750000000000000000e+02 4.562050628662109375e+02 2.557692527770996094e+02
3.750000000000000000e+02 4.557050704956054688e+02 2.552975654602050781e+02
3.755881500244140625e+02 4.564257431030273438e+02 2.555681991577148438e+02
3.750000000000000000e+02 4.567758560180664062e+02 2.562692451477050781e+02
3.758861160278320312e+02 4.571041870117187500e+02 2.559133720397949219e+02
3.762548065185546875e+02 4.567243194580078125e+02 2.552990722656250000e+02
3.766109085083007812e+02 4.573909759521484375e+02 2.555918884277343750e+02
3.761840820312500000e+02 4.578159332275390625e+02 2.562585449218750000e+02
3.755173873901367188e+02 4.574840164184570312e+02 2.565128898620605469e+02
3.768968963623046875e+02 4.581102371215820312e+02 2.559161567687988281e+02
3.772776031494140625e+02 4.577379226684570312e+02 2.553076934814453125e+02
3.775822067260742188e+02 4.584045791625976562e+02 2.555737495422363281e+02
3.772277069091796875e+02 4.589999771118164062e+02 2.562768745422363281e+02
3.765162277221679688e+02 4.584825897216796875e+02 2.565128898620605469e+02
3.767277145385742188e+02 4.589999771118164062e+02 2.566798019409179688e+02
3.770231246948242188e+02 4.599661254882812500e+02 2.570196151733398438e+02
3.760111236572265625e+02 4.589733123779296875e+02 2.571971511840820312e+02
3.763518905639648438e+02 4.596991729736328125e+02 2.573934936523437500e+02
3.765921783447265625e+02 4.603658294677734375e+02 2.575703430175781250e+02
3.772872924804687500e+02 4.609999847412109375e+02 2.573344612121582031e+02
3.776718902587890625e+02 4.602330780029296875e+02 2.566457557678222656e+02
3.774540328979492188e+02 4.595663833618164062e+02 2.564620780944824219e+02
3.780858993530273438e+02 4.598666000366210938e+02 2.560764503479003906e+02
3.778115844726562500e+02 4.589999771118164062e+02 2.557768821716308594e+02
3.784999084472656250e+02 4.595001220703125000e+02 2.554999160766601562e+02
3.787016296386718750e+02 4.601667785644531250e+02 2.556908226013183594e+02
3.783385467529296875e+02 4.607928848266601562e+02 2.563574981689453125e+02
3.789450073242187500e+02 4.611040115356445312e+02 2.559505462646484375e+02
3.780031204223632812e+02 4.610757064819335938e+02 2.567791366577148438e+02
3.779732894897460938e+02 4.619486236572265625e+02 2.571838951110839844e+02
3.785216522216796875e+02 4.614595413208007812e+02 2.565192604064941406e+02
3.786449432373046875e+02 4.620000076293945312e+02 2.566297149658203125e+02
3.791449356079101562e+02 4.620000076293945312e+02 2.561688041687011719e+02
3.796699523925781250e+02 4.620000076293945312e+02 2.556688117980957031e+02
3.793430709838867188e+02 4.629999923706054688e+02 2.563525199890136719e+02
3.795440292358398438e+02 4.614151382446289062e+02 2.555435943603515625e+02
3.801699447631835938e+02 4.620000076293945312e+02 2.551574897766113281e+02
3.799540328979492188e+02 4.610926437377929688e+02 2.549522018432617188e+02
3.803528213500976562e+02 4.629999923706054688e+02 2.553464317321777344e+02
3.806439590454101562e+02 4.620000076293945312e+02 2.546574974060058594e+02
3.805311584472656250e+02 4.614368438720703125e+02 2.545338630676269531e+02
3.812030792236328125e+02 4.619316101074218750e+02 2.539772224426269531e+02
3.808169937133789062e+02 4.629999923706054688e+02 2.548464202880859375e+02
3.813169860839843750e+02 4.629999923706054688e+02 2.542831993103027344e+02
3.809875488281250000e+02 4.640548324584960938e+02 2.549843978881835938e+02
3.814285278320312500e+02 4.637781906127929688e+02 2.544155311584472656e+02
3.815142822265625000e+02 4.644448471069335938e+02 2.545163726806640625e+02
3.814798736572265625e+02 4.615526962280273438e+02 2.534743881225585938e+02
3.816057205200195312e+02 4.622193527221679688e+02 2.536287117004394531e+02
3.808022689819335938e+02 4.610620880126953125e+02 2.540100288391113281e+02
3.806594085693359375e+02 4.602070999145507812e+02 2.536833763122558594e+02
3.813544464111328125e+02 4.609999847412109375e+02 2.533168029785156250e+02
3.803639984130859375e+02 4.607701873779296875e+02 2.543500328063964844e+02
3.802080535888671875e+02 4.599242401123046875e+02 2.540100288391113281e+02
3.797430419921875000e+02 4.590948104858398438e+02 2.539574050903320312e+02
3.804768753051757812e+02 4.595404434204101562e+02 2.534725952148437500e+02
3.796524047851562500e+02 4.600000000000000000e+02 2.546574592590332031e+02
3.795058822631835938e+02 4.594913864135742188e+02 2.545060539245605469e+02
3.790209960937500000e+02 4.599000549316406250e+02 2.552259254455566406e+02
3.789610671997070312e+02 4.590948104858398438e+02 2.547634696960449219e+02
3.793683242797851562e+02 4.607484436035156250e+02 2.553705596923828125e+02
3.786017990112304688e+02 4.583777999877929688e+02 2.545998001098632812e+02
3.792684555053710938e+02 4.588247299194335938e+02 2.542623329162597656e+02
3.783115768432617188e+02 4.589999771118164062e+02 2.553248023986816406e+02
3.779490280151367188e+02 4.580578613281250000e+02 2.549537467956542969e+02
3.776491928100585938e+02 4.573400878906250000e+02 2.546410179138183594e+02
3.783158493041992188e+02 4.577111434936523438e+02 2.543220329284667969e+02
3.789611434936523438e+02 4.580485534667968750e+02 2.539588546752929688e+02
3.779967498779296875e+02 4.570011138916015625e+02 2.539973258972167969e+02
3.773198699951171875e+02 4.566733932495117188e+02 2.543392753601074219e+02
3.776776504516601562e+02 4.563339233398437500e+02 2.536725997924804688e+02
3.783443069458007812e+02 4.566621398925781250e+02 2.533316230773925781e+02
3.786537933349609375e+02 4.573287963867187500e+02 2.536553764343261719e+02
3.789823150634765625e+02 4.570172119140625000e+02 2.529813766479492188e+02
3.793107986450195312e+02 4.567055892944335938e+02 2.522679328918457031e+02
3.793204879760742188e+02 4.577193069458007812e+02 2.532977867126464844e+02
3.796114349365234375e+02 4.573722457885742188e+02 2.526311111450195312e+02
3.786441421508789062e+02 4.563577651977539062e+02 2.526649475097656250e+02
3.779838180541992188e+02 4.560124969482421875e+02 2.529828453063964844e+02
3.789426040649414062e+02 4.560547637939453125e+02 2.519296836853027344e+02
3.785744094848632812e+02 4.554323959350585938e+02 2.515914344787597656e+02
3.782900238037109375e+02 4.556911087036132812e+02 2.522581100463867188e+02
3.792892074584960938e+02 4.557046127319335938e+02 2.509999847412109375e+02
3.795791625976562500e+02 4.564183807373046875e+02 2.516012573242187500e+02
3.797870254516601562e+02 4.562046051025390625e+02 2.509999847412109375e+02
3.799286270141601562e+02 4.570823669433593750e+02 2.519067001342773438e+02
3.802870559692382812e+02 4.567448806762695312e+02 2.509999847412109375e+02
3.802780914306640625e+02 4.577869415283203125e+02 2.522121429443359375e+02
3.805336761474609375e+02 4.574591827392578125e+02 2.515454673767089844e+02
3.807091140747070312e+02 4.572448730468750000e+02 2.509999847412109375e+02
3.807045745849609375e+02 4.580721664428710938e+02 2.519272804260253906e+02
3.812309265136718750e+02 4.579750061035156250e+02 2.510416793823242188e+02
3.805345535278320312e+02 4.584535980224609375e+02 2.525425338745117188e+02
3.812318801879882812e+02 4.589586257934570312e+02 2.520251655578613281e+02
3.814393997192382812e+02 4.585976791381835938e+02 2.514027976989746094e+02
3.807102966308593750e+02 4.589999771118164062e+02 2.527613449096679688e+02
3.814125061035156250e+02 4.596631622314453125e+02 2.523752784729003906e+02
3.816406631469726562e+02 4.592643737792968750e+02 2.517086219787597656e+02
3.810359573364257812e+02 4.599351119995117188e+02 2.530436325073242188e+02
3.815887451171875000e+02 4.603298187255859375e+02 2.526146697998046875e+02
3.802994155883789062e+02 4.589999771118164062e+02 2.532613372802734375e+02
3.799335479736328125e+02 4.580864334106445312e+02 2.529201507568359375e+02
3.795889663696289062e+02 4.583859634399414062e+02 2.535956764221191406e+02
3.814118194580078125e+02 4.576250457763671875e+02 2.503233146667480469e+02
3.816414642333984375e+02 4.582917022705078125e+02 2.507361221313476562e+02
3.818076324462890625e+02 4.579750061035156250e+02 2.499939727783203125e+02
3.815756225585937500e+02 4.574010848999023438e+02 2.496566390991210938e+02
3.822445678710937500e+02 4.580161285400390625e+02 2.490425682067871094e+02
3.823620605468750000e+02 4.589392852783203125e+02 2.500996398925781250e+02
3.824622726440429688e+02 4.585654830932617188e+02 2.494042778015136719e+02
3.828100585937500000e+02 4.589392852783203125e+02 2.490425682067871094e+02
3.825917816162109375e+02 4.583602523803710938e+02 2.487376213073730469e+02
3.832292938232421875e+02 4.590620422363281250e+02 2.479752159118652344e+02
3.833213424682617188e+02 4.588145065307617188e+02 2.469999885559082031e+02
3.835350418090820312e+02 4.594367218017578125e+02 2.476253700256347656e+02
3.834418106079101562e+02 4.596218109130859375e+02 2.482920455932617188e+02
3.827052307128906250e+02 4.581878280639648438e+02 2.479999923706054688e+02
3.827736663818359375e+02 4.579341125488281250e+02 2.469832611083984375e+02
3.823733520507812500e+02 4.576877975463867188e+02 2.479999923706054688e+02
3.818241500854492188e+02 4.569417190551757812e+02 2.479863739013671875e+02
3.824614334106445312e+02 4.575568389892578125e+02 2.473054313659667969e+02
3.821676254272460938e+02 4.570775604248046875e+02 2.469832611083984375e+02
3.816134643554687500e+02 4.563648986816406250e+02 2.469999885559082031e+02
3.822024536132812500e+02 4.568937301635742188e+02 2.459999847412109375e+02
3.825276565551757812e+02 4.574625778198242188e+02 2.466387557983398438e+02
3.825783920288085938e+02 4.573937225341796875e+02 2.459999847412109375e+02
3.826394271850585938e+02 4.573120117187500000e+02 2.450000000000000000e+02
3.829842376708984375e+02 4.579999923706054688e+02 2.459999847412109375e+02
3.831074523925781250e+02 4.579999923706054688e+02 2.450000000000000000e+02
3.834058380126953125e+02 4.586602401733398438e+02 2.459999847412109375e+02
3.834680175781250000e+02 4.585528564453125000e+02 2.450000000000000000e+02
3.836962890625000000e+02 4.591602325439453125e+02 2.459999847412109375e+02
3.837662124633789062e+02 4.590528488159179688e+02 2.450000000000000000e+02
3.836046218872070312e+02 4.593145370483398438e+02 2.469999885559082031e+02
3.841363906860351562e+02 4.600000000000000000e+02 2.459999847412109375e+02
3.843061065673828125e+02 4.600584793090820312e+02 2.450511550903320312e+02
3.839470291137695312e+02 4.600000000000000000e+02 2.469999885559082031e+02
3.844401168823242188e+02 4.606408309936523438e+02 2.459999847412109375e+02
3.844885635375976562e+02 4.605264282226562500e+02 2.454185867309570312e+02
3.843704223632812500e+02 4.609968185424804688e+02 2.470852088928222656e+02
3.846521759033203125e+02 4.611408615112304688e+02 2.459999847412109375e+02
3.847052001953125000e+02 4.609158706665039062e+02 2.450511550903320312e+02
3.845352935791015625e+02 4.604308319091796875e+02 2.447519111633300781e+02
3.851291656494140625e+02 4.620000076293945312e+02 2.450000000000000000e+02
3.853991317749023438e+02 4.628029251098632812e+02 2.450000000000000000e+02
3.855671310424804688e+02 4.633029556274414062e+02 2.450000000000000000e+02
3.855195236206054688e+02 4.634407043457031250e+02 2.456034660339355469e+02
3.857655715942382812e+02 4.639999771118164062e+02 2.450000000000000000e+02
3.856001281738281250e+02 4.640028762817382812e+02 2.459620857238769531e+02
3.860082244873046875e+02 4.650000000000000000e+02 2.450000000000000000e+02
3.836957931518554688e+02 4.599730682373046875e+02 2.479752159118652344e+02
3.843061447143554688e+02 4.598711395263671875e+02 2.439999961853027344e+02
3.837481689453125000e+02 4.589036560058593750e+02 2.440173339843750000e+02
3.835054397583007812e+02 4.584917068481445312e+02 2.436955451965332031e+02
3.834961700439453125e+02 4.585060882568359375e+02 2.443622207641601562e+02
3.838211059570312500e+02 4.589999771118164062e+02 2.429999923706054688e+02
3.835062789916992188e+02 4.584904098510742188e+02 2.429999923706054688e+02
3.837389755249023438e+02 4.589196777343750000e+02 2.420753479003906250e+02
3.834790420532226562e+02 4.585327529907226562e+02 2.417922592163085938e+02
3.837471008300781250e+02 4.590996551513671875e+02 2.409999847412109375e+02
3.835029602050781250e+02 4.584954833984375000e+02 2.424589157104492188e+02
3.832118988037109375e+02 4.580973052978515625e+02 2.420753479003906250e+02
3.831745910644531250e+02 4.579904174804687500e+02 2.429999923706054688e+02
3.826555633544921875e+02 4.572885131835937500e+02 2.419999885559082031e+02
3.830445098876953125e+02 4.579999923706054688e+02 2.409999847412109375e+02
3.826073837280273438e+02 4.573518753051757812e+02 2.409999847412109375e+02
3.828209686279296875e+02 4.579075622558593750e+02 2.399287986755371094e+02
3.834371185302734375e+02 4.585996627807617188e+02 2.409999847412109375e+02
3.833629608154296875e+02 4.587228012084960938e+02 2.400000000000000000e+02
3.832654953002929688e+02 4.588921737670898438e+02 2.389999961853027344e+02
3.836689376831054688e+02 4.592227935791015625e+02 2.400000000000000000e+02
3.835646820068359375e+02 4.593922042846679688e+02 2.389999961853027344e+02
3.841062927246093750e+02 4.600000000000000000e+02 2.400000000000000000e+02
3.838953018188476562e+02 4.600000000000000000e+02 2.389999961853027344e+02
3.844373321533203125e+02 4.606348419189453125e+02 2.400000000000000000e+02
3.843306350708007812e+02 4.608639526367187500e+02 2.389999961853027344e+02
3.845626449584960938e+02 4.613639450073242188e+02 2.389999961853027344e+02
3.842057037353515625e+02 4.610964584350585938e+02 2.380942535400390625e+02
3.836634063720703125e+02 4.600008773803710938e+02 2.380907821655273438e+02
3.837805557250976562e+02 4.609248733520507812e+02 2.369372177124023438e+02
3.844081878662109375e+02 4.617190170288085938e+02 2.378237724304199219e+02
3.845027160644531250e+02 4.614941406250000000e+02 2.384904289245605469e+02
3.846133041381835938e+02 4.620314025878906250e+02 2.380942535400390625e+02
3.845478057861328125e+02 4.623856735229492188e+02 2.373468971252441406e+02
3.849559020996093750e+02 4.629999923706054688e+02 2.379999923706054688e+02
3.846664047241210938e+02 4.629942321777343750e+02 2.370081329345703125e+02
3.844436645507812500e+02 4.626570510864257812e+02 2.366802406311035156e+02
3.845630264282226562e+02 4.633237075805664062e+02 2.363236999511718750e+02
3.849985504150390625e+02 4.639999771118164062e+02 2.369999885559082031e+02
3.846664047241210938e+02 4.640081405639648438e+02 2.359942245483398438e+02
3.853107452392578125e+02 4.650522613525390625e+02 2.370611763000488281e+02
3.854286193847656250e+02 4.659999847412109375e+02 2.367279815673828125e+02
3.849468612670898438e+02 4.650000000000000000e+02 2.359999847412109375e+02
3.846089935302734375e+02 4.650961303710937500e+02 2.350296592712402344e+02
3.851794815063476562e+02 4.659999847412109375e+02 2.359999847412109375e+02
3.845478057861328125e+02 4.643469238281250000e+02 2.353827667236328125e+02
3.845017242431640625e+02 4.654935836791992188e+02 2.344960594177246094e+02
3.844117355346679688e+02 4.648269271850585938e+02 2.347160911560058594e+02
3.842966079711914062e+02 4.640081405639648438e+02 2.350296592712402344e+02
3.842188644409179688e+02 4.650961303710937500e+02 2.340976333618164062e+02
3.837890243530273438e+02 4.639266967773437500e+02 2.339194297790527344e+02
3.836857986450195312e+02 4.650500488281250000e+02 2.329828643798828125e+02
3.835977172851562500e+02 4.642111587524414062e+02 2.333047676086425781e+02
3.834300994873046875e+02 4.647500991821289062e+02 2.326381111145019531e+02
3.835232543945312500e+02 4.654167556762695312e+02 2.324569892883300781e+02
3.832091140747070312e+02 4.650500488281250000e+02 2.320742034912109375e+02
3.826888275146484375e+02 4.650000000000000000e+02 2.312044906616210938e+02
3.833247756958007812e+02 4.659999847412109375e+02 2.318231201171875000e+02
3.827924346923828125e+02 4.639781951904296875e+02 2.319495010375976562e+02
3.824501800537109375e+02 4.636303329467773438e+02 2.315825080871582031e+02
3.826223754882812500e+02 4.629999923706054688e+02 2.322925376892089844e+02
3.825764465332031250e+02 4.642969894409179688e+02 2.313817024230957031e+02
3.833374023437500000e+02 4.639266967773437500e+02 2.329828643798828125e+02
3.830053710937500000e+02 4.629999923706054688e+02 2.329999923706054688e+02
3.834847259521484375e+02 4.635445022583007812e+02 2.335323905944824219e+02
3.833829879760742188e+02 4.629999923706054688e+02 2.337485694885253906e+02
3.836163330078125000e+02 4.629999923706054688e+02 2.342485618591308594e+02
3.831640243530273438e+02 4.620777511596679688e+02 2.340794181823730469e+02
3.826741409301757812e+02 4.610488128662109375e+02 2.340488052368164062e+02
3.826505661010742188e+02 4.620802688598632812e+02 2.330534934997558594e+02
3.833713912963867188e+02 4.617962646484375000e+02 2.347962570190429688e+02
3.835161590576171875e+02 4.624629211425781250e+02 2.344656944274902344e+02
3.836137771606445312e+02 4.620777511596679688e+02 2.350777626037597656e+02
3.839420700073242188e+02 4.620000076293945312e+02 2.359999847412109375e+02
3.839420700073242188e+02 4.629999923706054688e+02 2.350000000000000000e+02
3.835161590576171875e+02 4.614664459228515625e+02 2.354629325866699219e+02
3.831618499755859375e+02 4.610798645019531250e+02 2.350777626037597656e+02
3.836163330078125000e+02 4.612559127807617188e+02 2.359999847412109375e+02
3.833765792846679688e+02 4.607559204101562500e+02 2.359999847412109375e+02
3.834798431396484375e+02 4.605414199829101562e+02 2.365620422363281250e+02
3.829817199707031250e+02 4.600000000000000000e+02 2.359999847412109375e+02
3.826420974731445312e+02 4.600543975830078125e+02 2.350931930541992188e+02
3.833151626586914062e+02 4.600008773803710938e+02 2.369372177124023438e+02
3.826051712036132812e+02 4.593254089355468750e+02 2.359999847412109375e+02
3.822980880737304688e+02 4.588254165649414062e+02 2.359999847412109375e+02
3.825051879882812500e+02 4.594916152954101562e+02 2.354886627197265625e+02
3.827557373046875000e+02 4.589653396606445312e+02 2.370166015625000000e+02
3.831590270996093750e+02 4.590955734252929688e+02 2.380907821655273438e+02
3.824329757690429688e+02 4.586089324951171875e+02 2.366943550109863281e+02
3.825474929809570312e+02 4.584291076660156250e+02 2.373610305786132812e+02
3.821760559082031250e+02 4.580574417114257812e+02 2.370166015625000000e+02
3.826410293579101562e+02 4.582892608642578125e+02 2.379999923706054688e+02
3.823038864135742188e+02 4.577892684936523438e+02 2.379999923706054688e+02
3.827655029296875000e+02 4.581019210815429688e+02 2.389999961853027344e+02
3.824306488037109375e+02 4.576019287109375000e+02 2.389999961853027344e+02
3.824913787841796875e+02 4.575126266479492188e+02 2.395480155944824219e+02
3.819986724853515625e+02 4.570000076293945312e+02 2.389999961853027344e+02
3.815680313110351562e+02 4.564147186279296875e+02 2.389999961853027344e+02
3.817475891113281250e+02 4.569731903076171875e+02 2.380850982666015625e+02
3.822309875488281250e+02 4.570575332641601562e+02 2.399287986755371094e+02
3.816701889038085938e+02 4.562868499755859375e+02 2.400000000000000000e+02
3.825510025024414062e+02 4.574292373657226562e+02 2.402146911621093750e+02
3.822447586059570312e+02 4.568518829345703125e+02 2.409999847412109375e+02
3.817447662353515625e+02 4.561952972412109375e+02 2.409999847412109375e+02
3.822874069213867188e+02 4.567885208129882812e+02 2.419999885559082031e+02
3.817874145507812500e+02 4.561455154418945312e+02 2.419999885559082031e+02
3.823014068603515625e+02 4.567655181884765625e+02 2.429999923706054688e+02
3.822952651977539062e+02 4.567721557617187500e+02 2.439999961853027344e+02
3.826745986938476562e+02 4.572655105590820312e+02 2.429999923706054688e+02
3.818013763427734375e+02 4.561308670043945312e+02 2.429999923706054688e+02
3.813895416259765625e+02 4.556308746337890625e+02 2.429999923706054688e+02
3.817952728271484375e+02 4.561414337158203125e+02 2.439999961853027344e+02
3.813791275024414062e+02 4.556414031982421875e+02 2.439999961853027344e+02
3.817651367187500000e+02 4.561806106567382812e+02 2.450000000000000000e+02
3.813435363769531250e+02 4.556806182861328125e+02 2.450000000000000000e+02
3.817024612426757812e+02 4.562574768066406250e+02 2.459999847412109375e+02
3.822651290893554688e+02 4.568120193481445312e+02 2.450000000000000000e+02
3.812746810913085938e+02 4.557574844360351562e+02 2.459999847412109375e+02
3.807746887207031250e+02 4.552122116088867188e+02 2.459999847412109375e+02
3.811771392822265625e+02 4.558649063110351562e+02 2.469999885559082031e+02
3.806771469116210938e+02 4.553166198730468750e+02 2.469999885559082031e+02
3.810127639770507812e+02 4.559876251220703125e+02 2.480338096618652344e+02
3.805818557739257812e+02 4.554159545898437500e+02 2.477569770812988281e+02
3.804749298095703125e+02 4.555257797241210938e+02 2.484236526489257812e+02
3.815424728393554688e+02 4.564495086669921875e+02 2.476439476013183594e+02
3.808167266845703125e+02 4.561473464965820312e+02 2.489999961853027344e+02
3.814436340332031250e+02 4.565695571899414062e+02 2.483106231689453125e+02
3.813167190551757812e+02 4.567279815673828125e+02 2.489999961853027344e+02
3.810285949707031250e+02 4.569675445556640625e+02 2.500511932373046875e+02
3.817089843750000000e+02 4.572279739379882812e+02 2.489999961853027344e+02
3.804702377319335938e+02 4.565340042114257812e+02 2.504457283020019531e+02
3.806453323364257812e+02 4.563373184204101562e+02 2.497790718078613281e+02
3.800695800781250000e+02 4.559291839599609375e+02 2.501211166381835938e+02
3.796689224243164062e+02 4.553419113159179688e+02 2.497965240478515625e+02
3.803578948974609375e+02 4.556473159790039062e+02 2.489999961853027344e+02
3.794778823852539062e+02 4.555210494995117188e+02 2.504631805419921875e+02
3.790547561645507812e+02 4.549497604370117188e+02 2.500923538208007812e+02
3.793117904663085938e+02 4.546636581420898438e+02 2.489999961853027344e+02
3.787892150878906250e+02 4.552425384521484375e+02 2.509999847412109375e+02
3.786316299438476562e+02 4.543900299072265625e+02 2.497215270996093750e+02
3.784283447265625000e+02 4.545576477050781250e+02 2.503881835937500000e+02
3.779835510253906250e+02 4.540100479125976562e+02 2.499748611450195312e+02
3.782042312622070312e+02 4.547425460815429688e+02 2.509999847412109375e+02
3.779003143310546875e+02 4.550794982910156250e+02 2.518853378295898438e+02
3.777042388916015625e+02 4.543411636352539062e+02 2.509999847412109375e+02
3.769916152954101562e+02 4.538188171386718750e+02 2.510184860229492188e+02
3.775106048583984375e+02 4.544914627075195312e+02 2.515125656127929688e+02
3.769301605224609375e+02 4.543173980712890625e+02 2.519075393676757812e+02
3.765502929687500000e+02 4.544610214233398438e+02 2.525516891479492188e+02
3.772169494628906250e+02 4.547266006469726562e+02 2.521792221069335938e+02
3.760328674316406250e+02 4.537581253051757812e+02 2.520442390441894531e+02
3.757214355468750000e+02 4.533526992797851562e+02 2.517404174804687500e+02
3.763880920410156250e+02 4.535764694213867188e+02 2.513641357421875000e+02
3.759243392944335938e+02 4.542945098876953125e+02 2.529310035705566406e+02
3.754041290283203125e+02 4.535593414306640625e+02 2.524070739746093750e+02
3.749569702148437500e+02 4.530222702026367188e+02 2.519583320617675781e+02
3.750424575805664062e+02 4.537750625610351562e+02 2.530209350585937500e+02
3.750000000000000000e+02 4.542993164062500000e+02 2.537473678588867188e+02
3.747374343872070312e+02 4.533585739135742188e+02 2.527015495300292969e+02
3.743296432495117188e+02 4.535952377319335938e+02 2.533682250976562500e+02
3.739977645874023438e+02 4.531730651855468750e+02 2.530209350585937500e+02
3.740542221069335938e+02 4.539657592773437500e+02 2.540391159057617188e+02
3.736629486083984375e+02 4.534112167358398438e+02 2.536173439025878906e+02
3.729999923706054688e+02 4.536303329467773438e+02 2.543340492248535156e+02
3.737788391113281250e+02 4.543363189697265625e+02 2.546866035461425781e+02
3.744454956054687500e+02 4.545337295532226562e+02 2.544609069824218750e+02
3.741287994384765625e+02 4.549185180664062500e+02 2.550862312316894531e+02
3.750000000000000000e+02 4.547200775146484375e+02 2.542473602294921875e+02
3.750000000000000000e+02 4.552201080322265625e+02 2.547975540161132812e+02
3.759002304077148438e+02 4.550734710693359375e+02 2.539139175415039062e+02
3.762071990966796875e+02 4.547205352783203125e+02 2.532183647155761719e+02
3.755932235717773438e+02 4.554263687133789062e+02 2.545775604248046875e+02
3.762598800659179688e+02 4.556993103027343750e+02 2.542922592163085938e+02
3.766380691528320312e+02 4.553871917724609375e+02 2.536256027221679688e+02
3.755405426025390625e+02 4.544704818725585938e+02 2.535355758666992188e+02
3.769275283813476562e+02 4.550569152832031250e+02 2.529262161254882812e+02
3.769789886474609375e+02 4.560166168212890625e+02 2.539824295043945312e+02
3.773047256469726562e+02 4.556672668457031250e+02 2.533007240295410156e+02
3.766532135009765625e+02 4.563659667968750000e+02 2.546324157714843750e+02
3.769654083251953125e+02 4.570322036743164062e+02 2.549700546264648438e+02
3.759240341186523438e+02 4.560625457763671875e+02 2.549383163452148438e+02
3.776233291625976562e+02 4.553932571411132812e+02 2.526340484619140625e+02
3.729465866088867188e+02 4.541799163818359375e+02 2.550119590759277344e+02
3.720940399169921875e+02 4.537693786621093750e+02 2.549947929382324219e+02
3.724900436401367188e+02 4.535041046142578125e+02 2.544947242736816406e+02
3.709999847412109375e+02 4.536449432373046875e+02 2.553329467773437500e+02
3.720000076293945312e+02 4.543336486816406250e+02 2.556766891479492188e+02
3.718233871459960938e+02 4.533694839477539062e+02 2.546579742431640625e+02
3.720469284057617188e+02 4.529791259765625000e+02 2.540253448486328125e+02
3.709999847412109375e+02 4.532234954833984375e+02 2.548329544067382812e+02
3.709999847412109375e+02 4.527235031127929688e+02 2.541957092285156250e+02
3.700123977661132812e+02 4.531295013427734375e+02 2.550715637207031250e+02
3.690814590454101562e+02 4.527978134155273438e+02 2.549462890625000000e+02
3.700000000000000000e+02 4.525761032104492188e+02 2.543972396850585938e+02
3.696873092651367188e+02 4.534476470947265625e+02 2.555597496032714844e+02
3.703539657592773438e+02 4.535411834716796875e+02 2.554526138305664062e+02
3.700592041015625000e+02 4.539801025390625000e+02 2.560190963745117188e+02
3.709999847412109375e+02 4.541449356079101562e+02 2.558784294128417969e+02
3.704311370849609375e+02 4.545215606689453125e+02 2.564784240722656250e+02
3.697644424438476562e+02 4.544190216064453125e+02 2.565811920166015625e+02
3.689999771118164062e+02 4.538195037841796875e+02 2.561519050598144531e+02
3.679999923706054688e+02 4.537107467651367188e+02 2.562674522399902344e+02
3.689999771118164062e+02 4.533675384521484375e+02 2.556518936157226562e+02
3.689999771118164062e+02 4.543194961547851562e+02 2.566818428039550781e+02
3.689999771118164062e+02 4.548348617553710938e+02 2.571818351745605469e+02
3.679999923706054688e+02 4.542107391357421875e+02 2.567936706542968750e+02
3.679999923706054688e+02 4.547141647338867188e+02 2.572936630249023438e+02
3.670000076293945312e+02 4.541273498535156250e+02 2.568818855285644531e+02
3.659999847412109375e+02 4.540812683105468750e+02 2.569320487976074219e+02
3.670000076293945312e+02 4.536273574829101562e+02 2.563571166992187500e+02
3.670000076293945312e+02 4.546209335327148438e+02 2.573818778991699219e+02
3.659999847412109375e+02 4.545688247680664062e+02 2.574320411682128906e+02
3.670000076293945312e+02 4.551209259033203125e+02 2.578557395935058594e+02
3.659999847412109375e+02 4.550688171386718750e+02 2.579097747802734375e+02
3.670000076293945312e+02 4.556683731079101562e+02 2.583557510375976562e+02
3.679999923706054688e+02 4.552141571044921875e+02 2.577653121948242188e+02
3.679999923706054688e+02 4.557754898071289062e+02 2.582653236389160156e+02
3.689999771118164062e+02 4.553348541259765625e+02 2.576510429382324219e+02
3.689999771118164062e+02 4.559138488769531250e+02 2.581510543823242188e+02
3.697024917602539062e+02 4.554335021972656250e+02 2.575599288940429688e+02
3.700667953491210938e+02 4.549775314331054688e+02 2.570210456848144531e+02
3.689999771118164062e+02 4.564138412475585938e+02 2.585707283020019531e+02
3.695201110839843750e+02 4.564927291870117188e+02 2.585059165954589844e+02
3.679999923706054688e+02 4.562755203247070312e+02 2.586843872070312500e+02
3.670000076293945312e+02 4.561683654785156250e+02 2.587730979919433594e+02
3.679999923706054688e+02 4.569191360473632812e+02 2.591843795776367188e+02
3.670000076293945312e+02 4.568022537231445312e+02 2.592731094360351562e+02
3.659999847412109375e+02 4.567295455932617188e+02 2.593268203735351562e+02
3.650000000000000000e+02 4.567028045654296875e+02 2.593454551696777344e+02
3.659999847412109375e+02 4.561045837402343750e+02 2.588268089294433594e+02
3.659999847412109375e+02 4.572295379638671875e+02 2.597002983093261719e+02
3.650000000000000000e+02 4.572027969360351562e+02 2.597222518920898438e+02
3.639999771118164062e+02 4.572126388549804688e+02 2.597146606445312500e+02
3.650000000000000000e+02 4.579313278198242188e+02 2.602222442626953125e+02
3.639999771118164062e+02 4.579422378540039062e+02 2.602146530151367188e+02
3.639999771118164062e+02 4.584422302246093750e+02 2.605368995666503906e+02
3.629679870605468750e+02 4.580838775634765625e+02 2.602399253845214844e+02
3.629999923706054688e+02 4.572549057006835938e+02 2.596815299987792969e+02
3.626132965087890625e+02 4.585149002075195312e+02 2.604911613464355469e+02
3.632799530029296875e+02 4.584731674194335938e+02 2.605171394348144531e+02
3.620000076293945312e+02 4.579999923706054688e+02 2.600747489929199219e+02
3.609329223632812500e+02 4.579100036621093750e+02 2.598282623291015625e+02
3.620000076293945312e+02 4.573336029052734375e+02 2.596230316162109375e+02
3.620000076293945312e+02 4.585818481445312500e+02 2.604516983032226562e+02
3.620000076293945312e+02 4.590818786621093750e+02 2.607413291931152344e+02
3.609999847412109375e+02 4.587274932861328125e+02 2.603669929504394531e+02
3.599181365966796875e+02 4.590254211425781250e+02 2.603027915954589844e+02
3.609999847412109375e+02 4.592274856567382812e+02 2.606572723388671875e+02
3.601969146728515625e+02 4.593757247924804688e+02 2.605715179443359375e+02
3.609999847412109375e+02 4.600000000000000000e+02 2.610707092285156250e+02
3.599181365966796875e+02 4.599082946777343750e+02 2.607854270935058594e+02
3.609999847412109375e+02 4.606986236572265625e+02 2.614134407043457031e+02
3.619980239868164062e+02 4.600715255737304688e+02 2.612788009643554688e+02
3.616633605957031250e+02 4.605543136596679688e+02 2.614762306213378906e+02
3.623300170898437500e+02 4.604525375366210938e+02 2.615247726440429688e+02
3.629999923706054688e+02 4.598838806152343750e+02 2.612964248657226562e+02
3.629679870605468750e+02 4.589089584350585938e+02 2.607474136352539062e+02
3.619980239868164062e+02 4.609325790405273438e+02 2.616874694824218750e+02
3.609999847412109375e+02 4.611986160278320312e+02 2.616297721862792969e+02
3.602826309204101562e+02 4.613772201538085938e+02 2.615531539916992188e+02
3.599695587158203125e+02 4.610263061523437500e+02 2.613254547119140625e+02
3.589999771118164062e+02 4.609999847412109375e+02 2.610581398010253906e+02
3.596159744262695312e+02 4.615743255615234375e+02 2.614715576171875000e+02
3.589999771118164062e+02 4.618025588989257812e+02 2.613858604431152344e+02
3.579804229736328125e+02 4.609629440307617188e+02 2.607244110107421875e+02
3.589999771118164062e+02 4.601614761352539062e+02 2.606722640991210938e+02
3.583007431030273438e+02 4.603681564331054688e+02 2.605671882629394531e+02
3.589999771118164062e+02 4.596614837646484375e+02 2.604169845581054688e+02
3.589999771118164062e+02 4.589999771118164062e+02 2.600465965270996094e+02
3.595302581787109375e+02 4.595138168334960938e+02 2.604928016662597656e+02
3.579804229736328125e+02 4.600208663940429688e+02 2.602830696105957031e+02
3.569173812866210938e+02 4.599133300781250000e+02 2.598410987854003906e+02
3.580295562744140625e+02 4.589737701416015625e+02 2.597338485717773438e+02
3.576340484619140625e+02 4.606049346923828125e+02 2.604545783996582031e+02
3.569485473632812500e+02 4.609629440307617188e+02 2.603497314453125000e+02
3.565809249877929688e+02 4.615847778320312500e+02 2.604684257507324219e+02
3.572475814819335938e+02 4.612715911865234375e+02 2.605972480773925781e+02
3.559999847412109375e+02 4.609999847412109375e+02 2.599619865417480469e+02
3.559999847412109375e+02 4.602582550048828125e+02 2.596242523193359375e+02
3.559799575805664062e+02 4.619508743286132812e+02 2.603332328796386719e+02
3.552733230590820312e+02 4.609999847412109375e+02 2.596157455444335938e+02
3.554887390136718750e+02 4.604887390136718750e+02 2.595058059692382812e+02
3.547733306884765625e+02 4.609999847412109375e+02 2.593588829040527344e+02
3.549254226684570312e+02 4.619339752197265625e+02 2.598158073425292969e+02
3.545423507690429688e+02 4.615566635131835938e+02 2.594779396057128906e+02
3.543122863769531250e+02 4.622233200073242188e+02 2.596060180664062500e+02
3.550537490844726562e+02 4.630233764648437500e+02 2.602503967285156250e+02
3.539873504638671875e+02 4.630615234375000000e+02 2.596993064880371094e+02
3.547628784179687500e+02 4.639999771118164062e+02 2.603693771362304688e+02
3.554229354858398438e+02 4.633723068237304688e+02 2.605381393432617188e+02
3.556332778930664062e+02 4.627056121826171875e+02 2.604384422302246094e+02
3.559799575805664062e+02 4.630233764648437500e+02 2.606892204284667969e+02
3.562999343872070312e+02 4.622514724731445312e+02 2.605914115905761719e+02
3.569485473632812500e+02 4.619508743286132812e+02 2.607448005676269531e+02
3.552628707885742188e+02 4.639999771118164062e+02 2.606168556213378906e+02
3.549565124511718750e+02 4.650608825683593750e+02 2.606828117370605469e+02
3.545941925048828125e+02 4.647681427001953125e+02 2.604529953002929688e+02
3.544793701171875000e+02 4.654347991943359375e+02 2.605114555358886719e+02
3.540876388549804688e+02 4.650608825683593750e+02 2.602279663085937500e+02
3.539999771118164062e+02 4.639999771118164062e+02 2.599599075317382812e+02
3.539072799682617188e+02 4.659999847412109375e+02 2.602730560302734375e+02
3.531897354125976562e+02 4.650000000000000000e+02 2.596952247619628906e+02
3.533571624755859375e+02 4.639999771118164062e+02 2.595905113220214844e+02
3.526897430419921875e+02 4.650000000000000000e+02 2.593779373168945312e+02
3.530620956420898438e+02 4.659999847412109375e+02 2.597730636596679688e+02
3.525621032714843750e+02 4.659999847412109375e+02 2.594601821899414062e+02
3.529025268554687500e+02 4.669199371337890625e+02 2.597749519348144531e+02
3.525041961669921875e+02 4.665332412719726562e+02 2.594973182678222656e+02
3.524625396728515625e+02 4.671998977661132812e+02 2.595240783691406250e+02
3.520775222778320312e+02 4.669199371337890625e+02 2.592479896545410156e+02
3.512551498413085938e+02 4.670000076293945312e+02 2.586870002746582031e+02
3.520000076293945312e+02 4.659999847412109375e+02 2.590836906433105469e+02
3.519097518920898438e+02 4.649344253540039062e+02 2.588359451293945312e+02
3.513393020629882812e+02 4.659999847412109375e+02 2.586234855651855469e+02
3.514278411865234375e+02 4.652240753173828125e+02 2.585560035705566406e+02
3.508393096923828125e+02 4.659999847412109375e+02 2.582304191589355469e+02
3.510567092895507812e+02 4.649344253540039062e+02 2.581989288330078125e+02
3.507551193237304688e+02 4.670000076293945312e+02 2.582999801635742188e+02
3.502325439453125000e+02 4.659999847412109375e+02 2.577304077148437500e+02
3.503480911254882812e+02 4.650000000000000000e+02 2.576324462890625000e+02
3.497325134277343750e+02 4.659999847412109375e+02 2.572865676879882812e+02
3.501464080810546875e+02 4.670000076293945312e+02 2.577999687194824219e+02
3.500958633422851562e+02 4.679999923706054688e+02 2.578389358520507812e+02
3.496464157104492188e+02 4.670000076293945312e+02 2.573677062988281250e+02
3.491299057006835938e+02 4.670000076293945312e+02 2.568676948547363281e+02
3.495958709716796875e+02 4.679999923706054688e+02 2.574147033691406250e+02
3.495773696899414062e+02 4.689999771118164062e+02 2.574322700500488281e+02
3.490794754028320312e+02 4.679999923706054688e+02 2.569147109985351562e+02
3.485794448852539062e+02 4.679999923706054688e+02 2.564132881164550781e+02
3.490554809570312500e+02 4.689999771118164062e+02 2.569322586059570312e+02
3.485554885864257812e+02 4.689999771118164062e+02 2.564397621154785156e+02
3.490579223632812500e+02 4.700000000000000000e+02 2.569254112243652344e+02
3.485579299926757812e+02 4.700000000000000000e+02 2.564376640319824219e+02
3.481210708618164062e+02 4.700000000000000000e+02 2.559376525878906250e+02
3.481190490722656250e+02 4.689999771118164062e+02 2.559397697448730469e+02
3.476210403442382812e+02 4.700000000000000000e+02 2.553493118286132812e+02
3.476190567016601562e+02 4.689999771118164062e+02 2.553518295288085938e+02
3.472310638427734375e+02 4.700000000000000000e+02 2.548493003845214844e+02
3.476536560058593750e+02 4.709999847412109375e+02 2.553066635131835938e+02
3.472663879394531250e+02 4.709999847412109375e+02 2.548066711425781250e+02
3.467663955688476562e+02 4.709999847412109375e+02 2.540770530700683594e+02
3.473376464843750000e+02 4.720000076293945312e+02 2.547134017944335938e+02
3.467947006225585938e+02 4.719547271728515625e+02 2.539148902893066406e+02
3.474227905273437500e+02 4.728196334838867188e+02 2.546008110046386719e+02
3.471475982666015625e+02 4.730917739868164062e+02 2.540970802307128906e+02
3.472460174560546875e+02 4.739999771118164062e+02 2.538820457458496094e+02
3.475033187866210938e+02 4.734862899780273438e+02 2.544951438903808594e+02
3.466173553466796875e+02 4.729999923706054688e+02 2.532890129089355469e+02
3.463422775268554688e+02 4.729999923706054688e+02 2.527890205383300781e+02
3.465409851074218750e+02 4.722578430175781250e+02 2.534265327453613281e+02
3.462882614135742188e+02 4.719547271728515625e+02 2.530559158325195312e+02
3.461360168457031250e+02 4.709999847412109375e+02 2.529999923706054688e+02
3.457147216796875000e+02 4.719956970214843750e+02 2.519322395324707031e+02
3.464845657348632812e+02 4.715911865234375000e+02 2.535248184204101562e+02
3.464522171020507812e+02 4.709999847412109375e+02 2.535770606994628906e+02
3.464168167114257812e+02 4.700000000000000000e+02 2.536342048645019531e+02
3.464154434204101562e+02 4.689999771118164062e+02 2.536366081237792969e+02
3.460678100585937500e+02 4.700000000000000000e+02 2.529999923706054688e+02
3.467310714721679688e+02 4.700000000000000000e+02 2.541342163085937500e+02
3.467292785644531250e+02 4.689999771118164062e+02 2.541366004943847656e+02
3.472292709350585938e+02 4.689999771118164062e+02 2.548518180847167969e+02
3.467566680908203125e+02 4.679999923706054688e+02 2.540942955017089844e+02
3.464414596557617188e+02 4.679999923706054688e+02 2.535943031311035156e+02
3.467485809326171875e+02 4.669478988647460938e+02 2.539267730712890625e+02
3.472566604614257812e+02 4.679999923706054688e+02 2.548198699951171875e+02
3.476428222656250000e+02 4.679999923706054688e+02 2.553198623657226562e+02
3.473041534423828125e+02 4.670000076293945312e+02 2.547594642639160156e+02
3.473799514770507812e+02 4.659999847412109375e+02 2.546594238281250000e+02
3.476891708374023438e+02 4.670000076293945312e+02 2.552594566345214844e+02
3.477672958374023438e+02 4.659999847412109375e+02 2.551594161987304688e+02
3.481891632080078125e+02 4.670000076293945312e+02 2.558586120605468750e+02
3.481428527832031250e+02 4.679999923706054688e+02 2.559132766723632812e+02
3.486299133300781250e+02 4.670000076293945312e+02 2.563586235046386719e+02
3.482672882080078125e+02 4.659999847412109375e+02 2.557671356201171875e+02
3.483734130859375000e+02 4.650000000000000000e+02 2.556452178955078125e+02
3.487138748168945312e+02 4.659999847412109375e+02 2.562671279907226562e+02
3.488253021240234375e+02 4.650000000000000000e+02 2.561452102661132812e+02
3.492139053344726562e+02 4.659999847412109375e+02 2.567865753173828125e+02
3.493252944946289062e+02 4.650000000000000000e+02 2.566764259338378906e+02
3.494232940673828125e+02 4.642472457885742188e+02 2.565777969360351562e+02
3.498480987548828125e+02 4.650000000000000000e+02 2.571764183044433594e+02
3.499825286865234375e+02 4.639466094970703125e+02 2.570182991027832031e+02
3.495248031616210938e+02 4.635805892944335938e+02 2.564745712280273438e+02
3.501251220703125000e+02 4.629999923706054688e+02 2.568550300598144531e+02
3.505480194091796875e+02 4.636460113525390625e+02 2.574588012695312500e+02
3.504402160644531250e+02 4.643126678466796875e+02 2.575523185729980469e+02
3.509288024902343750e+02 4.639876174926757812e+02 2.578643989562988281e+02
3.511690521240234375e+02 4.629999923706054688e+02 2.577701950073242188e+02
3.516144943237304688e+02 4.639999771118164062e+02 2.584162521362304688e+02
3.521144866943359375e+02 4.639999771118164062e+02 2.587708282470703125e+02
3.515162277221679688e+02 4.645574188232421875e+02 2.584882736206054688e+02
3.518161392211914062e+02 4.629999923706054688e+02 2.582702064514160156e+02
3.519837951660156250e+02 4.619713973999023438e+02 2.580139350891113281e+02
3.523161315917968750e+02 4.629999923706054688e+02 2.586307907104492188e+02
3.530810928344726562e+02 4.630615234375000000e+02 2.591545677185058594e+02
3.524517822265625000e+02 4.624143218994140625e+02 2.585342407226562500e+02
3.529882431030273438e+02 4.620486068725585938e+02 2.587440872192382812e+02
3.533137512207031250e+02 4.612267303466796875e+02 2.586226844787597656e+02
3.526470947265625000e+02 4.617476654052734375e+02 2.584009933471679688e+02
3.539873504638671875e+02 4.619339752197265625e+02 2.593103027343750000e+02
3.539277267456054688e+02 4.609360504150390625e+02 2.588607215881347656e+02
3.536455917358398438e+02 4.627692031860351562e+02 2.594165611267089844e+02
3.542129135131835938e+02 4.601754760742187500e+02 2.586672401428222656e+02
3.535462570190429688e+02 4.605600738525390625e+02 2.584722900390625000e+02
3.539277267456054688e+02 4.599052810668945312e+02 2.583584785461425781e+02
3.529882431030273438e+02 4.609360504150390625e+02 2.582717514038085938e+02
3.521825027465820312e+02 4.609999847412109375e+02 2.577354621887207031e+02
3.529888534545898438e+02 4.600133132934570312e+02 2.578090667724609375e+02
3.533147430419921875e+02 4.592888641357421875e+02 2.576298522949218750e+02
3.523942184448242188e+02 4.603555679321289062e+02 2.575796318054199219e+02
3.526480865478515625e+02 4.596888732910156250e+02 2.573934936523437500e+02
3.519723510742187500e+02 4.599624252319335938e+02 2.570247268676757812e+02
3.529888534545898438e+02 4.589733123779296875e+02 2.571971511840820312e+02
3.536221694946289062e+02 4.586221694946289062e+02 2.574221801757812500e+02
3.522758865356445312e+02 4.589999771118164062e+02 2.566798019409179688e+02
3.530941390991210938e+02 4.580897521972656250e+02 2.566653823852539062e+02
3.534902572631835938e+02 4.574912643432617188e+02 2.565072250366210938e+02
3.524840164184570312e+02 4.584829330444335938e+02 2.565128898620605469e+02
3.528236007690429688e+02 4.578162384033203125e+02 2.562494659423828125e+02
3.539733123779296875e+02 4.579907608032226562e+02 2.571908950805664062e+02
3.539999771118164062e+02 4.572916793823242188e+02 2.566719818115234375e+02
3.542888641357421875e+02 4.583179473876953125e+02 2.576298522949218750e+02
3.546960830688476562e+02 4.576512908935546875e+02 2.573887634277343750e+02
3.549776840209960938e+02 4.569834899902343750e+02 2.570147514343261719e+02
3.550176620483398438e+02 4.579907608032226562e+02 2.578072738647460938e+02
3.553627395629882812e+02 4.574026489257812500e+02 2.575766372680664062e+02
3.549052810668945312e+02 4.589277267456054688e+02 2.583584785461425781e+02
3.559343719482421875e+02 4.579832839965820312e+02 2.582717895507812500e+02
3.559999847412109375e+02 4.571983337402343750e+02 2.577355003356933594e+02
3.555572891235351562e+02 4.585462570190429688e+02 2.584722900390625000e+02
3.562239456176757812e+02 4.583055114746093750e+02 2.586306381225585938e+02
3.567343139648437500e+02 4.576388168334960938e+02 2.584040260314941406e+02
3.569769668579101562e+02 4.569866561889648438e+02 2.580126762390136719e+02
3.570405578613281250e+02 4.579832839965820312e+02 2.587594413757324219e+02
3.574009704589843750e+02 4.574448776245117188e+02 2.585401916503906250e+02
3.569173812866210938e+02 4.589737701416015625e+02 2.593283081054687500e+02
3.580295562744140625e+02 4.580644989013671875e+02 2.591711807250976562e+02
3.579999923706054688e+02 4.573065185546875000e+02 2.586427879333496094e+02
3.577159118652343750e+02 4.586229705810546875e+02 2.594282531738281250e+02
3.583825683593750000e+02 4.584408187866210938e+02 2.595391845703125000e+02
3.589999771118164062e+02 4.578063964843750000e+02 2.592937660217285156e+02
3.589999771118164062e+02 4.571065521240234375e+02 2.587937736511230469e+02
3.589999771118164062e+02 4.583063888549804688e+02 2.596295928955078125e+02
3.600000000000000000e+02 4.576132965087890625e+02 2.594225311279296875e+02
3.599222946166992188e+02 4.569069290161132812e+02 2.588811111450195312e+02
3.600000000000000000e+02 4.581132888793945312e+02 2.597588729858398438e+02
3.605548477172851562e+02 4.575166702270507812e+02 2.594885444641113281e+02
3.609329223632812500e+02 4.570531845092773438e+02 2.592204284667968750e+02
3.609999847412109375e+02 4.563080978393554688e+02 2.586591148376464844e+02
3.612215042114257812e+02 4.574219894409179688e+02 2.595577621459960938e+02
3.620000076293945312e+02 4.568336105346679688e+02 2.592484855651855469e+02
3.620000076293945312e+02 4.561994171142578125e+02 2.587484741210937500e+02
3.629999923706054688e+02 4.567549133300781250e+02 2.593079566955566406e+02
3.639999771118164062e+02 4.567126464843750000e+02 2.593383789062500000e+02
3.629999923706054688e+02 4.561264419555664062e+02 2.588079452514648438e+02
3.629999923706054688e+02 4.556264495849609375e+02 2.583908462524414062e+02
3.639999771118164062e+02 4.560896301269531250e+02 2.588383865356445312e+02
3.639999771118164062e+02 4.555896377563476562e+02 2.584226799011230469e+02
3.650000000000000000e+02 4.560820770263671875e+02 2.588454437255859375e+02
3.650000000000000000e+02 4.555820846557617188e+02 2.584289550781250000e+02
3.650000000000000000e+02 4.550518035888671875e+02 2.579289627075195312e+02
3.659999847412109375e+02 4.556045913696289062e+02 2.584097671508789062e+02
3.639999771118164062e+02 4.550557708740234375e+02 2.579226875305175781e+02
3.650000000000000000e+02 4.545518112182617188e+02 2.574485588073730469e+02
3.650000000000000000e+02 4.540663909912109375e+02 2.569485664367675781e+02
3.639999771118164062e+02 4.545557785034179688e+02 2.574447059631347656e+02
3.629999923706054688e+02 4.545857620239257812e+02 2.574151992797851562e+02
3.639999771118164062e+02 4.540718460083007812e+02 2.569447135925292969e+02
3.629999923706054688e+02 4.541022872924804688e+02 2.569152069091796875e+02
3.639999771118164062e+02 4.535718536376953125e+02 2.564173698425292969e+02
3.639999771118164062e+02 4.531531143188476562e+02 2.559173583984375000e+02
3.650000000000000000e+02 4.535663986206054688e+02 2.564237785339355469e+02
3.629999923706054688e+02 4.536022949218750000e+02 2.563826751708984375e+02
3.629999923706054688e+02 4.531813049316406250e+02 2.558826637268066406e+02
3.620000076293945312e+02 4.536650085449218750e+02 2.563114166259765625e+02
3.609999847412109375e+02 4.537592697143554688e+02 2.562035942077636719e+02
3.620000076293945312e+02 4.532395935058593750e+02 2.558114051818847656e+02
3.620000076293945312e+02 4.541650009155273438e+02 2.568502616882324219e+02
3.620000076293945312e+02 4.546516418457031250e+02 2.573502731323242188e+02
3.609999847412109375e+02 4.542592620849609375e+02 2.567526054382324219e+02
3.600000000000000000e+02 4.543771362304687500e+02 2.566298103332519531e+02
3.609999847412109375e+02 4.547505950927734375e+02 2.572525978088378906e+02
3.609999847412109375e+02 4.552505874633789062e+02 2.577335548400878906e+02
3.600000000000000000e+02 4.548744583129882812e+02 2.571298217773437500e+02
3.600000000000000000e+02 4.553744888305664062e+02 2.576168441772460938e+02
3.590353012084960938e+02 4.550091552734375000e+02 2.569913673400878906e+02
3.579999923706054688e+02 4.551762771606445312e+02 2.568221664428710938e+02
3.593633651733398438e+02 4.544606399536132812e+02 2.565417671203613281e+02
3.586967086791992188e+02 4.545569610595703125e+02 2.564383697509765625e+02
3.587072372436523438e+02 4.555644989013671875e+02 2.574409866333007812e+02
3.593738937377929688e+02 4.554613876342773438e+02 2.575358390808105469e+02
3.590243148803710938e+02 4.559386825561523438e+02 2.578557014465332031e+02
3.599222946166992188e+02 4.560481262207031250e+02 2.581880378723144531e+02
3.589999771118164062e+02 4.566065216064453125e+02 2.584177398681640625e+02
3.579999923706054688e+02 4.561936950683593750e+02 2.577655220031738281e+02
3.572196197509765625e+02 4.563604354858398438e+02 2.576213264465332031e+02
3.579999923706054688e+02 4.556937026977539062e+02 2.573221588134765625e+02
3.579999923706054688e+02 4.568064880371093750e+02 2.582655334472656250e+02
3.569317626953125000e+02 4.560162734985351562e+02 2.571822547912597656e+02
3.560941696166992188e+02 4.560067749023437500e+02 2.567735481262207031e+02
3.570000076293945312e+02 4.553796768188476562e+02 2.566202545166015625e+02
3.565529632568359375e+02 4.565284347534179688e+02 2.574767303466796875e+02
3.559999847412109375e+02 4.566983032226562500e+02 2.573381042480468750e+02
3.569248199462890625e+02 4.548143386840820312e+02 2.559837150573730469e+02
3.564903259277343750e+02 4.554948043823242188e+02 2.565051078796386719e+02
3.560941696166992188e+02 4.552173614501953125e+02 2.559956169128417969e+02
3.552444839477539062e+02 4.553497695922851562e+02 2.556593894958496094e+02
3.559999847412109375e+02 4.546505737304687500e+02 2.553203964233398438e+02
3.558236312866210938e+02 4.556779861450195312e+02 2.563260459899902344e+02
3.549185180664062500e+02 4.559465789794921875e+02 2.560513496398925781e+02
3.539999771118164062e+02 4.562470626831054688e+02 2.557454490661621094e+02
3.545925903320312500e+02 4.565642929077148438e+02 2.564433288574218750e+02
3.552592468261718750e+02 4.563446426391601562e+02 2.566407585144042969e+02
3.545777893066406250e+02 4.555484771728515625e+02 2.554475593566894531e+02
3.549549484252929688e+02 4.549715042114257812e+02 2.550313377380371094e+02
3.539999771118164062e+02 4.557470703125000000e+02 2.552322387695312500e+02
3.531182861328125000e+02 4.560948562622070312e+02 2.548975944519042969e+02
3.539999771118164062e+02 4.553013229370117188e+02 2.547322463989257812e+02
3.539636993408203125e+02 4.547808456420898438e+02 2.540215492248535156e+02
3.534677505493164062e+02 4.554751968383789062e+02 2.545287513732910156e+02
3.530806350708007812e+02 4.553147125244140625e+02 2.539138412475585938e+02
3.524798583984375000e+02 4.554830551147460938e+02 2.535230636596679688e+02
3.529866790771484375e+02 4.547937774658203125e+02 2.530354690551757812e+02
3.528010940551757812e+02 4.557421493530273438e+02 2.541897392272949219e+02
3.521054840087890625e+02 4.560927963256835938e+02 2.538810348510742188e+02
3.517822265625000000e+02 4.557498168945312500e+02 2.529999923706054688e+02
3.517311477661132812e+02 4.567300796508789062e+02 2.542390060424804688e+02
3.523978042602539062e+02 4.564088058471679688e+02 2.545997810363769531e+02
3.514423751831054688e+02 4.564434814453125000e+02 2.535723495483398438e+02
3.512455368041992188e+02 4.562498092651367188e+02 2.529999923706054688e+02
3.510910797119140625e+02 4.571010971069335938e+02 2.538853836059570312e+02
3.504765319824218750e+02 4.574721527099609375e+02 2.535317420959472656e+02
3.507455444335937500e+02 4.567718124389648438e+02 2.529999923706054688e+02
3.507397460937500000e+02 4.577901458740234375e+02 2.541984176635742188e+02
3.514064025878906250e+02 4.573967742919921875e+02 2.546014213562011719e+02
3.510891342163085938e+02 4.581084060668945312e+02 2.549037170410156250e+02
3.520680236816406250e+02 4.570677947998046875e+02 2.549339294433593750e+02
3.517382431030273438e+02 4.577600097656250000e+02 2.552680778503417969e+02
3.524048995971679688e+02 4.574055099487304688e+02 2.555827903747558594e+02
3.527688217163085938e+02 4.567388153076171875e+02 2.552664375305175781e+02
3.531295394897460938e+02 4.571150588989257812e+02 2.559000205993652344e+02
3.534354782104492188e+02 4.564476013183593750e+02 2.555505943298339844e+02
3.539999771118164062e+02 4.567916870117187500e+02 2.562454414367675781e+02
3.521111297607421875e+02 4.581214523315429688e+02 2.559045219421386719e+02
3.514384841918945312e+02 4.584266662597656250e+02 2.555595588684082031e+02
3.517758560180664062e+02 4.589999771118164062e+02 2.562619018554687500e+02
3.512268829345703125e+02 4.589999771118164062e+02 2.557619094848632812e+02
3.515504455566406250e+02 4.595693206787109375e+02 2.564563179016113281e+02
3.509256744384765625e+02 4.598909759521484375e+02 2.560718917846679688e+02
3.505306625366210938e+02 4.595459365844726562e+02 2.554675102233886719e+02
3.503184890747070312e+02 4.602125930786132812e+02 2.556874847412109375e+02
3.506540298461914062e+02 4.607642364501953125e+02 2.563541412353515625e+02
3.513206863403320312e+02 4.602360153198242188e+02 2.566559600830078125e+02
3.509923934936523438e+02 4.610585403442382812e+02 2.568080902099609375e+02
3.504610824584960938e+02 4.614309310913085938e+02 2.565363693237304688e+02
3.510064315795898438e+02 4.619171142578125000e+02 2.572232627868652344e+02
3.516825103759765625e+02 4.609999847412109375e+02 2.573578453063964844e+02
3.515157699584960938e+02 4.615285110473632812e+02 2.574878311157226562e+02
3.506690597534179688e+02 4.629999923706054688e+02 2.573550224304199219e+02
3.513440322875976562e+02 4.621951675415039062e+02 2.576268768310546875e+02
3.503273391723632812e+02 4.620000076293945312e+02 2.566632080078125000e+02
3.498273086547851562e+02 4.620000076293945312e+02 2.561658287048339844e+02
3.493478775024414062e+02 4.620000076293945312e+02 2.556658363342285156e+02
3.500564575195312500e+02 4.611037445068359375e+02 2.559437942504882812e+02
3.496250915527343750e+02 4.629999923706054688e+02 2.563716888427734375e+02
3.491590118408203125e+02 4.629999923706054688e+02 2.558716773986816406e+02
3.486589813232421875e+02 4.629999923706054688e+02 2.553038024902343750e+02
3.489870834350585938e+02 4.639605712890625000e+02 2.560139656066894531e+02
3.484535980224609375e+02 4.643405532836914062e+02 2.555533790588378906e+02
3.485509109497070312e+02 4.636738967895507812e+02 2.554379463195800781e+02
3.481623840332031250e+02 4.640043258666992188e+02 2.550627517700195312e+02
3.482649230957031250e+02 4.629999923706054688e+02 2.548038101196289062e+02
3.476127624511718750e+02 4.639999771118164062e+02 2.543350219726562500e+02
3.478157806396484375e+02 4.649735641479492188e+02 2.549387168884277344e+02
3.474512100219726562e+02 4.652893066406250000e+02 2.545645523071289062e+02
3.475284194946289062e+02 4.646226119995117188e+02 2.544589233398437500e+02
3.471932220458984375e+02 4.649735641479492188e+02 2.540753555297851562e+02
3.472767639160156250e+02 4.639999771118164062e+02 2.538350105285644531e+02
3.466530990600585938e+02 4.650000000000000000e+02 2.532238388061523438e+02
3.469360733032226562e+02 4.659999847412109375e+02 2.539999961853027344e+02
3.465560913085937500e+02 4.659999847412109375e+02 2.533989715576171875e+02
3.462842941284179688e+02 4.659999847412109375e+02 2.528989601135253906e+02
3.465088272094726562e+02 4.665798568725585938e+02 2.534840774536132812e+02
3.462563323974609375e+02 4.669478988647460938e+02 2.530904388427734375e+02
3.456801223754882812e+02 4.669569396972656250e+02 2.519379806518554688e+02
3.461159515380859375e+02 4.679999923706054688e+02 2.529999923706054688e+02
3.464720535278320312e+02 4.672465133666992188e+02 2.535446166992187500e+02
3.456744766235351562e+02 4.679999923706054688e+02 2.521319007873535156e+02
3.460655212402343750e+02 4.689999771118164062e+02 2.529999923706054688e+02
3.456500625610351562e+02 4.689999771118164062e+02 2.521927452087402344e+02
3.456509780883789062e+02 4.700000000000000000e+02 2.521969032287597656e+02
3.454061889648437500e+02 4.689999771118164062e+02 2.516927528381347656e+02
3.454373168945312500e+02 4.679999923706054688e+02 2.516319084167480469e+02
3.451067733764648438e+02 4.689999771118164062e+02 2.509999847412109375e+02
3.454026031494140625e+02 4.700000000000000000e+02 2.516968917846679688e+02
3.450982666015625000e+02 4.700000000000000000e+02 2.509999847412109375e+02
3.454360961914062500e+02 4.709999847412109375e+02 2.516288948059082031e+02
3.451676559448242188e+02 4.709999847412109375e+02 2.509999847412109375e+02
3.454735565185546875e+02 4.716595077514648438e+02 2.515537452697753906e+02
3.456837844848632812e+02 4.709999847412109375e+02 2.521288871765136719e+02
3.453237533569335938e+02 4.719956970214843750e+02 2.510576820373535156e+02
3.449408340454101562e+02 4.720000076293945312e+02 2.500000000000000000e+02
3.455287170410156250e+02 4.723261642456054688e+02 2.514294624328613281e+02
3.454021453857421875e+02 4.729999923706054688e+02 2.507457542419433594e+02
3.454748535156250000e+02 4.735809326171875000e+02 2.505648612976074219e+02
3.455994796752929688e+02 4.729999923706054688e+02 2.512457466125488281e+02
3.451475524902343750e+02 4.729999923706054688e+02 2.500000000000000000e+02
3.448642349243164062e+02 4.729999923706054688e+02 2.489999961853027344e+02
3.453924560546875000e+02 4.739485549926757812e+02 2.499485397338867188e+02
3.451475524902343750e+02 4.739999771118164062e+02 2.489999961853027344e+02
3.454748535156250000e+02 4.745673370361328125e+02 2.495809173583984375e+02
3.455780792236328125e+02 4.742475891113281250e+02 2.502475929260253906e+02
3.457313919067382812e+02 4.739485549926757812e+02 2.509389114379882812e+02
3.457249832153320312e+02 4.749403762817382812e+02 2.499485397338867188e+02
3.455927276611328125e+02 4.752534866333007812e+02 2.489999961853027344e+02
3.461029434204101562e+02 4.750000000000000000e+02 2.509999847412109375e+02
3.462253570556640625e+02 4.760823059082031250e+02 2.500739097595214844e+02
3.459069061279296875e+02 4.759999847412109375e+02 2.489999961853027344e+02
3.463916397094726562e+02 4.757429504394531250e+02 2.509999847412109375e+02
3.464120483398437500e+02 4.766760253906250000e+02 2.497898674011230469e+02
3.465133666992187500e+02 4.764705276489257812e+02 2.504565238952636719e+02
3.466154479980468750e+02 4.762429428100585938e+02 2.509999847412109375e+02
3.466630935668945312e+02 4.770056152343750000e+02 2.500739097595214844e+02
3.465647125244140625e+02 4.773722076416015625e+02 2.489999961853027344e+02
3.465066528320312500e+02 4.774869155883789062e+02 2.484546470642089844e+02
3.463142013549804688e+02 4.768722152709960938e+02 2.489999961853027344e+02
3.462524032592773438e+02 4.770921325683593750e+02 2.480727767944335938e+02
3.456925201416015625e+02 4.759383010864257812e+02 2.480082130432128906e+02
3.464578628540039062e+02 4.775746917724609375e+02 2.477879714965820312e+02
3.454707336425781250e+02 4.755638504028320312e+02 2.476803779602050781e+02
3.455247116088867188e+02 4.754373168945312500e+02 2.483470344543457031e+02
3.456626129150390625e+02 4.761437606811523438e+02 2.469999885559082031e+02
3.454339599609375000e+02 4.756437683105468750e+02 2.469999885559082031e+02
3.451655197143554688e+02 4.750000000000000000e+02 2.469999885559082031e+02
3.454108047485351562e+02 4.756943893432617188e+02 2.459999847412109375e+02
3.451130294799804688e+02 4.750000000000000000e+02 2.459999847412109375e+02
3.454257202148437500e+02 4.756633758544921875e+02 2.450000000000000000e+02
3.451419067382812500e+02 4.750000000000000000e+02 2.450000000000000000e+02
3.454610824584960938e+02 4.755865097045898438e+02 2.441948509216308594e+02
3.452892684936523438e+02 4.750948715209960938e+02 2.439169120788574219e+02
3.448703384399414062e+02 4.739999771118164062e+02 2.439999961853027344e+02
3.453463745117187500e+02 4.748725891113281250e+02 2.429999923706054688e+02
3.455036163330078125e+02 4.754914855957031250e+02 2.435281944274902344e+02
3.445861434936523438e+02 4.729911804199218750e+02 2.439186859130859375e+02
3.447705459594726562e+02 4.739999771118164062e+02 2.450000000000000000e+02
3.445543670654296875e+02 4.733005523681640625e+02 2.450000000000000000e+02
3.447430801391601562e+02 4.739999771118164062e+02 2.459999847412109375e+02
3.445408248901367188e+02 4.733545684814453125e+02 2.459999847412109375e+02
3.448036956787109375e+02 4.739999771118164062e+02 2.469999885559082031e+02
3.445721435546875000e+02 4.732337570190429688e+02 2.469999885559082031e+02
3.449408340454101562e+02 4.739999771118164062e+02 2.479999923706054688e+02
3.446344375610351562e+02 4.729526519775390625e+02 2.479793357849121094e+02
3.453220367431640625e+02 4.750623703002929688e+02 2.480082130432128906e+02
3.454021453857421875e+02 4.747534942626953125e+02 2.489999961853027344e+02
3.444765472412109375e+02 4.725877761840820312e+02 2.476322174072265625e+02
3.445355987548828125e+02 4.722988891601562500e+02 2.482988929748535156e+02
3.446344375610351562e+02 4.719793319702148438e+02 2.489526557922363281e+02
3.444240188598632812e+02 4.719793319702148438e+02 2.479793357849121094e+02
3.442887878417968750e+02 4.709999847412109375e+02 2.479999923706054688e+02
3.442887878417968750e+02 4.720000076293945312e+02 2.469999885559082031e+02
3.444765472412109375e+02 4.716322326660156250e+02 2.485877609252929688e+02
3.444360351562500000e+02 4.709999847412109375e+02 2.487337684631347656e+02
3.443992233276367188e+02 4.700000000000000000e+02 2.488661766052246094e+02
3.445721435546875000e+02 4.709999847412109375e+02 2.492337799072265625e+02
3.448036956787109375e+02 4.709999847412109375e+02 2.500000000000000000e+02
3.445373535156250000e+02 4.700000000000000000e+02 2.493661880493164062e+02
3.445433807373046875e+02 4.689999771118164062e+02 2.493437767028808594e+02
3.447330093383789062e+02 4.700000000000000000e+02 2.500000000000000000e+02
3.447439956665039062e+02 4.689999771118164062e+02 2.500000000000000000e+02
3.448189926147460938e+02 4.679999923706054688e+02 2.500000000000000000e+02
3.451750946044921875e+02 4.679999923706054688e+02 2.509999847412109375e+02
3.449323272705078125e+02 4.670000076293945312e+02 2.500000000000000000e+02
3.445811843872070312e+02 4.679999923706054688e+02 2.491959953308105469e+02
3.444467163085937500e+02 4.679999923706054688e+02 2.486960029602050781e+02
3.446322631835937500e+02 4.670327377319335938e+02 2.489403533935546875e+02
3.448228836059570312e+02 4.659999847412109375e+02 2.489999961853027344e+02
3.444823455810546875e+02 4.673879241943359375e+02 2.485672569274902344e+02
3.445346450805664062e+02 4.667212677001953125e+02 2.482730484008789062e+02
3.446111297607421875e+02 4.660509490966796875e+02 2.479638290405273438e+02
3.444384384155273438e+02 4.670327377319335938e+02 2.479638290405273438e+02
3.443230438232421875e+02 4.670000076293945312e+02 2.469999885559082031e+02
3.443162536621093750e+02 4.679999923706054688e+02 2.479999923706054688e+02
3.444836807250976562e+02 4.664182662963867188e+02 2.476063919067382812e+02
3.444512557983398438e+02 4.662633895874023438e+02 2.469999885559082031e+02
3.444209289550781250e+02 4.661232757568359375e+02 2.459999847412109375e+02
3.445529937744140625e+02 4.657633972167968750e+02 2.469999885559082031e+02
3.447399520874023438e+02 4.650000000000000000e+02 2.469999885559082031e+02
3.445259094238281250e+02 4.656232452392578125e+02 2.459999847412109375e+02
3.446912384033203125e+02 4.650000000000000000e+02 2.459999847412109375e+02
3.449775314331054688e+02 4.639999771118164062e+02 2.459999847412109375e+02
3.447090530395507812e+02 4.650000000000000000e+02 2.450000000000000000e+02
3.449977874755859375e+02 4.639999771118164062e+02 2.450000000000000000e+02
3.450864028930664062e+02 4.639999771118164062e+02 2.439999961853027344e+02
3.453580093383789062e+02 4.629247665405273438e+02 2.450741386413574219e+02
3.454976654052734375e+02 4.624940490722656250e+02 2.454569053649902344e+02
3.453696060180664062e+02 4.631485748291015625e+02 2.439999961853027344e+02
3.453086853027343750e+02 4.629999923706054688e+02 2.459999847412109375e+02
3.455155563354492188e+02 4.625413131713867188e+02 2.447902488708496094e+02
3.455553436279296875e+02 4.626485824584960938e+02 2.439999961853027344e+02
3.456724166870117188e+02 4.620964050292968750e+02 2.450741386413574219e+02
3.458076095581054688e+02 4.620000076293945312e+02 2.439999961853027344e+02
3.461308670043945312e+02 4.609999847412109375e+02 2.450000000000000000e+02
3.456899642944335938e+02 4.619910430908203125e+02 2.459999847412109375e+02
3.454965209960937500e+02 4.624910354614257812e+02 2.459999847412109375e+02
3.461009979248046875e+02 4.609999847412109375e+02 2.459999847412109375e+02
3.456724166870117188e+02 4.620964050292968750e+02 2.469258499145507812e+02
3.454976654052734375e+02 4.624940490722656250e+02 2.465430831909179688e+02
3.461308670043945312e+02 4.609999847412109375e+02 2.469999885559082031e+02
3.458103179931640625e+02 4.620000076293945312e+02 2.479999923706054688e+02
3.455155563354492188e+02 4.625432586669921875e+02 2.472097396850585938e+02
3.453621673583984375e+02 4.629259490966796875e+02 2.469258499145507812e+02
3.455580520629882812e+02 4.626652145385742188e+02 2.479999923706054688e+02
3.453820419311523438e+02 4.631652450561523438e+02 2.479999923706054688e+02
3.456244659423828125e+02 4.630062103271484375e+02 2.490520477294921875e+02
3.459795379638671875e+02 4.620000076293945312e+02 2.489999961853027344e+02
3.454455566406250000e+02 4.633436965942382812e+02 2.487533950805664062e+02
3.458621597290039062e+02 4.629999923706054688e+02 2.500000000000000000e+02
3.455172348022460938e+02 4.635613632202148438e+02 2.494200706481933594e+02
3.453329086303710938e+02 4.639368057250976562e+02 2.490520477294921875e+02
3.455925369262695312e+02 4.639368057250976562e+02 2.500539016723632812e+02
3.458827972412109375e+02 4.639999771118164062e+02 2.509999847412109375e+02
3.455228805541992188e+02 4.645987701416015625e+02 2.504231834411621094e+02
3.454242324829101562e+02 4.642280197143554688e+02 2.497565078735351562e+02
3.453293609619140625e+02 4.649592590332031250e+02 2.500539016723632812e+02
3.450417327880859375e+02 4.650000000000000000e+02 2.489999961853027344e+02
3.450938415527343750e+02 4.659999847412109375e+02 2.500000000000000000e+02
3.454457092285156250e+02 4.652654647827148438e+02 2.506464004516601562e+02
3.453724670410156250e+02 4.659999847412109375e+02 2.508371734619140625e+02
3.456403350830078125e+02 4.649592590332031250e+02 2.509878349304199219e+02
3.460364913940429688e+02 4.650000000000000000e+02 2.519999885559082031e+02
3.455610656738281250e+02 4.659999847412109375e+02 2.513371658325195312e+02
3.458453369140625000e+02 4.659999847412109375e+02 2.519999885559082031e+02
3.455117416381835938e+02 4.665948867797851562e+02 2.514698219299316406e+02
3.453166580200195312e+02 4.669569396972656250e+02 2.510818862915039062e+02
3.454704284667968750e+02 4.672615814208984375e+02 2.515633010864257812e+02
3.462965393066406250e+02 4.640007019042968750e+02 2.520377540588378906e+02
3.463782501220703125e+02 4.650000000000000000e+02 2.527238464355468750e+02
3.464541625976562500e+02 4.643344879150390625e+02 2.525839042663574219e+02
3.467494201660156250e+02 4.640007019042968750e+02 2.529503440856933594e+02
3.471610260009765625e+02 4.629167556762695312e+02 2.530900955200195312e+02
3.465467071533203125e+02 4.636678314208984375e+02 2.523962783813476562e+02
3.466281127929687500e+02 4.629166793823242188e+02 2.520377540588378906e+02
3.469443130493164062e+02 4.620000076293945312e+02 2.519999885559082031e+02
3.465093231201171875e+02 4.625277709960937500e+02 2.514743614196777344e+02
3.463987350463867188e+02 4.631944274902343750e+02 2.517296028137207031e+02
3.462416076660156250e+02 4.629166793823242188e+02 2.510846138000488281e+02
3.463898849487304688e+02 4.622151184082031250e+02 2.508077049255371094e+02
3.462657546997070312e+02 4.619290542602539062e+02 2.500599288940429688e+02
3.466005706787109375e+02 4.619290542602539062e+02 2.510846138000488281e+02
3.469746017456054688e+02 4.609999847412109375e+02 2.509999847412109375e+02
3.465190887451171875e+02 4.615484619140625000e+02 2.504332160949707031e+02
3.466661071777343750e+02 4.610036849975585938e+02 2.500599288940429688e+02
3.465690612792968750e+02 4.606460952758789062e+02 2.489999961853027344e+02
3.472142791748046875e+02 4.599304580688476562e+02 2.500402832031250000e+02
3.464247131347656250e+02 4.613394927978515625e+02 2.497665596008300781e+02
3.463368988037109375e+02 4.611460876464843750e+02 2.489999961853027344e+02
3.462789916992187500e+02 4.609131622314453125e+02 2.480576324462890625e+02
3.464619827270507812e+02 4.604309463500976562e+02 2.477627182006835938e+02
3.465102386474609375e+02 4.605219650268554688e+02 2.484293937683105469e+02
3.467101287841796875e+02 4.600585556030273438e+02 2.480576324462890625e+02
3.467039871215820312e+02 4.598675537109375000e+02 2.469999885559082031e+02
3.472549819946289062e+02 4.591117095947265625e+02 2.479999923706054688e+02
3.469136810302734375e+02 4.600000000000000000e+02 2.489999961853027344e+02
3.473445892333984375e+02 4.592512893676757812e+02 2.489999961853027344e+02
3.474326705932617188e+02 4.593912124633789062e+02 2.497338294982910156e+02
3.476590728759765625e+02 4.587512969970703125e+02 2.489999961853027344e+02
3.482141494750976562e+02 4.579397583007812500e+02 2.489608001708984375e+02
3.475720977783203125e+02 4.586117172241210938e+02 2.479999923706054688e+02
3.477431869506835938e+02 4.590347290039062500e+02 2.500402832031250000e+02
3.482822799682617188e+02 4.581966781616210938e+02 2.500000000000000000e+02
3.481491088867187500e+02 4.589253234863281250e+02 2.510571479797363281e+02
3.475289154052734375e+02 4.595507812500000000e+02 2.504004859924316406e+02
3.476348876953125000e+02 4.597410202026367188e+02 2.509999847412109375e+02
3.473558807373046875e+02 4.602410125732421875e+02 2.509999847412109375e+02
3.478435134887695312e+02 4.600623703002929688e+02 2.519462013244628906e+02
3.483417892456054688e+02 4.592478179931640625e+02 2.519999885559082031e+02
3.474652481079101562e+02 4.604372406005859375e+02 2.515769958496093750e+02
3.483359527587890625e+02 4.600703430175781250e+02 2.529299354553222656e+02
3.476168060302734375e+02 4.607372665405273438e+02 2.522436523437500000e+02
3.478361892700195312e+02 4.610423660278320312e+02 2.529512214660644531e+02
3.473345184326171875e+02 4.610423660278320312e+02 2.519462013244628906e+02
3.474530792236328125e+02 4.614039230346679688e+02 2.525853919982910156e+02
3.473329162597656250e+02 4.620000076293945312e+02 2.528016471862792969e+02
3.476110076904296875e+02 4.620000076293945312e+02 2.533016586303710938e+02
3.481275939941406250e+02 4.619464492797851562e+02 2.540731430053710938e+02
3.475094604492187500e+02 4.625279235839843750e+02 2.534834861755371094e+02
3.477176284790039062e+02 4.629167556762695312e+02 2.539926528930664062e+02
3.473975372314453125e+02 4.631946182250976562e+02 2.536544418334960938e+02
3.483325958251953125e+02 4.609999847412109375e+02 2.537481689453125000e+02
3.483979415893554688e+02 4.622441101074218750e+02 2.546337890625000000e+02
3.485316467285156250e+02 4.615774536132812500e+02 2.544552612304687500e+02
3.486753463745117188e+02 4.609999847412109375e+02 2.542481613159179688e+02
3.487973022460937500e+02 4.619464492797851562e+02 2.549802780151367188e+02
3.492219161987304688e+02 4.610659408569335938e+02 2.549958801269531250e+02
3.493688201904296875e+02 4.602816009521484375e+02 2.546598052978515625e+02
3.494694137573242188e+02 4.614432525634765625e+02 2.555334281921386719e+02
3.496518325805664062e+02 4.607765960693359375e+02 2.553264808654785156e+02
3.499450683593750000e+02 4.599137496948242188e+02 2.550636672973632812e+02
3.502783203125000000e+02 4.589999771118164062e+02 2.547551345825195312e+02
3.495716476440429688e+02 4.596149444580078125e+02 2.544042968750000000e+02
3.497542953491210938e+02 4.589464950561523438e+02 2.540425872802734375e+02
3.490171432495117188e+02 4.600327682495117188e+02 2.539732933044433594e+02
3.493321228027343750e+02 4.592441558837890625e+02 2.537376403808593750e+02
3.486654281616210938e+02 4.597839355468750000e+02 2.532165527343750000e+02
3.484716033935546875e+02 4.604505920410156250e+02 2.535423088073730469e+02
3.490085220336914062e+02 4.590161895751953125e+02 2.529825973510742188e+02
3.484714889526367188e+02 4.594548797607421875e+02 2.525498962402343750e+02
3.493516159057617188e+02 4.582996368408203125e+02 2.527486610412597656e+02
3.486591339111328125e+02 4.587478256225585938e+02 2.519999885559082031e+02
3.495527267456054688e+02 4.585774993896484375e+02 2.534153175354003906e+02
3.497785186767578125e+02 4.579797744750976562e+02 2.530491828918457031e+02
3.503086090087890625e+02 4.572718048095703125e+02 2.529999923706054688e+02
3.496016311645507812e+02 4.576329803466796875e+02 2.522966957092285156e+02
3.502972030639648438e+02 4.580740737915039062e+02 2.539190483093261719e+02
3.504660797119140625e+02 4.584568023681640625e+02 2.545393371582031250e+02
3.499895477294921875e+02 4.569887542724609375e+02 2.520177650451660156e+02
3.491891860961914062e+02 4.579797744750976562e+02 2.519780158996582031e+02
3.487640762329101562e+02 4.580175781250000000e+02 2.510571479797363281e+02
3.494364929199218750e+02 4.574205398559570312e+02 2.516300392150878906e+02
3.493096923828125000e+02 4.572629928588867188e+02 2.509999847412109375e+02
3.492073059082031250e+02 4.569580459594726562e+02 2.499285316467285156e+02
3.497189331054687500e+02 4.567630004882812500e+02 2.509999847412109375e+02
3.502189254760742188e+02 4.561968231201171875e+02 2.509999847412109375e+02
3.495810317993164062e+02 4.565967559814453125e+02 2.502142333984375000e+02
3.500215530395507812e+02 4.560228347778320312e+02 2.499215126037597656e+02
3.504621124267578125e+02 4.554618835449218750e+02 2.496287918090820312e+02
3.498925018310546875e+02 4.559213638305664062e+02 2.489999961853027344e+02
3.505614089965820312e+02 4.555611038208007812e+02 2.502954483032226562e+02
3.494864273071289062e+02 4.564845657348632812e+02 2.495475578308105469e+02
3.494301986694335938e+02 4.564213562011718750e+02 2.489999961853027344e+02
3.493478012084960938e+02 4.563292694091796875e+02 2.479999923706054688e+02
3.488737487792968750e+02 4.570838165283203125e+02 2.489608001708984375e+02
3.484781646728515625e+02 4.574730682373046875e+02 2.486013412475585938e+02
3.485493087768554688e+02 4.575662994384765625e+02 2.492680168151855469e+02
3.488478088378906250e+02 4.569174957275390625e+02 2.479999923706054688e+02
3.487985992431640625e+02 4.568549346923828125e+02 2.469999885559082031e+02
3.484326171875000000e+02 4.574174880981445312e+02 2.479999923706054688e+02
3.483806991577148438e+02 4.573549270629882812e+02 2.469999885559082031e+02
3.480047225952148438e+02 4.579999923706054688e+02 2.479999923706054688e+02
3.479024124145507812e+02 4.579999923706054688e+02 2.469999885559082031e+02
3.478691864013671875e+02 4.579999923706054688e+02 2.459999847412109375e+02
3.475217056274414062e+02 4.585332107543945312e+02 2.469999885559082031e+02
3.472039794921875000e+02 4.590332031250000000e+02 2.469999885559082031e+02
3.475057601928710938e+02 4.585087585449218750e+02 2.459999847412109375e+02
3.475185775756835938e+02 4.585286331176757812e+02 2.450000000000000000e+02
3.471882629394531250e+02 4.590087509155273438e+02 2.459999847412109375e+02
3.472021484375000000e+02 4.590286254882812500e+02 2.450000000000000000e+02
3.466882705688476562e+02 4.598386764526367188e+02 2.459999847412109375e+02
3.464110183715820312e+02 4.603386688232421875e+02 2.459999847412109375e+02
3.467021560668945312e+02 4.598669433593750000e+02 2.450000000000000000e+02
3.464270019531250000e+02 4.603669357299804688e+02 2.450000000000000000e+02
3.467065048217773438e+02 4.600580978393554688e+02 2.439423561096191406e+02
3.464619827270507812e+02 4.604301452636718750e+02 2.442372703552246094e+02
3.468936920166015625e+02 4.600000000000000000e+02 2.429999923706054688e+02
3.472504806518554688e+02 4.591011047363281250e+02 2.439999961853027344e+02
3.465102386474609375e+02 4.605219650268554688e+02 2.435705947875976562e+02
3.462789916992187500e+02 4.609131622314453125e+02 2.439423561096191406e+02
3.465626525878906250e+02 4.606348419189453125e+02 2.429999923706054688e+02
3.463327789306640625e+02 4.611348342895507812e+02 2.429999923706054688e+02
3.466693496704101562e+02 4.608639526367187500e+02 2.419999885559082031e+02
3.464373397827148438e+02 4.613639450073242188e+02 2.419999885559082031e+02
3.467942810058593750e+02 4.610964584350585938e+02 2.410942649841308594e+02
3.471046829223632812e+02 4.600000000000000000e+02 2.419999885559082031e+02
3.473365783691406250e+02 4.600008773803710938e+02 2.410907936096191406e+02
3.474353027343750000e+02 4.593937683105468750e+02 2.419999885559082031e+02
3.474956130981445312e+02 4.594927215576171875e+02 2.414846611022949219e+02
3.473310470581054688e+02 4.592260742187500000e+02 2.429999923706054688e+02
3.477403259277343750e+02 4.588937759399414062e+02 2.419999885559082031e+02
3.478466796875000000e+02 4.590956497192382812e+02 2.410907936096191406e+02
3.482403182983398438e+02 4.581291961669921875e+02 2.419999885559082031e+02
3.476413345336914062e+02 4.587260818481445312e+02 2.429999923706054688e+02
3.481932067871093750e+02 4.579205703735351562e+02 2.429861259460449219e+02
3.475646209716796875e+02 4.586011123657226562e+02 2.439999961853027344e+02
3.479830169677734375e+02 4.579999923706054688e+02 2.439999961853027344e+02
3.484183883666992188e+02 4.573984146118164062e+02 2.439999961853027344e+02
3.478934860229492188e+02 4.579999923706054688e+02 2.450000000000000000e+02
3.483749008178710938e+02 4.573468780517578125e+02 2.450000000000000000e+02
3.483634567260742188e+02 4.573344802856445312e+02 2.459999847412109375e+02
3.487904357910156250e+02 4.568468856811523438e+02 2.450000000000000000e+02
3.492904281616210938e+02 4.562637329101562500e+02 2.450000000000000000e+02
3.488281631469726562e+02 4.568983840942382812e+02 2.439999961853027344e+02
3.487823104858398438e+02 4.568344497680664062e+02 2.459999847412109375e+02
3.492823028564453125e+02 4.562545013427734375e+02 2.459999847412109375e+02
3.497371673583984375e+02 4.557544708251953125e+02 2.459999847412109375e+02
3.492985916137695312e+02 4.562736129760742188e+02 2.469999885559082031e+02
3.497555541992187500e+02 4.557735824584960938e+02 2.469999885559082031e+02
3.502555465698242188e+02 4.552555465698242188e+02 2.469999885559082031e+02
3.498078918457031250e+02 4.558292770385742188e+02 2.479999923706054688e+02
3.503078842163085938e+02 4.553078842163085938e+02 2.479999923706054688e+02
3.508336257934570312e+02 4.548078918457031250e+02 2.479999923706054688e+02
3.503924942016601562e+02 4.553923416137695312e+02 2.489999961853027344e+02
3.509254837036132812e+02 4.548923492431640625e+02 2.489999961853027344e+02
3.514254760742187500e+02 4.544348907470703125e+02 2.489999961853027344e+02
3.510239028930664062e+02 4.550219345092773438e+02 2.499186706542968750e+02
3.511993408203125000e+02 4.552228164672851562e+02 2.509999847412109375e+02
3.515988922119140625e+02 4.545819473266601562e+02 2.502085685729980469e+02
3.514863967895507812e+02 4.544881057739257812e+02 2.495418930053710938e+02
3.519593429565429688e+02 4.542149353027343750e+02 2.499251365661621094e+02
3.520929718017578125e+02 4.538816070556640625e+02 2.489277839660644531e+02
3.522705841064453125e+02 4.543180847167968750e+02 2.509999847412109375e+02
3.527164459228515625e+02 4.536525726318359375e+02 2.500000000000000000e+02
3.532164382934570312e+02 4.533064651489257812e+02 2.500000000000000000e+02
3.525785827636718750e+02 4.535561370849609375e+02 2.492129707336425781e+02
3.530259704589843750e+02 4.537821578979492188e+02 2.510296058654785156e+02
3.529866790771484375e+02 4.542133331298828125e+02 2.519700622558593750e+02
3.535789871215820312e+02 4.535461044311523438e+02 2.513826942443847656e+02
3.533766174316406250e+02 4.534165191650390625e+02 2.507160186767578125e+02
3.539474105834960938e+02 4.531997299194335938e+02 2.510296058654785156e+02
3.540615844726562500e+02 4.527816390991210938e+02 2.499762153625488281e+02
3.542456436157226562e+02 4.533556365966796875e+02 2.518217849731445312e+02
3.549692916870117188e+02 4.526614761352539062e+02 2.510710525512695312e+02
3.552821731567382812e+02 4.523868179321289062e+02 2.507851028442382812e+02
3.546155166625976562e+02 4.525607299804687500e+02 2.502936744689941406e+02
3.549061203002929688e+02 4.531262969970703125e+02 2.520930671691894531e+02
3.555431747436523438e+02 4.525194549560546875e+02 2.514517593383789062e+02
3.559259033203125000e+02 4.521964263916015625e+02 2.510710525512695312e+02
3.559259033203125000e+02 4.526263809204101562e+02 2.520709419250488281e+02
3.559310913085937500e+02 4.531392669677734375e+02 2.530755996704101562e+02
3.565572738647460938e+02 4.525224685668945312e+02 2.524515724182128906e+02
3.562098312377929688e+02 4.523703765869140625e+02 2.517848968505859375e+02
3.569343566894531250e+02 4.522013092041015625e+02 2.520709419250488281e+02
3.570035171508789062e+02 4.517078399658203125e+02 2.509951591491699219e+02
3.572239685058593750e+02 4.523926162719726562e+02 2.526907920837402344e+02
3.580144119262695312e+02 4.517416763305664062e+02 2.519688034057617188e+02
3.583573532104492188e+02 4.514456939697265625e+02 2.516146659851074219e+02
3.576906585693359375e+02 4.515725326538085938e+02 2.513252639770507812e+02
3.580337524414062500e+02 4.522737884521484375e+02 2.530144691467285156e+02
3.589999771118164062e+02 4.515810775756835938e+02 2.523302459716796875e+02
3.589999771118164062e+02 4.513404846191406250e+02 2.518302536010742188e+02
3.589999771118164062e+02 4.519465255737304688e+02 2.529999923706054688e+02
3.595147705078125000e+02 4.515038299560546875e+02 2.524923133850097656e+02
3.599088668823242188e+02 4.512083816528320312e+02 2.520953941345214844e+02
3.599088668823242188e+02 4.516856002807617188e+02 2.529855346679687500e+02
3.601814651489257812e+02 4.514183425903320312e+02 2.526425552368164062e+02
3.600000000000000000e+02 4.522291183471679688e+02 2.539054298400878906e+02
3.609999847412109375e+02 4.516161346435546875e+02 2.533009910583496094e+02
3.609999847412109375e+02 4.513272476196289062e+02 2.528009986877441406e+02
3.609040451049804688e+02 4.521517944335937500e+02 2.540987396240234375e+02
3.618170928955078125e+02 4.515438842773437500e+02 2.534254264831542969e+02
3.620902633666992188e+02 4.512933731079101562e+02 2.530552482604980469e+02
3.620902633666992188e+02 4.518153762817382812e+02 2.539020729064941406e+02
3.624837875366210938e+02 4.514977264404296875e+02 2.535034561157226562e+02
3.620000076293945312e+02 4.523612976074218750e+02 2.546858406066894531e+02
3.629999923706054688e+02 4.518045806884765625e+02 2.540334129333496094e+02
3.629999923706054688e+02 4.514785766601562500e+02 2.535334014892578125e+02
3.629999923706054688e+02 4.523045730590820312e+02 2.547617530822753906e+02
3.639999771118164062e+02 4.517744064331054688e+02 2.540762329101562500e+02
3.639999771118164062e+02 4.522743988037109375e+02 2.548001289367675781e+02
3.650000000000000000e+02 4.517660140991210938e+02 2.540897941589355469e+02
3.639999771118164062e+02 4.514512252807617188e+02 2.535762405395507812e+02
3.639999771118164062e+02 4.511086654663085938e+02 2.529999923706054688e+02
3.650000000000000000e+02 4.514425277709960938e+02 2.535897827148437500e+02
3.650000000000000000e+02 4.510834884643554688e+02 2.529999923706054688e+02
3.659999847412109375e+02 4.514497756958007812e+02 2.535779762268066406e+02
3.659999847412109375e+02 4.510917282104492188e+02 2.529999923706054688e+02
3.659999847412109375e+02 4.517755126953125000e+02 2.540779685974121094e+02
3.670000076293945312e+02 4.514751434326171875e+02 2.535382080078125000e+02
3.670000076293945312e+02 4.511387634277343750e+02 2.529999923706054688e+02
3.670000076293945312e+02 4.518072128295898438e+02 2.540382003784179688e+02
3.675292587280273438e+02 4.514958953857421875e+02 2.535061264038085938e+02
3.679175567626953125e+02 4.512681961059570312e+02 2.530607414245605469e+02
3.679175567626953125e+02 4.518208312988281250e+02 2.539036750793457031e+02
3.681959152221679688e+02 4.515424346923828125e+02 2.534345817565917969e+02
3.679999923706054688e+02 4.523691940307617188e+02 2.546667480468750000e+02
3.690814590454101562e+02 4.521511459350585938e+02 2.540948104858398438e+02
3.689999771118164062e+02 4.516099166870117188e+02 2.533312416076660156e+02
3.688024520874023438e+02 4.524386978149414062e+02 2.545771598815917969e+02
3.694691085815429688e+02 4.525062942504882812e+02 2.544913673400878906e+02
3.700000000000000000e+02 4.522174072265625000e+02 2.538972282409667969e+02
3.700000000000000000e+02 4.517173767089843750e+02 2.531653022766113281e+02
3.709999847412109375e+02 4.523591613769531250e+02 2.536956977844238281e+02
3.709565734863281250e+02 4.518326950073242188e+02 2.529279899597167969e+02
3.716037750244140625e+02 4.524597930908203125e+02 2.535559844970703125e+02
3.719622802734375000e+02 4.522407913208007812e+02 2.530214691162109375e+02
3.720830535888671875e+02 4.516713714599609375e+02 2.520213508605957031e+02
3.722704315185546875e+02 4.525887680053710938e+02 2.533691215515136719e+02
3.727935409545898438e+02 4.523658752441406250e+02 2.527024650573730469e+02
3.730761337280273438e+02 4.521211242675781250e+02 2.520812416076660156e+02
3.730761337280273438e+02 4.527111816406250000e+02 2.530214691162109375e+02
3.734601974487304688e+02 4.525186157226562500e+02 2.524687385559082031e+02
3.729999923706054688e+02 4.532500076293945312e+02 2.538340568542480469e+02
3.739999771118164062e+02 4.526578903198242188e+02 2.522337341308593750e+02
3.739999771118164062e+02 4.523647308349609375e+02 2.517337417602539062e+02
3.739134216308593750e+02 4.518869400024414062e+02 2.509134292602539062e+02
3.745098495483398438e+02 4.524943923950195312e+02 2.515095710754394531e+02
3.747403335571289062e+02 4.523647308349609375e+02 2.509999847412109375e+02
3.750863647460937500e+02 4.521254730224609375e+02 2.500825119018554688e+02
3.752403259277343750e+02 4.526493453979492188e+02 2.509999847412109375e+02
3.754772949218750000e+02 4.525131225585937500e+02 2.504708671569824219e+02
3.760328674316406250e+02 4.531549072265625000e+02 2.510184860229492188e+02
3.760280609130859375e+02 4.526888656616210938e+02 2.500825119018554688e+02
3.766527175903320312e+02 4.533923339843750000e+02 2.506974792480468750e+02
3.769916152954101562e+02 4.532636260986328125e+02 2.499369239807128906e+02
3.769425201416015625e+02 4.528352355957031250e+02 2.489774131774902344e+02
3.773193740844726562e+02 4.536300659179687500e+02 2.502282142639160156e+02
3.775387573242187500e+02 4.534710693359375000e+02 2.495615577697753906e+02
3.776843261718750000e+02 4.533620834350585938e+02 2.489999961853027344e+02
3.781843185424804688e+02 4.537400054931640625e+02 2.489999961853027344e+02
3.780241775512695312e+02 4.532419204711914062e+02 2.479229164123535156e+02
3.772250747680664062e+02 4.526868820190429688e+02 2.479999923706054688e+02
3.779107666015625000e+02 4.528782653808593750e+02 2.469315910339355469e+02
3.785155105590820312e+02 4.534873580932617188e+02 2.475382041931152344e+02
3.783736419677734375e+02 4.535966491699218750e+02 2.482048797607421875e+02
3.789831161499023438e+02 4.540148544311523438e+02 2.479541778564453125e+02
3.795740509033203125e+02 4.544330596923828125e+02 2.477034759521484375e+02
3.794507217407226562e+02 4.545429611206054688e+02 2.483701324462890625e+02
3.788117599487304688e+02 4.542399978637695312e+02 2.489999961853027344e+02
3.790975952148437500e+02 4.538401794433593750e+02 2.469999885559082031e+02
3.792317962646484375e+02 4.537307739257812500e+02 2.459999847412109375e+02
3.785975646972656250e+02 4.534197235107421875e+02 2.469999885559082031e+02
3.796734237670898438e+02 4.543401718139648438e+02 2.469999885559082031e+02
3.801734542846679688e+02 4.548166275024414062e+02 2.469999885559082031e+02
3.797856521606445312e+02 4.542307662963867188e+02 2.459999847412109375e+02
3.798656463623046875e+02 4.541482925415039062e+02 2.450000000000000000e+02
3.802856445312500000e+02 4.547122192382812500e+02 2.459999847412109375e+02
3.803656387329101562e+02 4.546357727050781250e+02 2.450000000000000000e+02
3.804106903076171875e+02 4.545919799804687500e+02 2.439999961853027344e+02
3.808435058593750000e+02 4.551357650756835938e+02 2.450000000000000000e+02
3.808791351318359375e+02 4.550920104980468750e+02 2.439999961853027344e+02
3.808895492553710938e+02 4.550758361816406250e+02 2.429999923706054688e+02
3.804277038574218750e+02 4.545758438110351562e+02 2.429999923706054688e+02
3.808782577514648438e+02 4.550830078125000000e+02 2.419999885559082031e+02
3.804217910766601562e+02 4.545830154418945312e+02 2.419999885559082031e+02
3.808382415771484375e+02 4.551222229003906250e+02 2.409999847412109375e+02
3.813782501220703125e+02 4.556455230712890625e+02 2.419999885559082031e+02
3.813382339477539062e+02 4.556952667236328125e+02 2.409999847412109375e+02
3.812635421752929688e+02 4.557868576049804688e+02 2.400000000000000000e+02
3.807635498046875000e+02 4.552035903930664062e+02 2.400000000000000000e+02
3.811601257324218750e+02 4.559147262573242188e+02 2.389999961853027344e+02
3.806601333618164062e+02 4.553184127807617188e+02 2.389999961853027344e+02
3.809884262084960938e+02 4.560160064697265625e+02 2.380442047119140625e+02
3.807691192626953125e+02 4.561764907836914062e+02 2.369999885559082031e+02
3.815074157714843750e+02 4.564906311035156250e+02 2.384751701354980469e+02
3.814081192016601562e+02 4.566220092773437500e+02 2.378085136413574219e+02
3.804642486572265625e+02 4.555413818359375000e+02 2.376132392883300781e+02
3.805686950683593750e+02 4.554214477539062500e+02 2.382799148559570312e+02
3.800311279296875000e+02 4.549678421020507812e+02 2.379105758666992188e+02
3.795980453491210938e+02 4.544015884399414062e+02 2.382078933715820312e+02
3.794856643676757812e+02 4.545141983032226562e+02 2.375412368774414062e+02
3.798455429077148438e+02 4.551311874389648438e+02 2.369999885559082031e+02
3.802054595947265625e+02 4.548184204101562500e+02 2.389999961853027344e+02
3.803107070922851562e+02 4.547035980224609375e+02 2.400000000000000000e+02
3.797054672241210938e+02 4.542936706542968750e+02 2.389999961853027344e+02
3.798106765747070312e+02 4.541878890991210938e+02 2.400000000000000000e+02
3.791808319091796875e+02 4.537936782836914062e+02 2.389999961853027344e+02
3.786808395385742188e+02 4.533427810668945312e+02 2.389999961853027344e+02
3.790321350097656250e+02 4.539698791503906250e+02 2.379132080078125000e+02
3.792947387695312500e+02 4.536878967285156250e+02 2.400000000000000000e+02
3.793761444091796875e+02 4.536125946044921875e+02 2.409999847412109375e+02
3.787947463989257812e+02 4.532452392578125000e+02 2.400000000000000000e+02
3.788761138916015625e+02 4.531781005859375000e+02 2.409999847412109375e+02
3.781916046142578125e+02 4.527452468872070312e+02 2.400000000000000000e+02
3.776916122436523438e+02 4.523534393310546875e+02 2.400000000000000000e+02
3.779553222656250000e+02 4.527762222290039062e+02 2.389089202880859375e+02
3.782754516601562500e+02 4.526781082153320312e+02 2.409999847412109375e+02
3.783166122436523438e+02 4.526463317871093750e+02 2.419999885559082031e+02
3.777754592895507812e+02 4.522893524169921875e+02 2.409999847412109375e+02
3.778166198730468750e+02 4.522560119628906250e+02 2.419999885559082031e+02
3.770493316650390625e+02 4.517893600463867188e+02 2.409999847412109375e+02
3.769069671630859375e+02 4.518074417114257812e+02 2.400692558288574219e+02
3.765493392944335938e+02 4.514689254760742188e+02 2.409999847412109375e+02
3.770963668823242188e+02 4.517560195922851562e+02 2.419999885559082031e+02
3.770966339111328125e+02 4.517547607421875000e+02 2.429999923706054688e+02
3.765963363647460938e+02 4.514396286010742188e+02 2.419999885559082031e+02
3.759999847412109375e+02 4.510895156860351562e+02 2.419999885559082031e+02
3.765966415405273438e+02 4.514396286010742188e+02 2.429999923706054688e+02
3.759999847412109375e+02 4.510861206054687500e+02 2.429999923706054688e+02
3.765497589111328125e+02 4.514689254760742188e+02 2.439999961853027344e+02
3.759999847412109375e+02 4.511432647705078125e+02 2.439999961853027344e+02
3.765118408203125000e+02 4.514925003051757812e+02 2.445536041259765625e+02
3.770497512817382812e+02 4.517845153808593750e+02 2.439999961853027344e+02
3.769070816040039062e+02 4.517970275878906250e+02 2.449321556091308594e+02
3.777839660644531250e+02 4.522845458984375000e+02 2.439999961853027344e+02
3.778189468383789062e+02 4.522547531127929688e+02 2.429999923706054688e+02
3.777101135253906250e+02 4.523421478271484375e+02 2.450000000000000000e+02
3.782839584350585938e+02 4.526691818237304688e+02 2.439999961853027344e+02
3.783189392089843750e+02 4.526441192626953125e+02 2.429999923706054688e+02
3.782101058959960938e+02 4.527232742309570312e+02 2.450000000000000000e+02
3.788911437988281250e+02 4.531692123413085938e+02 2.439999961853027344e+02
3.789185333251953125e+02 4.531441116333007812e+02 2.429999923706054688e+02
3.788303375244140625e+02 4.532232666015625000e+02 2.450000000000000000e+02
3.793911743164062500e+02 4.535966110229492188e+02 2.439999961853027344e+02
3.794185256958007812e+02 4.535730743408203125e+02 2.429999923706054688e+02
3.793303298950195312e+02 4.536483001708984375e+02 2.450000000000000000e+02
3.799106979370117188e+02 4.540966033935546875e+02 2.439999961853027344e+02
3.799276733398437500e+02 4.540730667114257812e+02 2.429999923706054688e+02
3.799217605590820312e+02 4.540765380859375000e+02 2.419999885559082031e+02
3.794151306152343750e+02 4.535765457153320312e+02 2.419999885559082031e+02
3.798856735229492188e+02 4.541125869750976562e+02 2.409999847412109375e+02
3.803856658935546875e+02 4.546222305297851562e+02 2.409999847412109375e+02
3.789151000976562500e+02 4.531463241577148438e+02 2.419999885559082031e+02
3.787318038940429688e+02 4.533080291748046875e+02 2.459999847412109375e+02
3.780949783325195312e+02 4.528080368041992188e+02 2.459999847412109375e+02
3.775949859619140625e+02 4.524290847778320312e+02 2.459999847412109375e+02
3.770000076293945312e+02 4.520343399047851562e+02 2.459999847412109375e+02
3.775179672241210938e+02 4.524865722656250000e+02 2.465526771545410156e+02
3.770375061035156250e+02 4.522611999511718750e+02 2.469315910339355469e+02
3.761522674560546875e+02 4.517115402221679688e+02 2.469999885559082031e+02
3.767250823974609375e+02 4.523496246337890625e+02 2.479999923706054688e+02
3.773958587646484375e+02 4.525708007812500000e+02 2.472193336486816406e+02
3.759217453002929688e+02 4.518278121948242188e+02 2.479430389404296875e+02
3.765708923339843750e+02 4.524522781372070312e+02 2.486290168762207031e+02
3.760280609130859375e+02 4.522395706176757812e+02 2.489774131774902344e+02
3.757134628295898438e+02 4.523668289184570312e+02 2.498042106628417969e+02
3.763801193237304688e+02 4.525759887695312500e+02 2.492956924438476562e+02
3.750144195556640625e+02 4.516784286499023438e+02 2.490725708007812500e+02
3.753573608398437500e+02 4.515801620483398438e+02 2.482384109497070312e+02
3.746907043457031250e+02 4.513939666748046875e+02 2.487876129150390625e+02
3.744669723510742188e+02 4.515170669555664062e+02 2.494542884826660156e+02
3.740801620483398438e+02 4.511820602416992188e+02 2.490725708007812500e+02
3.742420196533203125e+02 4.516317367553710938e+02 2.500000000000000000e+02
3.737420272827148438e+02 4.513773727416992188e+02 2.500000000000000000e+02
3.735224151611328125e+02 4.514885711669921875e+02 2.505224037170410156e+02
3.729999923706054688e+02 4.510353851318359375e+02 2.500000000000000000e+02
3.730152130126953125e+02 4.506669235229492188e+02 2.490403175354003906e+02
3.720419311523437500e+02 4.506583023071289062e+02 2.500241470336914062e+02
3.729999923706054688e+02 4.513728713989257812e+02 2.507511711120605469e+02
3.720830535888671875e+02 4.511682128906250000e+02 2.510874938964843750e+02
3.729999923706054688e+02 4.516270065307617188e+02 2.512511825561523438e+02
3.724717712402343750e+02 4.515107727050781250e+02 2.514791679382324219e+02
3.709954071044921875e+02 4.507329559326171875e+02 2.509587860107421875e+02
3.718051147460937500e+02 4.513852310180664062e+02 2.517022705078125000e+02
3.709565734863281250e+02 4.512831115722656250e+02 2.520213508605957031e+02
3.705942535400390625e+02 4.514701080322265625e+02 2.525466537475585938e+02
3.712609481811523438e+02 4.515756225585937500e+02 2.523689460754394531e+02
3.700000000000000000e+02 4.510081863403320312e+02 2.519999885559082031e+02
3.700000000000000000e+02 4.506140518188476562e+02 2.512689781188964844e+02
3.700000000000000000e+02 4.513941574096679688e+02 2.526652908325195312e+02
3.689771652221679688e+02 4.507528686523437500e+02 2.519240188598632812e+02
3.679999923706054688e+02 4.507133102416992188e+02 2.521190452575683594e+02
3.686285781860351562e+02 4.504776763916015625e+02 2.515400314331054688e+02
3.692952346801757812e+02 4.505355072021484375e+02 2.514273262023925781e+02
3.689999771118164062e+02 4.512894439697265625e+02 2.528312301635742188e+02
3.689771652221679688e+02 4.503049850463867188e+02 2.510564041137695312e+02
3.700000000000000000e+02 4.503700637817382812e+02 2.507689857482910156e+02
3.679999923706054688e+02 4.501387786865234375e+02 2.509999847412109375e+02
3.689999771118164062e+02 4.498513031005859375e+02 2.500000000000000000e+02
3.679438400268554688e+02 4.496797943115234375e+02 2.499117469787597656e+02
3.689999771118164062e+02 4.495783233642578125e+02 2.492838096618652344e+02
3.700000000000000000e+02 4.500426483154296875e+02 2.500000000000000000e+02
3.700081253051757812e+02 4.496594238281250000e+02 2.489697837829589844e+02
3.709954071044921875e+02 4.503107833862304688e+02 2.500241470336914062e+02
3.709999847412109375e+02 4.499245452880859375e+02 2.489999961853027344e+02
3.706589889526367188e+02 4.504517364501953125e+02 2.505979728698730469e+02
3.713256454467773438e+02 4.505531692504882812e+02 2.503735733032226562e+02
3.717365264892578125e+02 4.504142761230468750e+02 2.497069168090820312e+02
3.720419311523437500e+02 4.502775573730468750e+02 2.490403175354003906e+02
3.724031829833984375e+02 4.505354309082031250e+02 2.494005393981933594e+02
3.726920318603515625e+02 4.504174423217773438e+02 2.487338829040527344e+02
3.720000076293945312e+02 4.499371719360351562e+02 2.479999923706054688e+02
3.710132598876953125e+02 4.496246719360351562e+02 2.480203819274902344e+02
3.719587326049804688e+02 4.496726226806640625e+02 2.469930648803710938e+02
3.730152130126953125e+02 4.503235244750976562e+02 2.479766082763671875e+02
3.729999923706054688e+02 4.500702667236328125e+02 2.469999885559082031e+02
3.735770416259765625e+02 4.504618453979492188e+02 2.476276969909667969e+02
3.733586883544921875e+02 4.505615615844726562e+02 2.482943534851074219e+02
3.739462280273437500e+02 4.507495880126953125e+02 2.479766082763671875e+02
3.742358398437500000e+02 4.506306076049804688e+02 2.469999885559082031e+02
3.750144195556640625e+02 4.512994384765625000e+02 2.479430389404296875e+02
3.750000000000000000e+02 4.510385513305664062e+02 2.469999885559082031e+02
3.755362319946289062e+02 4.514779663085937500e+02 2.475717544555664062e+02
3.756522750854492188e+02 4.514079284667968750e+02 2.469999885559082031e+02
3.758267211914062500e+02 4.513047790527343750e+02 2.459999847412109375e+02
3.749123764038085938e+02 4.507720184326171875e+02 2.459391021728515625e+02
3.760612869262695312e+02 4.512770462036132812e+02 2.449321556091308594e+02
3.763267135620117188e+02 4.516052627563476562e+02 2.459999847412109375e+02
3.764354705810546875e+02 4.515388488769531250e+02 2.452202796936035156e+02
3.750926971435546875e+02 4.507269287109375000e+02 2.450000000000000000e+02
3.751881408691406250e+02 4.506743621826171875e+02 2.439999961853027344e+02
3.745927047729492188e+02 4.504484939575195312e+02 2.450000000000000000e+02
3.739999771118164062e+02 4.501666641235351562e+02 2.450000000000000000e+02
3.746881484985351562e+02 4.503959274291992188e+02 2.439999961853027344e+02
3.745206069946289062e+02 4.504885101318359375e+02 2.455651855468750000e+02
3.740424346923828125e+02 4.503235244750976562e+02 2.459391021728515625e+02
3.737358474731445312e+02 4.503854370117187500e+02 2.469999885559082031e+02
3.744041061401367188e+02 4.505469894409179688e+02 2.462318420410156250e+02
3.729999923706054688e+02 4.498784255981445312e+02 2.459999847412109375e+02
3.722554397583007812e+02 4.495904159545898438e+02 2.459999847412109375e+02
3.729015350341796875e+02 4.496949386596679688e+02 2.449056053161621094e+02
3.725025558471679688e+02 4.494990158081054688e+02 2.445093536376953125e+02
3.724094009399414062e+02 4.495340347290039062e+02 2.451760292053222656e+02
3.730372619628906250e+02 4.496733856201171875e+02 2.439999961853027344e+02
3.725372695922851562e+02 4.494861221313476562e+02 2.439999961853027344e+02
3.730815505981445312e+02 4.496518325805664062e+02 2.429999923706054688e+02
3.739999771118164062e+02 4.500693130493164062e+02 2.439999961853027344e+02
3.739999771118164062e+02 4.500213241577148438e+02 2.429999923706054688e+02
3.739999771118164062e+02 4.500385284423828125e+02 2.419999885559082031e+02
3.747374725341796875e+02 4.503694534301757812e+02 2.429999923706054688e+02
3.747267532348632812e+02 4.503770446777343750e+02 2.419999885559082031e+02
3.752374649047851562e+02 4.506464767456054688e+02 2.429999923706054688e+02
3.752267837524414062e+02 4.506499099731445312e+02 2.419999885559082031e+02
3.751589202880859375e+02 4.506818008422851562e+02 2.409999847412109375e+02
3.759999847412109375e+02 4.511507415771484375e+02 2.409999847412109375e+02
3.746589279174804688e+02 4.504156875610351562e+02 2.409999847412109375e+02
3.749469757080078125e+02 4.506927108764648438e+02 2.399311637878417969e+02
3.745782852172851562e+02 4.504590606689453125e+02 2.402186012268066406e+02
3.744826507568359375e+02 4.505075836181640625e+02 2.395519447326660156e+02
3.750000000000000000e+02 4.508866500854492188e+02 2.389999961853027344e+02
3.760585021972656250e+02 4.512836837768554688e+02 2.400692558288574219e+02
3.758086013793945312e+02 4.513201522827148438e+02 2.389999961853027344e+02
3.764308166503906250e+02 4.515411376953125000e+02 2.397821044921875000e+02
3.765116119384765625e+02 4.514925003051757812e+02 2.404487800598144531e+02
3.763085937500000000e+02 4.516133117675781250e+02 2.389999961853027344e+02
3.759883880615234375e+02 4.516956710815429688e+02 2.379194068908691406e+02
3.770971298217773438e+02 4.521481704711914062e+02 2.389089202880859375e+02
3.768847656250000000e+02 4.522375488281250000e+02 2.379999923706054688e+02
3.774952316284179688e+02 4.525033187866210938e+02 2.385148811340332031e+02
3.775922012329101562e+02 4.524291992187500000e+02 2.391815567016601562e+02
3.773847961425781250e+02 4.525812149047851562e+02 2.379999923706054688e+02
3.770106506347656250e+02 4.527060699462890625e+02 2.369029808044433594e+02
3.780725860595703125e+02 4.531239318847656250e+02 2.379710960388183594e+02
3.778073883056640625e+02 4.532561111450195312e+02 2.369999885559082031e+02
3.784542846679687500e+02 4.535381698608398438e+02 2.376185035705566406e+02
3.785786056518554688e+02 4.534316253662109375e+02 2.382851791381835938e+02
3.783073806762695312e+02 4.536600494384765625e+02 2.369999885559082031e+02
3.780593490600585938e+02 4.539507675170898438e+02 2.358994483947753906e+02
3.788669586181640625e+02 4.541600418090820312e+02 2.369999885559082031e+02
3.786702728271484375e+02 4.543418884277343750e+02 2.361728858947753906e+02
3.793669509887695312e+02 4.546311569213867188e+02 2.369999885559082031e+02
3.790021514892578125e+02 4.547953796386718750e+02 2.359037399291992188e+02
3.789830017089843750e+02 4.552196121215820312e+02 2.350951957702636719e+02
3.796258163452148438e+02 4.553668975830078125e+02 2.359999847412109375e+02
3.784964752197265625e+02 4.545030975341796875e+02 2.355062294006347656e+02
3.783251953125000000e+02 4.546531295776367188e+02 2.350000000000000000e+02
3.780011367797851562e+02 4.550002288818359375e+02 2.340008735656738281e+02
3.778252029418945312e+02 4.542298889160156250e+02 2.350000000000000000e+02
3.770512390136718750e+02 4.536872100830078125e+02 2.349057960510253906e+02
3.776037597656250000e+02 4.544136047363281250e+02 2.343666267395019531e+02
3.769953155517578125e+02 4.541819381713867188e+02 2.340199661254882812e+02
3.766588592529296875e+02 4.543841171264648438e+02 2.333395004272460938e+02
3.773255157470703125e+02 4.546327209472656250e+02 2.336999702453613281e+02
3.760950088500976562e+02 4.536347198486328125e+02 2.339014625549316406e+02
3.758250045776367188e+02 4.532931137084960938e+02 2.341691207885742188e+02
3.759849929809570312e+02 4.541754150390625000e+02 2.330037117004394531e+02
3.764916610717773438e+02 4.535054779052734375e+02 2.345096588134765625e+02
3.754971694946289062e+02 4.535015869140625000e+02 2.335024642944335938e+02
3.750469207763671875e+02 4.529731369018554688e+02 2.339592742919921875e+02
3.750983047485351562e+02 4.536778640747070312e+02 2.329453468322753906e+02
3.749142456054687500e+02 4.542687225341796875e+02 2.320300292968750000e+02
3.748305130004882812e+02 4.533198547363281250e+02 2.332422637939453125e+02
3.743824386596679688e+02 4.535549163818359375e+02 2.325755882263183594e+02
3.740294647216796875e+02 4.538229751586914062e+02 2.320229148864746094e+02
3.740294647216796875e+02 4.531336593627929688e+02 2.329453468322753906e+02
3.737157821655273438e+02 4.534009552001953125e+02 2.323715400695800781e+02
3.739999771118164062e+02 4.526163482666015625e+02 2.336894035339355469e+02
3.730970001220703125e+02 4.527027130126953125e+02 2.329878425598144531e+02
3.722010803222656250e+02 4.526016235351562500e+02 2.326463890075683594e+02
3.729999923706054688e+02 4.532519531250000000e+02 2.321771240234375000e+02
3.728283309936523438e+02 4.523734664916992188e+02 2.333130645751953125e+02
3.734949874877929688e+02 4.525019454956054688e+02 2.335031127929687500e+02
3.730970001220703125e+02 4.521088409423828125e+02 2.339018630981445312e+02
3.729999923706054688e+02 4.516059494018554688e+02 2.347113609313964844e+02
3.739999771118164062e+02 4.523105239868164062e+02 2.341893959045410156e+02
3.720823669433593750e+02 4.516892623901367188e+02 2.340010833740234375e+02
3.718039703369140625e+02 4.514044189453125000e+02 2.343351364135742188e+02
3.719206237792968750e+02 4.522765731811523438e+02 2.329878425598144531e+02
3.709999847412109375e+02 4.515861511230468750e+02 2.336461257934570312e+02
3.724706268310546875e+02 4.515093612670898438e+02 2.345182418823242188e+02
3.720823669433593750e+02 4.511932373046875000e+02 2.349109458923339844e+02
3.720314025878906250e+02 4.506715774536132812e+02 2.360055351257324219e+02
3.729999923706054688e+02 4.513559722900390625e+02 2.352113533020019531e+02
3.709168624877929688e+02 4.507817077636718750e+02 2.350914764404296875e+02
3.700000000000000000e+02 4.506861114501953125e+02 2.348794364929199219e+02
3.709999847412109375e+02 4.512958526611328125e+02 2.341461372375488281e+02
3.711948013305664062e+02 4.505750656127929688e+02 2.356759071350097656e+02
3.705281448364257812e+02 4.504930114746093750e+02 2.354858016967773438e+02
3.700000000000000000e+02 4.504415512084960938e+02 2.353794479370117188e+02
3.709168624877929688e+02 4.503680038452148438e+02 2.360055351257324219e+02
3.700000000000000000e+02 4.501753616333007812e+02 2.359999847412109375e+02
3.709999847412109375e+02 4.500101089477539062e+02 2.369999885559082031e+02
3.717189788818359375e+02 4.504334259033203125e+02 2.363425827026367188e+02
3.720314025878906250e+02 4.503008270263671875e+02 2.369584083557128906e+02
3.720000076293945312e+02 4.499611663818359375e+02 2.379999923706054688e+02
3.723856735229492188e+02 4.505350494384765625e+02 2.365973472595214844e+02
3.727359771728515625e+02 4.504159927368164062e+02 2.372640037536621094e+02
3.730415725708007812e+02 4.503059005737304688e+02 2.379721832275390625e+02
3.730415725708007812e+02 4.506351470947265625e+02 2.369584083557128906e+02
3.729999923706054688e+02 4.509986495971679688e+02 2.359999847412109375e+02
3.734026336669921875e+02 4.505350494384765625e+02 2.376202964782714844e+02
3.739999771118164062e+02 4.509986495971679688e+02 2.369999885559082031e+02
3.739467239379882812e+02 4.513515853881835938e+02 2.360532760620117188e+02
3.739866638183593750e+02 4.506752014160156250e+02 2.379721832275390625e+02
3.747886276245117188e+02 4.513559722900390625e+02 2.369999885559082031e+02
3.745697784423828125e+02 4.514654159545898438e+02 2.364221382141113281e+02
3.750890350341796875e+02 4.512026596069335938e+02 2.379194068908691406e+02
3.752886199951171875e+02 4.516059494018554688e+02 2.369999885559082031e+02
3.749418640136718750e+02 4.518165206909179688e+02 2.360532760620117188e+02
3.754817199707031250e+02 4.515093612670898438e+02 2.375323677062988281e+02
3.760980987548828125e+02 4.521088409423828125e+02 2.369029808044433594e+02
3.758105850219726562e+02 4.523105239868164062e+02 2.359999847412109375e+02
3.764968490600585938e+02 4.525019836425781250e+02 2.365049743652343750e+02
3.766844558715820312e+02 4.523734664916992188e+02 2.371716499328613281e+02
3.763105773925781250e+02 4.526174545288085938e+02 2.359999847412109375e+02
3.760377883911132812e+02 4.529738616943359375e+02 2.349564743041992188e+02
3.770512390136718750e+02 4.531359100341796875e+02 2.359756088256835938e+02
3.767520523071289062e+02 4.533213043212890625e+02 2.351763153076171875e+02
3.774187088012695312e+02 4.535596084594726562e+02 2.356260108947753906e+02
3.776222229003906250e+02 4.534032058715820312e+02 2.362926864624023438e+02
3.755839157104492188e+02 4.524488067626953125e+02 2.354033088684082031e+02
3.752633666992187500e+02 4.526264572143554688e+02 2.347366333007812500e+02
3.749580001831054688e+02 4.523066329956054688e+02 2.350419807434082031e+02
3.739467239379882812e+02 4.518165206909179688e+02 2.350581359863281250e+02
3.745966720581054688e+02 4.524488067626953125e+02 2.344160842895507812e+02
3.742444992065429688e+02 4.516134643554687500e+02 2.357554626464843750e+02
3.735778427124023438e+02 4.514654159545898438e+02 2.354302215576171875e+02
3.756472778320312500e+02 4.514141464233398438e+02 2.381990242004394531e+02
3.736444473266601562e+02 4.504383850097656250e+02 2.382869720458984375e+02
3.743453216552734375e+02 4.505664825439453125e+02 2.389999961853027344e+02
3.738453292846679688e+02 4.503525543212890625e+02 2.389999961853027344e+02
3.740895843505859375e+02 4.502845764160156250e+02 2.399311637878417969e+02
3.729999923706054688e+02 4.500311660766601562e+02 2.389999961853027344e+02
3.719391632080078125e+02 4.496778106689453125e+02 2.390485763549804688e+02
3.729999923706054688e+02 4.498465728759765625e+02 2.400000000000000000e+02
3.722295379638671875e+02 4.495851516723632812e+02 2.400000000000000000e+02
3.729022598266601562e+02 4.496797180175781250e+02 2.410915184020996094e+02
3.724074554443359375e+02 4.495308303833007812e+02 2.408192062377929688e+02
3.730490875244140625e+02 4.496614837646484375e+02 2.419999885559082031e+02
3.739999771118164062e+02 4.501172256469726562e+02 2.409999847412109375e+02
3.725037765502929688e+02 4.494986343383789062e+02 2.414858818054199219e+02
3.720444488525390625e+02 4.493814468383789062e+02 2.410915184020996094e+02
3.725490570068359375e+02 4.494823837280273438e+02 2.419999885559082031e+02
3.720000076293945312e+02 4.492888641357421875e+02 2.419999885559082031e+02
3.725815582275390625e+02 4.494702911376953125e+02 2.429999923706054688e+02
3.720000076293945312e+02 4.492597198486328125e+02 2.429999923706054688e+02
3.709999847412109375e+02 4.489408111572265625e+02 2.429999923706054688e+02
3.720000076293945312e+02 4.492884063720703125e+02 2.439999961853027344e+02
3.709999847412109375e+02 4.489636611938476562e+02 2.439999961853027344e+02
3.720456314086914062e+02 4.493708038330078125e+02 2.449056053161621094e+02
3.709999847412109375e+02 4.490373229980468750e+02 2.450000000000000000e+02
3.717554473876953125e+02 4.494054794311523438e+02 2.459999847412109375e+02
3.715978622436523438e+02 4.494640731811523438e+02 2.466551208496093750e+02
3.709999847412109375e+02 4.491695022583007812e+02 2.459999847412109375e+02
3.710132598876953125e+02 4.493681716918945312e+02 2.469930648803710938e+02
3.700000000000000000e+02 4.489063644409179688e+02 2.459999847412109375e+02
3.689999771118164062e+02 4.486989974975585938e+02 2.459999847412109375e+02
3.700000000000000000e+02 4.487705612182617188e+02 2.450000000000000000e+02
3.700000000000000000e+02 4.491069030761718750e+02 2.469999885559082031e+02
3.700081253051757812e+02 4.493646621704101562e+02 2.480203819274902344e+02
3.689999771118164062e+02 4.489063644409179688e+02 2.469999885559082031e+02
3.679999923706054688e+02 4.487705612182617188e+02 2.469999885559082031e+02
3.689999771118164062e+02 4.491611099243164062e+02 2.479999923706054688e+02
3.679999923706054688e+02 4.490301132202148438e+02 2.479999923706054688e+02
3.689999771118164062e+02 4.493970870971679688e+02 2.487838172912597656e+02
3.679438400268554688e+02 4.493611907958984375e+02 2.490572547912597656e+02
3.696801757812500000e+02 4.494581985473632812e+02 2.486162948608398438e+02
3.675730895996093750e+02 4.494926071166992188e+02 2.495195960998535156e+02
3.682397460937500000e+02 4.495262908935546875e+02 2.494287681579589844e+02
3.670000076293945312e+02 4.492719650268554688e+02 2.489999961853027344e+02
3.670000076293945312e+02 4.489519500732421875e+02 2.479999923706054688e+02
3.670000076293945312e+02 4.494778442382812500e+02 2.495598602294921875e+02
3.659999847412109375e+02 4.492478179931640625e+02 2.489999961853027344e+02
3.659999847412109375e+02 4.489238739013671875e+02 2.479999923706054688e+02
3.659999847412109375e+02 4.494668197631835938e+02 2.495913887023925781e+02
3.650000000000000000e+02 4.492661285400390625e+02 2.489999961853027344e+02
3.650000000000000000e+02 4.489495849609375000e+02 2.479999923706054688e+02
3.650000000000000000e+02 4.494743347167968750e+02 2.495718193054199219e+02
3.639971542358398438e+02 4.493512725830078125e+02 2.490805816650390625e+02
3.629999923706054688e+02 4.493747711181640625e+02 2.488697242736816406e+02
3.639999771118164062e+02 4.490189361572265625e+02 2.479999923706054688e+02
3.636619567871093750e+02 4.495113372802734375e+02 2.494676589965820312e+02
3.643286132812500000e+02 4.494879150390625000e+02 2.495341110229492188e+02
3.639971542358398438e+02 4.496465682983398438e+02 2.499204635620117188e+02
3.639999771118164062e+02 4.500625991821289062e+02 2.509999847412109375e+02
3.650000000000000000e+02 4.496512985229492188e+02 2.500718116760253906e+02
3.629999923706054688e+02 4.497597122192382812e+02 2.500000000000000000e+02
3.629999923706054688e+02 4.495433425903320312e+02 2.493697166442871094e+02
3.620000076293945312e+02 4.498831939697265625e+02 2.500000000000000000e+02
3.629999923706054688e+02 4.501442718505859375e+02 2.509999847412109375e+02
3.619642257690429688e+02 4.503014373779296875e+02 2.510785293579101562e+02
3.629999923706054688e+02 4.504279327392578125e+02 2.516376495361328125e+02
3.622737121582031250e+02 4.504674911499023438e+02 2.515631294250488281e+02
3.629999923706054688e+02 4.506901931762695312e+02 2.521376609802246094e+02
3.639999771118164062e+02 4.503878784179687500e+02 2.517091560363769531e+02
3.639999771118164062e+02 4.506574249267578125e+02 2.522091674804687500e+02
3.650000000000000000e+02 4.503662109375000000e+02 2.517454338073730469e+02
3.650000000000000000e+02 4.500175094604492188e+02 2.509999847412109375e+02
3.650000000000000000e+02 4.506409454345703125e+02 2.522454261779785156e+02
3.659999847412109375e+02 4.503646850585937500e+02 2.517460441589355469e+02
3.659999847412109375e+02 4.500122070312500000e+02 2.509999847412109375e+02
3.659999847412109375e+02 4.506419372558593750e+02 2.522460365295410156e+02
3.670000076293945312e+02 4.503845214843750000e+02 2.517084884643554688e+02
3.670000076293945312e+02 4.506636047363281250e+02 2.522084808349609375e+02
3.679999923706054688e+02 4.504337692260742188e+02 2.516190528869628906e+02
3.670000076293945312e+02 4.500477218627929688e+02 2.509999847412109375e+02
3.670000076293945312e+02 4.496632003784179688e+02 2.500598526000976562e+02
3.659999847412109375e+02 4.496475219726562500e+02 2.500914001464843750e+02
3.629999923706054688e+02 4.511687850952148438e+02 2.529999923706054688e+02
3.619642257690429688e+02 4.507039642333984375e+02 2.519378662109375000e+02
3.609999847412109375e+02 4.509042739868164062e+02 2.519999885559082031e+02
3.616070175170898438e+02 4.505153656005859375e+02 2.514642333984375000e+02
3.609999847412109375e+02 4.505770111083984375e+02 2.513187026977539062e+02
3.599809265136718750e+02 4.506793212890625000e+02 2.509764099121093750e+02
3.609999847412109375e+02 4.503655624389648438e+02 2.508187103271484375e+02
3.603015518188476562e+02 4.504462814331054688e+02 2.506273651123046875e+02
3.609999847412109375e+02 4.500606536865234375e+02 2.500000000000000000e+02
3.610842132568359375e+02 4.496957778930664062e+02 2.489111328125000000e+02
3.599809265136718750e+02 4.503177642822265625e+02 2.500378417968750000e+02
3.592497634887695312e+02 4.504194641113281250e+02 2.497297477722167969e+02
3.600000000000000000e+02 4.499831008911132812e+02 2.489999961853027344e+02
3.596348953247070312e+02 4.505366134643554688e+02 2.503964233398437500e+02
3.589498519897460938e+02 4.506231689453125000e+02 2.500378417968750000e+02
3.585831069946289062e+02 4.505270004272460938e+02 2.494017219543457031e+02
3.579999923706054688e+02 4.509449005126953125e+02 2.500000000000000000e+02
3.589999771118164062e+02 4.509741973876953125e+02 2.509999847412109375e+02
3.580144119262695312e+02 4.513131713867187500e+02 2.509951591491699219e+02
3.573392105102539062e+02 4.514345932006835938e+02 2.506585884094238281e+02
3.570035171508789062e+02 4.513327407836914062e+02 2.499683761596679688e+02
3.570000076293945312e+02 4.510550689697265625e+02 2.489999961853027344e+02
3.564226531982421875e+02 4.514633560180664062e+02 2.496139717102050781e+02
3.566725540161132812e+02 4.515701675415039062e+02 2.502806282043457031e+02
3.560535812377929688e+02 4.517463302612304688e+02 2.499683761596679688e+02
3.549692916870117188e+02 4.522817230224609375e+02 2.499762153625488281e+02
3.557582855224609375e+02 4.516224288940429688e+02 2.489999961853027344e+02
3.562583160400390625e+02 4.513836288452148438e+02 2.489999961853027344e+02
3.550000000000000000e+02 4.520116806030273438e+02 2.489999961853027344e+02
3.555884170532226562e+02 4.515430450439453125e+02 2.482541465759277344e+02
3.550831604003906250e+02 4.517603302001953125e+02 2.479524803161621094e+02
3.559530258178710938e+02 4.513111495971679688e+02 2.479524803161621094e+02
3.554719543457031250e+02 4.514845657348632812e+02 2.475874710083007812e+02
3.559999847412109375e+02 4.511438369750976562e+02 2.469999885559082031e+02
3.570000076293945312e+02 4.508322143554687500e+02 2.479999923706054688e+02
3.570433044433593750e+02 4.506596755981445312e+02 2.470847702026367188e+02
3.576381683349609375e+02 4.505567169189453125e+02 2.479999923706054688e+02
3.581381988525390625e+02 4.503504943847656250e+02 2.479999923706054688e+02
3.575085067749023438e+02 4.505036163330078125e+02 2.474746322631835938e+02
3.580054473876953125e+02 4.506533432006835938e+02 2.490410423278808594e+02
3.583423995971679688e+02 4.504356765747070312e+02 2.487350654602050781e+02
3.589498519897460938e+02 4.503098297119140625e+02 2.490410423278808594e+02
3.589999771118164062e+02 4.500395584106445312e+02 2.479999923706054688e+02
3.589999771118164062e+02 4.498612594604492188e+02 2.469999885559082031e+02
3.600824356079101562e+02 4.496909332275390625e+02 2.479233169555664062e+02
3.598276138305664062e+02 4.495998382568359375e+02 2.469999885559082031e+02
3.608069992065429688e+02 4.495661926269531250e+02 2.482055282592773438e+02
3.604707336425781250e+02 4.494911956787109375e+02 2.475388717651367188e+02
3.603276062011718750e+02 4.494457244873046875e+02 2.469999885559082031e+02
3.610842132568359375e+02 4.494424819946289062e+02 2.479233169555664062e+02
3.609999847412109375e+02 4.492795562744140625e+02 2.469999885559082031e+02
3.620000076293945312e+02 4.492801666259765625e+02 2.479999923706054688e+02
3.614736557006835938e+02 4.494942855834960938e+02 2.485185432434082031e+02
3.620000076293945312e+02 4.494485855102539062e+02 2.486578941345214844e+02
3.620000076293945312e+02 4.496070098876953125e+02 2.491578865051269531e+02
3.620000076293945312e+02 4.490688323974609375e+02 2.469999885559082031e+02
3.629999923706054688e+02 4.491267013549804688e+02 2.479999923706054688e+02
3.629999923706054688e+02 4.488986968994140625e+02 2.469999885559082031e+02
3.629999923706054688e+02 4.487205886840820312e+02 2.459999847412109375e+02
3.639999771118164062e+02 4.487762451171875000e+02 2.469999885559082031e+02
3.640108489990234375e+02 4.485780715942382812e+02 2.459688377380371094e+02
3.650000000000000000e+02 4.486902618408203125e+02 2.469999885559082031e+02
3.659999847412109375e+02 4.486527252197265625e+02 2.469999885559082031e+02
3.650000000000000000e+02 4.485324096679687500e+02 2.462995719909667969e+02
3.650000000000000000e+02 4.484495925903320312e+02 2.457995796203613281e+02
3.659999847412109375e+02 4.485098266601562500e+02 2.464443206787109375e+02
3.670000076293945312e+02 4.485261154174804688e+02 2.463554382324218750e+02
3.659999847412109375e+02 4.484205627441406250e+02 2.459443283081054688e+02
3.659999847412109375e+02 4.482683944702148438e+02 2.450000000000000000e+02
3.670000076293945312e+02 4.484346389770507812e+02 2.458554267883300781e+02
3.670000076293945312e+02 4.482996368408203125e+02 2.450000000000000000e+02
3.677570343017578125e+02 4.484700012207031250e+02 2.456661796569824219e+02
3.680542373657226562e+02 4.484199905395507812e+02 2.450542259216308594e+02
3.680542373657226562e+02 4.485633468627929688e+02 2.459996986389160156e+02
3.684237289428710938e+02 4.485088729858398438e+02 2.454237174987792969e+02
3.689997100830078125e+02 4.485633468627929688e+02 2.450542259216308594e+02
3.686661911010742188e+02 4.484700012207031250e+02 2.447570419311523438e+02
3.693314361572265625e+02 4.485305404663085938e+02 2.439999961853027344e+02
3.688314437866210938e+02 4.484392929077148438e+02 2.439999961853027344e+02
3.693844604492187500e+02 4.485202789306640625e+02 2.429999923706054688e+02
3.700000000000000000e+02 4.486919403076171875e+02 2.439999961853027344e+02
3.700000000000000000e+02 4.486716461181640625e+02 2.429999923706054688e+02
3.700000000000000000e+02 4.487219619750976562e+02 2.419999885559082031e+02
3.691992568969726562e+02 4.485491180419921875e+02 2.419999885559082031e+02
3.700000000000000000e+02 4.488301849365234375e+02 2.409999847412109375e+02
3.709999847412109375e+02 4.489793395996093750e+02 2.419999885559082031e+02
3.709999847412109375e+02 4.490753173828125000e+02 2.409999847412109375e+02
3.709999847412109375e+02 4.492257690429687500e+02 2.400000000000000000e+02
3.700000000000000000e+02 4.489947891235351562e+02 2.400000000000000000e+02
3.709513854980468750e+02 4.494153976440429688e+02 2.390485763549804688e+02
3.717295455932617188e+02 4.494252014160156250e+02 2.400000000000000000e+02
3.715652847290039062e+02 4.494797515869140625e+02 2.394143104553222656e+02
3.700000000000000000e+02 4.492195892333984375e+02 2.389999961853027344e+02
3.705856704711914062e+02 4.494797515869140625e+02 2.384291648864746094e+02
3.712523269653320312e+02 4.495581436157226562e+02 2.387476348876953125e+02
3.709513854980468750e+02 4.496707916259765625e+02 2.380574989318847656e+02
3.700000000000000000e+02 4.495642852783203125e+02 2.377258682250976562e+02
3.700000000000000000e+02 4.494215774536132812e+02 2.382258605957031250e+02
3.694149017333984375e+02 4.495111465454101562e+02 2.375386428833007812e+02
3.700000000000000000e+02 4.497981262207031250e+02 2.369999885559082031e+02
3.690489196777343750e+02 4.496311950683593750e+02 2.370436096191406250e+02
3.687482452392578125e+02 4.494674301147460938e+02 2.374060249328613281e+02
3.679999923706054688e+02 4.496042251586914062e+02 2.367990875244140625e+02
3.689999771118164062e+02 4.500170516967773438e+02 2.359999847412109375e+02
3.679999923706054688e+02 4.499137496948242188e+02 2.359999847412109375e+02
3.689999771118164062e+02 4.503614044189453125e+02 2.352122688293457031e+02
3.679999923706054688e+02 4.503095245361328125e+02 2.351026916503906250e+02
3.689999771118164062e+02 4.506038284301757812e+02 2.347122764587402344e+02
3.689999771118164062e+02 4.509888076782226562e+02 2.339999961853027344e+02
3.679999923706054688e+02 4.505501556396484375e+02 2.346026802062988281e+02
3.679999923706054688e+02 4.508803176879882812e+02 2.339999961853027344e+02
3.670000076293945312e+02 4.505260086059570312e+02 2.345531654357910156e+02
3.670000076293945312e+02 4.502857208251953125e+02 2.350531768798828125e+02
3.670000076293945312e+02 4.508322143554687500e+02 2.339999961853027344e+02
3.659999847412109375e+02 4.505291748046875000e+02 2.345596504211425781e+02
3.659999847412109375e+02 4.502885818481445312e+02 2.350596427917480469e+02
3.650000000000000000e+02 4.505618667602539062e+02 2.346245765686035156e+02
3.659999847412109375e+02 4.508382797241210938e+02 2.339999961853027344e+02
3.650000000000000000e+02 4.509027481079101562e+02 2.339999961853027344e+02
3.659999847412109375e+02 4.513090896606445312e+02 2.331847190856933594e+02
3.650000000000000000e+02 4.513408660888671875e+02 2.332407760620117188e+02
3.659999847412109375e+02 4.516143417358398438e+02 2.326847076416015625e+02
3.670000076293945312e+02 4.513061904907226562e+02 2.331805801391601562e+02
3.670000076293945312e+02 4.516120529174804688e+02 2.326805686950683594e+02
3.679999923706054688e+02 4.513301467895507812e+02 2.332252120971679688e+02
3.679999923706054688e+02 4.516426849365234375e+02 2.327252197265625000e+02
3.689999771118164062e+02 4.513849639892578125e+02 2.333172988891601562e+02
3.689999771118164062e+02 4.517041778564453125e+02 2.328173065185546875e+02
3.697588729858398438e+02 4.514461898803710938e+02 2.334156608581542969e+02
3.700553131103515625e+02 4.512165832519531250e+02 2.339158058166503906e+02
3.700553131103515625e+02 4.517454147338867188e+02 2.330493927001953125e+02
3.704255294799804688e+02 4.515155792236328125e+02 2.335263633728027344e+02
3.709999847412109375e+02 4.520015716552734375e+02 2.329999923706054688e+02
3.700000000000000000e+02 4.522950744628906250e+02 2.322203063964843750e+02
3.689999771118164062e+02 4.522041702270507812e+02 2.320933151245117188e+02
3.700000000000000000e+02 4.526660919189453125e+02 2.317203140258789062e+02
3.709999847412109375e+02 4.524153900146484375e+02 2.323856163024902344e+02
3.709999847412109375e+02 4.527906036376953125e+02 2.318856239318847656e+02
3.715343856811523438e+02 4.524882125854492188e+02 2.324840545654296875e+02
3.719828796386718750e+02 4.530034255981445312e+02 2.320076751708984375e+02
3.717646789550781250e+02 4.534052276611328125e+02 2.313879966735839844e+02
3.724313354492187500e+02 4.535248565673828125e+02 2.315312767028808594e+02
3.720587921142578125e+02 4.538224411010742188e+02 2.310327911376953125e+02
3.729999923706054688e+02 4.536413955688476562e+02 2.316771125793457031e+02
3.729217147827148438e+02 4.542035293579101562e+02 2.309853935241699219e+02
3.725362014770507812e+02 4.544839859008789062e+02 2.304830932617187500e+02
3.732028579711914062e+02 4.546326065063476562e+02 2.306423187255859375e+02
3.739999771118164062e+02 4.543625259399414062e+02 2.313450622558593750e+02
3.739999771118164062e+02 4.548168945312500000e+02 2.308450698852539062e+02
3.745237350463867188e+02 4.544863510131835938e+02 2.314844322204589844e+02
3.748822402954101562e+02 4.550677108764648438e+02 2.310735130310058594e+02
3.745740127563476562e+02 4.554565811157226562e+02 2.304558181762695312e+02
3.751904296875000000e+02 4.546788787841796875e+02 2.317167282104492188e+02
3.752407073974609375e+02 4.556549072265625000e+02 2.306625938415527344e+02
3.757281875610351562e+02 4.553455352783203125e+02 2.313292503356933594e+02
3.760182952880859375e+02 4.549869537353515625e+02 2.319842147827148438e+02
3.760773468017578125e+02 4.559476852416992188e+02 2.309414100646972656e+02
3.757598495483398438e+02 4.563215637207031250e+02 2.303242683410644531e+02
3.763948822021484375e+02 4.555738067626953125e+02 2.315850257873535156e+02
3.764265060424804688e+02 4.565536880493164062e+02 2.305535697937011719e+02
3.770000076293945312e+02 4.563050460815429688e+02 2.312898254394531250e+02
3.770650100708007812e+02 4.557716369628906250e+02 2.319510078430175781e+02
3.775004959106445312e+02 4.564995574951171875e+02 2.314995193481445312e+02
3.770000076293945312e+02 4.567880630493164062e+02 2.307898139953613281e+02
3.778351211547851562e+02 4.571583938598632812e+02 2.311594581604003906e+02
3.770000076293945312e+02 4.572880554199218750e+02 2.303017044067382812e+02
3.760753250122070312e+02 4.569467926025390625e+02 2.299480247497558594e+02
3.770761108398437500e+02 4.579487609863281250e+02 2.297598457336425781e+02
3.775031280517578125e+02 4.574970245361328125e+02 2.304971694946289062e+02
3.779018783569335938e+02 4.580950164794921875e+02 2.303121948242187500e+02
3.781697845458984375e+02 4.578250503540039062e+02 2.308194160461425781e+02
3.780670928955078125e+02 4.589224243164062500e+02 2.297429275512695312e+02
3.785077285766601562e+02 4.584917068481445312e+02 2.304923629760742188e+02
3.787026214599609375e+02 4.580950164794921875e+02 2.310916328430175781e+02
3.787212753295898438e+02 4.589999771118164062e+02 2.302805709838867188e+02
3.792671203613281250e+02 4.589119720458984375e+02 2.309300804138183594e+02
3.790787124633789062e+02 4.598973083496093750e+02 2.299229431152343750e+02
3.784451675415039062e+02 4.595652008056640625e+02 2.295483970642089844e+02
3.787034606933593750e+02 4.602318572998046875e+02 2.293127059936523438e+02
3.794539642333984375e+02 4.595627593994140625e+02 2.305501174926757812e+02
3.793701171875000000e+02 4.606841278076171875e+02 2.296308326721191406e+02
3.796862792968750000e+02 4.602294540405273438e+02 2.302974891662597656e+02
3.800463485717773438e+02 4.599348449707031250e+02 2.309464836120605469e+02
3.799762344360351562e+02 4.610418701171875000e+02 2.300292968750000000e+02
3.803529357910156250e+02 4.607329559326171875e+02 2.306761550903320312e+02
3.802954101562500000e+02 4.620000076293945312e+02 2.297288703918457031e+02
3.805606460571289062e+02 4.613996124267578125e+02 2.304277420043945312e+02
3.795995330810546875e+02 4.613508224487304688e+02 2.293986892700195312e+02
3.789768600463867188e+02 4.610358810424804688e+02 2.290223693847656250e+02
3.797953796386718750e+02 4.620000076293945312e+02 2.291984748840332031e+02
3.800524520874023438e+02 4.629031753540039062e+02 2.289478302001953125e+02
3.792862701416015625e+02 4.620000076293945312e+02 2.286984825134277344e+02
3.787862777709960938e+02 4.620000076293945312e+02 2.282540130615234375e+02
3.794647979736328125e+02 4.625619506835937500e+02 2.285326004028320312e+02
3.790334320068359375e+02 4.629447555541992188e+02 2.279699897766113281e+02
3.783962631225585938e+02 4.626609039306640625e+02 2.275775337219238281e+02
3.786020278930664062e+02 4.633275604248046875e+02 2.274178314208984375e+02
3.792906570434570312e+02 4.639999771118164062e+02 2.276772117614746094e+02
3.796438980102539062e+02 4.632286071777343750e+02 2.283624458312988281e+02
3.798384094238281250e+02 4.639999771118164062e+02 2.281772232055664062e+02
3.803384017944335938e+02 4.639999771118164062e+02 2.286677360534667969e+02
3.800380325317382812e+02 4.649168014526367188e+02 2.279655456542968750e+02
3.794521331787109375e+02 4.646017456054687500e+02 2.275404930114746094e+02
3.796020889282226562e+02 4.652684402465820312e+02 2.274090194702148438e+02
3.804739761352539062e+02 4.645651626586914062e+02 2.285272216796875000e+02
3.802437591552734375e+02 4.659999847412109375e+02 2.277487945556640625e+02
3.806034088134765625e+02 4.652318191528320312e+02 2.283905792236328125e+02
3.810200500488281250e+02 4.649564743041992188e+02 2.289811134338378906e+02
3.807361602783203125e+02 4.659999847412109375e+02 2.282487869262695312e+02
3.812361526489257812e+02 4.659999847412109375e+02 2.288105201721191406e+02
3.808820343017578125e+02 4.670000076293945312e+02 2.280928230285644531e+02
3.804050064086914062e+02 4.670000076293945312e+02 2.275928306579589844e+02
3.813820266723632812e+02 4.670000076293945312e+02 2.286415481567382812e+02
3.810071563720703125e+02 4.679749679565429688e+02 2.279945373535156250e+02
3.814646148681640625e+02 4.677016448974609375e+02 2.285430335998535156e+02
3.811066436767578125e+02 4.689999771118164062e+02 2.279270553588867188e+02
3.815229797363281250e+02 4.683683013916015625e+02 2.284731101989746094e+02
3.804837417602539062e+02 4.675815963745117188e+02 2.275159454345703125e+02
3.805497360229492188e+02 4.682482528686523438e+02 2.274502754211425781e+02
3.800033950805664062e+02 4.679904556274414062e+02 2.269974708557128906e+02
3.806066513061523438e+02 4.689999771118164062e+02 2.273921203613281250e+02
3.800753784179687500e+02 4.689999771118164062e+02 2.268921089172363281e+02
3.806565475463867188e+02 4.700000000000000000e+02 2.273406028747558594e+02
3.801353454589843750e+02 4.700000000000000000e+02 2.268405914306640625e+02
3.811565399169921875e+02 4.700000000000000000e+02 2.278742408752441406e+02
3.806621932983398438e+02 4.709999847412109375e+02 2.273348426818847656e+02
3.801409530639648438e+02 4.709999847412109375e+02 2.268348312377929688e+02
3.811622238159179688e+02 4.709999847412109375e+02 2.278686141967773438e+02
3.796409606933593750e+02 4.709999847412109375e+02 2.263787460327148438e+02
3.796353149414062500e+02 4.700000000000000000e+02 2.263833618164062500e+02
3.789004135131835938e+02 4.709076309204101562e+02 2.258102226257324219e+02
3.795888137817382812e+02 4.720000076293945312e+02 2.264238166809082031e+02
3.789999771118164062e+02 4.720000076293945312e+02 2.259753417968750000e+02
3.790717697143554688e+02 4.729856109619140625e+02 2.261872863769531250e+02
3.784190750122070312e+02 4.720000076293945312e+02 2.255515289306640625e+02
3.784809875488281250e+02 4.711793899536132812e+02 2.255120277404785156e+02
3.779190826416015625e+02 4.720000076293945312e+02 2.252433586120605469e+02
3.782975006103515625e+02 4.729999923706054688e+02 2.256303977966308594e+02
3.777974700927734375e+02 4.729999923706054688e+02 2.253152275085449219e+02
3.770000076293945312e+02 4.729999923706054688e+02 2.248654174804687500e+02
3.776329421997070312e+02 4.739999771118164062e+02 2.254164314270019531e+02
3.770000076293945312e+02 4.739999771118164062e+02 2.250659179687500000e+02
3.761775588989257812e+02 4.739999771118164062e+02 2.246494865417480469e+02
3.756775665283203125e+02 4.739999771118164062e+02 2.244188880920410156e+02
3.763910293579101562e+02 4.729999923706054688e+02 2.245501708984375000e+02
3.758909988403320312e+02 4.729999923706054688e+02 2.243243980407714844e+02
3.764854812622070312e+02 4.724465560913085938e+02 2.245065879821777344e+02
3.760913085937500000e+02 4.720679092407226562e+02 2.242865371704101562e+02
3.769391250610351562e+02 4.720679092407226562e+02 2.246986389160156250e+02
3.771081924438476562e+02 4.709999847412109375e+02 2.247063827514648438e+02
3.765652084350585938e+02 4.717798614501953125e+02 2.244656181335449219e+02
3.766082000732421875e+02 4.709999847412109375e+02 2.244432830810546875e+02
3.759999847412109375e+02 4.709999847412109375e+02 2.241716575622558594e+02
3.765995407104492188e+02 4.700000000000000000e+02 2.244482612609863281e+02
3.765536499023437500e+02 4.692854690551757812e+02 2.244722557067871094e+02
3.770995330810546875e+02 4.700000000000000000e+02 2.247091674804687500e+02
3.759999847412109375e+02 4.700000000000000000e+02 2.241832542419433594e+02
3.750000000000000000e+02 4.700000000000000000e+02 2.238025283813476562e+02
3.760792160034179688e+02 4.689712905883789062e+02 2.243028068542480469e+02
3.750000000000000000e+02 4.689999771118164062e+02 2.238772010803222656e+02
3.758430862426757812e+02 4.679999923706054688e+02 2.243498229980468750e+02
3.764653778076171875e+02 4.686188125610351562e+02 2.245153808593750000e+02
3.763431167602539062e+02 4.679999923706054688e+02 2.245696449279785156e+02
3.769321823120117188e+02 4.689712905883789062e+02 2.247094917297363281e+02
3.770000076293945312e+02 4.679999923706054688e+02 2.248983192443847656e+02
3.779074096679687500e+02 4.689999771118164062e+02 2.252503204345703125e+02
3.777787399291992188e+02 4.679999923706054688e+02 2.253286743164062500e+02
3.784074401855468750e+02 4.689999771118164062e+02 2.255590248107910156e+02
3.780846786499023438e+02 4.700942611694335938e+02 2.252670478820800781e+02
3.784745025634765625e+02 4.698237609863281250e+02 2.255161857604980469e+02
3.780886077880859375e+02 4.709076309204101562e+02 2.252648162841796875e+02
3.785006713867187500e+02 4.704904174804687500e+02 2.254995155334472656e+02
3.789004135131835938e+02 4.700942611694335938e+02 2.258164024353027344e+02
3.785006713867187500e+02 4.705126953125000000e+02 2.254995155334472656e+02
3.789999771118164062e+02 4.689999771118164062e+02 2.259939956665039062e+02
3.795753860473632812e+02 4.689999771118164062e+02 2.264349555969238281e+02
3.790663909912109375e+02 4.680395889282226562e+02 2.261999320983886719e+02
3.788332366943359375e+02 4.670000076293945312e+02 2.262474250793457031e+02
3.782787322998046875e+02 4.679999923706054688e+02 2.256396675109863281e+02
3.794440078735351562e+02 4.677326202392578125e+02 2.265446662902832031e+02
3.795230484008789062e+02 4.683992767333984375e+02 2.264803123474121094e+02
3.793332290649414062e+02 4.670000076293945312e+02 2.266332435607910156e+02
3.791459655761718750e+02 4.659999847412109375e+02 2.267815017700195312e+02
3.799050140380859375e+02 4.670000076293945312e+02 2.271332359313964844e+02
3.797437667846679688e+02 4.659999847412109375e+02 2.272815132141113281e+02
3.789898681640625000e+02 4.650232315063476562e+02 2.270071792602539062e+02
3.786459732055664062e+02 4.659999847412109375e+02 2.263889884948730469e+02
3.779025268554687500e+02 4.660947799682617188e+02 2.258694458007812500e+02
3.785276031494140625e+02 4.654447174072265625e+02 2.264791297912597656e+02
3.780076599121093750e+02 4.650668334960937500e+02 2.262747573852539062e+02
3.769939804077148438e+02 4.649502944946289062e+02 2.257044792175292969e+02
3.776794433593750000e+02 4.642081832885742188e+02 2.263817024230957031e+02
3.783460998535156250e+02 4.647780609130859375e+02 2.266053199768066406e+02
3.780076599121093750e+02 4.639249038696289062e+02 2.267242622375488281e+02
3.780377578735351562e+02 4.629965209960937500e+02 2.271628570556640625e+02
3.774718475341796875e+02 4.635415267944335938e+02 2.265172576904296875e+02
3.787906265258789062e+02 4.639999771118164062e+02 2.272673797607421875e+02
3.770830917358398438e+02 4.639249038696289062e+02 2.261378479003906250e+02
3.772684478759765625e+02 4.629999923706054688e+02 2.266401863098144531e+02
3.770160293579101562e+02 4.619814682006835938e+02 2.269873428344726562e+02
3.767684555053710938e+02 4.629999923706054688e+02 2.263410186767578125e+02
3.765527343750000000e+02 4.624383163452148438e+02 2.264686393737792969e+02
3.759138870239257812e+02 4.630845260620117188e+02 2.258533287048339844e+02
3.759424591064453125e+02 4.620629882812500000e+02 2.263396072387695312e+02
3.752024459838867188e+02 4.628075408935546875e+02 2.256341934204101562e+02
3.755231094360351562e+02 4.634741973876953125e+02 2.254886627197265625e+02
3.762232971191406250e+02 4.639999771118164062e+02 2.256360244750976562e+02
3.757233047485351562e+02 4.639999771118164062e+02 2.253931617736816406e+02
3.764412689208984375e+02 4.645838165283203125e+02 2.255286598205566406e+02
3.760647583007812500e+02 4.649502944946289062e+02 2.252288246154785156e+02
3.749584960937500000e+02 4.650215911865234375e+02 2.247165107727050781e+02
3.759999847412109375e+02 4.659999847412109375e+02 2.248805618286132812e+02
3.766566467285156250e+02 4.652504730224609375e+02 2.254157257080078125e+02
3.769939804077148438e+02 4.660947799682617188e+02 2.253411483764648438e+02
3.773233413696289062e+02 4.658246612548828125e+02 2.255970764160156250e+02
3.770000076293945312e+02 4.670000076293945312e+02 2.251103401184082031e+02
3.775042343139648438e+02 4.664913177490234375e+02 2.254973793029785156e+02
3.776053619384765625e+02 4.670000076293945312e+02 2.254356002807617188e+02
3.781053543090820312e+02 4.670000076293945312e+02 2.257474327087402344e+02
3.759952545166015625e+02 4.669158935546875000e+02 2.246434402465820312e+02
3.756587600708007812e+02 4.671931838989257812e+02 2.244300460815429688e+02
3.754844665527343750e+02 4.665265274047851562e+02 2.245060920715332031e+02
3.753114700317382812e+02 4.659999847412109375e+02 2.245771408081054688e+02
3.750906753540039062e+02 4.669158935546875000e+02 2.242691802978515625e+02
3.739999771118164062e+02 4.670000076293945312e+02 2.238734817504882812e+02
3.748114776611328125e+02 4.659999847412109375e+02 2.243780899047851562e+02
3.750000000000000000e+02 4.679999923706054688e+02 2.240202713012695312e+02
3.739285278320312500e+02 4.680466842651367188e+02 2.236599540710449219e+02
3.733348464965820312e+02 4.677444839477539062e+02 2.235393524169921875e+02
3.735475540161132812e+02 4.684111404418945312e+02 2.234856414794921875e+02
3.741523361206054688e+02 4.689999771118164062e+02 2.236028861999511719e+02
3.736523437500000000e+02 4.689999771118164062e+02 2.234558677673339844e+02
3.742652130126953125e+02 4.700000000000000000e+02 2.235675430297851562e+02
3.737652206420898438e+02 4.700000000000000000e+02 2.234243011474609375e+02
3.742931747436523438e+02 4.709999847412109375e+02 2.235596847534179688e+02
3.737931823730468750e+02 4.709999847412109375e+02 2.234162139892578125e+02
3.742156219482421875e+02 4.720000076293945312e+02 2.235847282409667969e+02
3.750000000000000000e+02 4.709999847412109375e+02 2.237880516052246094e+02
3.750000000000000000e+02 4.720000076293945312e+02 2.238436889648437500e+02
3.750000000000000000e+02 4.729999923706054688e+02 2.239659500122070312e+02
3.739567947387695312e+02 4.730323791503906250e+02 2.236219978332519531e+02
3.750000000000000000e+02 4.739999771118164062e+02 2.241461181640625000e+02
3.739999771118164062e+02 4.739999771118164062e+02 2.238003158569335938e+02
3.749811935424804688e+02 4.749328613281250000e+02 2.243695259094238281e+02
3.739999771118164062e+02 4.750000000000000000e+02 2.240418624877929688e+02
3.746353149414062500e+02 4.756622314453125000e+02 2.244452667236328125e+02
3.755342483520507812e+02 4.745547485351562500e+02 2.244840621948242188e+02
3.753019714355468750e+02 4.752214050292968750e+02 2.245806503295898438e+02
3.739925384521484375e+02 4.759973526000976562e+02 2.243420028686523438e+02
3.736542129516601562e+02 4.766188812255859375e+02 2.244502639770507812e+02
3.743208694458007812e+02 4.763288879394531250e+02 2.245580863952636719e+02
3.729999923706054688e+02 4.759999847412109375e+02 2.240631103515625000e+02
3.729999923706054688e+02 4.750000000000000000e+02 2.237666893005371094e+02
3.720000076293945312e+02 4.759999847412109375e+02 2.238494300842285156e+02
3.729999923706054688e+02 4.768277740478515625e+02 2.243621826171875000e+02
3.720800781250000000e+02 4.770909118652343750e+02 2.242677879333496094e+02
3.729999923706054688e+02 4.773277664184570312e+02 2.245725631713867188e+02
3.724668121337890625e+02 4.774848175048828125e+02 2.245065116882324219e+02
3.729999923706054688e+02 4.779999923706054688e+02 2.248961639404296875e+02
3.739925384521484375e+02 4.769713211059570312e+02 2.247065925598144531e+02
3.740327072143554688e+02 4.780574798583984375e+02 2.252271461486816406e+02
3.737211608886718750e+02 4.786279678344726562e+02 2.254256439208984375e+02
3.729999923706054688e+02 4.788082885742187500e+02 2.253236007690429688e+02
3.720196151733398438e+02 4.790698242187500000e+02 2.252399635314941406e+02
3.729999923706054688e+02 4.793082809448242188e+02 2.256131362915039062e+02
3.723660659790039062e+02 4.794497299194335938e+02 2.255292892456054688e+02
3.730668640136718750e+02 4.800850677490234375e+02 2.261382865905761719e+02
3.720196151733398438e+02 4.799415588378906250e+02 2.257658576965332031e+02
3.709999847412109375e+02 4.801679611206054688e+02 2.257083129882812500e+02
3.720000076293945312e+02 4.807559585571289062e+02 2.263103485107421875e+02
3.716994094848632812e+02 4.795692825317382812e+02 2.254567527770996094e+02
3.709999847412109375e+02 4.796679687500000000e+02 2.253976249694824219e+02
3.709999847412109375e+02 4.789999771118164062e+02 2.250192642211914062e+02
3.700000000000000000e+02 4.797782135009765625e+02 2.253342247009277344e+02
3.689999771118164062e+02 4.798456192016601562e+02 2.252984237670898438e+02
3.700000000000000000e+02 4.789999771118164062e+02 2.248958015441894531e+02
3.700000000000000000e+02 4.802782058715820312e+02 2.256361007690429688e+02
3.699978256225585938e+02 4.810830688476562500e+02 2.261964988708496094e+02
3.689999771118164062e+02 4.803456115722656250e+02 2.255929183959960938e+02
3.689999771118164062e+02 4.809999847412109375e+02 2.260430717468261719e+02
3.679999923706054688e+02 4.803659820556640625e+02 2.255795097351074219e+02
3.679999923706054688e+02 4.798659896850585938e+02 2.252890396118164062e+02
3.679999923706054688e+02 4.809999847412109375e+02 2.260112571716308594e+02
3.670000076293945312e+02 4.803424453735351562e+02 2.255948448181152344e+02
3.659999847412109375e+02 4.802729797363281250e+02 2.256393241882324219e+02
3.670000076293945312e+02 4.798424148559570312e+02 2.253001785278320312e+02
3.670000076293945312e+02 4.809999847412109375e+02 2.260468292236328125e+02
3.660115814208984375e+02 4.810812759399414062e+02 2.262001419067382812e+02
3.670000076293945312e+02 4.815607070922851562e+02 2.264519691467285156e+02
3.670000076293945312e+02 4.820606994628906250e+02 2.268774032592773438e+02
3.679999923706054688e+02 4.815866088867187500e+02 2.264317512512207031e+02
3.663526153564453125e+02 4.815235900878906250e+02 2.264811325073242188e+02
3.660115814208984375e+02 4.819141769409179688e+02 2.268601608276367188e+02
3.656859588623046875e+02 4.814687728881835938e+02 2.265236282348632812e+02
3.659999847412109375e+02 4.825708770751953125e+02 2.274324989318847656e+02
3.650322723388671875e+02 4.820706176757812500e+02 2.271534538269042969e+02
3.639999771118164062e+02 4.818573760986328125e+02 2.271926879882812500e+02
3.650000000000000000e+02 4.813890457153320312e+02 2.265844154357910156e+02
3.647204208374023438e+02 4.824510574340820312e+02 2.275446128845214844e+02
3.653871154785156250e+02 4.825247192382812500e+02 2.274765396118164062e+02
3.650560379028320312e+02 4.829907226562500000e+02 2.280109977722167969e+02
3.639999771118164062e+02 4.828722381591796875e+02 2.281297683715820312e+02
3.647249603271484375e+02 4.834567260742187500e+02 2.285463905334472656e+02
3.653916168212890625e+02 4.835210800170898438e+02 2.284773826599121094e+02
3.659999847412109375e+02 4.830708694458007812e+02 2.279325485229492188e+02
3.659999847412109375e+02 4.835628509521484375e+02 2.284325408935546875e+02
3.670000076293945312e+02 4.831289291381835938e+02 2.278748321533203125e+02
3.670000076293945312e+02 4.826289367675781250e+02 2.273773956298828125e+02
3.670000076293945312e+02 4.836159515380859375e+02 2.283748435974121094e+02
3.679999923706054688e+02 4.831535720825195312e+02 2.278504371643066406e+02
3.679999923706054688e+02 4.836379241943359375e+02 2.283504295349121094e+02
3.689999771118164062e+02 4.831302642822265625e+02 2.278740119934082031e+02
3.679999923706054688e+02 4.826535797119140625e+02 2.273542404174804688e+02
3.679999923706054688e+02 4.820866394042968750e+02 2.268542289733886719e+02
3.689999771118164062e+02 4.826302337646484375e+02 2.273759841918945312e+02
3.700000000000000000e+02 4.825731658935546875e+02 2.274301719665527344e+02
3.689999771118164062e+02 4.820629501342773438e+02 2.268759918212890625e+02
3.689999771118164062e+02 4.815629577636718750e+02 2.264501571655273438e+02
3.699978256225585938e+02 4.819154739379882812e+02 2.268569755554199219e+02
3.703297424316406250e+02 4.814717864990234375e+02 2.265213775634765625e+02
3.696630859375000000e+02 4.815257644653320312e+02 2.264793777465820312e+02
3.709758758544921875e+02 4.820737075805664062e+02 2.271475028991699219e+02
3.709999847412109375e+02 4.813975524902343750e+02 2.265782737731933594e+02
3.706264495849609375e+02 4.825264739990234375e+02 2.274748039245605469e+02
3.712931060791015625e+02 4.824561691284179688e+02 2.275402259826660156e+02
3.709544372558593750e+02 4.829928588867187500e+02 2.280083084106445312e+02
3.706157684326171875e+02 4.835219192504882812e+02 2.284763908386230469e+02
3.712824630737304688e+02 4.834592819213867188e+02 2.285441398620605469e+02
3.720000076293945312e+02 4.828741455078125000e+02 2.281264686584472656e+02
3.700000000000000000e+02 4.830731582641601562e+02 2.279311943054199219e+02
3.700000000000000000e+02 4.835639190673828125e+02 2.284312057495117188e+02
3.699774932861328125e+02 4.841365051269531250e+02 2.290884971618652344e+02
3.689999771118164062e+02 4.836165237426757812e+02 2.283740043640136719e+02
3.689999771118164062e+02 4.841165161132812500e+02 2.289461135864257812e+02
3.679999923706054688e+02 4.841379165649414062e+02 2.289209747314453125e+02
3.689999771118164062e+02 4.845434951782226562e+02 2.294461250305175781e+02
3.679999923706054688e+02 4.845637130737304688e+02 2.294209861755371094e+02
3.689999771118164062e+02 4.849479675292968750e+02 2.300000000000000000e+02
3.696291351318359375e+02 4.845155334472656250e+02 2.294808387756347656e+02
3.699774932861328125e+02 4.848000717163085938e+02 2.299189376831054688e+02
3.702957916259765625e+02 4.844755935668945312e+02 2.295315551757812500e+02
3.700000000000000000e+02 4.853634262084960938e+02 2.306998252868652344e+02
3.700000000000000000e+02 4.857023239135742188e+02 2.311998367309570312e+02
3.709999847412109375e+02 4.853010177612304688e+02 2.307904815673828125e+02
3.689999771118164062e+02 4.854044342041015625e+02 2.306397628784179688e+02
3.679999923706054688e+02 4.854204559326171875e+02 2.306162834167480469e+02
3.689999771118164062e+02 4.857430648803710938e+02 2.311397552490234375e+02
3.679999923706054688e+02 4.857591247558593750e+02 2.311162757873535156e+02
3.689999771118164062e+02 4.862430572509765625e+02 2.319295120239257812e+02
3.689999771118164062e+02 4.865420532226562500e+02 2.324295043945312500e+02
3.700090026855468750e+02 4.862527847290039062e+02 2.320818328857421875e+02
3.679999923706054688e+02 4.862591171264648438e+02 2.319044494628906250e+02
3.670000076293945312e+02 4.862430572509765625e+02 2.319295120239257812e+02
3.679999923706054688e+02 4.865568161010742188e+02 2.324044418334960938e+02
3.679999923706054688e+02 4.868581008911132812e+02 2.329999923706054688e+02
3.670000076293945312e+02 4.865420532226562500e+02 2.324295043945312500e+02
3.670000076293945312e+02 4.868312454223632812e+02 2.329999923706054688e+02
3.662965774536132812e+02 4.865181732177734375e+02 2.324697113037109375e+02
3.659779357910156250e+02 4.862548828125000000e+02 2.320818328857421875e+02
3.659779357910156250e+02 4.867183303833007812e+02 2.329131126403808594e+02
3.656298828125000000e+02 4.864883804321289062e+02 2.325218582153320312e+02
3.650000000000000000e+02 4.867109680175781250e+02 2.330974197387695312e+02
3.639999771118164062e+02 4.866389083862304688e+02 2.332426452636718750e+02
3.650000000000000000e+02 4.864471817016601562e+02 2.325974273681640625e+02
3.650000000000000000e+02 4.871638870239257812e+02 2.339999961853027344e+02
3.639999771118164062e+02 4.870205307006835938e+02 2.339999961853027344e+02
3.629184341430664062e+02 4.867724609375000000e+02 2.339076995849609375e+02
3.639999771118164062e+02 4.873815917968750000e+02 2.347801208496093750e+02
3.631974411010742188e+02 4.865648651123046875e+02 2.333821296691894531e+02
3.620000076293945312e+02 4.866802215576171875e+02 2.341459083557128906e+02
3.625307464599609375e+02 4.864933395385742188e+02 2.335128402709960938e+02
3.620000076293945312e+02 4.864235687255859375e+02 2.336458969116210938e+02
3.629184341430664062e+02 4.863067626953125000e+02 2.330292701721191406e+02
3.620000076293945312e+02 4.860593795776367188e+02 2.329999923706054688e+02
3.630920028686523438e+02 4.857127380371093750e+02 2.319717597961425781e+02
3.639999771118164062e+02 4.863659667968750000e+02 2.327426338195800781e+02
3.639999771118164062e+02 4.859208679199218750e+02 2.319999885559082031e+02
3.639999771118164062e+02 4.855548858642578125e+02 2.314186859130859375e+02
3.650000000000000000e+02 4.860884475708007812e+02 2.319999885559082031e+02
3.650000000000000000e+02 4.856412506103515625e+02 2.312904930114746094e+02
3.650000000000000000e+02 4.853010177612304688e+02 2.307904815673828125e+02
3.659999847412109375e+02 4.857023239135742188e+02 2.311998367309570312e+02
3.659999847412109375e+02 4.853634262084960938e+02 2.306998252868652344e+02
3.670000076293945312e+02 4.857430648803710938e+02 2.311397552490234375e+02
3.670000076293945312e+02 4.854044342041015625e+02 2.306397628784179688e+02
3.670000076293945312e+02 4.849479675292968750e+02 2.300000000000000000e+02
3.660224914550781250e+02 4.848000717163085938e+02 2.299189376831054688e+02
3.670000076293945312e+02 4.845434951782226562e+02 2.294461250305175781e+02
3.679999923706054688e+02 4.849841690063476562e+02 2.300000000000000000e+02
3.663708496093750000e+02 4.845155334472656250e+02 2.294808387756347656e+02
3.670000076293945312e+02 4.841159439086914062e+02 2.289461135864257812e+02
3.660224914550781250e+02 4.841356658935546875e+02 2.290884971618652344e+02
3.650349807739257812e+02 4.838495254516601562e+02 2.289278411865234375e+02
3.657041931152343750e+02 4.844755935668945312e+02 2.295315551757812500e+02
3.650000000000000000e+02 4.844210815429687500e+02 2.296007156372070312e+02
3.650000000000000000e+02 4.848010253906250000e+02 2.301007080078125000e+02
3.639999771118164062e+02 4.843194961547851562e+02 2.297266006469726562e+02
3.629999923706054688e+02 4.841890716552734375e+02 2.298829841613769531e+02
3.639999771118164062e+02 4.838195037841796875e+02 2.291371917724609375e+02
3.639999771118164062e+02 4.847100067138671875e+02 2.302266120910644531e+02
3.629999923706054688e+02 4.845913314819335938e+02 2.303829765319824219e+02
3.639999771118164062e+02 4.852099990844726562e+02 2.309186744689941406e+02
3.630920028686523438e+02 4.851260757446289062e+02 2.310971069335937500e+02
3.628200149536132812e+02 4.854216766357421875e+02 2.316195869445800781e+02
3.634866714477539062e+02 4.855032730102539062e+02 2.314951896667480469e+02
3.620679473876953125e+02 4.847574234008789062e+02 2.309721946716308594e+02
3.617799377441406250e+02 4.844080734252929688e+02 2.306203269958496094e+02
3.624465942382812500e+02 4.845175170898437500e+02 2.304778671264648438e+02
3.620000076293945312e+02 4.853086471557617188e+02 2.317902565002441406e+02
3.609999847412109375e+02 4.846459197998046875e+02 2.313027572631835938e+02
3.604100418090820312e+02 4.845380401611328125e+02 2.314500045776367188e+02
3.609999847412109375e+02 4.842634963989257812e+02 2.308027458190917969e+02
3.610210037231445312e+02 4.851765060424804688e+02 2.320604324340820312e+02
3.613683700561523438e+02 4.855432510375976562e+02 2.324340629577636719e+02
3.607017135620117188e+02 4.854330062866210938e+02 2.326089286804199219e+02
3.600460433959960938e+02 4.847613143920898438e+02 2.319870567321777344e+02
3.592263031005859375e+02 4.846311187744140625e+02 2.323117828369140625e+02
3.597433853149414062e+02 4.843964385986328125e+02 2.316451072692871094e+02
3.600000000000000000e+02 4.852980804443359375e+02 2.328253936767578125e+02
3.590241622924804688e+02 4.849923324584960938e+02 2.330176544189453125e+02
3.600000000000000000e+02 4.856051635742187500e+02 2.333254051208496094e+02
3.594886779785156250e+02 4.855051803588867188e+02 2.334916114807128906e+02
3.600000000000000000e+02 4.859882736206054688e+02 2.339999961853027344e+02
3.610210037231445312e+02 4.857498550415039062e+02 2.329653549194335938e+02
3.609355163574218750e+02 4.863135528564453125e+02 2.340089988708496094e+02
3.605592346191406250e+02 4.864827346801757812e+02 2.345360946655273438e+02
3.612258911132812500e+02 4.865784835815429688e+02 2.343483543395996094e+02
3.600000000000000000e+02 4.863831329345703125e+02 2.347430419921875000e+02
3.590932083129882812e+02 4.856510162353515625e+02 2.340473937988281250e+02
3.583965682983398438e+02 4.855517578125000000e+02 2.344123268127441406e+02
3.588219833374023438e+02 4.853535461425781250e+02 2.337456703186035156e+02
3.580379486083984375e+02 4.851507568359375000e+02 2.340473937988281250e+02
3.577299118041992188e+02 4.853835296630859375e+02 2.347244262695312500e+02
3.570853424072265625e+02 4.846556472778320312e+02 2.340725708007812500e+02
3.579999923706054688e+02 4.846508026123046875e+02 2.332666206359863281e+02
3.574755859375000000e+02 4.845141601562500000e+02 2.334784698486328125e+02
3.579999923706054688e+02 4.843220901489257812e+02 2.327666282653808594e+02
3.585596466064453125e+02 4.844709396362304688e+02 2.325436973571777344e+02
3.570520401000976562e+02 4.839722442626953125e+02 2.330456352233886719e+02
3.580341720581054688e+02 4.837953948974609375e+02 2.320003890991210938e+02
3.572951889038085938e+02 4.836251831054687500e+02 2.323339653015136719e+02
3.577236175537109375e+02 4.833683013916015625e+02 2.316673088073730469e+02
3.583902740478515625e+02 4.835628890991210938e+02 2.314229393005371094e+02
3.589357757568359375e+02 4.842581558227539062e+02 2.319870567321777344e+02
3.589999771118164062e+02 4.837194824218750000e+02 2.312283515930175781e+02
3.589999771118164062e+02 4.833056259155273438e+02 2.307283401489257812e+02
3.599995040893554688e+02 4.840031814575195312e+02 2.309990882873535156e+02
3.595889282226562500e+02 4.834590530395507812e+02 2.305481910705566406e+02
3.602555847167968750e+02 4.836099243164062500e+02 2.303730964660644531e+02
3.598897171020507812e+02 4.830535125732421875e+02 2.299427223205566406e+02
3.609999847412109375e+02 4.837635040283203125e+02 2.301902770996093750e+02
3.609999847412109375e+02 4.833298110961914062e+02 2.296902847290039062e+02
3.620306015014648438e+02 4.839933395385742188e+02 2.300125694274902344e+02
3.616146087646484375e+02 4.834583663940429688e+02 2.295472717285156250e+02
3.622813034057617188e+02 4.835786437988281250e+02 2.294114875793457031e+02
3.619246292114257812e+02 4.830310440063476562e+02 2.289690971374511719e+02
3.629999923706054688e+02 4.836890792846679688e+02 2.292860031127929688e+02
3.629999923706054688e+02 4.832324600219726562e+02 2.287860107421875000e+02
3.629999923706054688e+02 4.827324676513671875e+02 2.282695770263671875e+02
3.639999771118164062e+02 4.833722305297851562e+02 2.286371994018554688e+02
3.629999923706054688e+02 4.822025680541992188e+02 2.277695846557617188e+02
3.622346496582031250e+02 4.826036834716796875e+02 2.283976936340332031e+02
3.619421768188476562e+02 4.820252609252929688e+02 2.279763031005859375e+02
3.609999847412109375e+02 4.818396759033203125e+02 2.281900787353515625e+02
3.616497039794921875e+02 4.814336395263671875e+02 2.275549125671386719e+02
3.623163986206054688e+02 4.815779876708984375e+02 2.274332046508789062e+02
3.615679931640625000e+02 4.824725341796875000e+02 2.285267066955566406e+02
3.609999847412109375e+02 4.823396682739257812e+02 2.286550712585449219e+02
3.609999847412109375e+02 4.828297805786132812e+02 2.291550827026367188e+02
3.598707199096679688e+02 4.820675277709960938e+02 2.289358520507812500e+02
3.589999771118164062e+02 4.818373489379882812e+02 2.291777038574218750e+02
3.595509719848632812e+02 4.814715194702148438e+02 2.285249900817871094e+02
3.602176284790039062e+02 4.816470336914062500e+02 2.283652114868164062e+02
3.595238494873046875e+02 4.824879837036132812e+02 2.295123672485351562e+02
3.601905059814453125e+02 4.826480102539062500e+02 2.293467330932617188e+02
3.589999771118164062e+02 4.823373413085937500e+02 2.296652793884277344e+02
3.579752349853515625e+02 4.820183563232421875e+02 2.299835586547851562e+02
3.589999771118164062e+02 4.828056335449218750e+02 2.301652717590332031e+02
3.583097457885742188e+02 4.826151275634765625e+02 2.303746604919433594e+02
3.580167007446289062e+02 4.829917144775390625e+02 2.310110092163085938e+02
3.576430892944335938e+02 4.824082565307617188e+02 2.305990791320800781e+02
3.571883010864257812e+02 4.827016448974609375e+02 2.312657356262207031e+02
3.568444824218750000e+02 4.821132278442382812e+02 2.308831214904785156e+02
3.569084167480468750e+02 4.830603790283203125e+02 2.319256210327148438e+02
3.565216064453125000e+02 4.824848556518554688e+02 2.315172576904296875e+02
3.559999847412109375e+02 4.827036666870117188e+02 2.322453498840332031e+02
3.566285324096679688e+02 4.834191513061523438e+02 2.326128005981445312e+02
3.559624481201171875e+02 4.832200622558593750e+02 2.329676818847656250e+02
3.556040954589843750e+02 4.834285354614257812e+02 2.336077880859375000e+02
3.562707519531250000e+02 4.836526870727539062e+02 2.332794761657714844e+02
3.550855255126953125e+02 4.826702117919921875e+02 2.330977630615234375e+02
3.548091888427734375e+02 4.822303009033203125e+02 2.328296089172363281e+02
3.544966888427734375e+02 4.825027847290039062e+02 2.334962844848632812e+02
3.549821472167968750e+02 4.831952667236328125e+02 2.339646720886230469e+02
3.554758453369140625e+02 4.825190353393554688e+02 2.324765205383300781e+02
3.551237869262695312e+02 4.818927764892578125e+02 2.321204185485839844e+02
3.544326019287109375e+02 4.815636444091796875e+02 2.324309730529785156e+02
3.547717285156250000e+02 4.812356567382812500e+02 2.317643165588378906e+02
3.554383850097656250e+02 4.815552520751953125e+02 2.314439582824707031e+02
3.559999847412109375e+02 4.822800827026367188e+02 2.317453384399414062e+02
3.559999847412109375e+02 4.817800903320312500e+02 2.312083625793457031e+02
3.559999847412109375e+02 4.812783813476562500e+02 2.307083511352539062e+02
3.565006637573242188e+02 4.814994430541992188e+02 2.305005073547363281e+02
3.551163101196289062e+02 4.808870315551757812e+02 2.311066436767578125e+02
3.559999847412109375e+02 4.807783889770507812e+02 2.302498435974121094e+02
3.554609298706054688e+02 4.805383682250976562e+02 2.304661178588867188e+02
3.559216308593750000e+02 4.800753784179687500e+02 2.297170448303222656e+02
3.568566894531250000e+02 4.811161422729492188e+02 2.298964118957519531e+02
3.565460586547851562e+02 4.804589462280273438e+02 2.295336914062500000e+02
3.572127151489257812e+02 4.807328033447265625e+02 2.292990875244140625e+02
3.571673202514648438e+02 4.817416000366210938e+02 2.302591323852539062e+02
3.576407241821289062e+02 4.813994979858398438e+02 2.295924568176269531e+02
3.580095672607421875e+02 4.809944915771484375e+02 2.290055084228515625e+02
3.577117538452148438e+02 4.803285217285156250e+02 2.286324119567871094e+02
3.583784103393554688e+02 4.805894851684570312e+02 2.284257888793945312e+02
3.583074188232421875e+02 4.816284561157226562e+02 2.293786048889160156e+02
3.589999771118164062e+02 4.812957382202148438e+02 2.286776924133300781e+02
3.589999771118164062e+02 4.807957458496093750e+02 2.282554626464843750e+02
3.599459457397460938e+02 4.810322952270507812e+02 2.279733467102050781e+02
3.589212417602539062e+02 4.800328063964843750e+02 2.277157211303710938e+02
3.580270385742187500e+02 4.799971008300781250e+02 2.281949424743652344e+02
3.585353851318359375e+02 4.794709014892578125e+02 2.275189018249511719e+02
3.592020416259765625e+02 4.797213745117187500e+02 2.273436164855957031e+02
3.596742630004882812e+02 4.803880310058593750e+02 2.275815010070800781e+02
3.600045394897460938e+02 4.800328063964843750e+02 2.271772003173828125e+02
3.600000000000000000e+02 4.792517471313476562e+02 2.266520118713378906e+02
3.603409194946289062e+02 4.805930709838867188e+02 2.274259757995605469e+02
3.609387588500976562e+02 4.799936294555664062e+02 2.267441749572753906e+02
3.612312698364257812e+02 4.796560287475585938e+02 2.263951873779296875e+02
3.620000076293945312e+02 4.803568267822265625e+02 2.265983772277832031e+02
3.609999847412109375e+02 4.807700347900390625e+02 2.272859191894531250e+02
3.605646133422851562e+02 4.794585418701171875e+02 2.265257453918457031e+02
3.609387588500976562e+02 4.790751266479492188e+02 2.261528015136718750e+02
3.600000000000000000e+02 4.787517547607421875e+02 2.263488388061523438e+02
3.609999847412109375e+02 4.782168960571289062e+02 2.256446075439453125e+02
3.619671630859375000e+02 4.789717864990234375e+02 2.257317161560058594e+02
3.622786331176757812e+02 4.786196517944335938e+02 2.254321098327636719e+02
3.620000076293945312e+02 4.798568344116210938e+02 2.262636184692382812e+02
3.629999923706054688e+02 4.792952728271484375e+02 2.256178092956542969e+02
3.616119766235351562e+02 4.784333801269531250e+02 2.255346870422363281e+02
3.619671630859375000e+02 4.780600357055664062e+02 2.252380943298339844e+02
3.620136642456054688e+02 4.769599914550781250e+02 2.247126197814941406e+02
3.609999847412109375e+02 4.777168655395507812e+02 2.253899383544921875e+02
3.629999923706054688e+02 4.779999923706054688e+02 2.249197769165039062e+02
3.629999923706054688e+02 4.772989273071289062e+02 2.245862579345703125e+02
3.629999923706054688e+02 4.787952804565429688e+02 2.253334999084472656e+02
3.639463424682617188e+02 4.779605484008789062e+02 2.246848297119140625e+02
3.642439270019531250e+02 4.776009368896484375e+02 2.244507980346679688e+02
3.635772323608398438e+02 4.774652481079101562e+02 2.245148849487304688e+02
3.640007781982421875e+02 4.790644454956054688e+02 2.252558517456054688e+02
3.650000000000000000e+02 4.782320404052734375e+02 2.246303558349609375e+02
3.650000000000000000e+02 4.777320480346679688e+02 2.243890380859375000e+02
3.650000000000000000e+02 4.789999771118164062e+02 2.250370407104492188e+02
3.659999847412109375e+02 4.783664321899414062e+02 2.245639038085937500e+02
3.659999847412109375e+02 4.778664398193359375e+02 2.243276023864746094e+02
3.659999847412109375e+02 4.789999771118164062e+02 2.249010848999023438e+02
3.670000076293945312e+02 4.784402847290039062e+02 2.245282363891601562e+02
3.670000076293945312e+02 4.779402923583984375e+02 2.242962074279785156e+02
3.670000076293945312e+02 4.789999771118164062e+02 2.248284149169921875e+02
3.679999923706054688e+02 4.784611892700195312e+02 2.245180702209472656e+02
3.679999923706054688e+02 4.779611968994140625e+02 2.242888259887695312e+02
3.679999923706054688e+02 4.789999771118164062e+02 2.248071289062500000e+02
3.689999771118164062e+02 4.784431076049804688e+02 2.245268440246582031e+02
3.689999771118164062e+02 4.779431152343750000e+02 2.242952919006347656e+02
3.689999771118164062e+02 4.789999771118164062e+02 2.248252677917480469e+02
3.700000000000000000e+02 4.783709335327148438e+02 2.245615768432617188e+02
3.709999847412109375e+02 4.782493591308593750e+02 2.246216201782226562e+02
3.700000000000000000e+02 4.778709411621093750e+02 2.243260383605957031e+02
3.700000000000000000e+02 4.770000076293945312e+02 2.239528656005859375e+02
3.709999847412109375e+02 4.777493667602539062e+02 2.243810653686523438e+02
3.709999847412109375e+02 4.770000076293945312e+02 2.240598297119140625e+02
3.718001556396484375e+02 4.776207733154296875e+02 2.244413757324218750e+02
3.720800781250000000e+02 4.779724502563476562e+02 2.246698379516601562e+02
3.709243011474609375e+02 4.759091186523437500e+02 2.236635398864746094e+02
3.712071990966796875e+02 4.753649139404296875e+02 2.235342407226562500e+02
3.705405044555664062e+02 4.755151748657226562e+02 2.234952163696289062e+02
3.700000000000000000e+02 4.760863876342773438e+02 2.236268234252929688e+02
3.700000000000000000e+02 4.755863952636718750e+02 2.234740257263183594e+02
3.689999771118164062e+02 4.761718368530273438e+02 2.235978317260742188e+02
3.689999771118164062e+02 4.756718063354492188e+02 2.234489059448242188e+02
3.679999923706054688e+02 4.761936187744140625e+02 2.235911560058593750e+02
3.689999771118164062e+02 4.770000076293945312e+02 2.238931274414062500e+02
3.679999923706054688e+02 4.770000076293945312e+02 2.238799858093261719e+02
3.670000076293945312e+02 4.770000076293945312e+02 2.238940620422363281e+02
3.659999847412109375e+02 4.770000076293945312e+02 2.239544296264648438e+02
3.670000076293945312e+02 4.761718368530273438e+02 2.235978317260742188e+02
3.659999847412109375e+02 4.760863876342773438e+02 2.236268234252929688e+02
3.670000076293945312e+02 4.756718063354492188e+02 2.234489059448242188e+02
3.670000076293945312e+02 4.750000000000000000e+02 2.232858085632324219e+02
3.679999923706054688e+02 4.756936264038085938e+02 2.234425926208496094e+02
3.659999847412109375e+02 4.755863952636718750e+02 2.234740257263183594e+02
3.654645538330078125e+02 4.755151748657226562e+02 2.234952163696289062e+02
3.659999847412109375e+02 4.750000000000000000e+02 2.233290672302246094e+02
3.659999847412109375e+02 4.739999771118164062e+02 2.231104660034179688e+02
3.650787353515625000e+02 4.750065231323242188e+02 2.234174156188964844e+02
3.650000000000000000e+02 4.739999771118164062e+02 2.231995582580566406e+02
3.647978591918945312e+02 4.753442382812500000e+02 2.235398483276367188e+02
3.642539215087890625e+02 4.746775817871093750e+02 2.234547424316406250e+02
3.639523696899414062e+02 4.740515136718750000e+02 2.233751869201660156e+02
3.639523696899414062e+02 4.750065231323242188e+02 2.235943031311035156e+02
3.639999771118164062e+02 4.759999847412109375e+02 2.238704681396484375e+02
3.629999923706054688e+02 4.750000000000000000e+02 2.237904930114746094e+02
3.635872650146484375e+02 4.744192123413085938e+02 2.235161018371582031e+02
3.629615020751953125e+02 4.740515136718750000e+02 2.235775566101074219e+02
3.620000076293945312e+02 4.739999771118164062e+02 2.238147544860839844e+02
3.626025390625000000e+02 4.733585357666015625e+02 2.235223579406738281e+02
3.632691955566406250e+02 4.737525177001953125e+02 2.234498786926269531e+02
3.629615020751953125e+02 4.730150985717773438e+02 2.233903884887695312e+02
3.629999923706054688e+02 4.720000076293945312e+02 2.232561302185058594e+02
3.639999771118164062e+02 4.729999923706054688e+02 2.231753158569335938e+02
3.623947906494140625e+02 4.726918411254882812e+02 2.234697151184082031e+02
3.622515869140625000e+02 4.720000076293945312e+02 2.234298515319824219e+02
3.620368576049804688e+02 4.730150985717773438e+02 2.236239433288574219e+02
3.609999847412109375e+02 4.729999923706054688e+02 2.239428138732910156e+02
3.617515945434570312e+02 4.720000076293945312e+02 2.235720825195312500e+02
3.609999847412109375e+02 4.720000076293945312e+02 2.238078498840332031e+02
3.616208267211914062e+02 4.709999847412109375e+02 2.235341072082519531e+02
3.609999847412109375e+02 4.709999847412109375e+02 2.237280464172363281e+02
3.615759277343750000e+02 4.700000000000000000e+02 2.235212707519531250e+02
3.621208572387695312e+02 4.709999847412109375e+02 2.233947753906250000e+02
3.620759201049804688e+02 4.700000000000000000e+02 2.233832359313964844e+02
3.629999923706054688e+02 4.709999847412109375e+02 2.231928825378417969e+02
3.639999771118164062e+02 4.709999847412109375e+02 2.230040359497070312e+02
3.629999923706054688e+02 4.700000000000000000e+02 2.231724548339843750e+02
3.629999923706054688e+02 4.689999771118164062e+02 2.231847190856933594e+02
3.639999771118164062e+02 4.700000000000000000e+02 2.229876518249511719e+02
3.639999771118164062e+02 4.689999771118164062e+02 2.230003929138183594e+02
3.650000000000000000e+02 4.700000000000000000e+02 2.228404045104980469e+02
3.650000000000000000e+02 4.689999771118164062e+02 2.228567695617675781e+02
3.650000000000000000e+02 4.709999847412109375e+02 2.228530693054199219e+02
3.659999847412109375e+02 4.700000000000000000e+02 2.227683639526367188e+02
3.659999847412109375e+02 4.689999771118164062e+02 2.227848052978515625e+02
3.659999847412109375e+02 4.709999847412109375e+02 2.227766990661621094e+02
3.670000076293945312e+02 4.700000000000000000e+02 2.227469825744628906e+02
3.670000076293945312e+02 4.689999771118164062e+02 2.227626228332519531e+02
3.670000076293945312e+02 4.709999847412109375e+02 2.227534675598144531e+02
3.679999923706054688e+02 4.700000000000000000e+02 2.227469825744628906e+02
3.679999923706054688e+02 4.689999771118164062e+02 2.227626228332519531e+02
3.679999923706054688e+02 4.709999847412109375e+02 2.227534675598144531e+02
3.689999771118164062e+02 4.700000000000000000e+02 2.227683639526367188e+02
3.689999771118164062e+02 4.689999771118164062e+02 2.227848052978515625e+02
3.689999771118164062e+02 4.709999847412109375e+02 2.227741813659667969e+02
3.700000000000000000e+02 4.700000000000000000e+02 2.228242492675781250e+02
3.700000000000000000e+02 4.689999771118164062e+02 2.228482246398925781e+02
3.700000000000000000e+02 4.709999847412109375e+02 2.228248214721679688e+02
3.709999847412109375e+02 4.700000000000000000e+02 2.229326629638671875e+02
3.709999847412109375e+02 4.709999847412109375e+02 2.229258155822753906e+02
3.720000076293945312e+02 4.700000000000000000e+02 2.230832862854003906e+02
3.709999847412109375e+02 4.689999771118164062e+02 2.229661941528320312e+02
3.709999847412109375e+02 4.679999923706054688e+02 2.230426025390625000e+02
3.720000076293945312e+02 4.689999771118164062e+02 2.231252670288085938e+02
3.720000076293945312e+02 4.679999923706054688e+02 2.232162475585937500e+02
3.729999923706054688e+02 4.689999771118164062e+02 2.233123588562011719e+02
3.730009078979492188e+02 4.680466842651367188e+02 2.234165382385253906e+02
3.729999923706054688e+02 4.700000000000000000e+02 2.232571983337402344e+02
3.729999923706054688e+02 4.709999847412109375e+02 2.232419013977050781e+02
3.720000076293945312e+02 4.709999847412109375e+02 2.230713081359863281e+02
3.729999923706054688e+02 4.720000076293945312e+02 2.232769393920898438e+02
3.720000076293945312e+02 4.720000076293945312e+02 2.230980682373046875e+02
3.737156295776367188e+02 4.720000076293945312e+02 2.234370994567871094e+02
3.730599212646484375e+02 4.730323791503906250e+02 2.233897399902343750e+02
3.720000076293945312e+02 4.729999923706054688e+02 2.231851387023925781e+02
3.727665710449218750e+02 4.738077163696289062e+02 2.234421730041503906e+02
3.734332275390625000e+02 4.733873367309570312e+02 2.235146141052246094e+02
3.735946655273437500e+02 4.727206802368164062e+02 2.234713935852050781e+02
3.730599212646484375e+02 4.740846252441406250e+02 2.235613822937011719e+02
3.724706268310546875e+02 4.744743728637695312e+02 2.235048484802246094e+02
3.720823669433593750e+02 4.740846252441406250e+02 2.233686256408691406e+02
3.720823669433593750e+02 4.750189208984375000e+02 2.235795021057128906e+02
3.718039703369140625e+02 4.746982192993164062e+02 2.234500885009765625e+02
3.709243011474609375e+02 4.750189208984375000e+02 2.234153747558593750e+02
3.709999847412109375e+02 4.739999771118164062e+02 2.232035636901855469e+02
3.700000000000000000e+02 4.750000000000000000e+02 2.233307075500488281e+02
3.700000000000000000e+02 4.739999771118164062e+02 2.231205177307128906e+02
3.689999771118164062e+02 4.750000000000000000e+02 2.232868003845214844e+02
3.689999771118164062e+02 4.739999771118164062e+02 2.230808067321777344e+02
3.679999923706054688e+02 4.750000000000000000e+02 2.232752037048339844e+02
3.679999923706054688e+02 4.739999771118164062e+02 2.230680274963378906e+02
3.679999923706054688e+02 4.729999923706054688e+02 2.228840827941894531e+02
3.670000076293945312e+02 4.739999771118164062e+02 2.230758094787597656e+02
3.670000076293945312e+02 4.729999923706054688e+02 2.228901100158691406e+02
3.659999847412109375e+02 4.729999923706054688e+02 2.229240608215332031e+02
3.670000076293945312e+02 4.720000076293945312e+02 2.227824211120605469e+02
3.659999847412109375e+02 4.720000076293945312e+02 2.228122520446777344e+02
3.679999923706054688e+02 4.720000076293945312e+02 2.227799034118652344e+02
3.689999771118164062e+02 4.720000076293945312e+02 2.228002929687500000e+02
3.700000000000000000e+02 4.720000076293945312e+02 2.228513145446777344e+02
3.689999771118164062e+02 4.729999923706054688e+02 2.229021072387695312e+02
3.700000000000000000e+02 4.729999923706054688e+02 2.229498863220214844e+02
3.709999847412109375e+02 4.729999923706054688e+02 2.230429649353027344e+02
3.709999847412109375e+02 4.720000076293945312e+02 2.229516410827636719e+02
3.650000000000000000e+02 4.720000076293945312e+02 2.228981590270996094e+02
3.639999771118164062e+02 4.720000076293945312e+02 2.230570983886718750e+02
3.650000000000000000e+02 4.729999923706054688e+02 2.230139923095703125e+02
3.726681518554687500e+02 4.672810745239257812e+02 2.234600257873535156e+02
3.720399856567382812e+02 4.669686508178710938e+02 2.233820343017578125e+02
3.730009078979492188e+02 4.669686508178710938e+02 2.236002159118652344e+02
3.729999923706054688e+02 4.659999847412109375e+02 2.238035392761230469e+02
3.724000167846679688e+02 4.666144180297851562e+02 2.235209655761718750e+02
3.720399856567382812e+02 4.659599685668945312e+02 2.235809135437011719e+02
3.720000076293945312e+02 4.650000000000000000e+02 2.238123130798339844e+02
3.713755416870117188e+02 4.655999755859375000e+02 2.235209655761718750e+02
3.717333221435546875e+02 4.662666320800781250e+02 2.234512519836425781e+02
3.710253143310546875e+02 4.659599685668945312e+02 2.233870506286621094e+02
3.707088470458984375e+02 4.653753662109375000e+02 2.234648895263671875e+02
3.700000000000000000e+02 4.659999847412109375e+02 2.232345581054687500e+02
3.709999847412109375e+02 4.670000076293945312e+02 2.231828308105468750e+02
3.700000000000000000e+02 4.670000076293945312e+02 2.230452346801757812e+02
3.689999771118164062e+02 4.670000076293945312e+02 2.229716873168945312e+02
3.700000000000000000e+02 4.679999923706054688e+02 2.229127883911132812e+02
3.689999771118164062e+02 4.679999923706054688e+02 2.228411483764648438e+02
3.679999923706054688e+02 4.679999923706054688e+02 2.228180885314941406e+02
3.670000076293945312e+02 4.679999923706054688e+02 2.228197288513183594e+02
3.679999923706054688e+02 4.670000076293945312e+02 2.229510879516601562e+02
3.670000076293945312e+02 4.670000076293945312e+02 2.229550170898437500e+02
3.679999923706054688e+02 4.659999847412109375e+02 2.231411170959472656e+02
3.670000076293945312e+02 4.659999847412109375e+02 2.231461906433105469e+02
3.689999771118164062e+02 4.659999847412109375e+02 2.231600952148437500e+02
3.679999923706054688e+02 4.650249099731445312e+02 2.233702087402343750e+02
3.670000076293945312e+02 4.650358963012695312e+02 2.233730125427246094e+02
3.679999923706054688e+02 4.645248794555664062e+02 2.235069274902343750e+02
3.689999771118164062e+02 4.650638961791992188e+02 2.233800315856933594e+02
3.689999771118164062e+02 4.645639038085937500e+02 2.235179710388183594e+02
3.700000000000000000e+02 4.652079772949218750e+02 2.234185981750488281e+02
3.700000000000000000e+02 4.647079849243164062e+02 2.235587310791015625e+02
3.710253143310546875e+02 4.650252151489257812e+02 2.236168861389160156e+02
3.700000000000000000e+02 4.639999771118164062e+02 2.237796974182128906e+02
3.689999771118164062e+02 4.639999771118164062e+02 2.236970520019531250e+02
3.700000000000000000e+02 4.629999923706054688e+02 2.241449737548828125e+02
3.709999847412109375e+02 4.639999771118164062e+02 2.239219856262207031e+02
3.710018920898437500e+02 4.629405975341796875e+02 2.243153572082519531e+02
3.720000076293945312e+02 4.639999771118164062e+02 2.241173744201660156e+02
3.729720687866210938e+02 4.640097045898437500e+02 2.243611717224121094e+02
3.720000076293945312e+02 4.632379531860351562e+02 2.243904876708984375e+02
3.726201248168945312e+02 4.634162521362304688e+02 2.244650650024414062e+02
3.720000076293945312e+02 4.627379608154296875e+02 2.245994949340820312e+02
3.713364791870117188e+02 4.625676727294921875e+02 2.245287132263183594e+02
3.720000076293945312e+02 4.620000076293945312e+02 2.249284744262695312e+02
3.729720687866210938e+02 4.630497360229492188e+02 2.247186851501464844e+02
3.730541992187500000e+02 4.619287109375000000e+02 2.252355575561523438e+02
3.732868194580078125e+02 4.636828613281250000e+02 2.245618629455566406e+02
3.739999771118164062e+02 4.629999923706054688e+02 2.250653076171875000e+02
3.739999771118164062e+02 4.622607421875000000e+02 2.253868865966796875e+02
3.739902496337890625e+02 4.640097045898437500e+02 2.246798515319824219e+02
3.749214553833007812e+02 4.630845260620117188e+02 2.253891181945800781e+02
3.750000000000000000e+02 4.639999771118164062e+02 2.250715827941894531e+02
3.745357894897460938e+02 4.624664688110351562e+02 2.254838180541992188e+02
3.749214553833007812e+02 4.620798873901367188e+02 2.258450698852539062e+02
3.749065780639648438e+02 4.610606384277343750e+02 2.263614273071289062e+02
3.739999771118164062e+02 4.617607116699218750e+02 2.256255912780761719e+02
3.734236526489257812e+02 4.615478515625000000e+02 2.255230522155761719e+02
3.739999771118164062e+02 4.609999847412109375e+02 2.260204315185546875e+02
3.730541992187500000e+02 4.610102081298828125e+02 2.256899452209472656e+02
3.739999771118164062e+02 4.603253936767578125e+02 2.263948249816894531e+02
3.739999771118164062e+02 4.598254013061523438e+02 2.267001533508300781e+02
3.745109558105468750e+02 4.604916000366210938e+02 2.264948081970214844e+02
3.729789733886718750e+02 4.599653625488281250e+02 2.262501525878906250e+02
3.726316070556640625e+02 4.594340515136718750e+02 2.264567375183105469e+02
3.720000076293945312e+02 4.600000000000000000e+02 2.259602737426757812e+02
3.732983016967773438e+02 4.596089172363281250e+02 2.265665435791015625e+02
3.729789733886718750e+02 4.590604400634765625e+02 2.268215179443359375e+02
3.729999923706054688e+02 4.582963180541992188e+02 2.273519897460937500e+02
3.720000076293945312e+02 4.588063430786132812e+02 2.267015266418457031e+02
3.739589309692382812e+02 4.589838027954101562e+02 2.272356224060058594e+02
3.742649078369140625e+02 4.586396789550781250e+02 2.275987052917480469e+02
3.747744369506835938e+02 4.593063735961914062e+02 2.273670005798339844e+02
3.735982131958007812e+02 4.584448623657226562e+02 2.274591636657714844e+02
3.740222930908203125e+02 4.579873657226562500e+02 2.279882621765136719e+02
3.729999923706054688e+02 4.577962875366210938e+02 2.277233123779296875e+02
3.737797164916992188e+02 4.573520660400390625e+02 2.283777999877929688e+02
3.744463729858398438e+02 4.575298690795898438e+02 2.285239219665527344e+02
3.750000000000000000e+02 4.582056045532226562e+02 2.282716178894042969e+02
3.750000000000000000e+02 4.577056121826171875e+02 2.286649894714355469e+02
3.750646591186523438e+02 4.589838027954101562e+02 2.277347946166992188e+02
3.756195449829101562e+02 4.584109497070312500e+02 2.284300994873046875e+02
3.760051727294921875e+02 4.579961395263671875e+02 2.289949035644531250e+02
3.759717178344726562e+02 4.590019226074218750e+02 2.282042694091796875e+02
3.762862014770507812e+02 4.586698532104492188e+02 2.286270904541015625e+02
3.759999847412109375e+02 4.597828292846679688e+02 2.276827621459960938e+02
3.766784667968750000e+02 4.593365097045898438e+02 2.283811759948730469e+02
3.770693206787109375e+02 4.589369583129882812e+02 2.289509010314941406e+02
3.769232559204101562e+02 4.600781250000000000e+02 2.280486297607421875e+02
3.765013885498046875e+02 4.604986190795898438e+02 2.274991035461425781e+02
3.773451232910156250e+02 4.596576309204101562e+02 2.286080741882324219e+02
3.772355651855468750e+02 4.609999847412109375e+02 2.276721572875976562e+02
3.776528549194335938e+02 4.603242874145507812e+02 2.283827590942382812e+02
3.780490112304687500e+02 4.599447631835937500e+02 2.289603805541992188e+02
3.779917144775390625e+02 4.610326004028320312e+02 2.281944084167480469e+02
3.783195495605468750e+02 4.607209777832031250e+02 2.286460494995117188e+02
3.780377578735351562e+02 4.619147491455078125e+02 2.277112770080566406e+02
3.785836029052734375e+02 4.613876342773437500e+02 2.284277915954589844e+02
3.774793624877929688e+02 4.615246200561523438e+02 2.275134468078613281e+02
3.777296066284179688e+02 4.621912765502929688e+02 2.273363113403320312e+02
3.777785110473632812e+02 4.592040634155273438e+02 2.292747306823730469e+02
3.767355728149414062e+02 4.609999847412109375e+02 2.273531150817871094e+02
3.759424591064453125e+02 4.610606384277343750e+02 2.268734741210937500e+02
3.762374114990234375e+02 4.617716598510742188e+02 2.266383743286132812e+02
3.759999847412109375e+02 4.602828216552734375e+02 2.273630523681640625e+02
3.751776123046875000e+02 4.607677078247070312e+02 2.266516304016113281e+02
3.755707550048828125e+02 4.614343643188476562e+02 2.264631652832031250e+02
3.749760055541992188e+02 4.600183868408203125e+02 2.270093154907226562e+02
3.754410934448242188e+02 4.595451354980468750e+02 2.275291633605957031e+02
3.767935180664062500e+02 4.582479476928710938e+02 2.292937469482421875e+02
3.774601745605468750e+02 4.585374069213867188e+02 2.295307731628417969e+02
3.763908004760742188e+02 4.575812911987304688e+02 2.295717811584472656e+02
3.757241439819335938e+02 4.573398590087890625e+02 2.293627166748046875e+02
3.749307250976562500e+02 4.570038986206054688e+02 2.292154693603515625e+02
3.740678405761718750e+02 4.570112228393554688e+02 2.287920570373535156e+02
3.752178573608398438e+02 4.566732025146484375e+02 2.296575927734375000e+02
3.745512008666992188e+02 4.564696121215820312e+02 2.294724845886230469e+02
3.739999771118164062e+02 4.563314437866210938e+02 2.293471336364746094e+02
3.748959350585937500e+02 4.560622406005859375e+02 2.300567054748535156e+02
3.739999771118164062e+02 4.558314514160156250e+02 2.298159599304199219e+02
3.732030487060546875e+02 4.556389999389648438e+02 2.296321105957031250e+02
3.739999771118164062e+02 4.553168869018554688e+02 2.303159523010253906e+02
3.728696060180664062e+02 4.550578689575195312e+02 2.300576019287109375e+02
3.725363922119140625e+02 4.554830932617187500e+02 2.294839859008789062e+02
3.720000076293945312e+02 4.548794174194335938e+02 2.298784637451171875e+02
3.720000076293945312e+02 4.543843841552734375e+02 2.303784561157226562e+02
3.709999847412109375e+02 4.547153854370117188e+02 2.297132873535156250e+02
3.720000076293945312e+02 4.553794097900390625e+02 2.293866157531738281e+02
3.709999847412109375e+02 4.552154159545898438e+02 2.292331504821777344e+02
3.720610427856445312e+02 4.560380935668945312e+02 2.288219261169433594e+02
3.717683792114257812e+02 4.563968276977539062e+02 2.284146118164062500e+02
3.729218292236328125e+02 4.559833908081054688e+02 2.291972160339355469e+02
3.724350357055664062e+02 4.565254592895507812e+02 2.285210227966308594e+02
3.709999847412109375e+02 4.557719039916992188e+02 2.287331390380859375e+02
3.700000000000000000e+02 4.556306457519531250e+02 2.286108589172363281e+02
3.709999847412109375e+02 4.562718963623046875e+02 2.283125305175781250e+02
3.700000000000000000e+02 4.561306762695312500e+02 2.281999969482421875e+02
3.709999847412109375e+02 4.569054031372070312e+02 2.278125381469726562e+02
3.709999847412109375e+02 4.574053955078125000e+02 2.274284553527832031e+02
3.700000000000000000e+02 4.567628479003906250e+02 2.277000045776367188e+02
3.719850158691406250e+02 4.570061111450195312e+02 2.280006027221679688e+02
3.722016525268554688e+02 4.576168441772460938e+02 2.275866127014160156e+02
3.729999923706054688e+02 4.571581649780273438e+02 2.282233047485351562e+02
3.715349578857421875e+02 4.574867248535156250e+02 2.274898338317871094e+02
3.719209671020507812e+02 4.579701232910156250e+02 2.272551345825195312e+02
3.709999847412109375e+02 4.579999923706054688e+02 2.270151901245117188e+02
3.700168609619140625e+02 4.580689620971679688e+02 2.267727661132812500e+02
3.709999847412109375e+02 4.586335754394531250e+02 2.265867233276367188e+02
3.709999847412109375e+02 4.591336059570312500e+02 2.262675476074218750e+02
3.703614425659179688e+02 4.585370254516601562e+02 2.265237426757812500e+02
3.700168609619140625e+02 4.589222335815429688e+02 2.262268447875976562e+02
3.689999771118164062e+02 4.589999771118164062e+02 2.260478210449218750e+02
3.700000000000000000e+02 4.598247528076171875e+02 2.256834602355957031e+02
3.696947860717773438e+02 4.584482955932617188e+02 2.264668083190917969e+02
3.689999771118164062e+02 4.583790969848632812e+02 2.264240837097167969e+02
3.679999923706054688e+02 4.583141708374023438e+02 2.263862037658691406e+02
3.689999771118164062e+02 4.578791046142578125e+02 2.267430305480957031e+02
3.679999923706054688e+02 4.578141784667968750e+02 2.266958808898925781e+02
3.689999771118164062e+02 4.571501159667968750e+02 2.272430419921875000e+02
3.689999771118164062e+02 4.566501235961914062e+02 2.276126098632812500e+02
3.700000000000000000e+02 4.572628402709960938e+02 2.273231506347656250e+02
3.679999923706054688e+02 4.570777130126953125e+02 2.271958923339843750e+02
3.670000076293945312e+02 4.570410537719726562e+02 2.271762275695800781e+02
3.679999923706054688e+02 4.565777206420898438e+02 2.275574302673339844e+02
3.679999923706054688e+02 4.559999847412109375e+02 2.280060005187988281e+02
3.670000076293945312e+02 4.565410614013671875e+02 2.275296401977539062e+02
3.670000076293945312e+02 4.559999847412109375e+02 2.279420852661132812e+02
3.659999847412109375e+02 4.565533065795898438e+02 2.275384712219238281e+02
3.659999847412109375e+02 4.559999847412109375e+02 2.279587364196777344e+02
3.650000000000000000e+02 4.566055297851562500e+02 2.275769805908203125e+02
3.659999847412109375e+02 4.570532989501953125e+02 2.271849441528320312e+02
3.650000000000000000e+02 4.571055221557617188e+02 2.272182083129882812e+02
3.659999847412109375e+02 4.578026580810546875e+02 2.266849327087402344e+02
3.650000000000000000e+02 4.578511047363281250e+02 2.267181968688964844e+02
3.659999847412109375e+02 4.583026504516601562e+02 2.263812065124511719e+02
3.670000076293945312e+02 4.577888488769531250e+02 2.266762351989746094e+02
3.670000076293945312e+02 4.582888412475585938e+02 2.263731193542480469e+02
3.670000076293945312e+02 4.589999771118164062e+02 2.259577560424804688e+02
3.659999847412109375e+02 4.589999771118164062e+02 2.259738159179687500e+02
3.670000076293945312e+02 4.596600341796875000e+02 2.255846405029296875e+02
3.679999923706054688e+02 4.589999771118164062e+02 2.259795188903808594e+02
3.679999923706054688e+02 4.596739959716796875e+02 2.255932998657226562e+02
3.679999923706054688e+02 4.601740264892578125e+02 2.253287506103515625e+02
3.689999771118164062e+02 4.597247314453125000e+02 2.256237220764160156e+02
3.689999771118164062e+02 4.602247619628906250e+02 2.253517341613769531e+02
3.689999771118164062e+02 4.609999847412109375e+02 2.249553108215332031e+02
3.700000000000000000e+02 4.603247833251953125e+02 2.254028701782226562e+02
3.700000000000000000e+02 4.609999847412109375e+02 2.250540733337402344e+02
3.707320785522460938e+02 4.604246139526367188e+02 2.254574012756347656e+02
3.710392379760742188e+02 4.600547790527343750e+02 2.257252502441406250e+02
3.710392379760742188e+02 4.609215927124023438e+02 2.252568435668945312e+02
3.713987350463867188e+02 4.605360031127929688e+02 2.255187034606933594e+02
3.710018920898437500e+02 4.620608520507812500e+02 2.246996498107910156e+02
3.720000076293945312e+02 4.611647796630859375e+02 2.253289794921875000e+02
3.720000076293945312e+02 4.606647872924804688e+02 2.255854415893554688e+02
3.727569961547851562e+02 4.613503646850585938e+02 2.254233169555664062e+02
3.706698226928710938e+02 4.624347686767578125e+02 2.244701194763183594e+02
3.700000000000000000e+02 4.618327713012695312e+02 2.246511840820312500e+02
3.700000000000000000e+02 4.623328018188476562e+02 2.244239997863769531e+02
3.689999771118164062e+02 4.617294692993164062e+02 2.246035766601562500e+02
3.679999923706054688e+02 4.616897583007812500e+02 2.245841979980468750e+02
3.689999771118164062e+02 4.622294616699218750e+02 2.243781280517578125e+02
3.679999923706054688e+02 4.621897506713867188e+02 2.243625068664550781e+02
3.689999771118164062e+02 4.629999923706054688e+02 2.240572166442871094e+02
3.679999923706054688e+02 4.629999923706054688e+02 2.240285682678222656e+02
3.670000076293945312e+02 4.629999923706054688e+02 2.240327644348144531e+02
3.679999923706054688e+02 4.639999771118164062e+02 2.236730003356933594e+02
3.670000076293945312e+02 4.639999771118164062e+02 2.236789131164550781e+02
3.670000076293945312e+02 4.645359039306640625e+02 2.235100173950195312e+02
3.659999847412109375e+02 4.639999771118164062e+02 2.237166404724121094e+02
3.650000000000000000e+02 4.639999771118164062e+02 2.237962150573730469e+02
3.659999847412109375e+02 4.629999923706054688e+02 2.240680503845214844e+02
3.659999847412109375e+02 4.646039581298828125e+02 2.235293579101562500e+02
3.650000000000000000e+02 4.647504806518554688e+02 2.235705184936523438e+02
3.659999847412109375e+02 4.651039886474609375e+02 2.233904647827148438e+02
3.650000000000000000e+02 4.652504730224609375e+02 2.234300994873046875e+02
3.659999847412109375e+02 4.659999847412109375e+02 2.231789970397949219e+02
3.650000000000000000e+02 4.659999847412109375e+02 2.232557868957519531e+02
3.659999847412109375e+02 4.670000076293945312e+02 2.229862785339355469e+02
3.659999847412109375e+02 4.679999923706054688e+02 2.228472518920898438e+02
3.650000000000000000e+02 4.670000076293945312e+02 2.230636405944824219e+02
3.639999771118164062e+02 4.670000076293945312e+02 2.231983757019042969e+02
3.650000000000000000e+02 4.679999923706054688e+02 2.229240226745605469e+02
3.639999771118164062e+02 4.679999923706054688e+02 2.230651664733886719e+02
3.629999923706054688e+02 4.679999923706054688e+02 2.232512283325195312e+02
3.629605102539062500e+02 4.669782638549804688e+02 2.233933448791503906e+02
3.622307968139648438e+02 4.679999923706054688e+02 2.234256172180175781e+02
3.623836517333984375e+02 4.672971343994140625e+02 2.234684753417968750e+02
3.617308044433593750e+02 4.679999923706054688e+02 2.235634613037109375e+02
3.621036529541015625e+02 4.689999771118164062e+02 2.233902740478515625e+02
3.616036605834960938e+02 4.689999771118164062e+02 2.235292053222656250e+02
3.609999847412109375e+02 4.689999771118164062e+02 2.237186241149902344e+02
3.600000000000000000e+02 4.689999771118164062e+02 2.240893936157226562e+02
3.609999847412109375e+02 4.679999923706054688e+02 2.237887954711914062e+02
3.609999847412109375e+02 4.700000000000000000e+02 2.237005043029785156e+02
3.600000000000000000e+02 4.700000000000000000e+02 2.240683937072753906e+02
3.592569351196289062e+02 4.700000000000000000e+02 2.243891716003417969e+02
3.600000000000000000e+02 4.709999847412109375e+02 2.240976333618164062e+02
3.592887878417968750e+02 4.709999847412109375e+02 2.244037055969238281e+02
3.600000000000000000e+02 4.720000076293945312e+02 2.241804504394531250e+02
3.593787765502929688e+02 4.720000076293945312e+02 2.244446945190429688e+02
3.599502182006835938e+02 4.729689788818359375e+02 2.243325614929199219e+02
3.594592285156250000e+02 4.726149749755859375e+02 2.244814300537109375e+02
3.595837402343750000e+02 4.732816314697265625e+02 2.245350837707519531e+02
3.602598953247070312e+02 4.739999771118164062e+02 2.244006919860839844e+02
3.597599029541015625e+02 4.739999771118164062e+02 2.246076202392578125e+02
3.604294586181640625e+02 4.746067810058593750e+02 2.244708251953125000e+02
3.609999847412109375e+02 4.739999771118164062e+02 2.241305923461914062e+02
3.610041046142578125e+02 4.749640655517578125e+02 2.243611717224121094e+02
3.620000076293945312e+02 4.750000000000000000e+02 2.240508651733398438e+02
3.613401794433593750e+02 4.756678390502929688e+02 2.244431114196777344e+02
3.606735229492187500e+02 4.752734375000000000e+02 2.245618629455566406e+02
3.600576782226562500e+02 4.749640655517578125e+02 2.247213745117187500e+02
3.610041046142578125e+02 4.760007095336914062e+02 2.246765136718750000e+02
3.609999847412109375e+02 4.770000076293945312e+02 2.250642013549804688e+02
3.616894149780273438e+02 4.763345336914062500e+02 2.245563125610351562e+02
3.600000000000000000e+02 4.759999847412109375e+02 2.250653076171875000e+02
3.592607116699218750e+02 4.759999847412109375e+02 2.253868865966796875e+02
3.600844955444335938e+02 4.769214630126953125e+02 2.253891181945800781e+02
3.598075103759765625e+02 4.772024536132812500e+02 2.256341934204101562e+02
3.604742050170898438e+02 4.775224304199218750e+02 2.254886627197265625e+02
3.594664764404296875e+02 4.765357589721679688e+02 2.254838180541992188e+02
3.590798568725585938e+02 4.769214630126953125e+02 2.258450698852539062e+02
3.580606079101562500e+02 4.769065856933593750e+02 2.263614273071289062e+02
3.587607192993164062e+02 4.759999847412109375e+02 2.256255912780761719e+02
3.590687179565429688e+02 4.779415512084960938e+02 2.263426208496093750e+02
3.584343719482421875e+02 4.775692749023437500e+02 2.264631652832031250e+02
3.587812423706054688e+02 4.782359313964843750e+02 2.266421890258789062e+02
3.594478988647460938e+02 4.785437774658203125e+02 2.264736557006835938e+02
3.600844955444335938e+02 4.779134750366210938e+02 2.258595848083496094e+02
3.589916229248046875e+02 4.790073394775390625e+02 2.269928932189941406e+02
3.579999923706054688e+02 4.787292098999023438e+02 2.273559761047363281e+02
3.574986267089843750e+02 4.785013961791992188e+02 2.274991035461425781e+02
3.580606079101562500e+02 4.779415512084960938e+02 2.268757629394531250e+02
3.579999923706054688e+02 4.792292022705078125e+02 2.276743316650390625e+02
3.570772171020507812e+02 4.789207458496093750e+02 2.280499458312988281e+02
3.567901992797851562e+02 4.779999923706054688e+02 2.276924705505371094e+02
3.563456726074218750e+02 4.786734390258789062e+02 2.283863449096679688e+02
3.566558074951171875e+02 4.793400955200195312e+02 2.286078453063964844e+02
3.573224639892578125e+02 4.796618652343750000e+02 2.283802032470703125e+02
3.569342803955078125e+02 4.800603866577148438e+02 2.289534568786621094e+02
3.562027359008789062e+02 4.797922897338867188e+02 2.292745018005371094e+02
3.559408569335937500e+02 4.790664291381835938e+02 2.289551162719726562e+02
3.556789779663085938e+02 4.782664489746093750e+02 2.286357498168945312e+02
3.552614974975585938e+02 4.787927627563476562e+02 2.293024063110351562e+02
3.555360794067382812e+02 4.794594192504882812e+02 2.295285987854003906e+02
3.549568939208984375e+02 4.790756607055664062e+02 2.297552871704101562e+02
3.542778015136718750e+02 4.789999771118164062e+02 2.302976608276367188e+02
3.545948028564453125e+02 4.783650970458984375e+02 2.295822334289550781e+02
3.550765609741210938e+02 4.799136734008789062e+02 2.302856254577636719e+02
3.544793319702148438e+02 4.795227813720703125e+02 2.304813003540039062e+02
3.547942352294921875e+02 4.801894760131835938e+02 2.307693481445312500e+02
3.541228866577148438e+02 4.798652267456054688e+02 2.311168670654296875e+02
3.534660339355468750e+02 4.795410156250000000e+02 2.314644050598144531e+02
3.537777709960937500e+02 4.789999771118164062e+02 2.307652091979980469e+02
3.537664413452148438e+02 4.802076721191406250e+02 2.317736816406250000e+02
3.544330978393554688e+02 4.805690002441406250e+02 2.314360046386718750e+02
3.540995025634765625e+02 4.808978652954101562e+02 2.321023368835449219e+02
3.534473800659179688e+02 4.805600738525390625e+02 2.324403381347656250e+02
3.537659454345703125e+02 4.812267684936523438e+02 2.328017234802246094e+02
3.541313171386718750e+02 4.818784332275390625e+02 2.331489944458007812e+02
3.532599639892578125e+02 4.809360504150390625e+02 2.330810356140136719e+02
3.526803970336914062e+02 4.800915527343750000e+02 2.329062271118164062e+02
3.527308273315429688e+02 4.810568618774414062e+02 2.339094543457031250e+02
3.534743118286132812e+02 4.815265655517578125e+02 2.334683799743652344e+02
3.532798004150390625e+02 4.817236709594726562e+02 2.339999961853027344e+02
3.529547500610351562e+02 4.820471191406250000e+02 2.349311447143554688e+02
3.537973022460937500e+02 4.822236633300781250e+02 2.339999961853027344e+02
3.535663604736328125e+02 4.824383163452148438e+02 2.345952606201171875e+02
3.542972946166992188e+02 4.826726913452148438e+02 2.339999961853027344e+02
3.539787292480468750e+02 4.830187988281250000e+02 2.349707221984863281e+02
3.533440399169921875e+02 4.826434707641601562e+02 2.352619361877441406e+02
3.536825561523437500e+02 4.833455276489257812e+02 2.359999847412109375e+02
3.543911361694335938e+02 4.835879135131835938e+02 2.353461837768554688e+02
3.546368789672851562e+02 4.833941268920898438e+02 2.346795272827148438e+02
3.549821472167968750e+02 4.838344573974609375e+02 2.350077056884765625e+02
3.553035736083984375e+02 4.836450958251953125e+02 2.342744445800781250e+02
3.549690628051757812e+02 4.842986679077148438e+02 2.359110069274902344e+02
3.557271575927734375e+02 4.843521499633789062e+02 2.350000000000000000e+02
3.555136489868164062e+02 4.844910812377929688e+02 2.355183601379394531e+02
3.562271499633789062e+02 4.846739959716796875e+02 2.350000000000000000e+02
3.560300064086914062e+02 4.839822006225585938e+02 2.340310287475585938e+02
3.564558792114257812e+02 4.845284271240234375e+02 2.344542884826660156e+02
3.568088912963867188e+02 4.843193435668945312e+02 2.337876129150390625e+02
3.570394134521484375e+02 4.851692962646484375e+02 2.350346565246582031e+02
3.541825485229492188e+02 4.837549972534179688e+02 2.359999847412109375e+02
3.535189437866210938e+02 4.834839248657226562e+02 2.365358734130859375e+02
3.530064392089843750e+02 4.827842330932617188e+02 2.360857772827148438e+02
3.526773834228515625e+02 4.823226165771484375e+02 2.358096504211425781e+02
3.524869155883789062e+02 4.825130081176757812e+02 2.364763069152832031e+02
3.522097778320312500e+02 4.819935607910156250e+02 2.360857772827148438e+02
3.523554611206054688e+02 4.816559219360351562e+02 2.352670288085937500e+02
3.516470336914062500e+02 4.813281250000000000e+02 2.359999847412109375e+02
3.512318038940429688e+02 4.808280944824218750e+02 2.359999847412109375e+02
3.519834899902343750e+02 4.810203552246093750e+02 2.349738883972167969e+02
3.515072631835937500e+02 4.814915847778320312e+02 2.365153694152832031e+02
3.509605407714843750e+02 4.810492706298828125e+02 2.369141960144042969e+02
3.504151153564453125e+02 4.806069183349609375e+02 2.373130035400390625e+02
3.505672836303710938e+02 4.804079818725585938e+02 2.366463279724121094e+02
3.506863021850585938e+02 4.800447845458984375e+02 2.359016227722167969e+02
3.501538085937500000e+02 4.800447845458984375e+02 2.369878005981445312e+02
3.496309280395507812e+02 4.792972183227539062e+02 2.369999885559082031e+02
3.503295898437500000e+02 4.797413253784179688e+02 2.361693572998046875e+02
3.497261428833007812e+02 4.800047683715820312e+02 2.379168701171875000e+02
3.493740844726562500e+02 4.796746063232421875e+02 2.381947898864746094e+02
3.495116806030273438e+02 4.794822692871093750e+02 2.375281333923339844e+02
3.496167373657226562e+02 4.803412628173828125e+02 2.388103485107421875e+02
3.502738952636718750e+02 4.807788848876953125e+02 2.379999923706054688e+02
3.492687988281250000e+02 4.800047683715820312e+02 2.390862083435058594e+02
3.494912338256835938e+02 4.805110549926757812e+02 2.394770240783691406e+02
3.487175750732421875e+02 4.791659164428710938e+02 2.389999961853027344e+02
3.483932495117187500e+02 4.786659240722656250e+02 2.389999961853027344e+02
3.490019226074218750e+02 4.789982986450195312e+02 2.380030822753906250e+02
3.485826492309570312e+02 4.793735885620117188e+02 2.397343254089355469e+02
3.486297225952148438e+02 4.782812881469726562e+02 2.378113746643066406e+02
3.493085098266601562e+02 4.787972259521484375e+02 2.369999885559082031e+02
3.484907150268554688e+02 4.785142898559570312e+02 2.384780311584472656e+02
3.483287048339843750e+02 4.779687500000000000e+02 2.380868148803710938e+02
3.484321594238281250e+02 4.776145935058593750e+02 2.373534011840820312e+02
3.479882431030273438e+02 4.779999923706054688e+02 2.389999961853027344e+02
3.477937698364257812e+02 4.769529342651367188e+02 2.380378723144531250e+02
3.475991439819335938e+02 4.762730789184570312e+02 2.377297973632812500e+02
3.474551391601562500e+02 4.765882110595703125e+02 2.383964729309082031e+02
3.482698440551757812e+02 4.769974899291992188e+02 2.370120429992675781e+02
3.475949859619140625e+02 4.773137283325195312e+02 2.389999961853027344e+02
3.473398208618164062e+02 4.768137359619140625e+02 2.389999961853027344e+02
3.475016784667968750e+02 4.774967575073242188e+02 2.395047760009765625e+02
3.476712417602539062e+02 4.780165481567382812e+02 2.399028587341308594e+02
3.471613693237304688e+02 4.770980453491210938e+02 2.399028587341308594e+02
3.466418457031250000e+02 4.760289001464843750e+02 2.399341392517089844e+02
3.473853302001953125e+02 4.776942825317382812e+02 2.401714515686035156e+02
3.469623184204101562e+02 4.759999847412109375e+02 2.389999961853027344e+02
3.464062118530273438e+02 4.757148361206054688e+02 2.402235603332519531e+02
3.465523529052734375e+02 4.763814926147460938e+02 2.406770133972167969e+02
3.465194702148437500e+02 4.754484176635742188e+02 2.395568847656250000e+02
3.462488937377929688e+02 4.750690460205078125e+02 2.399341392517089844e+02
3.466107177734375000e+02 4.750690460205078125e+02 2.389332580566406250e+02
3.465212249755859375e+02 4.744277572631835938e+02 2.385554122924804688e+02
3.469626998901367188e+02 4.750000000000000000e+02 2.379999923706054688e+02
3.463949584960937500e+02 4.747817611694335938e+02 2.392220878601074219e+02
3.462693405151367188e+02 4.740566253662109375e+02 2.389332580566406250e+02
3.459719467163085938e+02 4.729999923706054688e+02 2.389999961853027344e+02
3.464241790771484375e+02 4.737610626220703125e+02 2.383266067504882812e+02
3.458622360229492188e+02 4.739999771118164062e+02 2.400000000000000000e+02
3.456184387207031250e+02 4.730717849731445312e+02 2.399903106689453125e+02
3.455469131469726562e+02 4.720000076293945312e+02 2.396247863769531250e+02
3.455112838745117188e+02 4.734529876708984375e+02 2.405361747741699219e+02
3.454317474365234375e+02 4.727863311767578125e+02 2.403171920776367188e+02
3.453576660156250000e+02 4.720000076293945312e+02 2.401247787475585938e+02
3.453210830688476562e+02 4.710570526123046875e+02 2.399094963073730469e+02
3.452210235595703125e+02 4.700000000000000000e+02 2.400000000000000000e+02
3.454774093627929688e+02 4.707617568969726562e+02 2.394452285766601562e+02
3.455061340332031250e+02 4.714284133911132812e+02 2.395158386230468750e+02
3.456558990478515625e+02 4.710570526123046875e+02 2.390671348571777344e+02
3.456622314453125000e+02 4.700000000000000000e+02 2.389016914367675781e+02
3.460976409912109375e+02 4.709999847412109375e+02 2.379999923706054688e+02
3.457912063598632812e+02 4.720000076293945312e+02 2.389999961853027344e+02
3.462062835693359375e+02 4.720000076293945312e+02 2.379999923706054688e+02
3.464620208740234375e+02 4.720000076293945312e+02 2.374189567565917969e+02
3.463645935058593750e+02 4.729058837890625000e+02 2.379959487915039062e+02
3.464978408813476562e+02 4.725098419189453125e+02 2.374954223632812500e+02
3.465702438354492188e+02 4.731764984130859375e+02 2.376599311828613281e+02
3.467673492431640625e+02 4.729058837890625000e+02 2.370972442626953125e+02
3.466538619995117188e+02 4.740566253662109375e+02 2.379959487915039062e+02
3.470824813842773438e+02 4.739999771118164062e+02 2.369999885559082031e+02
3.474060821533203125e+02 4.739999771118164062e+02 2.363142204284667969e+02
3.473622894287109375e+02 4.749242019653320312e+02 2.370395088195800781e+02
3.474852371215820312e+02 4.745403289794921875e+02 2.364710426330566406e+02
3.474535751342773438e+02 4.756064224243164062e+02 2.373991775512695312e+02
3.476068496704101562e+02 4.752069854736328125e+02 2.367325019836425781e+02
3.478217315673828125e+02 4.749242019653320312e+02 2.360826301574707031e+02
3.477746200561523438e+02 4.759638595581054688e+02 2.370395088195800781e+02
3.482804107666015625e+02 4.759778213500976562e+02 2.360054206848144531e+02
3.484421157836914062e+02 4.756297302246093750e+02 2.353993225097656250e+02
3.484183883666992188e+02 4.766625213623046875e+02 2.363423538208007812e+02
3.485908126831054688e+02 4.762963867187500000e+02 2.356756973266601562e+02
3.488051605224609375e+02 4.759778213500976562e+02 2.350395965576171875e+02
3.487614440917968750e+02 4.769974899291992188e+02 2.360054206848144531e+02
3.492794418334960938e+02 4.769589233398437500e+02 2.350229263305664062e+02
3.485864639282226562e+02 4.773291778564453125e+02 2.366867446899414062e+02
3.492759323120117188e+02 4.779772186279296875e+02 2.360396766662597656e+02
3.494251251220703125e+02 4.776287460327148438e+02 2.353715324401855469e+02
3.487986755371093750e+02 4.779687500000000000e+02 2.370120429992675781e+02
3.494482803344726562e+02 4.785807037353515625e+02 2.363994789123535156e+02
3.496198272705078125e+02 4.782954025268554688e+02 2.357328033447265625e+02
3.498305511474609375e+02 4.779772186279296875e+02 2.350229263305664062e+02
3.499747085571289062e+02 4.790392684936523438e+02 2.359510803222656250e+02
3.503226852416992188e+02 4.787749862670898438e+02 2.350000000000000000e+02
3.505014038085937500e+02 4.794978332519531250e+02 2.355027008056640625e+02
3.506467056274414062e+02 4.792749786376953125e+02 2.350000000000000000e+02
3.511624526977539062e+02 4.800131607055664062e+02 2.350084495544433594e+02
3.510296249389648438e+02 4.789536666870117188e+02 2.340450859069824219e+02
3.504770660400390625e+02 4.785354614257812500e+02 2.344649696350097656e+02
3.506558227539062500e+02 4.779999923706054688e+02 2.337339210510253906e+02
3.513650894165039062e+02 4.787051773071289062e+02 2.333177947998046875e+02
3.513608551025390625e+02 4.796885681152343750e+02 2.342918586730957031e+02
3.515864181518554688e+02 4.793718338012695312e+02 2.336251831054687500e+02
3.519345474243164062e+02 4.790966415405273438e+02 2.329140853881835938e+02
3.519323348999023438e+02 4.800872421264648438e+02 2.339038085937500000e+02
3.522530746459960938e+02 4.798192596435546875e+02 2.331770515441894531e+02
3.516115570068359375e+02 4.803552627563476562e+02 2.346807479858398438e+02
3.522782135009765625e+02 4.807614898681640625e+02 2.341824150085449219e+02
3.525115966796875000e+02 4.804859161376953125e+02 2.335157585144042969e+02
3.525083541870117188e+02 4.794881057739257812e+02 2.325103759765625000e+02
3.522826385498046875e+02 4.788214492797851562e+02 2.322423934936523438e+02
3.516159820556640625e+02 4.783039855957031250e+02 2.326511192321777344e+02
3.511765289306640625e+02 4.779823684692382812e+02 2.329906654357910156e+02
3.519917297363281250e+02 4.780138397216796875e+02 2.319892692565917969e+02
3.516643524169921875e+02 4.770000076293945312e+02 2.316930580139160156e+02
3.523674774169921875e+02 4.777236557006835938e+02 2.313556480407714844e+02
3.525675201416015625e+02 4.783903503417968750e+02 2.315757179260253906e+02
3.514197540283203125e+02 4.776373291015625000e+02 2.324028205871582031e+02
3.512470245361328125e+02 4.770000076293945312e+02 2.321930694580078125e+02
3.509696197509765625e+02 4.760649490356445312e+02 2.319625282287597656e+02
3.507032394409179688e+02 4.770895767211914062e+02 2.329615211486816406e+02
3.505762863159179688e+02 4.763350677490234375e+02 2.326025390625000000e+02
3.503333282470703125e+02 4.768159866333007812e+02 2.332692146301269531e+02
3.505093765258789062e+02 4.774826431274414062e+02 2.335135650634765625e+02
3.499769973754882812e+02 4.770404052734375000e+02 2.339676856994628906e+02
3.496367263793945312e+02 4.759999847412109375e+02 2.337089920043945312e+02
3.496206665039062500e+02 4.772648620605468750e+02 2.347048759460449219e+02
3.503232955932617188e+02 4.779999923706054688e+02 2.342339134216308594e+02
3.494498062133789062e+02 4.765982055664062500e+02 2.344217872619628906e+02
3.493133163452148438e+02 4.759999847412109375e+02 2.342090034484863281e+02
3.491211318969726562e+02 4.750755691528320312e+02 2.339141273498535156e+02
3.487176895141601562e+02 4.740784454345703125e+02 2.340187644958496094e+02
3.493900299072265625e+02 4.747925949096679688e+02 2.333448219299316406e+02
3.486088943481445312e+02 4.750000000000000000e+02 2.346881484985351562e+02
3.495156097412109375e+02 4.754592895507812500e+02 2.335235404968261719e+02
3.497405624389648438e+02 4.750755691528320312e+02 2.330068969726562500e+02
3.502889633178710938e+02 4.750000000000000000e+02 2.322393417358398438e+02
3.496239852905273438e+02 4.739999771118164062e+02 2.326699447631835938e+02
3.501629257202148438e+02 4.760010528564453125e+02 2.329615211486816406e+02
3.504225921630859375e+02 4.756684112548828125e+02 2.324037933349609375e+02
3.501844406127929688e+02 4.739521408081054688e+02 2.319491958618164062e+02
3.492641830444335938e+02 4.739999771118164062e+02 2.331699562072753906e+02
3.495359420776367188e+02 4.733177947998046875e+02 2.325484275817871094e+02
3.491968536376953125e+02 4.729906845092773438e+02 2.329290580749511719e+02
3.498558807373046875e+02 4.729906845092773438e+02 2.320778846740722656e+02
3.498394775390625000e+02 4.720000076293945312e+02 2.319029808044433594e+02
3.494699859619140625e+02 4.726511383056640625e+02 2.324631309509277344e+02
3.504179000854492188e+02 4.729999923706054688e+02 2.314083099365234375e+02
3.503394699096679688e+02 4.720000076293945312e+02 2.313215637207031250e+02
3.504754257202148438e+02 4.735869216918945312e+02 2.314723396301269531e+02
3.508719635009765625e+02 4.729999923706054688e+02 2.309083175659179688e+02
3.513719558715820312e+02 4.729999923706054688e+02 2.303683280944824219e+02
3.510061264038085938e+02 4.739775085449218750e+02 2.310059928894042969e+02
3.507957077026367188e+02 4.720000076293945312e+02 2.308215522766113281e+02
3.507442474365234375e+02 4.709999847412109375e+02 2.307654380798339844e+02
3.512957000732421875e+02 4.720000076293945312e+02 2.302915382385253906e+02
3.512442779541015625e+02 4.709999847412109375e+02 2.302393722534179688e+02
3.517905807495117188e+02 4.720000076293945312e+02 2.297915267944335938e+02
3.518667984008789062e+02 4.729999923706054688e+02 2.298683166503906250e+02
3.517382431030273438e+02 4.709999847412109375e+02 2.297393608093261719e+02
3.522906112670898438e+02 4.720000076293945312e+02 2.292936706542968750e+02
3.522382354736328125e+02 4.709999847412109375e+02 2.292412376403808594e+02
3.523667907714843750e+02 4.729999923706054688e+02 2.293695831298828125e+02
3.528179550170898438e+02 4.720000076293945312e+02 2.287936782836914062e+02
3.529034042358398438e+02 4.729999923706054688e+02 2.288695907592773438e+02
3.527608489990234375e+02 4.709999847412109375e+02 2.287412261962890625e+02
3.533179473876953125e+02 4.720000076293945312e+02 2.283358764648437500e+02
3.532608413696289062e+02 4.709999847412109375e+02 2.282843971252441406e+02
3.538918304443359375e+02 4.720000076293945312e+02 2.278358840942382812e+02
3.534033966064453125e+02 4.729999923706054688e+02 2.284132957458496094e+02
3.534686660766601562e+02 4.736034011840820312e+02 2.284720611572265625e+02
3.540725708007812500e+02 4.730233001708984375e+02 2.278447914123535156e+02
3.544542694091796875e+02 4.727054977416992188e+02 2.274617958068847656e+02
3.539423751831054688e+02 4.739620590209960938e+02 2.281639289855957031e+02
3.545304107666015625e+02 4.733721542358398438e+02 2.275235748291015625e+02
3.549182510375976562e+02 4.730233001708984375e+02 2.271697425842285156e+02
3.546294784545898438e+02 4.739999771118164062e+02 2.276008415222167969e+02
3.548278427124023438e+02 4.750000000000000000e+02 2.277570915222167969e+02
3.551294708251953125e+02 4.739999771118164062e+02 2.272213172912597656e+02
3.553278732299804688e+02 4.750000000000000000e+02 2.273691368103027344e+02
3.558245849609375000e+02 4.739999771118164062e+02 2.267213249206542969e+02
3.556692123413085938e+02 4.729999923706054688e+02 2.266158294677734375e+02
3.563245773315429688e+02 4.739999771118164062e+02 2.263820075988769531e+02
3.560660552978515625e+02 4.749694824218750000e+02 2.268386650085449219e+02
3.564434432983398438e+02 4.746157836914062500e+02 2.264618873596191406e+02
3.559923553466796875e+02 4.759421920776367188e+02 2.272498130798339844e+02
3.566143035888671875e+02 4.752824401855468750e+02 2.265722656250000000e+02
3.569685745239257812e+02 4.749694824218750000e+02 2.262532424926757812e+02
3.568295669555664062e+02 4.759999847412109375e+02 2.267094421386718750e+02
3.573295593261718750e+02 4.759999847412109375e+02 2.263948249816894531e+02
3.570233917236328125e+02 4.769681930541992188e+02 2.270126533508300781e+02
3.565549850463867188e+02 4.774253845214843750e+02 2.275369453430175781e+02
3.572902297973632812e+02 4.779999923706054688e+02 2.273630523681640625e+02
3.577677154541015625e+02 4.771776199340820312e+02 2.266516304016113281e+02
3.574917602539062500e+02 4.765109634399414062e+02 2.264948081970214844e+02
3.563206100463867188e+02 4.767587280273437500e+02 2.273736572265625000e+02
3.559923553466796875e+02 4.770552444458007812e+02 2.277544021606445312e+02
3.560073852539062500e+02 4.779598617553710938e+02 2.282196807861328125e+02
3.556539154052734375e+02 4.762369537353515625e+02 2.276108741760253906e+02
3.552382659912109375e+02 4.770000076293945312e+02 2.282902908325195312e+02
3.550083160400390625e+02 4.759840393066406250e+02 2.280047225952148438e+02
3.547382736206054688e+02 4.770000076293945312e+02 2.286969375610351562e+02
3.554293060302734375e+02 4.775997924804687500e+02 2.284428405761718750e+02
3.550120544433593750e+02 4.779824447631835938e+02 2.290096855163574219e+02
3.543679046630859375e+02 4.776984405517578125e+02 2.293836402893066406e+02
3.541547775268554688e+02 4.770000076293945312e+02 2.291969299316406250e+02
3.539628219604492188e+02 4.780555343627929688e+02 2.299669075012207031e+02
3.533483123779296875e+02 4.777459335327148438e+02 2.303515815734863281e+02
3.536547851562500000e+02 4.770000076293945312e+02 2.296422004699707031e+02
3.535577011108398438e+02 4.784125900268554688e+02 2.305558776855468750e+02
3.529579162597656250e+02 4.780681228637695312e+02 2.309557533264160156e+02
3.526816177368164062e+02 4.771791076660156250e+02 2.306889915466308594e+02
3.532751846313476562e+02 4.789999771118164062e+02 2.312652206420898438e+02
3.527251434326171875e+02 4.790928649902343750e+02 2.319454383850097656e+02
3.532530593872070312e+02 4.799246215820312500e+02 2.320642089843750000e+02
3.530089950561523438e+02 4.769074630737304688e+02 2.302095031738281250e+02
3.522272872924804688e+02 4.769074630737304688e+02 2.310133934020996094e+02
3.524930191040039062e+02 4.765124511718750000e+02 2.304928970336914062e+02
3.518091964721679688e+02 4.760768890380859375e+02 2.310089492797851562e+02
3.513629531860351562e+02 4.757947921752929688e+02 2.313482475280761719e+02
3.516560363769531250e+02 4.750000000000000000e+02 2.306659317016601562e+02
3.523727416992187500e+02 4.759999847412109375e+02 2.303720855712890625e+02
3.515183258056640625e+02 4.764614868164062500e+02 2.315212631225585938e+02
3.521560287475585938e+02 4.750000000000000000e+02 2.301544189453125000e+02
3.530059814453125000e+02 4.760939407348632812e+02 2.298004722595214844e+02
3.535050964355468750e+02 4.764899063110351562e+02 2.295046806335449219e+02
3.526605606079101562e+02 4.750000000000000000e+02 2.296544075012207031e+02
3.533433151245117188e+02 4.758232498168945312e+02 2.293550872802734375e+02
3.531605911254882812e+02 4.750000000000000000e+02 2.291874885559082031e+02
3.539432907104492188e+02 4.761105346679687500e+02 2.289503479003906250e+02
3.543814468383789062e+02 4.757311248779296875e+02 2.283985710144042969e+02
3.545550537109375000e+02 4.763977813720703125e+02 2.285455894470214844e+02
3.537140655517578125e+02 4.750000000000000000e+02 2.286874771118164062e+02
3.535705947875976562e+02 4.742700958251953125e+02 2.285615348815917969e+02
3.542140579223632812e+02 4.750000000000000000e+02 2.282570838928222656e+02
3.530030441284179688e+02 4.739884567260742188e+02 2.290017318725585938e+02
3.524401473999023438e+02 4.737068557739257812e+02 2.294419288635253906e+02
3.525374221801757812e+02 4.743735504150390625e+02 2.295360183715820312e+02
3.519887924194335938e+02 4.740374755859375000e+02 2.299887084960937500e+02
3.515373992919921875e+02 4.743680953979492188e+02 2.305396461486816406e+02
3.514435958862304688e+02 4.737014389038085938e+02 2.304413986206054688e+02
3.511987304687500000e+02 4.750000000000000000e+02 2.311659240722656250e+02
3.506987380981445312e+02 4.750000000000000000e+02 2.317393493652343750e+02
3.505686950683593750e+02 4.742536163330078125e+02 2.315819931030273438e+02
3.554615783691406250e+02 4.755702972412109375e+02 2.274704360961914062e+02
3.579999923706054688e+02 4.759999847412109375e+02 2.260204315185546875e+02
3.580121231079101562e+02 4.750528335571289062e+02 2.256899452209472656e+02
3.583535385131835938e+02 4.747547149658203125e+02 2.254263496398925781e+02
3.585478210449218750e+02 4.754213714599609375e+02 2.255230522155761719e+02
3.576678085327148438e+02 4.739999771118164062e+02 2.255854415893554688e+02
3.570000076293945312e+02 4.739999771118164062e+02 2.259674644470214844e+02
3.575368499755859375e+02 4.733873748779296875e+02 2.255187034606933594e+02
3.581678009033203125e+02 4.739999771118164062e+02 2.253344917297363281e+02
3.579220962524414062e+02 4.730324172973632812e+02 2.252692031860351562e+02
3.589999771118164062e+02 4.739999771118164062e+02 2.249421119689941406e+02
3.590755462646484375e+02 4.729689788818359375e+02 2.247121238708496094e+02
3.589287185668945312e+02 4.750528335571289062e+02 2.252400779724121094e+02
3.588787841796875000e+02 4.720000076293945312e+02 2.246716308593750000e+02
3.579999923706054688e+02 4.720000076293945312e+02 2.250898361206054688e+02
3.587887954711914062e+02 4.709999847412109375e+02 2.246312713623046875e+02
3.579999923706054688e+02 4.709999847412109375e+02 2.250072288513183594e+02
3.587569046020507812e+02 4.700000000000000000e+02 2.246168518066406250e+02
3.587816238403320312e+02 4.689999771118164062e+02 2.246287155151367188e+02
3.579999923706054688e+02 4.700000000000000000e+02 2.249776840209960938e+02
3.572499084472656250e+02 4.700000000000000000e+02 2.253608131408691406e+02
3.579999923706054688e+02 4.689999771118164062e+02 2.250046730041503906e+02
3.572780609130859375e+02 4.689999771118164062e+02 2.253759384155273438e+02
3.579999923706054688e+02 4.679999923706054688e+02 2.250765609741210938e+02
3.579076766967773438e+02 4.669272232055664062e+02 2.252502822875976562e+02
3.573470687866210938e+02 4.679999923706054688e+02 2.254139328002929688e+02
3.588562393188476562e+02 4.679999923706054688e+02 2.246626281738281250e+02
3.590616989135742188e+02 4.669805908203125000e+02 2.246873855590820312e+02
3.593562316894531250e+02 4.679999923706054688e+02 2.244339561462402344e+02
3.594361495971679688e+02 4.673010253906250000e+02 2.244707298278808594e+02
3.600000000000000000e+02 4.679999923706054688e+02 2.241592979431152344e+02
3.592816162109375000e+02 4.689999771118164062e+02 2.243999862670898438e+02
3.599284744262695312e+02 4.669805908203125000e+02 2.243121910095214844e+02
3.602000045776367188e+02 4.659999847412109375e+02 2.243778228759765625e+02
3.595474624633789062e+02 4.666343307495117188e+02 2.245196914672851562e+02
3.609999847412109375e+02 4.670000076293945312e+02 2.239130210876464844e+02
3.609999847412109375e+02 4.659999847412109375e+02 2.240938186645507812e+02
3.620301818847656250e+02 4.669782638549804688e+02 2.236128234863281250e+02
3.620000076293945312e+02 4.659999847412109375e+02 2.237994766235351562e+02
3.626008224487304688e+02 4.666304397583007812e+02 2.235202789306640625e+02
3.629605102539062500e+02 4.659654235839843750e+02 2.235803985595703125e+02
3.629999923706054688e+02 4.650000000000000000e+02 2.238101005554199219e+02
3.632675170898437500e+02 4.662757110595703125e+02 2.234533882141113281e+02
3.636437606811523438e+02 4.656090164184570312e+02 2.235227012634277344e+02
3.639862442016601562e+02 4.650359725952148438e+02 2.236211204528808594e+02
3.639862442016601562e+02 4.659654235839843750e+02 2.233942604064941406e+02
3.643104171752929688e+02 4.653932952880859375e+02 2.234700584411621094e+02
3.639999771118164062e+02 4.639999771118164062e+02 2.239208602905273438e+02
3.639432907104492188e+02 4.629177474975585938e+02 2.243040847778320312e+02
3.629999923706054688e+02 4.639999771118164062e+02 2.241007041931152344e+02
3.619862365722656250e+02 4.639729309082031250e+02 2.243430709838867188e+02
3.629999923706054688e+02 4.631787490844726562e+02 2.243758773803710938e+02
3.623104095458984375e+02 4.633753967285156250e+02 2.244515609741210938e+02
3.629999923706054688e+02 4.626787567138671875e+02 2.245694923400878906e+02
3.619862365722656250e+02 4.630252456665039062e+02 2.246673202514648438e+02
3.629999923706054688e+02 4.620000076293945312e+02 2.248472023010253906e+02
3.635721206665039062e+02 4.625296020507812500e+02 2.245115661621093750e+02
3.639432907104492188e+02 4.620407485961914062e+02 2.246569442749023438e+02
3.639999771118164062e+02 4.609999847412109375e+02 2.251009941101074219e+02
3.650000000000000000e+02 4.618034362792968750e+02 2.246284484863281250e+02
3.642388153076171875e+02 4.624012374877929688e+02 2.244581794738769531e+02
3.650000000000000000e+02 4.623034286499023438e+02 2.244163131713867188e+02
3.650000000000000000e+02 4.629999923706054688e+02 2.241419982910156250e+02
3.659999847412109375e+02 4.622238159179687500e+02 2.243807601928710938e+02
3.670000076293945312e+02 4.621883392333984375e+02 2.243638610839843750e+02
3.659999847412109375e+02 4.617238235473632812e+02 2.245962524414062500e+02
3.670000076293945312e+02 4.616883468627929688e+02 2.245822334289550781e+02
3.659999847412109375e+02 4.609999847412109375e+02 2.249286460876464844e+02
3.659999847412109375e+02 4.601759338378906250e+02 2.253323745727539062e+02
3.650000000000000000e+02 4.609999847412109375e+02 2.249867439270019531e+02
3.670000076293945312e+02 4.609999847412109375e+02 2.249059295654296875e+02
3.670000076293945312e+02 4.601600265502929688e+02 2.253236961364746094e+02
3.679999923706054688e+02 4.609999847412109375e+02 2.249129676818847656e+02
3.650000000000000000e+02 4.602270507812500000e+02 2.253582954406738281e+02
3.639999771118164062e+02 4.603347015380859375e+02 2.254134941101074219e+02
3.650000000000000000e+02 4.597270584106445312e+02 2.256195068359375000e+02
3.650000000000000000e+02 4.589999771118164062e+02 2.260283470153808594e+02
3.639999771118164062e+02 4.598347091674804688e+02 2.256767082214355469e+02
3.659999847412109375e+02 4.596759033203125000e+02 2.255925941467285156e+02
3.630048751831054688e+02 4.600632858276367188e+02 2.257366752624511719e+02
3.639193344116210938e+02 4.589052581787109375e+02 2.262121772766113281e+02
3.635322570800781250e+02 4.585087966918945312e+02 2.265052413940429688e+02
3.629999923706054688e+02 4.591051864624023438e+02 2.262690544128417969e+02
3.641989135742187500e+02 4.584213638305664062e+02 2.264513397216796875e+02
3.639193344116210938e+02 4.580528259277343750e+02 2.267270469665527344e+02
3.650000000000000000e+02 4.583510971069335938e+02 2.264088439941406250e+02
3.629999923706054688e+02 4.579999923706054688e+02 2.269417572021484375e+02
3.639999771118164062e+02 4.571931838989257812e+02 2.272798919677734375e+02
3.629999923706054688e+02 4.573320007324218750e+02 2.273790550231933594e+02
3.639999771118164062e+02 4.566931915283203125e+02 2.276415252685546875e+02
3.640842819213867188e+02 4.559397506713867188e+02 2.282104301452636719e+02
3.629999923706054688e+02 4.568320083618164062e+02 2.277449035644531250e+02
3.620136642456054688e+02 4.570656204223632812e+02 2.278407669067382812e+02
3.629999923706054688e+02 4.561783218383789062e+02 2.282449150085449219e+02
3.620000076293945312e+02 4.563556289672851562e+02 2.283844566345214844e+02
3.629999923706054688e+02 4.556782913208007812e+02 2.286466789245605469e+02
3.629999923706054688e+02 4.551140213012695312e+02 2.291466903686523438e+02
3.620000076293945312e+02 4.558556365966796875e+02 2.287970733642578125e+02
3.638071441650390625e+02 4.555662155151367188e+02 2.285542869567871094e+02
3.640604019165039062e+02 4.550118637084960938e+02 2.290088844299316406e+02
3.643136596679687500e+02 4.544625091552734375e+02 2.294635009765625000e+02
3.644738388061523438e+02 4.554944992065429688e+02 2.284953308105468750e+02
3.636470031738281250e+02 4.545292282104492188e+02 2.295283126831054688e+02
3.650000000000000000e+02 4.549590301513671875e+02 2.289153289794921875e+02
3.650000000000000000e+02 4.544126510620117188e+02 2.294153404235839844e+02
3.650000000000000000e+02 4.554590225219726562e+02 2.284655189514160156e+02
3.659999847412109375e+02 4.549050521850585938e+02 2.288667678833007812e+02
3.659999847412109375e+02 4.543621826171875000e+02 2.293667793273925781e+02
3.659999847412109375e+02 4.554050445556640625e+02 2.284202575683593750e+02
3.670000076293945312e+02 4.548962783813476562e+02 2.288611602783203125e+02
3.670000076293945312e+02 4.543566513061523438e+02 2.293611717224121094e+02
3.670000076293945312e+02 4.553962707519531250e+02 2.284124374389648438e+02
3.679999923706054688e+02 4.549397277832031250e+02 2.289035797119140625e+02
3.679999923706054688e+02 4.544009017944335938e+02 2.294035720825195312e+02
3.679999923706054688e+02 4.554397201538085938e+02 2.284485626220703125e+02
3.690185546875000000e+02 4.549962234497070312e+02 2.289952087402343750e+02
3.686074066162109375e+02 4.554804611206054688e+02 2.284831428527832031e+02
3.694296646118164062e+02 4.545119857788085938e+02 2.295117378234863281e+02
3.692741012573242188e+02 4.555418777465820312e+02 2.285351371765136719e+02
3.700000000000000000e+02 4.550822830200195312e+02 2.291108703613281250e+02
3.687630081176757812e+02 4.544542694091796875e+02 2.294552803039550781e+02
3.690595245361328125e+02 4.539888381958007812e+02 2.299885368347167969e+02
3.686894226074218750e+02 4.534684753417968750e+02 2.304653358459472656e+02
3.679999923706054688e+02 4.539009094238281250e+02 2.299147605895996094e+02
3.693560791015625000e+02 4.535234451293945312e+02 2.305263328552246094e+02
3.700000000000000000e+02 4.540959930419921875e+02 2.300809669494628906e+02
3.700000000000000000e+02 4.535960006713867188e+02 2.306074905395507812e+02
3.700000000000000000e+02 4.545822906494140625e+02 2.295809745788574219e+02
3.709999847412109375e+02 4.542248153686523438e+02 2.302132987976074219e+02
3.709999847412109375e+02 4.537247848510742188e+02 2.307537460327148438e+02
3.709999847412109375e+02 4.532905960083007812e+02 2.312537384033203125e+02
3.700000000000000000e+02 4.531660842895507812e+02 2.311075019836425781e+02
3.690136718750000000e+02 4.531369400024414062e+02 2.309157943725585938e+02
3.679855346679687500e+02 4.528503799438476562e+02 2.310883140563964844e+02
3.689999771118164062e+02 4.525698089599609375e+02 2.315933227539062500e+02
3.683092498779296875e+02 4.525205612182617188e+02 2.315274429321289062e+02
3.679855346679687500e+02 4.522048950195312500e+02 2.319164657592773438e+02
3.670000076293945312e+02 4.520794296264648438e+02 2.319999885559082031e+02
3.676425552368164062e+02 4.524846267700195312e+02 2.314805221557617188e+02
3.670000076293945312e+02 4.524673843383789062e+02 2.314583778381347656e+02
3.659999847412109375e+02 4.524711608886718750e+02 2.314631843566894531e+02
3.670000076293945312e+02 4.528799438476562500e+02 2.309583663940429688e+02
3.659999847412109375e+02 4.528837203979492188e+02 2.309631919860839844e+02
3.670000076293945312e+02 4.533799362182617188e+02 2.303673362731933594e+02
3.670000076293945312e+02 4.538566589355468750e+02 2.298673248291015625e+02
3.679999923706054688e+02 4.534225463867187500e+02 2.304147529602050781e+02
3.659999847412109375e+02 4.533837127685546875e+02 2.303717803955078125e+02
3.650000000000000000e+02 4.534307098388671875e+02 2.304241180419921875e+02
3.659999847412109375e+02 4.538621902465820312e+02 2.298717689514160156e+02
3.650000000000000000e+02 4.539126205444335938e+02 2.299241256713867188e+02
3.640073013305664062e+02 4.540003967285156250e+02 2.300000953674316406e+02
3.643675613403320312e+02 4.534743499755859375e+02 2.304718971252441406e+02
3.629999923706054688e+02 4.541245651245117188e+02 2.301105499267578125e+02
3.637009048461914062e+02 4.535382461547851562e+02 2.305439376831054688e+02
3.640205383300781250e+02 4.531579208374023438e+02 2.309263610839843750e+02
3.629999923706054688e+02 4.536245727539062500e+02 2.306432914733886719e+02
3.620000076293945312e+02 4.537796783447265625e+02 2.308207130432128906e+02
3.629999923706054688e+02 4.532029724121093750e+02 2.311433029174804688e+02
3.620000076293945312e+02 4.533502197265625000e+02 2.313207054138183594e+02
3.629999923706054688e+02 4.527029800415039062e+02 2.317670059204101562e+02
3.639999771118164062e+02 4.525916671752929688e+02 2.316212844848632812e+02
3.629999923706054688e+02 4.523291397094726562e+02 2.322669982910156250e+02
3.619597625732421875e+02 4.527992630004882812e+02 2.320402145385742188e+02
3.610333633422851562e+02 4.531861877441406250e+02 2.319653701782226562e+02
3.622662734985351562e+02 4.524263381958007812e+02 2.324003601074218750e+02
3.615995788574218750e+02 4.525318527221679688e+02 2.325458526611328125e+02
3.619597625732421875e+02 4.521663284301757812e+02 2.329275131225585938e+02
3.609999847412109375e+02 4.526411437988281250e+02 2.327007865905761719e+02
3.599863815307617188e+02 4.528100204467773438e+02 2.330331039428710938e+02
3.609999847412109375e+02 4.522972488403320312e+02 2.332007789611816406e+02
3.603106689453125000e+02 4.524230575561523438e+02 2.333885192871093750e+02
3.609939575195312500e+02 4.517702865600585938e+02 2.340393829345703125e+02
3.613232803344726562e+02 4.514394378662109375e+02 2.343989753723144531e+02
3.599863815307617188e+02 4.521964645385742188e+02 2.339558029174804688e+02
3.606566238403320312e+02 4.515541076660156250e+02 2.345950508117675781e+02
3.620000076293945312e+02 4.516381454467773438e+02 2.337302017211914062e+02
3.620000076293945312e+02 4.513417816162109375e+02 2.342302131652832031e+02
3.626886749267578125e+02 4.515442657470703125e+02 2.335746383666992188e+02
3.630131912231445312e+02 4.512559127807617188e+02 2.339447784423828125e+02
3.630131912231445312e+02 4.517898941040039062e+02 2.330679893493652344e+02
3.633553314208984375e+02 4.514661788940429688e+02 2.334466743469238281e+02
3.639999771118164062e+02 4.517238616943359375e+02 2.328519630432128906e+02
3.639999771118164062e+02 4.514078140258789062e+02 2.333519744873046875e+02
3.650000000000000000e+02 4.516510772705078125e+02 2.327407646179199219e+02
3.639999771118164062e+02 4.522238540649414062e+02 2.321212768554687500e+02
3.650486755371093750e+02 4.522146606445312500e+02 2.319236373901367188e+02
3.654144668579101562e+02 4.524896621704101562e+02 2.314869499206542969e+02
3.647478103637695312e+02 4.525297164916992188e+02 2.315394020080566406e+02
3.659999847412109375e+02 4.520854949951171875e+02 2.319999885559082031e+02
3.650486755371093750e+02 4.528623962402343750e+02 2.310921669006347656e+02
3.639999771118164062e+02 4.510346221923828125e+02 2.339999961853027344e+02
3.639999771118164062e+02 4.506267929077148438e+02 2.347490501403808594e+02
3.629221343994140625e+02 4.506807327270507812e+02 2.350291824340820312e+02
3.639999771118164062e+02 4.503745651245117188e+02 2.352490615844726562e+02
3.632035827636718750e+02 4.504397201538085938e+02 2.353819656372070312e+02
3.639999771118164062e+02 4.500341796875000000e+02 2.359999847412109375e+02
3.650000000000000000e+02 4.503175735473632812e+02 2.351245689392089844e+02
3.650000000000000000e+02 4.499266433715820312e+02 2.359999847412109375e+02
3.650000000000000000e+02 4.496090698242187500e+02 2.367955398559570312e+02
3.659999847412109375e+02 4.498704528808593750e+02 2.359999847412109375e+02
3.659999847412109375e+02 4.495818710327148438e+02 2.367260932922363281e+02
3.670000076293945312e+02 4.498653030395507812e+02 2.359999847412109375e+02
3.670000076293945312e+02 4.495795822143554688e+02 2.367228507995605469e+02
3.670000076293945312e+02 4.494010925292968750e+02 2.372228431701660156e+02
3.659999847412109375e+02 4.494010162353515625e+02 2.372260856628417969e+02
3.670000076293945312e+02 4.491501998901367188e+02 2.379999923706054688e+02
3.679999923706054688e+02 4.494295501708984375e+02 2.372990798950195312e+02
3.679999923706054688e+02 4.492134094238281250e+02 2.379999923706054688e+02
3.679999923706054688e+02 4.489344024658203125e+02 2.389999961853027344e+02
3.690489196777343750e+02 4.493531036376953125e+02 2.379231834411621094e+02
3.689999771118164062e+02 4.490528869628906250e+02 2.389999961853027344e+02
3.689999771118164062e+02 4.488151168823242188e+02 2.400000000000000000e+02
3.679999923706054688e+02 4.486839294433593750e+02 2.400000000000000000e+02
3.689172744750976562e+02 4.486119079589843750e+02 2.410804367065429688e+02
3.679999923706054688e+02 4.485333251953125000e+02 2.407331657409667969e+02
3.685287857055664062e+02 4.484952926635742188e+02 2.414674186706542969e+02
3.679999923706054688e+02 4.484595108032226562e+02 2.412331581115722656e+02
3.686992645263671875e+02 4.484662628173828125e+02 2.419999885559082031e+02
3.679999923706054688e+02 4.483630371093750000e+02 2.419999885559082031e+02
3.688844680786132812e+02 4.484315872192382812e+02 2.429999923706054688e+02
3.679999923706054688e+02 4.482895660400390625e+02 2.429999923706054688e+02
3.670000076293945312e+02 4.481636047363281250e+02 2.429999923706054688e+02
3.679999923706054688e+02 4.483085632324218750e+02 2.439999961853027344e+02
3.670000076293945312e+02 4.481865310668945312e+02 2.439999961853027344e+02
3.659999847412109375e+02 4.481512069702148438e+02 2.439999961853027344e+02
3.659999847412109375e+02 4.481287765502929688e+02 2.429999923706054688e+02
3.650000000000000000e+02 4.482261657714843750e+02 2.439999961853027344e+02
3.650000000000000000e+02 4.482055282592773438e+02 2.429999923706054688e+02
3.650000000000000000e+02 4.483332824707031250e+02 2.450000000000000000e+02
3.639999771118164062e+02 4.483598327636718750e+02 2.439999961853027344e+02
3.633233642578125000e+02 4.484675598144531250e+02 2.439999961853027344e+02
3.639999771118164062e+02 4.483438491821289062e+02 2.429999923706054688e+02
3.640108489990234375e+02 4.484462738037109375e+02 2.449694824218750000e+02
3.643513870239257812e+02 4.484815597534179688e+02 2.456147193908691406e+02
3.636847305297851562e+02 4.485227584838867188e+02 2.452824592590332031e+02
3.634283828735351562e+02 4.484877777099609375e+02 2.446158027648925781e+02
3.630570220947265625e+02 4.485855484008789062e+02 2.449694824218750000e+02
3.620000076293945312e+02 4.487981033325195312e+02 2.450000000000000000e+02
3.628233718872070312e+02 4.485570144653320312e+02 2.439999961853027344e+02
3.620000076293945312e+02 4.487413024902343750e+02 2.439999961853027344e+02
3.627962875366210938e+02 4.485555267333984375e+02 2.429999923706054688e+02
3.620000076293945312e+02 4.487410354614257812e+02 2.429999923706054688e+02
3.632962799072265625e+02 4.484614944458007812e+02 2.429999923706054688e+02
3.630353927612304688e+02 4.485771560668945312e+02 2.419787025451660156e+02
3.633922958374023438e+02 4.484796905517578125e+02 2.422978210449218750e+02
3.629999923706054688e+02 4.487022018432617188e+02 2.409999847412109375e+02
3.635916137695312500e+02 4.485131072998046875e+02 2.416311645507812500e+02
3.620000076293945312e+02 4.487998962402343750e+02 2.419999885559082031e+02
3.609999847412109375e+02 4.490715408325195312e+02 2.419999885559082031e+02
3.620000076293945312e+02 4.489152908325195312e+02 2.409999847412109375e+02
3.620000076293945312e+02 4.490876007080078125e+02 2.400000000000000000e+02
3.609999847412109375e+02 4.491890335083007812e+02 2.409999847412109375e+02
3.609750366210937500e+02 4.493657684326171875e+02 2.400158691406250000e+02
3.602780151367187500e+02 4.494194412231445312e+02 2.409999847412109375e+02
3.604224395751953125e+02 4.494715499877929688e+02 2.403597831726074219e+02
3.597780227661132812e+02 4.496018981933593750e+02 2.409999847412109375e+02
3.601054000854492188e+02 4.493582534790039062e+02 2.419999885559082031e+02
3.596054077148437500e+02 4.495384597778320312e+02 2.419999885559082031e+02
3.599153518676757812e+02 4.493563842773437500e+02 2.430234146118164062e+02
3.594832992553710938e+02 4.494942092895507812e+02 2.433723449707031250e+02
3.600000000000000000e+02 4.493011856079101562e+02 2.439999961853027344e+02
3.595256042480468750e+02 4.495093154907226562e+02 2.427056884765625000e+02
3.609999847412109375e+02 4.490103530883789062e+02 2.429999923706054688e+02
3.609999847412109375e+02 4.489976501464843750e+02 2.439999961853027344e+02
3.609999847412109375e+02 4.490372848510742188e+02 2.450000000000000000e+02
3.599157333374023438e+02 4.493569564819335938e+02 2.450078201293945312e+02
3.609999847412109375e+02 4.491339111328125000e+02 2.459999847412109375e+02
3.601192092895507812e+02 4.493753814697265625e+02 2.459999847412109375e+02
3.620000076293945312e+02 4.489076995849609375e+02 2.459999847412109375e+02
3.596192169189453125e+02 4.495384216308593750e+02 2.459999847412109375e+02
3.595262145996093750e+02 4.495088958740234375e+02 2.453463745117187500e+02
3.589999771118164062e+02 4.497399139404296875e+02 2.459999847412109375e+02
3.579999923706054688e+02 4.501151275634765625e+02 2.459999847412109375e+02
3.590810775756835938e+02 4.496363067626953125e+02 2.450078201293945312e+02
3.579999923706054688e+02 4.500441741943359375e+02 2.450000000000000000e+02
3.594684982299804688e+02 4.494895553588867188e+02 2.446797180175781250e+02
3.589638519287109375e+02 4.496571731567382812e+02 2.439999961853027344e+02
3.594638442993164062e+02 4.494878005981445312e+02 2.439999961853027344e+02
3.590899658203125000e+02 4.496498107910156250e+02 2.430234146118164062e+02
3.579999923706054688e+02 4.500347137451171875e+02 2.439999961853027344e+02
3.572605895996093750e+02 4.503775405883789062e+02 2.439999961853027344e+02
3.579999923706054688e+02 4.500866317749023438e+02 2.429999923706054688e+02
3.579999923706054688e+02 4.501866912841796875e+02 2.419999885559082031e+02
3.573233795166015625e+02 4.504063415527343750e+02 2.429999923706054688e+02
3.574274063110351562e+02 4.504605865478515625e+02 2.419999885559082031e+02
3.568233489990234375e+02 4.506728363037109375e+02 2.429999923706054688e+02
3.559999847412109375e+02 4.511338043212890625e+02 2.429999923706054688e+02
3.569273757934570312e+02 4.507341766357421875e+02 2.419999885559082031e+02
3.567605972290039062e+02 4.506343841552734375e+02 2.439999961853027344e+02
3.559999847412109375e+02 4.510489654541015625e+02 2.439999961853027344e+02
3.567569351196289062e+02 4.506262969970703125e+02 2.450000000000000000e+02
3.568173980712890625e+02 4.506488800048828125e+02 2.459999847412109375e+02
3.572569274902343750e+02 4.503804397583007812e+02 2.450000000000000000e+02
3.559999847412109375e+02 4.510208511352539062e+02 2.450000000000000000e+02
3.553142166137695312e+02 4.513945388793945312e+02 2.450000000000000000e+02
3.559999847412109375e+02 4.510543441772460938e+02 2.459999847412109375e+02
3.553308105468750000e+02 4.514054489135742188e+02 2.459999847412109375e+02
3.548308181762695312e+02 4.516860961914062500e+02 2.459999847412109375e+02
3.554042434692382812e+02 4.514469528198242188e+02 2.469999885559082031e+02
3.549042510986328125e+02 4.517236328125000000e+02 2.469999885559082031e+02
3.540625762939453125e+02 4.522236251831054688e+02 2.469999885559082031e+02
3.535625839233398438e+02 4.525401687622070312e+02 2.469999885559082031e+02
3.541635513305664062e+02 4.522931289672851562e+02 2.479999923706054688e+02
3.540162658691406250e+02 4.521861267089843750e+02 2.459999847412109375e+02
3.540196990966796875e+02 4.521801757812500000e+02 2.450000000000000000e+02
3.535162734985351562e+02 4.525107955932617188e+02 2.459999847412109375e+02
3.529999923706054688e+02 4.528775787353515625e+02 2.459999847412109375e+02
3.535196685791015625e+02 4.525135421752929688e+02 2.450000000000000000e+02
3.529999923706054688e+02 4.528851318359375000e+02 2.450000000000000000e+02
3.535667419433593750e+02 4.525462722778320312e+02 2.439999961853027344e+02
3.529999923706054688e+02 4.529535293579101562e+02 2.439999961853027344e+02
3.536501312255859375e+02 4.526045227050781250e+02 2.429999923706054688e+02
3.540667343139648438e+02 4.522068023681640625e+02 2.439999961853027344e+02
3.541501235961914062e+02 4.522611618041992188e+02 2.429999923706054688e+02
3.548525238037109375e+02 4.517067718505859375e+02 2.439999961853027344e+02
3.549340057373046875e+02 4.517611694335937500e+02 2.429999923706054688e+02
3.553525161743164062e+02 4.514145278930664062e+02 2.439999961853027344e+02
3.548141860961914062e+02 4.516801834106445312e+02 2.450000000000000000e+02
3.554339981079101562e+02 4.514609527587890625e+02 2.429999923706054688e+02
3.554868316650390625e+02 4.514920043945312500e+02 2.424522590637207031e+02
3.550921249389648438e+02 4.517990493774414062e+02 2.420713424682617188e+02
3.559473037719726562e+02 4.512825393676757812e+02 2.420713424682617188e+02
3.562058639526367188e+02 4.513224411010742188e+02 2.409999847412109375e+02
3.555788421630859375e+02 4.515478515625000000e+02 2.417855834960937500e+02
3.557058715820312500e+02 4.516264724731445312e+02 2.409999847412109375e+02
3.549009704589843750e+02 4.521544647216796875e+02 2.409026145935058594e+02
3.558936309814453125e+02 4.517438888549804688e+02 2.400000000000000000e+02
3.563936233520507812e+02 4.514347076416015625e+02 2.400000000000000000e+02
3.560975265502929688e+02 4.518693542480468750e+02 2.390950202941894531e+02
3.551042556762695312e+02 4.522438812255859375e+02 2.400000000000000000e+02
3.553283309936523438e+02 4.523867416381835938e+02 2.389999961853027344e+02
3.546042633056640625e+02 4.525695419311523438e+02 2.400000000000000000e+02
3.539999771118164062e+02 4.529925155639648438e+02 2.400000000000000000e+02
3.548283386230468750e+02 4.527202606201171875e+02 2.389999961853027344e+02
3.545016098022460938e+02 4.525010299682617188e+02 2.405043792724609375e+02
3.540328598022460938e+02 4.527347946166992188e+02 2.409026145935058594e+02
3.537649154663085938e+02 4.526854705810546875e+02 2.419999885559082031e+02
3.543880844116210938e+02 4.524221801757812500e+02 2.411710357666015625e+02
3.532247924804687500e+02 4.532926940917968750e+02 2.409999847412109375e+02
3.533990097045898438e+02 4.534229660034179688e+02 2.400000000000000000e+02
3.527247619628906250e+02 4.536751174926757812e+02 2.409999847412109375e+02
3.530775833129882812e+02 4.531854629516601562e+02 2.419999885559082031e+02
3.525775909423828125e+02 4.535598373413085938e+02 2.419999885559082031e+02
3.529047012329101562e+02 4.531575393676757812e+02 2.429243087768554688e+02
3.525078582763671875e+02 4.535060119628906250e+02 2.425405311584472656e+02
3.524467468261718750e+02 4.534564971923828125e+02 2.432072067260742188e+02
3.520680618286132812e+02 4.538149261474609375e+02 2.429243087768554688e+02
3.523869323730468750e+02 4.534072494506835938e+02 2.439999961853027344e+02
3.518869400024414062e+02 4.538256454467773438e+02 2.439999961853027344e+02
3.523440933227539062e+02 4.533716201782226562e+02 2.450000000000000000e+02
3.518441009521484375e+02 4.537904357910156250e+02 2.450000000000000000e+02
3.523370742797851562e+02 4.533667755126953125e+02 2.459999847412109375e+02
3.518370819091796875e+02 4.537823104858398438e+02 2.459999847412109375e+02
3.523656463623046875e+02 4.533918762207031250e+02 2.469999885559082031e+02
3.518656158447265625e+02 4.538011550903320312e+02 2.469999885559082031e+02
3.524370193481445312e+02 4.534499740600585938e+02 2.479999923706054688e+02
3.529999923706054688e+02 4.529320526123046875e+02 2.469999885559082031e+02
3.529999923706054688e+02 4.530516433715820312e+02 2.479999923706054688e+02
3.536635589599609375e+02 4.526016616821289062e+02 2.479999923706054688e+02
3.529471588134765625e+02 4.532453155517578125e+02 2.489277839660644531e+02
3.524883270263671875e+02 4.534908294677734375e+02 2.485462951660156250e+02
3.538150024414062500e+02 4.526885223388671875e+02 2.489999961853027344e+02
3.543149948120117188e+02 4.523892593383789062e+02 2.489999961853027344e+02
3.544359588623046875e+02 4.524625396728515625e+02 2.496270179748535156e+02
3.519370269775390625e+02 4.538538360595703125e+02 2.479999923706054688e+02
3.513336181640625000e+02 4.543538284301757812e+02 2.479999923706054688e+02
3.512751770019531250e+02 4.543011856079101562e+02 2.469999885559082031e+02
3.512545013427734375e+02 4.542823028564453125e+02 2.459999847412109375e+02
3.507751846313476562e+02 4.547555541992187500e+02 2.469999885559082031e+02
3.507544708251953125e+02 4.547371673583984375e+02 2.459999847412109375e+02
3.502371597290039062e+02 4.552371597290039062e+02 2.459999847412109375e+02
3.507637405395507812e+02 4.547458648681640625e+02 2.450000000000000000e+02
3.502458572387695312e+02 4.552458572387695312e+02 2.450000000000000000e+02
3.508039855957031250e+02 4.547846984863281250e+02 2.439999961853027344e+02
3.512637329101562500e+02 4.542904281616210938e+02 2.450000000000000000e+02
3.513039779663085938e+02 4.543256378173828125e+02 2.439999961853027344e+02
3.513758468627929688e+02 4.543891525268554688e+02 2.429999923706054688e+02
3.514444732666015625e+02 4.544504547119140625e+02 2.422692298889160156e+02
3.508758544921875000e+02 4.548551177978515625e+02 2.429999923706054688e+02
3.509766006469726562e+02 4.549762344360351562e+02 2.419034385681152344e+02
3.503557586669921875e+02 4.553551483154296875e+02 2.429999923706054688e+02
3.504311752319335938e+02 4.554302978515625000e+02 2.422043228149414062e+02
3.498557662963867188e+02 4.558852386474609375e+02 2.429999923706054688e+02
3.502846908569335938e+02 4.552846908569335938e+02 2.439999961853027344e+02
3.497846984863281250e+02 4.558058166503906250e+02 2.439999961853027344e+02
3.493281555175781250e+02 4.563058090209960938e+02 2.439999961853027344e+02
3.497458648681640625e+02 4.557637405395507812e+02 2.450000000000000000e+02
3.493991851806640625e+02 4.563852310180664062e+02 2.429999923706054688e+02
3.494603729248046875e+02 4.564545440673828125e+02 2.423220252990722656e+02
3.488342666625976562e+02 4.570750045776367188e+02 2.429861259460449219e+02
3.491506195068359375e+02 4.569247055053710938e+02 2.419932174682617188e+02
3.484669113159179688e+02 4.574583435058593750e+02 2.433102226257324219e+02
3.485248947143554688e+02 4.575342941284179688e+02 2.426435470581054688e+02
3.485929870605468750e+02 4.576292037963867188e+02 2.419999885559082031e+02
3.487185668945312500e+02 4.578074645996093750e+02 2.409999847412109375e+02
3.488391494750976562e+02 4.580632019042968750e+02 2.400237083435058594e+02
3.483661270141601562e+02 4.583074951171875000e+02 2.409999847412109375e+02
3.492185592651367188e+02 4.571484375000000000e+02 2.409999847412109375e+02
3.493725585937500000e+02 4.573399734497070312e+02 2.400000000000000000e+02
3.496229171752929688e+02 4.566484069824218750e+02 2.409999847412109375e+02
3.495343017578125000e+02 4.565411758422851562e+02 2.416553688049316406e+02
3.501229095458984375e+02 4.560895538330078125e+02 2.409999847412109375e+02
3.497790908813476562e+02 4.568399810791015625e+02 2.400000000000000000e+02
3.500051498413085938e+02 4.570081710815429688e+02 2.390188407897949219e+02
3.502791213989257812e+02 4.562578964233398438e+02 2.400000000000000000e+02
3.504092407226562500e+02 4.564000701904296875e+02 2.392784118652343750e+02
3.507474517822265625e+02 4.557579040527343750e+02 2.400000000000000000e+02
3.509679794311523438e+02 4.559646224975585938e+02 2.389238357543945312e+02
3.505865859985351562e+02 4.555895614624023438e+02 2.409999847412109375e+02
3.512474441528320312e+02 4.552547073364257812e+02 2.400000000000000000e+02
3.513899230957031250e+02 4.553924560546875000e+02 2.392359352111816406e+02
3.517845153808593750e+02 4.547547149658203125e+02 2.400000000000000000e+02
3.510865783691406250e+02 4.551019668579101562e+02 2.409999847412109375e+02
3.516152191162109375e+02 4.546019744873046875e+02 2.409999847412109375e+02
3.521152114868164062e+02 4.541751480102539062e+02 2.409999847412109375e+02
3.515251541137695312e+02 4.545221710205078125e+02 2.416025543212890625e+02
3.519150924682617188e+02 4.541181564331054688e+02 2.419615364074707031e+02
3.522845458984375000e+02 4.543165969848632812e+02 2.400000000000000000e+02
3.524175643920898438e+02 4.544290542602539062e+02 2.393138885498046875e+02
3.528990173339843750e+02 4.538165664672851562e+02 2.400000000000000000e+02
3.530304336547851562e+02 4.540212631225585938e+02 2.390676307678222656e+02
3.532257461547851562e+02 4.542719650268554688e+02 2.379999923706054688e+02
3.525662994384765625e+02 4.545562744140625000e+02 2.386472320556640625e+02
3.536521911621093750e+02 4.536134719848632812e+02 2.388213539123535156e+02
3.534945678710937500e+02 4.534957885742187500e+02 2.394880294799804688e+02
3.539913177490234375e+02 4.532736587524414062e+02 2.390928077697753906e+02
3.543597412109375000e+02 4.533982467651367188e+02 2.379999923706054688e+02
3.544941329956054688e+02 4.534956359863281250e+02 2.374907493591308594e+02
3.538597488403320312e+02 4.537719726562500000e+02 2.379999923706054688e+02
3.550802230834960938e+02 4.528768539428710938e+02 2.380628776550292969e+02
3.550272369384765625e+02 4.533037948608398438e+02 2.370944404602050781e+02
3.556491470336914062e+02 4.525970840454101562e+02 2.377714729309082031e+02
3.554670333862304688e+02 4.524779129028320312e+02 2.384381484985351562e+02
3.559894943237304688e+02 4.522759628295898438e+02 2.380628776550292969e+02
3.563158035278320312e+02 4.523821258544921875e+02 2.372306251525878906e+02
3.570020675659179688e+02 4.517029953002929688e+02 2.379385757446289062e+02
3.573368072509765625e+02 4.514048767089843750e+02 2.382309722900390625e+02
3.569283294677734375e+02 4.521411895751953125e+02 2.369383621215820312e+02
3.566701507568359375e+02 4.515999221801757812e+02 2.388250541687011719e+02
3.575436782836914062e+02 4.515229415893554688e+02 2.375642967224121094e+02
3.577688598632812500e+02 4.516399383544921875e+02 2.369999885559082031e+02
3.579262161254882812e+02 4.511938476562500000e+02 2.379385757446289062e+02
3.582688522338867188e+02 4.513805007934570312e+02 2.369999885559082031e+02
3.580638122558593750e+02 4.507670211791992188e+02 2.390377044677734375e+02
3.589891052246093750e+02 4.506712341308593750e+02 2.379573249816894531e+02
3.593151855468750000e+02 4.504167175292968750e+02 2.382622146606445312e+02
3.589999771118164062e+02 4.510328292846679688e+02 2.369999885559082031e+02
3.586485290527343750e+02 4.505678939819335938e+02 2.387295150756835938e+02
3.595898818969726562e+02 4.505337905883789062e+02 2.375955581665039062e+02
3.599539184570312500e+02 4.502722930908203125e+02 2.379573249816894531e+02
3.599539184570312500e+02 4.506474685668945312e+02 2.369634246826171875e+02
3.602565765380859375e+02 4.504095840454101562e+02 2.372723770141601562e+02
3.600000000000000000e+02 4.510578918457031250e+02 2.359999847412109375e+02
3.606317138671875000e+02 4.505426788330078125e+02 2.366057014465332031e+02
3.609790420532226562e+02 4.507017898559570312e+02 2.360176658630371094e+02
3.609790420532226562e+02 4.502905273437500000e+02 2.369634246826171875e+02
3.612984085083007812e+02 4.504354476928710938e+02 2.363627815246582031e+02
3.609999847412109375e+02 4.498996734619140625e+02 2.379999923706054688e+02
3.620000076293945312e+02 4.499946975708007812e+02 2.369999885559082031e+02
3.620000076293945312e+02 4.503434753417968750e+02 2.361593055725097656e+02
3.619596481323242188e+02 4.496348953247070312e+02 2.380065917968750000e+02
3.629999923706054688e+02 4.497844314575195312e+02 2.369999885559082031e+02
3.629221343994140625e+02 4.502533721923828125e+02 2.359097671508789062e+02
3.629999923706054688e+02 4.495474624633789062e+02 2.376351356506347656e+02
3.639044189453125000e+02 4.496281814575195312e+02 2.370381927490234375e+02
3.635073471069335938e+02 4.495008850097656250e+02 2.375025367736816406e+02
3.641740036010742188e+02 4.494613647460937500e+02 2.373969841003417969e+02
3.639044189453125000e+02 4.493206024169921875e+02 2.379015159606933594e+02
3.650000000000000000e+02 4.494248962402343750e+02 2.372955322265625000e+02
3.650000000000000000e+02 4.491878509521484375e+02 2.379999923706054688e+02
3.650000000000000000e+02 4.488880538940429688e+02 2.389999961853027344e+02
3.659999847412109375e+02 4.491442871093750000e+02 2.379999923706054688e+02
3.659999847412109375e+02 4.488451004028320312e+02 2.389999961853027344e+02
3.659999847412109375e+02 4.486018371582031250e+02 2.399029922485351562e+02
3.670000076293945312e+02 4.488587188720703125e+02 2.389999961853027344e+02
3.670870590209960938e+02 4.485886001586914062e+02 2.400479507446289062e+02
3.674784469604492188e+02 4.485015487670898438e+02 2.405101394653320312e+02
3.668117904663085938e+02 4.484775161743164062e+02 2.404132652282714844e+02
3.659999847412109375e+02 4.484751510620117188e+02 2.404030036926269531e+02
3.670870590209960938e+02 4.484108352661132812e+02 2.409060859680175781e+02
3.659999847412109375e+02 4.483677673339843750e+02 2.409999847412109375e+02
3.670000076293945312e+02 4.482474136352539062e+02 2.419999885559082031e+02
3.659999847412109375e+02 4.482180023193359375e+02 2.419999885559082031e+02
3.650000000000000000e+02 4.482873153686523438e+02 2.419999885559082031e+02
3.650251770019531250e+02 4.484330368041992188e+02 2.409676933288574219e+02
3.639549636840820312e+02 4.484237670898437500e+02 2.419787025451660156e+02
3.642582702636718750e+02 4.484653472900390625e+02 2.412794876098632812e+02
3.639549636840820312e+02 4.485558319091796875e+02 2.409676933288574219e+02
3.639999771118164062e+02 4.487306976318359375e+02 2.400000000000000000e+02
3.647086334228515625e+02 4.485176849365234375e+02 2.406128120422363281e+02
3.650251770019531250e+02 4.486106872558593750e+02 2.400744438171386719e+02
3.653753280639648438e+02 4.484893417358398438e+02 2.404574012756347656e+02
3.629999923706054688e+02 4.488804626464843750e+02 2.400000000000000000e+02
3.639999771118164062e+02 4.489754486083984375e+02 2.389999961853027344e+02
3.629999923706054688e+02 4.491180038452148438e+02 2.389999961853027344e+02
3.629999923706054688e+02 4.493749237060546875e+02 2.381351470947265625e+02
3.619596481323242188e+02 4.493431854248046875e+02 2.389525794982910156e+02
3.612917327880859375e+02 4.494352722167968750e+02 2.392543220520019531e+02
3.622660827636718750e+02 4.494455718994140625e+02 2.383443260192871094e+02
3.615994262695312500e+02 4.495232772827148438e+02 2.385876464843750000e+02
3.609750366210937500e+02 4.496139907836914062e+02 2.389525794982910156e+02
3.600000000000000000e+02 4.499325561523437500e+02 2.389999961853027344e+02
3.606250762939453125e+02 4.495392227172851562e+02 2.396931266784667969e+02
3.600534439086914062e+02 4.496757888793945312e+02 2.400158691406250000e+02
3.589999771118164062e+02 4.500894927978515625e+02 2.400000000000000000e+02
3.582968521118164062e+02 4.503991317749023438e+02 2.400000000000000000e+02
3.589891052246093750e+02 4.503275680541992188e+02 2.390377044677734375e+02
3.589999771118164062e+02 4.499021530151367188e+02 2.409999847412109375e+02
3.589999771118164062e+02 4.497645568847656250e+02 2.419999885559082031e+02
3.579736709594726562e+02 4.503384017944335938e+02 2.410906982421875000e+02
3.576227951049804688e+02 4.505612564086914062e+02 2.408178329467773438e+02
3.574945831298828125e+02 4.504969787597656250e+02 2.414844894409179688e+02
3.570967483520507812e+02 4.507947158813476562e+02 2.410906982421875000e+02
3.570000076293945312e+02 4.510848617553710938e+02 2.400000000000000000e+02
3.570020675659179688e+02 4.513247299194335938e+02 2.390950202941894531e+02
3.577968597412109375e+02 4.506501388549804688e+02 2.400000000000000000e+02
3.564958572387695312e+02 4.514974212646484375e+02 2.394917106628417969e+02
3.584396743774414062e+02 4.504692840576171875e+02 2.393961906433105469e+02
3.625369262695312500e+02 4.505075836181640625e+02 2.355162811279296875e+02
3.620000076293945312e+02 4.505753707885742188e+02 2.356592941284179688e+02
3.620000076293945312e+02 4.509171676635742188e+02 2.350000000000000000e+02
3.609939575195312500e+02 4.512398147583007812e+02 2.349570274353027344e+02
3.600000000000000000e+02 4.513989257812500000e+02 2.353184509277343750e+02
3.594955825805664062e+02 4.514978790283203125e+02 2.354962158203125000e+02
3.600000000000000000e+02 4.516782760620117188e+02 2.348184585571289062e+02
3.590113067626953125e+02 4.520030212402343750e+02 2.350096130371093750e+02
3.591937637329101562e+02 4.523502731323242188e+02 2.342596626281738281e+02
3.588288879394531250e+02 4.516557693481445312e+02 2.358138847351074219e+02
3.585270690917968750e+02 4.525135803222656250e+02 2.345230102539062500e+02
3.579999923706054688e+02 4.523655319213867188e+02 2.352650642395019531e+02
3.574971771240234375e+02 4.524983215332031250e+02 2.354970932006835938e+02
3.580888748168945312e+02 4.518906021118164062e+02 2.360883331298828125e+02
3.579999923706054688e+02 4.526559066772460938e+02 2.347650718688964844e+02
3.570531463623046875e+02 4.530303192138671875e+02 2.350543785095214844e+02
3.579853439331054688e+02 4.531593322753906250e+02 2.339736366271972656e+02
3.572757339477539062e+02 4.533609771728515625e+02 2.342893791198730469e+02
3.583089065551757812e+02 4.533910369873046875e+02 2.333523178100585938e+02
3.576422119140625000e+02 4.535837173461914062e+02 2.336227226257324219e+02
3.589162445068359375e+02 4.526783370971679688e+02 2.339558029174804688e+02
3.590625000000000000e+02 4.532508468627929688e+02 2.330113792419433594e+02
3.596440124511718750e+02 4.525592803955078125e+02 2.335930061340332031e+02
3.587707901000976562e+02 4.536400985717773438e+02 2.326856422424316406e+02
3.594374847412109375e+02 4.534677886962890625e+02 2.324594497680664062e+02
3.600000000000000000e+02 4.533430862426757812e+02 2.323013114929199219e+02
3.590458679199218750e+02 4.540225219726562500e+02 2.320286369323730469e+02
3.593209075927734375e+02 4.544049453735351562e+02 2.313922882080078125e+02
3.586542510986328125e+02 4.545845413208007812e+02 2.315978050231933594e+02
3.600000000000000000e+02 4.537453079223632812e+02 2.318013191223144531e+02
3.581809997558593750e+02 4.543067932128906250e+02 2.322644805908203125e+02
3.579085922241210938e+02 4.547370529174804688e+02 2.319586753845214844e+02
3.579116058349609375e+02 4.539452362060546875e+02 2.329318046569824219e+02
3.570000076293945312e+02 4.542897415161132812e+02 2.332295036315917969e+02
3.575143051147460938e+02 4.545091247558593750e+02 2.325112915039062500e+02
3.570000076293945312e+02 4.546884536743164062e+02 2.327295112609863281e+02
3.560876464843750000e+02 4.550654220581054688e+02 2.330815696716308594e+02
3.570737075805664062e+02 4.552315902709960938e+02 2.320393371582031250e+02
3.563837051391601562e+02 4.554087829589843750e+02 2.323988914489746094e+02
3.574561691284179688e+02 4.554680633544921875e+02 2.314667701721191406e+02
3.567895126342773438e+02 4.557210540771484375e+02 2.317322349548339844e+02
3.571269226074218750e+02 4.560967636108398438e+02 2.310950088500976562e+02
3.560419464111328125e+02 4.560332489013671875e+02 2.320362472534179688e+02
3.553250503540039062e+02 4.563454437255859375e+02 2.323402595520019531e+02
3.563668441772460938e+02 4.563877105712890625e+02 2.313899230957031250e+02
3.557170486450195312e+02 4.556787490844726562e+02 2.327017784118652344e+02
3.557001495361328125e+02 4.566841888427734375e+02 2.316735839843750000e+02
3.550035858154296875e+02 4.570017623901367188e+02 2.320029830932617188e+02
3.560545349121093750e+02 4.570503616333007812e+02 2.310444259643554688e+02
3.553487396240234375e+02 4.573508834838867188e+02 2.313656234741210938e+02
3.564088821411132812e+02 4.574164962768554688e+02 2.304282760620117188e+02
3.557421875000000000e+02 4.577404785156250000e+02 2.306989479064941406e+02
3.567977142333984375e+02 4.567498397827148438e+02 2.307232475280761719e+02
3.570786285400390625e+02 4.570499038696289062e+02 2.302550888061523438e+02
3.569012451171875000e+02 4.579175949096679688e+02 2.296715164184570312e+02
3.579209518432617188e+02 4.569630813598632812e+02 2.297521209716796875e+02
3.574643707275390625e+02 4.564724349975585938e+02 2.304741096496582031e+02
3.579999923706054688e+02 4.562829208374023438e+02 2.302980613708496094e+02
3.579999923706054688e+02 4.557829284667968750e+02 2.307778549194335938e+02
3.589765930175781250e+02 4.559851837158203125e+02 2.299846649169921875e+02
3.592868423461914062e+02 4.553784179687500000e+02 2.303793525695800781e+02
3.593330001831054688e+02 4.563989257812500000e+02 2.294127082824707031e+02
3.586201858520507812e+02 4.555714416503906250e+02 2.305703735351562500e+02
3.600000000000000000e+02 4.557189178466796875e+02 2.297005462646484375e+02
3.586663436889648438e+02 4.566051483154296875e+02 2.295899772644042969e+02
3.590622711181640625e+02 4.570391464233398438e+02 2.290302276611328125e+02
3.582015991210937500e+02 4.572718048095703125e+02 2.293144035339355469e+02
3.594581604003906250e+02 4.574731445312500000e+02 2.284789085388183594e+02
3.587915039062500000e+02 4.577043914794921875e+02 2.286477470397949219e+02
3.600000000000000000e+02 4.568216323852539062e+02 2.287577629089355469e+02
3.600000000000000000e+02 4.573216247558593750e+02 2.283612823486328125e+02
3.607653808593750000e+02 4.566223526000976562e+02 2.285976409912109375e+02
3.600000000000000000e+02 4.562189102172851562e+02 2.292577743530273438e+02
3.610331726074218750e+02 4.560144805908203125e+02 2.290095520019531250e+02
3.614320755004882812e+02 4.564693450927734375e+02 2.284749031066894531e+02
3.606343078613281250e+02 4.555596160888671875e+02 2.295547103881835938e+02
3.613009643554687500e+02 4.554141616821289062e+02 2.294214630126953125e+02
3.609599304199218750e+02 4.549822998046875000e+02 2.299811553955078125e+02
3.620000076293945312e+02 4.552777481079101562e+02 2.292970657348632812e+02
3.620000076293945312e+02 4.547777557373046875e+02 2.297700309753417969e+02
3.620000076293945312e+02 4.542796707153320312e+02 2.302700424194335938e+02
3.629999923706054688e+02 4.546140289306640625e+02 2.296105575561523438e+02
3.612855148315429688e+02 4.544117355346679688e+02 2.304076004028320312e+02
3.610039138793945312e+02 4.540002441406250000e+02 2.310004234313964844e+02
3.600000000000000000e+02 4.542453002929687500e+02 2.312094879150390625e+02
3.613889694213867188e+02 4.534555053710937500e+02 2.314471626281738281e+02
3.607222747802734375e+02 4.535887527465820312e+02 2.316089630126953125e+02
3.606188583374023438e+02 4.545504379272460938e+02 2.305537033081054688e+02
3.600000000000000000e+02 4.546966171264648438e+02 2.307094955444335938e+02
3.589705276489257812e+02 4.549814987182617188e+02 2.309813308715820312e+02
3.600000000000000000e+02 4.551966476440429688e+02 2.302005386352539062e+02
3.579999923706054688e+02 4.552894973754882812e+02 2.312778663635253906e+02
3.610592269897460938e+02 4.569734191894531250e+02 2.282198333740234375e+02
3.609999847412109375e+02 4.577454376220703125e+02 2.276686096191406250e+02
3.609999847412109375e+02 4.582454681396484375e+02 2.273303794860839844e+02
3.616894531250000000e+02 4.575810623168945312e+02 2.275553321838378906e+02
3.600152969360351562e+02 4.580477142333984375e+02 2.278374099731445312e+02
3.590748977661132812e+02 4.580226135253906250e+02 2.282811355590820312e+02
3.603588104248046875e+02 4.584128952026367188e+02 2.274412536621093750e+02
3.596921539306640625e+02 4.586296844482421875e+02 2.275806427001953125e+02
3.600152969360351562e+02 4.589778137207031250e+02 2.272340583801269531e+02
3.589428710937500000e+02 4.589778137207031250e+02 2.277145957946777344e+02
3.580075454711914062e+02 4.589994430541992188e+02 2.282017898559570312e+02
3.592381286621093750e+02 4.592963409423828125e+02 2.273757362365722656e+02
3.585714721679687500e+02 4.595596694946289062e+02 2.275346946716308594e+02
3.589428710937500000e+02 4.599357986450195312e+02 2.271476745605468750e+02
3.579333877563476562e+02 4.599357986450195312e+02 2.276755523681640625e+02
3.570012283325195312e+02 4.600113677978515625e+02 2.282017135620117188e+02
3.582223129272460938e+02 4.602263259887695312e+02 2.273450088500976562e+02
3.575556182861328125e+02 4.605621719360351562e+02 2.275319290161132812e+02
3.579333877563476562e+02 4.609373092651367188e+02 2.271354103088378906e+02
3.569688796997070312e+02 4.609373092651367188e+02 2.277105140686035156e+02
3.560260772705078125e+02 4.610751724243164062e+02 2.282783317565917969e+02
3.572814941406250000e+02 4.612288665771484375e+02 2.273637962341308594e+02
3.566148376464843750e+02 4.616650009155273438e+02 2.275739479064941406e+02
3.569688796997070312e+02 4.619990158081054688e+02 2.272074127197265625e+02
3.560356903076171875e+02 4.619990158081054688e+02 2.278272438049316406e+02
3.553160858154296875e+02 4.620000076293945312e+02 2.283535957336425781e+02
3.563928604125976562e+02 4.623316955566406250e+02 2.274252700805664062e+02
3.557009124755859375e+02 4.629999923706054688e+02 2.276420021057128906e+02
3.562009048461914062e+02 4.629999923706054688e+02 2.272929954528808594e+02
3.555416870117187500e+02 4.635829544067382812e+02 2.275295257568359375e+02
3.549690246582031250e+02 4.630364990234375000e+02 2.281871795654296875e+02
3.544480133056640625e+02 4.633941268920898438e+02 2.284559822082519531e+02
3.546150588989257812e+02 4.627274703979492188e+02 2.285944366455078125e+02
3.550297164916992188e+02 4.639497756958007812e+02 2.277916526794433594e+02
3.553828811645507812e+02 4.642496109008789062e+02 2.274120140075683594e+02
3.547313690185546875e+02 4.650000000000000000e+02 2.276786613464355469e+02
3.543130111694335938e+02 4.639999771118164062e+02 2.283424186706542969e+02
3.538130187988281250e+02 4.639999771118164062e+02 2.287713050842285156e+02
3.541181182861328125e+02 4.650000000000000000e+02 2.281786537170410156e+02
3.536181259155273438e+02 4.650000000000000000e+02 2.286019706726074219e+02
3.540081405639648438e+02 4.660297012329101562e+02 2.280052947998046875e+02
3.534319686889648438e+02 4.662449264526367188e+02 2.284396362304687500e+02
3.544947814941406250e+02 4.664811706542968750e+02 2.274957275390625000e+02
3.535214996337890625e+02 4.655782699584960938e+02 2.285186195373535156e+02
3.539464950561523438e+02 4.670000076293945312e+02 2.278732872009277344e+02
3.545922851562500000e+02 4.658145141601562500e+02 2.275709724426269531e+02
3.549553680419921875e+02 4.660887145996093750e+02 2.272407341003417969e+02
3.552313613891601562e+02 4.650000000000000000e+02 2.272998809814453125e+02
3.550000000000000000e+02 4.670000076293945312e+02 2.270458984375000000e+02
3.557659912109375000e+02 4.659999847412109375e+02 2.266791152954101562e+02
3.560379791259765625e+02 4.649487304687500000e+02 2.267532730102539062e+02
3.562659835815429688e+02 4.659999847412109375e+02 2.263450050354003906e+02
3.556327438354492188e+02 4.670000076293945312e+02 2.265899658203125000e+02
3.561327362060546875e+02 4.670000076293945312e+02 2.262567901611328125e+02
3.555425643920898438e+02 4.679999923706054688e+02 2.265289878845214844e+02
3.560425567626953125e+02 4.679999923706054688e+02 2.261973190307617188e+02
3.555044555664062500e+02 4.685500335693359375e+02 2.265030288696289062e+02
3.550000000000000000e+02 4.679999923706054688e+02 2.269202995300292969e+02
3.543685913085937500e+02 4.679999923706054688e+02 2.273913002014160156e+02
3.550853729248046875e+02 4.689300155639648438e+02 2.267820549011230469e+02
3.554756164550781250e+02 4.692166900634765625e+02 2.264827728271484375e+02
3.549634170532226562e+02 4.700000000000000000e+02 2.268362617492675781e+02
3.543213653564453125e+02 4.689999771118164062e+02 2.273502922058105469e+02
3.538213348388671875e+02 4.689999771118164062e+02 2.277752304077148438e+02
3.543063735961914062e+02 4.700000000000000000e+02 2.273362541198730469e+02
3.538063812255859375e+02 4.700000000000000000e+02 2.277655220031738281e+02
3.543292999267578125e+02 4.709999847412109375e+02 2.273559951782226562e+02
3.538292694091796875e+02 4.709999847412109375e+02 2.277843856811523438e+02
3.543918228149414062e+02 4.720000076293945312e+02 2.274091911315917969e+02
3.550853729248046875e+02 4.710412216186523438e+02 2.267890930175781250e+02
3.554756164550781250e+02 4.707353973388671875e+02 2.264827728271484375e+02
3.550000000000000000e+02 4.720000076293945312e+02 2.269504165649414062e+02
3.555104827880859375e+02 4.714020538330078125e+02 2.265071868896484375e+02
3.559062957763671875e+02 4.710412216186523438e+02 2.262172889709472656e+02
3.555600738525390625e+02 4.720000076293945312e+02 2.265412139892578125e+02
3.560600662231445312e+02 4.720000076293945312e+02 2.262065315246582031e+02
3.568566894531250000e+02 4.720000076293945312e+02 2.257065391540527344e+02
3.561692047119140625e+02 4.729999923706054688e+02 2.262782859802246094e+02
3.570619964599609375e+02 4.730324172973632812e+02 2.257338523864746094e+02
3.574366760253906250e+02 4.727206802368164062e+02 2.254635429382324219e+02
3.573566818237304688e+02 4.720000076293945312e+02 2.254181861877441406e+02
3.572791290283203125e+02 4.709999847412109375e+02 2.253759384155273438e+02
3.567791366577148438e+02 4.709999847412109375e+02 2.256595039367675781e+02
3.567499160766601562e+02 4.700000000000000000e+02 2.256413459777832031e+02
3.559999847412109375e+02 4.700000000000000000e+02 2.261155319213867188e+02
3.567780303955078125e+02 4.689999771118164062e+02 2.256576919555664062e+02
3.568470764160156250e+02 4.679999923706054688e+02 2.256973266601562500e+02
3.559026718139648438e+02 4.689300155639648438e+02 2.262158203125000000e+02
3.570551681518554688e+02 4.669272232055664062e+02 2.257094192504882812e+02
3.570000076293945312e+02 4.659999847412109375e+02 2.259050178527832031e+02
3.574253082275390625e+02 4.672120285034179688e+02 2.254578590393066406e+02
3.575127792358398438e+02 4.665453338623046875e+02 2.255066680908203125e+02
3.576155853271484375e+02 4.659999847412109375e+02 2.255599975585937500e+02
3.578377914428710938e+02 4.650000000000000000e+02 2.256753349304199219e+02
3.581155776977539062e+02 4.659999847412109375e+02 2.253037643432617188e+02
3.583377838134765625e+02 4.650000000000000000e+02 2.254168891906738281e+02
3.589999771118164062e+02 4.659999847412109375e+02 2.248845863342285156e+02
3.596999740600585938e+02 4.659999847412109375e+02 2.245808029174804688e+02
3.589999771118164062e+02 4.650000000000000000e+02 2.251132202148437500e+02
3.590175628662109375e+02 4.640752792358398438e+02 2.253597259521484375e+02
3.600315093994140625e+02 4.649977493286132812e+02 2.246833992004394531e+02
3.603858566284179688e+02 4.653295898437500000e+02 2.244540596008300781e+02
3.606352996826171875e+02 4.646628952026367188e+02 2.245438766479492188e+02
3.600000000000000000e+02 4.639999771118164062e+02 2.249735260009765625e+02
3.599935913085937500e+02 4.629998779296875000e+02 2.253064346313476562e+02
3.609811782836914062e+02 4.639729309082031250e+02 2.246336555480957031e+02
3.613019561767578125e+02 4.642882156372070312e+02 2.244360160827636719e+02
3.609999847412109375e+02 4.629999923706054688e+02 2.249526023864746094e+02
3.616437530517578125e+02 4.636215209960937500e+02 2.245368194580078125e+02
3.610340881347656250e+02 4.619992446899414062e+02 2.253343200683593750e+02
3.607234573364257812e+02 4.616654205322265625e+02 2.255692291259765625e+02
3.620000076293945312e+02 4.620000076293945312e+02 2.250703239440917969e+02
3.603226470947265625e+02 4.623320770263671875e+02 2.254302978515625000e+02
3.613901138305664062e+02 4.614252471923828125e+02 2.254659461975097656e+02
3.610340881347656250e+02 4.610551452636718750e+02 2.257450103759765625e+02
3.620000076293945312e+02 4.612527847290039062e+02 2.253887748718261719e+02
3.620000076293945312e+02 4.607527542114257812e+02 2.256151771545410156e+02
3.630048751831054688e+02 4.609470748901367188e+02 2.253027534484863281e+02
3.626747894287109375e+02 4.605784225463867188e+02 2.255356979370117188e+02
3.633414459228515625e+02 4.604388046264648438e+02 2.254676437377929688e+02
3.620000076293945312e+02 4.600000000000000000e+02 2.260012245178222656e+02
3.610372543334960938e+02 4.599781417846679688e+02 2.262833976745605469e+02
3.620000076293945312e+02 4.593065643310546875e+02 2.263860321044921875e+02
3.613954162597656250e+02 4.594439315795898438e+02 2.264665412902832031e+02
3.620000076293945312e+02 4.588065719604492188e+02 2.266831970214843750e+02
3.620136642456054688e+02 4.579486083984375000e+02 2.272215652465820312e+02
3.610372543334960938e+02 4.590663528442382812e+02 2.268081665039062500e+02
3.629999923706054688e+02 4.586051940917968750e+02 2.265626907348632812e+02
3.607287597656250000e+02 4.596302032470703125e+02 2.265730857849121094e+02
3.599363708496093750e+02 4.599781417846679688e+02 2.266845130920410156e+02
3.602273178100585938e+02 4.602968978881835938e+02 2.263879013061523438e+02
3.595606613159179688e+02 4.605525588989257812e+02 2.265253639221191406e+02
3.599363708496093750e+02 4.609315490722656250e+02 2.261944961547851562e+02
3.589221191406250000e+02 4.609315490722656250e+02 2.266323471069335938e+02
3.585368728637695312e+02 4.615390014648437500e+02 2.265168762207031250e+02
3.592035293579101562e+02 4.612192153930664062e+02 2.263670349121093750e+02
3.589221191406250000e+02 4.619234085083007812e+02 2.261824607849121094e+02
3.582691955566406250e+02 4.622056579589843750e+02 2.263753700256347656e+02
3.590175628662109375e+02 4.629998779296875000e+02 2.257153511047363281e+02
3.599935913085937500e+02 4.619992446899414062e+02 2.256987953186035156e+02
3.596559524536132812e+02 4.626664733886718750e+02 2.255617141723632812e+02
3.579615020751953125e+02 4.629899597167968750e+02 2.262369346618652344e+02
3.593626403808593750e+02 4.633331680297851562e+02 2.254383659362792969e+02
3.586959838867187500e+02 4.637921142578125000e+02 2.255884933471679688e+02
3.580854415893554688e+02 4.640752792358398438e+02 2.258079719543457031e+02
3.571908187866210938e+02 4.639999771118164062e+02 2.263185882568359375e+02
3.584757614135742188e+02 4.644587707519531250e+02 2.254874420166015625e+02
3.573840332031250000e+02 4.633166122436523438e+02 2.264310264587402344e+02
3.566908264160156250e+02 4.639999771118164062e+02 2.266157531738281250e+02
3.569222259521484375e+02 4.649487304687500000e+02 2.261990928649902344e+02
3.565370559692382812e+02 4.645812606811523438e+02 2.265222930908203125e+02
3.563966369628906250e+02 4.652479171752929688e+02 2.264313697814941406e+02
3.570304107666015625e+02 4.629899597167968750e+02 2.267683410644531250e+02
3.559250259399414062e+02 4.639497756958007812e+02 2.271398162841796875e+02
3.576025390625000000e+02 4.626499557495117188e+02 2.265565872192382812e+02
3.579615020751953125e+02 4.619234085083007812e+02 2.266623687744140625e+02
3.623561096191406250e+02 4.574427032470703125e+02 2.274583244323730469e+02
3.609811782836914062e+02 4.649977493286132812e+02 2.243415641784667969e+02
3.620000076293945312e+02 4.650000000000000000e+02 2.240428161621093750e+02
3.554634094238281250e+02 4.700000000000000000e+02 2.264741706848144531e+02
3.532396316528320312e+02 4.700000000000000000e+02 2.282655143737792969e+02
3.532487487792968750e+02 4.689999771118164062e+02 2.282752227783203125e+02
3.527396392822265625e+02 4.700000000000000000e+02 2.287213706970214844e+02
3.527487564086914062e+02 4.689999771118164062e+02 2.287288284301757812e+02
3.522186279296875000e+02 4.700000000000000000e+02 2.292213821411132812e+02
3.522248077392578125e+02 4.689999771118164062e+02 2.292288398742675781e+02
3.517186355590820312e+02 4.700000000000000000e+02 2.297205162048339844e+02
3.512264633178710938e+02 4.700000000000000000e+02 2.302205085754394531e+02
3.517248153686523438e+02 4.689999771118164062e+02 2.297273063659667969e+02
3.517586135864257812e+02 4.679999923706054688e+02 2.297619056701660156e+02
3.512352752685546875e+02 4.689999771118164062e+02 2.302272987365722656e+02
3.512710952758789062e+02 4.679999923706054688e+02 2.302618980407714844e+02
3.507352828979492188e+02 4.689999771118164062e+02 2.307582855224609375e+02
3.507264709472656250e+02 4.700000000000000000e+02 2.307470321655273438e+02
3.507710647583007812e+02 4.679999923706054688e+02 2.308004570007324219e+02
3.502858734130859375e+02 4.689999771118164062e+02 2.312582969665527344e+02
3.503254318237304688e+02 4.679999923706054688e+02 2.313004684448242188e+02
3.497858810424804688e+02 4.689999771118164062e+02 2.318370819091796875e+02
3.502739334106445312e+02 4.700000000000000000e+02 2.312470245361328125e+02
3.497739410400390625e+02 4.700000000000000000e+02 2.318202781677246094e+02
3.502894592285156250e+02 4.709999847412109375e+02 2.312654495239257812e+02
3.497894668579101562e+02 4.709999847412109375e+02 2.318407058715820312e+02
3.493682098388671875e+02 4.709999847412109375e+02 2.323407173156738281e+02
3.493498992919921875e+02 4.700000000000000000e+02 2.323202705383300781e+02
3.494203948974609375e+02 4.720000076293945312e+02 2.324029731750488281e+02
3.488042831420898438e+02 4.709504318237304688e+02 2.330953216552734375e+02
3.488498687744140625e+02 4.700000000000000000e+02 2.329857254028320312e+02
3.484945297241210938e+02 4.705840301513671875e+02 2.334922218322753906e+02
3.485161972045898438e+02 4.712506866455078125e+02 2.335239791870117188e+02
3.489794158935546875e+02 4.720000076293945312e+02 2.329999923706054688e+02
3.485590362548828125e+02 4.720000076293945312e+02 2.335880470275878906e+02
3.482313919067382812e+02 4.720000076293945312e+02 2.340880393981933594e+02
3.486435699462890625e+02 4.729999923706054688e+02 2.337185287475585938e+02
3.483180999755859375e+02 4.729999923706054688e+02 2.342185211181640625e+02
3.477894592285156250e+02 4.729327774047851562e+02 2.350878143310546875e+02
3.484135437011718750e+02 4.737973785400390625e+02 2.343646240234375000e+02
3.481754684448242188e+02 4.740784454345703125e+02 2.349109077453613281e+02
3.476591873168945312e+02 4.739999771118164062e+02 2.358142280578613281e+02
3.483220291137695312e+02 4.750000000000000000e+02 2.351881408691406250e+02
3.485105895996093750e+02 4.744640350341796875e+02 2.345181846618652344e+02
3.475582885742187500e+02 4.732212829589843750e+02 2.356145858764648438e+02
3.473183441162109375e+02 4.729327774047851562e+02 2.359687423706054688e+02
3.471431350708007812e+02 4.720000076293945312e+02 2.359999847412109375e+02
3.474885177612304688e+02 4.725546264648437500e+02 2.354796981811523438e+02
3.474485015869140625e+02 4.720000076293945312e+02 2.354084014892578125e+02
3.473993301391601562e+02 4.709999847412109375e+02 2.353197288513183594e+02
3.477313995361328125e+02 4.720000076293945312e+02 2.349084091186523438e+02
3.476806259155273438e+02 4.709999847412109375e+02 2.348197364807128906e+02
3.476589202880859375e+02 4.700000000000000000e+02 2.347806358337402344e+02
3.482412338256835938e+02 4.709504318237304688e+02 2.339143943786621094e+02
3.481488800048828125e+02 4.700000000000000000e+02 2.339999961853027344e+02
3.484899520874023438e+02 4.700000000000000000e+02 2.334857177734375000e+02
3.482321548461914062e+02 4.690284729003906250e+02 2.339125251770019531e+02
3.482174682617187500e+02 4.679999923706054688e+02 2.340749931335449219e+02
3.484920501708984375e+02 4.693807983398437500e+02 2.334887313842773438e+02
3.476711654663085938e+02 4.689999771118164062e+02 2.347988700866699219e+02
3.485142135620117188e+02 4.687141418457031250e+02 2.335208702087402344e+02
3.485510253906250000e+02 4.679999923706054688e+02 2.335749816894531250e+02
3.488000869750976562e+02 4.690284729003906250e+02 2.330932426452636719e+02
3.493644714355468750e+02 4.689999771118164062e+02 2.323370742797851562e+02
3.489621734619140625e+02 4.679999923706054688e+02 2.329999923706054688e+02
3.494111633300781250e+02 4.679999923706054688e+02 2.323914909362792969e+02
3.491755294799804688e+02 4.669677352905273438e+02 2.329156875610351562e+02
3.494616699218750000e+02 4.672795867919921875e+02 2.324528121948242188e+02
3.492200088500976562e+02 4.659999847412109375e+02 2.331155204772949219e+02
3.486231613159179688e+02 4.670000076293945312e+02 2.336817932128906250e+02
3.495195388793945312e+02 4.666129302978515625e+02 2.325261497497558594e+02
3.495868301391601562e+02 4.659999847412109375e+02 2.326155090332031250e+02
3.498276901245117188e+02 4.669677352905273438e+02 2.320716857910156250e+02
3.501436614990234375e+02 4.659922790527343750e+02 2.319263076782226562e+02
3.503949356079101562e+02 4.670000076293945312e+02 2.313786315917968750e+02
3.498254394531250000e+02 4.679999923706054688e+02 2.318914794921875000e+02
3.504570007324218750e+02 4.663204574584960938e+02 2.314498138427734375e+02
3.508375930786132812e+02 4.670000076293945312e+02 2.308786201477050781e+02
3.509772109985351562e+02 4.659107589721679688e+02 2.309750556945800781e+02
3.513376235961914062e+02 4.670000076293945312e+02 2.303294944763183594e+02
3.514175796508789062e+02 4.661677551269531250e+02 2.304126548767089844e+02
3.518234252929687500e+02 4.670000076293945312e+02 2.298294830322265625e+02
3.518395614624023438e+02 4.659006500244140625e+02 2.300475883483886719e+02
3.523234176635742188e+02 4.670000076293945312e+02 2.293280601501464844e+02
3.524242401123046875e+02 4.659999847412109375e+02 2.294264030456542969e+02
3.522586059570312500e+02 4.679999923706054688e+02 2.292639350891113281e+02
3.528575897216796875e+02 4.670000076293945312e+02 2.288280677795410156e+02
3.530591964721679688e+02 4.659469604492187500e+02 2.288522911071777344e+02
3.533576202392578125e+02 4.670000076293945312e+02 2.283732795715332031e+02
3.527875518798828125e+02 4.679999923706054688e+02 2.287639427185058594e+02
3.532875442504882812e+02 4.679999923706054688e+02 2.283110427856445312e+02
3.538685607910156250e+02 4.679999923706054688e+02 2.278110313415527344e+02
3.529591369628906250e+02 4.650847625732421875e+02 2.291768836975097656e+02
3.525985717773437500e+02 4.648079681396484375e+02 2.295947265625000000e+02
3.532515335083007812e+02 4.639999771118164062e+02 2.292712974548339844e+02
3.524919128417968750e+02 4.654746246337890625e+02 2.294921684265136719e+02
3.521555709838867188e+02 4.650847625732421875e+02 2.299568367004394531e+02
3.515755081176757812e+02 4.650000000000000000e+02 2.305814743041992188e+02
3.522464752197265625e+02 4.639999771118164062e+02 2.302409553527832031e+02
3.517464447021484375e+02 4.639999771118164062e+02 2.307635116577148438e+02
3.527515411376953125e+02 4.639999771118164062e+02 2.297409439086914062e+02
3.523948669433593750e+02 4.632592391967773438e+02 2.303931999206542969e+02
3.519745635986328125e+02 4.629454421997070312e+02 2.309755516052246094e+02
3.529726791381835938e+02 4.629433059692382812e+02 2.299743270874023438e+02
3.534034729003906250e+02 4.632940292358398438e+02 2.294110488891601562e+02
3.525418472290039062e+02 4.625925827026367188e+02 2.305414390563964844e+02
3.535610198974609375e+02 4.626273727416992188e+02 2.295554542541503906e+02
3.531922531127929688e+02 4.620000076293945312e+02 2.302066993713378906e+02
3.533811569213867188e+02 4.612917709350585938e+02 2.303867912292480469e+02
3.526922607421875000e+02 4.620000076293945312e+02 2.306890106201171875e+02
3.537277603149414062e+02 4.620000076293945312e+02 2.297066879272460938e+02
3.542277526855468750e+02 4.620000076293945312e+02 2.292605209350585938e+02
3.539920806884765625e+02 4.609873580932617188e+02 2.299931716918945312e+02
3.542893600463867188e+02 4.600000000000000000e+02 2.303093719482421875e+02
3.544092941284179688e+02 4.613496017456054688e+02 2.294195938110351562e+02
3.535748291015625000e+02 4.606251144409179688e+02 2.305697631835937500e+02
3.546159744262695312e+02 4.606829452514648438e+02 2.295995521545410156e+02
3.549695968627929688e+02 4.599268341064453125e+02 2.297650527954101562e+02
3.550445175170898438e+02 4.610707855224609375e+02 2.290366172790527344e+02
3.554730606079101562e+02 4.614585876464843750e+02 2.284783172607421875e+02
3.548160934448242188e+02 4.620000076293945312e+02 2.287605285644531250e+02
3.557101440429687500e+02 4.607919311523437500e+02 2.286536407470703125e+02
3.552826309204101562e+02 4.602114105224609375e+02 2.293203163146972656e+02
3.559571456909179688e+02 4.599485015869140625e+02 2.289667892456054688e+02
3.563768005371093750e+02 4.603522872924804688e+02 2.284116172790527344e+02
3.555374908447265625e+02 4.595447540283203125e+02 2.295292282104492188e+02
3.566687011718750000e+02 4.596855926513671875e+02 2.286132431030273438e+02
3.562041473388671875e+02 4.591687774658203125e+02 2.292799186706542969e+02
3.559224700927734375e+02 4.589012527465820312e+02 2.296743583679199219e+02
3.569187164306640625e+02 4.589172744750976562e+02 2.289441490173339844e+02
3.573353958129882812e+02 4.593324279785156250e+02 2.283926200866699219e+02
3.565020751953125000e+02 4.585021209716796875e+02 2.295014762878417969e+02
3.576792907714843750e+02 4.586657333374023438e+02 2.286083602905273438e+02
3.571687316894531250e+02 4.581959915161132812e+02 2.292750358581542969e+02
3.579404449462890625e+02 4.579501724243164062e+02 2.289613914489746094e+02
3.575349426269531250e+02 4.575293350219726562e+02 2.295227813720703125e+02
3.583459472656250000e+02 4.583710479736328125e+02 2.284089851379394531e+02
3.550485610961914062e+02 4.590824508666992188e+02 2.302612304687500000e+02
3.560453033447265625e+02 4.580442810058593750e+02 2.302137756347656250e+02
3.554142379760742188e+02 4.584071350097656250e+02 2.304265403747558594e+02
3.550481796264648438e+02 4.580508422851562500e+02 2.310424613952636719e+02
3.546820831298828125e+02 4.576945877075195312e+02 2.316657066345214844e+02
3.547475814819335938e+02 4.588041305541992188e+02 2.307192993164062500e+02
3.543783950805664062e+02 4.583612442016601562e+02 2.313859558105468750e+02
3.540946960449218750e+02 4.591214752197265625e+02 2.310876274108886719e+02
3.540192794799804688e+02 4.580210876464843750e+02 2.320181655883789062e+02
3.537117385864257812e+02 4.587721252441406250e+02 2.317039299011230469e+02
3.536601638793945312e+02 4.576809692382812500e+02 2.326651573181152344e+02
3.543268203735351562e+02 4.573193359375000000e+02 2.323323822021484375e+02
3.533705902099609375e+02 4.583476257324218750e+02 2.323706054687500000e+02
3.530791473388671875e+02 4.591059494018554688e+02 2.320795249938964844e+02
3.530234146118164062e+02 4.580259323120117188e+02 2.330238723754882812e+02
3.533428573608398438e+02 4.573310470581054688e+02 2.333318328857421875e+02
3.523935699462890625e+02 4.583708953857421875e+02 2.333825683593750000e+02
3.526762008666992188e+02 4.577042007446289062e+02 2.337013816833496094e+02
3.527039337158203125e+02 4.587731170654296875e+02 2.327159118652343750e+02
3.520919036865234375e+02 4.591305541992187500e+02 2.331032562255859375e+02
3.524568939208984375e+02 4.594397735595703125e+02 2.324551200866699219e+02
3.514918136596679688e+02 4.594880294799804688e+02 2.334905815124511719e+02
3.517269134521484375e+02 4.588213729858398438e+02 2.337721061706542969e+02
3.517775726318359375e+02 4.600000000000000000e+02 2.328105926513671875e+02
3.513394927978515625e+02 4.600000000000000000e+02 2.333105850219726562e+02
3.515798568725585938e+02 4.606518936157226562e+02 2.325901985168457031e+02
3.522775650024414062e+02 4.600000000000000000e+02 2.322644996643066406e+02
3.519804382324218750e+02 4.609651565551757812e+02 2.319810867309570312e+02
3.527631378173828125e+02 4.600000000000000000e+02 2.317645072937011719e+02
3.532631301879882812e+02 4.600000000000000000e+02 2.312692832946777344e+02
3.525631332397460938e+02 4.606117248535156250e+02 2.315641975402832031e+02
3.529721450805664062e+02 4.609517669677734375e+02 2.309735107421875000e+02
3.523810577392578125e+02 4.612784194946289062e+02 2.313772392272949219e+02
3.522014999389648438e+02 4.620000076293945312e+02 2.311890220642089844e+02
3.517015075683593750e+02 4.620000076293945312e+02 2.317183494567871094e+02
3.512506103515625000e+02 4.620000076293945312e+02 2.322183418273925781e+02
3.515542602539062500e+02 4.626316452026367188e+02 2.315598297119140625e+02
3.510054016113281250e+02 4.630208206176757812e+02 2.320092773437500000e+02
3.504652404785156250e+02 4.634099960327148438e+02 2.324587249755859375e+02
3.514174652099609375e+02 4.632983016967773438e+02 2.314096641540527344e+02
3.507863998413085938e+02 4.639999771118164062e+02 2.318355751037597656e+02
3.505933380126953125e+02 4.627433013916015625e+02 2.326137924194335938e+02
3.507506179809570312e+02 4.620000076293945312e+02 2.328014564514160156e+02
3.501980972290039062e+02 4.630459976196289062e+02 2.329682731628417969e+02
3.503411102294921875e+02 4.620000076293945312e+02 2.333014678955078125e+02
3.496486663818359375e+02 4.629999923706054688e+02 2.337057876586914062e+02
3.498150634765625000e+02 4.639751052856445312e+02 2.330471420288085938e+02
3.495398712158203125e+02 4.636251449584960938e+02 2.335552978515625000e+02
3.497121429443359375e+02 4.650000000000000000e+02 2.327798461914062500e+02
3.503639221191406250e+02 4.639999771118164062e+02 2.323355865478515625e+02
3.494344711303710938e+02 4.642918014526367188e+02 2.334119033813476562e+02
3.491672515869140625e+02 4.639751052856445312e+02 2.339331817626953125e+02
3.493380355834960938e+02 4.650000000000000000e+02 2.332798385620117188e+02
3.487939453125000000e+02 4.649935913085937500e+02 2.340607452392578125e+02
3.485391998291015625e+02 4.646559906005859375e+02 2.345609474182128906e+02
3.487199783325195312e+02 4.659999847412109375e+02 2.338233947753906250e+02
3.484553909301757812e+02 4.653226470947265625e+02 2.344345855712890625e+02
3.483814239501953125e+02 4.659999847412109375e+02 2.343233871459960938e+02
3.482212448120117188e+02 4.649935913085937500e+02 2.349365615844726562e+02
3.476850128173828125e+02 4.650000000000000000e+02 2.358300018310546875e+02
3.479615783691406250e+02 4.659999847412109375e+02 2.350000000000000000e+02
3.483138656616210938e+02 4.639999771118164062e+02 2.352062034606933594e+02
3.484233856201171875e+02 4.632736587524414062e+02 2.353806304931640625e+02
3.477918243408203125e+02 4.640464019775390625e+02 2.360731887817382812e+02
3.486331939697265625e+02 4.639999771118164062e+02 2.347061920166015625e+02
3.487564086914062500e+02 4.629641723632812500e+02 2.350283813476562500e+02
3.491691207885742188e+02 4.619744873046875000e+02 2.349428176879882812e+02
3.492932891845703125e+02 4.629999923706054688e+02 2.342057991027832031e+02
3.485362625122070312e+02 4.626069641113281250e+02 2.355609703063964844e+02
3.481999206542968750e+02 4.629641723632812500e+02 2.359365844726562500e+02
3.486468887329101562e+02 4.620000076293945312e+02 2.357513999938964844e+02
3.483559036254882812e+02 4.620000076293945312e+02 2.362513923645019531e+02
3.488575363159179688e+02 4.610557174682617188e+02 2.360645294189453125e+02
3.484659194946289062e+02 4.614262390136718750e+02 2.364408874511718750e+02
3.493384552001953125e+02 4.600801086425781250e+02 2.360605239868164062e+02
3.493564987182617188e+02 4.609999847412109375e+02 2.352835273742675781e+02
3.486205673217773438e+02 4.607595443725585938e+02 2.367393493652343750e+02
3.483316802978515625e+02 4.610557174682617188e+02 2.370436096191406250e+02
3.488263320922851562e+02 4.600462341308593750e+02 2.370436096191406250e+02
3.486288833618164062e+02 4.597437286376953125e+02 2.378024864196777344e+02
3.484530639648437500e+02 4.604103851318359375e+02 2.374060249328613281e+02
3.493174743652343750e+02 4.592110061645507812e+02 2.369999885559082031e+02
3.494610595703125000e+02 4.594381713867187500e+02 2.364342117309570312e+02
3.489947128295898438e+02 4.589942169189453125e+02 2.379917526245117188e+02
3.496351242065429688e+02 4.587110137939453125e+02 2.369999885559082031e+02
3.500009155273437500e+02 4.590037918090820312e+02 2.360037803649902344e+02
3.495064163208007812e+02 4.585098266601562500e+02 2.375143432617187500e+02
3.501596832275390625e+02 4.579727172851562500e+02 2.370072174072265625e+02
3.504193115234375000e+02 4.574024581909179688e+02 2.373453521728515625e+02
3.503404235839843750e+02 4.582878875732421875e+02 2.362400054931640625e+02
3.497161102294921875e+02 4.579822921752929688e+02 2.379086112976074219e+02
3.505952072143554688e+02 4.576211929321289062e+02 2.366786956787109375e+02
3.507704162597656250e+02 4.579727172851562500e+02 2.359440040588378906e+02
3.509818267822265625e+02 4.569785690307617188e+02 2.369668006896972656e+02
3.513027954101562500e+02 4.572692108154296875e+02 2.359999847412109375e+02
3.506858825683593750e+02 4.567166519165039062e+02 2.379999923706054688e+02
3.515496826171875000e+02 4.565546798706054688e+02 2.365882301330566406e+02
3.513684463500976562e+02 4.563602447509765625e+02 2.372549057006835938e+02
3.511858749389648438e+02 4.561671066284179688e+02 2.379999923706054688e+02
3.519557952880859375e+02 4.559559249877929688e+02 2.369236946105957031e+02
3.522425460815429688e+02 4.562442398071289062e+02 2.359999847412109375e+02
3.516686630249023438e+02 4.556671142578125000e+02 2.379999923706054688e+02
3.525549697875976562e+02 4.555516052246093750e+02 2.365925025939941406e+02
3.523618698120117188e+02 4.553719711303710938e+02 2.372591590881347656e+02
3.521686553955078125e+02 4.551961517333984375e+02 2.379999923706054688e+02
3.529781723022460938e+02 4.549784469604492188e+02 2.369623565673828125e+02
3.534013366699218750e+02 4.544158554077148438e+02 2.373322296142578125e+02
3.532563400268554688e+02 4.552817916870117188e+02 2.359999847412109375e+02
3.527257156372070312e+02 4.546961593627929688e+02 2.379999923706054688e+02
3.536044311523437500e+02 4.545849609375000000e+02 2.366655540466308594e+02
3.539626693725585938e+02 4.547330856323242188e+02 2.359126853942871094e+02
3.540493011474609375e+02 4.540348434448242188e+02 2.370781517028808594e+02
3.542710876464843750e+02 4.543205642700195312e+02 2.361878204345703125e+02
3.547120666503906250e+02 4.536538696289062500e+02 2.368240737915039062e+02
3.549475479125976562e+02 4.539578628540039062e+02 2.359301567077636719e+02
3.553787612915039062e+02 4.534135818481445312e+02 2.363391494750976562e+02
3.552359771728515625e+02 4.543010330200195312e+02 2.350000000000000000e+02
3.545163345336914062e+02 4.545127487182617188e+02 2.355211448669433594e+02
3.556365585327148438e+02 4.535951614379882812e+02 2.356724929809570312e+02
3.559819412231445312e+02 4.537828445434570312e+02 2.349670028686523438e+02
3.559819412231445312e+02 4.531851959228515625e+02 2.360034942626953125e+02
3.563032150268554688e+02 4.533663558959960938e+02 2.352783393859863281e+02
3.559894943237304688e+02 4.527236175537109375e+02 2.369383621215820312e+02
3.567833328247070312e+02 4.526712799072265625e+02 2.359999847412109375e+02
3.565472412109375000e+02 4.525286865234375000e+02 2.365639495849609375e+02
3.572833251953125000e+02 4.523714447021484375e+02 2.359999847412109375e+02
3.560749435424804688e+02 4.543073272705078125e+02 2.340774536132812500e+02
3.566090774536132812e+02 4.535700225830078125e+02 2.346116638183593750e+02
3.569654464721679688e+02 4.537738418579101562e+02 2.339736366271972656e+02
3.564582443237304688e+02 4.544692993164062500e+02 2.334613800048828125e+02
3.557915878295898438e+02 4.547220611572265625e+02 2.337957572937011719e+02
3.554649734497070312e+02 4.544728469848632812e+02 2.344624137878417969e+02
3.550823593139648438e+02 4.550629806518554688e+02 2.340863418579101562e+02
3.553664016723632812e+02 4.553887176513671875e+02 2.333684349060058594e+02
3.547359848022460938e+02 4.546875000000000000e+02 2.350000000000000000e+02
3.546997070312500000e+02 4.556740951538085938e+02 2.337102699279785156e+02
3.543899917602539062e+02 4.554039382934570312e+02 2.343769264221191406e+02
3.540262603759765625e+02 4.560222244262695312e+02 2.340276527404785156e+02
3.540340042114257812e+02 4.552244567871093750e+02 2.350640106201171875e+02
3.534534835815429688e+02 4.554574203491210938e+02 2.354400253295898438e+02
3.537233352661132812e+02 4.557036590576171875e+02 2.347733497619628906e+02
3.530765914916992188e+02 4.560721969604492188e+02 2.350974655151367188e+02
3.524403762817382812e+02 4.564406967163085938e+02 2.354215621948242188e+02
3.533663558959960938e+02 4.563703536987304688e+02 2.343450355529785156e+02
3.527563476562500000e+02 4.557442092895507812e+02 2.359999847412109375e+02
3.526996994018554688e+02 4.567107391357421875e+02 2.347549057006835938e+02
3.520816802978515625e+02 4.570908355712890625e+02 2.351102638244628906e+02
3.530212783813476562e+02 4.570208740234375000e+02 2.340232086181640625e+02
3.536625289916992188e+02 4.566643524169921875e+02 2.336783790588378906e+02
3.523896408081054688e+02 4.573773956298828125e+02 2.343680381774902344e+02
3.520582580566406250e+02 4.580710220336914062e+02 2.340700721740722656e+02
3.514508056640625000e+02 4.584378433227539062e+02 2.344387817382812500e+02
3.517229843139648438e+02 4.577711868286132812e+02 2.347989654541015625e+02
3.512837600708007812e+02 4.580627059936523438e+02 2.350793838500976562e+02
3.507349014282226562e+02 4.589416122436523438e+02 2.349505424499511719e+02
3.514751815795898438e+02 4.574708938598632812e+02 2.354656219482421875e+02
3.503281021118164062e+02 4.592360305786132812e+02 2.352508926391601562e+02
3.513018417358398438e+02 4.590928268432617188e+02 2.340632629394531250e+02
3.505469512939453125e+02 4.585693740844726562e+02 2.355733299255371094e+02
3.505604171752929688e+02 4.596039581298828125e+02 2.345842361450195312e+02
3.508078384399414062e+02 4.599623489379882812e+02 2.339983177185058594e+02
3.500165557861328125e+02 4.600354003906250000e+02 2.350287818908691406e+02
3.494824218750000000e+02 4.604668426513671875e+02 2.354733085632324219e+02
3.503716659545898438e+02 4.602706146240234375e+02 2.343305206298828125e+02
3.496614456176757812e+02 4.598001861572265625e+02 2.357675361633300781e+02
3.496902465820312500e+02 4.609999847412109375e+02 2.347835159301757812e+02
3.502300643920898438e+02 4.610548019409179688e+02 2.339983177185058594e+02
3.495486450195312500e+02 4.616241836547851562e+02 2.345713806152343750e+02
3.498020935058593750e+02 4.619744873046875000e+02 2.340314483642578125e+02
3.494193267822265625e+02 4.622908401489257812e+02 2.343857383728027344e+02
3.504631423950195312e+02 4.614246368408203125e+02 2.334548187255859375e+02
3.506274795532226562e+02 4.607579803466796875e+02 2.336638641357421875e+02
3.510174942016601562e+02 4.610382843017578125e+02 2.330224990844726562e+02
3.514074707031250000e+02 4.613185501098632812e+02 2.323979759216308594e+02
3.539946746826171875e+02 4.569918441772460938e+02 2.329938316345214844e+02
3.543292236328125000e+02 4.563407516479492188e+02 2.333225059509277344e+02
3.546583938598632812e+02 4.566526794433593750e+02 2.326558494567871094e+02
3.550123977661132812e+02 4.560097503662109375e+02 2.330121421813964844e+02
3.517425537109375000e+02 4.567691802978515625e+02 2.359999847412109375e+02
3.519736099243164062e+02 4.549743652343750000e+02 2.389415931701660156e+02
3.515296554565429688e+02 4.555292129516601562e+02 2.385692787170410156e+02
3.502653121948242188e+02 4.572166442871093750e+02 2.379999923706054688e+02
3.505460739135742188e+02 4.565530776977539062e+02 2.386117362976074219e+02
3.496010971069335938e+02 4.576371383666992188e+02 2.387592697143554688e+02
3.493605422973632812e+02 4.583037948608398438e+02 2.381809997558593750e+02
3.492400360107421875e+02 4.579822921752929688e+02 2.390555572509765625e+02
3.494710159301757812e+02 4.574632263183593750e+02 2.394259262084960938e+02
3.486967849731445312e+02 4.588164138793945312e+02 2.389999961853027344e+02
3.485684967041015625e+02 4.586098861694335938e+02 2.397061920166015625e+02
3.483878326416015625e+02 4.593164062500000000e+02 2.389999961853027344e+02
3.484868240356445312e+02 4.594786453247070312e+02 2.384691619873046875e+02
3.480153274536132812e+02 4.600000000000000000e+02 2.389999961853027344e+02
3.482465362548828125e+02 4.589659118652343750e+02 2.400237083435058594e+02
3.484576416015625000e+02 4.584386444091796875e+02 2.403728675842285156e+02
3.476863479614257812e+02 4.600008773803710938e+02 2.399427413940429688e+02
3.475239181518554688e+02 4.605496597290039062e+02 2.395712280273437500e+02
3.475896072387695312e+02 4.596681213378906250e+02 2.408179855346679688e+02
3.474128341674804688e+02 4.603347778320312500e+02 2.402379035949707031e+02
3.472224044799804688e+02 4.609297943115234375e+02 2.399427413940429688e+02
3.473911285400390625e+02 4.612694931030273438e+02 2.389999961853027344e+02
3.467149734497070312e+02 4.620349884033203125e+02 2.400206184387207031e+02
3.465671157836914062e+02 4.627010345458984375e+02 2.397010421752929688e+02
3.465917968750000000e+02 4.617249679565429688e+02 2.408237648010253906e+02
3.464558410644531250e+02 4.623916244506835938e+02 2.403677177429199219e+02
3.470867156982421875e+02 4.620000076293945312e+02 2.389999961853027344e+02
3.473868560791015625e+02 4.620000076293945312e+02 2.382446670532226562e+02
3.467064285278320312e+02 4.630206298828125000e+02 2.390307998657226562e+02
3.472041320800781250e+02 4.629146957397460938e+02 2.379110336303710938e+02
3.465832901000976562e+02 4.637932968139648438e+02 2.387179946899414062e+02
3.464558410644531250e+02 4.633677291870117188e+02 2.393846702575683594e+02
3.463817977905273438e+02 4.640760040283203125e+02 2.390307998657226562e+02
3.463534927368164062e+02 4.630206298828125000e+02 2.400206184387207031e+02
3.460527801513671875e+02 4.639999771118164062e+02 2.400000000000000000e+02
3.460584640502929688e+02 4.629999923706054688e+02 2.409999847412109375e+02
3.463888931274414062e+02 4.620349884033203125e+02 2.410942649841308594e+02
3.457994842529296875e+02 4.629999923706054688e+02 2.419999885559082031e+02
3.457032775878906250e+02 4.640636825561523438e+02 2.410619163513183594e+02
3.454814147949218750e+02 4.644394683837890625e+02 2.414365386962890625e+02
3.455636978149414062e+02 4.637093353271484375e+02 2.419999885559082031e+02
3.455784606933593750e+02 4.648156356811523438e+02 2.407698631286621094e+02
3.454244613647460938e+02 4.650893783569335938e+02 2.410619163513183594e+02
3.457312011718750000e+02 4.650893783569335938e+02 2.400926017761230469e+02
3.454955291748046875e+02 4.654822921752929688e+02 2.404876899719238281e+02
3.461548995971679688e+02 4.650000000000000000e+02 2.389999961853027344e+02
3.456257629394531250e+02 4.659999847412109375e+02 2.398452568054199219e+02
3.459482955932617188e+02 4.659999847412109375e+02 2.389999961853027344e+02
3.454418182373046875e+02 4.659999847412109375e+02 2.403452491760253906e+02
3.455442047119140625e+02 4.670000076293945312e+02 2.396163749694824219e+02
3.453540039062500000e+02 4.670000076293945312e+02 2.401163673400878906e+02
3.457884979248046875e+02 4.670000076293945312e+02 2.389999961853027344e+02
3.455061340332031250e+02 4.675715637207031250e+02 2.395158386230468750e+02
3.456558990478515625e+02 4.679429244995117188e+02 2.390671348571777344e+02
3.453210830688476562e+02 4.679429244995117188e+02 2.399094963073730469e+02
3.454774093627929688e+02 4.682382202148437500e+02 2.394452285766601562e+02
3.452210235595703125e+02 4.689999771118164062e+02 2.400000000000000000e+02
3.449365997314453125e+02 4.679999923706054688e+02 2.409999847412109375e+02
3.450597000122070312e+02 4.670000076293945312e+02 2.409999847412109375e+02
3.448694610595703125e+02 4.689999771118164062e+02 2.409999847412109375e+02
3.446083450317382812e+02 4.689999771118164062e+02 2.418793106079101562e+02
3.448667907714843750e+02 4.700000000000000000e+02 2.409999847412109375e+02
3.452358245849609375e+02 4.659999847412109375e+02 2.409999847412109375e+02
3.449583053588867188e+02 4.659999847412109375e+02 2.419999885559082031e+02
3.451915359497070312e+02 4.650000000000000000e+02 2.419999885559082031e+02
3.449640655517578125e+02 4.650000000000000000e+02 2.429999923706054688e+02
3.454101943969726562e+02 4.642093276977539062e+02 2.419999885559082031e+02
3.452992630004882812e+02 4.639038085937500000e+02 2.429058456420898438e+02
3.454346466064453125e+02 4.633234405517578125e+02 2.431764221191406250e+02
3.455019760131835938e+02 4.635063552856445312e+02 2.425097465515136719e+02
3.456077194213867188e+02 4.629940795898437500e+02 2.429058456420898438e+02
3.459659576416015625e+02 4.620000076293945312e+02 2.429999923706054688e+02
3.461731338500976562e+02 4.620000076293945312e+02 2.419999885559082031e+02
3.454598999023437500e+02 4.689999771118164062e+02 2.394016838073730469e+02
3.454598999023437500e+02 4.700000000000000000e+02 2.394016838073730469e+02
3.456622314453125000e+02 4.689999771118164062e+02 2.389016914367675781e+02
3.460402679443359375e+02 4.689999771118164062e+02 2.379999923706054688e+02
3.460997390747070312e+02 4.679999923706054688e+02 2.379999923706054688e+02
3.463780212402343750e+02 4.689999771118164062e+02 2.372495651245117188e+02
3.460402679443359375e+02 4.700000000000000000e+02 2.379999923706054688e+02
3.463780212402343750e+02 4.700000000000000000e+02 2.372454452514648438e+02
3.464073944091796875e+02 4.709999847412109375e+02 2.373048782348632812e+02
3.466176223754882812e+02 4.700000000000000000e+02 2.367454528808593750e+02
3.466222000122070312e+02 4.689999771118164062e+02 2.367495727539062500e+02
3.469948959350585938e+02 4.700000000000000000e+02 2.359999847412109375e+02
3.466434860229492188e+02 4.709999847412109375e+02 2.368048667907714844e+02
3.470428466796875000e+02 4.709999847412109375e+02 2.359999847412109375e+02
3.466946029663085938e+02 4.720000076293945312e+02 2.369189643859863281e+02
3.473772811889648438e+02 4.700000000000000000e+02 2.352806282043457031e+02
3.470084762573242188e+02 4.689999771118164062e+02 2.359999847412109375e+02
3.470865631103515625e+02 4.679999923706054688e+02 2.359999847412109375e+02
3.473862838745117188e+02 4.689999771118164062e+02 2.352988624572753906e+02
3.474274826049804688e+02 4.679999923706054688e+02 2.353737640380859375e+02
3.477174758911132812e+02 4.679999923706054688e+02 2.348737716674804688e+02
3.474682998657226562e+02 4.673027038574218750e+02 2.354458999633789062e+02
3.472570419311523438e+02 4.669816207885742188e+02 2.359235572814941406e+02
3.477435302734375000e+02 4.669816207885742188e+02 2.350675392150878906e+02
3.482879257202148438e+02 4.670000076293945312e+02 2.341818046569824219e+02
3.475219345092773438e+02 4.666360092163085938e+02 2.355392646789550781e+02
3.475801467895507812e+02 4.659999847412109375e+02 2.356429672241210938e+02
3.473031616210937500e+02 4.659999847412109375e+02 2.361429786682128906e+02
3.474056243896484375e+02 4.650000000000000000e+02 2.363300132751464844e+02
3.468504333496093750e+02 4.659999847412109375e+02 2.369999885559082031e+02
3.470546340942382812e+02 4.650000000000000000e+02 2.369999885559082031e+02
3.465472793579101562e+02 4.659999847412109375e+02 2.376042938232421875e+02
3.466771316528320312e+02 4.669076156616210938e+02 2.370454025268554688e+02
3.465018081665039062e+02 4.665127182006835938e+02 2.375039672851562500e+02
3.466590881347656250e+02 4.679999923706054688e+02 2.368183517456054688e+02
3.464542770385742188e+02 4.671793746948242188e+02 2.374090003967285156e+02
3.464094543457031250e+02 4.679999923706054688e+02 2.373183441162109375e+02
3.462680053710937500e+02 4.669076156616210938e+02 2.379023742675781250e+02
3.463225173950195312e+02 4.659999847412109375e+02 2.381042861938476562e+02
3.464247131347656250e+02 4.650000000000000000e+02 2.383321571350097656e+02
3.466490173339843750e+02 4.650000000000000000e+02 2.378321647644042969e+02
3.464885330200195312e+02 4.644599914550781250e+02 2.384744644165039062e+02
3.467704010009765625e+02 4.640760040283203125e+02 2.380846786499023438e+02
3.473054885864257812e+02 4.640464019775390625e+02 2.369785690307617188e+02
3.473966217041015625e+02 4.631911468505859375e+02 2.372976112365722656e+02
3.474750518798828125e+02 4.644106674194335938e+02 2.364553070068359375e+02
3.475678634643554688e+02 4.637440109252929688e+02 2.366309356689453125e+02
3.476508712768554688e+02 4.629146957397460938e+02 2.369785690307617188e+02
3.475082778930664062e+02 4.625244903564453125e+02 2.375184059143066406e+02
3.479624557495117188e+02 4.620000076293945312e+02 2.369999885559082031e+02
3.476065826416015625e+02 4.620000076293945312e+02 2.377446746826171875e+02
3.478397369384765625e+02 4.610857772827148438e+02 2.380846977233886719e+02
3.476274871826171875e+02 4.607695007324218750e+02 2.389999961853027344e+02
3.474888229370117188e+02 4.614763259887695312e+02 2.384744834899902344e+02
3.483515548706054688e+02 4.600462341308593750e+02 2.380814933776855469e+02
3.464972686767578125e+02 4.614941406250000000e+02 2.414904403686523438e+02
3.502121353149414062e+02 4.650000000000000000e+02 2.321494102478027344e+02
3.506259536743164062e+02 4.650000000000000000e+02 2.316494178771972656e+02
3.511259460449218750e+02 4.650000000000000000e+02 2.310814857482910156e+02
3.505368423461914062e+02 4.656538009643554688e+02 2.315438461303710938e+02
3.512863922119140625e+02 4.639999771118164062e+02 2.312635040283203125e+02
3.534543609619140625e+02 4.594388198852539062e+02 2.314559555053710938e+02
3.537893676757812500e+02 4.600000000000000000e+02 2.307692909240722656e+02
3.544776535034179688e+02 4.594707870483398438e+02 2.304796028137207031e+02
3.540045166015625000e+02 4.630107498168945312e+02 2.290027427673339844e+02
3.515002441406250000e+02 4.655010604858398438e+02 2.305002784729003906e+02
3.544464874267578125e+02 4.670000076293945312e+02 2.274559211730957031e+02
3.584814453125000000e+02 4.514903259277343750e+02 2.364805603027343750e+02
3.590973281860351562e+02 4.513945007324218750e+02 2.360883331298828125e+02
3.505087661743164062e+02 4.555089569091796875e+02 2.415376663208007812e+02
3.499827194213867188e+02 4.559817504882812500e+02 2.419298553466796875e+02
3.542649459838867188e+02 4.523379135131835938e+02 2.419999885559082031e+02
3.573173904418945312e+02 4.504136276245117188e+02 2.459999847412109375e+02
3.574055480957031250e+02 4.504562759399414062e+02 2.468079566955566406e+02
3.579050827026367188e+02 4.502828979492187500e+02 2.470847702026367188e+02
3.689644622802734375e+02 4.559251022338867188e+02 2.281799697875976562e+02
3.650000000000000000e+02 4.559999847412109375e+02 2.280425071716308594e+02
3.514084625244140625e+02 4.806125640869140625e+02 2.353474044799804688e+02
3.473315429687500000e+02 4.759638595581054688e+02 2.380378723144531250e+02
3.525654602050781250e+02 4.814281463623046875e+02 2.346003723144531250e+02
3.620136642456054688e+02 4.760007095336914062e+02 2.243477249145507812e+02
3.629999923706054688e+02 4.759999847412109375e+02 2.240841102600097656e+02
3.623560714721679688e+02 4.765999984741210938e+02 2.244571876525878906e+02
3.629999923706054688e+02 4.767989349365234375e+02 2.243737792968750000e+02
3.639463424682617188e+02 4.770791244506835938e+02 2.242822265625000000e+02
3.650000000000000000e+02 4.770000076293945312e+02 2.240723800659179688e+02
3.650787353515625000e+02 4.759091186523437500e+02 2.236705970764160156e+02
3.720000076293945312e+02 4.593063735961914062e+02 2.263748168945312500e+02
3.729999923706054688e+02 4.566581344604492188e+02 2.286335372924804688e+02
3.743171310424804688e+02 4.647026443481445312e+02 2.245618629455566406e+02
3.736504364013671875e+02 4.643495559692382812e+02 2.244492340087890625e+02
3.739902496337890625e+02 4.650215911865234375e+02 2.243560409545898438e+02
3.729999923706054688e+02 4.650000000000000000e+02 2.240604400634765625e+02
3.739999771118164062e+02 4.659999847412109375e+02 2.240962028503417969e+02
3.745975112915039062e+02 4.653693008422851562e+02 2.244600677490234375e+02
3.659999847412109375e+02 4.797729873657226562e+02 2.253371620178222656e+02
3.650000000000000000e+02 4.796538543701171875e+02 2.254066848754882812e+02
3.650000000000000000e+02 4.801538467407226562e+02 2.257150650024414062e+02
3.643346786499023438e+02 4.795542907714843750e+02 2.254665946960449219e+02
3.640007781982421875e+02 4.799325942993164062e+02 2.257727050781250000e+02
3.636679840087890625e+02 4.794407272338867188e+02 2.255341339111328125e+02
3.629190444946289062e+02 4.800918197631835938e+02 2.261420249938964844e+02
3.639999771118164062e+02 4.807497024536132812e+02 2.263152885437011719e+02
3.631983947753906250e+02 4.806163024902343750e+02 2.264129447937011719e+02
3.639999771118164062e+02 4.812496948242187500e+02 2.266926765441894531e+02
3.650000000000000000e+02 4.808890533447265625e+02 2.262150764465332031e+02
3.629190444946289062e+02 4.809697723388671875e+02 2.267662811279296875e+02
3.619898223876953125e+02 4.810601806640625000e+02 2.271386337280273438e+02
3.629999923706054688e+02 4.817025756835937500e+02 2.273258972167968750e+02
3.625317382812500000e+02 4.804863739013671875e+02 2.265092468261718750e+02
3.609999847412109375e+02 4.812700271606445312e+02 2.276900863647460938e+02
3.639999771118164062e+02 4.823573684692382812e+02 2.276297569274902344e+02
3.620000076293945312e+02 4.856357955932617188e+02 2.322902488708496094e+02
3.689999771118164062e+02 4.868312454223632812e+02 2.329999923706054688e+02
3.700090026855468750e+02 4.867153930664062500e+02 2.329172706604003906e+02
3.696816635131835938e+02 4.865181732177734375e+02 2.324697113037109375e+02
3.709999847412109375e+02 4.867023086547851562e+02 2.331101989746093750e+02
3.703483200073242188e+02 4.864848327636718750e+02 2.325287818908691406e+02
3.709999847412109375e+02 4.864410018920898438e+02 2.326102066040039062e+02
3.720000076293945312e+02 4.863545227050781250e+02 2.327682495117187500e+02
3.709999847412109375e+02 4.860822677612304688e+02 2.319999885559082031e+02
3.709999847412109375e+02 4.856412506103515625e+02 2.312904930114746094e+02
3.720989227294921875e+02 4.858255767822265625e+02 2.319003486633300781e+02
3.718315505981445312e+02 4.855699157714843750e+02 2.313963699340820312e+02
3.720000076293945312e+02 4.866232681274414062e+02 2.332682609558105469e+02
3.720000076293945312e+02 4.869766998291015625e+02 2.339999961853027344e+02
3.726927947998046875e+02 4.865507125854492188e+02 2.334062004089355469e+02
3.730156707763671875e+02 4.867245483398437500e+02 2.339465332031250000e+02
3.733594512939453125e+02 4.864627456665039062e+02 2.335775566101074219e+02
3.739999771118164062e+02 4.866005706787109375e+02 2.342867279052734375e+02
3.745384597778320312e+02 4.865140914916992188e+02 2.344714164733886719e+02
3.709999847412109375e+02 4.871360015869140625e+02 2.339999961853027344e+02
3.709999847412109375e+02 4.808975601196289062e+02 2.262083244323730469e+02
3.816064453125000000e+02 4.700000000000000000e+02 2.283742523193359375e+02
3.815619277954101562e+02 4.689999771118164062e+02 2.284270477294921875e+02
3.818154525756835938e+02 4.680209732055664062e+02 2.289258193969726562e+02
3.817811203002929688e+02 4.670000076293945312e+02 2.291415405273437500e+02
3.822811126708984375e+02 4.670000076293945312e+02 2.298080253601074219e+02
3.816513442993164062e+02 4.659999847412109375e+02 2.293105125427246094e+02
3.815528869628906250e+02 4.653477478027343750e+02 2.294350051879882812e+02
3.821983718872070312e+02 4.659834289550781250e+02 2.300548744201660156e+02
3.818234252929687500e+02 4.650086593627929688e+02 2.299482917785644531e+02
3.824621582031250000e+02 4.656390762329101562e+02 2.305576133728027344e+02
3.825522994995117188e+02 4.663057327270507812e+02 2.304248046875000000e+02
3.827912139892578125e+02 4.659834289550781250e+02 2.309345626831054688e+02
3.826319122314453125e+02 4.670000076293945312e+02 2.303080368041992188e+02
3.830677795410156250e+02 4.670000076293945312e+02 2.309999847412109375e+02
3.823646163940429688e+02 4.650000000000000000e+02 2.307044792175292969e+02
3.822175598144531250e+02 4.639781951904296875e+02 2.310290145874023438e+02
3.817900085449218750e+02 4.630252075195312500e+02 2.309763908386230469e+02
3.816843032836914062e+02 4.639999771118164062e+02 2.302569770812988281e+02
3.815550613403320312e+02 4.633753204345703125e+02 2.304287910461425781e+02
3.812947082519531250e+02 4.639999771118164062e+02 2.297569656372070312e+02
3.810147476196289062e+02 4.629765319824218750e+02 2.299864387512207031e+02
3.807947158813476562e+02 4.639999771118164062e+02 2.291677284240722656e+02
3.814366531372070312e+02 4.646810913085937500e+02 2.295804977416992188e+02
3.806229400634765625e+02 4.632444000244140625e+02 2.293630790710449219e+02
3.814065170288085938e+02 4.627086639404296875e+02 2.306273460388183594e+02
3.804609680175781250e+02 4.625777435302734375e+02 2.295440673828125000e+02
3.807254028320312500e+02 4.620000076293945312e+02 2.302288627624511719e+02
3.812660598754882812e+02 4.619275283813476562e+02 2.309763908386230469e+02
3.814762496948242188e+02 4.615458679199218750e+02 2.315355873107910156e+02
3.816447448730468750e+02 4.622125625610351562e+02 2.312940025329589844e+02
3.807957839965820312e+02 4.610397720336914062e+02 2.310056877136230469e+02
3.806227111816406250e+02 4.603068923950195312e+02 2.313428306579589844e+02
3.813241958618164062e+02 4.609999847412109375e+02 2.317605400085449219e+02
3.809680557250976562e+02 4.600582122802734375e+02 2.320516395568847656e+02
3.816536331176757812e+02 4.609999847412109375e+02 2.322605514526367188e+02
3.820010757446289062e+02 4.620064926147460938e+02 2.320048904418945312e+02
3.821475982666015625e+02 4.610488128662109375e+02 2.330534934997558594e+02
3.815141677856445312e+02 4.604762268066406250e+02 2.324784660339355469e+02
3.816416549682617188e+02 4.600857162475585938e+02 2.330857276916503906e+02
3.813134002685546875e+02 4.598095321655273438e+02 2.328095436096191406e+02
3.821453094482421875e+02 4.600543975830078125e+02 2.340488052368164062e+02
3.815141677856445312e+02 4.594784545898437500e+02 2.334762191772460938e+02
3.816507720947265625e+02 4.592666244506835938e+02 2.339999961853027344e+02
3.809693145751953125e+02 4.590497589111328125e+02 2.330549812316894531e+02
3.806467437744140625e+02 4.592877197265625000e+02 2.322914886474609375e+02
3.806251907348632812e+02 4.583339691162109375e+02 2.333004379272460938e+02
3.804114151000976562e+02 4.586210632324218750e+02 2.326337623596191406e+02
3.813220977783203125e+02 4.587666320800781250e+02 2.339999961853027344e+02
3.814709091186523438e+02 4.585437011718750000e+02 2.345596313476562500e+02
3.807954025268554688e+02 4.580003738403320312e+02 2.340341758728027344e+02
3.803664398193359375e+02 4.576673126220703125e+02 2.337236213684082031e+02
3.812581634521484375e+02 4.579870605468750000e+02 2.349357795715332031e+02
3.805628585815429688e+02 4.574208068847656250e+02 2.343902778625488281e+02
3.799939727783203125e+02 4.570111465454101562e+02 2.340151786804199219e+02
3.807194900512695312e+02 4.572198104858398438e+02 2.350000000000000000e+02
3.803172683715820312e+02 4.567198181152343750e+02 2.350000000000000000e+02
3.810069274902343750e+02 4.569940948486328125e+02 2.359896659851074219e+02
3.812691497802734375e+02 4.568034362792968750e+02 2.369999885559082031e+02
3.813964462280273438e+02 4.576451110839843750e+02 2.357433891296386719e+02
3.815380477905273438e+02 4.574492263793945312e+02 2.364100646972656250e+02
3.804681777954101562e+02 4.565389251708984375e+02 2.355692672729492188e+02
3.806173706054687500e+02 4.563606262207031250e+02 2.362359428405761719e+02
3.801815795898437500e+02 4.560163497924804688e+02 2.359415626525878906e+02
3.797565841674804688e+02 4.560202407836914062e+02 2.350951957702636719e+02
3.803455352783203125e+02 4.556764984130859375e+02 2.369999885559082031e+02
3.793050003051757812e+02 4.557003784179687500e+02 2.348253440856933594e+02
3.796215057373046875e+02 4.563670349121093750e+02 2.343067550659179688e+02
3.795045852661132812e+02 4.554951858520507812e+02 2.354920005798339844e+02
3.790226364135742188e+02 4.559802627563476562e+02 2.339709472656250000e+02
3.783984756469726562e+02 4.555934524536132812e+02 2.336351394653320312e+02
3.786383438110351562e+02 4.553677368164062500e+02 2.343017959594726562e+02
3.787402343750000000e+02 4.562601089477539062e+02 2.331825637817382812e+02
3.794069290161132812e+02 4.566014862060546875e+02 2.336400794982910156e+02
3.791046524047851562e+02 4.568905258178710938e+02 2.328621864318847656e+02
3.787366485595703125e+02 4.572495269775390625e+02 2.319999885559082031e+02
3.784868240356445312e+02 4.565129470825195312e+02 2.325159072875976562e+02
3.794690704345703125e+02 4.575348281860351562e+02 2.325418090820312500e+02
3.796997833251953125e+02 4.572681427001953125e+02 2.332084846496582031e+02
3.800556182861328125e+02 4.579344177246093750e+02 2.329211235046386719e+02
3.797447586059570312e+02 4.582015228271484375e+02 2.321861267089843750e+02
3.792794036865234375e+02 4.579209136962890625e+02 2.319116783142089844e+02
3.800756072998046875e+02 4.589038467407226562e+02 2.319054603576660156e+02
3.797397613525390625e+02 4.591866302490234375e+02 2.312167930603027344e+02
3.794834899902343750e+02 4.585199737548828125e+02 2.315194511413574219e+02
3.804064178466796875e+02 4.596402359008789062e+02 2.316248130798339844e+02
3.782405090332031250e+02 4.567495346069335938e+02 2.319999885559082031e+02
3.781093215942382812e+02 4.559030532836914062e+02 2.328712844848632812e+02
3.777318191528320312e+02 4.552993774414062500e+02 2.332266616821289062e+02
3.777404785156250000e+02 4.562841796875000000e+02 2.319999885559082031e+02
3.774417114257812500e+02 4.555460357666015625e+02 2.325600051879882812e+02
3.770502853393554688e+02 4.549638748168945312e+02 2.329497528076171875e+02
3.763083648681640625e+02 4.546283721923828125e+02 2.326728439331054688e+02
3.767750549316406250e+02 4.552950286865234375e+02 2.322517013549804688e+02
3.785131454467773438e+02 4.574864196777343750e+02 2.314860725402832031e+02
3.816453170776367188e+02 4.573034286499023438e+02 2.369999885559082031e+02
3.817612838745117188e+02 4.579870605468750000e+02 2.360460281372070312e+02
3.816311264038085938e+02 4.583117675781250000e+02 2.352263069152832031e+02
3.819923400878906250e+02 4.590176391601562500e+02 2.350241470336914062e+02
3.823535537719726562e+02 4.597573471069335938e+02 2.348219871520996094e+02
3.823744583129882812e+02 4.607480239868164062e+02 2.337480354309082031e+02
3.825427246093750000e+02 4.604240036010742188e+02 2.344146919250488281e+02
3.823573684692382812e+02 4.618004608154296875e+02 2.327558135986328125e+02
3.825427246093750000e+02 4.614146804809570312e+02 2.334224891662597656e+02
3.823212051391601562e+02 4.629999923706054688e+02 2.317925453186035156e+02
3.825156402587890625e+02 4.624671173095703125e+02 2.324742126464843750e+02
3.756417083740234375e+02 4.544066238403320312e+02 2.323834037780761719e+02
3.670000076293945312e+02 4.486839294433593750e+02 2.469999885559082031e+02
3.706887817382812500e+02 4.494463729858398438e+02 2.477006530761718750e+02
3.703468704223632812e+02 4.495355987548828125e+02 2.483673286437988281e+02
3.713554382324218750e+02 4.495412826538085938e+02 2.473217964172363281e+02
3.800244903564453125e+02 4.549794387817382812e+02 2.480635643005371094e+02
3.798579025268554688e+02 4.551636505126953125e+02 2.489999961853027344e+02
3.670000076293945312e+02 4.523072052001953125e+02 2.547496604919433594e+02
3.679999923706054688e+02 4.527695846557617188e+02 2.551667404174804688e+02
3.670000076293945312e+02 4.526980972290039062e+02 2.552496719360351562e+02
3.679999923706054688e+02 4.532695770263671875e+02 2.557674598693847656e+02
3.670000076293945312e+02 4.531980895996093750e+02 2.558571052551269531e+02
3.659999847412109375e+02 4.531599044799804688e+02 2.559072494506835938e+02
3.659999847412109375e+02 4.535812759399414062e+02 2.564072418212890625e+02
3.650000000000000000e+02 4.531473159790039062e+02 2.559237861633300781e+02
3.659999847412109375e+02 4.526599121093750000e+02 2.552943611145019531e+02
3.650000000000000000e+02 4.526473236083984375e+02 2.553090667724609375e+02
3.659999847412109375e+02 4.522755050659179688e+02 2.547943687438964844e+02
3.650000000000000000e+02 4.522660064697265625e+02 2.548090744018554688e+02
3.639999771118164062e+02 4.526531219482421875e+02 2.553001213073730469e+02
3.629999923706054688e+02 4.526813125610351562e+02 2.552617454528808594e+02
3.620000076293945312e+02 4.527396011352539062e+02 2.551858520507812500e+02
3.609040451049804688e+02 4.527642059326171875e+02 2.549549674987792969e+02
3.599076461791992188e+02 4.531036758422851562e+02 2.550975990295410156e+02
3.611734390258789062e+02 4.524314880371093750e+02 2.545916175842285156e+02
3.605067825317382812e+02 4.525014114379882812e+02 2.544979286193847656e+02
3.609999847412109375e+02 4.533292007446289062e+02 2.557035827636718750e+02
3.601793670654296875e+02 4.534207534790039062e+02 2.555943489074707031e+02
3.599076461791992188e+02 4.538035964965820312e+02 2.559565925598144531e+02
3.595127105712890625e+02 4.535031509399414062e+02 2.554959869384765625e+02
3.590180206298828125e+02 4.541362380981445312e+02 2.560630226135253906e+02
3.589999771118164062e+02 4.535748291015625000e+02 2.554036903381347656e+02
3.579999923706054688e+02 4.542314529418945312e+02 2.558084297180175781e+02
3.579999923706054688e+02 4.537314605712890625e+02 2.551980400085449219e+02
3.572080612182617188e+02 4.543786621093750000e+02 2.556395339965820312e+02
3.579999923706054688e+02 4.546762847900390625e+02 2.563084220886230469e+02
3.569688034057617188e+02 4.539841461181640625e+02 2.550169372558593750e+02
3.573962020874023438e+02 4.534598159790039062e+02 2.545551300048828125e+02
3.567295455932617188e+02 4.535895919799804688e+02 2.543641281127929688e+02
3.559999847412109375e+02 4.542485809326171875e+02 2.548203849792480469e+02
3.565414047241210938e+02 4.545176315307617188e+02 2.554787445068359375e+02
3.553321075439453125e+02 4.544084930419921875e+02 2.546150970458984375e+02
3.559310913085937500e+02 4.537129974365234375e+02 2.540184783935546875e+02
3.562184524536132812e+02 4.533742523193359375e+02 2.536974716186523438e+02
3.549992752075195312e+02 4.541772079467773438e+02 2.540215492248535156e+02
3.555517959594726562e+02 4.535235595703125000e+02 2.534593391418457031e+02
3.549061203002929688e+02 4.536353302001953125e+02 2.530755996704101562e+02
3.545101928710937500e+02 4.535053634643554688e+02 2.524884414672851562e+02
3.539636993408203125e+02 4.541407394409179688e+02 2.530354690551757812e+02
3.551768875122070312e+02 4.533353805541992188e+02 2.527926826477050781e+02
3.539474105834960938e+02 4.536504364013671875e+02 2.520930671691894531e+02
3.533111572265625000e+02 4.543659210205078125e+02 2.527257728576660156e+02
3.536061859130859375e+02 4.545663070678710938e+02 2.533924484252929688e+02
3.542728805541992188e+02 4.543632888793945312e+02 2.537026023864746094e+02
3.546654510498046875e+02 4.545932388305664062e+02 2.543692588806152344e+02
3.570377349853515625e+02 4.532492065429687500e+02 2.540184783935546875e+02
3.569343566894531250e+02 4.526868057250976562e+02 2.530144691467285156e+02
3.580337524414062500e+02 4.528312301635742188e+02 2.539375686645507812e+02
3.583895874023437500e+02 4.524593734741210938e+02 2.535626029968261719e+02
3.577228927612304688e+02 4.525812911987304688e+02 2.533574485778808594e+02
3.579999923706054688e+02 4.533530426025390625e+02 2.546980285644531250e+02
3.589999771118164062e+02 4.526961517333984375e+02 2.542039489746093750e+02
3.589999771118164062e+02 4.523654174804687500e+02 2.537039566040039062e+02
3.589999771118164062e+02 4.531961441040039062e+02 2.549036788940429688e+02
3.600000000000000000e+02 4.525640106201171875e+02 2.544054412841796875e+02
3.526445007324218750e+02 4.546069335937500000e+02 2.522834587097167969e+02
3.524285507202148438e+02 4.544435119628906250e+02 2.516167831420898438e+02
3.519958496093750000e+02 4.549943542480468750e+02 2.520062446594238281e+02
3.513710403442382812e+02 4.553818130493164062e+02 2.517290496826171875e+02
3.517705917358398438e+02 4.547228240966796875e+02 2.509999847412109375e+02
3.515631484985351562e+02 4.555562591552734375e+02 2.523957061767578125e+02
3.522822570800781250e+02 4.553174972534179688e+02 2.529999923706054688e+02
3.509613418579101562e+02 4.559621429443359375e+02 2.520672798156738281e+02
3.506993484497070312e+02 4.556968307495117188e+02 2.509999847412109375e+02
3.503775024414062500e+02 4.563679885864257812e+02 2.517388534545898438e+02
3.505516433715820312e+02 4.565569305419921875e+02 2.524055099487304688e+02
3.464270019531250000e+02 4.603675460815429688e+02 2.469999885559082031e+02
3.486442947387695312e+02 4.576966857910156250e+02 2.500000000000000000e+02
3.485272216796875000e+02 4.585421752929687500e+02 2.514285850524902344e+02
3.484019851684570312e+02 4.583626174926757812e+02 2.507619094848632812e+02
3.507268905639648438e+02 4.589999771118164062e+02 2.552551460266113281e+02
3.448540115356445312e+02 4.650000000000000000e+02 2.479999923706054688e+02
3.451231765747070312e+02 4.639999771118164062e+02 2.479999923706054688e+02
3.450164031982421875e+02 4.639999771118164062e+02 2.469999885559082031e+02
3.442612838745117188e+02 4.670000076293945312e+02 2.459999847412109375e+02
3.442835998535156250e+02 4.670000076293945312e+02 2.450000000000000000e+02
3.441173553466796875e+02 4.679999923706054688e+02 2.459999847412109375e+02
3.441424560546875000e+02 4.679999923706054688e+02 2.450000000000000000e+02
3.441852951049804688e+02 4.679999923706054688e+02 2.469999885559082031e+02
3.440226745605468750e+02 4.689999771118164062e+02 2.459999847412109375e+02
3.440523147583007812e+02 4.689999771118164062e+02 2.450000000000000000e+02
3.440972900390625000e+02 4.689999771118164062e+02 2.469999885559082031e+02
3.440067291259765625e+02 4.700000000000000000e+02 2.459999847412109375e+02
3.440805816650390625e+02 4.700000000000000000e+02 2.469999885559082031e+02
3.440805816650390625e+02 4.709999847412109375e+02 2.459999847412109375e+02
3.440401077270507812e+02 4.700000000000000000e+02 2.450000000000000000e+02
3.441138839721679688e+02 4.709999847412109375e+02 2.450000000000000000e+02
3.442535400390625000e+02 4.720000076293945312e+02 2.450000000000000000e+02
3.443882751464843750e+02 4.720848464965820312e+02 2.439186859130859375e+02
3.442212295532226562e+02 4.720000076293945312e+02 2.459999847412109375e+02
3.444176483154296875e+02 4.728005599975585938e+02 2.450000000000000000e+02
3.444594955444335938e+02 4.726519393920898438e+02 2.441978073120117188e+02
3.444016647338867188e+02 4.728545379638671875e+02 2.459999847412109375e+02
3.444360351562500000e+02 4.727337646484375000e+02 2.469999885559082031e+02
3.445041656494140625e+02 4.724747848510742188e+02 2.435311508178710938e+02
3.441495513916015625e+02 4.709999847412109375e+02 2.469999885559082031e+02
3.442188262939453125e+02 4.700000000000000000e+02 2.479999923706054688e+02
3.442335891723632812e+02 4.689999771118164062e+02 2.479999923706054688e+02
3.444055938720703125e+02 4.689999771118164062e+02 2.488437652587890625e+02
3.464909362792968750e+02 4.755200576782226562e+02 2.515189933776855469e+02
3.463959121704101562e+02 4.750000000000000000e+02 2.517175674438476562e+02
3.462433242797851562e+02 4.740389633178710938e+02 2.520626449584960938e+02
3.464313507080078125e+02 4.737316131591796875e+02 2.526254844665527344e+02
3.465304183959960938e+02 4.743982696533203125e+02 2.524377441406250000e+02
3.459417724609375000e+02 4.729999923706054688e+02 2.519999885559082031e+02
3.595372009277343750e+02 4.565115737915039062e+02 2.584909248352050781e+02
3.602038574218750000e+02 4.564135360717773438e+02 2.585717964172363281e+02
3.609999847412109375e+02 4.558081054687500000e+02 2.582335472106933594e+02
3.620000076293945312e+02 4.556994247436523438e+02 2.583274650573730469e+02
3.620000076293945312e+02 4.551516723632812500e+02 2.578274726867675781e+02
3.629999923706054688e+02 4.550857543945312500e+02 2.578908538818359375e+02
3.559343719482421875e+02 4.589277267456054688e+02 2.588717079162597656e+02
3.565289688110351562e+02 4.595222473144531250e+02 2.594882965087890625e+02
3.571956253051757812e+02 4.592896270751953125e+02 2.596206855773925781e+02
3.559999847412109375e+02 4.597582244873046875e+02 2.593666648864746094e+02
3.549987792968750000e+02 4.599987792968750000e+02 2.590005683898925781e+02
3.545088195800781250e+02 4.595088195800781250e+02 2.584953117370605469e+02
3.551754760742187500e+02 4.592129135131835938e+02 2.586672401428222656e+02
3.539733123779296875e+02 4.589733123779296875e+02 2.578530120849609375e+02
3.528571701049804688e+02 4.639999771118164062e+02 2.592708396911621094e+02
3.534685134887695312e+02 4.634358596801757812e+02 2.595199584960937500e+02
3.507063293457031250e+02 4.679999923706054688e+02 2.583389472961425781e+02
3.709999847412109375e+02 4.546215438842773438e+02 2.563784217834472656e+02
3.826699066162109375e+02 4.572721481323242188e+02 2.439999961853027344e+02
3.832336425781250000e+02 4.580950164794921875e+02 2.440173339843750000e+02
3.834103775024414062e+02 4.596681213378906250e+02 2.378179931640625000e+02
3.835043716430664062e+02 4.594926071166992188e+02 2.384846496582031250e+02
3.835871505737304688e+02 4.603347778320312500e+02 2.372286987304687500e+02
3.843267822265625000e+02 4.629942321777343750e+02 2.359942245483398438e+02
3.844436645507812500e+02 4.636802291870117188e+02 2.356570434570312500e+02
3.842944717407226562e+02 4.620314025878906250e+02 2.370081329345703125e+02
3.724955749511718750e+02 4.595034027099609375e+02 2.594981956481933594e+02
3.564209365844726562e+02 4.662480545043945312e+02 2.615353012084960938e+02
3.570000076293945312e+02 4.670000076293945312e+02 2.618498420715332031e+02
3.570000076293945312e+02 4.679999923706054688e+02 2.619105911254882812e+02
3.579999923706054688e+02 4.679999923706054688e+02 2.622813606262207031e+02
3.705507659912109375e+02 4.624528503417968750e+02 2.615172576904296875e+02
3.689999771118164062e+02 4.679999923706054688e+02 2.629800415039062500e+02
3.620000076293945312e+02 4.720000076293945312e+02 2.630928993225097656e+02
3.609999847412109375e+02 4.709999847412109375e+02 2.630228424072265625e+02
3.609999847412109375e+02 4.720000076293945312e+02 2.628866004943847656e+02
3.600000000000000000e+02 4.709999847412109375e+02 2.627802467346191406e+02
3.599565505981445312e+02 4.720135879516601562e+02 2.626288604736328125e+02
3.602609252929687500e+02 4.727967453002929688e+02 2.625629806518554688e+02
3.518739700317382812e+02 4.750000000000000000e+02 2.582388687133789062e+02
3.523740005493164062e+02 4.750000000000000000e+02 2.585856056213378906e+02
3.516414642333984375e+02 4.739999771118164062e+02 2.584018135070800781e+02
3.545215606689453125e+02 4.724293899536132812e+02 2.604897499084472656e+02
3.609999847412109375e+02 4.759999847412109375e+02 2.618321418762207031e+02
3.619565963745117188e+02 4.749810791015625000e+02 2.623787879943847656e+02
3.620000076293945312e+02 4.759999847412109375e+02 2.620402526855468750e+02
3.629999923706054688e+02 4.753062820434570312e+02 2.624398040771484375e+02
3.629999923706054688e+02 4.759999847412109375e+02 2.622076225280761719e+02
3.637356185913085938e+02 4.754398727416992188e+02 2.624823379516601562e+02
3.629999923706054688e+02 4.770000076293945312e+02 2.618211364746093750e+02
3.639999771118164062e+02 4.770000076293945312e+02 2.619457817077636719e+02
3.670000076293945312e+02 4.729999923706054688e+02 2.630849075317382812e+02
3.689999771118164062e+02 4.720000076293945312e+02 2.628983116149902344e+02
3.785750961303710938e+02 4.650000000000000000e+02 2.575673294067382812e+02
3.845800781250000000e+02 4.709999847412109375e+02 2.506458282470703125e+02
3.862948608398437500e+02 4.700000000000000000e+02 2.459999847412109375e+02
3.862859344482421875e+02 4.689999771118164062e+02 2.459999847412109375e+02
3.865722274780273438e+02 4.669832611083984375e+02 2.410138893127441406e+02
3.865169525146484375e+02 4.664226913452148438e+02 2.413564872741699219e+02
3.865313339233398438e+02 4.673054504394531250e+02 2.403054618835449219e+02
3.864776611328125000e+02 4.666387939453125000e+02 2.406898307800292969e+02
3.864286804199218750e+02 4.669832611083984375e+02 2.399832725524902344e+02
3.863984298706054688e+02 4.660536193847656250e+02 2.410138893127441406e+02
3.861462783813476562e+02 4.650000000000000000e+02 2.409999847412109375e+02
3.862503814697265625e+02 4.659999847412109375e+02 2.400000000000000000e+02
3.858635711669921875e+02 4.639999771118164062e+02 2.409999847412109375e+02
3.856070709228515625e+02 4.632032394409179688e+02 2.409999847412109375e+02
3.864776611328125000e+02 4.676898193359375000e+02 2.396388053894042969e+02
3.863935089111328125e+02 4.680138778686523438e+02 2.390551757812500000e+02
3.865722274780273438e+02 4.680138778686523438e+02 2.399832725524902344e+02
3.865169525146484375e+02 4.683564758300781250e+02 2.394253158569335938e+02
3.865450286865234375e+02 4.689999771118164062e+02 2.393054580688476562e+02
3.813751983642578125e+02 4.739999771118164062e+02 2.286533355712890625e+02
3.807152175903320312e+02 4.750000000000000000e+02 2.282656097412109375e+02
3.802333831787109375e+02 4.750000000000000000e+02 2.277656173706054688e+02
3.795873260498046875e+02 4.756822586059570312e+02 2.274195861816406250e+02
3.752051544189453125e+02 4.863923263549804688e+02 2.347464561462402344e+02
3.774796676635742188e+02 4.824856185913085938e+02 2.305160522460937500e+02
3.794235610961914062e+02 4.763489151000976562e+02 2.275676536560058594e+02
3.810623168945312500e+02 4.800865936279296875e+02 2.319168281555175781e+02
3.852480697631835938e+02 4.720000076293945312e+02 2.350000000000000000e+02
3.800033187866210938e+02 4.840030288696289062e+02 2.359977531433105469e+02
3.795637130737304688e+02 4.845537567138671875e+02 2.363684463500976562e+02
3.801994323730468750e+02 4.842264175415039062e+02 2.369999885559082031e+02
3.793940353393554688e+02 4.844168090820312500e+02 2.357017898559570312e+02
3.805654907226562500e+02 4.845629882812500000e+02 2.400000000000000000e+02
3.815459442138671875e+02 4.835501861572265625e+02 2.400000000000000000e+02
3.805192184448242188e+02 4.845186996459960938e+02 2.445972824096679688e+02
3.835892486572265625e+02 4.796609115600585938e+02 2.468224716186523438e+02
3.860883331298828125e+02 4.739999771118164062e+02 2.450000000000000000e+02
3.834432601928710938e+02 4.752713394165039062e+02 2.513918876647949219e+02
3.808321380615234375e+02 4.779819107055664062e+02 2.540284919738769531e+02
3.805658721923828125e+02 4.776364898681640625e+02 2.545792198181152344e+02
3.766534042358398438e+02 4.709999847412109375e+02 2.596177673339843750e+02
3.759999847412109375e+02 4.709999847412109375e+02 2.600881004333496094e+02
3.764255523681640625e+02 4.739999771118164062e+02 2.594502830505371094e+02
3.556550216674804688e+02 4.773484420776367188e+02 2.594328498840332031e+02
3.543911361694335938e+02 4.795968246459960938e+02 2.575650787353515625e+02
3.529999923706054688e+02 4.812464904785156250e+02 2.552436447143554688e+02
3.499654006958007812e+02 4.800411605834960938e+02 2.530530166625976562e+02
3.493976974487304688e+02 4.796318054199218750e+02 2.526695632934570312e+02
3.491596221923828125e+02 4.790147399902343750e+02 2.530017280578613281e+02
3.486806869506835938e+02 4.790414047241210938e+02 2.520976448059082031e+02
3.534709548950195312e+02 4.845236206054687500e+02 2.394273567199707031e+02
3.524315643310546875e+02 4.845530700683593750e+02 2.469999885559082031e+02
3.519315719604492188e+02 4.841564941406250000e+02 2.469999885559082031e+02
3.513959121704101562e+02 4.835904693603515625e+02 2.479999923706054688e+02
3.508959197998046875e+02 4.831425094604492188e+02 2.479999923706054688e+02
3.504285049438476562e+02 4.825684356689453125e+02 2.487523651123046875e+02
3.499785614013671875e+02 4.820206451416015625e+02 2.490709495544433594e+02
3.495286178588867188e+02 4.814677047729492188e+02 2.493895339965820312e+02
3.501253128051757812e+02 4.818833160400390625e+02 2.500000000000000000e+02
3.505233383178710938e+02 4.824779510498046875e+02 2.494190406799316406e+02
3.496253204345703125e+02 4.813587951660156250e+02 2.500000000000000000e+02
3.503168869018554688e+02 4.816881942749023438e+02 2.509999847412109375e+02
3.670000076293945312e+02 4.881417083740234375e+02 2.359999847412109375e+02
3.734233093261718750e+02 4.884836578369140625e+02 2.406981849670410156e+02
3.709999847412109375e+02 4.880786895751953125e+02 2.489999961853027344e+02
3.709999847412109375e+02 4.877772521972656250e+02 2.500000000000000000e+02
3.709999847412109375e+02 4.875587844848632812e+02 2.506511306762695312e+02
3.719120407104492188e+02 4.875905990600585938e+02 2.499560928344726562e+02
3.700000000000000000e+02 4.879481887817382812e+02 2.500000000000000000e+02
3.700000000000000000e+02 4.876459884643554688e+02 2.508741569519042969e+02
3.690428543090820312e+02 4.876788711547851562e+02 2.510863876342773438e+02
3.700000000000000000e+02 4.874506378173828125e+02 2.513741493225097656e+02
3.694047927856445312e+02 4.874909591674804688e+02 2.514773178100585938e+02
3.700000000000000000e+02 4.871807098388671875e+02 2.519999885559082031e+02
3.709999847412109375e+02 4.873625183105468750e+02 2.511511230468750000e+02
3.709999847412109375e+02 4.870003890991210938e+02 2.519999885559082031e+02
3.719120407104492188e+02 4.872460556030273438e+02 2.509079551696777344e+02
3.721867370605468750e+02 4.874182891845703125e+02 2.502601623535156250e+02
3.720166015625000000e+02 4.867284011840820312e+02 2.520501708984375000e+02
3.715200805664062500e+02 4.875052642822265625e+02 2.505132675170898438e+02
3.723609924316406250e+02 4.864598464965820312e+02 2.524169349670410156e+02
3.716943359375000000e+02 4.865555191040039062e+02 2.526046371459960938e+02
3.709999847412109375e+02 4.866378784179687500e+02 2.527673530578613281e+02
3.720166015625000000e+02 4.862661361694335938e+02 2.529627799987792969e+02
3.720000076293945312e+02 4.857378005981445312e+02 2.538676071166992188e+02
3.709999847412109375e+02 4.863755035400390625e+02 2.532673454284667969e+02
3.710906982421875000e+02 4.858513641357421875e+02 2.540962219238281250e+02
3.702548980712890625e+02 4.864573287963867188e+02 2.534184837341308594e+02
3.699529266357421875e+02 4.862145996093750000e+02 2.539154624938964844e+02
3.699529266357421875e+02 4.866932296752929688e+02 2.530510902404785156e+02
3.695882034301757812e+02 4.865153121948242188e+02 2.535257720947265625e+02
3.689999771118164062e+02 4.868441772460937500e+02 2.529999923706054688e+02
3.679999923706054688e+02 4.869301605224609375e+02 2.529999923706054688e+02
3.690428543090820312e+02 4.873279953002929688e+02 2.519309234619140625e+02
3.689999771118164062e+02 4.865524291992187500e+02 2.535893630981445312e+02
3.689999771118164062e+02 4.862548828125000000e+02 2.540893745422363281e+02
3.679999923706054688e+02 4.866002273559570312e+02 2.536742401123046875e+02
3.679999923706054688e+02 4.863090515136718750e+02 2.541742515563964844e+02
3.670000076293945312e+02 4.866288757324218750e+02 2.537292480468750000e+02
3.670000076293945312e+02 4.869804000854492188e+02 2.529999923706054688e+02
3.659999847412109375e+02 4.866391754150390625e+02 2.537500762939453125e+02
3.670000076293945312e+02 4.863450241088867188e+02 2.542292404174804688e+02
3.670592880249023438e+02 4.857863616943359375e+02 2.550961875915527344e+02
3.659999847412109375e+02 4.863586425781250000e+02 2.542500686645507812e+02
3.650000000000000000e+02 4.863475418090820312e+02 2.542347908020019531e+02
3.659999847412109375e+02 4.858844375610351562e+02 2.550000000000000000e+02
3.659999847412109375e+02 4.855258178710937500e+02 2.555365753173828125e+02
3.649406814575195312e+02 4.857883453369140625e+02 2.550962448120117188e+02
3.652344512939453125e+02 4.855171966552734375e+02 2.555243682861328125e+02
3.639999771118164062e+02 4.858149719238281250e+02 2.549557876586914062e+02
3.645677947998046875e+02 4.854955673217773438e+02 2.554937362670898438e+02
3.649406814575195312e+02 4.852057647705078125e+02 2.559146308898925781e+02
3.639999771118164062e+02 4.854682540893554688e+02 2.554557800292968750e+02
3.639999771118164062e+02 4.850521850585937500e+02 2.559999847412109375e+02
3.629999923706054688e+02 4.854132843017578125e+02 2.553805160522460938e+02
3.620000076293945312e+02 4.853436279296875000e+02 2.552866172790527344e+02
3.629598617553710938e+02 4.848516464233398438e+02 2.560895729064941406e+02
3.629999923706054688e+02 4.857672119140625000e+02 2.548805236816406250e+02
3.620000076293945312e+02 4.857034683227539062e+02 2.547866249084472656e+02
3.629999923706054688e+02 4.862672042846679688e+02 2.541142463684082031e+02
3.619810104370117188e+02 4.862508773803710938e+02 2.539291763305664062e+02
3.629999923706054688e+02 4.865677642822265625e+02 2.536142539978027344e+02
3.639999771118164062e+02 4.863149642944335938e+02 2.541875076293945312e+02
3.639999771118164062e+02 4.866088485717773438e+02 2.536875152587890625e+02
3.639999771118164062e+02 4.869492340087890625e+02 2.529999923706054688e+02
3.650000000000000000e+02 4.866324996948242188e+02 2.537347984313964844e+02
3.650000000000000000e+02 4.869884490966796875e+02 2.529999923706054688e+02
3.650000000000000000e+02 4.873559570312500000e+02 2.521582794189453125e+02
3.659999847412109375e+02 4.869981765747070312e+02 2.529999923706054688e+02
3.659999847412109375e+02 4.873590087890625000e+02 2.521700859069824219e+02
3.659999847412109375e+02 4.875731658935546875e+02 2.516700744628906250e+02
3.670000076293945312e+02 4.873515319824218750e+02 2.521570396423339844e+02
3.670000076293945312e+02 4.875683975219726562e+02 2.516570281982421875e+02
3.679999923706054688e+02 4.873299407958984375e+02 2.521086692810058594e+02
3.679999923706054688e+02 4.875474548339843750e+02 2.516086769104003906e+02
3.687381362915039062e+02 4.875225830078125000e+02 2.515515327453613281e+02
3.679999923706054688e+02 4.877941894531250000e+02 2.509999847412109375e+02
3.679999923706054688e+02 4.881489562988281250e+02 2.500000000000000000e+02
3.670000076293945312e+02 4.878386688232421875e+02 2.509999847412109375e+02
3.659999847412109375e+02 4.878477478027343750e+02 2.509999847412109375e+02
3.650000000000000000e+02 4.878331375122070312e+02 2.509999847412109375e+02
3.639999771118164062e+02 4.877971649169921875e+02 2.509999847412109375e+02
3.650000000000000000e+02 4.875670242309570312e+02 2.516582870483398438e+02
3.639999771118164062e+02 4.875509643554687500e+02 2.516208076477050781e+02
3.631863403320312500e+02 4.875256347656250000e+02 2.515607833862304688e+02
3.639999771118164062e+02 4.873403930664062500e+02 2.521208000183105469e+02
3.629117965698242188e+02 4.873456192016601562e+02 2.519364738464355469e+02
3.620000076293945312e+02 4.872180557250976562e+02 2.519999885559082031e+02
3.625196456909179688e+02 4.874983978271484375e+02 2.514957618713378906e+02
3.629999923706054688e+02 4.868759918212890625e+02 2.529999923706054688e+02
3.619810104370117188e+02 4.867211914062500000e+02 2.530767822265625000e+02
3.609999847412109375e+02 4.866747283935546875e+02 2.528476715087890625e+02
3.623017120361328125e+02 4.865291213989257812e+02 2.535486412048339844e+02
3.616350173950195312e+02 4.864801406860351562e+02 2.534613227844238281e+02
3.609999847412109375e+02 4.864212417602539062e+02 2.533476638793945312e+02
3.600000000000000000e+02 4.863087463378906250e+02 2.531313133239746094e+02
3.609999847412109375e+02 4.860358810424804688e+02 2.539999961853027344e+02
3.609999847412109375e+02 4.856146240234375000e+02 2.546608161926269531e+02
3.600032424926757812e+02 4.857722473144531250e+02 2.540579605102539062e+02
3.596720504760742188e+02 4.854550552368164062e+02 2.544299316406250000e+02
3.603387451171875000e+02 4.855421066284179688e+02 2.545589637756347656e+02
3.589999771118164062e+02 4.856678009033203125e+02 2.537706565856933594e+02
3.589999771118164062e+02 4.853545761108398438e+02 2.542706680297851562e+02
3.590938949584960938e+02 4.861740493774414062e+02 2.529036903381347656e+02
3.583489227294921875e+02 4.855602645874023438e+02 2.535976028442382812e+02
3.580093383789062500e+02 4.851982879638671875e+02 2.539585685729980469e+02
3.580093383789062500e+02 4.857382583618164062e+02 2.530182266235351562e+02
3.576822662353515625e+02 4.854264831542968750e+02 2.533637237548828125e+02
3.572636032104492188e+02 4.856037902832031250e+02 2.526970481872558594e+02
3.580367660522460938e+02 4.862493515014648438e+02 2.519577026367187500e+02
3.569581604003906250e+02 4.857712554931640625e+02 2.520417213439941406e+02
3.577279663085937500e+02 4.864120864868164062e+02 2.512463569641113281e+02
3.583946228027343750e+02 4.865404891967773438e+02 2.515961837768554688e+02
3.588231277465820312e+02 4.863997268676757812e+02 2.522628402709960938e+02
3.590938949584960938e+02 4.866127395629882812e+02 2.519577026367187500e+02
3.589999771118164062e+02 4.869470977783203125e+02 2.509999847412109375e+02
3.594898223876953125e+02 4.865031814575195312e+02 2.525061607360839844e+02
3.600000000000000000e+02 4.868431472778320312e+02 2.519999885559082031e+02
3.600000000000000000e+02 4.865667724609375000e+02 2.526313018798828125e+02
3.609999847412109375e+02 4.870575714111328125e+02 2.519999885559082031e+02
3.600809097290039062e+02 4.872761917114257812e+02 2.509135246276855469e+02
3.598015213012695312e+02 4.874251174926757812e+02 2.502357864379882812e+02
3.604682159423828125e+02 4.875079727172851562e+02 2.505225372314453125e+02
3.609999847412109375e+02 4.873828506469726562e+02 2.511713790893554688e+02
3.609999847412109375e+02 4.875627517700195312e+02 2.506713676452636719e+02
3.620000076293945312e+02 4.874634170532226562e+02 2.514012908935546875e+02
3.620000076293945312e+02 4.876488494873046875e+02 2.509012985229492188e+02
3.629117965698242188e+02 4.876815032958984375e+02 2.510974502563476562e+02
3.590631103515625000e+02 4.872947311401367188e+02 2.499414825439453125e+02
3.580367660522460938e+02 4.866326141357421875e+02 2.509478187561035156e+02
3.574357986450195312e+02 4.865275573730468750e+02 2.505796813964843750e+02
3.570615005493164062e+02 4.862396240234375000e+02 2.509478187561035156e+02
3.562911224365234375e+02 4.856028747558593750e+02 2.517362022399902344e+02
3.565969467163085938e+02 4.854568862915039062e+02 2.524028778076171875e+02
3.569581604003906250e+02 4.852971649169921875e+02 2.530182266235351562e+02
3.559746932983398438e+02 4.853103256225585938e+02 2.520417213439941406e+02
3.549703979492187500e+02 4.847901535034179688e+02 2.520149993896484375e+02
3.556244659423828125e+02 4.854379653930664062e+02 2.513294410705566406e+02
3.559713363647460938e+02 4.848146820068359375e+02 2.530334663391113281e+02
3.556188964843750000e+02 4.844372940063476562e+02 2.533891296386718750e+02
3.552839660644531250e+02 4.846223831176757812e+02 2.527224540710449219e+02
3.562855529785156250e+02 4.846118927001953125e+02 2.536783027648925781e+02
3.570306777954101562e+02 4.847547912597656250e+02 2.540069770812988281e+02
3.573844528198242188e+02 4.845529174804687500e+02 2.545726394653320312e+02
3.567177963256835938e+02 4.843994522094726562e+02 2.543449783325195312e+02
3.569669342041015625e+02 4.840167999267578125e+02 2.550216484069824219e+02
3.572160720825195312e+02 4.836341476440429688e+02 2.556513977050781250e+02
3.579999923706054688e+02 4.843014144897460938e+02 2.552413368225097656e+02
3.579999923706054688e+02 4.838013839721679688e+02 2.558380126953125000e+02
3.579999923706054688e+02 4.846779632568359375e+02 2.547413444519042969e+02
3.587017822265625000e+02 4.844343948364257812e+02 2.554158210754394531e+02
3.589803695678710938e+02 4.840089416503906250e+02 2.560083580017089844e+02
3.590210723876953125e+02 4.848091506958007812e+02 2.550494766235351562e+02
3.593684768676757812e+02 4.845424652099609375e+02 2.555507659912109375e+02
3.600032424926757812e+02 4.851771545410156250e+02 2.549353790283203125e+02
3.600000000000000000e+02 4.846301651000976562e+02 2.556556320190429688e+02
3.609999847412109375e+02 4.852502441406250000e+02 2.551608085632324219e+02
3.609999847412109375e+02 4.847502517700195312e+02 2.558025932312011719e+02
3.609999847412109375e+02 4.843266296386718750e+02 2.563025856018066406e+02
3.620000076293945312e+02 4.848436355590820312e+02 2.559219932556152344e+02
3.620000076293945312e+02 4.844323730468750000e+02 2.564220046997070312e+02
3.609999847412109375e+02 4.838266372680664062e+02 2.568366622924804688e+02
3.600000000000000000e+02 4.841957092285156250e+02 2.561556243896484375e+02
3.600000000000000000e+02 4.836957168579101562e+02 2.567010879516601562e+02
3.592589569091796875e+02 4.835834884643554688e+02 2.565859413146972656e+02
3.600000000000000000e+02 4.831807327270507812e+02 2.572010993957519531e+02
3.600000000000000000e+02 4.826807403564453125e+02 2.576587486267089844e+02
3.589591598510742188e+02 4.830178070068359375e+02 2.570153427124023438e+02
3.579999923706054688e+02 4.828433990478515625e+02 2.568185806274414062e+02
3.585923004150390625e+02 4.834667205810546875e+02 2.564659309387207031e+02
3.586593627929687500e+02 4.824338531494140625e+02 2.574447250366210938e+02
3.593260192871093750e+02 4.825688934326171875e+02 2.575603866577148438e+02
3.579999923706054688e+02 4.833433914184570312e+02 2.563380050659179688e+02
3.546173095703125000e+02 4.844322586059570312e+02 2.523583602905273438e+02
3.639999771118164062e+02 4.881408309936523438e+02 2.500000000000000000e+02
3.639999771118164062e+02 4.845839309692382812e+02 2.565946388244628906e+02
3.650000000000000000e+02 4.846355438232421875e+02 2.566543579101562500e+02
3.650000000000000000e+02 4.841708374023437500e+02 2.571543502807617188e+02
3.659999847412109375e+02 4.846558380126953125e+02 2.566782951354980469e+02
3.659999847412109375e+02 4.841939544677734375e+02 2.571782875061035156e+02
3.670000076293945312e+02 4.846355438232421875e+02 2.566543579101562500e+02
3.659999847412109375e+02 4.851558303833007812e+02 2.560365676879882812e+02
3.670592880249023438e+02 4.852057647705078125e+02 2.559146308898925781e+02
3.674321746826171875e+02 4.854955673217773438e+02 2.554936599731445312e+02
3.667655181884765625e+02 4.855171966552734375e+02 2.555243682861328125e+02
3.679999923706054688e+02 4.850521850585937500e+02 2.559999847412109375e+02
3.679999923706054688e+02 4.854682540893554688e+02 2.554550170898437500e+02
3.690264892578125000e+02 4.848478317260742188e+02 2.560857582092285156e+02
3.679999923706054688e+02 4.845839309692382812e+02 2.565946388244628906e+02
3.679999923706054688e+02 4.841138458251953125e+02 2.570946311950683594e+02
3.687108230590820312e+02 4.845350646972656250e+02 2.565392303466796875e+02
3.690894317626953125e+02 4.840165710449218750e+02 2.570168685913085938e+02
3.688013839721679688e+02 4.835532760620117188e+02 2.575526618957519531e+02
3.700000000000000000e+02 4.839085006713867188e+02 2.569269371032714844e+02
3.694680404663085938e+02 4.834943771362304688e+02 2.574945068359375000e+02
3.693775177001953125e+02 4.844798278808593750e+02 2.564762687683105469e+02
3.700000000000000000e+02 4.844084930419921875e+02 2.563940811157226562e+02
3.700000000000000000e+02 4.848203659057617188e+02 2.558940696716308594e+02
3.709999847412109375e+02 4.842714691162109375e+02 2.562387847900390625e+02
3.709999847412109375e+02 4.846976470947265625e+02 2.557387924194335938e+02
3.709999847412109375e+02 4.837714767456054688e+02 2.567832565307617188e+02
3.710906982421875000e+02 4.852556228637695312e+02 2.549718856811523438e+02
3.717391204833984375e+02 4.845856094360351562e+02 2.556025695800781250e+02
3.714845275878906250e+02 4.854957962036132812e+02 2.544936943054199219e+02
3.700000000000000000e+02 4.853203582763671875e+02 2.552512359619140625e+02
3.708178710937500000e+02 4.855849456787109375e+02 2.546198272705078125e+02
3.700000000000000000e+02 4.856752395629882812e+02 2.547512245178222656e+02
3.689999771118164062e+02 4.857548904418945312e+02 2.548711395263671875e+02
3.689999771118164062e+02 4.854084777832031250e+02 2.553711509704589844e+02
3.679999923706054688e+02 4.858090591430664062e+02 2.549550247192382812e+02
3.720000076293945312e+02 4.854108428955078125e+02 2.543676185607910156e+02
3.679999923706054688e+02 4.836138534545898438e+02 2.576125526428222656e+02
3.670000076293945312e+02 4.836708450317382812e+02 2.576685142517089844e+02
3.659999847412109375e+02 4.836939620971679688e+02 2.576909255981445312e+02
3.670000076293945312e+02 4.841708374023437500e+02 2.571543502807617188e+02
3.727788162231445312e+02 4.856070327758789062e+02 2.536631202697753906e+02
3.734455108642578125e+02 4.854785537719726562e+02 2.534647941589355469e+02
3.844807052612304688e+02 4.764341354370117188e+02 2.484448432922363281e+02
3.845961761474609375e+02 4.767690658569335938e+02 2.477781677246093750e+02
3.834969329833984375e+02 4.794942092895507812e+02 2.474891281127929688e+02
3.792079925537109375e+02 4.832120513916015625e+02 2.509999847412109375e+02
3.755802154541015625e+02 4.855448913574218750e+02 2.515802192687988281e+02
