3.604692077636718750e+02 6.633692932128906250e+02 2.042496871948242188e+02
3.603898239135742188e+02 6.639324188232421875e+02 2.039498138427734375e+02
3.604286575317382812e+02 6.632069396972656250e+02 2.050000000000000000e+02
3.605892181396484375e+02 6.630215454101562500e+02 2.039498138427734375e+02
3.607308959960937500e+02 6.630000305175781250e+02 2.029999923706054688e+02
3.608473587036132812e+02 6.620000457763671875e+02 2.039999961853027344e+02
3.605512619018554688e+02 6.627069854736328125e+02 2.050000000000000000e+02
3.605106735229492188e+02 6.635540008544921875e+02 2.035830307006835938e+02
3.605537033081054688e+02 6.639324188232421875e+02 2.029323577880859375e+02
3.607229995727539062e+02 6.640000152587890625e+02 2.019999885559082031e+02
3.604469680786132812e+02 6.642206573486328125e+02 2.032206153869628906e+02
3.605106735229492188e+02 6.645958709716796875e+02 2.025539398193359375e+02
3.605859756469726562e+02 6.649575805664062500e+02 2.020298957824707031e+02
3.603945159912109375e+02 6.649575805664062500e+02 2.029323577880859375e+02
3.604732894897460938e+02 6.652625274658203125e+02 2.023831748962402344e+02
3.602056121826171875e+02 6.650000000000000000e+02 2.039999961853027344e+02
3.602729415893554688e+02 6.660000610351562500e+02 2.029999923706054688e+02
3.604397201538085938e+02 6.660000610351562500e+02 2.022464370727539062e+02
3.600940704345703125e+02 6.660000610351562500e+02 2.039999961853027344e+02
3.602059936523437500e+02 6.670000457763671875e+02 2.029999923706054688e+02
3.604092788696289062e+02 6.670000457763671875e+02 2.021403121948242188e+02
3.600162124633789062e+02 6.670000457763671875e+02 2.039999961853027344e+02
3.601803588867187500e+02 6.680000305175781250e+02 2.029999923706054688e+02
3.603997039794921875e+02 6.680000305175781250e+02 2.021184539794921875e+02
3.599765396118164062e+02 6.680000305175781250e+02 2.039999961853027344e+02
3.602051925659179688e+02 6.690000152587890625e+02 2.029999923706054688e+02
3.599987411499023438e+02 6.690000152587890625e+02 2.039999961853027344e+02
3.602782058715820312e+02 6.700000000000000000e+02 2.029999923706054688e+02
3.604121017456054688e+02 6.690000152587890625e+02 2.021610260009765625e+02
3.604457092285156250e+02 6.700000000000000000e+02 2.022811698913574219e+02
3.605356597900390625e+02 6.690000152587890625e+02 2.016610336303710938e+02
3.605281448364257812e+02 6.680000305175781250e+02 2.016184616088867188e+02
3.606920623779296875e+02 6.690000152587890625e+02 2.009999847412109375e+02
3.605569076538085938e+02 6.700000000000000000e+02 2.017811775207519531e+02
3.607381439208984375e+02 6.700000000000000000e+02 2.009999847412109375e+02
3.605852127075195312e+02 6.710039520263671875e+02 2.020458793640136719e+02
3.605156326293945312e+02 6.713398742675781250e+02 2.025863075256347656e+02
3.607176208496093750e+02 6.720000457763671875e+02 2.019999885559082031e+02
3.604783248901367188e+02 6.706732177734375000e+02 2.024098014831542969e+02
3.608165740966796875e+02 6.710000610351562500e+02 2.009999847412109375e+02
3.611084747314453125e+02 6.710000610351562500e+02 2.000000000000000000e+02
3.609474563598632812e+02 6.720000457763671875e+02 2.009999847412109375e+02
3.611343002319335938e+02 6.730000305175781250e+02 2.009999847412109375e+02
3.612997055053710938e+02 6.720530700683593750e+02 1.999230575561523438e+02
3.614460372924804688e+02 6.717551422119140625e+02 1.993909454345703125e+02
3.615113067626953125e+02 6.724217987060546875e+02 1.995384407043457031e+02
3.613882827758789062e+02 6.730000305175781250e+02 2.002029418945312500e+02
3.615581893920898438e+02 6.730000305175781250e+02 1.997029304504394531e+02
3.614621353149414062e+02 6.736184692382812500e+02 2.003987884521484375e+02
3.616590499877929688e+02 6.739710998535156250e+02 2.000392723083496094e+02
3.613687896728515625e+02 6.739710998535156250e+02 2.010145378112792969e+02
3.611116790771484375e+02 6.740000152587890625e+02 2.019999885559082031e+02
3.614556503295898438e+02 6.746208953857421875e+02 2.013575744628906250e+02
3.615497589111328125e+02 6.742851257324218750e+02 2.006908988952636719e+02
3.616567230224609375e+02 6.749725341796875000e+02 2.010145378112792969e+02
3.615622329711914062e+02 6.752875518798828125e+02 2.017553710937500000e+02
3.619958877563476562e+02 6.760000610351562500e+02 2.009999847412109375e+02
3.619538879394531250e+02 6.750000000000000000e+02 2.000000000000000000e+02
3.623158264160156250e+02 6.749758911132812500e+02 1.989941787719726562e+02
3.623067474365234375e+02 6.760105895996093750e+02 1.999957275390625000e+02
3.625559997558593750e+02 6.763510131835937500e+02 1.996595382690429688e+02
3.624382019042968750e+02 6.766438293457031250e+02 2.003262138366699219e+02
3.624237823486328125e+02 6.756843566894531250e+02 1.993236351013183594e+02
3.626808166503906250e+02 6.760105895996093750e+02 1.989941787719726562e+02
3.625614166259765625e+02 6.752931213378906250e+02 1.986569595336914062e+02
3.631735610961914062e+02 6.760942077636718750e+02 1.979048156738281250e+02
3.630750656127929688e+02 6.770000457763671875e+02 1.989999961853027344e+02
3.633842468261718750e+02 6.770000457763671875e+02 1.982482147216796875e+02
3.627009201049804688e+02 6.769863128662109375e+02 1.999957275390625000e+02
3.633950805664062500e+02 6.777177429199218750e+02 1.989999961853027344e+02
3.634950637817382812e+02 6.775099945068359375e+02 1.984895896911621094e+02
3.632123565673828125e+02 6.780682373046875000e+02 1.999436187744140625e+02
3.636428833007812500e+02 6.782176971435546875e+02 1.989999961853027344e+02
3.638874435424804688e+02 6.779060363769531250e+02 1.980937385559082031e+02
3.635268402099609375e+02 6.784469604492187500e+02 1.995726966857910156e+02
3.641445159912109375e+02 6.790789031982421875e+02 1.989293861389160156e+02
3.637036514282226562e+02 6.790000915527343750e+02 1.999436187744140625e+02
3.643836975097656250e+02 6.796828460693359375e+02 1.992156410217285156e+02
3.645212554931640625e+02 6.794647979736328125e+02 1.985489654541015625e+02
3.643668746948242188e+02 6.787337493896484375e+02 1.979999923706054688e+02
3.644921493530273438e+02 6.785135650634765625e+02 1.974851226806640625e+02
3.646586608886718750e+02 6.792337799072265625e+02 1.979999923706054688e+02
3.650152587890625000e+02 6.789725494384765625e+02 1.970298004150390625e+02
3.651694869995117188e+02 6.800320434570312500e+02 1.979866790771484375e+02
3.653569412231445312e+02 6.797200775146484375e+02 1.972411346435546875e+02
3.647150039672851562e+02 6.800096893310546875e+02 1.989293861389160156e+02
3.655772018432617188e+02 6.803867340087890625e+02 1.976444625854492188e+02
3.654042434692382812e+02 6.806365203857421875e+02 1.983111190795898438e+02
3.653011322021484375e+02 6.809819030761718750e+02 1.990974044799804688e+02
3.658232879638671875e+02 6.809819030761718750e+02 1.979866790771484375e+02
3.656440353393554688e+02 6.813031768798828125e+02 1.988290023803710938e+02
3.663462066650390625e+02 6.816914367675781250e+02 1.979999923706054688e+02
3.663003158569335938e+02 6.809490203857421875e+02 1.970844459533691406e+02
3.664390945434570312e+02 6.805816650390625000e+02 1.964073181152343750e+02
3.657361602783203125e+02 6.800320434570312500e+02 1.969446754455566406e+02
3.664842605590820312e+02 6.815196228027343750e+02 1.974740791320800781e+02
3.666962432861328125e+02 6.812483215332031250e+02 1.968074035644531250e+02
3.670164108276367188e+02 6.809767913818359375e+02 1.960235977172851562e+02
3.670639801025390625e+02 6.819228363037109375e+02 1.971015167236328125e+02
3.673628997802734375e+02 6.816593933105468750e+02 1.963065338134765625e+02
3.667615127563476562e+02 6.821914672851562500e+02 1.979999923706054688e+02
3.674317169189453125e+02 6.825735473632812500e+02 1.973956298828125000e+02
3.676608276367187500e+02 6.823260498046875000e+02 1.967289543151855469e+02
3.679676818847656250e+02 6.820339965820312500e+02 1.959579086303710938e+02
3.680442047119140625e+02 6.829571533203125000e+02 1.970623588562011719e+02
3.683274841308593750e+02 6.826740264892578125e+02 1.962759399414062500e+02
3.677446365356445312e+02 6.832563018798828125e+02 1.979999923706054688e+02
3.684275817871093750e+02 6.835671997070312500e+02 1.973957443237304688e+02
3.686698532104492188e+02 6.833406829833984375e+02 1.967290878295898438e+02
3.689636611938476562e+02 6.830347442626953125e+02 1.959551239013671875e+02
3.690770339965820312e+02 6.839373779296875000e+02 1.971039390563964844e+02
3.693365097045898438e+02 6.836408996582031250e+02 1.963009643554687500e+02
3.688174057006835938e+02 6.842341613769531250e+02 1.979999923706054688e+02
3.694842529296875000e+02 6.845124816894531250e+02 1.974788093566894531e+02
3.697553253173828125e+02 6.843075561523437500e+02 1.968121337890625000e+02
3.700221633911132812e+02 6.839858245849609375e+02 1.960241317749023438e+02
3.700531768798828125e+02 6.846856689453125000e+02 1.970872688293457031e+02
3.704219818115234375e+02 6.845558166503906250e+02 1.964139556884765625e+02
3.700387573242187500e+02 6.851585388183593750e+02 1.980142593383789062e+02
3.709920883178710938e+02 6.852339172363281250e+02 1.969810295104980469e+02
3.710483932495117188e+02 6.847226715087890625e+02 1.960483741760253906e+02
3.706534957885742188e+02 6.854078674316406250e+02 1.976904296875000000e+02
3.713201522827148438e+02 6.856032562255859375e+02 1.973017311096191406e+02
3.716291046142578125e+02 6.854261779785156250e+02 1.966350746154785156e+02
3.719774627685546875e+02 6.852385711669921875e+02 1.959835624694824219e+02
3.719774627685546875e+02 6.857962799072265625e+02 1.969810295104980469e+02
3.722957611083984375e+02 6.856118011474609375e+02 1.963059425354003906e+02
3.719939422607421875e+02 6.862806701660156250e+02 1.979743576049804688e+02
3.729710006713867188e+02 6.862933349609375000e+02 1.969818115234375000e+02
3.730015563964843750e+02 6.857727050781250000e+02 1.959835624694824219e+02
3.726183700561523438e+02 6.864454650878906250e+02 1.976239204406738281e+02
3.732850265502929688e+02 6.865947723388671875e+02 1.973030090332031250e+02
3.736640930175781250e+02 6.864315795898437500e+02 1.966363525390625000e+02
3.739984512329101562e+02 6.862364959716796875e+02 1.960241699218750000e+02
3.739984512329101562e+02 6.867333984375000000e+02 1.969818115234375000e+02
3.743307495117187500e+02 6.865679168701171875e+02 1.963736152648925781e+02
3.740545654296875000e+02 6.872309112548828125e+02 1.980558776855468750e+02
3.750974655151367188e+02 6.871829223632812500e+02 1.970982742309570312e+02
3.750947952270507812e+02 6.866488647460937500e+02 1.960241699218750000e+02
3.748291397094726562e+02 6.873930358886718750e+02 1.977597999572753906e+02
3.754957962036132812e+02 6.875013732910156250e+02 1.974971199035644531e+02
3.759999847412109375e+02 6.873383331298828125e+02 1.968411445617675781e+02
3.759999847412109375e+02 6.869155883789062500e+02 1.959999847412109375e+02
3.759999847412109375e+02 6.875729370117187500e+02 1.973411369323730469e+02
3.767217254638671875e+02 6.874404907226562500e+02 1.966243934631347656e+02
3.770330429077148438e+02 6.876828002929687500e+02 1.969746398925781250e+02
3.770330429077148438e+02 6.872371673583984375e+02 1.960660171508789062e+02
3.770000076293945312e+02 6.867160797119140625e+02 1.951485633850097656e+02
3.773883819580078125e+02 6.875289154052734375e+02 1.964433670043945312e+02
3.779999923706054688e+02 6.873346710205078125e+02 1.958134078979492188e+02
3.779442596435546875e+02 6.868013000488281250e+02 1.949155044555664062e+02
3.779999923706054688e+02 6.875952911376953125e+02 1.963134002685546875e+02
3.789999771118164062e+02 6.874239349365234375e+02 1.956428909301757812e+02
3.789999771118164062e+02 6.870462799072265625e+02 1.950000000000000000e+02
3.789999771118164062e+02 6.876816558837890625e+02 1.961429023742675781e+02
3.797054672241210938e+02 6.874737548828125000e+02 1.955493736267089844e+02
3.800232696533203125e+02 6.872391510009765625e+02 1.950835990905761719e+02
3.800232696533203125e+02 6.877064514160156250e+02 1.959296226501464844e+02
3.803721237182617188e+02 6.875157165527343750e+02 1.954726600646972656e+02
3.800000000000000000e+02 6.882118988037109375e+02 1.969999885559082031e+02
3.809999847412109375e+02 6.878178405761718750e+02 1.959999847412109375e+02
3.809999847412109375e+02 6.875315856933593750e+02 1.954446601867675781e+02
3.809592819213867188e+02 6.883270263671875000e+02 1.970892524719238281e+02
3.820000076293945312e+02 6.878323364257812500e+02 1.959999847412109375e+02
3.820000076293945312e+02 6.875380706787109375e+02 1.954330253601074219e+02
3.820000076293945312e+02 6.882942962646484375e+02 1.969770431518554688e+02
3.829999923706054688e+02 6.877996063232421875e+02 1.959999847412109375e+02
3.829492950439453125e+02 6.883111572265625000e+02 1.970923805236816406e+02
3.839299011230468750e+02 6.876879882812500000e+02 1.959416389465332031e+02
3.829999923706054688e+02 6.875228881835937500e+02 1.954596900939941406e+02
3.829999923706054688e+02 6.872287750244140625e+02 1.949596786499023438e+02
3.835498809814453125e+02 6.875061798095703125e+02 1.954890823364257812e+02
3.839299011230468750e+02 6.872239685058593750e+02 1.950934410095214844e+02
3.842165374755859375e+02 6.874633789062500000e+02 1.955694007873535156e+02
3.850000000000000000e+02 6.870001220703125000e+02 1.950000000000000000e+02
3.839999771118164062e+02 6.866824340820312500e+02 1.942409896850585938e+02
3.829999923706054688e+02 6.867288208007812500e+02 1.941783523559570312e+02
3.839999771118164062e+02 6.863233184814453125e+02 1.937409973144531250e+02
3.850000000000000000e+02 6.866027832031250000e+02 1.943526268005371094e+02
3.850000000000000000e+02 6.862465667724609375e+02 1.938526344299316406e+02
3.856669616699218750e+02 6.865373992919921875e+02 1.944457626342773438e+02
3.860001754760742188e+02 6.861937713623046875e+02 1.940674591064453125e+02
3.860001754760742188e+02 6.867581176757812500e+02 1.949375915527343750e+02
3.863336181640625000e+02 6.864613342285156250e+02 1.945626640319824219e+02
3.860963821411132812e+02 6.873348236083984375e+02 1.960145187377929688e+02
3.870000076293945312e+02 6.866693878173828125e+02 1.952122497558593750e+02
3.870000076293945312e+02 6.870951080322265625e+02 1.959999847412109375e+02
3.877066421508789062e+02 6.865663146972656250e+02 1.953870010375976562e+02
3.870000076293945312e+02 6.863707733154296875e+02 1.947122573852539062e+02
3.870281982421875000e+02 6.858328247070312500e+02 1.939286804199218750e+02
3.880239868164062500e+02 6.862472534179687500e+02 1.950321960449218750e+02
3.879999923706054688e+02 6.857159423828125000e+02 1.941933250427246094e+02
3.883732986450195312e+02 6.864575195312500000e+02 1.955793571472167969e+02
3.890299606323242188e+02 6.858209228515625000e+02 1.949463844299316406e+02
3.889999771118164062e+02 6.863349914550781250e+02 1.958078765869140625e+02
3.898310470581054688e+02 6.856558227539062500e+02 1.952439880371093750e+02
3.893832778930664062e+02 6.854500579833984375e+02 1.945773315429687500e+02
3.887166213989257812e+02 6.855882263183593750e+02 1.943766021728515625e+02
3.890299606323242188e+02 6.851979064941406250e+02 1.940259552001953125e+02
3.879999923706054688e+02 6.853564453125000000e+02 1.936933135986328125e+02
3.889999771118164062e+02 6.846598815917968750e+02 1.933049583435058594e+02
3.899438095092773438e+02 6.847644805908203125e+02 1.940023040771484375e+02
3.895730209350585938e+02 6.845362091064453125e+02 1.934560775756835938e+02
3.900986480712890625e+02 6.853421020507812500e+02 1.949463844299316406e+02
3.907200241088867188e+02 6.846212768554687500e+02 1.943371772766113281e+02
3.902396774291992188e+02 6.843655395507812500e+02 1.936705017089843750e+02
3.899445724487304688e+02 6.839717864990234375e+02 1.930313491821289062e+02
3.910320281982421875e+02 6.841842651367187500e+02 1.940023040771484375e+02
3.909999847412109375e+02 6.836552429199218750e+02 1.933230018615722656e+02
3.913867187500000000e+02 6.844334411621093750e+02 1.945983123779296875e+02
3.919071578979492188e+02 6.836922454833984375e+02 1.940651130676269531e+02
3.921785736083984375e+02 6.832704162597656250e+02 1.937751770019531250e+02
3.915119171142578125e+02 6.835080718994140625e+02 1.934907341003417969e+02
3.920410156250000000e+02 6.842474365234375000e+02 1.949589920043945312e+02
3.925590515136718750e+02 6.835456085205078125e+02 1.944418525695800781e+02
3.929262542724609375e+02 6.829393768310546875e+02 1.940724945068359375e+02
3.929354095458984375e+02 6.836956024169921875e+02 1.950879859924316406e+02
3.929997634887695312e+02 6.841911315917968750e+02 1.959679603576660156e+02
3.935159683227539062e+02 6.835136413574218750e+02 1.954799652099609375e+02
3.932257080078125000e+02 6.832749176025390625e+02 1.948133087158203125e+02
3.939014053344726562e+02 6.829100799560546875e+02 1.951250839233398438e+02
3.936202239990234375e+02 6.826082611083984375e+02 1.943697929382324219e+02
3.941918182373046875e+02 6.832190704345703125e+02 1.959999847412109375e+02
3.945458602905273438e+02 6.825452423095703125e+02 1.954368591308593750e+02
3.942868804931640625e+02 6.822904968261718750e+02 1.947701835632324219e+02
3.939684295654296875e+02 6.819686126708984375e+02 1.940330505371093750e+02
3.949145507812500000e+02 6.819066619873046875e+02 1.951202201843261719e+02
3.952832794189453125e+02 6.812513732910156250e+02 1.948036003112792969e+02
3.946165847778320312e+02 6.816238403320312500e+02 1.943629837036132812e+02
3.952195358276367188e+02 6.821969604492187500e+02 1.959999847412109375e+02
3.955195999145507812e+02 6.815228271484375000e+02 1.954702568054199219e+02
3.957211685180664062e+02 6.809508514404296875e+02 1.950821495056152344e+02
3.956698608398437500e+02 6.816970062255859375e+02 1.959999847412109375e+02
3.962049102783203125e+02 6.810043334960937500e+02 1.959539604187011719e+02
3.959788894653320312e+02 6.819769287109375000e+02 1.970404815673828125e+02
3.963735198974609375e+02 6.813405609130859375e+02 1.967513656616210938e+02
3.954135513305664062e+02 6.824064636230468750e+02 1.966629219055175781e+02
3.955842971801757812e+02 6.825895690917968750e+02 1.973295783996582031e+02
3.962319564819335938e+02 6.821917724609375000e+02 1.979999923706054688e+02
3.965392303466796875e+02 6.815473175048828125e+02 1.974180412292480469e+02
3.967724227905273438e+02 6.810043334960937500e+02 1.970508193969726562e+02
3.966578292846679688e+02 6.816917419433593750e+02 1.979999923706054688e+02
3.971971130371093750e+02 6.809689331054687500e+02 1.979717826843261719e+02
3.967849349975585938e+02 6.820249938964843750e+02 1.990716171264648438e+02
3.963916397094726562e+02 6.823750305175781250e+02 1.987860488891601562e+02
3.973433303833007812e+02 6.812882995605468750e+02 1.989999961853027344e+02
3.971453094482421875e+02 6.819288635253906250e+02 2.000095939636230469e+02
3.965171051025390625e+02 6.825193023681640625e+02 1.994527053833007812e+02
3.965917205810546875e+02 6.826034545898437500e+02 2.000000000000000000e+02
3.959662628173828125e+02 6.829627227783203125e+02 1.990903663635253906e+02
3.954060363769531250e+02 6.834060668945312500e+02 1.987280273437500000e+02
3.957319641113281250e+02 6.827467346191406250e+02 1.979999923706054688e+02
3.955409240722656250e+02 6.835409545898437500e+02 1.993946838378906250e+02
3.961307907104492188e+02 6.831034088134765625e+02 2.000000000000000000e+02
3.956307601928710938e+02 6.836308288574218750e+02 2.000000000000000000e+02
3.962513351440429688e+02 6.832321929931640625e+02 2.009999847412109375e+02
3.957513427734375000e+02 6.837513732910156250e+02 2.009999847412109375e+02
3.963423156738281250e+02 6.833290863037109375e+02 2.019999885559082031e+02
3.967055892944335938e+02 6.827321624755859375e+02 2.009999847412109375e+02
3.972055816650390625e+02 6.821312713623046875e+02 2.009999847412109375e+02
3.967909622192382812e+02 6.828291320800781250e+02 2.019999885559082031e+02
3.972909927368164062e+02 6.822363281250000000e+02 2.019999885559082031e+02
3.968563461303710938e+02 6.829045867919921875e+02 2.029999923706054688e+02
3.973563766479492188e+02 6.823165893554687500e+02 2.029999923706054688e+02
3.964124679565429688e+02 6.834046173095703125e+02 2.029999923706054688e+02
3.968930053710937500e+02 6.829485321044921875e+02 2.039999961853027344e+02
3.973929977416992188e+02 6.823616027832031250e+02 2.039999961853027344e+02
3.964530563354492188e+02 6.834485626220703125e+02 2.039999961853027344e+02
3.968847274780273438e+02 6.829372406005859375e+02 2.050000000000000000e+02
3.973847198486328125e+02 6.823519897460937500e+02 2.050000000000000000e+02
3.964425277709960938e+02 6.834372711181640625e+02 2.050000000000000000e+02
3.968366241455078125e+02 6.828781890869140625e+02 2.059999847412109375e+02
3.973366546630859375e+02 6.822945404052734375e+02 2.059999847412109375e+02
3.963875961303710938e+02 6.833782196044921875e+02 2.059999847412109375e+02
3.967655181884765625e+02 6.827963256835937500e+02 2.069999885559082031e+02
3.972655487060546875e+02 6.822097015380859375e+02 2.069999885559082031e+02
3.963106155395507812e+02 6.832963562011718750e+02 2.069999885559082031e+02
3.966679382324218750e+02 6.826864624023437500e+02 2.079999923706054688e+02
3.971679306030273438e+02 6.820950317382812500e+02 2.079999923706054688e+02
3.962057113647460938e+02 6.831864929199218750e+02 2.079999923706054688e+02
3.965736389160156250e+02 6.825812530517578125e+02 2.087661933898925781e+02
3.960379409790039062e+02 6.830402374267578125e+02 2.091318321228027344e+02
3.970002365112304688e+02 6.819982147216796875e+02 2.089953231811523438e+02
3.974268341064453125e+02 6.814060211181640625e+02 2.092244529724121094e+02
3.964801406860351562e+02 6.824777984619140625e+02 2.094328498840332031e+02
3.968101119995117188e+02 6.818703460693359375e+02 2.100000000000000000e+02
3.975148391723632812e+02 6.815186309814453125e+02 2.085577774047851562e+02
3.975745010375976562e+02 6.815950012207031250e+02 2.079999923706054688e+02
3.977727890014648438e+02 6.810436248779296875e+02 2.089346694946289062e+02
3.983298492431640625e+02 6.802416992187500000e+02 2.089999961853027344e+02
3.980155181884765625e+02 6.810000610351562500e+02 2.079999923706054688e+02
3.976903533935546875e+02 6.807552337646484375e+02 2.100000000000000000e+02
3.973101043701171875e+02 6.812552642822265625e+02 2.100000000000000000e+02
3.982279205322265625e+02 6.799594116210937500e+02 2.100241279602050781e+02
3.975753021240234375e+02 6.806010437011718750e+02 2.107183265686035156e+02
3.971871566772460938e+02 6.809606170654296875e+02 2.110309982299804688e+02
3.978281021118164062e+02 6.800638580322265625e+02 2.110309982299804688e+02
3.974583053588867188e+02 6.804396820068359375e+02 2.113850021362304688e+02
3.976684951782226562e+02 6.797570037841796875e+02 2.119999885559082031e+02
3.983536911010742188e+02 6.792581939697265625e+02 2.109999847412109375e+02
3.984593963623046875e+02 6.794338226318359375e+02 2.103735542297363281e+02
3.981819534301757812e+02 6.789463043212890625e+02 2.119695091247558594e+02
3.986506652832031250e+02 6.787582397460937500e+02 2.109999847412109375e+02
3.987845230102539062e+02 6.790603637695312500e+02 2.100241279602050781e+02
3.985450744628906250e+02 6.785771179199218750e+02 2.116158485412597656e+02
3.990599060058593750e+02 6.780000305175781250e+02 2.109999847412109375e+02
3.993440246582031250e+02 6.780094146728515625e+02 2.100914764404296875e+02
3.987117004394531250e+02 6.780039978027343750e+02 2.119695091247558594e+02
3.994092178344726562e+02 6.772964477539062500e+02 2.109999847412109375e+02
3.994956970214843750e+02 6.774906158447265625e+02 2.104858016967773438e+02
3.992295074462890625e+02 6.769428253173828125e+02 2.119514656066894531e+02
3.996271133422851562e+02 6.767964935302734375e+02 2.109999847412109375e+02
3.997778701782226562e+02 6.770943450927734375e+02 2.100914764404296875e+02
3.995308685302734375e+02 6.765714263916015625e+02 2.115857696533203125e+02
3.999433135986328125e+02 6.760000610351562500e+02 2.109999847412109375e+02
4.002814102172851562e+02 6.759376525878906250e+02 2.099498367309570312e+02
3.996401214599609375e+02 6.759667968750000000e+02 2.119514656066894531e+02
4.003106689453125000e+02 6.749681091308593750e+02 2.109675598144531250e+02
4.004295349121093750e+02 6.742471313476562500e+02 2.112792778015136719e+02
4.004300689697265625e+02 6.752802276611328125e+02 2.102497291564941406e+02
3.999634933471679688e+02 6.750000000000000000e+02 2.119999885559082031e+02
4.005347442626953125e+02 6.746135711669921875e+02 2.106126022338867188e+02
4.006046295166015625e+02 6.739482879638671875e+02 2.109675598144531250e+02
4.006076812744140625e+02 6.749681091308593750e+02 2.099498367309570312e+02
4.008578109741210938e+02 6.740000152587890625e+02 2.100000000000000000e+02
4.008232498168945312e+02 6.750000000000000000e+02 2.089999961853027344e+02
4.005223846435546875e+02 6.755627441406250000e+02 2.095830726623535156e+02
4.005852508544921875e+02 6.757418060302734375e+02 2.089999961853027344e+02
4.006567001342773438e+02 6.760558319091796875e+02 2.079982566833496094e+02
4.004049682617187500e+02 6.762418365478515625e+02 2.089999961853027344e+02
4.000945281982421875e+02 6.770000457763671875e+02 2.089999961853027344e+02
4.004729461669921875e+02 6.764263916015625000e+02 2.083304214477539062e+02
4.003081512451171875e+02 6.769351196289062500e+02 2.079982566833496094e+02
4.003455734252929688e+02 6.771530914306640625e+02 2.069999885559082031e+02
3.997553253173828125e+02 6.780986785888671875e+02 2.080957221984863281e+02
4.005250549316406250e+02 6.765585327148437500e+02 2.076637458801269531e+02
4.005661773681640625e+02 6.766530609130859375e+02 2.069999885559082031e+02
4.006110382080078125e+02 6.767549133300781250e+02 2.059999847412109375e+02
4.008138275146484375e+02 6.760000610351562500e+02 2.069999885559082031e+02
4.009077072143554688e+02 6.760000610351562500e+02 2.059999847412109375e+02
4.011675262451171875e+02 6.750000000000000000e+02 2.069999885559082031e+02
4.013196563720703125e+02 6.749047088623046875e+02 2.059184074401855469e+02
4.014199066162109375e+02 6.741870117187500000e+02 2.069999885559082031e+02
4.010153579711914062e+02 6.750000000000000000e+02 2.079999923706054688e+02
4.013360595703125000e+02 6.739170837402343750e+02 2.079222679138183594e+02
4.015069580078125000e+02 6.735284423828125000e+02 2.075371170043945312e+02
4.010963439941406250e+02 6.740000152587890625e+02 2.089999961853027344e+02
4.014424133300781250e+02 6.732449340820312500e+02 2.082037734985351562e+02
4.015634918212890625e+02 6.729470062255859375e+02 2.079222679138183594e+02
4.013493347167968750e+02 6.729470062255859375e+02 2.089440155029296875e+02
4.010834503173828125e+02 6.730000305175781250e+02 2.100000000000000000e+02
4.015170288085937500e+02 6.725782775878906250e+02 2.085733604431152344e+02
4.014432144165039062e+02 6.720000457763671875e+02 2.092642211914062500e+02
4.014865112304687500e+02 6.713622283935546875e+02 2.094455718994140625e+02
4.012591171264648438e+02 6.720000457763671875e+02 2.100000000000000000e+02
4.015623474121093750e+02 6.720000457763671875e+02 2.087642097473144531e+02
4.017220306396484375e+02 6.720000457763671875e+02 2.079999923706054688e+02
4.016108322143554688e+02 6.710173034667968750e+02 2.090673446655273438e+02
4.018469619750976562e+02 6.710000610351562500e+02 2.079999923706054688e+02
4.017098617553710938e+02 6.700000000000000000e+02 2.089999961853027344e+02
4.015182495117187500e+02 6.706955718994140625e+02 2.095729255676269531e+02
4.013922500610351562e+02 6.710173034667968750e+02 2.099437522888183594e+02
4.015424728393554688e+02 6.700000000000000000e+02 2.096701622009277344e+02
4.015588760375976562e+02 6.690000152587890625e+02 2.097368049621582031e+02
4.014149475097656250e+02 6.700000000000000000e+02 2.101701545715332031e+02
4.012088775634765625e+02 6.700000000000000000e+02 2.109999847412109375e+02
4.014323043823242188e+02 6.690000152587890625e+02 2.102367973327636719e+02
4.014265441894531250e+02 6.680000305175781250e+02 2.102049255371093750e+02
4.012487030029296875e+02 6.690000152587890625e+02 2.109999847412109375e+02
4.009887695312500000e+02 6.690000152587890625e+02 2.119999885559082031e+02
4.012385940551757812e+02 6.680000305175781250e+02 2.109999847412109375e+02
4.009808731079101562e+02 6.680000305175781250e+02 2.119999885559082031e+02
4.011767578125000000e+02 6.670000457763671875e+02 2.109999847412109375e+02
4.010575103759765625e+02 6.660000610351562500e+02 2.109999847412109375e+02
4.014146041870117188e+02 6.669286346435546875e+02 2.099668693542480469e+02
4.009178161621093750e+02 6.670000457763671875e+02 2.119999885559082031e+02
4.007956695556640625e+02 6.660000610351562500e+02 2.119999885559082031e+02
4.006123733520507812e+02 6.670778656005859375e+02 2.130441665649414062e+02
4.004695892333984375e+02 6.667964935302734375e+02 2.134069442749023438e+02
4.005036163330078125e+02 6.674631500244140625e+02 2.135091972351074219e+02
4.006822204589843750e+02 6.680000305175781250e+02 2.129999923706054688e+02
4.005768966674804688e+02 6.660000610351562500e+02 2.127447891235351562e+02
4.004169464111328125e+02 6.660000610351562500e+02 2.132447814941406250e+02
4.005271530151367188e+02 6.653594970703125000e+02 2.125860977172851562e+02
4.003414154052734375e+02 6.650157165527343750e+02 2.129516601562500000e+02
4.006241989135742188e+02 6.650157165527343750e+02 2.120219993591308594e+02
4.004612350463867188e+02 6.646928405761718750e+02 2.123699951171875000e+02
4.005582427978515625e+02 6.642655181884765625e+02 2.117033386230468750e+02
4.008924484252929688e+02 6.650000000000000000e+02 2.109999847412109375e+02
4.006579971313476562e+02 6.639593505859375000e+02 2.110444259643554688e+02
4.011277770996093750e+02 6.650000000000000000e+02 2.100000000000000000e+02
4.009182357788085938e+02 6.640000152587890625e+02 2.100000000000000000e+02
4.013674926757812500e+02 6.650337219238281250e+02 2.089608383178710938e+02
4.012947082519531250e+02 6.660000610351562500e+02 2.100000000000000000e+02
4.014559936523437500e+02 6.660000610351562500e+02 2.093117713928222656e+02
4.014953994750976562e+02 6.665476226806640625e+02 2.094809532165527344e+02
4.015713119506835938e+02 6.660000610351562500e+02 2.088117599487304688e+02
4.017309951782226562e+02 6.660000610351562500e+02 2.079999923706054688e+02
4.015228652954101562e+02 6.653894805908203125e+02 2.086013984680175781e+02
4.016227340698242188e+02 6.669286346435546875e+02 2.090885734558105469e+02
4.018558502197265625e+02 6.670000457763671875e+02 2.079999923706054688e+02
4.015262222290039062e+02 6.672143554687500000e+02 2.096114349365234375e+02
4.017224121093750000e+02 6.680000305175781250e+02 2.089999961853027344e+02
4.019365692138671875e+02 6.680000305175781250e+02 2.079999923706054688e+02
4.015497589111328125e+02 6.680000305175781250e+02 2.097049140930175781e+02
4.017440414428710938e+02 6.690000152587890625e+02 2.089999961853027344e+02
4.019654846191406250e+02 6.690000152587890625e+02 2.079999923706054688e+02
4.019313430786132812e+02 6.700000000000000000e+02 2.079999923706054688e+02
4.021489715576171875e+02 6.690000152587890625e+02 2.069999885559082031e+02
4.021138000488281250e+02 6.680000305175781250e+02 2.069999885559082031e+02
4.023196792602539062e+02 6.690000152587890625e+02 2.059999847412109375e+02
4.021138000488281250e+02 6.700000000000000000e+02 2.069999885559082031e+02
4.022777557373046875e+02 6.700000000000000000e+02 2.059999847412109375e+02
4.020257568359375000e+02 6.710000610351562500e+02 2.069999885559082031e+02
4.021776199340820312e+02 6.710000610351562500e+02 2.059999847412109375e+02
4.018977737426757812e+02 6.720000457763671875e+02 2.069999885559082031e+02
4.020412063598632812e+02 6.720000457763671875e+02 2.059999847412109375e+02
4.017082595825195312e+02 6.730000305175781250e+02 2.069999885559082031e+02
4.018414306640625000e+02 6.730000305175781250e+02 2.059999847412109375e+02
4.015469360351562500e+02 6.736870574951171875e+02 2.069999885559082031e+02
4.015896987915039062e+02 6.740325927734375000e+02 2.059184074401855469e+02
4.016732406616210938e+02 6.740000152587890625e+02 2.050000000000000000e+02
4.014705276489257812e+02 6.743876647949218750e+02 2.061973381042480469e+02
4.015028762817382812e+02 6.745078277587890625e+02 2.055306625366210938e+02
4.015178680419921875e+02 6.745463562011718750e+02 2.050000000000000000e+02
4.015282440185546875e+02 6.745726776123046875e+02 2.039999961853027344e+02
4.013240432739257812e+02 6.750463867187500000e+02 2.050000000000000000e+02
4.013289642333984375e+02 6.750727081298828125e+02 2.039999961853027344e+02
4.009556198120117188e+02 6.760000610351562500e+02 2.050000000000000000e+02
4.009605026245117188e+02 6.760000610351562500e+02 2.039999961853027344e+02
4.006315612792968750e+02 6.768000793457031250e+02 2.050000000000000000e+02
4.004084777832031250e+02 6.773000335693359375e+02 2.050000000000000000e+02
4.006315612792968750e+02 6.768000793457031250e+02 2.039999961853027344e+02
4.004084777832031250e+02 6.773000335693359375e+02 2.039999961853027344e+02
4.006145858764648438e+02 6.767619323730468750e+02 2.029999923706054688e+02
4.003915786743164062e+02 6.772619628906250000e+02 2.029999923706054688e+02
4.005818557739257812e+02 6.766856384277343750e+02 2.019999885559082031e+02
4.009286880493164062e+02 6.760000610351562500e+02 2.029999923706054688e+02
4.008639526367187500e+02 6.760000610351562500e+02 2.019999885559082031e+02
4.013506698608398438e+02 6.749257659912109375e+02 2.029109382629394531e+02
4.012542724609375000e+02 6.750000000000000000e+02 2.019999885559082031e+02
4.015167236328125000e+02 6.745429229736328125e+02 2.031848907470703125e+02
4.014989852905273438e+02 6.744967651367187500e+02 2.025182151794433594e+02
4.014721679687500000e+02 6.744088745117187500e+02 2.019999885559082031e+02
4.016392517089843750e+02 6.740980529785156250e+02 2.029109382629394531e+02
4.016210937500000000e+02 6.739089202880859375e+02 2.019999885559082031e+02
4.019596481323242188e+02 6.730000305175781250e+02 2.029999923706054688e+02
4.017030715942382812e+02 6.740000152587890625e+02 2.039999961853027344e+02
4.019876861572265625e+02 6.730000305175781250e+02 2.039999961853027344e+02
4.022141647338867188e+02 6.720000457763671875e+02 2.039999961853027344e+02
4.019419479370117188e+02 6.730000305175781250e+02 2.050000000000000000e+02
4.021557998657226562e+02 6.720000457763671875e+02 2.050000000000000000e+02
4.023046112060546875e+02 6.710000610351562500e+02 2.050000000000000000e+02
4.023735046386718750e+02 6.710000610351562500e+02 2.039999961853027344e+02
4.024287033081054688e+02 6.699721527099609375e+02 2.049562072753906250e+02
4.024721908569335938e+02 6.702359771728515625e+02 2.039999961853027344e+02
4.024510574340820312e+02 6.690000152587890625e+02 2.051247596740722656e+02
4.025122070312500000e+02 6.696202087402343750e+02 2.045936775207519531e+02
4.025235748291015625e+02 6.697359466552734375e+02 2.039999961853027344e+02
4.025156784057617188e+02 6.690000152587890625e+02 2.046247673034667969e+02
4.025086975097656250e+02 6.684174346923828125e+02 2.045726776123046875e+02
4.025402069091796875e+02 6.690000152587890625e+02 2.039999961853027344e+02
4.025166320800781250e+02 6.683455657958984375e+02 2.039999961853027344e+02
4.025245285034179688e+02 6.690000152587890625e+02 2.032809066772460938e+02
4.025134658813476562e+02 6.683766174316406250e+02 2.033822059631347656e+02
4.024668502807617188e+02 6.690000152587890625e+02 2.027808952331542969e+02
4.025192260742187500e+02 6.696944427490234375e+02 2.033256530761718750e+02
4.024522399902343750e+02 6.700167083740234375e+02 2.029953956604003906e+02
4.023270416259765625e+02 6.700000000000000000e+02 2.019999885559082031e+02
4.023426818847656250e+02 6.710000610351562500e+02 2.029999923706054688e+02
4.022322082519531250e+02 6.710000610351562500e+02 2.019999885559082031e+02
4.021866989135742188e+02 6.720000457763671875e+02 2.029999923706054688e+02
4.020875167846679688e+02 6.720000457763671875e+02 2.019999885559082031e+02
4.019453430175781250e+02 6.720000457763671875e+02 2.009999847412109375e+02
4.018709182739257812e+02 6.730000305175781250e+02 2.019999885559082031e+02
4.017370605468750000e+02 6.730000305175781250e+02 2.009999847412109375e+02
4.015732955932617188e+02 6.729406738281250000e+02 2.000628662109375000e+02
4.015573501586914062e+02 6.736959838867187500e+02 2.009999847412109375e+02
4.015134811401367188e+02 6.735462951660156250e+02 2.004381179809570312e+02
4.014083480834960938e+02 6.741960144042968750e+02 2.009999847412109375e+02
4.013173675537109375e+02 6.739277648925781250e+02 2.000628662109375000e+02
4.011347579956054688e+02 6.750000000000000000e+02 2.009999847412109375e+02
4.007058715820312500e+02 6.760926055908203125e+02 2.009213447570800781e+02
4.009595870971679688e+02 6.750000000000000000e+02 2.000000000000000000e+02
4.006964111328125000e+02 6.750546264648437500e+02 1.989599800109863281e+02
4.006420516967773438e+02 6.758551025390625000e+02 2.000000000000000000e+02
4.004396057128906250e+02 6.763551330566406250e+02 2.000000000000000000e+02
4.005614852905273438e+02 6.756525421142578125e+02 1.992666625976562500e+02
4.003378295898437500e+02 6.759915924072265625e+02 1.989599800109863281e+02
3.999055862426757812e+02 6.770000457763671875e+02 1.989999961853027344e+02
4.004723739624023438e+02 6.754243469238281250e+02 1.985999870300292969e+02
4.000347900390625000e+02 6.760000610351562500e+02 1.979999923706054688e+02
4.003830718994140625e+02 6.750546264648437500e+02 1.979413414001464844e+02
3.996831512451171875e+02 6.759861755371093750e+02 1.970248222351074219e+02
3.996365737915039062e+02 6.769633483886718750e+02 1.980818748474121094e+02
3.995507049560546875e+02 6.766055297851562500e+02 1.973747253417968750e+02
3.995108795166015625e+02 6.775205993652343750e+02 1.984697914123535156e+02
3.993872451782226562e+02 6.772722625732421875e+02 1.978031158447265625e+02
3.992265701293945312e+02 6.769633483886718750e+02 1.970248222351074219e+02
3.991556167602539062e+02 6.779123687744140625e+02 1.980818748474121094e+02
3.987041091918945312e+02 6.779854583740234375e+02 1.970427131652832031e+02
3.986540603637695312e+02 6.787637329101562500e+02 1.979999923706054688e+02
3.993200302124023438e+02 6.781678771972656250e+02 1.989999961853027344e+02
3.987992858886718750e+02 6.790683746337890625e+02 1.989596557617187500e+02
3.994297409057617188e+02 6.783699798583984375e+02 1.998087120056152344e+02
3.995875930786132812e+02 6.776679229736328125e+02 1.989999961853027344e+02
3.996719741821289062e+02 6.780220031738281250e+02 2.000852203369140625e+02
3.995053863525390625e+02 6.785095977783203125e+02 2.004753684997558594e+02
3.998447799682617188e+02 6.780000305175781250e+02 2.009999847412109375e+02
4.001505279541015625e+02 6.770000457763671875e+02 2.000000000000000000e+02
4.003356552124023438e+02 6.769555664062500000e+02 2.009213447570800781e+02
4.004948043823242188e+02 6.764875793457031250e+02 2.005355644226074219e+02
4.003560256958007812e+02 6.771856689453125000e+02 2.019999885559082031e+02
4.005412292480468750e+02 6.765925598144531250e+02 2.012022399902343750e+02
3.999643325805664062e+02 6.780000305175781250e+02 2.019999885559082031e+02
4.000396347045898438e+02 6.780000305175781250e+02 2.029999923706054688e+02
3.996083068847656250e+02 6.786967468261718750e+02 2.019999885559082031e+02
3.993278884887695312e+02 6.791967010498046875e+02 2.019999885559082031e+02
3.995463562011718750e+02 6.785832977294921875e+02 2.009999847412109375e+02
3.996480560302734375e+02 6.787719726562500000e+02 2.029999923706054688e+02
3.996673583984375000e+02 6.788088226318359375e+02 2.039999961853027344e+02
3.993721008300781250e+02 6.792719268798828125e+02 2.029999923706054688e+02
3.989539337158203125e+02 6.800000000000000000e+02 2.029999923706054688e+02
3.993935394287109375e+02 6.793087768554687500e+02 2.039999961853027344e+02
3.990018463134765625e+02 6.800000000000000000e+02 2.039999961853027344e+02
3.993935394287109375e+02 6.793087768554687500e+02 2.050000000000000000e+02
3.989997863769531250e+02 6.800000000000000000e+02 2.050000000000000000e+02
3.993721008300781250e+02 6.792719268798828125e+02 2.059999847412109375e+02
3.996673583984375000e+02 6.788088226318359375e+02 2.050000000000000000e+02
4.000758361816406250e+02 6.780000305175781250e+02 2.050000000000000000e+02
3.996480560302734375e+02 6.787719726562500000e+02 2.059999847412109375e+02
4.000371170043945312e+02 6.780000305175781250e+02 2.059999847412109375e+02
3.996046829223632812e+02 6.786907958984375000e+02 2.069999885559082031e+02
3.993254089355468750e+02 6.791907501220703125e+02 2.069999885559082031e+02
3.999502944946289062e+02 6.780000305175781250e+02 2.069999885559082031e+02
3.995515823364257812e+02 6.785935211181640625e+02 2.078262138366699219e+02
3.993017196655273438e+02 6.789561462402343750e+02 2.080957221984863281e+02
3.987530136108398438e+02 6.799098205566406250e+02 2.079999923706054688e+02
3.994988250732421875e+02 6.784976959228515625e+02 2.084928703308105469e+02
3.990927124023437500e+02 6.790000152587890625e+02 2.089999961853027344e+02
3.994405364990234375e+02 6.783850097656250000e+02 2.089999961853027344e+02
3.986521530151367188e+02 6.797416687011718750e+02 2.089999961853027344e+02
3.985631561279296875e+02 6.795989990234375000e+02 2.097068977355957031e+02
3.996895599365234375e+02 6.778850555419921875e+02 2.089999961853027344e+02
3.995908355712890625e+02 6.776823425292968750e+02 2.098191261291503906e+02
3.987821960449218750e+02 6.800939178466796875e+02 2.070707321166992188e+02
3.984410095214843750e+02 6.804097747802734375e+02 2.079999923706054688e+02
3.984934234619140625e+02 6.804898071289062500e+02 2.074512290954589844e+02
3.982255172729492188e+02 6.809313964843750000e+02 2.070707321166992188e+02
3.982225036621093750e+02 6.811113739013671875e+02 2.059999847412109375e+02
3.976618194580078125e+02 6.817097473144531250e+02 2.069999885559082031e+02
3.985364532470703125e+02 6.805522918701171875e+02 2.067845726013183594e+02
3.985768127441406250e+02 6.806114196777343750e+02 2.059999847412109375e+02
3.989489364624023438e+02 6.800000000000000000e+02 2.059999847412109375e+02
3.986062240600585938e+02 6.806569671630859375e+02 2.050000000000000000e+02
3.982599258422851562e+02 6.811569976806640625e+02 2.050000000000000000e+02
3.986083221435546875e+02 6.806613159179687500e+02 2.039999961853027344e+02
3.985818481445312500e+02 6.806208801269531250e+02 2.029999923706054688e+02
3.982653045654296875e+02 6.811612701416015625e+02 2.039999961853027344e+02
3.982354354858398438e+02 6.811209106445312500e+02 2.029999923706054688e+02
3.977653121948242188e+02 6.818615722656250000e+02 2.039999961853027344e+02
3.977354431152343750e+02 6.818165588378906250e+02 2.029999923706054688e+02
3.977599334716796875e+02 6.818520355224609375e+02 2.050000000000000000e+02
3.977225112915039062e+02 6.817945098876953125e+02 2.059999847412109375e+02
3.976788330078125000e+02 6.817362976074218750e+02 2.019999885559082031e+02
3.976005172729492188e+02 6.816313171386718750e+02 2.009999847412109375e+02
3.982421875000000000e+02 6.809355926513671875e+02 2.019065093994140625e+02
3.984985733032226562e+02 6.804978179931640625e+02 2.015108489990234375e+02
3.980529403686523438e+02 6.810000610351562500e+02 2.009999847412109375e+02
3.985403442382812500e+02 6.805592346191406250e+02 2.021775245666503906e+02
3.987865447998046875e+02 6.800986480712890625e+02 2.019065093994140625e+02
3.987607955932617188e+02 6.799260711669921875e+02 2.009999847412109375e+02
3.992607879638671875e+02 6.790833282470703125e+02 2.009999847412109375e+02
3.986641311645507812e+02 6.797631072998046875e+02 2.000000000000000000e+02
3.984524154663085938e+02 6.804261016845703125e+02 2.009999847412109375e+02
3.983461761474609375e+02 6.802631378173828125e+02 2.000000000000000000e+02
3.982442474365234375e+02 6.799683380126953125e+02 1.989596557617187500e+02
3.977991485595703125e+02 6.810617828369140625e+02 2.000095939636230469e+02
3.977045822143554688e+02 6.807883453369140625e+02 1.989999961853027344e+02
3.974532318115234375e+02 6.814363098144531250e+02 1.996826553344726562e+02
3.975369644165039062e+02 6.815481567382812500e+02 2.003493309020996094e+02
3.975825119018554688e+02 6.806148529052734375e+02 1.982863235473632812e+02
3.978349685668945312e+02 6.800582122802734375e+02 1.979717826843261719e+02
3.976497268676757812e+02 6.797256469726562500e+02 1.969999885559082031e+02
3.974513626098632812e+02 6.804303741455078125e+02 1.976196479797363281e+02
3.983568191528320312e+02 6.792637634277343750e+02 1.979999923706054688e+02
3.981547164916992188e+02 6.789427185058593750e+02 1.970427131652832031e+02
3.984676361083984375e+02 6.794472503662109375e+02 1.985994529724121094e+02
3.983915710449218750e+02 6.783090209960937500e+02 1.967378616333007812e+02
3.976857376098632812e+02 6.789580535888671875e+02 1.960708999633789062e+02
3.985417938232421875e+02 6.785711669921875000e+02 1.974045181274414062e+02
3.982203292846679688e+02 6.779854583740234375e+02 1.960016441345214844e+02
3.975597763061523438e+02 6.785968017578125000e+02 1.953985023498535156e+02
3.975248336791992188e+02 6.795372009277343750e+02 1.964514923095703125e+02
3.973487472534179688e+02 6.792634582519531250e+02 1.957848167419433594e+02
3.970196151733398438e+02 6.790312957763671875e+02 1.949669075012207031e+02
3.969894027709960938e+02 6.799835968017578125e+02 1.960207176208496094e+02
3.964484024047851562e+02 6.804299163818359375e+02 1.955899429321289062e+02
3.966820907592773438e+02 6.797632598876953125e+02 1.952019882202148438e+02
3.973110961914062500e+02 6.802256774902343750e+02 1.969999885559082031e+02
3.966300582885742188e+02 6.806739044189453125e+02 1.962566184997558594e+02
3.962955474853515625e+02 6.800579833984375000e+02 1.949211883544921875e+02
3.957650375366210938e+02 6.799508666992187500e+02 1.940465736389160156e+02
3.964768600463867188e+02 6.794657897949218750e+02 1.945353126525878906e+02
3.962997436523437500e+02 6.790794372558593750e+02 1.939336013793945312e+02
3.964585113525390625e+02 6.784367370605468750e+02 1.935560035705566406e+02
3.957222747802734375e+02 6.789124298095703125e+02 1.930537796020507812e+02
3.966904449462890625e+02 6.787990570068359375e+02 1.942226600646972656e+02
3.970121765136718750e+02 6.780191040039062500e+02 1.939817810058593750e+02
3.966672134399414062e+02 6.777700805664062500e+02 1.932829666137695312e+02
3.973571014404296875e+02 6.782682037353515625e+02 1.947318458557128906e+02
3.975600814819335938e+02 6.776015472412109375e+02 1.944075584411621094e+02
3.973338699340820312e+02 6.772155761718750000e+02 1.937408828735351562e+02
3.969695281982421875e+02 6.769471740722656250e+02 1.930393218994140625e+02
3.976961898803710938e+02 6.769293975830078125e+02 1.940445327758789062e+02
3.981729888916015625e+02 6.759845733642578125e+02 1.940356826782226562e+02
3.975274276733398438e+02 6.765489196777343750e+02 1.934623527526855469e+02
3.982292175292968750e+02 6.770074462890625000e+02 1.949978637695312500e+02
3.984060668945312500e+02 6.763076019287109375e+02 1.946631050109863281e+02
3.977214431762695312e+02 6.779608917236328125e+02 1.950391006469726562e+02
3.984158706665039062e+02 6.773456573486328125e+02 1.956694030761718750e+02
3.985935592651367188e+02 6.766790008544921875e+02 1.953297805786132812e+02
3.987503433227539062e+02 6.770074462890625000e+02 1.960016441345214844e+02
3.987433242797851562e+02 6.759845733642578125e+02 1.949978637695312500e+02
3.992066574096679688e+02 6.749656677246093750e+02 1.950519943237304688e+02
3.985661315917968750e+02 6.756409454345703125e+02 1.943928146362304688e+02
3.992511749267578125e+02 6.759861755371093750e+02 1.960138130187988281e+02
3.994125366210937500e+02 6.752761077880859375e+02 1.956896972656250000e+02
3.994125366210937500e+02 6.763103485107421875e+02 1.967080497741699219e+02
3.995639419555664062e+02 6.756436157226562500e+02 1.963563728332519531e+02
3.996744155883789062e+02 6.749656677246093750e+02 1.960138130187988281e+02
3.995411300659179688e+02 6.746094512939453125e+02 1.954200172424316406e+02
4.000617218017578125e+02 6.750000000000000000e+02 1.969999885559082031e+02
3.999952697753906250e+02 6.740000152587890625e+02 1.959999847412109375e+02
4.002945709228515625e+02 6.729869842529296875e+02 1.960534286499023438e+02
3.996389007568359375e+02 6.740000152587890625e+02 1.952248764038085938e+02
4.003704071044921875e+02 6.740525817871093750e+02 1.969716644287109375e+02
4.004562759399414062e+02 6.733116149902343750e+02 1.966194343566894531e+02
4.004755020141601562e+02 6.744210052490234375e+02 1.975688934326171875e+02
4.005749511718750000e+02 6.737543487548828125e+02 1.972861099243164062e+02
4.006521606445312500e+02 6.729869842529296875e+02 1.969716644287109375e+02
4.007096099853515625e+02 6.740525817871093750e+02 1.979413414001464844e+02
4.009973144531250000e+02 6.730000305175781250e+02 1.979999923706054688e+02
4.010420989990234375e+02 6.740000152587890625e+02 1.989999961853027344e+02
4.005896377563476562e+02 6.747576904296875000e+02 1.982355690002441406e+02
4.013282775878906250e+02 6.729406738281250000e+02 1.990662574768066406e+02
4.014247894287109375e+02 6.720000457763671875e+02 1.987700843811035156e+02
4.014388656616210938e+02 6.732344818115234375e+02 1.997714614868164062e+02
4.015150833129882812e+02 6.725678253173828125e+02 1.994437599182128906e+02
4.015629196166992188e+02 6.720000457763671875e+02 1.992700958251953125e+02
4.016008758544921875e+02 6.709223937988281250e+02 1.989498138427734375e+02
4.017459487915039062e+02 6.720000457763671875e+02 2.000000000000000000e+02
4.018744277954101562e+02 6.710000610351562500e+02 2.000000000000000000e+02
4.019452667236328125e+02 6.700000000000000000e+02 2.000000000000000000e+02
4.020829391479492188e+02 6.710000610351562500e+02 2.009999847412109375e+02
4.021656417846679688e+02 6.700000000000000000e+02 2.009999847412109375e+02
4.021851730346679688e+02 6.690000152587890625e+02 2.009999847412109375e+02
4.019601821899414062e+02 6.690000152587890625e+02 2.000000000000000000e+02
4.021350479125976562e+02 6.680000305175781250e+02 2.009999847412109375e+02
4.023534774780273438e+02 6.690000152587890625e+02 2.019999885559082031e+02
4.022969436645507812e+02 6.680000305175781250e+02 2.019999885559082031e+02
4.021857070922851562e+02 6.670000457763671875e+02 2.019999885559082031e+02
4.024349212646484375e+02 6.680259704589843750e+02 2.030293273925781250e+02
4.023028564453125000e+02 6.670000457763671875e+02 2.029999923706054688e+02
4.024612426757812500e+02 6.678455352783203125e+02 2.039999961853027344e+02
4.023476791381835938e+02 6.670000457763671875e+02 2.039999961853027344e+02
4.024257278442382812e+02 6.680504608154296875e+02 2.049435997009277344e+02
4.022964477539062500e+02 6.670000457763671875e+02 2.050000000000000000e+02
4.022777557373046875e+02 6.680000305175781250e+02 2.059999847412109375e+02
4.021776199340820312e+02 6.670000457763671875e+02 2.059999847412109375e+02
4.020412063598632812e+02 6.660000610351562500e+02 2.059999847412109375e+02
4.020257568359375000e+02 6.670000457763671875e+02 2.069999885559082031e+02
4.018977737426757812e+02 6.660000610351562500e+02 2.069999885559082031e+02
4.017196655273437500e+02 6.650000000000000000e+02 2.069999885559082031e+02
4.015583419799804688e+02 6.642581939697265625e+02 2.069999885559082031e+02
4.015710830688476562e+02 6.650337219238281250e+02 2.079461669921875000e+02
4.018555831909179688e+02 6.650000000000000000e+02 2.059999847412109375e+02
4.019499588012695312e+02 6.650000000000000000e+02 2.050000000000000000e+02
4.016098022460937500e+02 6.639415740966796875e+02 2.060022544860839844e+02
4.015175247192382812e+02 6.634381866455078125e+02 2.056704139709472656e+02
4.014824676513671875e+02 6.635691833496093750e+02 2.063370895385742188e+02
4.017057800292968750e+02 6.640000152587890625e+02 2.050000000000000000e+02
4.015377807617187500e+02 6.633669281005859375e+02 2.050000000000000000e+02
4.017329025268554688e+02 6.640000152587890625e+02 2.039999961853027344e+02
4.017057800292968750e+02 6.640000152587890625e+02 2.029999923706054688e+02
4.019845581054687500e+02 6.650000000000000000e+02 2.039999961853027344e+02
4.015492630004882812e+02 6.633265686035156250e+02 2.039999961853027344e+02
4.014045333862304688e+02 6.628265380859375000e+02 2.039999961853027344e+02
4.015377807617187500e+02 6.633669281005859375e+02 2.029999923706054688e+02
4.013928604125976562e+02 6.628668975830078125e+02 2.029999923706054688e+02
4.015175247192382812e+02 6.634381866455078125e+02 2.023111534118652344e+02
4.013786315917968750e+02 6.630629730224609375e+02 2.019866943359375000e+02
4.016098022460937500e+02 6.639347076416015625e+02 2.019866943359375000e+02
4.014859771728515625e+02 6.635578155517578125e+02 2.016444969177246094e+02
4.015583419799804688e+02 6.642469787597656250e+02 2.009999847412109375e+02
4.018555831909179688e+02 6.650000000000000000e+02 2.019999885559082031e+02
4.017196655273437500e+02 6.650000000000000000e+02 2.009999847412109375e+02
4.019499588012695312e+02 6.650000000000000000e+02 2.029999923706054688e+02
4.020412063598632812e+02 6.660000610351562500e+02 2.019999885559082031e+02
4.018977737426757812e+02 6.660000610351562500e+02 2.009999847412109375e+02
4.021467590332031250e+02 6.660000610351562500e+02 2.029999923706054688e+02
4.021873092651367188e+02 6.660000610351562500e+02 2.039999961853027344e+02
4.021467590332031250e+02 6.660000610351562500e+02 2.050000000000000000e+02
4.017051315307617188e+02 6.660000610351562500e+02 2.000000000000000000e+02
4.020346832275390625e+02 6.670000457763671875e+02 2.009999847412109375e+02
4.018300247192382812e+02 6.670000457763671875e+02 2.000000000000000000e+02
4.016033172607421875e+02 6.670000457763671875e+02 1.991161155700683594e+02
4.019176101684570312e+02 6.680000305175781250e+02 2.000000000000000000e+02
4.016195297241210938e+02 6.679742431640625000e+02 1.989113426208496094e+02
4.015087509155273438e+02 6.682904052734375000e+02 1.984706878662109375e+02
4.014945983886718750e+02 6.676237487792968750e+02 1.985189056396484375e+02
4.016782760620117188e+02 6.690000152587890625e+02 1.989999961853027344e+02
4.015166091918945312e+02 6.690000152587890625e+02 1.984459686279296875e+02
4.016677093505859375e+02 6.700000000000000000e+02 1.989999961853027344e+02
4.015122222900390625e+02 6.700000000000000000e+02 1.984612083435058594e+02
4.015028762817382812e+02 6.705373382568359375e+02 1.984910202026367188e+02
4.013505554199218750e+02 6.700000000000000000e+02 1.979612159729003906e+02
4.013605499267578125e+02 6.690000152587890625e+02 1.979459571838378906e+02
4.010300445556640625e+02 6.700000000000000000e+02 1.969999885559082031e+02
4.013417434692382812e+02 6.709223937988281250e+02 1.980946159362792969e+02
4.009667205810546875e+02 6.710000610351562500e+02 1.969999885559082031e+02
4.011842727661132812e+02 6.720000457763671875e+02 1.979999923706054688e+02
4.014761734008789062e+02 6.712039947509765625e+02 1.985830116271972656e+02
4.008456802368164062e+02 6.720000457763671875e+02 1.969999885559082031e+02
4.005862045288085938e+02 6.720000457763671875e+02 1.962851142883300781e+02
4.005321502685546875e+02 6.726449584960937500e+02 1.964223861694335938e+02
4.003793716430664062e+02 6.720000457763671875e+02 1.957851219177246094e+02
4.006467056274414062e+02 6.710000610351562500e+02 1.961183929443359375e+02
4.004514312744140625e+02 6.710000610351562500e+02 1.956184005737304688e+02
4.006462097167968750e+02 6.699517822265625000e+02 1.959200477600097656e+02
4.005044174194335938e+02 6.695863342285156250e+02 1.954899978637695312e+02
4.004867553710937500e+02 6.702529907226562500e+02 1.955334281921386719e+02
4.006999969482421875e+02 6.690000152587890625e+02 1.959999847412109375e+02
4.006539154052734375e+02 6.679060363769531250e+02 1.959003829956054688e+02
4.005089950561523438e+02 6.690000152587890625e+02 1.954793548583984375e+02
4.010515594482421875e+02 6.690000152587890625e+02 1.969999885559082031e+02
4.010400390625000000e+02 6.680000305175781250e+02 1.969999885559082031e+02
4.013793945312500000e+02 6.679742431640625000e+02 1.980824089050292969e+02
4.009822082519531250e+02 6.670000457763671875e+02 1.969999885559082031e+02
4.008774566650390625e+02 6.660000610351562500e+02 1.969999885559082031e+02
4.006590270996093750e+02 6.670000457763671875e+02 1.960671997070312500e+02
4.012912368774414062e+02 6.670000457763671875e+02 1.979999923706054688e+02
4.011837387084960938e+02 6.660000610351562500e+02 1.979999923706054688e+02
4.014680480957031250e+02 6.670000457763671875e+02 1.986161231994628906e+02
4.014130783081054688e+02 6.660000610351562500e+02 1.988265609741210938e+02
4.015454483032226562e+02 6.660000610351562500e+02 1.993265724182128906e+02
4.013372421264648438e+02 6.650727081298828125e+02 1.990796852111816406e+02
4.010377883911132812e+02 6.650000000000000000e+02 1.979999923706054688e+02
4.014435577392578125e+02 6.647878265380859375e+02 1.997658157348632812e+02
4.015086364746093750e+02 6.654544830322265625e+02 1.994661521911621094e+02
4.011111068725585938e+02 6.640000152587890625e+02 1.989999961853027344e+02
4.008802795410156250e+02 6.630000305175781250e+02 1.989999961853027344e+02
4.008567047119140625e+02 6.640000152587890625e+02 1.979999923706054688e+02
4.013528442382812500e+02 6.640628814697265625e+02 2.000594902038574219e+02
4.014423751831054688e+02 6.637469482421875000e+02 2.009999847412109375e+02
4.015138626098632812e+02 6.644381713867187500e+02 2.004324913024902344e+02
4.010803222656250000e+02 6.630000305175781250e+02 2.000000000000000000e+02
4.007850265502929688e+02 6.620000457763671875e+02 2.000000000000000000e+02
4.012434005737304688e+02 6.630000305175781250e+02 2.009999847412109375e+02
4.009392166137695312e+02 6.620000457763671875e+02 2.009999847412109375e+02
4.006120300292968750e+02 6.609778594970703125e+02 2.010895729064941406e+02
4.010491180419921875e+02 6.620000457763671875e+02 2.019999885559082031e+02
4.007148361206054688e+02 6.610000610351562500e+02 2.019999885559082031e+02
4.011125564575195312e+02 6.620000457763671875e+02 2.029999923706054688e+02
4.007787322998046875e+02 6.610000610351562500e+02 2.029999923706054688e+02
4.011352539062500000e+02 6.620000457763671875e+02 2.039999961853027344e+02
4.008009338378906250e+02 6.610000610351562500e+02 2.039999961853027344e+02
4.011125564575195312e+02 6.620000457763671875e+02 2.050000000000000000e+02
4.007728195190429688e+02 6.610000610351562500e+02 2.050000000000000000e+02
4.010387802124023438e+02 6.620000457763671875e+02 2.059999847412109375e+02
4.013928604125976562e+02 6.628668975830078125e+02 2.050000000000000000e+02
4.013736724853515625e+02 6.630629730224609375e+02 2.060022544860839844e+02
4.012287139892578125e+02 6.630000305175781250e+02 2.069999885559082031e+02
4.009145736694335938e+02 6.620000457763671875e+02 2.069999885559082031e+02
4.010618209838867188e+02 6.630000305175781250e+02 2.079999923706054688e+02
4.014361572265625000e+02 6.637581634521484375e+02 2.069999885559082031e+02
4.013538360595703125e+02 6.640650177001953125e+02 2.079461669921875000e+02
4.015138626098632812e+02 6.644417572021484375e+02 2.075769615173339844e+02
4.011323547363281250e+02 6.640000152587890625e+02 2.089999961853027344e+02
4.014521789550781250e+02 6.647228240966796875e+02 2.082436180114746094e+02
4.008684158325195312e+02 6.630000305175781250e+02 2.089999961853027344e+02
4.006110000610351562e+02 6.621727752685546875e+02 2.089999961853027344e+02
4.006454086303710938e+02 6.629732513427734375e+02 2.100042152404785156e+02
4.004611968994140625e+02 6.626221466064453125e+02 2.103403663635253906e+02
4.005403137207031250e+02 6.623808288574218750e+02 2.096736907958984375e+02
4.005638504028320312e+02 6.632888031005859375e+02 2.107406997680664062e+02
4.003820037841796875e+02 6.629732513427734375e+02 2.110444259643554688e+02
4.001191329956054688e+02 6.630000305175781250e+02 2.119999885559082031e+02
4.004741668701171875e+02 6.635988616943359375e+02 2.114073753356933594e+02
4.000679016113281250e+02 6.620000457763671875e+02 2.109999847412109375e+02
3.996819686889648438e+02 6.609740447998046875e+02 2.109910774230957031e+02
4.003372192382812500e+02 6.620285034179687500e+02 2.100042152404785156e+02
3.997354125976562500e+02 6.619167327880859375e+02 2.120795249938964844e+02
3.995849990844726562e+02 6.612901306152343750e+02 2.117992019653320312e+02
3.995822906494140625e+02 6.622629547119140625e+02 2.129999923706054688e+02
3.994896316528320312e+02 6.615277862548828125e+02 2.124658775329589844e+02
3.993719482421875000e+02 6.609740447998046875e+02 2.120795249938964844e+02
3.994062805175781250e+02 6.617629241943359375e+02 2.129999923706054688e+02
3.992217254638671875e+02 6.620936584472656250e+02 2.139061164855957031e+02
3.991075515747070312e+02 6.610000610351562500e+02 2.129999923706054688e+02
3.986779785156250000e+02 6.599909210205078125e+02 2.129566574096679688e+02
3.987440490722656250e+02 6.609479522705078125e+02 2.140447807312011719e+02
3.985852813720703125e+02 6.603182220458984375e+02 2.137413024902343750e+02
3.984659957885742188e+02 6.605799102783203125e+02 2.144079589843750000e+02
3.986027526855468750e+02 6.612465667724609375e+02 2.147703742980957031e+02
3.983686828613281250e+02 6.609479522705078125e+02 2.150622177124023438e+02
3.987442779541015625e+02 6.619420623779296875e+02 2.150622177124023438e+02
3.984749221801757812e+02 6.615701293945312500e+02 2.154370498657226562e+02
3.985896301269531250e+02 6.622367858886718750e+02 2.157117652893066406e+02
3.991110610961914062e+02 6.630000305175781250e+02 2.150000000000000000e+02
3.994019317626953125e+02 6.630000305175781250e+02 2.142335891723632812e+02
3.986953735351562500e+02 6.630046844482421875e+02 2.160270500183105469e+02
3.993664169311523438e+02 6.639295959472656250e+02 2.150013542175292969e+02
3.989688491821289062e+02 6.640000152587890625e+02 2.159999847412109375e+02
3.995660018920898438e+02 6.642159271240234375e+02 2.146689414978027344e+02
3.994463348388671875e+02 6.650000000000000000e+02 2.153673934936523438e+02
3.994878387451171875e+02 6.635492706298828125e+02 2.144679260253906250e+02
3.997169113159179688e+02 6.639295959472656250e+02 2.140807533264160156e+02
3.999762725830078125e+02 6.650000000000000000e+02 2.139999961853027344e+02
3.995832824707031250e+02 6.630000305175781250e+02 2.137335968017578125e+02
4.001005172729492188e+02 6.640000152587890625e+02 2.129999923706054688e+02
3.998208236694335938e+02 6.630000305175781250e+02 2.129999923706054688e+02
4.003876113891601562e+02 6.639593505859375000e+02 2.120219993591308594e+02
3.995036315917968750e+02 6.624894714355468750e+02 2.135101890563964844e+02
3.996454238891601562e+02 6.650000000000000000e+02 2.148673820495605469e+02
4.001433944702148438e+02 6.660000610351562500e+02 2.139999961853027344e+02
3.997058868408203125e+02 6.659214019775390625e+02 2.150925445556640625e+02
4.003074264526367188e+02 6.670778656005859375e+02 2.139055061340332031e+02
3.998639297485351562e+02 6.670000457763671875e+02 2.150000000000000000e+02
4.003093719482421875e+02 6.680000305175781250e+02 2.140333938598632812e+02
3.999172592163085938e+02 6.680000305175781250e+02 2.150000000000000000e+02
4.003093719482421875e+02 6.690000152587890625e+02 2.140394592285156250e+02
4.005133819580078125e+02 6.680000305175781250e+02 2.135334014892578125e+02
4.005159378051757812e+02 6.690000152587890625e+02 2.135394668579101562e+02
4.006882858276367188e+02 6.690000152587890625e+02 2.129999923706054688e+02
4.005070114135742188e+02 6.695738983154296875e+02 2.135172653198242188e+02
4.003102493286132812e+02 6.699443817138671875e+02 2.139103507995605469e+02
4.006230926513671875e+02 6.699443817138671875e+02 2.130551338195800781e+02
4.004743194580078125e+02 6.702405548095703125e+02 2.134252166748046875e+02
4.009425354003906250e+02 6.700000000000000000e+02 2.119999885559082031e+02
4.005981826782226562e+02 6.710000610351562500e+02 2.127956962585449219e+02
4.008452606201171875e+02 6.710000610351562500e+02 2.119999885559082031e+02
4.005456924438476562e+02 6.717781066894531250e+02 2.126357078552246094e+02
4.004291534423828125e+02 6.710000610351562500e+02 2.132957077026367188e+02
4.001591873168945312e+02 6.710000610351562500e+02 2.139999961853027344e+02
4.003751754760742188e+02 6.720668792724609375e+02 2.129814147949218750e+02
4.004904556274414062e+02 6.724447631835937500e+02 2.124708175659179688e+02
4.000042343139648438e+02 6.720000457763671875e+02 2.139999961853027344e+02
4.001731872558593750e+02 6.730000305175781250e+02 2.129999923706054688e+02
4.004273986816406250e+02 6.730000305175781250e+02 2.122789764404296875e+02
3.997394943237304688e+02 6.730791473388671875e+02 2.140873908996582031e+02
3.999126434326171875e+02 6.740000152587890625e+02 2.129999923706054688e+02
4.002968597412109375e+02 6.739482879638671875e+02 2.119406890869140625e+02
3.996137237548828125e+02 6.740000152587890625e+02 2.137849998474121094e+02
3.996347045898437500e+02 6.749481964111328125e+02 2.129676437377929688e+02
3.995275115966796875e+02 6.745802307128906250e+02 2.135676765441894531e+02
3.995444869995117188e+02 6.756113433837890625e+02 2.126127243041992188e+02
3.994099426269531250e+02 6.752469635009765625e+02 2.132793998718261719e+02
3.992394256591796875e+02 6.749481964111328125e+02 2.139406013488769531e+02
3.992548751831054688e+02 6.759667968750000000e+02 2.129676437377929688e+02
3.994081115722656250e+02 6.762779998779296875e+02 2.122524452209472656e+02
3.987701034545898438e+02 6.760420227050781250e+02 2.140444946289062500e+02
3.987635803222656250e+02 6.770387268066406250e+02 2.130317878723144531e+02
3.986066818237304688e+02 6.767311859130859375e+02 2.137408256530761719e+02
3.985911560058593750e+02 6.776732635498046875e+02 2.127196502685546875e+02
3.984505081176757812e+02 6.773978424072265625e+02 2.133863067626953125e+02
3.983220291137695312e+02 6.770387268066406250e+02 2.140444946289062500e+02
3.982782363891601562e+02 6.780039978027343750e+02 2.130317878723144531e+02
3.984119033813476562e+02 6.783399200439453125e+02 2.122825241088867188e+02
3.978086853027343750e+02 6.780399322509765625e+02 2.140291213989257812e+02
3.977354431152343750e+02 6.790011596679687500e+02 2.129628181457519531e+02
3.976013565063476562e+02 6.786685943603515625e+02 2.137152099609375000e+02
3.975458145141601562e+02 6.795696258544921875e+02 2.126047134399414062e+02
3.973966979980468750e+02 6.793352508544921875e+02 2.132713699340820312e+02
3.972448730468750000e+02 6.790011596679687500e+02 2.140291213989257812e+02
3.971341705322265625e+02 6.799417877197265625e+02 2.129628181457519531e+02
3.973345184326171875e+02 6.802569580078125000e+02 2.119999885559082031e+02
3.966833496093750000e+02 6.799610900878906250e+02 2.139069938659667969e+02
3.966201782226562500e+02 6.806559753417968750e+02 2.129999923706054688e+02
3.962224960327148438e+02 6.811560058593750000e+02 2.129999923706054688e+02
3.967878341674804688e+02 6.810202026367187500e+02 2.119488716125488281e+02
3.965058517456054688e+02 6.805076599121093750e+02 2.135116767883300781e+02
3.959525299072265625e+02 6.809406280517578125e+02 2.139080810546875000e+02
3.956660842895507812e+02 6.807068634033203125e+02 2.148031044006347656e+02
3.955723190307617188e+02 6.815837860107421875e+02 2.136378288269042969e+02
3.963327407836914062e+02 6.802684020996093750e+02 2.141783523559570312e+02
3.953908157348632812e+02 6.813735198974609375e+02 2.143045043945312500e+02
3.952391052246093750e+02 6.810240936279296875e+02 2.150818634033203125e+02
3.949974060058593750e+02 6.819953918457031250e+02 2.139930915832519531e+02
3.952786254882812500e+02 6.822590637207031250e+02 2.129999923706054688e+02
3.946873855590820312e+02 6.817003631591796875e+02 2.150000000000000000e+02
3.944052886962890625e+02 6.824069213867187500e+02 2.143483543395996094e+02
3.946039962768554688e+02 6.826034545898437500e+02 2.136816978454589844e+02
3.939926528930664062e+02 6.829924774169921875e+02 2.139870071411132812e+02
3.947786331176757812e+02 6.827782440185546875e+02 2.129999923706054688e+02
3.950079727172851562e+02 6.830079650878906250e+02 2.120192527770996094e+02
3.942562103271484375e+02 6.832781982421875000e+02 2.129999923706054688e+02
3.944282913208007812e+02 6.834342193603515625e+02 2.123525810241699219e+02
3.937561798095703125e+02 6.837193298339843750e+02 2.129999923706054688e+02
3.939841079711914062e+02 6.839839935302734375e+02 2.119670104980468750e+02
3.930187988281250000e+02 6.842716217041015625e+02 2.130922889709472656e+02
3.935799789428710938e+02 6.835680389404296875e+02 2.136256408691406250e+02
3.930123901367187500e+02 6.838224029541015625e+02 2.139753913879394531e+02
3.926873397827148438e+02 6.836425018310546875e+02 2.147402191162109375e+02
3.933539962768554688e+02 6.833815002441406250e+02 2.142923164367675781e+02
3.922847366333007812e+02 6.843520355224609375e+02 2.139999961853027344e+02
3.924908065795898438e+02 6.844935607910156250e+02 2.134871482849121094e+02
3.917847061157226562e+02 6.846862030029296875e+02 2.139999961853027344e+02
3.919867706298828125e+02 6.839891815185546875e+02 2.149848175048828125e+02
3.924180603027343750e+02 6.834418487548828125e+02 2.154068756103515625e+02
3.912348556518554688e+02 6.843358612060546875e+02 2.152294158935546875e+02
3.917514038085937500e+02 6.836692047119140625e+02 2.157513999938964844e+02
3.915554809570312500e+02 6.845366668701171875e+02 2.145627593994140625e+02
3.909408950805664062e+02 6.846868896484375000e+02 2.149376487731933594e+02
3.899917984008789062e+02 6.851950073242187500e+02 2.149835205078125000e+02
3.909814071655273438e+02 6.851895141601562500e+02 2.139917945861816406e+02
3.905681991577148438e+02 6.845406341552734375e+02 2.155619430541992188e+02
3.909887695312500000e+02 6.839919281005859375e+02 2.159900093078613281e+02
3.899016952514648438e+02 6.846554565429687500e+02 2.159371566772460938e+02
3.901694869995117188e+02 6.843146514892578125e+02 2.162286186218261719e+02
3.895027923583984375e+02 6.845015716552734375e+02 2.165021324157714844e+02
3.889534378051757812e+02 6.851261901855468750e+02 2.159390449523925781e+02
3.892557144165039062e+02 6.853835296630859375e+02 2.153058815002441406e+02
3.885890579223632812e+02 6.855411529541015625e+02 2.155650711059570312e+02
3.889999771118164062e+02 6.846200561523437500e+02 2.166661834716796875e+02
3.879999923706054688e+02 6.853447723388671875e+02 2.162624359130859375e+02
3.874140548706054688e+02 6.854678344726562500e+02 2.164514923095703125e+02
3.879999923706054688e+02 6.856655120849609375e+02 2.157624435424804688e+02
3.879864120483398438e+02 6.848133850097656250e+02 2.170316696166992188e+02
3.876440048217773438e+02 6.845626068115234375e+02 2.175796127319335938e+02
3.870484161376953125e+02 6.852272796630859375e+02 2.169747734069824219e+02
3.883106613159179688e+02 6.844127655029296875e+02 2.173861122131347656e+02
3.880423736572265625e+02 6.840190887451171875e+02 2.180230140686035156e+02
3.889999771118164062e+02 6.842502593994140625e+02 2.171661949157714844e+02
3.889999771118164062e+02 6.837503051757812500e+02 2.178050994873046875e+02
3.899142456054687500e+02 6.839511108398437500e+02 2.169357109069824219e+02
3.903256988525390625e+02 6.833983612060546875e+02 2.173692893981933594e+02
3.896590423583984375e+02 6.835876464843750000e+02 2.176070404052734375e+02
3.907426834106445312e+02 6.836479949951171875e+02 2.167026138305664062e+02
3.910456085205078125e+02 6.832147979736328125e+02 2.170215606689453125e+02
3.914093399047851562e+02 6.834418487548828125e+02 2.164180564880371094e+02
3.909999847412109375e+02 6.826871490478515625e+02 2.177174949645996094e+02
3.919153213500976562e+02 6.827031707763671875e+02 2.169354248046875000e+02
3.921921920776367188e+02 6.822760772705078125e+02 2.172257232666015625e+02
3.920508193969726562e+02 6.832575225830078125e+02 2.160508346557617188e+02
3.915255355834960938e+02 6.825179290771484375e+02 2.175206947326660156e+02
3.925581359863281250e+02 6.825456237792968750e+02 2.165590476989746094e+02
3.929291915893554688e+02 6.819390106201171875e+02 2.169263267517089844e+02
3.929348754882812500e+02 6.826998138427734375e+02 2.159105682373046875e+02
3.932247924804687500e+02 6.822686767578125000e+02 2.161842918395996094e+02
3.930123901367187500e+02 6.832013702392578125e+02 2.150441360473632812e+02
3.935139083862304688e+02 6.825122833251953125e+02 2.155176162719726562e+02
3.936893844604492188e+02 6.826703643798828125e+02 2.150000000000000000e+02
3.938948822021484375e+02 6.818978118896484375e+02 2.158606338500976562e+02
3.942758941650390625e+02 6.812685394287109375e+02 2.162036323547363281e+02
3.941893768310546875e+02 6.822003936767578125e+02 2.150000000000000000e+02
3.945257186889648438e+02 6.815269470214843750e+02 2.155369567871093750e+02
3.936092376708984375e+02 6.816019439697265625e+02 2.166269302368164062e+02
3.939621734619140625e+02 6.809599304199218750e+02 2.169549751281738281e+02
3.943151473999023438e+02 6.802970886230468750e+02 2.172830200195312500e+02
3.936484527587890625e+02 6.806513214111328125e+02 2.176567077636718750e+02
3.945907592773437500e+02 6.806018829345703125e+02 2.166163635253906250e+02
3.933002853393554688e+02 6.813179779052734375e+02 2.172936058044433594e+02
3.929727172851562500e+02 6.809739685058593750e+02 2.179735946655273438e+02
3.926451873779296875e+02 6.806299591064453125e+02 2.186254692077636719e+02
3.926335906982421875e+02 6.816094207763671875e+02 2.176238059997558594e+02
3.933118438720703125e+02 6.803214263916015625e+02 2.183233833312988281e+02
3.922369384765625000e+02 6.812966156005859375e+02 2.182904815673828125e+02
3.918951416015625000e+02 6.809185028076171875e+02 2.189218521118164062e+02
3.918812179565429688e+02 6.819129943847656250e+02 2.179055786132812500e+02
3.909999847412109375e+02 6.822434997558593750e+02 2.182174873352050781e+02
3.915702819824218750e+02 6.815499877929687500e+02 2.185515403747558594e+02
3.909999847412109375e+02 6.817434692382812500e+02 2.187474632263183594e+02
3.900732040405273438e+02 6.820437622070312500e+02 2.190456199645996094e+02
3.909999847412109375e+02 6.812368011474609375e+02 2.192474555969238281e+02
3.904091644287109375e+02 6.814419555664062500e+02 2.194450569152832031e+02
3.909999847412109375e+02 6.807368469238281250e+02 2.197117996215820312e+02
3.915533828735351562e+02 6.805404663085937500e+02 2.195364379882812500e+02
3.900467300415039062e+02 6.810301971435546875e+02 2.200252532958984375e+02
3.910868453979492188e+02 6.800382232666015625e+02 2.202610969543457031e+02
3.903509902954101562e+02 6.803970336914062500e+02 2.204126358032226562e+02
3.914780807495117188e+02 6.794825744628906250e+02 2.204861068725585938e+02
3.908114242553710938e+02 6.797303771972656250e+02 2.206867790222167969e+02
3.919320297241210938e+02 6.799645996093750000e+02 2.197681427001953125e+02
3.920000076293945312e+02 6.792562103271484375e+02 2.203078460693359375e+02
3.922200393676757812e+02 6.802743530273437500e+02 2.192921447753906250e+02
3.926162719726562500e+02 6.796076965332031250e+02 2.195910263061523438e+02
3.929043579101562500e+02 6.789016723632812500e+02 2.199222755432128906e+02
3.929640579223632812e+02 6.799645233154296875e+02 2.189680862426757812e+02
3.932829284667968750e+02 6.792776489257812500e+02 2.193107223510742188e+02
3.936452102661132812e+02 6.796547698974609375e+02 2.186440467834472656e+02
3.939801788330078125e+02 6.799758911132812500e+02 2.179762649536132812e+02
3.939538192749023438e+02 6.789430236816406250e+02 2.189515304565429688e+02
3.942623901367187500e+02 6.781919860839843750e+02 2.192590141296386719e+02
3.943119049072265625e+02 6.792750549316406250e+02 2.182958030700683594e+02
3.935957336425781250e+02 6.786109924316406250e+02 2.195868682861328125e+02
3.945833206176757812e+02 6.786083984375000000e+02 2.185923576354980469e+02
3.947468948364257812e+02 6.779151916503906250e+02 2.189554023742675781e+02
3.949303817749023438e+02 6.789043426513671875e+02 2.179128837585449219e+02
3.952952194213867188e+02 6.780000305175781250e+02 2.182510375976562500e+02
3.952774429321289062e+02 6.792003631591796875e+02 2.172054862976074219e+02
3.946107864379882812e+02 6.796304321289062500e+02 2.176291465759277344e+02
3.955226516723632812e+02 6.785337066650390625e+02 2.175299644470214844e+02
3.956854629516601562e+02 6.780000305175781250e+02 2.177510452270507812e+02
3.956732177734375000e+02 6.789202117919921875e+02 2.169232940673828125e+02
3.961922073364257812e+02 6.780076599121093750e+02 2.170007514953613281e+02
3.955263137817382812e+02 6.795354461669921875e+02 2.165388298034667969e+02
3.961950302124023438e+02 6.790007781982421875e+02 2.160076332092285156e+02
3.964064025878906250e+02 6.783460998535156250e+02 2.163460540771484375e+02
3.963923263549804688e+02 6.793346405029296875e+02 2.153010749816894531e+02
3.956889724731445312e+02 6.797595977783203125e+02 2.159999847412109375e+02
3.966038894653320312e+02 6.786679840087890625e+02 2.156793785095214844e+02
3.967691802978515625e+02 6.790007781982421875e+02 2.149806404113769531e+02
3.968005752563476562e+02 6.780076599121093750e+02 2.160076332092285156e+02
3.973021316528320312e+02 6.770534515380859375e+02 2.160372734069824219e+02
3.973032760620117188e+02 6.780399322509765625e+02 2.150542640686035156e+02
3.966038894653320312e+02 6.776794433593750000e+02 2.166679191589355469e+02
3.967680358886718750e+02 6.769806671142578125e+02 2.170007514953613281e+02
3.972381210327148438e+02 6.760213470458984375e+02 2.169898223876953125e+02
3.963912582397460938e+02 6.773011016845703125e+02 2.173345947265625000e+02
3.965696716308593750e+02 6.766344451904296875e+02 2.176000595092773438e+02
3.967177963256835938e+02 6.760000610351562500e+02 2.178155899047851562e+02
3.960264205932617188e+02 6.770479583740234375e+02 2.180357551574707031e+02
3.963641738891601562e+02 6.760000610351562500e+02 2.183156013488769531e+02
3.956615447998046875e+02 6.767948150634765625e+02 2.186970710754394531e+02
3.954769515991210938e+02 6.774614715576171875e+02 2.184714317321777344e+02
3.952248382568359375e+02 6.770769500732421875e+02 2.190182495117187500e+02
3.953799438476562500e+02 6.762808990478515625e+02 2.193637466430664062e+02
3.946733474731445312e+02 6.770000457763671875e+02 2.196838760375976562e+02
3.945178604125976562e+02 6.775253295898437500e+02 2.195185279846191406e+02
3.940334701538085938e+02 6.770967864990234375e+02 2.202450180053710938e+02
3.949847793579101562e+02 6.759695434570312500e+02 2.199804115295410156e+02
3.952510452270507812e+02 6.750000000000000000e+02 2.202279853820800781e+02
3.945896148681640625e+02 6.756581115722656250e+02 2.205897140502929688e+02
3.955580139160156250e+02 6.756142425537109375e+02 2.195675277709960938e+02
3.943891525268554688e+02 6.763247680664062500e+02 2.203932952880859375e+02
3.939775085449218750e+02 6.759626770019531250e+02 2.209764671325683594e+02
3.935658645629882812e+02 6.756005859375000000e+02 2.215562438964843750e+02
3.937224578857421875e+02 6.768279266357421875e+02 2.206965446472167969e+02
3.933320617675781250e+02 6.762672424316406250e+02 2.213632011413574219e+02
3.942335128784179688e+02 6.750000000000000000e+02 2.212548255920410156e+02
3.944121170043945312e+02 6.743114471435546875e+02 2.214167213439941406e+02
3.937334823608398438e+02 6.750000000000000000e+02 2.217041397094726562e+02
3.947510147094726562e+02 6.750000000000000000e+02 2.207548332214355469e+02
3.949867248535156250e+02 6.739690399169921875e+02 2.209856796264648438e+02
3.951844787597656250e+02 6.730000305175781250e+02 2.211752128601074219e+02
3.954117584228515625e+02 6.742933654785156250e+02 2.204031181335449219e+02
3.945616531372070312e+02 6.736447906494140625e+02 2.215595054626464844e+02
3.955502700805664062e+02 6.736267089843750000e+02 2.205546379089355469e+02
3.956600189208984375e+02 6.730000305175781250e+02 2.206752204895019531e+02
3.958496475219726562e+02 6.739760589599609375e+02 2.200418663024902344e+02
3.962274169921875000e+02 6.730982971191406250e+02 2.199776458740234375e+02
3.963993453979492188e+02 6.740000152587890625e+02 2.193746757507324219e+02
3.956935882568359375e+02 6.750000000000000000e+02 2.197279930114746094e+02
3.962493133544921875e+02 6.750873565673828125e+02 2.190004730224609375e+02
3.958261489868164062e+02 6.759685516357421875e+02 2.190182495117187500e+02
3.966289138793945312e+02 6.748123168945312500e+02 2.186674499511718750e+02
3.964907073974609375e+02 6.754789733886718750e+02 2.184873962402343750e+02
3.970081329345703125e+02 6.750185394287109375e+02 2.180111312866210938e+02
3.972862625122070312e+02 6.740000152587890625e+02 2.181871604919433594e+02
3.973873519897460938e+02 6.752248382568359375e+02 2.173163795471191406e+02
3.975231552124023438e+02 6.745581817626953125e+02 2.175348663330078125e+02
3.976222610473632812e+02 6.740000152587890625e+02 2.176871490478515625e+02
3.976983261108398438e+02 6.749349212646484375e+02 2.169898223876953125e+02
3.982478332519531250e+02 6.750074005126953125e+02 2.159756088256835938e+02
3.981290435791015625e+02 6.739005279541015625e+02 2.169003105163574219e+02
3.975886154174804688e+02 6.757022094726562500e+02 2.166497039794921875e+02
3.977920913696289062e+02 6.760213470458984375e+02 2.160372734069824219e+02
3.974398422241210938e+02 6.763688659667968750e+02 2.163954544067382812e+02
3.983131027221679688e+02 6.760420227050781250e+02 2.150263214111328125e+02
3.976258468627929688e+02 6.767557525634765625e+02 2.157287979125976562e+02
3.978272628784179688e+02 6.770534515380859375e+02 2.150542640686035156e+02
3.974598312377929688e+02 6.774224090576171875e+02 2.154237747192382812e+02
3.976292800903320312e+02 6.777332305908203125e+02 2.147570991516113281e+02
3.984390640258789062e+02 6.753456878662109375e+02 2.153771972656250000e+02
3.984569549560546875e+02 6.764034271240234375e+02 2.144075012207031250e+02
3.986001968383789062e+02 6.757366943359375000e+02 2.147105407714843750e+02
3.987338638305664062e+02 6.750074005126953125e+02 2.150263214111328125e+02
3.990901565551757812e+02 6.740000152587890625e+02 2.150000000000000000e+02
3.985673141479492188e+02 6.746790313720703125e+02 2.156260108947753906e+02
3.986442184448242188e+02 6.739005279541015625e+02 2.159756088256835938e+02
3.988891601562500000e+02 6.730000305175781250e+02 2.159999847412109375e+02
3.985002899169921875e+02 6.735009002685546875e+02 2.165005111694335938e+02
3.983853912353515625e+02 6.741675567626953125e+02 2.162926673889160156e+02
3.985670471191406250e+02 6.730000305175781250e+02 2.166186904907226562e+02
3.982778167724609375e+02 6.730000305175781250e+02 2.171186828613281250e+02
3.986878204345703125e+02 6.720000457763671875e+02 2.168381500244140625e+02
3.987417984008789062e+02 6.710175323486328125e+02 2.170758628845214844e+02
3.984055328369140625e+02 6.720000457763671875e+02 2.173381423950195312e+02
3.991244506835937500e+02 6.720000457763671875e+02 2.159999847412109375e+02
3.993181610107421875e+02 6.710652160644531250e+02 2.159461021423339844e+02
3.994366073608398438e+02 6.720000457763671875e+02 2.153593826293945312e+02
3.994920730590820312e+02 6.714420318603515625e+02 2.154820632934570312e+02
3.996530914306640625e+02 6.720000457763671875e+02 2.148593711853027344e+02
3.993523788452148438e+02 6.730791473388671875e+02 2.149982452392578125e+02
3.995714569091796875e+02 6.727986145019531250e+02 2.146637535095214844e+02
3.994911956787109375e+02 6.734652709960937500e+02 2.144789886474609375e+02
3.994100570678710938e+02 6.740000152587890625e+02 2.142849922180175781e+02
3.997054672241210938e+02 6.710652160644531250e+02 2.150892448425292969e+02
3.995357131958007812e+02 6.707753753662109375e+02 2.155768585205078125e+02
3.998564147949218750e+02 6.700000000000000000e+02 2.150000000000000000e+02
3.999138641357421875e+02 6.690000152587890625e+02 2.150000000000000000e+02
3.995743560791015625e+02 6.700000000000000000e+02 2.156626319885253906e+02
3.996044921875000000e+02 6.690000152587890625e+02 2.157349586486816406e+02
3.993393707275390625e+02 6.700000000000000000e+02 2.161626243591308594e+02
3.993770217895507812e+02 6.690000152587890625e+02 2.162349700927734375e+02
3.989149856567382812e+02 6.700000000000000000e+02 2.169999885559082031e+02
3.985755920410156250e+02 6.700000000000000000e+02 2.176295661926269531e+02
3.989977264404296875e+02 6.690000152587890625e+02 2.169999885559082031e+02
3.990173339843750000e+02 6.680000305175781250e+02 2.169999885559082031e+02
3.986207199096679688e+02 6.690000152587890625e+02 2.177130317687988281e+02
3.983323287963867188e+02 6.690000152587890625e+02 2.182130241394042969e+02
3.986329269409179688e+02 6.680000305175781250e+02 2.177420616149902344e+02
3.983546066284179688e+02 6.680000305175781250e+02 2.182420730590820312e+02
3.986118698120117188e+02 6.670000457763671875e+02 2.177104568481445312e+02
3.985630035400390625e+02 6.660000610351562500e+02 2.176209640502929688e+02
3.989702606201171875e+02 6.670000457763671875e+02 2.169999885559082031e+02
3.983429718017578125e+02 6.670000457763671875e+02 2.182104492187500000e+02
3.982993698120117188e+02 6.660000610351562500e+02 2.181209754943847656e+02
3.978961944580078125e+02 6.670000457763671875e+02 2.189999961853027344e+02
3.977566146850585938e+02 6.659615325927734375e+02 2.190867805480957031e+02
3.975532150268554688e+02 6.670000457763671875e+02 2.195795059204101562e+02
3.979113769531250000e+02 6.680000305175781250e+02 2.189999961853027344e+02
3.975567245483398438e+02 6.680000305175781250e+02 2.195821571350097656e+02
3.977857971191406250e+02 6.690876007080078125e+02 2.190978813171386719e+02
3.975332260131835938e+02 6.688126373291015625e+02 2.195468521118164062e+02
3.974976730346679688e+02 6.694792938232421875e+02 2.194964790344238281e+02
3.977760696411132812e+02 6.700000000000000000e+02 2.189278793334960938e+02
3.974497222900390625e+02 6.700000000000000000e+02 2.194278717041015625e+02
3.976956558227539062e+02 6.710000610351562500e+02 2.187881660461425781e+02
3.982760620117187500e+02 6.700000000000000000e+02 2.181295585632324219e+02
3.982426071166992188e+02 6.710175323486328125e+02 2.179315376281738281e+02
3.984767913818359375e+02 6.713625335693359375e+02 2.174597930908203125e+02
3.979940414428710938e+02 6.720000457763671875e+02 2.179999923706054688e+02
3.985314941406250000e+02 6.706958007812500000e+02 2.175525856018066406e+02
3.975885009765625000e+02 6.720000457763671875e+02 2.186264610290527344e+02
3.977330398559570312e+02 6.729376220703125000e+02 2.180288124084472656e+02
3.975180053710937500e+02 6.725627136230468750e+02 2.185250854492187500e+02
3.974194335937500000e+02 6.732293701171875000e+02 2.183813476562500000e+02
3.970119476318359375e+02 6.730299377441406250e+02 2.190119361877441406e+02
3.964990234375000000e+02 6.734970855712890625e+02 2.194987678527832031e+02
3.966044235229492188e+02 6.728304290771484375e+02 2.196294021606445312e+02
3.972253036499023438e+02 6.720000457763671875e+02 2.191264724731445312e+02
3.967862701416015625e+02 6.740000152587890625e+02 2.188746833801269531e+02
3.973484802246093750e+02 6.710000610351562500e+02 2.192881584167480469e+02
3.967253112792968750e+02 6.720000457763671875e+02 2.197829437255859375e+02
3.963196945190429688e+02 6.720000457763671875e+02 2.202829360961914062e+02
3.967870330810546875e+02 6.709339141845703125e+02 2.200487136840820312e+02
3.970234298706054688e+02 6.700000000000000000e+02 2.200000000000000000e+02
3.965137863159179688e+02 6.705564880371093750e+02 2.205166625976562500e+02
3.964298248291015625e+02 6.712231445312500000e+02 2.204145240783691406e+02
3.959948348999023438e+02 6.709691619873046875e+02 2.209899330139160156e+02
3.961528396606445312e+02 6.700000000000000000e+02 2.210923385620117188e+02
3.954650115966796875e+02 6.713817596435546875e+02 2.214631843566894531e+02
3.955598068237304688e+02 6.707151031494140625e+02 2.215629386901855469e+02
3.958197021484375000e+02 6.720000457763671875e+02 2.208566284179687500e+02
3.953619766235351562e+02 6.720000457763671875e+02 2.213566207885742188e+02
3.948619842529296875e+02 6.720000457763671875e+02 2.218571090698242188e+02
3.946844482421875000e+02 6.730000305175781250e+02 2.216802787780761719e+02
3.950139617919921875e+02 6.710448455810546875e+02 2.220124435424804688e+02
3.943444061279296875e+02 6.720000457763671875e+02 2.223571014404296875e+02
3.944589233398437500e+02 6.713745117187500000e+02 2.224619483947753906e+02
3.938444137573242188e+02 6.720000457763671875e+02 2.228007507324218750e+02
3.941464996337890625e+02 6.730000305175781250e+02 2.221802902221679688e+02
3.936465072631835938e+02 6.730000305175781250e+02 2.226273727416992188e+02
3.939702606201171875e+02 6.739353942871093750e+02 2.219710540771484375e+02
3.935284042358398438e+02 6.735594177246093750e+02 2.225245475769042969e+02
3.933547210693359375e+02 6.742260742187500000e+02 2.223826026916503906e+02
3.930128479003906250e+02 6.739356231689453125e+02 2.227703094482421875e+02
3.930128479003906250e+02 6.750791931152343750e+02 2.222526359558105469e+02
3.926880645751953125e+02 6.747986602783203125e+02 2.226439094543457031e+02
3.929992294311523438e+02 6.759603881835937500e+02 2.217986488342285156e+02
3.924744796752929688e+02 6.754653167724609375e+02 2.224822044372558594e+02
3.920159912109375000e+02 6.750215148925781250e+02 2.230066108703613281e+02
3.922508239746093750e+02 6.760000610351562500e+02 2.223311424255371094e+02
3.917508316040039062e+02 6.760000610351562500e+02 2.226650619506835938e+02
3.919542694091796875e+02 6.769508361816406250e+02 2.219664001464843750e+02
3.923818969726562500e+02 6.773733520507812500e+02 2.214185714721679688e+02
3.915266418457031250e+02 6.765283203125000000e+02 2.225174522399902344e+02
3.917152404785156250e+02 6.777031707763671875e+02 2.216401672363281250e+02
3.926653671264648438e+02 6.767066955566406250e+02 2.216259765625000000e+02
3.911746978759765625e+02 6.771950531005859375e+02 2.223068428039550781e+02
3.909048080444335938e+02 6.769170379638671875e+02 2.226416015625000000e+02
3.909275436401367188e+02 6.779383850097656250e+02 2.219564247131347656e+02
3.913470840454101562e+02 6.783698272705078125e+02 2.214055061340332031e+02
3.905080413818359375e+02 6.775068664550781250e+02 2.225046539306640625e+02
3.906804275512695312e+02 6.786437225341796875e+02 2.216060066223144531e+02
3.900000000000000000e+02 6.782069396972656250e+02 2.222953224182128906e+02
3.900000000000000000e+02 6.777069854736328125e+02 2.226389694213867188e+02
3.899440765380859375e+02 6.789862823486328125e+02 2.217602729797363281e+02
3.894122314453125000e+02 6.784357452392578125e+02 2.224544334411621094e+02
3.889672851562500000e+02 6.779759979248046875e+02 2.229837989807128906e+02
3.890473175048828125e+02 6.789984893798828125e+02 2.222187042236328125e+02
3.887455368041992188e+02 6.786640930175781250e+02 2.226203155517578125e+02
3.889999771118164062e+02 6.797290039062500000e+02 2.216825485229492188e+02
3.882178497314453125e+02 6.793307495117187500e+02 2.223700332641601562e+02
3.879307174682617188e+02 6.789984893798828125e+02 2.227427864074707031e+02
3.879592895507812500e+02 6.799752807617187500e+02 2.219808197021484375e+02
3.870000076293945312e+02 6.801683044433593750e+02 2.222356033325195312e+02
3.883674240112304688e+02 6.804216766357421875e+02 2.214347839355468750e+02
3.875511550903320312e+02 6.795288085937500000e+02 2.225224494934082031e+02
3.877007675170898438e+02 6.806099700927734375e+02 2.215916061401367188e+02
3.870000076293945312e+02 6.807830047607421875e+02 2.217355918884277344e+02
3.880766677856445312e+02 6.810414123535156250e+02 2.210369873046875000e+02
3.870000076293945312e+02 6.812830352783203125e+02 2.213111114501953125e+02
3.884525680541992188e+02 6.814727783203125000e+02 2.204749298095703125e+02
3.877859115600585938e+02 6.816520690917968750e+02 2.206391906738281250e+02
3.889999771118164062e+02 6.808184051513671875e+02 2.207778739929199219e+02
3.889999771118164062e+02 6.813183593750000000e+02 2.203346252441406250e+02
3.896843338012695312e+02 6.806184387207031250e+02 2.206023597717285156e+02
3.889999771118164062e+02 6.802290344238281250e+02 2.212778663635253906e+02
3.899622344970703125e+02 6.799736785888671875e+02 2.209778976440429688e+02
3.895734786987304688e+02 6.795503234863281250e+02 2.215400314331054688e+02
3.902401733398437500e+02 6.793103790283203125e+02 2.213534545898437500e+02
3.910792541503906250e+02 6.790631866455078125e+02 2.210461425781250000e+02
3.920000076293945312e+02 6.787561798095703125e+02 2.206937599182128906e+02
3.925258255004882812e+02 6.785256958007812500e+02 2.205195045471191406e+02
3.920291519165039062e+02 6.780219268798828125e+02 2.212061500549316406e+02
3.927662277221679688e+02 6.780000305175781250e+02 2.207035636901855469e+02
3.932662200927734375e+02 6.780000305175781250e+02 2.203125381469726562e+02
3.930805969238281250e+02 6.771006774902343750e+02 2.210575485229492188e+02
3.934957885742187500e+02 6.774945831298828125e+02 2.204965019226074219e+02
3.939574432373046875e+02 6.779151916503906250e+02 2.197611427307128906e+02
3.889999771118164062e+02 6.818534088134765625e+02 2.198346328735351562e+02
3.881353759765625000e+02 6.820718383789062500e+02 2.200674438476562500e+02
3.889999771118164062e+02 6.823534393310546875e+02 2.193533706665039062e+02
3.897425079345703125e+02 6.816461944580078125e+02 2.196378898620605469e+02
3.889999771118164062e+02 6.828302001953125000e+02 2.188533782958984375e+02
3.884848785400390625e+02 6.824916839599609375e+02 2.194916534423828125e+02
3.881294631958007812e+02 6.830637359619140625e+02 2.190668487548828125e+02
3.884407424926757812e+02 6.834704589843750000e+02 2.184664154052734375e+02
3.878181838989257812e+02 6.826569366455078125e+02 2.196599578857421875e+02
3.877740859985351562e+02 6.836254119873046875e+02 2.186420440673828125e+02
3.870000076293945312e+02 6.833354949951171875e+02 2.193213272094726562e+02
3.870000076293945312e+02 6.828354644775390625e+02 2.198451614379882812e+02
3.870000076293945312e+02 6.837817382812500000e+02 2.188213157653808594e+02
3.863726043701171875e+02 6.834570312500000000e+02 2.194530487060546875e+02
3.860576629638671875e+02 6.830197906494140625e+02 2.200185966491699219e+02
3.859700012207031250e+02 6.839909362792968750e+02 2.189884185791015625e+02
3.850000000000000000e+02 6.841632843017578125e+02 2.191111755371093750e+02
3.862340927124023438e+02 6.844168853759765625e+02 2.183995056152343750e+02
3.857059478759765625e+02 6.835649871826171875e+02 2.195702743530273438e+02
3.855673980712890625e+02 6.845200347900390625e+02 2.185237884521484375e+02
3.859404373168945312e+02 6.847888183593750000e+02 2.180397033691406250e+02
3.850000000000000000e+02 6.845932006835937500e+02 2.186111831665039062e+02
3.839999771118164062e+02 6.847012329101562500e+02 2.187392616271972656e+02
3.849709320068359375e+02 6.851423645019531250e+02 2.179223823547363281e+02
3.839999771118164062e+02 6.852011871337890625e+02 2.181142044067382812e+02
3.852848815917968750e+02 6.854463958740234375e+02 2.174272155761718750e+02
3.846181869506835938e+02 6.855281829833984375e+02 2.175373077392578125e+02
3.839999771118164062e+02 6.855858612060546875e+02 2.176141929626464844e+02
3.849709320068359375e+02 6.857848358154296875e+02 2.170563125610351562e+02
3.839999771118164062e+02 6.860235595703125000e+02 2.169999885559082031e+02
3.850000000000000000e+02 6.863349151611328125e+02 2.162410354614257812e+02
3.859999847412109375e+02 6.857040405273437500e+02 2.167888832092285156e+02
3.867473983764648438e+02 6.855880737304687500e+02 2.166246223449707031e+02
3.859999847412109375e+02 6.853460693359375000e+02 2.172888755798339844e+02
3.860295486450195312e+02 6.862420654296875000e+02 2.159597778320312500e+02
3.863825988769531250e+02 6.864646911621093750e+02 2.154400253295898438e+02
3.857159423828125000e+02 6.865618896484375000e+02 2.155996513366699219e+02
3.870484161376953125e+02 6.858393859863281250e+02 2.160708999633789062e+02
3.870000076293945312e+02 6.863581848144531250e+02 2.152564620971679688e+02
3.870000076293945312e+02 6.866441345214843750e+02 2.147564506530761719e+02
3.879565811157226562e+02 6.861711120605468750e+02 2.149411392211914062e+02
3.882609939575195312e+02 6.863979339599609375e+02 2.143063926696777344e+02
3.875942993164062500e+02 6.865389251708984375e+02 2.145685768127441406e+02
3.889534378051757812e+02 6.857117462158203125e+02 2.149835205078125000e+02
3.896529769897460938e+02 6.855805206298828125e+02 2.146392250061035156e+02
3.889954376220703125e+02 6.862386322021484375e+02 2.139838218688964844e+02
3.893257141113281250e+02 6.864192962646484375e+02 2.133257293701171875e+02
3.886590576171875000e+02 6.865706634521484375e+02 2.136397171020507812e+02
3.899917984008789062e+02 6.857482147216796875e+02 2.139917945861816406e+02
3.903196334838867188e+02 6.854009246826171875e+02 2.143196487426757812e+02
3.899838256835937500e+02 6.862386322021484375e+02 2.129954338073730469e+02
3.906357192993164062e+02 6.855805206298828125e+02 2.136529922485351562e+02
3.909814071655273438e+02 6.857081604003906250e+02 2.129458999633789062e+02
3.909400558471679688e+02 6.861640930175781250e+02 2.119565773010253906e+02
3.915549468994140625e+02 6.855352020263671875e+02 2.125764846801757812e+02
3.913023757934570312e+02 6.853782653808593750e+02 2.132431602478027344e+02
3.920228576660156250e+02 6.850139617919921875e+02 2.130318260192871094e+02
3.922414398193359375e+02 6.853282165527343750e+02 2.119999885559082031e+02
3.926980209350585938e+02 6.846497344970703125e+02 2.128204917907714844e+02
3.930187988281250000e+02 6.847827911376953125e+02 2.119488716125488281e+02
3.929605865478515625e+02 6.851849365234375000e+02 2.110269165039062500e+02
3.935399627685546875e+02 6.845336914062500000e+02 2.115814590454101562e+02
3.933646774291992188e+02 6.843910980224609375e+02 2.122481155395507812e+02
3.936669540405273438e+02 6.846402740478515625e+02 2.109999847412109375e+02
3.938703155517578125e+02 6.848101043701171875e+02 2.100000000000000000e+02
3.941669464111328125e+02 6.842082977294921875e+02 2.109999847412109375e+02
3.943703079223632812e+02 6.843856811523437500e+02 2.100000000000000000e+02
3.947202301025390625e+02 6.837082672119140625e+02 2.109999847412109375e+02
3.952202224731445312e+02 6.832202911376953125e+02 2.109999847412109375e+02
3.949082946777343750e+02 6.838857269287109375e+02 2.100000000000000000e+02
3.945817565917968750e+02 6.835768890380859375e+02 2.116859054565429688e+02
3.950402069091796875e+02 6.840380096435546875e+02 2.091318321228027344e+02
3.954082870483398438e+02 6.834083557128906250e+02 2.100000000000000000e+02
3.954991912841796875e+02 6.834992218017578125e+02 2.094974708557128906e+02
3.958856582641601562e+02 6.829083251953125000e+02 2.100000000000000000e+02
3.957082366943359375e+02 6.827202606201171875e+02 2.109999847412109375e+02
3.963856887817382812e+02 6.823703765869140625e+02 2.100000000000000000e+02
3.962082290649414062e+02 6.821669769287109375e+02 2.109999847412109375e+02
3.959839630126953125e+02 6.819841766357421875e+02 2.119670104980468750e+02
3.966402053833007812e+02 6.816669464111328125e+02 2.109999847412109375e+02
3.965336990356445312e+02 6.815399932861328125e+02 2.115814590454101562e+02
3.957225036621093750e+02 6.817590332031250000e+02 2.129999923706054688e+02
3.955768966674804688e+02 6.825817871093750000e+02 2.116859054565429688e+02
3.963910293579101562e+02 6.813669586181640625e+02 2.122481155395507812e+02
3.954341506958007812e+02 6.824282836914062500e+02 2.123525810241699219e+02
3.944777679443359375e+02 6.844801330566406250e+02 2.094328498840332031e+02
3.951864242553710938e+02 6.842057800292968750e+02 2.079999923706054688e+02
3.945812225341796875e+02 6.845736694335937500e+02 2.087661933898925781e+02
3.955957412719726562e+02 6.835958099365234375e+02 2.088307952880859375e+02
3.957057189941406250e+02 6.837057495117187500e+02 2.079999923706054688e+02
3.958106231689453125e+02 6.838106536865234375e+02 2.069999885559082031e+02
3.958876037597656250e+02 6.838876342773437500e+02 2.059999847412109375e+02
3.952962875366210938e+02 6.843106842041015625e+02 2.069999885559082031e+02
3.953781509399414062e+02 6.843876647949218750e+02 2.059999847412109375e+02
3.947962951660156250e+02 6.847655487060546875e+02 2.069999885559082031e+02
3.948781585693359375e+02 6.848366546630859375e+02 2.059999847412109375e+02
3.942097091674804688e+02 6.852655792236328125e+02 2.069999885559082031e+02
3.946864318847656250e+02 6.846679687500000000e+02 2.079999923706054688e+02
3.940949630737304688e+02 6.851679992675781250e+02 2.079999923706054688e+02
3.935949707031250000e+02 6.855744934082031250e+02 2.079999923706054688e+02
3.939981842041015625e+02 6.850003051757812500e+02 2.089953231811523438e+02
3.935185623168945312e+02 6.855149078369140625e+02 2.085577774047851562e+02
3.934059524536132812e+02 6.854268646240234375e+02 2.092244529724121094e+02
3.932551956176757812e+02 6.853101348876953125e+02 2.100000000000000000e+02
3.930435562133789062e+02 6.857727813720703125e+02 2.089346694946289062e+02
3.922416305541992188e+02 6.863298797607421875e+02 2.089999961853027344e+02
3.929999923706054688e+02 6.860155487060546875e+02 2.079999923706054688e+02
3.927552032470703125e+02 6.856903839111328125e+02 2.100000000000000000e+02
3.926009750366210938e+02 6.855753326416015625e+02 2.107115364074707031e+02
3.919593811035156250e+02 6.862279510498046875e+02 2.100241279602050781e+02
3.914330673217773438e+02 6.864594268798828125e+02 2.103735542297363281e+02
3.920602035522460938e+02 6.858250427246093750e+02 2.110269165039062500e+02
3.915989685058593750e+02 6.865631866455078125e+02 2.097068977355957031e+02
3.917416381835937500e+02 6.866522216796875000e+02 2.089999961853027344e+02
3.910598373413085938e+02 6.867807006835937500e+02 2.100241279602050781e+02
3.900017166137695312e+02 6.873348236083984375e+02 2.100730895996093750e+02
3.909999847412109375e+02 6.870861053466796875e+02 2.089999961853027344e+02
3.907498550415039062e+02 6.866441345214843750e+02 2.109999847412109375e+02
3.905667495727539062e+02 6.865389251708984375e+02 2.115943145751953125e+02
3.912498474121093750e+02 6.863497924804687500e+02 2.109999847412109375e+02
3.900000000000000000e+02 6.870375061035156250e+02 2.109999847412109375e+02
3.892576217651367188e+02 6.873934173583984375e+02 2.109999847412109375e+02
3.899838256835937500e+02 6.866885375976562500e+02 2.119565773010253906e+02
3.889242935180664062e+02 6.871942138671875000e+02 2.119261360168457031e+02
3.896397399902343750e+02 6.865706634521484375e+02 2.126590538024902344e+02
3.903063964843750000e+02 6.863979339599609375e+02 2.122609710693359375e+02
3.889954376220703125e+02 6.867137908935546875e+02 2.129954338073730469e+02
3.879261398315429688e+02 6.871942138671875000e+02 2.129242897033691406e+02
3.882102584838867188e+02 6.873816680908203125e+02 2.122102355957031250e+02
3.879565811157226562e+02 6.866885375976562500e+02 2.139838218688964844e+02
3.875435638427734375e+02 6.875173950195312500e+02 2.125404930114746094e+02
3.870000076293945312e+02 6.873934936523437500e+02 2.132576179504394531e+02
3.864551544189453125e+02 6.874867248535156250e+02 2.134696578979492188e+02
3.870000076293945312e+02 6.870375823974609375e+02 2.139999961853027344e+02
3.870000076293945312e+02 6.876081848144531250e+02 2.127576255798339844e+02
3.870000076293945312e+02 6.879030609130859375e+02 2.119999885559082031e+02
3.860730743408203125e+02 6.877578735351562500e+02 2.130817985534667969e+02
3.859183883666992188e+02 6.882583618164062500e+02 2.119140434265136719e+02
3.857884979248046875e+02 6.875817108154296875e+02 2.136659622192382812e+02
3.850000000000000000e+02 6.880658721923828125e+02 2.129999923706054688e+02
3.839603042602539062e+02 6.882934570312500000e+02 2.129215240478515625e+02
3.850000000000000000e+02 6.883885192871093750e+02 2.121903610229492188e+02
3.850000000000000000e+02 6.876773834228515625e+02 2.138584136962890625e+02
3.840586090087890625e+02 6.877398681640625000e+02 2.140871620178222656e+02
3.850000000000000000e+02 6.874274444580078125e+02 2.143584251403808594e+02
3.850000000000000000e+02 6.870754241943359375e+02 2.150000000000000000e+02
3.860730743408203125e+02 6.873326110839843750e+02 2.139995765686035156e+02
3.844310379028320312e+02 6.874888610839843750e+02 2.144785881042480469e+02
3.840586090087890625e+02 6.872882080078125000e+02 2.149450874328613281e+02
3.829999923706054688e+02 6.873089599609375000e+02 2.151556396484375000e+02
3.839999771118164062e+02 6.867436218261718750e+02 2.159017372131347656e+02
3.837643814086914062e+02 6.875408172607421875e+02 2.145751380920410156e+02
3.829999923706054688e+02 6.875836944580078125e+02 2.146556282043457031e+02
3.820000076293945312e+02 6.876167297363281250e+02 2.147202110290527344e+02
3.829999923706054688e+02 6.879143524169921875e+02 2.139999961853027344e+02
3.820000076293945312e+02 6.879836273193359375e+02 2.139999961853027344e+02
3.829999923706054688e+02 6.883306121826171875e+02 2.131119155883789062e+02
3.820000076293945312e+02 6.883669281005859375e+02 2.131975364685058594e+02
3.829999923706054688e+02 6.885475921630859375e+02 2.126119232177734375e+02
3.829999923706054688e+02 6.887599945068359375e+02 2.119999885559082031e+02
3.836005401611328125e+02 6.885152435302734375e+02 2.125358963012695312e+02
3.820000076293945312e+02 6.885839080810546875e+02 2.126975250244140625e+02
3.809999847412109375e+02 6.885864257812500000e+02 2.127043151855468750e+02
3.820000076293945312e+02 6.888278198242187500e+02 2.119999885559082031e+02
3.809999847412109375e+02 6.888302612304687500e+02 2.119999885559082031e+02
3.820000076293945312e+02 6.891279602050781250e+02 2.109999847412109375e+02
3.820000076293945312e+02 6.893508911132812500e+02 2.100000000000000000e+02
3.829999923706054688e+02 6.890666961669921875e+02 2.109999847412109375e+02
3.809999847412109375e+02 6.891279602050781250e+02 2.109999847412109375e+02
3.800000000000000000e+02 6.890746307373046875e+02 2.109999847412109375e+02
3.809999847412109375e+02 6.893508911132812500e+02 2.100000000000000000e+02
3.800000000000000000e+02 6.893054199218750000e+02 2.100000000000000000e+02
3.809999847412109375e+02 6.894668579101562500e+02 2.092430114746093750e+02
3.809999847412109375e+02 6.895298004150390625e+02 2.087430000305175781e+02
3.820000076293945312e+02 6.894668579101562500e+02 2.092430114746093750e+02
3.800000000000000000e+02 6.894475555419921875e+02 2.091134071350097656e+02
3.790852737426757812e+02 6.894094848632812500e+02 2.089091873168945312e+02
3.800000000000000000e+02 6.895143127441406250e+02 2.086133956909179688e+02
3.800000000000000000e+02 6.895606231689453125e+02 2.079999923706054688e+02
3.794754409790039062e+02 6.895021057128906250e+02 2.085153007507324219e+02
3.790852737426757812e+02 6.895218658447265625e+02 2.079483604431152344e+02
3.788087844848632812e+02 6.894731903076171875e+02 2.082472610473632812e+02
3.784352493286132812e+02 6.895082092285156250e+02 2.075806045532226562e+02
3.789999771118164062e+02 6.895721435546875000e+02 2.069999885559082031e+02
3.782799148559570312e+02 6.895258331298828125e+02 2.069999885559082031e+02
3.789999771118164062e+02 6.895999145507812500e+02 2.059999847412109375e+02
3.800000000000000000e+02 6.896025085449218750e+02 2.069999885559082031e+02
3.809999847412109375e+02 6.896147918701171875e+02 2.069999885559082031e+02
3.800000000000000000e+02 6.896147918701171875e+02 2.059999847412109375e+02
3.800000000000000000e+02 6.896173858642578125e+02 2.050000000000000000e+02
3.809999847412109375e+02 6.896173858642578125e+02 2.059999847412109375e+02
3.809999847412109375e+02 6.896173858642578125e+02 2.050000000000000000e+02
3.820000076293945312e+02 6.896173858642578125e+02 2.059999847412109375e+02
3.820000076293945312e+02 6.896173858642578125e+02 2.050000000000000000e+02
3.820000076293945312e+02 6.896147918701171875e+02 2.069999885559082031e+02
3.829999923706054688e+02 6.896147918701171875e+02 2.059999847412109375e+02
3.829999923706054688e+02 6.896173858642578125e+02 2.050000000000000000e+02
3.829999923706054688e+02 6.896025085449218750e+02 2.069999885559082031e+02
3.839999771118164062e+02 6.895920562744140625e+02 2.059999847412109375e+02
3.839999771118164062e+02 6.895998382568359375e+02 2.050000000000000000e+02
3.839999771118164062e+02 6.895632934570312500e+02 2.069999885559082031e+02
3.848053359985351562e+02 6.895359802246093750e+02 2.059999847412109375e+02
3.848570251464843750e+02 6.895412445068359375e+02 2.050000000000000000e+02
3.846374893188476562e+02 6.895169067382812500e+02 2.069999885559082031e+02
3.853053283691406250e+02 6.894757080078125000e+02 2.059999847412109375e+02
3.853570175170898438e+02 6.894826507568359375e+02 2.050000000000000000e+02
3.851375198364257812e+02 6.894486999511718750e+02 2.069999885559082031e+02
3.859999847412109375e+02 6.893702697753906250e+02 2.059999847412109375e+02
3.859999847412109375e+02 6.893874359130859375e+02 2.050000000000000000e+02
3.859999847412109375e+02 6.893074035644531250e+02 2.069999885559082031e+02
3.870000076293945312e+02 6.891493225097656250e+02 2.059999847412109375e+02
3.870000076293945312e+02 6.891704559326171875e+02 2.050000000000000000e+02
3.870000076293945312e+02 6.890757751464843750e+02 2.069999885559082031e+02
3.879999923706054688e+02 6.888487243652343750e+02 2.059999847412109375e+02
3.879999923706054688e+02 6.888728332519531250e+02 2.050000000000000000e+02
3.879999923706054688e+02 6.887688446044921875e+02 2.069999885559082031e+02
3.887191009521484375e+02 6.885939788818359375e+02 2.059999847412109375e+02
3.887497329711914062e+02 6.886071014404296875e+02 2.050000000000000000e+02
3.886211395263671875e+02 6.885517883300781250e+02 2.069999885559082031e+02
3.892190933227539062e+02 6.883750915527343750e+02 2.059999847412109375e+02
3.892497253417968750e+02 6.883884429931640625e+02 2.050000000000000000e+02
3.900000000000000000e+02 6.880139923095703125e+02 2.059999847412109375e+02
3.891211318969726562e+02 6.883340454101562500e+02 2.069999885559082031e+02
3.900000000000000000e+02 6.879310607910156250e+02 2.069999885559082031e+02
3.889215469360351562e+02 6.882934570312500000e+02 2.079603195190429688e+02
3.900926971435546875e+02 6.877432250976562500e+02 2.080775451660156250e+02
3.889999771118164062e+02 6.880658721923828125e+02 2.089999961853027344e+02
3.885358810424804688e+02 6.885152435302734375e+02 2.076005363464355469e+02
3.883970642089843750e+02 6.884635162353515625e+02 2.082671928405761719e+02
3.881903839111328125e+02 6.883885192871093750e+02 2.089999961853027344e+02
3.880382537841796875e+02 6.886322784423828125e+02 2.079603195190429688e+02
3.870000076293945312e+02 6.889507293701171875e+02 2.079999923706054688e+02
3.876903533935546875e+02 6.885649871826171875e+02 2.089999961853027344e+02
3.875234222412109375e+02 6.885083007812500000e+02 2.095306205749511719e+02
3.870000076293945312e+02 6.887742614746093750e+02 2.089999961853027344e+02
3.859999847412109375e+02 6.890287780761718750e+02 2.089999961853027344e+02
3.869402313232421875e+02 6.885804748535156250e+02 2.099183654785156250e+02
3.872336959838867188e+02 6.884158325195312500e+02 2.101972961425781250e+02
3.859999847412109375e+02 6.888100433349609375e+02 2.100000000000000000e+02
3.865670394897460938e+02 6.885205078125000000e+02 2.105670356750488281e+02
3.869402313232421875e+02 6.882854461669921875e+02 2.109402084350585938e+02
3.859183883666992188e+02 6.885804748535156250e+02 2.109402084350585938e+02
3.855306243896484375e+02 6.885083007812500000e+02 2.115233993530273438e+02
3.861972808837890625e+02 6.884158325195312500e+02 2.112336921691894531e+02
3.850000000000000000e+02 6.887742614746093750e+02 2.109999847412109375e+02
3.839999771118164062e+02 6.889507293701171875e+02 2.109999847412109375e+02
3.850000000000000000e+02 6.890287780761718750e+02 2.100000000000000000e+02
3.850000000000000000e+02 6.885649871826171875e+02 2.116903686523437500e+02
3.839603042602539062e+02 6.886322784423828125e+02 2.120382499694824219e+02
3.842671966552734375e+02 6.884635162353515625e+02 2.123970794677734375e+02
3.839999771118164062e+02 6.891938781738281250e+02 2.100000000000000000e+02
3.850000000000000000e+02 6.892276763916015625e+02 2.089999961853027344e+02
3.849085617065429688e+02 6.893980407714843750e+02 2.079121780395507812e+02
3.839121627807617188e+02 6.893980407714843750e+02 2.089085578918457031e+02
3.829999923706054688e+02 6.894449615478515625e+02 2.091126060485839844e+02
3.841869735717773438e+02 6.894672393798828125e+02 2.081869697570800781e+02
3.835203170776367188e+02 6.895021057128906250e+02 2.085142517089843750e+02
3.839121627807617188e+02 6.895182037353515625e+02 2.079121780395507812e+02
3.829999923706054688e+02 6.895143127441406250e+02 2.086126136779785156e+02
3.820000076293945312e+02 6.895298004150390625e+02 2.087430000305175781e+02
3.829999923706054688e+02 6.895606231689453125e+02 2.079999923706054688e+02
3.820000076293945312e+02 6.895858764648437500e+02 2.079999923706054688e+02
3.809999847412109375e+02 6.895858764648437500e+02 2.079999923706054688e+02
3.845142364501953125e+02 6.895021057128906250e+02 2.075202941894531250e+02
3.829999923706054688e+02 6.892992401123046875e+02 2.100000000000000000e+02
3.859999847412109375e+02 6.891938781738281250e+02 2.079999923706054688e+02
3.879999923706054688e+02 6.879030609130859375e+02 2.109999847412109375e+02
3.879140472412109375e+02 6.882583618164062500e+02 2.099183654785156250e+02
3.879261398315429688e+02 6.876072692871093750e+02 2.119261360168457031e+02
3.887576293945312500e+02 6.876081848144531250e+02 2.109999847412109375e+02
3.890818023681640625e+02 6.877578735351562500e+02 2.100730895996093750e+02
3.885404968261718750e+02 6.875173950195312500e+02 2.115435791015625000e+02
3.896695327758789062e+02 6.875817108154296875e+02 2.097884941101074219e+02
3.894696807861328125e+02 6.874866485595703125e+02 2.104551506042480469e+02
3.898680114746093750e+02 6.876773834228515625e+02 2.089999961853027344e+02
3.903680038452148438e+02 6.874339294433593750e+02 2.089999961853027344e+02
3.904878234863281250e+02 6.874938964843750000e+02 2.084625816345214844e+02
3.909520339965820312e+02 6.872987365722656250e+02 2.080775451660156250e+02
3.911821746826171875e+02 6.873254394531250000e+02 2.069999885559082031e+02
3.905867385864257812e+02 6.875463867187500000e+02 2.077959251403808594e+02
3.919097518920898438e+02 6.867530822753906250e+02 2.079999923706054688e+02
3.920938873291015625e+02 6.867822265625000000e+02 2.070707321166992188e+02
3.924097442626953125e+02 6.864410400390625000e+02 2.079999923706054688e+02
3.924897766113281250e+02 6.864934539794921875e+02 2.074512290954589844e+02
3.929313659667968750e+02 6.862255859375000000e+02 2.070707321166992188e+02
3.931113433837890625e+02 6.862225341796875000e+02 2.059999847412109375e+02
3.925522613525390625e+02 6.865364837646484375e+02 2.067845726013183594e+02
3.937097167968750000e+02 6.856618499755859375e+02 2.069999885559082031e+02
3.937944793701171875e+02 6.857225036621093750e+02 2.059999847412109375e+02
3.938519668579101562e+02 6.857599639892578125e+02 2.050000000000000000e+02
3.942944717407226562e+02 6.853366851806640625e+02 2.059999847412109375e+02
3.943519592285156250e+02 6.853847503662109375e+02 2.050000000000000000e+02
3.949372100830078125e+02 6.848847961425781250e+02 2.050000000000000000e+02
3.943615722656250000e+02 6.853930664062500000e+02 2.039999961853027344e+02
3.943165206909179688e+02 6.853563690185546875e+02 2.029999923706054688e+02
3.938615798950195312e+02 6.857653808593750000e+02 2.039999961853027344e+02
3.949485015869140625e+02 6.848930358886718750e+02 2.039999961853027344e+02
3.949045562744140625e+02 6.848564147949218750e+02 2.029999923706054688e+02
3.954484939575195312e+02 6.844531250000000000e+02 2.039999961853027344e+02
3.954045486450195312e+02 6.844125366210937500e+02 2.029999923706054688e+02
3.954372024536132812e+02 6.844425964355468750e+02 2.050000000000000000e+02
3.959530639648437500e+02 6.839530944824218750e+02 2.039999961853027344e+02
3.959124755859375000e+02 6.839125061035156250e+02 2.029999923706054688e+02
3.959425354003906250e+02 6.839425659179687500e+02 2.050000000000000000e+02
3.958423233032226562e+02 6.838423156738281250e+02 2.019999885559082031e+02
3.953290939331054688e+02 6.843423461914062500e+02 2.019999885559082031e+02
3.952321624755859375e+02 6.842514038085937500e+02 2.009999847412109375e+02
3.948290634155273438e+02 6.847910308837890625e+02 2.019999885559082031e+02
3.947321701049804688e+02 6.847055816650390625e+02 2.009999847412109375e+02
3.942344284057617188e+02 6.852909851074218750e+02 2.019999885559082031e+02
3.941258621215820312e+02 6.852056121826171875e+02 2.009999847412109375e+02
3.937344360351562500e+02 6.856764221191406250e+02 2.019999885559082031e+02
3.936258316040039062e+02 6.855949401855468750e+02 2.009999847412109375e+02
3.938165283203125000e+02 6.857354736328125000e+02 2.029999923706054688e+02
3.929325485229492188e+02 6.862342071533203125e+02 2.019467735290527344e+02
3.924811172485351562e+02 6.864884185791015625e+02 2.015779495239257812e+02
3.929999923706054688e+02 6.860309600830078125e+02 2.009999847412109375e+02
3.925542449951171875e+02 6.865362548828125000e+02 2.022446060180664062e+02
3.931148529052734375e+02 6.862355041503906250e+02 2.029999923706054688e+02
3.926148605346679688e+02 6.865764617919921875e+02 2.029999923706054688e+02
3.931589508056640625e+02 6.862653350830078125e+02 2.039999961853027344e+02
3.926589584350585938e+02 6.866060638427734375e+02 2.039999961853027344e+02
3.931569671630859375e+02 6.862599182128906250e+02 2.050000000000000000e+02
3.926569747924804688e+02 6.866062927246093750e+02 2.050000000000000000e+02
3.926113510131835938e+02 6.865768432617187500e+02 2.059999847412109375e+02
3.920000076293945312e+02 6.869998168945312500e+02 2.050000000000000000e+02
3.920000076293945312e+02 6.869960784912109375e+02 2.039999961853027344e+02
3.920000076293945312e+02 6.869489288330078125e+02 2.059999847412109375e+02
3.912996292114257812e+02 6.873935699462890625e+02 2.050000000000000000e+02
3.912910079956054688e+02 6.873900604248046875e+02 2.039999961853027344e+02
3.907996368408203125e+02 6.876541900634765625e+02 2.050000000000000000e+02
3.912645721435546875e+02 6.873721313476562500e+02 2.059999847412109375e+02
3.907645797729492188e+02 6.876389312744140625e+02 2.059999847412109375e+02
3.906821823120117188e+02 6.875970458984375000e+02 2.069999885559082031e+02
3.900000000000000000e+02 6.880426025390625000e+02 2.050000000000000000e+02
3.907910156250000000e+02 6.876483917236328125e+02 2.039999961853027344e+02
3.900000000000000000e+02 6.880271148681640625e+02 2.039999961853027344e+02
3.907415390014648438e+02 6.876232147216796875e+02 2.029999923706054688e+02
3.900000000000000000e+02 6.879727172851562500e+02 2.029999923706054688e+02
3.906402206420898438e+02 6.875716400146484375e+02 2.019999885559082031e+02
3.912415313720703125e+02 6.873638916015625000e+02 2.029999923706054688e+02
3.911402130126953125e+02 6.873105621337890625e+02 2.019999885559082031e+02
3.920000076293945312e+02 6.869403076171875000e+02 2.029999923706054688e+02
3.920886611938476562e+02 6.867701721191406250e+02 2.019467735290527344e+02
3.918959808349609375e+02 6.867330169677734375e+02 2.009999847412109375e+02
3.923959732055664062e+02 6.864360046386718750e+02 2.009999847412109375e+02
3.909299850463867188e+02 6.872663879394531250e+02 2.010111045837402344e+02
3.917193603515625000e+02 6.866299438476562500e+02 2.000000000000000000e+02
3.922193527221679688e+02 6.863283538818359375e+02 2.000000000000000000e+02
3.915789413452148438e+02 6.865467834472656250e+02 1.993485069274902344e+02
3.909999847412109375e+02 6.870190429687500000e+02 2.000000000000000000e+02
3.902637100219726562e+02 6.873891448974609375e+02 2.000000000000000000e+02
3.910361099243164062e+02 6.867308807373046875e+02 1.990090942382812500e+02
3.913935089111328125e+02 6.864416503906250000e+02 1.986818504333496094e+02
3.899531173706054688e+02 6.872676849365234375e+02 1.990168571472167969e+02
3.907268524169921875e+02 6.866191101074218750e+02 1.981766891479492188e+02
3.900951766967773438e+02 6.868259429931640625e+02 1.979059982299804688e+02
3.910361099243164062e+02 6.863516998291015625e+02 1.979059982299804688e+02
3.910987854003906250e+02 6.858927917480468750e+02 1.969014167785644531e+02
3.920463180541992188e+02 6.857969665527343750e+02 1.979868888854980469e+02
3.904919433593750000e+02 6.864961242675781250e+02 1.975100135803222656e+02
3.902458190917968750e+02 6.863796234130859375e+02 1.969999885559082031e+02
3.900001144409179688e+02 6.859996032714843750e+02 1.959998893737792969e+02
3.897458267211914062e+02 6.866129302978515625e+02 1.969999885559082031e+02
3.895024490356445312e+02 6.865011596679687500e+02 1.964978027343750000e+02
3.889999771118164062e+02 6.869183349609375000e+02 1.969999885559082031e+02
3.889999771118164062e+02 6.865983581542968750e+02 1.963078880310058594e+02
3.890110778808593750e+02 6.873208618164062500e+02 1.979865837097167969e+02
3.879956054687500000e+02 6.872857666015625000e+02 1.970311927795410156e+02
3.870000076293945312e+02 6.874257659912109375e+02 1.966663169860839844e+02
3.880239868164062500e+02 6.867591857910156250e+02 1.959476089477539062e+02
3.876593017578125000e+02 6.875495147705078125e+02 1.973853302001953125e+02
3.883259963989257812e+02 6.874440002441406250e+02 1.976443290710449219e+02
3.879956054687500000e+02 6.876773071289062500e+02 1.979865837097167969e+02
3.879999923706054688e+02 6.880154418945312500e+02 1.989999961853027344e+02
3.886851501464843750e+02 6.875705718994140625e+02 1.983109855651855469e+02
3.870000076293945312e+02 6.879779815673828125e+02 1.979999923706054688e+02
3.859278869628906250e+02 6.882767486572265625e+02 1.980840682983398438e+02
3.870000076293945312e+02 6.876438140869140625e+02 1.971663284301757812e+02
3.869791793823242188e+02 6.883318328857421875e+02 1.990239143371582031e+02
3.862131881713867188e+02 6.884368133544921875e+02 1.987065315246582031e+02
3.872986602783203125e+02 6.884408569335937500e+02 1.997221374511718750e+02
3.866319656372070312e+02 6.885374450683593750e+02 1.993732070922851562e+02
3.859278869628906250e+02 6.885931396484375000e+02 1.990239143371582031e+02
3.869791793823242188e+02 6.886131286621093750e+02 2.000332832336425781e+02
3.859999847412109375e+02 6.888426971435546875e+02 2.000000000000000000e+02
3.875885391235351562e+02 6.885285949707031250e+02 2.003887939453125000e+02
3.870000076293945312e+02 6.888133239746093750e+02 2.009999847412109375e+02
3.859999847412109375e+02 6.890525054931640625e+02 2.009999847412109375e+02
3.870000076293945312e+02 6.889694976806640625e+02 2.019999885559082031e+02
3.877679824829101562e+02 6.885861968994140625e+02 2.009999847412109375e+02
3.882679748535156250e+02 6.884226989746093750e+02 2.009999847412109375e+02
3.880612564086914062e+02 6.886470794677734375e+02 2.019886779785156250e+02
3.884354400634765625e+02 6.884783172607421875e+02 2.016478157043457031e+02
3.879999923706054688e+02 6.887838745117187500e+02 2.029999923706054688e+02
3.885637664794921875e+02 6.885261535644531250e+02 2.023144721984863281e+02
3.889382553100585938e+02 6.883241271972656250e+02 2.019886779785156250e+02
3.886488723754882812e+02 6.885624694824218750e+02 2.029999923706054688e+02
3.891489028930664062e+02 6.883495330810546875e+02 2.029999923706054688e+02
3.887259292602539062e+02 6.885964202880859375e+02 2.039999961853027344e+02
3.879999923706054688e+02 6.888512420654296875e+02 2.039999961853027344e+02
3.892259216308593750e+02 6.883787536621093750e+02 2.039999961853027344e+02
3.870000076293945312e+02 6.891493225097656250e+02 2.039999961853027344e+02
3.870000076293945312e+02 6.890836334228515625e+02 2.029999923706054688e+02
3.859999847412109375e+02 6.893702697753906250e+02 2.039999961853027344e+02
3.859999847412109375e+02 6.893135833740234375e+02 2.029999923706054688e+02
3.853053283691406250e+02 6.894757080078125000e+02 2.039999961853027344e+02
3.851382827758789062e+02 6.894512939453125000e+02 2.029999923706054688e+02
3.848053359985351562e+02 6.895359802246093750e+02 2.039999961853027344e+02
3.846382904052734375e+02 6.895169067382812500e+02 2.029999923706054688e+02
3.839999771118164062e+02 6.895920562744140625e+02 2.039999961853027344e+02
3.829999923706054688e+02 6.896147918701171875e+02 2.039999961853027344e+02
3.839999771118164062e+02 6.895632934570312500e+02 2.029999923706054688e+02
3.829999923706054688e+02 6.896025085449218750e+02 2.029999923706054688e+02
3.839999771118164062e+02 6.895211791992187500e+02 2.023162651062011719e+02
3.829047775268554688e+02 6.895372772216796875e+02 2.019627761840820312e+02
3.839999771118164062e+02 6.894595336914062500e+02 2.018162536621093750e+02
3.845153045654296875e+02 6.895021057128906250e+02 2.024837112426757812e+02
3.849091720581054688e+02 6.893956756591796875e+02 2.020902252197265625e+02
3.859999847412109375e+02 6.892058563232421875e+02 2.019999885559082031e+02
3.850000000000000000e+02 6.892220306396484375e+02 2.009999847412109375e+02
3.850000000000000000e+02 6.890206909179687500e+02 2.000000000000000000e+02
3.839999771118164062e+02 6.893392944335937500e+02 2.009999847412109375e+02
3.829047775268554688e+02 6.894244384765625000e+02 2.010987663269042969e+02
3.839999771118164062e+02 6.891484069824218750e+02 2.000000000000000000e+02
3.829999923706054688e+02 6.892264556884765625e+02 2.000000000000000000e+02
3.839999771118164062e+02 6.888916015625000000e+02 1.989999961853027344e+02
3.829999923706054688e+02 6.889773559570312500e+02 1.989999961853027344e+02
3.839999771118164062e+02 6.886229705810546875e+02 1.981517601013183594e+02
3.850000000000000000e+02 6.887564849853515625e+02 1.989999961853027344e+02
3.850000000000000000e+02 6.885551452636718750e+02 1.983469009399414062e+02
3.850000000000000000e+02 6.883681488037109375e+02 1.978469085693359375e+02
3.855464935302734375e+02 6.885099029541015625e+02 1.984734535217285156e+02
3.850000000000000000e+02 6.880221557617187500e+02 1.969999885559082031e+02
3.839999771118164062e+02 6.884436798095703125e+02 1.976517486572265625e+02
3.832488250732421875e+02 6.884829711914062500e+02 1.975465774536132812e+02
3.839999771118164062e+02 6.881739807128906250e+02 1.969999885559082031e+02
3.829492950439453125e+02 6.886359405517578125e+02 1.979279518127441406e+02
3.825821685791015625e+02 6.885054016113281250e+02 1.974872970581054688e+02
3.820000076293945312e+02 6.886921691894531250e+02 1.979999923706054688e+02
3.809592819213867188e+02 6.886458587646484375e+02 1.979054260253906250e+02
3.820000076293945312e+02 6.885096740722656250e+02 1.974770545959472656e+02
3.820000076293945312e+02 6.890099334716796875e+02 1.989999961853027344e+02
3.809999847412109375e+02 6.889977264404296875e+02 1.989999961853027344e+02
3.820000076293945312e+02 6.892532348632812500e+02 2.000000000000000000e+02
3.820000076293945312e+02 6.894258117675781250e+02 2.009969139099121094e+02
3.809999847412109375e+02 6.892407989501953125e+02 2.000000000000000000e+02
3.800000000000000000e+02 6.891929626464843750e+02 2.000000000000000000e+02
3.810910034179687500e+02 6.894318389892578125e+02 2.010987663269042969e+02
3.800000000000000000e+02 6.893784332275390625e+02 2.009999847412109375e+02
3.808183670043945312e+02 6.894934844970703125e+02 2.015558242797851562e+02
3.814850234985351562e+02 6.895003509521484375e+02 2.014979362487792969e+02
3.810910034179687500e+02 6.895401763916015625e+02 2.019334793090820312e+02
3.820000076293945312e+02 6.895005035400390625e+02 2.014969253540039062e+02
3.820000076293945312e+02 6.895539855957031250e+02 2.019999885559082031e+02
3.825079345703125000e+02 6.895003509521484375e+02 2.014979362487792969e+02
3.820000076293945312e+02 6.896121978759765625e+02 2.029999923706054688e+02
3.809999847412109375e+02 6.896086120605468750e+02 2.029999923706054688e+02
3.820000076293945312e+02 6.896173858642578125e+02 2.039999961853027344e+02
3.809999847412109375e+02 6.896173858642578125e+02 2.039999961853027344e+02
3.800000000000000000e+02 6.896147918701171875e+02 2.039999961853027344e+02
3.789999771118164062e+02 6.895946502685546875e+02 2.039999961853027344e+02
3.800000000000000000e+02 6.895946502685546875e+02 2.029999923706054688e+02
3.789333724975585938e+02 6.895459747314453125e+02 2.029333686828613281e+02
3.800000000000000000e+02 6.895385742187500000e+02 2.021650314331054688e+02
3.792222595214843750e+02 6.895204925537109375e+02 2.023308944702148438e+02
3.800000000000000000e+02 6.894795227050781250e+02 2.016650390625000000e+02
3.789333724975585938e+02 6.894548797607421875e+02 2.019985389709472656e+02
3.779999923706054688e+02 6.893431854248046875e+02 2.019999885559082031e+02
3.789999771118164062e+02 6.893054199218750000e+02 2.009999847412109375e+02
3.785556030273437500e+02 6.894956970214843750e+02 2.025556182861328125e+02
3.779985427856445312e+02 6.894528198242187500e+02 2.029333686828613281e+02
3.770000076293945312e+02 6.892993164062500000e+02 2.029999923706054688e+02
3.776650238037109375e+02 6.894795227050781250e+02 2.039999961853027344e+02
3.783309173583984375e+02 6.895204925537109375e+02 2.032222747802734375e+02
3.781650543212890625e+02 6.895385742187500000e+02 2.039999961853027344e+02
3.780723571777343750e+02 6.895473480224609375e+02 2.050000000000000000e+02
3.781089782714843750e+02 6.895438385009765625e+02 2.059999847412109375e+02
3.789999771118164062e+02 6.896060180664062500e+02 2.050000000000000000e+02
3.775723648071289062e+02 6.894915771484375000e+02 2.050000000000000000e+02
3.770000076293945312e+02 6.894068145751953125e+02 2.050000000000000000e+02
3.776089477539062500e+02 6.894870758056640625e+02 2.059999847412109375e+02
3.770000076293945312e+02 6.893975830078125000e+02 2.059999847412109375e+02
3.777799224853515625e+02 6.894640350341796875e+02 2.069999885559082031e+02
3.770000076293945312e+02 6.893473815917968750e+02 2.069999885559082031e+02
3.780611419677734375e+02 6.894165802001953125e+02 2.079483604431152344e+02
3.770000076293945312e+02 6.892437744140625000e+02 2.079999923706054688e+02
3.779999923706054688e+02 6.892624664306640625e+02 2.089999961853027344e+02
3.770000076293945312e+02 6.890916442871093750e+02 2.089999961853027344e+02
3.779999923706054688e+02 6.890734863281250000e+02 2.100000000000000000e+02
3.770000076293945312e+02 6.888918304443359375e+02 2.100000000000000000e+02
3.779999923706054688e+02 6.888253021240234375e+02 2.109999847412109375e+02
3.789999771118164062e+02 6.892147827148437500e+02 2.100000000000000000e+02
3.789999771118164062e+02 6.889745330810546875e+02 2.109999847412109375e+02
3.789764785766601562e+02 6.886489868164062500e+02 2.120695304870605469e+02
3.779999923706054688e+02 6.885920715332031250e+02 2.117903137207031250e+02
3.786274719238281250e+02 6.884832000732421875e+02 2.124492263793945312e+02
3.792941284179687500e+02 6.885261535644531250e+02 2.125637817382812500e+02
3.800000000000000000e+02 6.887750244140625000e+02 2.119999885559082031e+02
3.800000000000000000e+02 6.885581970214843750e+02 2.126396179199218750e+02
3.800000000000000000e+02 6.883460998535156250e+02 2.131396293640136719e+02
3.800000000000000000e+02 6.879502105712890625e+02 2.139999961853027344e+02
3.789764785766601562e+02 6.883324432373046875e+02 2.129382705688476562e+02
3.809999847412109375e+02 6.883705902099609375e+02 2.132043075561523438e+02
3.809999847412109375e+02 6.879927825927734375e+02 2.139999961853027344e+02
3.809999847412109375e+02 6.876222229003906250e+02 2.147356033325195312e+02
3.809999847412109375e+02 6.873588562011718750e+02 2.152356147766113281e+02
3.800000000000000000e+02 6.876040649414062500e+02 2.147036361694335938e+02
3.800000000000000000e+02 6.873442840576171875e+02 2.152036285400390625e+02
3.789999771118164062e+02 6.875688171386718750e+02 2.146353721618652344e+02
3.789999771118164062e+02 6.873104095458984375e+02 2.151353645324707031e+02
3.782914352416992188e+02 6.875311279296875000e+02 2.145618629455566406e+02
3.789999771118164062e+02 6.878720092773437500e+02 2.139999961853027344e+02
3.779748535156250000e+02 6.877085113525390625e+02 2.140754318237304688e+02
3.779999923706054688e+02 6.881685638427734375e+02 2.129999923706054688e+02
3.770000076293945312e+02 6.876486206054687500e+02 2.138317108154296875e+02
3.776247787475585938e+02 6.874806213378906250e+02 2.144590568542480469e+02
3.770000076293945312e+02 6.874225616455078125e+02 2.143317222595214844e+02
3.779748535156250000e+02 6.872921752929687500e+02 2.149371147155761719e+02
3.770000076293945312e+02 6.870970916748046875e+02 2.150000000000000000e+02
3.780907058715820312e+02 6.867050933837890625e+02 2.160534286499023438e+02
3.789999771118164062e+02 6.868334197998046875e+02 2.159999847412109375e+02
3.784844970703125000e+02 6.865022277832031250e+02 2.165033149719238281e+02
3.770000076293945312e+02 6.866745758056640625e+02 2.158055114746093750e+02
3.778178405761718750e+02 6.864537811279296875e+02 2.164224052429199219e+02
3.780907058715820312e+02 6.861803436279296875e+02 2.169019889831542969e+02
3.770000076293945312e+02 6.863851165771484375e+02 2.163055038452148438e+02
3.759999847412109375e+02 6.862860107421875000e+02 2.161322593688964844e+02
3.770000076293945312e+02 6.859431457519531250e+02 2.169999885559082031e+02
3.760720062255859375e+02 6.857349395751953125e+02 2.170427703857421875e+02
3.770000076293945312e+02 6.855580139160156250e+02 2.175805854797363281e+02
3.764533233642578125e+02 6.855101776123046875e+02 2.175141716003417969e+02
3.770000076293945312e+02 6.851910400390625000e+02 2.180805969238281250e+02
3.779999923706054688e+02 6.856351470947265625e+02 2.176874160766601562e+02
3.779999923706054688e+02 6.852677917480468750e+02 2.181874275207519531e+02
3.789999771118164062e+02 6.856890869140625000e+02 2.177629661560058594e+02
3.800000000000000000e+02 6.857186126708984375e+02 2.178039550781250000e+02
3.789999771118164062e+02 6.853231048583984375e+02 2.182629585266113281e+02
3.789999771118164062e+02 6.861891174316406250e+02 2.170351791381835938e+02
3.789999771118164062e+02 6.865230560302734375e+02 2.165351676940917969e+02
3.800000000000000000e+02 6.862185668945312500e+02 2.170840263366699219e+02
3.800000000000000000e+02 6.865557098388671875e+02 2.165840148925781250e+02
3.809999847412109375e+02 6.862238311767578125e+02 2.170996856689453125e+02
3.809999847412109375e+02 6.857238769531250000e+02 2.178100395202636719e+02
3.809999847412109375e+02 6.865673065185546875e+02 2.165996932983398438e+02
3.820000076293945312e+02 6.862020874023437500e+02 2.170736885070800781e+02
3.820000076293945312e+02 6.857020568847656250e+02 2.177771186828613281e+02
3.820000076293945312e+02 6.865504455566406250e+02 2.165736961364746094e+02
3.830330276489257812e+02 6.862184143066406250e+02 2.169202804565429688e+02
3.833883666992187500e+02 6.864878082275390625e+02 2.164805793762207031e+02
3.829999923706054688e+02 6.856571960449218750e+02 2.177117538452148438e+02
3.827216720581054688e+02 6.865232849121093750e+02 2.165337944030761719e+02
3.830330276489257812e+02 6.867610931396484375e+02 2.160883522033691406e+02
3.820000076293945312e+02 6.868972778320312500e+02 2.159999847412109375e+02
3.820000076293945312e+02 6.873468780517578125e+02 2.152202224731445312e+02
3.809999847412109375e+02 6.869261169433593750e+02 2.159999847412109375e+02
3.800000000000000000e+02 6.868999481201171875e+02 2.159999847412109375e+02
3.829999923706054688e+02 6.852777862548828125e+02 2.182117652893066406e+02
3.829999923706054688e+02 6.847778320312500000e+02 2.188301467895507812e+02
3.820000076293945312e+02 6.853307342529296875e+02 2.182771110534667969e+02
3.809999847412109375e+02 6.853570556640625000e+02 2.183100318908691406e+02
3.820000076293945312e+02 6.848307800292968750e+02 2.188950347900390625e+02
3.809999847412109375e+02 6.848570251464843750e+02 2.189272880554199219e+02
3.820000076293945312e+02 6.844094085693359375e+02 2.193950271606445312e+02
3.820000076293945312e+02 6.839093780517578125e+02 2.199560546875000000e+02
3.829999923706054688e+02 6.843529510498046875e+02 2.193301391601562500e+02
3.809999847412109375e+02 6.844373321533203125e+02 2.194272804260253906e+02
3.800000000000000000e+02 6.844361114501953125e+02 2.194254112243652344e+02
3.809999847412109375e+02 6.839373016357421875e+02 2.199904632568359375e+02
3.800000000000000000e+02 6.839360809326171875e+02 2.199896812438964844e+02
3.809999847412109375e+02 6.834911346435546875e+02 2.204904747009277344e+02
3.809437942504882812e+02 6.828939056396484375e+02 2.210962867736816406e+02
3.820000076293945312e+02 6.834584808349609375e+02 2.204560470581054688e+02
3.800000000000000000e+02 6.834903717041015625e+02 2.204896926879882812e+02
3.789999771118164062e+02 6.834618377685546875e+02 2.204591560363769531e+02
3.800561904907226562e+02 6.828933715820312500e+02 2.210962867736816406e+02
3.789999771118164062e+02 6.829618072509765625e+02 2.209683036804199219e+02
3.797602844238281250e+02 6.824935150146484375e+02 2.214938163757324219e+02
3.804269790649414062e+02 6.825017547607421875e+02 2.215016174316406250e+02
3.805730056762695312e+02 6.825017547607421875e+02 2.215016174316406250e+02
3.800561904907226562e+02 6.820960998535156250e+02 2.218585968017578125e+02
3.789999771118164062e+02 6.819668579101562500e+02 2.219217681884765625e+02
3.800000000000000000e+02 6.814389038085937500e+02 2.224470329284667969e+02
3.809437942504882812e+02 6.820960998535156250e+02 2.218585968017578125e+02
3.809999847412109375e+02 6.814389038085937500e+02 2.224470329284667969e+02
3.812397003173828125e+02 6.824935150146484375e+02 2.214938163757324219e+02
3.820000076293945312e+02 6.819609069824218750e+02 2.219168663024902344e+02
3.820000076293945312e+02 6.824608612060546875e+02 2.214625930786132812e+02
3.829999923706054688e+02 6.818917083740234375e+02 2.218560409545898438e+02
3.820000076293945312e+02 6.814035034179687500e+02 2.224168586730957031e+02
3.820000076293945312e+02 6.809035491943359375e+02 2.228361129760742188e+02
3.829999923706054688e+02 6.813320922851562500e+02 2.223560333251953125e+02
3.829999923706054688e+02 6.808320617675781250e+02 2.227759361267089844e+02
3.839999771118164062e+02 6.812294006347656250e+02 2.222704315185546875e+02
3.839999771118164062e+02 6.807293701171875000e+02 2.226893615722656250e+02
3.839999771118164062e+02 6.817989349365234375e+02 2.217704200744628906e+02
3.850000000000000000e+02 6.810860443115234375e+02 2.221520996093750000e+02
3.850000000000000000e+02 6.805860900878906250e+02 2.225707054138183594e+02
3.850000000000000000e+02 6.816694641113281250e+02 2.216520881652832031e+02
3.859195709228515625e+02 6.809678649902343750e+02 2.219722557067871094e+02
3.863350677490234375e+02 6.814340209960937500e+02 2.214422798156738281e+02
3.855040740966796875e+02 6.805016326904296875e+02 2.225013160705566406e+02
3.856684112548828125e+02 6.815619659423828125e+02 2.215553474426269531e+02
3.861707305908203125e+02 6.803623199462890625e+02 2.223891830444335938e+02
3.859024429321289062e+02 6.800173950195312500e+02 2.227465629577636719e+02
3.849338150024414062e+02 6.799118804931640625e+02 2.231113815307617188e+02
3.859999847412109375e+02 6.792352294921875000e+02 2.233072280883789062e+02
3.870000076293945312e+02 6.796683502197265625e+02 2.226305389404296875e+02
3.869934082031250000e+02 6.789503479003906250e+02 2.231615447998046875e+02
3.866556930541992188e+02 6.785838317871093750e+02 2.235597229003906250e+02
3.873223495483398438e+02 6.783948516845703125e+02 2.234285163879394531e+02
3.869934082031250000e+02 6.780369567871093750e+02 2.237885284423828125e+02
3.879999923706054688e+02 6.781833648681640625e+02 2.232866287231445312e+02
3.879999923706054688e+02 6.776833343505859375e+02 2.236191558837890625e+02
3.879312896728515625e+02 6.769209289550781250e+02 2.241248893737792969e+02
3.885223388671875000e+02 6.775163269042968750e+02 2.235106849670410156e+02
3.889134216308593750e+02 6.769592285156250000e+02 2.236732482910156250e+02
3.889881134033203125e+02 6.759738922119140625e+02 2.242142868041992188e+02
3.891889953613281250e+02 6.772653198242187500e+02 2.233472824096679688e+02
3.896166610717773438e+02 6.765986633300781250e+02 2.235621070861816406e+02
3.899699783325195312e+02 6.759774017333984375e+02 2.237281227111816406e+02
3.899699783325195312e+02 6.769592285156250000e+02 2.231394958496093750e+02
3.902833175659179688e+02 6.762956237792968750e+02 2.233805274963378906e+02
3.909730148315429688e+02 6.759774017333984375e+02 2.231603813171386719e+02
3.912883758544921875e+02 6.752443695068359375e+02 2.233692932128906250e+02
3.906216812133789062e+02 6.756289672851562500e+02 2.235723686218261719e+02
3.909730148315429688e+02 6.749465942382812500e+02 2.237083435058593750e+02
3.909465026855468750e+02 6.739657592773437500e+02 2.241717338562011719e+02
3.915575408935546875e+02 6.745777130126953125e+02 2.235383605957031250e+02
3.899924468994140625e+02 6.749977111816406250e+02 2.242327690124511719e+02
3.893135070800781250e+02 6.753294372558593750e+02 2.244124031066894531e+02
3.903207778930664062e+02 6.742762756347656250e+02 2.244031524658203125e+02
3.896540832519531250e+02 6.746627807617187500e+02 2.245799446105957031e+02
3.889881134033203125e+02 6.749977111816406250e+02 2.247233200073242188e+02
3.899924468994140625e+02 6.739657592773437500e+02 2.247058677673339844e+02
3.899070739746093750e+02 6.729102325439453125e+02 2.251560783386230469e+02
3.905774688720703125e+02 6.736096191406250000e+02 2.245457267761230469e+02
3.889453125000000000e+02 6.739483642578125000e+02 2.252140808105468750e+02
3.892422103881835938e+02 6.731837463378906250e+02 2.253841018676757812e+02
3.885755538940429688e+02 6.735805511474609375e+02 2.255329704284667969e+02
3.882343292236328125e+02 6.742472076416015625e+02 2.253927421569824219e+02
3.879405975341796875e+02 6.739483642578125000e+02 2.256321907043457031e+02
3.879405975341796875e+02 6.749333190917968750e+02 2.251937103271484375e+02
3.875676727294921875e+02 6.745554351806640625e+02 2.255263710021972656e+02
3.879312896728515625e+02 6.759738922119140625e+02 2.246706581115722656e+02
3.870000076293945312e+02 6.752673339843750000e+02 2.253860855102539062e+02
3.864474487304687500e+02 6.754676818847656250e+02 2.254841995239257812e+02
3.870000076293945312e+02 6.747673034667968750e+02 2.256241607666015625e+02
3.870000076293945312e+02 6.760000610351562500e+02 2.250078201293945312e+02
3.860684585571289062e+02 6.759924316406250000e+02 2.253174591064453125e+02
3.870000076293945312e+02 6.767037963867187500e+02 2.246217346191406250e+02
3.870000076293945312e+02 6.772038269042968750e+02 2.243158531188964844e+02
3.859841156005859375e+02 6.770421600341796875e+02 2.247520065307617188e+02
3.875521087646484375e+02 6.765348052978515625e+02 2.245210075378417969e+02
3.850000000000000000e+02 6.770000457763671875e+02 2.250370788574218750e+02
3.856401824951171875e+02 6.775666046142578125e+02 2.245417594909667969e+02
3.863068389892578125e+02 6.774035644531250000e+02 2.244396209716796875e+02
3.859841156005859375e+02 6.779399871826171875e+02 2.241967391967773438e+02
3.859999847412109375e+02 6.787351989746093750e+02 2.236662101745605469e+02
3.850000000000000000e+02 6.781988525390625000e+02 2.243073081970214844e+02
3.849338150024414062e+02 6.790378570556640625e+02 2.237547111511230469e+02
3.850000000000000000e+02 6.776988220214843750e+02 2.246224403381347656e+02
3.839999771118164062e+02 6.783721923828125000e+02 2.244191360473632812e+02
3.833335113525390625e+02 6.784644317626953125e+02 2.244776725769042969e+02
3.839999771118164062e+02 6.790000152587890625e+02 2.239895629882812500e+02
3.839999771118164062e+02 6.778721618652343750e+02 2.247251510620117188e+02
3.830001068115234375e+02 6.780786895751953125e+02 2.247511672973632812e+02
3.840365982055664062e+02 6.769384002685546875e+02 2.252696418762207031e+02
3.829999923706054688e+02 6.771472930908203125e+02 2.252979087829589844e+02
3.843943786621093750e+02 6.764673614501953125e+02 2.254825401306152344e+02
3.837276840209960938e+02 6.765639495849609375e+02 2.255359458923339844e+02
3.829999923706054688e+02 6.766472625732421875e+02 2.255823898315429688e+02
3.840365982055664062e+02 6.760803985595703125e+02 2.257358932495117188e+02
3.850000000000000000e+02 6.758409881591796875e+02 2.256748962402343750e+02
3.829999923706054688e+02 6.760000610351562500e+02 2.259168815612792969e+02
3.839911651611328125e+02 6.749308776855468750e+02 2.262971878051757812e+02
3.843186187744140625e+02 6.744257354736328125e+02 2.264714431762695312e+02
3.829999923706054688e+02 6.751384735107421875e+02 2.263344764709472656e+02
3.836519622802734375e+02 6.745513916015625000e+02 2.265229225158691406e+02
3.850000000000000000e+02 6.750000000000000000e+02 2.260784339904785156e+02
3.860684585571289062e+02 6.750806427001953125e+02 2.257714080810546875e+02
3.850000000000000000e+02 6.742536163330078125e+02 2.264035224914550781e+02
3.850000000000000000e+02 6.737535858154296875e+02 2.265936660766601562e+02
3.859672927856445312e+02 6.739474487304687500e+02 2.262864303588867188e+02
3.862788009643554688e+02 6.733197021484375000e+02 2.264382553100585938e+02
3.856121444702148438e+02 6.735791015625000000e+02 2.265300941467285156e+02
3.870000076293945312e+02 6.740000152587890625e+02 2.259485816955566406e+02
3.869947433471679688e+02 6.729917907714843750e+02 2.263245773315429688e+02
3.873245620727539062e+02 6.723052215576171875e+02 2.264417457580566406e+02
3.866579055786132812e+02 6.726530456542968750e+02 2.265503311157226562e+02
3.879999923706054688e+02 6.730000305175781250e+02 2.259643173217773438e+02
3.879674911499023438e+02 6.719831085205078125e+02 2.263065147399902344e+02
3.889453125000000000e+02 6.729102325439453125e+02 2.256134796142578125e+02
3.889999771118164062e+02 6.720000457763671875e+02 2.258875656127929688e+02
3.895117950439453125e+02 6.725170898437500000e+02 2.255060768127441406e+02
3.896681213378906250e+02 6.720000457763671875e+02 2.255857086181640625e+02
3.900274276733398438e+02 6.709489440917968750e+02 2.256906318664550781e+02
3.901681137084960938e+02 6.720000457763671875e+02 2.253246498107910156e+02
3.903790283203125000e+02 6.712481689453125000e+02 2.254358863830566406e+02
3.910659790039062500e+02 6.720372009277343750e+02 2.248037528991699219e+02
3.909208679199218750e+02 6.709489440917968750e+02 2.251996803283691406e+02
3.916098022460937500e+02 6.717286682128906250e+02 2.245733833312988281e+02
3.914432907104492188e+02 6.723954010009765625e+02 2.244647216796875000e+02
3.907656097412109375e+02 6.730000305175781250e+02 2.246570205688476562e+02
3.912656021118164062e+02 6.730000305175781250e+02 2.243570709228515625e+02
3.920570373535156250e+02 6.730181121826171875e+02 2.238279724121093750e+02
3.924283981323242188e+02 6.733634948730468750e+02 2.234486961364746094e+02
3.919659042358398438e+02 6.720372009277343750e+02 2.242283058166503906e+02
3.917394638061523438e+02 6.740000152587890625e+02 2.236623001098632812e+02
3.925934982299804688e+02 6.726968383789062500e+02 2.235705184936523438e+02
3.929560852050781250e+02 6.730181121826171875e+02 2.231711196899414062e+02
3.927467727661132812e+02 6.720000457763671875e+02 2.236868286132812500e+02
3.930413055419921875e+02 6.709354400634765625e+02 2.237778282165527344e+02
3.932468032836914062e+02 6.720000457763671875e+02 2.233007431030273438e+02
3.934022140502929688e+02 6.712256622314453125e+02 2.234223747253417969e+02
3.939891052246093750e+02 6.709667205810546875e+02 2.229911041259765625e+02
3.940998840332031250e+02 6.700000000000000000e+02 2.231528663635253906e+02
3.935192871093750000e+02 6.705590057373046875e+02 2.235161209106445312e+02
3.945629501342773438e+02 6.707078552246093750e+02 2.225598144531250000e+02
3.946614456176757812e+02 6.700000000000000000e+02 2.226528549194335938e+02
3.947692871093750000e+02 6.690000152587890625e+02 2.227554893493652344e+02
3.951614379882812500e+02 6.700000000000000000e+02 2.221614456176757812e+02
3.952693176269531250e+02 6.690000152587890625e+02 2.222686767578125000e+02
3.956528472900390625e+02 6.700000000000000000e+02 2.216614341735839844e+02
3.957530975341796875e+02 6.690000152587890625e+02 2.217686653137207031e+02
3.958114242553710938e+02 6.680000305175781250e+02 2.218334007263183594e+02
3.962530899047851562e+02 6.690000152587890625e+02 2.212005996704101562e+02
3.963114166259765625e+02 6.680000305175781250e+02 2.212652778625488281e+02
3.966568756103515625e+02 6.690000152587890625e+02 2.207006072998046875e+02
3.967023849487304688e+02 6.680000305175781250e+02 2.207652664184570312e+02
3.972241210937500000e+02 6.690876007080078125e+02 2.199281120300292969e+02
3.965736770629882812e+02 6.700000000000000000e+02 2.205923271179199219e+02
3.972023773193359375e+02 6.680000305175781250e+02 2.200821495056152344e+02
3.972117614746093750e+02 6.670000457763671875e+02 2.200795173645019531e+02
3.967117691040039062e+02 6.670000457763671875e+02 2.207824516296386719e+02
3.972325515747070312e+02 6.659615325927734375e+02 2.199259948730468750e+02
3.970323944091796875e+02 6.650000000000000000e+02 2.200000000000000000e+02
3.974867630004882812e+02 6.656024932861328125e+02 2.194779777526855469e+02
3.966756439208984375e+02 6.660000610351562500e+02 2.207359695434570312e+02
3.975285339355468750e+02 6.662691497802734375e+02 2.195433235168457031e+02
3.962931060791015625e+02 6.660000610351562500e+02 2.212359619140625000e+02
3.965986251831054688e+02 6.650000000000000000e+02 2.206325721740722656e+02
3.962108993530273438e+02 6.650000000000000000e+02 2.211325836181640625e+02
3.965345001220703125e+02 6.643622589111328125e+02 2.205460929870605469e+02
3.961421966552734375e+02 6.640174102783203125e+02 2.209276580810546875e+02
3.967822265625000000e+02 6.640174102783203125e+02 2.200570297241210938e+02
3.964489746093750000e+02 6.636956024169921875e+02 2.204283905029296875e+02
3.966868209838867188e+02 6.630000305175781250e+02 2.197732734680175781e+02
3.973268890380859375e+02 6.640000152587890625e+02 2.192144203186035156e+02
3.972150421142578125e+02 6.630090332031250000e+02 2.189463043212890625e+02
3.976250839233398438e+02 6.640000152587890625e+02 2.187144279479980469e+02
3.974337768554687500e+02 6.650000000000000000e+02 2.193900108337402344e+02
3.977249526977539062e+02 6.650000000000000000e+02 2.188900184631347656e+02
3.982556915283203125e+02 6.650311279296875000e+02 2.179237365722656250e+02
3.984595108032226562e+02 6.647185516357421875e+02 2.174193763732910156e+02
3.980071640014648438e+02 6.640000152587890625e+02 2.179999923706054688e+02
3.985204315185546875e+02 6.653852844238281250e+02 2.175395584106445312e+02
3.986933898925781250e+02 6.650311279296875000e+02 2.170516204833984375e+02
3.986267471313476562e+02 6.640000152587890625e+02 2.167624282836914062e+02
3.991727066040039062e+02 6.650000000000000000e+02 2.159999847412109375e+02
3.988670349121093750e+02 6.660000610351562500e+02 2.169999885559082031e+02
3.993401336669921875e+02 6.659214019775390625e+02 2.159565925598144531e+02
3.994948196411132812e+02 6.655355834960937500e+02 2.154875755310058594e+02
3.995412063598632812e+02 6.662022399902343750e+02 2.155943298339843750e+02
3.993583679199218750e+02 6.670000457763671875e+02 2.161869621276855469e+02
3.995818710327148438e+02 6.670000457763671875e+02 2.156869506835937500e+02
3.993843841552734375e+02 6.680000305175781250e+02 2.162461853027343750e+02
3.996078491210937500e+02 6.680000305175781250e+02 2.157461929321289062e+02
3.983820343017578125e+02 6.640000152587890625e+02 2.172624206542968750e+02
3.985467910766601562e+02 6.633412170410156250e+02 2.165971755981445312e+02
3.982683563232421875e+02 6.630046844482421875e+02 2.169583129882812500e+02
3.984463500976562500e+02 6.626744842529296875e+02 2.163784408569335938e+02
3.979228973388671875e+02 6.620000457763671875e+02 2.169999885559082031e+02
3.977279663085937500e+02 6.630090332031250000e+02 2.180365371704101562e+02
3.974425888061523438e+02 6.626816558837890625e+02 2.183942413330078125e+02
3.975909805297851562e+02 6.620000457763671875e+02 2.176757621765136719e+02
3.975456619262695312e+02 6.633483123779296875e+02 2.185771942138671875e+02
3.975035858154296875e+02 6.614910888671875000e+02 2.175067901611328125e+02
3.973236846923828125e+02 6.620000457763671875e+02 2.181757736206054688e+02
3.971205139160156250e+02 6.610946655273437500e+02 2.179040718078613281e+02
3.968018722534179688e+02 6.619863128662109375e+02 2.190484046936035156e+02
3.965715408325195312e+02 6.623105621337890625e+02 2.196026229858398438e+02
3.964426040649414062e+02 6.616439056396484375e+02 2.194140052795410156e+02
3.966277694702148438e+02 6.610000610351562500e+02 2.187024688720703125e+02
3.962993240356445312e+02 6.610000610351562500e+02 2.192024612426757812e+02
3.965147018432617188e+02 6.604713439941406250e+02 2.185226058959960938e+02
3.959810638427734375e+02 6.600373077392578125e+02 2.189710426330566406e+02
3.966462326049804688e+02 6.600827789306640625e+02 2.179339981079101562e+02
3.965318298339843750e+02 6.594416809082031250e+02 2.175566673278808594e+02
3.971557235717773438e+02 6.600628662109375000e+02 2.169371414184570312e+02
3.963389968872070312e+02 6.598046875000000000e+02 2.182233238220214844e+02
3.960081481933593750e+02 6.589884185791015625e+02 2.180111885070800781e+02
3.954781341552734375e+02 6.585350799560546875e+02 2.184657096862792969e+02
3.956772994995117188e+02 6.582236480712890625e+02 2.177990341186523438e+02
3.963439941406250000e+02 6.587750244140625000e+02 2.172052955627441406e+02
3.956723022460937500e+02 6.592017364501953125e+02 2.187528228759765625e+02
3.952921295166015625e+02 6.589210510253906250e+02 2.190516853332519531e+02
3.947090911865234375e+02 6.590940856933593750e+02 2.199493408203125000e+02
3.954412078857421875e+02 6.596033477783203125e+02 2.194194793701171875e+02
3.947772979736328125e+02 6.580425262451171875e+02 2.189667510986328125e+02
3.943229675292968750e+02 6.577375793457031250e+02 2.192779350280761719e+02
3.945831680297851562e+02 6.573889160156250000e+02 2.186112785339355469e+02
3.953136444091796875e+02 6.579341888427734375e+02 2.180794143676757812e+02
3.945675277709960938e+02 6.584042358398437500e+02 2.195822334289550781e+02
3.939678573608398438e+02 6.580428314208984375e+02 2.199644851684570312e+02
3.936127471923828125e+02 6.583480834960937500e+02 2.206161499023437500e+02
3.942794036865234375e+02 6.588233947753906250e+02 2.202489089965820312e+02
3.933528518676757812e+02 6.576814270019531250e+02 2.203467369079589844e+02
3.936563110351562500e+02 6.573008728027343750e+02 2.196800613403320312e+02
3.930362701416015625e+02 6.569573211669921875e+02 2.200400733947753906e+02
3.939902114868164062e+02 6.570115661621093750e+02 2.189892005920410156e+02
3.936574554443359375e+02 6.563082885742187500e+02 2.187004470825195312e+02
3.933863830566406250e+02 6.566341400146484375e+02 2.193671226501464844e+02
3.943241119384765625e+02 6.567222595214843750e+02 2.182449531555175781e+02
3.947570037841796875e+02 6.570333862304687500e+02 2.179469680786132812e+02
3.939675521850585938e+02 6.560388946533203125e+02 2.179548645019531250e+02
3.933771514892578125e+02 6.556416320800781250e+02 2.183314514160156250e+02
3.936109542846679688e+02 6.553748321533203125e+02 2.176647758483886719e+02
3.943185043334960938e+02 6.557200622558593750e+02 2.169999885559082031e+02
3.945503997802734375e+02 6.564361572265625000e+02 2.175782775878906250e+02
3.947165679931640625e+02 6.562200164794921875e+02 2.169999885559082031e+02
3.952500915527343750e+02 6.569779968261718750e+02 2.170594596862792969e+02
3.950266647338867188e+02 6.559643554687500000e+02 2.160549545288085938e+02
3.946483230590820312e+02 6.553208923339843750e+02 2.157968139648437500e+02
3.953368759155273438e+02 6.557104492187500000e+02 2.150000000000000000e+02
3.955706787109375000e+02 6.564048767089843750e+02 2.156464576721191406e+02
3.954050064086914062e+02 6.566299438476562500e+02 2.163131141662597656e+02
3.944804000854492188e+02 6.555239105224609375e+02 2.164634704589843750e+02
3.942222595214843750e+02 6.549925994873046875e+02 2.160780715942382812e+02
3.936675262451171875e+02 6.543184661865234375e+02 2.159999847412109375e+02
3.943658828735351562e+02 6.546542358398437500e+02 2.152310371398925781e+02
3.937693023681640625e+02 6.550249481201171875e+02 2.169231796264648438e+02
3.935241317749023438e+02 6.544741821289062500e+02 2.165386199951171875e+02
3.933037185668945312e+02 6.547081756591796875e+02 2.172052955627441406e+02
3.929146575927734375e+02 6.540861511230468750e+02 2.168713951110839844e+02
3.930070877075195312e+02 6.549925994873046875e+02 2.180111312866210938e+02
3.926370239257812500e+02 6.543647766113281250e+02 2.176907920837402344e+02
3.923862075805664062e+02 6.546103668212890625e+02 2.183574676513671875e+02
3.927104949951171875e+02 6.552770233154296875e+02 2.187512397766113281e+02
3.920718765258789062e+02 6.549319458007812500e+02 2.190771675109863281e+02
3.930484390258789062e+02 6.559448242187500000e+02 2.190591812133789062e+02
3.927196884155273438e+02 6.562480163574218750e+02 2.197334098815917969e+02
3.924242019653320312e+02 6.555813598632812500e+02 2.194179153442382812e+02
3.920778274536132812e+02 6.559179687500000000e+02 2.200765037536621094e+02
3.917314910888671875e+02 6.562545776367187500e+02 2.206999778747558594e+02
3.923981475830078125e+02 6.566136932373046875e+02 2.204000663757324219e+02
3.914062881469726562e+02 6.555879211425781250e+02 2.204195976257324219e+02
3.917575073242187500e+02 6.552536010742187500e+02 2.197529220581054688e+02
3.910700607299804688e+02 6.549409484863281250e+02 2.200630950927734375e+02
3.907338333129882812e+02 6.543119049072265625e+02 2.197066116333007812e+02
3.914004898071289062e+02 6.545869445800781250e+02 2.194030952453613281e+02
3.907396316528320312e+02 6.552948760986328125e+02 2.206819534301757812e+02
3.903359985351562500e+02 6.546282196044921875e+02 2.203732872009277344e+02
3.899840927124023438e+02 6.540126800537109375e+02 2.199883842468261719e+02
3.899749755859375000e+02 6.550196838378906250e+02 2.209829902648925781e+02
3.896693038940429688e+02 6.543801116943359375e+02 2.206173706054687500e+02
3.896139526367187500e+02 6.554110717773437500e+02 2.215736198425292969e+02
3.902806091308593750e+02 6.556858825683593750e+02 2.213486289978027344e+02
3.889999771118164062e+02 6.546840667724609375e+02 2.213373947143554688e+02
3.889061355590820312e+02 6.540280914306640625e+02 2.207739830017089844e+02
3.884985351562500000e+02 6.545009613037109375e+02 2.214991569519042969e+02
3.889999771118164062e+02 6.551840209960937500e+02 2.217593002319335938e+02
3.881087493896484375e+02 6.549300384521484375e+02 2.220568466186523438e+02
3.890925979614257812e+02 6.559485626220703125e+02 2.223030281066894531e+02
3.888210296630859375e+02 6.562475585937500000e+02 2.226808166503906250e+02
3.899683761596679688e+02 6.560115051269531250e+02 2.218073272705078125e+02
3.894876861572265625e+02 6.565105438232421875e+02 2.224926185607910156e+02
3.883856201171875000e+02 6.555808258056640625e+02 2.224387931823730469e+02
3.879571151733398438e+02 6.560305023193359375e+02 2.229785728454589844e+02
3.877189254760742188e+02 6.553591918945312500e+02 2.226096725463867188e+02
3.870000076293945312e+02 6.558216857910156250e+02 2.232686424255371094e+02
3.875286483764648438e+02 6.564801788330078125e+02 2.235138130187988281e+02
3.881953048706054688e+02 6.567302703857421875e+02 2.233474922180175781e+02
3.879171752929687500e+02 6.570381927490234375e+02 2.236802482604980469e+02
3.890542984008789062e+02 6.569537353515625000e+02 2.230304527282714844e+02
3.886209106445312500e+02 6.573969268798828125e+02 2.235653877258300781e+02
3.892875671386718750e+02 6.576953125000000000e+02 2.233800888061523438e+02
3.900000000000000000e+02 6.572414398193359375e+02 2.226712417602539062e+02
3.900000000000000000e+02 6.567414855957031250e+02 2.223289299011230469e+02
3.899842834472656250e+02 6.580171966552734375e+02 2.231671333312988281e+02
3.905224990844726562e+02 6.574781799316406250e+02 2.225148963928222656e+02
3.909238052368164062e+02 6.570754241943359375e+02 2.219481086730957031e+02
3.909135055541992188e+02 6.580944824218750000e+02 2.226426315307617188e+02
3.911891937255859375e+02 6.578240966796875000e+02 2.222835922241210938e+02
3.909725952148437500e+02 6.590200042724609375e+02 2.231519889831542969e+02
3.915081405639648438e+02 6.584907531738281250e+02 2.225059127807617188e+02
3.919111251831054688e+02 6.581022644042968750e+02 2.219334793090820312e+02
3.917160415649414062e+02 6.590000152587890625e+02 2.226523017883300781e+02
3.922160339355468750e+02 6.590000152587890625e+02 2.222820472717285156e+02
3.919989395141601562e+02 6.600016021728515625e+02 2.229997444152832031e+02
3.915512847900390625e+02 6.604305267333984375e+02 2.235344505310058594e+02
3.922452926635742188e+02 6.610000610351562500e+02 2.233214187622070312e+02
3.926733398437500000e+02 6.602392578125000000e+02 2.226356506347656250e+02
3.912876892089843750e+02 6.597638702392578125e+02 2.233638191223144531e+02
3.924465560913085938e+02 6.595726013183593750e+02 2.224593734741210938e+02
3.930039978027343750e+02 6.599435424804687500e+02 2.222033309936523438e+02
3.929587936401367188e+02 6.590872955322265625e+02 2.217339515686035156e+02
3.933400344848632812e+02 6.607572937011718750e+02 2.223656463623046875e+02
3.936724472045898438e+02 6.600000000000000000e+02 2.216596221923828125e+02
3.935147476196289062e+02 6.594788360595703125e+02 2.215138435363769531e+02
3.941724395751953125e+02 6.600000000000000000e+02 2.211668395996093750e+02
3.939626312255859375e+02 6.610651397705078125e+02 2.219665145874023438e+02
3.943818664550781250e+02 6.607063293457031250e+02 2.213819694519042969e+02
3.935433959960937500e+02 6.614239501953125000e+02 2.225373649597167969e+02
3.941917419433593750e+02 6.620000457763671875e+02 2.222166824340820312e+02
3.945668411254882812e+02 6.613729858398437500e+02 2.215673637390136719e+02
3.949635696411132812e+02 6.610727691650390625e+02 2.209588050842285156e+02
3.947135162353515625e+02 6.620000457763671875e+02 2.217166709899902344e+02
3.952135086059570312e+02 6.620000457763671875e+02 2.211783027648925781e+02
3.949539184570312500e+02 6.631185913085937500e+02 2.219522666931152344e+02
3.953844833374023438e+02 6.627939605712890625e+02 2.213687515258789062e+02
3.943789672851562500e+02 6.627765655517578125e+02 2.223882102966308594e+02
3.945233154296875000e+02 6.634432220458984375e+02 2.225218582153320312e+02
3.951092910766601562e+02 6.640000152587890625e+02 2.221001243591308594e+02
3.955147933959960938e+02 6.634606170654296875e+02 2.215163421630859375e+02
3.957776641845703125e+02 6.630764007568359375e+02 2.210212516784667969e+02
3.955910110473632812e+02 6.640000152587890625e+02 2.216001129150390625e+02
3.957109069824218750e+02 6.650000000000000000e+02 2.217318344116210938e+02
3.952383041381835938e+02 6.650000000000000000e+02 2.222318267822265625e+02
3.957931137084960938e+02 6.660000610351562500e+02 2.218211364746093750e+02
3.953252029418945312e+02 6.660000610351562500e+02 2.223211479187011719e+02
3.958284378051757812e+02 6.670000457763671875e+02 2.218561172485351562e+02
3.953588104248046875e+02 6.670000457763671875e+02 2.223561286926269531e+02
3.963284301757812500e+02 6.670000457763671875e+02 2.212824630737304688e+02
3.948588180541992188e+02 6.670000457763671875e+02 2.228412055969238281e+02
3.953351974487304688e+02 6.680000305175781250e+02 2.223333930969238281e+02
3.948352050781250000e+02 6.680000305175781250e+02 2.228194999694824219e+02
3.942890548706054688e+02 6.680000305175781250e+02 2.233194923400878906e+02
3.943130874633789062e+02 6.670000457763671875e+02 2.233412170410156250e+02
3.937890625000000000e+02 6.680000305175781250e+02 2.237368011474609375e+02
3.942160415649414062e+02 6.690000152587890625e+02 2.232555007934570312e+02
3.937160491943359375e+02 6.690000152587890625e+02 2.236785316467285156e+02
3.935998916625976562e+02 6.700000000000000000e+02 2.235828971862792969e+02
3.930691528320312500e+02 6.690000152587890625e+02 2.241785430908203125e+02
3.931440353393554688e+02 6.680000305175781250e+02 2.242367935180664062e+02
3.929083633422851562e+02 6.699280548095703125e+02 2.241273307800292969e+02
3.925691223144531250e+02 6.690000152587890625e+02 2.245499420166015625e+02
3.926440429687500000e+02 6.680000305175781250e+02 2.246032142639160156e+02
3.925139617919921875e+02 6.695466613769531250e+02 2.245101737976074219e+02
3.920000076293945312e+02 6.690000152587890625e+02 2.249149322509765625e+02
3.912672424316406250e+02 6.690000152587890625e+02 2.253649711608886719e+02
3.920000076293945312e+02 6.680000305175781250e+02 2.250136947631835938e+02
3.920432662963867188e+02 6.699280548095703125e+02 2.247342109680175781e+02
3.911344146728515625e+02 6.700000000000000000e+02 2.252851295471191406e+02
3.917614364624023438e+02 6.710000610351562500e+02 2.246726799011230469e+02
3.924054336547851562e+02 6.702133941650390625e+02 2.244350051879882812e+02
3.922614669799804688e+02 6.710000610351562500e+02 2.243351936340332031e+02
3.906344223022460938e+02 6.700000000000000000e+02 2.255760002136230469e+02
3.907672500610351562e+02 6.690000152587890625e+02 2.256492996215820312e+02
3.900000000000000000e+02 6.700000000000000000e+02 2.259033775329589844e+02
3.905347824096679688e+02 6.705815124511718750e+02 2.255200195312500000e+02
3.891061782836914062e+02 6.700000000000000000e+02 2.263273620605468750e+02
3.900000000000000000e+02 6.690000152587890625e+02 2.260456466674804688e+02
3.892644119262695312e+02 6.690000152587890625e+02 2.263963508605957031e+02
3.900000000000000000e+02 6.680000305175781250e+02 2.261227416992187500e+02
3.900000000000000000e+02 6.670000457763671875e+02 2.261337089538574219e+02
3.908437728881835938e+02 6.680000305175781250e+02 2.256892967224121094e+02
3.893489074707031250e+02 6.680000305175781250e+02 2.264334297180175781e+02
3.893599700927734375e+02 6.670000457763671875e+02 2.264383697509765625e+02
3.888489151000976562e+02 6.680000305175781250e+02 2.266461181640625000e+02
3.879999923706054688e+02 6.680000305175781250e+02 2.269449424743652344e+02
3.888599395751953125e+02 6.670000457763671875e+02 2.266504859924316406e+02
3.887644195556640625e+02 6.690000152587890625e+02 2.266114807128906250e+02
3.886061859130859375e+02 6.700000000000000000e+02 2.265447235107421875e+02
3.879999923706054688e+02 6.690000152587890625e+02 2.268818664550781250e+02
3.870000076293945312e+02 6.690000152587890625e+02 2.271806144714355469e+02
3.879999923706054688e+02 6.700000000000000000e+02 2.267542839050292969e+02
3.870000076293945312e+02 6.700000000000000000e+02 2.270618629455566406e+02
3.879674911499023438e+02 6.709053802490234375e+02 2.265936088562011719e+02
3.870000076293945312e+02 6.710000610351562500e+02 2.268782997131347656e+02
3.882791519165039062e+02 6.711756134033203125e+02 2.264190483093261719e+02
3.876124954223632812e+02 6.716385650634765625e+02 2.265397453308105469e+02
3.885050582885742188e+02 6.705089569091796875e+02 2.265021514892578125e+02
3.889030456542968750e+02 6.709053802490234375e+02 2.262300491333007812e+02
3.869947433471679688e+02 6.719831085205078125e+02 2.266377830505371094e+02
3.859999847412109375e+02 6.720000457763671875e+02 2.269123077392578125e+02
3.859999847412109375e+02 6.710000610351562500e+02 2.271520042419433594e+02
3.859672927856445312e+02 6.729917907714843750e+02 2.266301727294921875e+02
3.850000000000000000e+02 6.720000457763671875e+02 2.271386909484863281e+02
3.849943161010742188e+02 6.709871673583984375e+02 2.273849868774414062e+02
3.850000000000000000e+02 6.730000305175781250e+02 2.268477058410644531e+02
3.839250183105468750e+02 6.719140625000000000e+02 2.273457908630371094e+02
3.842083358764648438e+02 6.713119506835937500e+02 2.274561882019042969e+02
3.829999923706054688e+02 6.721314239501953125e+02 2.274023628234863281e+02
3.835416793823242188e+02 6.715235137939453125e+02 2.275060272216796875e+02
3.839999771118164062e+02 6.730000305175781250e+02 2.270179367065429688e+02
3.829999923706054688e+02 6.730000305175781250e+02 2.271386337280273438e+02
3.839911651611328125e+02 6.740554046630859375e+02 2.266560173034667969e+02
3.829999923706054688e+02 6.740000152587890625e+02 2.267974853515625000e+02
3.820000076293945312e+02 6.740000152587890625e+02 2.268785858154296875e+02
3.829999923706054688e+02 6.746385192871093750e+02 2.265612220764160156e+02
3.820000076293945312e+02 6.747386932373046875e+02 2.266052055358886719e+02
3.809999847412109375e+02 6.747843933105468750e+02 2.266248321533203125e+02
3.820000076293945312e+02 6.752386474609375000e+02 2.263803291320800781e+02
3.809999847412109375e+02 6.752844238281250000e+02 2.264012527465820312e+02
3.820000076293945312e+02 6.760000610351562500e+02 2.260067749023437500e+02
3.809999847412109375e+02 6.760000610351562500e+02 2.260485076904296875e+02
3.820000076293945312e+02 6.767268371582031250e+02 2.256264495849609375e+02
3.809999847412109375e+02 6.767674255371093750e+02 2.256472396850585938e+02
3.820000076293945312e+02 6.772268676757812500e+02 2.253440284729003906e+02
3.809999847412109375e+02 6.772673797607421875e+02 2.253685951232910156e+02
3.820000076293945312e+02 6.780000305175781250e+02 2.248949813842773438e+02
3.809999847412109375e+02 6.780000305175781250e+02 2.249476814270019531e+02
3.820000076293945312e+02 6.785752868652343750e+02 2.245509338378906250e+02
3.809999847412109375e+02 6.786171722412109375e+02 2.245790672302246094e+02
3.826668167114257812e+02 6.785314941406250000e+02 2.245213890075683594e+02
3.820000076293945312e+02 6.790752410888671875e+02 2.242057418823242188e+02
3.809999847412109375e+02 6.791171264648437500e+02 2.242352867126464844e+02
3.820000076293945312e+02 6.797836303710937500e+02 2.237057495117187500e+02
3.830001068115234375e+02 6.789189147949218750e+02 2.242083168029785156e+02
3.829999923706054688e+02 6.797068786621093750e+02 2.236521339416503906e+02
3.829999923706054688e+02 6.802069091796875000e+02 2.232759475708007812e+02
3.839999771118164062e+02 6.795948028564453125e+02 2.235704231262207031e+02
3.839999771118164062e+02 6.800948333740234375e+02 2.231893730163574219e+02
3.845563888549804688e+02 6.795198059082031250e+02 2.235147857666015625e+02
3.820000076293945312e+02 6.802836608886718750e+02 2.233361053466796875e+02
3.809999847412109375e+02 6.803256988525390625e+02 2.233683204650878906e+02
3.800000000000000000e+02 6.803256988525390625e+02 2.233683204650878906e+02
3.809999847412109375e+02 6.798256683349609375e+02 2.237352943420410156e+02
3.809999847412109375e+02 6.809389495849609375e+02 2.228683280944824219e+02
3.800000000000000000e+02 6.809389495849609375e+02 2.228683280944824219e+02
3.789999771118164062e+02 6.809088897705078125e+02 2.228395652770996094e+02
3.779999923706054688e+02 6.808446502685546875e+02 2.227842140197753906e+02
3.789999771118164062e+02 6.802873229980468750e+02 2.233395576477050781e+02
3.789999771118164062e+02 6.814089202880859375e+02 2.224217605590820312e+02
3.779999923706054688e+02 6.813446807861328125e+02 2.223676490783691406e+02
3.779999923706054688e+02 6.819057464599609375e+02 2.218676376342773438e+02
3.770000076293945312e+02 6.812510681152343750e+02 2.222901344299316406e+02
3.759999847412109375e+02 6.811224365234375000e+02 2.221830368041992188e+02
3.770000076293945312e+02 6.807511138916015625e+02 2.227053260803222656e+02
3.770000076293945312e+02 6.818214416503906250e+02 2.217901420593261719e+02
3.759999847412109375e+02 6.817030334472656250e+02 2.216830444335937500e+02
3.770000076293945312e+02 6.823213958740234375e+02 2.213313674926757812e+02
3.759999847412109375e+02 6.822029876708984375e+02 2.212196731567382812e+02
3.770000076293945312e+02 6.828272247314453125e+02 2.208313751220703125e+02
3.779999923706054688e+02 6.824057006835937500e+02 2.214103889465332031e+02
3.779999923706054688e+02 6.829045867919921875e+02 2.209103965759277344e+02
3.789999771118164062e+02 6.824668884277343750e+02 2.214683151245117188e+02
3.779999923706054688e+02 6.834046173095703125e+02 2.203974151611328125e+02
3.770000076293945312e+02 6.833271789550781250e+02 2.203134155273437500e+02
3.779999923706054688e+02 6.838551330566406250e+02 2.198974037170410156e+02
3.770000076293945312e+02 6.837792968750000000e+02 2.198134040832519531e+02
3.779999923706054688e+02 6.843551635742187500e+02 2.193278694152832031e+02
3.789999771118164062e+02 6.839096069335937500e+02 2.199591445922851562e+02
3.789999771118164062e+02 6.844096374511718750e+02 2.193933486938476562e+02
3.789999771118164062e+02 6.848231506347656250e+02 2.188933563232421875e+02
3.779999923706054688e+02 6.847677612304687500e+02 2.188278579711914062e+02
3.800000000000000000e+02 6.848532104492187500e+02 2.189253997802734375e+02
3.800000000000000000e+02 6.853531646728515625e+02 2.183039474487304688e+02
3.770000076293945312e+02 6.846910095214843750e+02 2.187354278564453125e+02
3.759999847412109375e+02 6.845905303955078125e+02 2.186117744445800781e+02
3.770000076293945312e+02 6.842793273925781250e+02 2.192354393005371094e+02
3.759999847412109375e+02 6.841760253906250000e+02 2.191117668151855469e+02
3.749931335449218750e+02 6.840022277832031250e+02 2.190020370483398438e+02
3.759999847412109375e+02 6.836759948730468750e+02 2.196971702575683594e+02
3.752317428588867188e+02 6.835765075683593750e+02 2.195848274230957031e+02
3.759999847412109375e+02 6.832176971435546875e+02 2.201971626281738281e+02
3.759999847412109375e+02 6.827176666259765625e+02 2.207196807861328125e+02
3.749390411376953125e+02 6.831488037109375000e+02 2.199508857727050781e+02
3.740989685058593750e+02 6.828032684326171875e+02 2.200207901000976562e+02
3.745650863647460938e+02 6.834801483154296875e+02 2.194776916503906250e+02
3.750000000000000000e+02 6.825759124755859375e+02 2.205762290954589844e+02
3.744982910156250000e+02 6.825006866455078125e+02 2.205006408691406250e+02
3.749337768554687500e+02 6.819525146484375000e+02 2.211506080627441406e+02
3.740989685058593750e+02 6.820208740234375000e+02 2.208050155639648438e+02
3.745563125610351562e+02 6.814807128906250000e+02 2.214827156066894531e+02
3.752230072021484375e+02 6.815874481201171875e+02 2.215792655944824219e+02
3.749823760986328125e+02 6.810057830810546875e+02 2.220052909851074219e+02
3.754084396362304688e+02 6.805307769775390625e+02 2.225250625610351562e+02
3.739999771118164062e+02 6.808657073974609375e+02 2.218086242675781250e+02
3.747417449951171875e+02 6.804138946533203125e+02 2.224312973022460938e+02
3.739999771118164062e+02 6.802593231201171875e+02 2.223086166381835938e+02
3.750450515747070312e+02 6.800483703613281250e+02 2.227957725524902344e+02
3.739999771118164062e+02 6.797593688964843750e+02 2.226983070373535156e+02
3.750000000000000000e+02 6.792874145507812500e+02 2.233509254455566406e+02
3.760341644287109375e+02 6.799208831787109375e+02 2.231470870971679688e+02
3.763903045654296875e+02 6.795348358154296875e+02 2.235256385803222656e+02
3.759999847412109375e+02 6.806224822998046875e+02 2.225996398925781250e+02
3.770000076293945312e+02 6.801107788085937500e+02 2.232053184509277344e+02
3.757236480712890625e+02 6.794229125976562500e+02 2.234456253051757812e+02
3.760341644287109375e+02 6.790537261962890625e+02 2.237716102600097656e+02
3.770000076293945312e+02 6.790000152587890625e+02 2.240038871765136719e+02
3.759999847412109375e+02 6.782157897949218750e+02 2.243202781677246094e+02
3.750000000000000000e+02 6.787874603271484375e+02 2.236960601806640625e+02
3.742461776733398438e+02 6.786270904541015625e+02 2.235866165161132812e+02
3.749850845336914062e+02 6.779499816894531250e+02 2.242329597473144531e+02
3.753084564208984375e+02 6.775833129882812500e+02 2.245514106750488281e+02
3.739477157592773438e+02 6.780738067626953125e+02 2.238359642028808594e+02
3.746417999267578125e+02 6.774317932128906250e+02 2.244602012634277344e+02
3.739999771118164062e+02 6.772481536865234375e+02 2.243549919128417969e+02
3.749850845336914062e+02 6.770590972900390625e+02 2.247619056701660156e+02
3.749324035644531250e+02 6.759908294677734375e+02 2.253216361999511719e+02
3.739999771118164062e+02 6.767481231689453125e+02 2.246383285522460938e+02
3.759999847412109375e+02 6.770000457763671875e+02 2.250430488586425781e+02
3.759999847412109375e+02 6.763316345214843750e+02 2.254113578796386719e+02
3.759999847412109375e+02 6.777157592773437500e+02 2.246316909790039062e+02
3.769820022583007812e+02 6.769338989257812500e+02 2.252682876586914062e+02
3.766366958618164062e+02 6.764575195312500000e+02 2.254776382446289062e+02
3.773033523559570312e+02 6.765563964843750000e+02 2.255307579040527344e+02
3.770000076293945312e+02 6.778765869140625000e+02 2.247271347045898438e+02
3.779999923706054688e+02 6.771376800537109375e+02 2.252979087829589844e+02
3.779999923706054688e+02 6.766376495361328125e+02 2.255747795104980469e+02
3.779998779296875000e+02 6.780786895751953125e+02 2.247511672973632812e+02
3.789999771118164062e+02 6.772202301025390625e+02 2.253440284729003906e+02
3.789999771118164062e+02 6.767201995849609375e+02 2.256195831298828125e+02
3.789999771118164062e+02 6.780000305175781250e+02 2.248949813842773438e+02
3.800000000000000000e+02 6.772647094726562500e+02 2.253685951232910156e+02
3.800000000000000000e+02 6.767647552490234375e+02 2.256441116333007812e+02
3.800000000000000000e+02 6.780000305175781250e+02 2.249476814270019531e+02
3.800000000000000000e+02 6.786171722412109375e+02 2.245790672302246094e+02
3.800000000000000000e+02 6.791171264648437500e+02 2.242352867126464844e+02
3.789999771118164062e+02 6.785755157470703125e+02 2.245509338378906250e+02
3.789999771118164062e+02 6.790754699707031250e+02 2.242077636718750000e+02
3.783331680297851562e+02 6.785317993164062500e+02 2.245213890075683594e+02
3.779998779296875000e+02 6.789190673828125000e+02 2.242122459411621094e+02
3.779999923706054688e+02 6.797152709960937500e+02 2.236570549011230469e+02
3.776664733886718750e+02 6.784644317626953125e+02 2.244776725769042969e+02
3.770000076293945312e+02 6.783766174316406250e+02 2.244224357604980469e+02
3.770000076293945312e+02 6.796108245849609375e+02 2.235814476013183594e+02
3.779999923706054688e+02 6.802153015136718750e+02 2.232842254638671875e+02
3.789999771118164062e+02 6.797872924804687500e+02 2.237077713012695312e+02
3.800000000000000000e+02 6.798256683349609375e+02 2.237352943420410156e+02
3.800000000000000000e+02 6.760000610351562500e+02 2.260405731201171875e+02
3.800000000000000000e+02 6.752725219726562500e+02 2.263964653015136719e+02
3.789999771118164062e+02 6.760000610351562500e+02 2.259894561767578125e+02
3.789999771118164062e+02 6.752118682861328125e+02 2.263698768615722656e+02
3.779999923706054688e+02 6.760000610351562500e+02 2.258977317810058594e+02
3.779999923706054688e+02 6.751018524169921875e+02 2.263229370117187500e+02
3.769820022583007812e+02 6.760745239257812500e+02 2.257238006591796875e+02
3.759999847412109375e+02 6.758316802978515625e+02 2.256673431396484375e+02
3.770622253417968750e+02 6.749134063720703125e+02 2.262796783447265625e+02
3.759999847412109375e+02 6.750000000000000000e+02 2.260504913330078125e+02
3.767703628540039062e+02 6.743856048583984375e+02 2.264572143554687500e+02
3.774370193481445312e+02 6.745223236083984375e+02 2.265095901489257812e+02
3.779999923706054688e+02 6.746018981933593750e+02 2.265441894531250000e+02
3.770622253417968750e+02 6.740313720703125000e+02 2.266288757324218750e+02
3.759999847412109375e+02 6.736928558349609375e+02 2.265694236755371094e+02
3.770000076293945312e+02 6.730000305175781250e+02 2.269587326049804688e+02
3.779999923706054688e+02 6.740000152587890625e+02 2.267612457275390625e+02
3.779999923706054688e+02 6.730000305175781250e+02 2.270913696289062500e+02
3.789999771118164062e+02 6.740000152587890625e+02 2.268517684936523438e+02
3.789999771118164062e+02 6.747119140625000000e+02 2.265923500061035156e+02
3.800000000000000000e+02 6.740000152587890625e+02 2.269003295898437500e+02
3.789999771118164062e+02 6.730000305175781250e+02 2.271828079223632812e+02
3.789999771118164062e+02 6.721916198730468750e+02 2.274234008789062500e+02
3.800000000000000000e+02 6.730000305175781250e+02 2.272317695617675781e+02
3.809999847412109375e+02 6.730000305175781250e+02 2.272459602355957031e+02
3.800000000000000000e+02 6.723087310791015625e+02 2.274504470825195312e+02
3.800000000000000000e+02 6.718087768554687500e+02 2.275775527954101562e+02
3.809999847412109375e+02 6.723436737060546875e+02 2.274582862854003906e+02
3.809999847412109375e+02 6.718436431884765625e+02 2.275881576538085938e+02
3.820000076293945312e+02 6.722856903076171875e+02 2.274430465698242188e+02
3.820000076293945312e+02 6.717856597900390625e+02 2.275732040405273438e+02
3.820000076293945312e+02 6.730000305175781250e+02 2.272164154052734375e+02
3.820000076293945312e+02 6.710000610351562500e+02 2.277667427062988281e+02
3.829999923706054688e+02 6.716313934326171875e+02 2.275336456298828125e+02
3.829999923706054688e+02 6.710000610351562500e+02 2.276825332641601562e+02
3.829999923706054688e+02 6.700000000000000000e+02 2.278761291503906250e+02
3.839250183105468750e+02 6.709871673583984375e+02 2.275720596313476562e+02
3.839999771118164062e+02 6.700000000000000000e+02 2.277466392517089844e+02
3.846572113037109375e+02 6.706452941894531250e+02 2.275324821472167969e+02
3.849943161010742188e+02 6.699468231201171875e+02 2.275755882263183594e+02
3.850000000000000000e+02 6.690000152587890625e+02 2.276871871948242188e+02
3.853238677978515625e+02 6.702446746826171875e+02 2.274621200561523438e+02
3.855443954467773438e+02 6.695780181884765625e+02 2.275111198425292969e+02
3.856531524658203125e+02 6.690000152587890625e+02 2.275383758544921875e+02
3.859266281127929688e+02 6.699468231201171875e+02 2.273591232299804688e+02
3.861531448364257812e+02 6.690000152587890625e+02 2.274102210998535156e+02
3.862559509277343750e+02 6.680000305175781250e+02 2.274373054504394531e+02
3.862609100341796875e+02 6.670000457763671875e+02 2.274399185180664062e+02
3.857559204101562500e+02 6.680000305175781250e+02 2.275632858276367188e+02
3.870000076293945312e+02 6.680000305175781250e+02 2.272361183166503906e+02
3.870000076293945312e+02 6.670000457763671875e+02 2.272422981262207031e+02
3.870000076293945312e+02 6.660000610351562500e+02 2.272033119201660156e+02
3.879999923706054688e+02 6.670000457763671875e+02 2.269528961181640625e+02
3.879999923706054688e+02 6.660000610351562500e+02 2.269069290161132812e+02
3.879999923706054688e+02 6.650000000000000000e+02 2.267930984497070312e+02
3.887935638427734375e+02 6.660000610351562500e+02 2.266244697570800781e+02
3.886490631103515625e+02 6.650000000000000000e+02 2.265642356872558594e+02
3.892935562133789062e+02 6.660000610351562500e+02 2.264079666137695312e+02
3.891490554809570312e+02 6.650000000000000000e+02 2.263419723510742188e+02
3.900000000000000000e+02 6.660000610351562500e+02 2.260736846923828125e+02
3.908042907714843750e+02 6.660000610351562500e+02 2.256657218933105469e+02
3.900000000000000000e+02 6.650000000000000000e+02 2.259398460388183594e+02
3.900447463989257812e+02 6.640140533447265625e+02 2.257149124145507812e+02
3.906789779663085938e+02 6.650000000000000000e+02 2.255978775024414062e+02
3.911790084838867188e+02 6.650000000000000000e+02 2.253186225891113281e+02
3.905640411376953125e+02 6.643567657470703125e+02 2.255353164672851562e+02
3.909384155273437500e+02 6.640140533447265625e+02 2.252377700805664062e+02
3.918335723876953125e+02 6.640000152587890625e+02 2.247088432312011719e+02
3.904079437255859375e+02 6.636901092529296875e+02 2.254511833190917969e+02
3.910852813720703125e+02 6.629250335693359375e+02 2.248349571228027344e+02
3.902112197875976562e+02 6.630000305175781250e+02 2.253456306457519531e+02
3.914754867553710938e+02 6.625416564941406250e+02 2.244851303100585938e+02
3.907942962646484375e+02 6.620000457763671875e+02 2.246687889099121094e+02
3.916539382934570312e+02 6.632083129882812500e+02 2.245974349975585938e+02
3.919923782348632812e+02 6.629250335693359375e+02 2.242807388305664062e+02
3.923335647583007812e+02 6.640000152587890625e+02 2.243912696838378906e+02
3.928243255615234375e+02 6.630000305175781250e+02 2.237370681762695312e+02
3.920654296875000000e+02 6.619549560546875000e+02 2.238607025146484375e+02
3.912943267822265625e+02 6.620000457763671875e+02 2.243758201599121094e+02
3.917453002929687500e+02 6.610000610351562500e+02 2.236628150939941406e+02
3.924424362182617188e+02 6.615915679931640625e+02 2.234595680236816406e+02
3.926355743408203125e+02 6.622582244873046875e+02 2.236000633239746094e+02
3.929813385009765625e+02 6.619549560546875000e+02 2.232072639465332031e+02
3.930039978027343750e+02 6.610543823242187500e+02 2.227795600891113281e+02
3.933243560791015625e+02 6.630000305175781250e+02 2.233655166625976562e+02
3.936917495727539062e+02 6.620000457763671875e+02 2.226644134521484375e+02
3.940273666381835938e+02 6.630659484863281250e+02 2.228055381774902344e+02
3.939465713500976562e+02 6.639595031738281250e+02 2.231658363342285156e+02
3.934635543823242188e+02 6.635991668701171875e+02 2.234721565246582031e+02
3.935776519775390625e+02 6.642658233642578125e+02 2.235627365112304688e+02
3.946092605590820312e+02 6.640000152587890625e+02 2.226031875610351562e+02
3.941776275634765625e+02 6.650000000000000000e+02 2.232253837585449219e+02
3.936775970458984375e+02 6.650000000000000000e+02 2.236439132690429688e+02
3.942739868164062500e+02 6.660000610351562500e+02 2.233078193664550781e+02
3.947383117675781250e+02 6.650000000000000000e+02 2.227253723144531250e+02
3.948252105712890625e+02 6.660000610351562500e+02 2.228078269958496094e+02
3.937739944458007812e+02 6.660000610351562500e+02 2.237218856811523438e+02
3.931187820434570312e+02 6.660000610351562500e+02 2.242218971252441406e+02
3.938130950927734375e+02 6.670000457763671875e+02 2.237540817260742188e+02
3.931637573242187500e+02 6.670000457763671875e+02 2.242540931701660156e+02
3.926637649536132812e+02 6.670000457763671875e+02 2.246163558959960938e+02
3.920000076293945312e+02 6.670000457763671875e+02 2.250360679626464844e+02
3.926187515258789062e+02 6.660000610351562500e+02 2.245842361450195312e+02
3.920000076293945312e+02 6.660000610351562500e+02 2.249738311767578125e+02
3.925538635253906250e+02 6.653029632568359375e+02 2.245383453369140625e+02
3.920744705200195312e+02 6.649817657470703125e+02 2.247779083251953125e+02
3.929323196411132812e+02 6.649817657470703125e+02 2.241985321044921875e+02
3.924574661254882812e+02 6.646363067626953125e+02 2.244723320007324219e+02
3.930781173706054688e+02 6.639595031738281250e+02 2.238506698608398438e+02
3.913042831420898438e+02 6.660000610351562500e+02 2.253895950317382812e+02
3.913581466674804688e+02 6.670000457763671875e+02 2.254197120666503906e+02
3.908581542968750000e+02 6.670000457763671875e+02 2.256953239440917969e+02
3.913437652587890625e+02 6.680000305175781250e+02 2.254104614257812500e+02
3.909501647949218750e+02 6.610321044921875000e+02 2.241712760925292969e+02
3.903265380859375000e+02 6.607201385498046875e+02 2.244017219543457031e+02
3.909725952148437500e+02 6.600583648681640625e+02 2.237062072753906250e+02
3.905835723876953125e+02 6.613867950439453125e+02 2.245487213134765625e+02
3.899959182739257812e+02 6.610321044921875000e+02 2.247183990478515625e+02
3.896598434448242188e+02 6.603150177001953125e+02 2.245871353149414062e+02
3.889734649658203125e+02 6.610131072998046875e+02 2.252412796020507812e+02
3.899242401123046875e+02 6.620655059814453125e+02 2.251719093322753906e+02
3.892890930175781250e+02 6.617758178710937500e+02 2.253947830200195312e+02
3.895403671264648438e+02 6.624424743652343750e+02 2.255211067199707031e+02
3.897112274169921875e+02 6.630000305175781250e+02 2.256079483032226562e+02
3.889734649658203125e+02 6.620655059814453125e+02 2.256534576416015625e+02
3.889999771118164062e+02 6.630000305175781250e+02 2.259452819824218750e+02
3.886224365234375000e+02 6.613551330566406250e+02 2.255587387084960938e+02
3.879999923706054688e+02 6.620000457763671875e+02 2.260489082336425781e+02
3.870506668090820312e+02 6.619441223144531250e+02 2.263839340209960938e+02
3.879910659790039062e+02 6.610131072998046875e+02 2.256885337829589844e+02
3.880042648315429688e+02 6.629597473144531250e+02 2.263531875610351562e+02
3.876737976074218750e+02 6.632662963867187500e+02 2.265620231628417969e+02
3.883404922485351562e+02 6.637579345703125000e+02 2.264405250549316406e+02
3.874177932739257812e+02 6.625996398925781250e+02 2.264722061157226562e+02
3.870506668090820312e+02 6.629597473144531250e+02 2.266824722290039062e+02
3.859999847412109375e+02 6.630000305175781250e+02 2.269822120666503906e+02
3.867510986328125000e+02 6.622401428222656250e+02 2.265806961059570312e+02
3.870000076293945312e+02 6.640000152587890625e+02 2.269325256347656250e+02
3.880042648315429688e+02 6.640547943115234375e+02 2.266243362426757812e+02
3.870000076293945312e+02 6.650000000000000000e+02 2.270995140075683594e+02
3.859999847412109375e+02 6.640000152587890625e+02 2.271973991394042969e+02
3.850248336791992188e+02 6.639579010009765625e+02 2.274143981933593750e+02
3.859437561035156250e+02 6.650234222412109375e+02 2.273790931701660156e+02
3.853747177124023438e+02 6.647056579589843750e+02 2.274709320068359375e+02
3.855728912353515625e+02 6.653723144531250000e+02 2.275173187255859375e+02
3.861794662475585938e+02 6.660000610351562500e+02 2.274208641052246094e+02
3.856794738769531250e+02 6.660000610351562500e+02 2.275430297851562500e+02
3.857609176635742188e+02 6.670000457763671875e+02 2.275632858276367188e+02
3.850000000000000000e+02 6.660000610351562500e+02 2.277038192749023438e+02
3.839999771118164062e+02 6.660000610351562500e+02 2.279080772399902344e+02
3.850248336791992188e+02 6.650234222412109375e+02 2.275943946838378906e+02
3.850000000000000000e+02 6.670000457763671875e+02 2.277477645874023438e+02
3.839999771118164062e+02 6.670000457763671875e+02 2.279561042785644531e+02
3.850000000000000000e+02 6.680000305175781250e+02 2.277442741394042969e+02
3.839999771118164062e+02 6.680000305175781250e+02 2.279442024230957031e+02
3.829999923706054688e+02 6.680000305175781250e+02 2.280980873107910156e+02
3.839999771118164062e+02 6.690000152587890625e+02 2.278740882873535156e+02
3.829999923706054688e+02 6.690000152587890625e+02 2.280118942260742188e+02
3.820000076293945312e+02 6.690000152587890625e+02 2.281176757812500000e+02
3.809999847412109375e+02 6.690000152587890625e+02 2.281800460815429688e+02
3.820000076293945312e+02 6.680000305175781250e+02 2.282231903076171875e+02
3.820000076293945312e+02 6.700000000000000000e+02 2.279692840576171875e+02
3.809999847412109375e+02 6.700000000000000000e+02 2.280161285400390625e+02
3.800000000000000000e+02 6.700000000000000000e+02 2.279961585998535156e+02
3.809999847412109375e+02 6.710000610351562500e+02 2.278024101257324219e+02
3.800000000000000000e+02 6.710000610351562500e+02 2.277807235717773438e+02
3.789999771118164062e+02 6.710000610351562500e+02 2.277114868164062500e+02
3.789999771118164062e+02 6.716915893554687500e+02 2.275464630126953125e+02
3.780119705200195312e+02 6.710408782958984375e+02 2.275980758666992188e+02
3.789999771118164062e+02 6.700000000000000000e+02 2.279168701171875000e+02
3.779999923706054688e+02 6.700000000000000000e+02 2.278034591674804688e+02
3.789999771118164062e+02 6.690000152587890625e+02 2.280772972106933594e+02
3.779999923706054688e+02 6.690000152587890625e+02 2.279545783996582031e+02
3.789999771118164062e+02 6.680000305175781250e+02 2.281956863403320312e+02
3.800000000000000000e+02 6.690000152587890625e+02 2.281655693054199219e+02
3.800000000000000000e+02 6.680000305175781250e+02 2.282943916320800781e+02
3.800000000000000000e+02 6.670000457763671875e+02 2.283423614501953125e+02
3.809999847412109375e+02 6.680000305175781250e+02 2.283034324645996094e+02
3.809999847412109375e+02 6.670000457763671875e+02 2.283465003967285156e+02
3.809999847412109375e+02 6.660000610351562500e+02 2.282833671569824219e+02
3.820000076293945312e+02 6.670000457763671875e+02 2.282569503784179688e+02
3.820000076293945312e+02 6.660000610351562500e+02 2.281967163085937500e+02
3.829999923706054688e+02 6.670000457763671875e+02 2.281210136413574219e+02
3.829999923706054688e+02 6.660000610351562500e+02 2.280683326721191406e+02
3.829999923706054688e+02 6.650000000000000000e+02 2.279467201232910156e+02
3.820000076293945312e+02 6.650000000000000000e+02 2.280621719360351562e+02
3.839999771118164062e+02 6.650000000000000000e+02 2.277945327758789062e+02
3.829999923706054688e+02 6.640000152587890625e+02 2.277758407592773438e+02
3.820000076293945312e+02 6.640000152587890625e+02 2.278845787048339844e+02
3.829041671752929688e+02 6.630012512207031250e+02 2.275723838806152344e+02
3.840344619750976562e+02 6.639579010009765625e+02 2.276123428344726562e+02
3.837241363525390625e+02 6.633354187011718750e+02 2.275387382507324219e+02
3.843907928466796875e+02 6.635964965820312500e+02 2.274802589416503906e+02
3.847080230712890625e+02 6.642631530761718750e+02 2.275462913513183594e+02
3.840344619750976562e+02 6.630012512207031250e+02 2.274038505554199219e+02
3.850000000000000000e+02 6.630000305175781250e+02 2.272113800048828125e+02
3.831735992431640625e+02 6.626687622070312500e+02 2.274587440490722656e+02
3.839999771118164062e+02 6.620000457763671875e+02 2.271548843383789062e+02
3.829041671752929688e+02 6.620980834960937500e+02 2.273449897766113281e+02
3.839999771118164062e+02 6.610000610351562500e+02 2.268597412109375000e+02
3.850000000000000000e+02 6.620000457763671875e+02 2.269541168212890625e+02
3.849902725219726562e+02 6.609795379638671875e+02 2.266478347778320312e+02
3.860491943359375000e+02 6.619441223144531250e+02 2.266854095458984375e+02
3.857486343383789062e+02 6.612992095947265625e+02 2.265669059753417969e+02
3.864153289794921875e+02 6.615734863281250000e+02 2.264759826660156250e+02
3.860491943359375000e+02 6.609795379638671875e+02 2.263700294494628906e+02
3.853171539306640625e+02 6.606325531005859375e+02 2.264538192749023438e+02
3.859999847412109375e+02 6.600000000000000000e+02 2.259980773925781250e+02
3.870000076293945312e+02 6.610000610351562500e+02 2.260637855529785156e+02
3.869650650024414062e+02 6.600149536132812500e+02 2.256752586364746094e+02
3.866084289550781250e+02 6.594161224365234375e+02 2.255414009094238281e+02
3.872751235961914062e+02 6.596915435791015625e+02 2.254105377197265625e+02
3.876517486572265625e+02 6.603582000732421875e+02 2.255638122558593750e+02
3.879910659790039062e+02 6.600149536132812500e+02 2.252590942382812500e+02
3.879983520507812500e+02 6.589855957031250000e+02 2.247509002685546875e+02
3.883184051513671875e+02 6.606884765625000000e+02 2.254202079772949219e+02
3.890184020996093750e+02 6.599890136718750000e+02 2.247650527954101562e+02
3.893640136718750000e+02 6.596483612060546875e+02 2.244273757934570312e+02
3.886973190307617188e+02 6.593093109130859375e+02 2.246010780334472656e+02
3.890184020996093750e+02 6.589855957031250000e+02 2.242577171325683594e+02
3.883305740356445312e+02 6.586426544189453125e+02 2.244211006164550781e+02
3.889725494384765625e+02 6.580171966552734375e+02 2.237405204772949219e+02
3.899842834472656250e+02 6.590200042724609375e+02 2.237495422363281250e+02
3.896404647827148438e+02 6.583619689941406250e+02 2.235810470581054688e+02
3.903071594238281250e+02 6.587000274658203125e+02 2.233835792541503906e+02
3.899959182739257812e+02 6.599890136718750000e+02 2.242419624328613281e+02
3.906209945678710938e+02 6.593666839599609375e+02 2.235741424560546875e+02
3.879983520507812500e+02 6.580191802978515625e+02 2.242246246337890625e+02
3.876639175415039062e+02 6.583653259277343750e+02 2.245731925964355469e+02
3.872348785400390625e+02 6.576985931396484375e+02 2.243878746032714844e+02
3.869409179687500000e+02 6.570727539062500000e+02 2.241324996948242188e+02
3.869409179687500000e+02 6.580191802978515625e+02 2.246839523315429688e+02
3.859999847412109375e+02 6.580000305175781250e+02 2.250279045104980469e+02
3.865682220458984375e+02 6.574545288085937500e+02 2.245278358459472656e+02
3.869650650024414062e+02 6.590496826171875000e+02 2.252135848999023438e+02
3.859999847412109375e+02 6.587010955810546875e+02 2.253971099853515625e+02
3.854683303833007812e+02 6.585186767578125000e+02 2.254905891418457031e+02
3.859999847412109375e+02 6.592011260986328125e+02 2.256425285339355469e+02
3.850810241699218750e+02 6.589112091064453125e+02 2.257813262939453125e+02
3.849902725219726562e+02 6.600441741943359375e+02 2.263033103942871094e+02
3.839999771118164062e+02 6.590000152587890625e+02 2.260840797424316406e+02
3.848016738891601562e+02 6.583383178710937500e+02 2.255838775634765625e+02
3.839999771118164062e+02 6.581507873535156250e+02 2.256785774230957031e+02
3.850810241699218750e+02 6.580030059814453125e+02 2.253268241882324219e+02
3.839999771118164062e+02 6.576507568359375000e+02 2.254188919067382812e+02
3.849855041503906250e+02 6.569553375244140625e+02 2.247576904296875000e+02
3.839999771118164062e+02 6.570000457763671875e+02 2.250406455993652344e+02
3.853091812133789062e+02 6.565921783447265625e+02 2.244410324096679688e+02
3.846425247192382812e+02 6.564377593994140625e+02 2.245419883728027344e+02
3.859999847412109375e+02 6.572850036621093750e+02 2.246307945251464844e+02
3.859999847412109375e+02 6.567849731445312500e+02 2.243201446533203125e+02
3.859687805175781250e+02 6.559693145751953125e+02 2.237817192077636719e+02
3.870000076293945312e+02 6.563216400146484375e+02 2.236247253417968750e+02
3.856146240234375000e+02 6.554441833496093750e+02 2.235426521301269531e+02
3.849855041503906250e+02 6.560626983642578125e+02 2.241775131225585938e+02
3.862812805175781250e+02 6.556154632568359375e+02 2.234151649475097656e+02
3.860432052612304688e+02 6.549790191650390625e+02 2.230150985717773438e+02
3.850000000000000000e+02 6.548127746582031250e+02 2.232550811767578125e+02
3.858051681518554688e+02 6.543657684326171875e+02 2.226150512695312500e+02
3.864718246459960938e+02 6.545138549804687500e+02 2.224885368347167969e+02
3.870000076293945312e+02 6.551547241210937500e+02 2.227686309814453125e+02
3.870000076293945312e+02 6.546547698974609375e+02 2.223726081848144531e+02
3.869273376464843750e+02 6.539837646484375000e+02 2.218101692199707031e+02
3.860831069946289062e+02 6.540194702148437500e+02 2.221978187561035156e+02
3.865455627441406250e+02 6.534793853759765625e+02 2.215201377868652344e+02
3.872122192382812500e+02 6.536395263671875000e+02 2.213634872436523438e+02
3.878318786621093750e+02 6.543062591552734375e+02 2.216749191284179688e+02
3.880991363525390625e+02 6.539837646484375000e+02 2.212216567993164062e+02
3.879999923706054688e+02 6.533565521240234375e+02 2.206526947021484375e+02
3.868593597412109375e+02 6.530639648437500000e+02 2.209333229064941406e+02
3.880539703369140625e+02 6.528101348876953125e+02 2.199962425231933594e+02
3.885102462768554688e+02 6.534935760498046875e+02 2.205067825317382812e+02
3.889061355590820312e+02 6.532675170898437500e+02 2.199620819091796875e+02
3.889999771118164062e+02 6.527141571044921875e+02 2.192281723022460938e+02
3.891769027709960938e+02 6.537134552001953125e+02 2.202701568603515625e+02
3.896322250366210938e+02 6.534107971191406250e+02 2.196034812927246094e+02
3.899131011962890625e+02 6.530594635009765625e+02 2.189248275756835938e+02
3.895273208618164062e+02 6.524823760986328125e+02 2.185234451293945312e+02
3.901939773559570312e+02 6.527080535888671875e+02 2.181947135925292969e+02
3.902988815307617188e+02 6.536452484130859375e+02 2.193262100219726562e+02
3.906630325317382812e+02 6.533747100830078125e+02 2.186595344543457031e+02
3.909272384643554688e+02 6.530562591552734375e+02 2.179177474975585938e+02
3.910317611694335938e+02 6.539753723144531250e+02 2.190313148498535156e+02
3.913296890258789062e+02 6.536387634277343750e+02 2.183074378967285156e+02
3.917195510864257812e+02 6.543054199218750000e+02 2.187364196777343750e+02
3.919996261596679688e+02 6.540017700195312500e+02 2.179991149902343750e+02
3.916130065917968750e+02 6.534043884277343750e+02 2.176407623291015625e+02
3.922797012329101562e+02 6.536981201171875000e+02 2.172041702270507812e+02
3.919678115844726562e+02 6.532447814941406250e+02 2.169224929809570312e+02
3.920103073120117188e+02 6.527803039550781250e+02 2.160708236694335938e+02
3.912420654296875000e+02 6.526988983154296875e+02 2.169999885559082031e+02
3.925255966186523438e+02 6.534761810302734375e+02 2.165375137329101562e+02
3.926818084716796875e+02 6.533297729492187500e+02 2.159999847412109375e+02
3.931818008422851562e+02 6.538184356689453125e+02 2.159999847412109375e+02
3.929673004150390625e+02 6.530330657958984375e+02 2.149391937255859375e+02
3.923505020141601562e+02 6.526301574707031250e+02 2.152564048767089844e+02
3.925511169433593750e+02 6.524542999267578125e+02 2.145897483825683594e+02
3.932003021240234375e+02 6.527870941162109375e+02 2.139999961853027344e+02
3.933834838867187500e+02 6.536170959472656250e+02 2.152886390686035156e+02
3.935622787475585938e+02 6.534359741210937500e+02 2.146219635009765625e+02
3.937044525146484375e+02 6.532870483398437500e+02 2.139999961853027344e+02
3.939640808105468750e+02 6.540409088134765625e+02 2.149264907836914062e+02
3.942044448852539062e+02 6.538266754150390625e+02 2.139999961853027344e+02
3.945304107666015625e+02 6.544647216796875000e+02 2.145643615722656250e+02
3.946477890014648438e+02 6.543267059326171875e+02 2.139999961853027344e+02
3.947877502441406250e+02 6.549925994873046875e+02 2.149386215209960938e+02
3.951987075805664062e+02 6.550227355957031250e+02 2.140535354614257812e+02
3.953484344482421875e+02 6.546861267089843750e+02 2.129999923706054688e+02
3.954674911499023438e+02 6.555423736572265625e+02 2.144225692749023438e+02
3.956005096435546875e+02 6.553711700439453125e+02 2.137558937072753906e+02
3.957407760620117188e+02 6.551861572265625000e+02 2.129999923706054688e+02
3.959881210327148438e+02 6.560176086425781250e+02 2.139678764343261719e+02
3.962407684326171875e+02 6.558643341064453125e+02 2.129999923706054688e+02
3.957098007202148438e+02 6.562104034423828125e+02 2.150000000000000000e+02
3.965049743652343750e+02 6.564928436279296875e+02 2.135132026672363281e+02
3.963756942749023438e+02 6.566821289062500000e+02 2.141798591613769531e+02
3.962467575073242188e+02 6.570092773437500000e+02 2.150498390197753906e+02
3.966935348510742188e+02 6.570092773437500000e+02 2.139079093933105469e+02
3.970022201538085938e+02 6.570000457763671875e+02 2.129999923706054688e+02
3.965993499755859375e+02 6.573487854003906250e+02 2.147497177124023438e+02
3.972690963745117188e+02 6.580143737792968750e+02 2.140421676635742188e+02
3.974100875854492188e+02 6.576489257812500000e+02 2.129999923706054688e+02
3.968386840820312500e+02 6.579334259033203125e+02 2.150498390197753906e+02
3.974642562866210938e+02 6.585650634765625000e+02 2.144036102294921875e+02
3.975832366943359375e+02 6.583572387695312500e+02 2.137369346618652344e+02
3.977004623413085938e+02 6.581488800048828125e+02 2.129999923706054688e+02
3.977889633178710938e+02 6.589390563964843750e+02 2.140421676635742188e+02
3.982158660888671875e+02 6.590673828125000000e+02 2.129566574096679688e+02
3.976151657104492188e+02 6.592782592773437500e+02 2.150000000000000000e+02
3.983185958862304688e+02 6.599909210205078125e+02 2.140447807312011719e+02
3.984258270263671875e+02 6.596515655517578125e+02 2.132611083984375000e+02
3.979698181152343750e+02 6.600000000000000000e+02 2.150000000000000000e+02
3.976306915283203125e+02 6.600628662109375000e+02 2.159196472167968750e+02
3.975143432617187500e+02 6.594726562500000000e+02 2.155327606201171875e+02
3.973638534545898438e+02 6.597714233398437500e+02 2.161994361877441406e+02
3.980059432983398438e+02 6.610000610351562500e+02 2.159999847412109375e+02
3.975299072265625000e+02 6.604380798339843750e+02 2.165619087219238281e+02
3.976178359985351562e+02 6.610946655273437500e+02 2.169371414184570312e+02
3.973638534545898438e+02 6.608244323730468750e+02 2.172285842895507812e+02
3.983504867553710938e+02 6.619420623779296875e+02 2.160270500183105469e+02
3.971306228637695312e+02 6.590836334228515625e+02 2.159196472167968750e+02
3.966403961181640625e+02 6.582680511474609375e+02 2.159999847412109375e+02
3.973488616943359375e+02 6.587783050537109375e+02 2.150000000000000000e+02
3.966492080688476562e+02 6.590650177001953125e+02 2.169231796264648438e+02
3.965196609497070312e+02 6.584683227539062500e+02 2.165386199951171875e+02
3.959928131103515625e+02 6.580126190185546875e+02 2.169855308532714844e+02
3.956416320800781250e+02 6.572966003417968750e+02 2.167657661437988281e+02
3.963298416137695312e+02 6.577680206298828125e+02 2.159999847412109375e+02
3.954614257812500000e+02 6.575569152832031250e+02 2.174324417114257812e+02
3.958062744140625000e+02 6.569779968261718750e+02 2.159878730773925781e+02
3.964648437500000000e+02 6.575557708740234375e+02 2.154163932800292969e+02
3.983536911010742188e+02 6.587725067138671875e+02 2.119999885559082031e+02
3.985282897949218750e+02 6.594455718994140625e+02 2.125944328308105469e+02
3.986169433593750000e+02 6.592725372314453125e+02 2.119999885559082031e+02
3.987406158447265625e+02 6.589507293701171875e+02 2.110096549987792969e+02
3.989646530151367188e+02 6.600000000000000000e+02 2.119999885559082031e+02
3.992773437500000000e+02 6.600443267822265625e+02 2.109910774230957031e+02
3.993980407714843750e+02 6.597175598144531250e+02 2.100000000000000000e+02
3.994471740722656250e+02 6.606234741210937500e+02 2.113184738159179688e+02
3.995419311523437500e+02 6.604071807861328125e+02 2.106518173217773438e+02
3.996261215209960938e+02 6.602175903320312500e+02 2.100000000000000000e+02
3.997255706787109375e+02 6.599297332763671875e+02 2.090411186218261719e+02
3.999517059326171875e+02 6.610000610351562500e+02 2.100000000000000000e+02
4.001813125610351562e+02 6.610000610351562500e+02 2.089999961853027344e+02
4.003738784790039062e+02 6.610068511962890625e+02 2.080824089050292969e+02
4.004389190673828125e+02 6.616727447509765625e+02 2.089999961853027344e+02
4.004941177368164062e+02 6.615161895751953125e+02 2.084706878662109375e+02
4.007011795043945312e+02 6.619097137451171875e+02 2.080824089050292969e+02
4.005570983886718750e+02 6.613447570800781250e+02 2.078040122985839844e+02
4.006220626831054688e+02 6.611631011962890625e+02 2.069999885559082031e+02
4.004379272460937500e+02 6.606630706787109375e+02 2.069999885559082031e+02
4.006622314453125000e+02 6.609236145019531250e+02 2.060289192199707031e+02
4.005256652832031250e+02 6.604400634765625000e+02 2.057148742675781250e+02
4.004851531982421875e+02 6.605393218994140625e+02 2.063815307617187500e+02
4.003225326538085938e+02 6.600640106201171875e+02 2.060289192199707031e+02
4.003352737426757812e+02 6.598752593994140625e+02 2.050000000000000000e+02
3.998200225830078125e+02 6.590000152587890625e+02 2.059999847412109375e+02
4.001581954956054688e+02 6.600000000000000000e+02 2.069999885559082031e+02
3.996772766113281250e+02 6.589563751220703125e+02 2.069071388244628906e+02
3.999773025512695312e+02 6.600000000000000000e+02 2.079999923706054688e+02
3.996305084228515625e+02 6.592419433593750000e+02 2.079999923706054688e+02
3.995528030395507812e+02 6.593952941894531250e+02 2.087351989746093750e+02
3.993737411499023438e+02 6.587419128417968750e+02 2.079999923706054688e+02
3.989696502685546875e+02 6.580000305175781250e+02 2.079999923706054688e+02
3.994501495361328125e+02 6.585939025878906250e+02 2.071785736083984375e+02
3.992992019653320312e+02 6.590371704101562500e+02 2.090411186218261719e+02
3.987312698364257812e+02 6.579503631591796875e+02 2.089775657653808594e+02
3.990429687500000000e+02 6.590000152587890625e+02 2.100000000000000000e+02
3.994766235351562500e+02 6.595495605468750000e+02 2.094018745422363281e+02
3.986449050903320312e+02 6.582430267333984375e+02 2.100000000000000000e+02
3.985526275634765625e+02 6.584068298339843750e+02 2.106827545166015625e+02
3.983575820922851562e+02 6.577429962158203125e+02 2.100000000000000000e+02
3.978337097167968750e+02 6.569079589843750000e+02 2.100818252563476562e+02
3.984500503540039062e+02 6.575838470458984375e+02 2.092959594726562500e+02
3.982475662231445312e+02 6.580441284179687500e+02 2.110096549987792969e+02
3.977187728881835938e+02 6.571403503417968750e+02 2.109999847412109375e+02
3.978419494628906250e+02 6.579048156738281250e+02 2.120912933349609375e+02
3.984542083740234375e+02 6.585845184326171875e+02 2.113494300842285156e+02
3.974952316284179688e+02 6.575080108642578125e+02 2.124854850769042969e+02
3.975983047485351562e+02 6.573405456542968750e+02 2.118188095092773438e+02
3.973012161254882812e+02 6.570043182373046875e+02 2.120912933349609375e+02
3.974103927612304688e+02 6.566403198242187500e+02 2.109999847412109375e+02
3.967551040649414062e+02 6.561201477050781250e+02 2.119999885559082031e+02
3.964151000976562500e+02 6.556201171875000000e+02 2.119999885559082031e+02
3.968902969360351562e+02 6.559003448486328125e+02 2.110993003845214844e+02
3.965921401977539062e+02 6.563643646240234375e+02 2.129999923706054688e+02
3.964995956420898438e+02 6.555005645751953125e+02 2.114988327026367188e+02
3.966033172607421875e+02 6.553569793701171875e+02 2.108321571350097656e+02
3.972710037231445312e+02 6.560272216796875000e+02 2.100818252563476562e+02
3.967200851440429688e+02 6.551946258544921875e+02 2.100000000000000000e+02
3.973458099365234375e+02 6.557272338867187500e+02 2.089999961853027344e+02
3.975794219970703125e+02 6.563787078857421875e+02 2.098030471801757812e+02
3.974915695190429688e+02 6.565132904052734375e+02 2.104697227478027344e+02
3.976784896850585938e+02 6.562272644042968750e+02 2.089999961853027344e+02
3.982128143310546875e+02 6.570701599121093750e+02 2.089775657653808594e+02
3.977334976196289062e+02 6.559545898437500000e+02 2.079144096374511719e+02
3.979207992553710938e+02 6.560000610351562500e+02 2.069999885559082031e+02
3.975046157836914062e+02 6.554935455322265625e+02 2.075240135192871094e+02
3.974376296997070312e+02 6.555909729003906250e+02 2.081906890869140625e+02
3.982884216308593750e+02 6.568416595458984375e+02 2.079999923706054688e+02
3.983771514892578125e+02 6.566964721679687500e+02 2.069999885559082031e+02
3.985959243774414062e+02 6.573416900634765625e+02 2.079999923706054688e+02
3.986840820312500000e+02 6.571964263916015625e+02 2.069999885559082031e+02
3.985300827026367188e+02 6.574502563476562500e+02 2.086292839050292969e+02
3.987508773803710938e+02 6.570870208740234375e+02 2.059999847412109375e+02
3.992173767089843750e+02 6.580980682373046875e+02 2.069071388244628906e+02
3.992508697509765625e+02 6.579435729980468750e+02 2.059999847412109375e+02
3.995017623901367188e+02 6.584967803955078125e+02 2.065118980407714844e+02
3.995307159423828125e+02 6.584436035156250000e+02 2.059999847412109375e+02
3.995718383789062500e+02 6.583669281005859375e+02 2.050000000000000000e+02
3.992956542968750000e+02 6.578668975830078125e+02 2.050000000000000000e+02
3.995893859863281250e+02 6.583310699462890625e+02 2.039999961853027344e+02
3.999070739746093750e+02 6.590000152587890625e+02 2.050000000000000000e+02
3.999436569213867188e+02 6.590000152587890625e+02 2.039999961853027344e+02
3.999264907836914062e+02 6.590000152587890625e+02 2.029999923706054688e+02
4.003542709350585938e+02 6.598338317871093750e+02 2.039999961853027344e+02
4.003438949584960938e+02 6.598597717285156250e+02 2.029999923706054688e+02
4.005702209472656250e+02 6.603337860107421875e+02 2.039999961853027344e+02
4.005590438842773438e+02 6.603598022460937500e+02 2.029999923706054688e+02
4.005531311035156250e+02 6.603752899169921875e+02 2.050000000000000000e+02
4.005245208740234375e+02 6.604418182373046875e+02 2.019999885559082031e+02
4.005024337768554688e+02 6.604940795898437500e+02 2.014826393127441406e+02
4.003115844726562500e+02 6.599417877197265625e+02 2.019999885559082031e+02
4.002798080444335938e+02 6.600964355468750000e+02 2.010895729064941406e+02
3.998680114746093750e+02 6.590000152587890625e+02 2.019999885559082031e+02
3.995564651489257812e+02 6.583907318115234375e+02 2.019999885559082031e+02
3.997241592407226562e+02 6.589149475097656250e+02 2.009610557556152344e+02
3.996852493286132812e+02 6.591171264648437500e+02 2.000000000000000000e+02
3.994870376586914062e+02 6.585249328613281250e+02 2.006017684936523438e+02
3.995277786254882812e+02 6.584464263916015625e+02 2.012684440612792969e+02
3.992905044555664062e+02 6.580678558349609375e+02 2.009610557556152344e+02
3.987478256225585938e+02 6.570806121826171875e+02 2.009999847412109375e+02
3.992926788330078125e+02 6.578907775878906250e+02 2.019999885559082031e+02
3.991225051879882812e+02 6.580000305175781250e+02 2.000000000000000000e+02
3.986815261840820312e+02 6.571922302246093750e+02 2.000000000000000000e+02
3.989469909667968750e+02 6.580000305175781250e+02 1.989999961853027344e+02
3.994409942626953125e+02 6.586170959472656250e+02 2.000000000000000000e+02
3.993527603149414062e+02 6.588011169433593750e+02 1.989999961853027344e+02
3.992509841918945312e+02 6.590621948242187500e+02 1.980346107482910156e+02
3.995947265625000000e+02 6.593011474609375000e+02 1.989999961853027344e+02
3.995296096801757812e+02 6.594369506835937500e+02 1.983910179138183594e+02
3.998871231079101562e+02 6.600000000000000000e+02 1.989999961853027344e+02
3.996545791625976562e+02 6.599942016601562500e+02 1.980346107482910156e+02
4.000733947753906250e+02 6.600000000000000000e+02 2.000000000000000000e+02
4.002997589111328125e+02 6.610747528076171875e+02 1.990580177307128906e+02
4.003881454467773438e+02 6.608157348632812500e+02 2.000000000000000000e+02
4.004430770874023438e+02 6.616780853271484375e+02 1.987633514404296875e+02
4.005144882202148438e+02 6.614579010009765625e+02 1.994300270080566406e+02
4.000159072875976562e+02 6.610000610351562500e+02 1.979999923706054688e+02
3.996908187866210938e+02 6.609871673583984375e+02 1.969850730895996094e+02
4.003473281860351562e+02 6.620069122314453125e+02 1.979977798461914062e+02
4.000277328491210938e+02 6.620000457763671875e+02 1.969999885559082031e+02
4.004523468017578125e+02 6.626769256591796875e+02 1.976629638671875000e+02
4.005475234985351562e+02 6.623448181152343750e+02 1.983296394348144531e+02
4.006085205078125000e+02 6.620069122314453125e+02 1.990580177307128906e+02
4.006327438354492188e+02 6.630061340332031250e+02 1.979977798461914062e+02
4.005403137207031250e+02 6.633435821533203125e+02 1.973836898803710938e+02
4.003256225585937500e+02 6.630061340332031250e+02 1.970302200317382812e+02
4.006087493896484375e+02 6.640000152587890625e+02 1.971752166748046875e+02
4.006897735595703125e+02 6.649194335937500000e+02 1.969099426269531250e+02
4.004370880126953125e+02 6.640000152587890625e+02 1.966752052307128906e+02
4.001624679565429688e+02 6.640000152587890625e+02 1.959999847412109375e+02
4.004941940307617188e+02 6.645323944091796875e+02 1.965165901184082031e+02
4.003596878051757812e+02 6.649194335937500000e+02 1.960216903686523438e+02
3.999263000488281250e+02 6.650000000000000000e+02 1.950000000000000000e+02
4.004120635986328125e+02 6.660000610351562500e+02 1.957188415527343750e+02
4.005510711669921875e+02 6.651990509033203125e+02 1.963694953918457031e+02
4.006067657470703125e+02 6.660000610351562500e+02 1.962188339233398438e+02
4.000982284545898438e+02 6.660000610351562500e+02 1.950000000000000000e+02
4.004737091064453125e+02 6.670000457763671875e+02 1.955671882629394531e+02
4.002235031127929688e+02 6.670000457763671875e+02 1.950000000000000000e+02
4.004997634887695312e+02 6.675099945068359375e+02 1.955006217956542969e+02
4.003264999389648438e+02 6.679060363769531250e+02 1.950894737243652344e+02
3.998040390014648438e+02 6.680000305175781250e+02 1.939999961853027344e+02
4.002857208251953125e+02 6.690000152587890625e+02 1.949793434143066406e+02
4.005075454711914062e+02 6.681766510009765625e+02 1.954824638366699219e+02
3.998043060302734375e+02 6.690000152587890625e+02 1.939999961853027344e+02
4.003035354614257812e+02 6.699517822265625000e+02 1.950939941406250000e+02
3.997154617309570312e+02 6.699543762207031250e+02 1.939194869995117188e+02
4.001690673828125000e+02 6.710000610351562500e+02 1.950000000000000000e+02
3.997175979614257812e+02 6.710000610351562500e+02 1.941072654724121094e+02
4.000194549560546875e+02 6.720000457763671875e+02 1.950000000000000000e+02
3.996401214599609375e+02 6.720000457763671875e+02 1.942523384094238281e+02
3.997580337524414062e+02 6.730454254150390625e+02 1.949278831481933594e+02
3.995620346069335938e+02 6.727423858642578125e+02 1.943925857543945312e+02
3.994755554199218750e+02 6.734090423583984375e+02 1.945464897155761719e+02
3.992699813842773438e+02 6.730454254150390625e+02 1.940355491638183594e+02
3.993809509277343750e+02 6.740000152587890625e+02 1.947248649597167969e+02
3.988705444335937500e+02 6.740959167480468750e+02 1.939022636413574219e+02
3.986988830566406250e+02 6.750000000000000000e+02 1.941724586486816406e+02
3.984975433349609375e+02 6.744931793212890625e+02 1.935037994384765625e+02
3.986096191406250000e+02 6.738265228271484375e+02 1.933368492126464844e+02
3.982823562622070312e+02 6.740959167480468750e+02 1.930021095275878906e+02
3.987308120727539062e+02 6.730000305175781250e+02 1.931520652770996094e+02
3.983925628662109375e+02 6.730000305175781250e+02 1.926520538330078125e+02
3.988135528564453125e+02 6.720442199707031250e+02 1.929195404052734375e+02
3.984772491455078125e+02 6.724069976806640625e+02 1.925325584411621094e+02
3.990589904785156250e+02 6.710000610351562500e+02 1.929999923706054688e+02
3.993500900268554688e+02 6.720000457763671875e+02 1.937523269653320312e+02
3.985557556152343750e+02 6.717403411865234375e+02 1.924256134033203125e+02
3.986215591430664062e+02 6.710000610351562500e+02 1.923372650146484375e+02
3.981919479370117188e+02 6.720442199707031250e+02 1.920553588867187500e+02
3.982365798950195312e+02 6.710000610351562500e+02 1.918372726440429688e+02
3.976319885253906250e+02 6.720000457763671875e+02 1.913478469848632812e+02
3.978413772583007812e+02 6.729895782470703125e+02 1.919414138793945312e+02
3.975455856323242188e+02 6.726492309570312500e+02 1.914477539062500000e+02
3.974411392211914062e+02 6.733159637451171875e+02 1.915690231323242188e+02
3.977297973632812500e+02 6.740000152587890625e+02 1.922158432006835938e+02
3.975935745239257812e+02 6.747069549560546875e+02 1.923854255676269531e+02
3.973152542114257812e+02 6.740000152587890625e+02 1.917158508300781250e+02
3.968152236938476562e+02 6.740000152587890625e+02 1.911652755737304688e+02
3.970424270629882812e+02 6.750868988037109375e+02 1.919521713256835938e+02
3.967831802368164062e+02 6.760000610351562500e+02 1.921732711791992188e+02
3.974390029907226562e+02 6.753736114501953125e+02 1.925771713256835938e+02
3.964820861816406250e+02 6.754668426513671875e+02 1.915188980102539062e+02
3.966458511352539062e+02 6.748001861572265625e+02 1.913460922241210938e+02
3.960644149780273438e+02 6.751215362548828125e+02 1.909378242492675781e+02
3.963283538818359375e+02 6.740000152587890625e+02 1.906652641296386719e+02
3.956467437744140625e+02 6.747763061523437500e+02 1.903683853149414062e+02
3.954664230346679688e+02 6.754429626464843750e+02 1.905295562744140625e+02
3.958374786376953125e+02 6.760000610351562500e+02 1.911743927001953125e+02
3.953018951416015625e+02 6.760000610351562500e+02 1.906744003295898438e+02
3.963375091552734375e+02 6.760000610351562500e+02 1.916732788085937500e+02
3.956345367431640625e+02 6.767143249511718750e+02 1.913696289062500000e+02
3.950107955932617188e+02 6.770166015625000000e+02 1.909888648986816406e+02
3.960188293457031250e+02 6.770298004150390625e+02 1.919789886474609375e+02
3.954187393188476562e+02 6.773809814453125000e+02 1.915791893005371094e+02
3.956881332397460938e+02 6.780000305175781250e+02 1.922976112365722656e+02
3.966051864624023438e+02 6.766786956787109375e+02 1.923788070678710938e+02
3.964030838012695312e+02 6.773453521728515625e+02 1.926163101196289062e+02
3.962256240844726562e+02 6.780620574951171875e+02 1.929697799682617188e+02
3.951987838745117188e+02 6.780000305175781250e+02 1.917976188659667969e+02
3.955144500732421875e+02 6.785206604003906250e+02 1.924842834472656250e+02
3.948896026611328125e+02 6.788521575927734375e+02 1.921093368530273438e+02
3.942324066162109375e+02 6.791836547851562500e+02 1.917343711853027344e+02
3.945129776000976562e+02 6.785169219970703125e+02 1.914882659912109375e+02
3.945995712280273438e+02 6.796200561523437500e+02 1.924010467529296875e+02
3.952662277221679688e+02 6.791873168945312500e+02 1.927563095092773438e+02
3.949480438232421875e+02 6.799357604980468750e+02 1.930570602416992188e+02
3.955641937255859375e+02 6.795847320556640625e+02 1.934229850769042969e+02
3.952965545654296875e+02 6.802513885498046875e+02 1.937442779541015625e+02
3.946298980712890625e+02 6.806453704833984375e+02 1.933578109741210938e+02
3.943040847778320312e+02 6.802867126464843750e+02 1.926911544799804688e+02
3.939348983764648438e+02 6.799290466308593750e+02 1.920557594299316406e+02
3.939770507812500000e+02 6.809752655029296875e+02 1.930216407775878906e+02
3.936373901367187500e+02 6.806385040283203125e+02 1.923771667480468750e+02
3.932928848266601562e+02 6.813051605224609375e+02 1.926854705810546875e+02
3.936500167846679688e+02 6.816468048095703125e+02 1.933521270751953125e+02
3.943166732788085938e+02 6.813121032714843750e+02 1.936963081359863281e+02
3.949565887451171875e+02 6.809484100341796875e+02 1.940536308288574219e+02
3.955672836303710938e+02 6.805846405029296875e+02 1.944109535217285156e+02
3.929598236083984375e+02 6.819623565673828125e+02 1.930363845825195312e+02
3.926267623901367188e+02 6.826037597656250000e+02 1.933872985839843750e+02
3.932934570312500000e+02 6.823134613037109375e+02 1.937031364440917969e+02
3.926262283325195312e+02 6.816112518310546875e+02 1.923965454101562500e+02
3.922101211547851562e+02 6.822779083251953125e+02 1.927206420898437500e+02
3.918560028076171875e+02 6.818896484375000000e+02 1.920995521545410156e+02
3.918610000610351562e+02 6.829006958007812500e+02 1.931056785583496094e+02
3.909999847412109375e+02 6.831964111328125000e+02 1.928230094909667969e+02
3.915434646606445312e+02 6.825308990478515625e+02 1.924692344665527344e+02
3.909999847412109375e+02 6.826963806152343750e+02 1.923072242736816406e+02
3.909999847412109375e+02 6.821627044677734375e+02 1.918072319030761719e+02
3.899755477905273438e+02 6.829856109619140625e+02 1.920134353637695312e+02
3.903016662597656250e+02 6.823821258544921875e+02 1.916070556640625000e+02
3.896350097656250000e+02 6.825736236572265625e+02 1.914327812194824219e+02
3.889999771118164062e+02 6.832291412353515625e+02 1.917630195617675781e+02
3.896494674682617188e+02 6.835781097412109375e+02 1.924197959899902344e+02
3.903161239624023438e+02 6.833976745605468750e+02 1.926066017150878906e+02
3.889999771118164062e+02 6.837311553955078125e+02 1.922630119323730469e+02
3.879243087768554688e+02 6.839700317382812500e+02 1.920323181152343750e+02
3.889999771118164062e+02 6.842311859130859375e+02 1.928049468994140625e+02
3.882448577880859375e+02 6.843968200683593750e+02 1.926171875000000000e+02
3.879468917846679688e+02 6.848030853271484375e+02 1.929703140258789062e+02
3.875782012939453125e+02 6.845298767089843750e+02 1.924670791625976562e+02
3.870281982421875000e+02 6.851726531982421875e+02 1.930532836914062500e+02
3.867136383056640625e+02 6.855603790283203125e+02 1.934221458435058594e+02
3.873803329467773438e+02 6.854649353027343750e+02 1.935478210449218750e+02
3.859999847412109375e+02 6.852445220947265625e+02 1.928133201599121094e+02
3.870000076293945312e+02 6.846170806884765625e+02 1.923715209960937500e+02
3.859999847412109375e+02 6.847445678710937500e+02 1.922318649291992188e+02
3.870000076293945312e+02 6.841413879394531250e+02 1.918715095520019531e+02
3.859999847412109375e+02 6.842761993408203125e+02 1.917318725585937500e+02
3.870000076293945312e+02 6.836413574218750000e+02 1.913634300231933594e+02
3.859999847412109375e+02 6.837761688232421875e+02 1.912338066101074219e+02
3.870000076293945312e+02 6.830902862548828125e+02 1.908634185791015625e+02
3.876037216186523438e+02 6.835432434082031250e+02 1.914583587646484375e+02
3.878897476196289062e+02 6.829513549804687500e+02 1.910415267944335938e+02
3.881758117675781250e+02 6.823477172851562500e+02 1.906246948242187500e+02
3.875091171264648438e+02 6.825040435791015625e+02 1.904965972900390625e+02
3.882704162597656250e+02 6.833986663818359375e+02 1.915975570678710938e+02
3.889999771118164062e+02 6.827291107177734375e+02 1.912931251525878906e+02
3.889999771118164062e+02 6.821449279785156250e+02 1.907931137084960938e+02
3.889999771118164062e+02 6.816449737548828125e+02 1.903862571716308594e+02
3.899113464355468750e+02 6.819472503662109375e+02 1.910422134399414062e+02
3.901877212524414062e+02 6.813067626953125000e+02 1.906516265869140625e+02
3.895210266113281250e+02 6.815122985839843750e+02 1.904902267456054688e+02
3.909999847412109375e+02 6.816626739501953125e+02 1.913628196716308594e+02
3.910199737548828125e+02 6.809841156005859375e+02 1.908344841003417969e+02
3.915018844604492188e+02 6.815014648437500000e+02 1.914987945556640625e+02
3.919011306762695312e+02 6.809405517578125000e+02 1.913114356994628906e+02
3.920594787597656250e+02 6.800377655029296875e+02 1.907374191284179688e+02
3.921685409545898438e+02 6.812342071533203125e+02 1.917298698425292969e+02
3.925733947753906250e+02 6.805674743652343750e+02 1.914465332031250000e+02
3.929440307617187500e+02 6.799428558349609375e+02 1.912616157531738281e+02
3.929331207275390625e+02 6.809363555908203125e+02 1.920535087585449219e+02
3.932400512695312500e+02 6.802380371093750000e+02 1.917104911804199219e+02
3.930539703369140625e+02 6.790628814697265625e+02 1.907274627685546875e+02
3.935657501220703125e+02 6.795713806152343750e+02 1.914473915100097656e+02
3.939394378662109375e+02 6.789102172851562500e+02 1.912951660156250000e+02
3.940183258056640625e+02 6.780466461181640625e+02 1.907915687561035156e+02
3.943638992309570312e+02 6.773188018798828125e+02 1.906080818176269531e+02
3.936972045898437500e+02 6.777443695068359375e+02 1.903538703918457031e+02
3.934233093261718750e+02 6.784110260009765625e+02 1.905562782287597656e+02
3.946987915039062500e+02 6.780000305175781250e+02 1.913222694396972656e+02
3.929926300048828125e+02 6.779905700683593750e+02 1.900058937072753906e+02
3.932946014404296875e+02 6.770000457763671875e+02 1.896417045593261719e+02
3.925619506835937500e+02 6.775701904296875000e+02 1.894593811035156250e+02
3.922320175170898438e+02 6.782368469238281250e+02 1.896579170227050781e+02
3.927566146850585938e+02 6.787715148925781250e+02 1.903245925903320312e+02
3.919989013671875000e+02 6.789983367919921875e+02 1.900014305114746094e+02
3.915653610229492188e+02 6.785585784912109375e+02 1.894632148742675781e+02
3.909999847412109375e+02 6.792905426025390625e+02 1.896359062194824219e+02
3.917657852172851562e+02 6.797296142578125000e+02 1.903449440002441406e+02
3.924324417114257812e+02 6.794381713867187500e+02 1.905420875549316406e+02
3.910199737548828125e+02 6.800377655029296875e+02 1.901461982727050781e+02
3.913666152954101562e+02 6.803962707519531250e+02 1.905737113952636719e+02
3.906999588012695312e+02 6.806401062011718750e+02 1.903957557678222656e+02
3.900960540771484375e+02 6.800259399414062500e+02 1.896892929077148438e+02
3.898267745971679688e+02 6.797098541259765625e+02 1.893643379211425781e+02
3.899126052856445312e+02 6.809841156005859375e+02 1.902816772460937500e+02
3.904934310913085938e+02 6.794955444335937500e+02 1.895029258728027344e+02
3.892898941040039062e+02 6.803765106201171875e+02 1.895834541320800781e+02
3.889739227294921875e+02 6.800259399414062500e+02 1.892361640930175781e+02
3.889739227294921875e+02 6.809403991699218750e+02 1.898590850830078125e+02
3.879999923706054688e+02 6.812223815917968750e+02 1.896993064880371094e+02
3.886231994628906250e+02 6.805673217773437500e+02 1.894529342651367188e+02
3.879999923706054688e+02 6.807223510742187500e+02 1.893474769592285156e+02
3.869428253173828125e+02 6.810375213623046875e+02 1.892475891113281250e+02
3.879586791992187500e+02 6.799298858642578125e+02 1.888237762451171875e+02
3.870000076293945312e+02 6.801796722412109375e+02 1.886990356445312500e+02
3.882645034790039062e+02 6.793743896484375000e+02 1.885762977600097656e+02
3.875978469848632812e+02 6.795497894287109375e+02 1.884696769714355469e+02
3.870000076293945312e+02 6.796796417236328125e+02 1.883927726745605469e+02
3.879586791992187500e+02 6.790246582031250000e+02 1.882811355590820312e+02
3.870000076293945312e+02 6.790000152587890625e+02 1.880128479003906250e+02
3.880138778686523438e+02 6.779602813720703125e+02 1.877231979370117188e+02
3.889999771118164062e+02 6.786628723144531250e+02 1.884054946899414062e+02
3.889999771118164062e+02 6.780000305175781250e+02 1.880493736267089844e+02
3.889999771118164062e+02 6.791629028320312500e+02 1.887054824829101562e+02
3.895143127441406250e+02 6.785095214843750000e+02 1.884943389892578125e+02
3.899085617065429688e+02 6.779598999023437500e+02 1.883553314208984375e+02
3.900038528442382812e+02 6.790025329589843750e+02 1.889977645874023438e+02
3.901809692382812500e+02 6.782665252685546875e+02 1.886312103271484375e+02
3.909999847412109375e+02 6.787905883789062500e+02 1.893208122253417969e+02
3.909674072265625000e+02 6.779598999023437500e+02 1.888234519958496094e+02
3.912789916992187500e+02 6.772880554199218750e+02 1.886113357543945312e+02
3.906123352050781250e+02 6.775997924804687500e+02 1.884458541870117188e+02
3.919392013549804688e+02 6.779421234130859375e+02 1.893203544616699219e+02
3.919691085815429688e+02 6.769728851318359375e+02 1.888151168823242188e+02
3.922818374633789062e+02 6.762380218505859375e+02 1.886211395263671875e+02
3.916151809692382812e+02 6.766213989257812500e+02 1.884387588500976562e+02
3.927945709228515625e+02 6.770000457763671875e+02 1.893103790283203125e+02
3.930245208740234375e+02 6.760339355468750000e+02 1.889838027954101562e+02
3.934975051879882812e+02 6.764965820312500000e+02 1.895017242431640625e+02
3.937145614624023438e+02 6.758299255371093750e+02 1.893464851379394531e+02
3.932464981079101562e+02 6.750000000000000000e+02 1.886616706848144531e+02
3.925515747070312500e+02 6.755713653564453125e+02 1.884681510925292969e+02
3.919691085815429688e+02 6.759428405761718750e+02 1.883211135864257812e+02
3.927465057373046875e+02 6.750000000000000000e+02 1.883508682250976562e+02
3.930662536621093750e+02 6.740452575683593750e+02 1.881731414794921875e+02
3.919092941284179688e+02 6.749120330810546875e+02 1.878576660156250000e+02
3.921959686279296875e+02 6.740000152587890625e+02 1.876591682434082031e+02
3.915155410766601562e+02 6.745200347900390625e+02 1.874920654296875000e+02
3.912282180786132812e+02 6.751866912841796875e+02 1.876282882690429688e+02
3.909369277954101562e+02 6.749120330810546875e+02 1.873854827880859375e+02
3.909369277954101562e+02 6.759397125244140625e+02 1.878103065490722656e+02
3.905615234375000000e+02 6.755661773681640625e+02 1.874720764160156250e+02
3.901992797851562500e+02 6.762328338623046875e+02 1.876167869567871094e+02
3.909674072265625000e+02 6.769728851318359375e+02 1.883008384704589844e+02
3.899195480346679688e+02 6.769152069091796875e+02 1.878288078308105469e+02
3.895325851440429688e+02 6.765253448486328125e+02 1.874877738952636719e+02
3.889999771118164062e+02 6.772078704833984375e+02 1.876438713073730469e+02
3.883565139770507812e+02 6.774185180664062500e+02 1.875397872924804688e+02
3.889999771118164062e+02 6.767078399658203125e+02 1.874028778076171875e+02
3.889999771118164062e+02 6.760000610351562500e+02 1.871010398864746094e+02
3.880138778686523438e+02 6.770510864257812500e+02 1.872781944274902344e+02
3.870000076293945312e+02 6.770000457763671875e+02 1.870172309875488281e+02
3.879053497314453125e+02 6.759033203125000000e+02 1.867568016052246094e+02
3.876898193359375000e+02 6.776004791259765625e+02 1.874499511718750000e+02
3.870000076293945312e+02 6.777641296386718750e+02 1.873715209960937500e+02
3.859569931030273438e+02 6.780510711669921875e+02 1.873143768310546875e+02
3.870000076293945312e+02 6.782641601562500000e+02 1.876200675964355469e+02
3.862616348266601562e+02 6.784183502197265625e+02 1.875408935546875000e+02
3.859569931030273438e+02 6.789182281494140625e+02 1.877528190612792969e+02
3.850000000000000000e+02 6.791130828857421875e+02 1.877041053771972656e+02
3.855949783325195312e+02 6.785304260253906250e+02 1.874843215942382812e+02
3.859999847412109375e+02 6.798657226562500000e+02 1.882853698730468750e+02
3.850153732299804688e+02 6.800787353515625000e+02 1.882463645935058594e+02
3.859999847412109375e+02 6.803657531738281250e+02 1.885824584960937500e+02
3.853589630126953125e+02 6.804645538330078125e+02 1.885216140747070312e+02
3.859999847412109375e+02 6.810000610351562500e+02 1.890029335021972656e+02
3.850153732299804688e+02 6.809255218505859375e+02 1.887798309326171875e+02
3.859999847412109375e+02 6.816082000732421875e+02 1.894204521179199219e+02
3.850000000000000000e+02 6.817264556884765625e+02 1.893335723876953125e+02
3.859999847412109375e+02 6.821082305908203125e+02 1.897992134094238281e+02
3.865714263916015625e+02 6.815263366699218750e+02 1.894805908203125000e+02
3.869428253173828125e+02 6.819158172607421875e+02 1.898832511901855469e+02
3.870000076293945312e+02 6.825902557373046875e+02 1.904233551025390625e+02
3.879054641723632812e+02 6.820085906982421875e+02 1.902573966979980469e+02
3.872380828857421875e+02 6.813958740234375000e+02 1.895742797851562500e+02
3.859999847412109375e+02 6.827365875244140625e+02 1.902992248535156250e+02
3.850000000000000000e+02 6.828418731689453125e+02 1.902092933654785156e+02
3.859999847412109375e+02 6.832366180419921875e+02 1.907338142395019531e+02
3.850000000000000000e+02 6.833419036865234375e+02 1.906400489807128906e+02
3.850000000000000000e+02 6.838762664794921875e+02 1.911400413513183594e+02
3.839999771118164062e+02 6.834170532226562500e+02 1.905734443664550781e+02
3.829999923706054688e+02 6.834581756591796875e+02 1.905371856689453125e+02
3.839999771118164062e+02 6.829170227050781250e+02 1.901442337036132812e+02
3.839999771118164062e+02 6.839500427246093750e+02 1.910734558105468750e+02
3.829023742675781250e+02 6.840928649902343750e+02 1.911296653747558594e+02
3.839999771118164062e+02 6.844500732421875000e+02 1.915511703491210938e+02
3.831706619262695312e+02 6.844880676269531250e+02 1.915121650695800781e+02
3.839999771118164062e+02 6.849133300781250000e+02 1.920511817932128906e+02
3.850000000000000000e+02 6.843762969970703125e+02 1.916277122497558594e+02
3.850000000000000000e+02 6.848411560058593750e+02 1.921277046203613281e+02
3.850000000000000000e+02 6.853411865234375000e+02 1.926912689208984375e+02
3.839999771118164062e+02 6.854133605957031250e+02 1.926022529602050781e+02
3.850000000000000000e+02 6.857465362548828125e+02 1.931912612915039062e+02
3.839999771118164062e+02 6.858233642578125000e+02 1.931022453308105469e+02
3.859999847412109375e+02 6.856462097167968750e+02 1.933133125305175781e+02
3.829999923706054688e+02 6.858671569824218750e+02 1.930548286437988281e+02
3.820000076293945312e+02 6.858797454833984375e+02 1.930442237854003906e+02
3.829999923706054688e+02 6.854529571533203125e+02 1.925548362731933594e+02
3.829999923706054688e+02 6.863671875000000000e+02 1.936783409118652344e+02
3.820000076293945312e+02 6.863796997070312500e+02 1.936600303649902344e+02
3.809999847412109375e+02 6.863716125488281250e+02 1.936711311340332031e+02
3.820000076293945312e+02 6.867433929443359375e+02 1.941600418090820312e+02
3.809999847412109375e+02 6.867356109619140625e+02 1.941711235046386719e+02
3.820000076293945312e+02 6.872434234619140625e+02 1.949330329895019531e+02
3.809999847412109375e+02 6.872355651855468750e+02 1.949446487426757812e+02
3.800000000000000000e+02 6.866936492919921875e+02 1.942283439636230469e+02
3.789999771118164062e+02 6.866223907470703125e+02 1.943268966674804688e+02
3.800000000000000000e+02 6.863305664062500000e+02 1.937283325195312500e+02
3.789999771118164062e+02 6.862606048583984375e+02 1.938269042968750000e+02
3.800000000000000000e+02 6.858305358886718750e+02 1.931007957458496094e+02
3.789999771118164062e+02 6.857606506347656250e+02 1.931820297241210938e+02
3.800000000000000000e+02 6.854133605957031250e+02 1.926007843017578125e+02
3.809999847412109375e+02 6.858715820312500000e+02 1.930543136596679688e+02
3.809999847412109375e+02 6.854529571533203125e+02 1.925543212890625000e+02
3.809999847412109375e+02 6.849529266357421875e+02 1.920127868652343750e+02
3.820000076293945312e+02 6.854617309570312500e+02 1.925442123413085938e+02
3.820689010620117188e+02 6.848694610595703125e+02 1.919004821777343750e+02
3.817815017700195312e+02 6.844992065429687500e+02 1.915007972717285156e+02
3.824481582641601562e+02 6.845001983642578125e+02 1.914998626708984375e+02
3.829023742675781250e+02 6.848624420166015625e+02 1.919072914123535156e+02
3.825040054321289062e+02 6.845001983642578125e+02 1.914998626708984375e+02
3.820689010620117188e+02 6.840995788574218750e+02 1.911243057250976562e+02
3.809999847412109375e+02 6.839872741699218750e+02 1.910437965393066406e+02
3.820000076293945312e+02 6.834655761718750000e+02 1.905304908752441406e+02
3.809999847412109375e+02 6.834497833251953125e+02 1.905438041687011719e+02
3.820000076293945312e+02 6.829656219482421875e+02 1.901020240783691406e+02
3.809999847412109375e+02 6.829497528076171875e+02 1.901216697692871094e+02
3.820000076293945312e+02 6.823666381835937500e+02 1.896020317077636719e+02
3.829999923706054688e+02 6.829581451416015625e+02 1.901073074340820312e+02
3.829999923706054688e+02 6.823597717285156250e+02 1.896073150634765625e+02
3.839999771118164062e+02 6.823115539550781250e+02 1.896442413330078125e+02
3.829999923706054688e+02 6.818597412109375000e+02 1.892381095886230469e+02
3.820000076293945312e+02 6.818666839599609375e+02 1.892334556579589844e+02
3.829999923706054688e+02 6.811527252197265625e+02 1.887380981445312500e+02
3.839999771118164062e+02 6.818115234375000000e+02 1.892725563049316406e+02
3.839999771118164062e+02 6.810998535156250000e+02 1.887725639343261719e+02
3.839999771118164062e+02 6.805998229980468750e+02 1.884339904785156250e+02
3.829999923706054688e+02 6.806526947021484375e+02 1.883983802795410156e+02
3.839999771118164062e+02 6.800000000000000000e+02 1.880817413330078125e+02
3.846922683715820312e+02 6.805426025390625000e+02 1.884717941284179688e+02
3.829999923706054688e+02 6.800000000000000000e+02 1.880132675170898438e+02
3.839999771118164062e+02 6.792198944091796875e+02 1.876477432250976562e+02
3.829999923706054688e+02 6.792818450927734375e+02 1.876148796081542969e+02
3.839999771118164062e+02 6.787199401855468750e+02 1.873874092102050781e+02
3.829999923706054688e+02 6.787818145751953125e+02 1.873561096191406250e+02
3.839999771118164062e+02 6.780000305175781250e+02 1.870406723022460938e+02
3.850000000000000000e+02 6.786131286621093750e+02 1.874419975280761719e+02
3.850000000000000000e+02 6.780000305175781250e+02 1.871493339538574219e+02
3.850488281250000000e+02 6.769435882568359375e+02 1.866726303100585938e+02
3.854146957397460938e+02 6.764704895019531250e+02 1.865112876892089844e+02
3.839999771118164062e+02 6.771559906005859375e+02 1.866532516479492188e+02
3.847480392456054688e+02 6.765726470947265625e+02 1.864686775207519531e+02
3.859999847412109375e+02 6.770000457763671875e+02 1.868356513977050781e+02
3.859999847412109375e+02 6.763554382324218750e+02 1.865559196472167969e+02
3.859999847412109375e+02 6.758554840087890625e+02 1.863695716857910156e+02
3.870000076293945312e+02 6.761318206787109375e+02 1.866456985473632812e+02
3.870000076293945312e+02 6.756317901611328125e+02 1.864507293701171875e+02
3.875089263916015625e+02 6.755055999755859375e+02 1.864978408813476562e+02
3.870000076293945312e+02 6.750000000000000000e+02 1.862220573425292969e+02
3.859999847412109375e+02 6.750000000000000000e+02 1.860585021972656250e+02
3.870000076293945312e+02 6.740000152587890625e+02 1.858852577209472656e+02
3.879053497314453125e+02 6.749706268310546875e+02 1.864003562927246094e+02
3.881756210327148438e+02 6.752843475341796875e+02 1.865809440612792969e+02
3.886441040039062500e+02 6.746176910400390625e+02 1.864573287963867188e+02
3.879999923706054688e+02 6.740000152587890625e+02 1.860960388183593750e+02
3.879999923706054688e+02 6.730000305175781250e+02 1.857967948913574219e+02
3.889864349365234375e+02 6.739974975585937500e+02 1.863536834716796875e+02
3.893107604980468750e+02 6.743291473388671875e+02 1.865586090087890625e+02
3.896495437622070312e+02 6.736624908447265625e+02 1.864467430114746094e+02
3.889999771118164062e+02 6.730000305175781250e+02 1.860602569580078125e+02
3.889999771118164062e+02 6.720000457763671875e+02 1.858102226257324219e+02
3.899897384643554688e+02 6.729589843750000000e+02 1.863646316528320312e+02
3.903162384033203125e+02 6.732649230957031250e+02 1.865680313110351562e+02
3.905670928955078125e+02 6.725982666015625000e+02 1.864725494384765625e+02
3.900000000000000000e+02 6.720000457763671875e+02 1.861342239379882812e+02
3.907320785522460938e+02 6.720000457763671875e+02 1.864063262939453125e+02
3.900000000000000000e+02 6.710000610351562500e+02 1.859432601928710938e+02
3.889857101440429688e+02 6.710450744628906250e+02 1.856139755249023438e+02
3.900000000000000000e+02 6.700000000000000000e+02 1.857981681823730469e+02
3.910453796386718750e+02 6.709666442871093750e+02 1.863396072387695312e+02
3.914089965820312500e+02 6.712776947021484375e+02 1.865382766723632812e+02
3.915396118164062500e+02 6.706110382080078125e+02 1.864816856384277344e+02
3.909999847412109375e+02 6.700000000000000000e+02 1.861853790283203125e+02
3.909999847412109375e+02 6.690000152587890625e+02 1.860899162292480469e+02
3.916277694702148438e+02 6.700000000000000000e+02 1.864422416687011719e+02
3.917367553710937500e+02 6.690000152587890625e+02 1.863947677612304688e+02
3.921277618408203125e+02 6.700000000000000000e+02 1.866755294799804688e+02
3.922367477416992188e+02 6.690000152587890625e+02 1.866219902038574219e+02
3.919237518310546875e+02 6.709666442871093750e+02 1.867255783081054688e+02
3.929999923706054688e+02 6.700000000000000000e+02 1.871299743652343750e+02
3.929999923706054688e+02 6.690000152587890625e+02 1.870232963562011719e+02
3.930446243286132812e+02 6.709262084960937500e+02 1.872978973388671875e+02
3.935692214965820312e+02 6.700000000000000000e+02 1.874544334411621094e+02
3.936500549316406250e+02 6.690000152587890625e+02 1.874013137817382812e+02
3.940692138671875000e+02 6.700000000000000000e+02 1.877926063537597656e+02
3.935119628906250000e+02 6.705436706542968750e+02 1.874921226501464844e+02
3.939071655273437500e+02 6.709262084960937500e+02 1.878303527832031250e+02
3.934077072143554688e+02 6.712103271484375000e+02 1.875542640686035156e+02
3.940731430053710938e+02 6.720285797119140625e+02 1.881826591491699219e+02
3.946718978881835938e+02 6.710000610351562500e+02 1.883722496032714844e+02
3.947790908813476562e+02 6.700000000000000000e+02 1.882925987243652344e+02
3.951718902587890625e+02 6.710000610351562500e+02 1.887540245056152344e+02
3.945735549926757812e+02 6.717142486572265625e+02 1.884453773498535156e+02
3.949441146850585938e+02 6.720285797119140625e+02 1.888132858276367188e+02
3.944552230834960938e+02 6.723809051513671875e+02 1.885320281982421875e+02
3.956503677368164062e+02 6.720000457763671875e+02 1.893675804138183594e+02
3.950498199462890625e+02 6.729802703857421875e+02 1.891779708862304688e+02
3.947503280639648438e+02 6.740000152587890625e+02 1.893074989318847656e+02
3.954163360595703125e+02 6.733003997802734375e+02 1.895686912536621094e+02
3.955497360229492188e+02 6.726337432861328125e+02 1.894563484191894531e+02
3.943159866333007812e+02 6.730000305175781250e+02 1.886301803588867188e+02
3.938159942626953125e+02 6.730000305175781250e+02 1.882858276367187500e+02
3.939796447753906250e+02 6.740452575683593750e+02 1.887674522399902344e+02
3.934437942504882812e+02 6.744087982177734375e+02 1.885357475280761719e+02
3.936327743530273438e+02 6.737421417236328125e+02 1.884096527099609375e+02
3.940287399291992188e+02 6.749864959716796875e+02 1.891904067993164062e+02
3.943812179565429688e+02 6.753108215332031250e+02 1.895896720886230469e+02
3.945840835571289062e+02 6.746440887451171875e+02 1.894351196289062500e+02
3.950252532958984375e+02 6.750435638427734375e+02 1.899790382385253906e+02
3.948019027709960938e+02 6.760000610351562500e+02 1.902538299560546875e+02
3.952503204345703125e+02 6.740000152587890625e+02 1.897028160095214844e+02
3.958283233642578125e+02 6.740000152587890625e+02 1.902028274536132812e+02
3.960037231445312500e+02 6.730097961425781250e+02 1.899977302551269531e+02
3.964577102661132812e+02 6.733859252929687500e+02 1.905409240722656250e+02
3.965744781494140625e+02 6.727192687988281250e+02 1.904267501831054688e+02
3.961503601074218750e+02 6.720000457763671875e+02 1.898213768005371094e+02
3.962776565551757812e+02 6.710000610351562500e+02 1.897053909301757812e+02
3.966807556152343750e+02 6.720000457763671875e+02 1.903213691711425781e+02
3.967956161499023438e+02 6.710000610351562500e+02 1.902053833007812500e+02
3.971807479858398438e+02 6.720000457763671875e+02 1.908478546142578125e+02
3.972956085205078125e+02 6.710000610351562500e+02 1.907252120971679688e+02
3.970077896118164062e+02 6.730175781250000000e+02 1.909943389892578125e+02
3.973730850219726562e+02 6.700000000000000000e+02 1.906420326232910156e+02
3.977365875244140625e+02 6.710000610351562500e+02 1.912252235412597656e+02
3.978054809570312500e+02 6.700000000000000000e+02 1.911420249938964844e+02
3.978508377075195312e+02 6.690000152587890625e+02 1.910831832885742188e+02
3.983054733276367188e+02 6.700000000000000000e+02 1.917521286010742188e+02
3.983508300781250000e+02 6.690000152587890625e+02 1.916971778869628906e+02
3.986826324462890625e+02 6.700000000000000000e+02 1.922521400451660156e+02
3.987184906005859375e+02 6.690000152587890625e+02 1.921971702575683594e+02
3.992348480224609375e+02 6.699543762207031250e+02 1.930931282043457031e+02
3.992184829711914062e+02 6.690000152587890625e+02 1.929676437377929688e+02
3.994812011718750000e+02 6.702573394775390625e+02 1.935324859619140625e+02
3.995066833496093750e+02 6.695906829833984375e+02 1.934885597229003906e+02
3.995185852050781250e+02 6.690000152587890625e+02 1.934676361083984375e+02
3.995207214355468750e+02 6.680000305175781250e+02 1.934637260437011719e+02
3.992239379882812500e+02 6.680000305175781250e+02 1.929637336730957031e+02
3.995095443725585938e+02 6.674082946777343750e+02 1.934833526611328125e+02
3.992351913452148438e+02 6.670449829101562500e+02 1.930900001525878906e+02
3.997055816650390625e+02 6.670449829101562500e+02 1.939288139343261719e+02
3.996861648559570312e+02 6.660000610351562500e+02 1.941463661193847656e+02
3.994736862182617188e+02 6.667416381835937500e+02 1.935480308532714844e+02
3.994193649291992188e+02 6.660000610351562500e+02 1.936463737487792969e+02
3.993238830566406250e+02 6.650000000000000000e+02 1.938177299499511719e+02
3.990367126464843750e+02 6.660000610351562500e+02 1.929999923706054688e+02
3.986173248291015625e+02 6.660000610351562500e+02 1.923339843750000000e+02
3.987886428833007812e+02 6.649675750732421875e+02 1.929244041442871094e+02
3.984738159179687500e+02 6.646126556396484375e+02 1.925406837463378906e+02
3.985492706298828125e+02 6.652793121337890625e+02 1.924298667907714844e+02
3.987059020996093750e+02 6.640000152587890625e+02 1.931673622131347656e+02
3.985948562622070312e+02 6.631729888916015625e+02 1.933491325378417969e+02
3.992328643798828125e+02 6.640245056152343750e+02 1.940658950805664062e+02
3.983913421630859375e+02 6.640000152587890625e+02 1.926673698425292969e+02
3.982941436767578125e+02 6.629038238525390625e+02 1.930094718933105469e+02
3.978549575805664062e+02 6.639502716064453125e+02 1.919196510314941406e+02
3.974753189086914062e+02 6.635836791992187500e+02 1.915327453613281250e+02
3.977441787719726562e+02 6.630000305175781250e+02 1.921589660644531250e+02
3.975698089599609375e+02 6.642503356933593750e+02 1.914120483398437500e+02
3.982114791870117188e+02 6.649675750732421875e+02 1.920579147338867188e+02
3.976589965820312500e+02 6.650000000000000000e+02 1.913026809692382812e+02
3.982558441162109375e+02 6.660000610351562500e+02 1.918339920043945312e+02
3.977558517456054688e+02 6.660000610351562500e+02 1.911871910095214844e+02
3.983260726928710938e+02 6.670000457763671875e+02 1.917347526550292969e+02
3.978260803222656250e+02 6.670000457763671875e+02 1.911047744750976562e+02
3.983609390258789062e+02 6.680000305175781250e+02 1.916862869262695312e+02
3.986887359619140625e+02 6.670000457763671875e+02 1.922347450256347656e+02
3.987239456176757812e+02 6.680000305175781250e+02 1.921862792968750000e+02
3.978609466552734375e+02 6.680000305175781250e+02 1.910655593872070312e+02
3.974433135986328125e+02 6.680000305175781250e+02 1.905655479431152344e+02
3.974100875854492188e+02 6.670000457763671875e+02 1.906047630310058594e+02
3.969433212280273438e+02 6.680000305175781250e+02 1.900443267822265625e+02
3.974268722534179688e+02 6.690000152587890625e+02 1.905831718444824219e+02
3.969268798828125000e+02 6.690000152587890625e+02 1.900643730163574219e+02
3.968730926513671875e+02 6.700000000000000000e+02 1.901233100891113281e+02
3.964313888549804688e+02 6.690000152587890625e+02 1.895643615722656250e+02
3.959313964843750000e+02 6.690000152587890625e+02 1.891128540039062500e+02
3.963673400878906250e+02 6.700000000000000000e+02 1.896232986450195312e+02
3.964532089233398438e+02 6.680000305175781250e+02 1.895443344116210938e+02
3.964218902587890625e+02 6.670000457763671875e+02 1.895751190185546875e+02
3.959532165527343750e+02 6.680000305175781250e+02 1.890907669067382812e+02
3.959218978881835938e+02 6.670000457763671875e+02 1.891151618957519531e+02
3.953831481933593750e+02 6.680000305175781250e+02 1.885907554626464844e+02
3.953544998168945312e+02 6.670000457763671875e+02 1.886151504516601562e+02
3.948831558227539062e+02 6.680000305175781250e+02 1.882182502746582031e+02
3.953548049926757812e+02 6.690000152587890625e+02 1.886128616333007812e+02
3.948548126220703125e+02 6.690000152587890625e+02 1.882385253906250000e+02
3.952790832519531250e+02 6.700000000000000000e+02 1.886721420288085938e+02
3.958673477172851562e+02 6.700000000000000000e+02 1.891721343994140625e+02
3.957776641845703125e+02 6.710000610351562500e+02 1.892540359497070312e+02
3.941500473022460938e+02 6.690000152587890625e+02 1.877385139465332031e+02
3.941817474365234375e+02 6.680000305175781250e+02 1.877182579040527344e+02
3.941617584228515625e+02 6.670000457763671875e+02 1.877350997924804688e+02
3.936817169189453125e+02 6.680000305175781250e+02 1.873796272277832031e+02
3.929999923706054688e+02 6.680000305175781250e+02 1.869785308837890625e+02
3.936617660522460938e+02 6.670000457763671875e+02 1.873914718627929688e+02
3.929999923706054688e+02 6.670000457763671875e+02 1.869977378845214844e+02
3.936053085327148438e+02 6.660000610351562500e+02 1.874285507202148438e+02
3.935472869873046875e+02 6.652519226074218750e+02 1.874676704406738281e+02
3.941053009033203125e+02 6.660000610351562500e+02 1.877774810791015625e+02
3.929999923706054688e+02 6.660000610351562500e+02 1.870647048950195312e+02
3.922188949584960938e+02 6.660000610351562500e+02 1.866361427307128906e+02
3.930889892578125000e+02 6.649511718750000000e+02 1.872285270690917969e+02
3.928949356079101562e+02 6.640000152587890625e+02 1.872583007812500000e+02
3.934816741943359375e+02 6.645852661132812500e+02 1.875116539001464844e+02
3.921305084228515625e+02 6.650000000000000000e+02 1.866848945617675781e+02
3.916305160522460938e+02 6.650000000000000000e+02 1.864376449584960938e+02
3.919307708740234375e+02 6.640015411376953125e+02 1.867229461669921875e+02
3.920000076293945312e+02 6.630000305175781250e+02 1.869531440734863281e+02
3.915512847900390625e+02 6.643358612060546875e+02 1.864748191833496094e+02
3.914422225952148438e+02 6.636692047119140625e+02 1.865271568298339844e+02
3.912993240356445312e+02 6.630000305175781250e+02 1.865943336486816406e+02
3.910653305053710938e+02 6.640015411376953125e+02 1.863082504272460938e+02
3.907993316650390625e+02 6.630000305175781250e+02 1.863653564453125000e+02
3.900000000000000000e+02 6.640000152587890625e+02 1.858622360229492188e+02
3.909999847412109375e+02 6.650000000000000000e+02 1.861578941345214844e+02
3.899055099487304688e+02 6.650778961181640625e+02 1.856944465637207031e+02
3.909999847412109375e+02 6.660000610351562500e+02 1.860821151733398438e+02
3.900527191162109375e+02 6.660000610351562500e+02 1.856834220886230469e+02
3.909999847412109375e+02 6.670000457763671875e+02 1.860419082641601562e+02
3.917189025878906250e+02 6.660000610351562500e+02 1.863986778259277344e+02
3.917741012573242188e+02 6.670000457763671875e+02 1.863766670227050781e+02
3.922741317749023438e+02 6.670000457763671875e+02 1.866062736511230469e+02
3.917859268188476562e+02 6.680000305175781250e+02 1.863733100891113281e+02
3.909999847412109375e+02 6.680000305175781250e+02 1.860418891906738281e+02
3.922859573364257812e+02 6.680000305175781250e+02 1.865988922119140625e+02
3.900859451293945312e+02 6.680000305175781250e+02 1.856685829162597656e+02
3.901027297973632812e+02 6.670000457763671875e+02 1.856652450561523438e+02
3.895859146118164062e+02 6.680000305175781250e+02 1.854657363891601562e+02
3.899232101440429688e+02 6.690007781982421875e+02 1.856653976440429688e+02
3.894496536254882812e+02 6.693346405029296875e+02 1.855154800415039062e+02
3.895386886596679688e+02 6.686679840087890625e+02 1.854849433898925781e+02
3.890697860717773438e+02 6.690007781982421875e+02 1.853720664978027344e+02
3.879999923706054688e+02 6.690000152587890625e+02 1.850660514831542969e+02
3.888193511962890625e+02 6.700000000000000000e+02 1.854060363769531250e+02
3.889999771118164062e+02 6.680000305175781250e+02 1.852805137634277344e+02
3.889999771118164062e+02 6.670000457763671875e+02 1.852638816833496094e+02
3.879999923706054688e+02 6.680000305175781250e+02 1.849893188476562500e+02
3.870000076293945312e+02 6.680000305175781250e+02 1.847595596313476562e+02
3.879999923706054688e+02 6.670000457763671875e+02 1.849692535400390625e+02
3.870000076293945312e+02 6.670000457763671875e+02 1.847380256652832031e+02
3.879999923706054688e+02 6.660000610351562500e+02 1.850039863586425781e+02
3.889999771118164062e+02 6.660000610351562500e+02 1.853020095825195312e+02
3.870000076293945312e+02 6.660000610351562500e+02 1.847657012939453125e+02
3.879999923706054688e+02 6.650000000000000000e+02 1.850821685791015625e+02
3.879999923706054688e+02 6.640000152587890625e+02 1.852043342590332031e+02
3.870000076293945312e+02 6.650000000000000000e+02 1.848365020751953125e+02
3.890441513061523438e+02 6.650778961181640625e+02 1.853876304626464844e+02
3.887447738647460938e+02 6.640000152587890625e+02 1.854231071472167969e+02
3.894069290161132812e+02 6.647964477539062500e+02 1.855303955078125000e+02
3.895092010498046875e+02 6.654631805419921875e+02 1.854963493347167969e+02
3.895526885986328125e+02 6.660000610351562500e+02 1.854787063598632812e+02
3.896027374267578125e+02 6.670000457763671875e+02 1.854584503173828125e+02
3.892447662353515625e+02 6.640000152587890625e+02 1.855830192565917969e+02
3.889516448974609375e+02 6.630156707763671875e+02 1.856604385375976562e+02
3.883699798583984375e+02 6.626927947998046875e+02 1.855387496948242188e+02
3.889999771118164062e+02 6.620000457763671875e+02 1.859080696105957031e+02
3.885860824584960938e+02 6.633594512939453125e+02 1.854728317260742188e+02
3.900000000000000000e+02 6.630000305175781250e+02 1.860368537902832031e+02
3.900504684448242188e+02 6.619734191894531250e+02 1.862962722778320312e+02
3.897507858276367188e+02 6.611866760253906250e+02 1.864014434814453125e+02
3.904174423217773438e+02 6.616223144531250000e+02 1.865341758728027344e+02
3.906235504150390625e+02 6.622889709472656250e+02 1.864439773559570312e+02
3.909741210937500000e+02 6.619734191894531250e+02 1.866952705383300781e+02
3.920508193969726562e+02 6.619901275634765625e+02 1.872410011291503906e+02
3.909999847412109375e+02 6.610000610351562500e+02 1.870074462890625000e+02
3.900504684448242188e+02 6.609120178222656250e+02 1.866115760803222656e+02
3.909767532348632812e+02 6.600564575195312500e+02 1.873316192626953125e+02
3.917261886596679688e+02 6.610000610351562500e+02 1.873730087280273438e+02
3.922261810302734375e+02 6.610000610351562500e+02 1.876616287231445312e+02
3.915502166748046875e+02 6.604273986816406250e+02 1.874713897705078125e+02
3.919301223754882812e+02 6.600564575195312500e+02 1.878460121154785156e+02
3.919749450683593750e+02 6.590615081787109375e+02 1.883005523681640625e+02
3.912946319580078125e+02 6.597607421875000000e+02 1.876067543029785156e+02
3.927143096923828125e+02 6.600000000000000000e+02 1.883524513244628906e+02
3.932143402099609375e+02 6.600000000000000000e+02 1.887074279785156250e+02
3.930449676513671875e+02 6.610047912597656250e+02 1.881939697265625000e+02
3.925440979003906250e+02 6.594358825683593750e+02 1.884696960449218750e+02
3.929923248291015625e+02 6.590116119384765625e+02 1.890039634704589844e+02
3.927246093750000000e+02 6.580000305175781250e+02 1.893346595764160156e+02
3.922916030883789062e+02 6.587692260742187500e+02 1.886322212219238281e+02
3.934405517578125000e+02 6.585873413085937500e+02 1.895477294921875000e+02
3.936498641967773438e+02 6.592540740966796875e+02 1.893756866455078125e+02
3.940658569335937500e+02 6.588922882080078125e+02 1.899410438537597656e+02
3.938533782958984375e+02 6.600000000000000000e+02 1.892074394226074219e+02
3.943534088134765625e+02 6.600000000000000000e+02 1.896340751647949219e+02
3.940318679809570312e+02 6.609331512451171875e+02 1.889723014831542969e+02
3.934083175659179688e+02 6.606745910644531250e+02 1.885675430297851562e+02
3.935757064819335938e+02 6.613412475585937500e+02 1.884411048889160156e+02
3.944879913330078125e+02 6.605250549316406250e+02 1.895110511779785156e+02
3.942244338989257812e+02 6.620000457763671875e+02 1.887236404418945312e+02
3.946332168579101562e+02 6.611917114257812500e+02 1.893770408630371094e+02
3.950592803955078125e+02 6.608622741699218750e+02 1.899392318725585938e+02
3.948031997680664062e+02 6.620000457763671875e+02 1.892236518859863281e+02
3.953031921386718750e+02 6.620000457763671875e+02 1.896965980529785156e+02
3.949734497070312500e+02 6.630747222900390625e+02 1.890185737609863281e+02
3.943902206420898438e+02 6.628058624267578125e+02 1.885878181457519531e+02
3.945092010498046875e+02 6.634725189208984375e+02 1.884923934936523438e+02
3.954376983642578125e+02 6.626769256591796875e+02 1.895613861083984375e+02
3.950843811035156250e+02 6.640000152587890625e+02 1.888583564758300781e+02
3.955519485473632812e+02 6.633435821533203125e+02 1.894493293762207031e+02
3.959873199462890625e+02 6.630343627929687500e+02 1.900109863281250000e+02
3.956472396850585938e+02 6.640000152587890625e+02 1.893583488464355469e+02
3.961472320556640625e+02 6.640000152587890625e+02 1.898646354675292969e+02
3.957669830322265625e+02 6.650000000000000000e+02 1.892475318908691406e+02
3.962669754028320312e+02 6.650000000000000000e+02 1.897348213195800781e+02
3.958559799194335938e+02 6.660000610351562500e+02 1.891700172424316406e+02
3.952043151855468750e+02 6.650000000000000000e+02 1.887475204467773438e+02
3.947043228149414062e+02 6.650000000000000000e+02 1.883394050598144531e+02
3.952906417846679688e+02 6.660000610351562500e+02 1.886700057983398438e+02
3.947906494140625000e+02 6.660000610351562500e+02 1.882774925231933594e+02
3.948545074462890625e+02 6.670000457763671875e+02 1.882350921630859375e+02
3.939283752441406250e+02 6.649511718750000000e+02 1.877785301208496094e+02
3.945843505859375000e+02 6.640000152587890625e+02 1.884321975708007812e+02
3.939999771118164062e+02 6.640000152587890625e+02 1.880006408691406250e+02
3.933949279785156250e+02 6.640000152587890625e+02 1.875684547424316406e+02
3.940341186523437500e+02 6.630834960937500000e+02 1.882415771484375000e+02
3.932247161865234375e+02 6.630000305175781250e+02 1.876826667785644531e+02
3.937244415283203125e+02 6.620000457763671875e+02 1.883288002014160156e+02
3.929528045654296875e+02 6.619901275634765625e+02 1.877922058105468750e+02
3.924180221557617188e+02 6.616502380371093750e+02 1.875485992431640625e+02
3.925880050659179688e+02 6.623168945312500000e+02 1.874437522888183594e+02
3.927246856689453125e+02 6.630000305175781250e+02 1.873587799072265625e+02
3.963560104370117188e+02 6.660000610351562500e+02 1.896415519714355469e+02
3.968411254882812500e+02 6.660000610351562500e+02 1.901415634155273438e+02
3.967474746704101562e+02 6.650000000000000000e+02 1.902348327636718750e+02
3.973411178588867188e+02 6.660000610351562500e+02 1.906871795654296875e+02
3.969100952148437500e+02 6.670000457763671875e+02 1.900751304626464844e+02
3.972474670410156250e+02 6.650000000000000000e+02 1.908026885986328125e+02
3.971847152709960938e+02 6.639502716064453125e+02 1.910472297668457031e+02
3.966244125366210938e+02 6.640000152587890625e+02 1.903646469116210938e+02
3.968267440795898438e+02 6.630351257324218750e+02 1.909532928466796875e+02
3.967052078247070312e+02 6.620000457763671875e+02 1.912497138977050781e+02
3.964226913452148438e+02 6.627252197265625000e+02 1.905888366699218750e+02
3.965357208251953125e+02 6.633918762207031250e+02 1.904605674743652344e+02
3.973816299438476562e+02 6.630000305175781250e+02 1.916589546203613281e+02
3.972578811645507812e+02 6.619161987304687500e+02 1.920075225830078125e+02
3.968521499633789062e+02 6.609888458251953125e+02 1.919470977783203125e+02
3.976109313964843750e+02 6.621936798095703125e+02 1.923458671569824219e+02
3.974895477294921875e+02 6.615269470214843750e+02 1.925147819519042969e+02
3.973851394653320312e+02 6.610000610351562500e+02 1.926623916625976562e+02
3.978932952880859375e+02 6.619161987304687500e+02 1.929088783264160156e+02
3.977274322509765625e+02 6.610000610351562500e+02 1.931624031066894531e+02
3.984084320068359375e+02 6.620000457763671875e+02 1.936518478393554688e+02
3.982555770874023438e+02 6.609696960449218750e+02 1.940195274353027344e+02
3.984980392456054688e+02 6.625063323974609375e+02 1.935032272338867188e+02
3.986987304687500000e+02 6.620000457763671875e+02 1.941518592834472656e+02
3.985776519775390625e+02 6.612828826904296875e+02 1.943659019470214844e+02
3.992107391357421875e+02 6.620484924316406250e+02 1.950681304931640625e+02
3.988374328613281250e+02 6.629038238525390625e+02 1.939019393920898438e+02
3.993506622314453125e+02 6.630000305175781250e+02 1.947875404357910156e+02
3.994468688964843750e+02 6.637074279785156250e+02 1.946031570434570312e+02
3.996046447753906250e+02 6.630000305175781250e+02 1.952875328063964844e+02
3.995267868041992188e+02 6.624140930175781250e+02 1.954468917846679688e+02
3.999224090576171875e+02 6.630000305175781250e+02 1.959999847412109375e+02
3.996987915039062500e+02 6.640245056152343750e+02 1.949618911743164062e+02
3.995307922363281250e+02 6.643740844726562500e+02 1.944431686401367188e+02
3.995973205566406250e+02 6.650000000000000000e+02 1.943177413940429688e+02
3.996567916870117188e+02 6.620484924316406250e+02 1.960073852539062500e+02
3.995660781860351562e+02 6.613119506835937500e+02 1.963456535339355469e+02
3.994195938110351562e+02 6.617474365234375000e+02 1.956789779663085938e+02
3.993006896972656250e+02 6.609871673583984375e+02 1.960073852539062500e+02
3.987793350219726562e+02 6.609696960449218750e+02 1.949468231201171875e+02
3.994466018676757812e+02 6.606452941894531250e+02 1.966418075561523438e+02
3.989254379272460938e+02 6.600000000000000000e+02 1.959999847412109375e+02
3.986142730712890625e+02 6.592569732666015625e+02 1.959999847412109375e+02
3.986037826538085938e+02 6.600000000000000000e+02 1.953037452697753906e+02
3.993191146850585938e+02 6.599942016601562500e+02 1.969850730895996094e+02
3.988186645507812500e+02 6.589099884033203125e+02 1.969128417968750000e+02
3.994363403320312500e+02 6.596569824218750000e+02 1.977243614196777344e+02
3.995684814453125000e+02 6.603236389160156250e+02 1.973084640502929688e+02
3.986125564575195312e+02 6.582867431640625000e+02 1.971880722045898438e+02
3.984916687011718750e+02 6.585166168212890625e+02 1.965214157104492188e+02
3.983747863769531250e+02 6.587570190429687500e+02 1.959999847412109375e+02
3.983402633666992188e+02 6.579720306396484375e+02 1.969128417968750000e+02
3.977835083007812500e+02 6.569606781005859375e+02 1.969981193542480469e+02
3.978849792480468750e+02 6.579051208496093750e+02 1.959061431884765625e+02
3.984334945678710938e+02 6.576200866699218750e+02 1.977282142639160156e+02
3.987067413330078125e+02 6.579720306396484375e+02 1.980369186401367188e+02
3.981940078735351562e+02 6.570706176757812500e+02 1.980369186401367188e+02
3.982919311523437500e+02 6.568408203125000000e+02 1.989999961853027344e+02
3.985292816162109375e+02 6.574510192871093750e+02 1.983948707580566406e+02
3.976673889160156250e+02 6.562435150146484375e+02 1.979999923706054688e+02
3.973340988159179688e+02 6.557435607910156250e+02 1.979999923706054688e+02
3.975637817382812500e+02 6.564035797119140625e+02 1.973302078247070312e+02
3.977426147460937500e+02 6.559526824951171875e+02 1.990581512451171875e+02
3.974402999877929688e+02 6.555878448486328125e+02 1.987635803222656250e+02
3.975150680541992188e+02 6.554787445068359375e+02 1.994302368164062500e+02
3.979426193237304688e+02 6.560000610351562500e+02 2.000000000000000000e+02
3.980743789672851562e+02 6.560000610351562500e+02 2.009999847412109375e+02
3.983828735351562500e+02 6.566921997070312500e+02 2.000000000000000000e+02
3.975597381591796875e+02 6.554159545898437500e+02 2.000000000000000000e+02
3.976237106323242188e+02 6.553260803222656250e+02 2.009999847412109375e+02
3.971975326538085938e+02 6.549159240722656250e+02 2.000000000000000000e+02
3.966975402832031250e+02 6.542532348632812500e+02 2.000000000000000000e+02
3.971466445922851562e+02 6.550872802734375000e+02 1.990581512451171875e+02
3.972616195678710938e+02 6.548260498046875000e+02 2.009999847412109375e+02
3.967616271972656250e+02 6.541735076904296875e+02 2.009999847412109375e+02
3.973031997680664062e+02 6.547681427001953125e+02 2.019999885559082031e+02
3.968032073974609375e+02 6.541232299804687500e+02 2.019999885559082031e+02
3.973198318481445312e+02 6.547441864013671875e+02 2.029999923706054688e+02
3.976649093627929688e+02 6.552681732177734375e+02 2.019999885559082031e+02
3.976825332641601562e+02 6.552441406250000000e+02 2.029999923706054688e+02
3.982240676879882812e+02 6.560910797119140625e+02 2.020121002197265625e+02
3.981825637817382812e+02 6.559669494628906250e+02 2.029999923706054688e+02
3.985098648071289062e+02 6.564851379394531250e+02 2.023535156250000000e+02
3.984868621826171875e+02 6.565213012695312500e+02 2.016868400573730469e+02
3.984506607055664062e+02 6.565805816650390625e+02 2.009999847412109375e+02
3.987400436401367188e+02 6.569127655029296875e+02 2.020121002197265625e+02
3.988401031494140625e+02 6.570000457763671875e+02 2.029999923706054688e+02
3.985222625732421875e+02 6.564669799804687500e+02 2.029999923706054688e+02
3.988395690917968750e+02 6.570000457763671875e+02 2.039999961853027344e+02
3.993178176879882812e+02 6.578411102294921875e+02 2.029999923706054688e+02
3.993192291259765625e+02 6.578310394287109375e+02 2.039999961853027344e+02
3.995825576782226562e+02 6.583411407470703125e+02 2.029999923706054688e+02
3.985203170776367188e+02 6.564701080322265625e+02 2.039999961853027344e+02
3.987409210205078125e+02 6.569156646728515625e+02 2.049630928039550781e+02
3.984835052490234375e+02 6.565261077880859375e+02 2.052718353271484375e+02
3.985072708129882812e+02 6.564893341064453125e+02 2.046051597595214844e+02
3.982107925415039062e+02 6.560935974121093750e+02 2.049630928039550781e+02
3.976508712768554688e+02 6.552888488769531250e+02 2.050000000000000000e+02
3.980530548095703125e+02 6.560000610351562500e+02 2.059999847412109375e+02
3.981761932373046875e+02 6.559700775146484375e+02 2.039999961853027344e+02
3.976762008666992188e+02 6.552536010742187500e+02 2.039999961853027344e+02
3.973128509521484375e+02 6.547535705566406250e+02 2.039999961853027344e+02
3.968128204345703125e+02 6.541141510009765625e+02 2.039999961853027344e+02
3.972878646850585938e+02 6.547888183593750000e+02 2.050000000000000000e+02
3.967878723144531250e+02 6.541394042968750000e+02 2.050000000000000000e+02
3.972444534301757812e+02 6.548492431640625000e+02 2.059999847412109375e+02
3.967444610595703125e+02 6.541905212402343750e+02 2.059999847412109375e+02
3.971805572509765625e+02 6.549389648437500000e+02 2.069999885559082031e+02
3.976077651977539062e+02 6.553492736816406250e+02 2.059999847412109375e+02
3.975436401367187500e+02 6.554389190673828125e+02 2.069999885559082031e+02
3.966805648803710938e+02 6.542704772949218750e+02 2.069999885559082031e+02
3.971404266357421875e+02 6.550961303710937500e+02 2.079144096374511719e+02
3.965972900390625000e+02 6.543756103515625000e+02 2.079999923706054688e+02
3.967967987060546875e+02 6.549414825439453125e+02 2.089810752868652344e+02
3.964477920532226562e+02 6.545691680908203125e+02 2.093017959594726562e+02
3.965335845947265625e+02 6.544566345214843750e+02 2.086351394653320312e+02
3.961432266235351562e+02 6.540740203857421875e+02 2.089810752868652344e+02
3.962011718750000000e+02 6.538756561279296875e+02 2.079999923706054688e+02
3.955931854248046875e+02 6.533888244628906250e+02 2.089999961853027344e+02
3.957952499389648438e+02 6.539549255371093750e+02 2.099433708190917969e+02
3.955199813842773438e+02 6.534762573242187500e+02 2.095722770690917969e+02
3.954243469238281250e+02 6.535916137695312500e+02 2.102389526367187500e+02
3.957046508789062500e+02 6.542425537109375000e+02 2.109999847412109375e+02
3.963541030883789062e+02 6.546945953369140625e+02 2.100000000000000000e+02
3.962634658813476562e+02 6.550141906738281250e+02 2.110993003845214844e+02
3.958811950683593750e+02 6.549262237548828125e+02 2.120423507690429688e+02
3.955818557739257812e+02 6.543985748291015625e+02 2.117372512817382812e+02
3.954646301269531250e+02 6.545437622070312500e+02 2.124039077758789062e+02
3.951746368408203125e+02 6.540391540527343750e+02 2.120423507690429688e+02
3.947906112670898438e+02 6.539825439453125000e+02 2.129290771484375000e+02
3.946197891235351562e+02 6.533653259277343750e+02 2.119999885559082031e+02
3.952982330322265625e+02 6.537425994873046875e+02 2.109999847412109375e+02
3.947982406616210938e+02 6.531594848632812500e+02 2.109999847412109375e+02
3.949946212768554688e+02 6.530065917968750000e+02 2.099816131591796875e+02
3.943517684936523438e+02 6.526595306396484375e+02 2.109999847412109375e+02
3.944662094116210938e+02 6.525369262695312500e+02 2.103909683227539062e+02
3.941550827026367188e+02 6.528653717041015625e+02 2.119999885559082031e+02
3.938517761230468750e+02 6.521428680419921875e+02 2.109999847412109375e+02
3.933482360839843750e+02 6.516429138183593750e+02 2.109999847412109375e+02
3.940228652954101562e+02 6.519787597656250000e+02 2.100703811645507812e+02
3.936550903320312500e+02 6.523444366455078125e+02 2.119999885559082031e+02
3.935372924804687500e+02 6.524631500244140625e+02 2.125852966308593750e+02
3.931285858154296875e+02 6.518444061279296875e+02 2.119999885559082031e+02
3.929469680786132812e+02 6.520504760742187500e+02 2.128876304626464844e+02
3.926285934448242188e+02 6.513855743408203125e+02 2.119999885559082031e+02
3.919598388671875000e+02 6.508411407470703125e+02 2.120203399658203125e+02
3.928482437133789062e+02 6.511889648437500000e+02 2.109999847412109375e+02
3.925112915039062500e+02 6.514900970458984375e+02 2.125232696533203125e+02
3.920022201538085938e+02 6.512445831298828125e+02 2.129139518737792969e+02
3.916703796386718750e+02 6.513630676269531250e+02 2.138019371032714844e+02
3.923370742797851562e+02 6.516377258300781250e+02 2.131899452209472656e+02
3.912426757812500000e+02 6.506881713867187500e+02 2.129999923706054688e+02
3.907426834106445312e+02 6.503287506103515625e+02 2.129999923706054688e+02
3.914276885986328125e+02 6.505545043945312500e+02 2.123672294616699219e+02
3.910212707519531250e+02 6.509878540039062500e+02 2.140318679809570312e+02
3.907972335815429688e+02 6.512906646728515625e+02 2.150000000000000000e+02
3.914799880981445312e+02 6.515150451660156250e+02 2.144685935974121094e+02
3.903255462646484375e+02 6.506125640869140625e+02 2.142617988586425781e+02
3.905625534057617188e+02 6.504563903808593750e+02 2.135951232910156250e+02
3.899953079223632812e+02 6.502651977539062500e+02 2.139570808410644531e+02
3.890111160278320312e+02 6.497234344482421875e+02 2.140320777893066406e+02
3.899596786499023438e+02 6.498130035400390625e+02 2.129865455627441406e+02
3.896588897705078125e+02 6.504022979736328125e+02 2.147014808654785156e+02
3.899953079223632812e+02 6.507724761962890625e+02 2.150208854675292969e+02
3.890304183959960938e+02 6.502019500732421875e+02 2.150208854675292969e+02
3.880347061157226562e+02 6.496955871582031250e+02 2.150306510925292969e+02
3.887173843383789062e+02 6.503808593750000000e+02 2.157312393188476562e+02
3.893840408325195312e+02 6.505666351318359375e+02 2.153681564331054688e+02
3.890304183959960938e+02 6.507152557373046875e+02 2.160387420654296875e+02
3.883884429931640625e+02 6.505548858642578125e+02 2.163978958129882812e+02
3.899921798706054688e+02 6.512473297119140625e+02 2.159678459167480469e+02
3.889969635009765625e+02 6.512213897705078125e+02 2.170001983642578125e+02
3.880330657958984375e+02 6.507294464111328125e+02 2.170125389099121094e+02
3.886615753173828125e+02 6.514101409912109375e+02 2.176428794860839844e+02
3.893282318115234375e+02 6.516003417968750000e+02 2.173336601257324219e+02
3.896536636352539062e+02 6.514039611816406250e+02 2.166670036315917969e+02
3.899921798706054688e+02 6.518202972412109375e+02 2.170001983642578125e+02
3.899163818359375000e+02 6.523387145996093750e+02 2.179168319702148438e+02
3.907420730590820312e+02 6.523251342773437500e+02 2.169999885559082031e+02
3.903203201293945312e+02 6.516183471679687500e+02 2.162797355651855469e+02
3.910238265991210938e+02 6.519842529296875000e+02 2.160322380065917969e+02
3.905830001831054688e+02 6.514416503906250000e+02 2.156130790710449219e+02
3.912972259521484375e+02 6.516488647460937500e+02 2.150000000000000000e+02
3.916838455200195312e+02 6.523501586914062500e+02 2.157847213745117188e+02
3.914646148681640625e+02 6.525274658203125000e+02 2.164513969421386719e+02
3.920103073120117188e+02 6.521916198730468750e+02 2.149538421630859375e+02
3.920022201538085938e+02 6.517642211914062500e+02 2.140811538696289062e+02
3.927003097534179688e+02 6.523189544677734375e+02 2.139999961853027344e+02
3.905247879028320312e+02 6.524818420410156250e+02 2.175280380249023438e+02
3.889969635009765625e+02 6.518251037597656250e+02 2.179857254028320312e+02
3.882525253295898438e+02 6.516258239746093750e+02 2.183095550537109375e+02
3.889999771118164062e+02 6.523310852050781250e+02 2.187281799316406250e+02
3.880045700073242188e+02 6.519977569580078125e+02 2.190032577514648438e+02
3.875858688354492188e+02 6.514581298828125000e+02 2.185590744018554688e+02
3.870000076293945312e+02 6.516963958740234375e+02 2.192368125915527344e+02
3.877566528320312500e+02 6.523697662353515625e+02 2.196604156494140625e+02
3.884233093261718750e+02 6.525414276123046875e+02 2.194474601745605469e+02
3.869038772583007812e+02 6.522554016113281250e+02 2.199962425231933594e+02
3.860169601440429688e+02 6.518512725830078125e+02 2.199591255187988281e+02
3.865064620971679688e+02 6.524971771240234375e+02 2.205031394958496094e+02
3.871731185913085938e+02 6.526485443115234375e+02 2.203270721435546875e+02
3.859999847412109375e+02 6.523950958251953125e+02 2.206154251098632812e+02
3.850000000000000000e+02 6.521967315673828125e+02 2.208303070068359375e+02
3.859999847412109375e+02 6.528651428222656250e+02 2.211154365539550781e+02
3.850000000000000000e+02 6.526627349853515625e+02 2.213302993774414062e+02
3.859999847412109375e+02 6.533651733398437500e+02 2.216308784484863281e+02
3.850000000000000000e+02 6.531627655029296875e+02 2.218225860595703125e+02
3.840077590942382812e+02 6.529981994628906250e+02 2.220036697387695312e+02
3.850000000000000000e+02 6.536980438232421875e+02 2.223225975036621094e+02
3.843103790283203125e+02 6.535649108886718750e+02 2.224424362182617188e+02
3.850000000000000000e+02 6.541979980468750000e+02 2.227550697326660156e+02
3.839862442016601562e+02 6.539389801025390625e+02 2.228495979309082031e+02
3.836437225341796875e+02 6.534535217285156250e+02 2.225416374206542969e+02
3.839999771118164062e+02 6.546213531494140625e+02 2.234057617187500000e+02
3.830543136596679688e+02 6.540571594238281250e+02 2.231883621215820312e+02
3.820000076293945312e+02 6.538442993164062500e+02 2.232258987426757812e+02
3.829999923706054688e+02 6.533600616455078125e+02 2.226234817504882812e+02
3.827572250366210938e+02 6.544285583496093750e+02 2.235552787780761719e+02
3.834238815307617188e+02 6.545223236083984375e+02 2.234826278686523438e+02
3.830543136596679688e+02 6.549134063720703125e+02 2.238499450683593750e+02
3.829999923706054688e+02 6.556539916992187500e+02 2.243959617614746094e+02
3.839999771118164062e+02 6.551213836669921875e+02 2.237824630737304688e+02
3.819423294067382812e+02 6.550920104980468750e+02 2.241731834411621094e+02
3.809999847412109375e+02 6.549429321289062500e+02 2.241834449768066406e+02
3.820000076293945312e+02 6.543442535400390625e+02 2.236188697814941406e+02
3.822372055053710938e+02 6.555552673339843750e+02 2.244634819030761719e+02
3.815705108642578125e+02 6.554866790771484375e+02 2.245093917846679688e+02
3.809999847412109375e+02 6.554429626464843750e+02 2.245395851135253906e+02
3.819423294067382812e+02 6.559331512451171875e+02 2.247393798828125000e+02
3.809999847412109375e+02 6.560000610351562500e+02 2.248802185058593750e+02
3.829999923706054688e+02 6.561539459228515625e+02 2.247224426269531250e+02
3.820000076293945312e+02 6.568598937988281250e+02 2.252921676635742188e+02
3.809999847412109375e+02 6.567793273925781250e+02 2.253406143188476562e+02
3.820000076293945312e+02 6.573599243164062500e+02 2.255783653259277344e+02
3.830409622192382812e+02 6.570623016357421875e+02 2.252685356140136719e+02
3.827349472045898438e+02 6.574370574951171875e+02 2.255355644226074219e+02
3.834016036987304688e+02 6.575293731689453125e+02 2.254842758178710938e+02
3.830409622192382812e+02 6.579176330566406250e+02 2.257351303100585938e+02
3.820000076293945312e+02 6.580000305175781250e+02 2.259058189392089844e+02
3.829820251464843750e+02 6.590737152099609375e+02 2.262963676452636719e+02
3.820000076293945312e+02 6.588819885253906250e+02 2.263274383544921875e+02
3.826367187500000000e+02 6.594561767578125000e+02 2.265193557739257812e+02
3.833034133911132812e+02 6.595745086669921875e+02 2.264709663391113281e+02
3.829820251464843750e+02 6.599446868896484375e+02 2.266517829895019531e+02
3.839999771118164062e+02 6.597360229492187500e+02 2.264055061340332031e+02
3.839999771118164062e+02 6.602359771728515625e+02 2.265994453430175781e+02
3.846504974365234375e+02 6.604068756103515625e+02 2.265363502502441406e+02
3.829999923706054688e+02 6.610000610351562500e+02 2.270124053955078125e+02
3.820000076293945312e+02 6.600000000000000000e+02 2.267764854431152344e+02
3.809999847412109375e+02 6.600000000000000000e+02 2.268517684936523438e+02
3.820000076293945312e+02 6.593820190429687500e+02 2.265515136718750000e+02
3.820000076293945312e+02 6.610000610351562500e+02 2.271131706237792969e+02
3.809999847412109375e+02 6.610000610351562500e+02 2.271828842163085938e+02
3.820000076293945312e+02 6.619209289550781250e+02 2.273882102966308594e+02
3.809999847412109375e+02 6.617886352539062500e+02 2.274234580993652344e+02
3.820000076293945312e+02 6.624209594726562500e+02 2.275203514099121094e+02
3.809999847412109375e+02 6.622886657714843750e+02 2.275541687011718750e+02
3.820000076293945312e+02 6.630000305175781250e+02 2.276638031005859375e+02
3.825069427490234375e+02 6.624967956542968750e+02 2.275008392333984375e+02
3.809999847412109375e+02 6.630000305175781250e+02 2.277359008789062500e+02
3.800000000000000000e+02 6.630000305175781250e+02 2.277645683288574219e+02
3.809999847412109375e+02 6.640000152587890625e+02 2.279612541198730469e+02
3.800000000000000000e+02 6.640000152587890625e+02 2.279833412170410156e+02
3.809999847412109375e+02 6.650000000000000000e+02 2.281416702270507812e+02
3.800000000000000000e+02 6.650000000000000000e+02 2.281528854370117188e+02
3.789999771118164062e+02 6.650000000000000000e+02 2.280898475646972656e+02
3.800000000000000000e+02 6.660000610351562500e+02 2.282853889465332031e+02
3.789999771118164062e+02 6.660000610351562500e+02 2.281985855102539062e+02
3.779999923706054688e+02 6.660000610351562500e+02 2.280711746215820312e+02
3.789999771118164062e+02 6.670000457763671875e+02 2.282417869567871094e+02
3.779999923706054688e+02 6.670000457763671875e+02 2.280998229980468750e+02
3.770000076293945312e+02 6.670000457763671875e+02 2.279402732849121094e+02
3.779999923706054688e+02 6.680000305175781250e+02 2.280593872070312500e+02
3.770000076293945312e+02 6.680000305175781250e+02 2.279002952575683594e+02
3.759999847412109375e+02 6.680000305175781250e+02 2.276978302001953125e+02
3.770000076293945312e+02 6.690000152587890625e+02 2.278034591674804688e+02
3.759525299072265625e+02 6.689962005615234375e+02 2.275980758666992188e+02
3.769079971313476562e+02 6.700920104980468750e+02 2.276276969909667969e+02
3.765132904052734375e+02 6.704866790771484375e+02 2.274976921081542969e+02
3.762542343139648438e+02 6.698200225830078125e+02 2.275524520874023438e+02
3.771799850463867188e+02 6.707347869873046875e+02 2.275524520874023438e+02
3.769079971313476562e+02 6.710408782958984375e+02 2.274383735656738281e+02
3.759999847412109375e+02 6.710000610351562500e+02 2.272790718078613281e+02
3.770000076293945312e+02 6.720000457763671875e+02 2.272295188903808594e+02
3.776866149902343750e+02 6.714015197753906250e+02 2.274769783020019531e+02
3.780119705200195312e+02 6.719437408447265625e+02 2.273856544494628906e+02
3.783533096313476562e+02 6.715729522705078125e+02 2.275173187255859375e+02
3.759999847412109375e+02 6.720000457763671875e+02 2.270515251159667969e+02
3.750000000000000000e+02 6.720000457763671875e+02 2.268337440490722656e+02
3.759999847412109375e+02 6.730000305175781250e+02 2.267856597900390625e+02
3.750675201416015625e+02 6.729570007324218750e+02 2.265928840637207031e+02
3.747792053222656250e+02 6.732616424560546875e+02 2.264241218566894531e+02
3.754458999633789062e+02 6.735382080078125000e+02 2.265142059326171875e+02
3.744028854370117188e+02 6.725949096679687500e+02 2.265291213989257812e+02
3.740417480468750000e+02 6.729570007324218750e+02 2.263026428222656250e+02
3.740417480468750000e+02 6.719406127929687500e+02 2.265962600708007812e+02
3.739999771118164062e+02 6.710000610351562500e+02 2.268034172058105469e+02
3.734483718872070312e+02 6.715676879882812500e+02 2.265180587768554688e+02
3.737362289428710938e+02 6.722343444824218750e+02 2.264264869689941406e+02
3.730690002441406250e+02 6.719406127929687500e+02 2.262776184082031250e+02
3.719038009643554688e+02 6.720943450927734375e+02 2.257764625549316406e+02
3.727593231201171875e+02 6.710000610351562500e+02 2.264069938659667969e+02
3.729999923706054688e+02 6.730000305175781250e+02 2.259341621398925781e+02
3.722069168090820312e+02 6.730000305175781250e+02 2.256239318847656250e+02
3.730665206909179688e+02 6.739408111572265625e+02 2.256216812133789062e+02
3.727775573730468750e+02 6.742346954345703125e+02 2.253897094726562500e+02
3.734442138671875000e+02 6.745490264892578125e+02 2.255215263366699219e+02
3.739999771118164062e+02 6.740000152587890625e+02 2.259210014343261719e+02
3.724362182617187500e+02 6.735680389404296875e+02 2.255274581909179688e+02
3.720617294311523438e+02 6.739408111572265625e+02 2.252086448669433594e+02
3.717069244384765625e+02 6.730000305175781250e+02 2.254081916809082031e+02
3.719962692260742188e+02 6.750047302246093750e+02 2.247260284423828125e+02
3.710089111328125000e+02 6.739657592773437500e+02 2.247022438049316406e+02
3.704236602783203125e+02 6.736096191406250000e+02 2.245457267761230469e+02
3.706814956665039062e+02 6.742762756347656250e+02 2.244031524658203125e+02
3.709999847412109375e+02 6.730000305175781250e+02 2.250632858276367188e+02
3.713481521606445312e+02 6.746744537353515625e+02 2.245775985717773438e+02
3.710089111328125000e+02 6.750047302246093750e+02 2.242503547668457031e+02
3.709902572631835938e+02 6.760057067871093750e+02 2.237649917602539062e+02
3.716604614257812500e+02 6.753411102294921875e+02 2.244264411926269531e+02
3.700136184692382812e+02 6.749444580078125000e+02 2.237145614624023438e+02
3.700542068481445312e+02 6.739657592773437500e+02 2.241666412353515625e+02
3.696893692016601562e+02 6.752407836914062500e+02 2.233793258666992188e+02
3.703560638427734375e+02 6.756761169433593750e+02 2.235876464843750000e+02
3.694492721557617188e+02 6.745741271972656250e+02 2.235334587097167969e+02
3.692636871337890625e+02 6.740000152587890625e+02 2.236559295654296875e+02
3.689810562133789062e+02 6.750276947021484375e+02 2.230105590820312500e+02
3.683145523071289062e+02 6.748146057128906250e+02 2.226417922973632812e+02
3.687636947631835938e+02 6.740000152587890625e+02 2.233205223083496094e+02
3.685128021240234375e+02 6.754812622070312500e+02 2.224909019470214844e+02
3.692026519775390625e+02 6.760000610351562500e+02 2.226975059509277344e+02
3.687026596069335938e+02 6.760000610351562500e+02 2.223584556579589844e+02
3.694240570068359375e+02 6.765933990478515625e+02 2.225506782531738281e+02
3.700136184692382812e+02 6.760057067871093750e+02 2.232093429565429688e+02
3.700292587280273438e+02 6.769560241699218750e+02 2.227241134643554688e+02
3.706504058837890625e+02 6.763427734375000000e+02 2.234188842773437500e+02
3.709902572631835938e+02 6.770028686523437500e+02 2.232384300231933594e+02
3.713171005249023438e+02 6.766714477539062500e+02 2.235942268371582031e+02
3.710574722290039062e+02 6.779686737060546875e+02 2.227090835571289062e+02
3.717060852050781250e+02 6.773381805419921875e+02 2.234078598022460938e+02
3.720236587524414062e+02 6.770028686523437500e+02 2.237329292297363281e+02
3.720236587524414062e+02 6.779537963867187500e+02 2.231743812561035156e+02
3.723727416992187500e+02 6.775897216796875000e+02 2.235549545288085938e+02
3.720000076293945312e+02 6.787376403808593750e+02 2.226620864868164062e+02
3.729999923706054688e+02 6.782845306396484375e+02 2.233631134033203125e+02
3.729999923706054688e+02 6.777845001220703125e+02 2.236760520935058594e+02
3.729778671264648438e+02 6.790577697753906250e+02 2.228357696533203125e+02
3.735795211791992188e+02 6.784563446044921875e+02 2.234713554382324219e+02
3.739477157592773438e+02 6.789762878417968750e+02 2.232414627075195312e+02
3.726297378540039062e+02 6.794296264648437500e+02 2.224491500854492188e+02
3.732964324951171875e+02 6.795985412597656250e+02 2.225754737854003906e+02
3.729778671264648438e+02 6.799591064453125000e+02 2.221705436706542969e+02
3.720704650878906250e+02 6.800054168701171875e+02 2.217645645141601562e+02
3.729999923706054688e+02 6.806491088867187500e+02 2.216263008117675781e+02
3.729999923706054688e+02 6.811490631103515625e+02 2.211897277832031250e+02
3.724507522583007812e+02 6.805252838134765625e+02 2.215215301513671875e+02
3.720723342895507812e+02 6.809632110595703125e+02 2.209659004211425781e+02
3.717840957641601562e+02 6.803423309326171875e+02 2.213705062866210938e+02
3.709999847412109375e+02 6.807010650634765625e+02 2.206746292114257812e+02
3.716939163208007812e+02 6.814012145996093750e+02 2.204088020324707031e+02
3.723606109619140625e+02 6.815649414062500000e+02 2.205612945556640625e+02
3.720262908935546875e+02 6.819874572753906250e+02 2.199870300292968750e+02
3.729999923706054688e+02 6.816997528076171875e+02 2.206897354125976562e+02
3.729999923706054688e+02 6.821997833251953125e+02 2.201999473571777344e+02
3.729999923706054688e+02 6.826898193359375000e+02 2.196999359130859375e+02
3.738316345214843750e+02 6.823680877685546875e+02 2.203680038452148438e+02
3.723586273193359375e+02 6.825617980957031250e+02 2.195652580261230469e+02
3.729999923706054688e+02 6.831897735595703125e+02 2.191494369506835938e+02
3.720698165893554688e+02 6.829682159423828125e+02 2.189651679992675781e+02
3.729999923706054688e+02 6.836266326904296875e+02 2.186494445800781250e+02
3.739999771118164062e+02 6.833786010742187500e+02 2.193629837036132812e+02
3.739999771118164062e+02 6.838056945800781250e+02 2.188629722595214844e+02
3.739999771118164062e+02 6.843057250976562500e+02 2.182491111755371094e+02
3.729864501953125000e+02 6.841684722900390625e+02 2.179550552368164062e+02
3.739999771118164062e+02 6.846855163574218750e+02 2.177491188049316406e+02
3.747545242309570312e+02 6.844280242919921875e+02 2.184070587158203125e+02
3.750527191162109375e+02 6.847811126708984375e+02 2.180442428588867188e+02
3.750000000000000000e+02 6.853352355957031250e+02 2.172570419311523438e+02
3.754211807250976562e+02 6.845215606689453125e+02 2.185263824462890625e+02
3.760720062255859375e+02 6.851334381103515625e+02 2.179084968566894531e+02
3.757866668701171875e+02 6.854350280761718750e+02 2.174046134948730469e+02
3.750000000000000000e+02 6.856674194335937500e+02 2.167570495605468750e+02
3.739723587036132812e+02 6.852240753173828125e+02 2.169628524780273438e+02
3.729864501953125000e+02 6.848210906982421875e+02 2.170542144775390625e+02
3.742873001098632812e+02 6.855683135986328125e+02 2.166047668457031250e+02
3.736206436157226562e+02 6.854594421386718750e+02 2.164307975769042969e+02
3.729999923706054688e+02 6.853498077392578125e+02 2.162372016906738281e+02
3.739723587036132812e+02 6.857830047607421875e+02 2.160584831237792969e+02
3.739400482177734375e+02 6.863284301757812500e+02 2.150079154968261719e+02
3.750685501098632812e+02 6.861878967285156250e+02 2.159148406982421875e+02
3.729999923706054688e+02 6.856316375732421875e+02 2.157372093200683594e+02
3.729999923706054688e+02 6.860041809082031250e+02 2.150000000000000000e+02
3.724323654174804688e+02 6.855287170410156250e+02 2.155521392822265625e+02
3.720594024658203125e+02 6.851560211181640625e+02 2.159312820434570312e+02
3.720594024658203125e+02 6.856540679931640625e+02 2.149546051025390625e+02
3.717656707763671875e+02 6.853844451904296875e+02 2.152576828002929688e+02
3.714133453369140625e+02 6.855420684814453125e+02 2.145910072326660156e+02
3.720000076293945312e+02 6.860342407226562500e+02 2.139999961853027344e+02
3.710480117797851562e+02 6.856288146972656250e+02 2.139086151123046875e+02
3.719648361206054688e+02 6.863604736328125000e+02 2.130731964111328125e+02
3.729244995117187500e+02 6.863882446289062500e+02 2.140674591064453125e+02
3.725408172607421875e+02 6.864836883544921875e+02 2.134553337097167969e+02
3.732074737548828125e+02 6.866114807128906250e+02 2.137791061401367188e+02
3.735667800903320312e+02 6.864773559570312500e+02 2.144457817077636719e+02
3.739400482177734375e+02 6.867518615722656250e+02 2.140674591064453125e+02
3.740834808349609375e+02 6.872364807128906250e+02 2.129156684875488281e+02
3.742334365844726562e+02 6.865865325927734375e+02 2.146798515319824219e+02
3.750000000000000000e+02 6.871045684814453125e+02 2.139999961853027344e+02
3.750000000000000000e+02 6.874073791503906250e+02 2.132455253601074219e+02
3.750685501098632812e+02 6.866661071777343750e+02 2.150079154968261719e+02
3.759295272827148438e+02 6.873483276367187500e+02 2.139899253845214844e+02
3.759999847412109375e+02 6.868946075439453125e+02 2.150000000000000000e+02
3.762158584594726562e+02 6.875660705566406250e+02 2.136498832702636719e+02
3.755492019653320312e+02 6.874880981445312500e+02 2.134679222106933594e+02
3.759295272827148438e+02 6.877169799804687500e+02 2.130807495117187500e+02
3.750000000000000000e+02 6.875875091552734375e+02 2.127455329895019531e+02
3.759999847412109375e+02 6.881005859375000000e+02 2.119999885559082031e+02
3.770000076293945312e+02 6.879835510253906250e+02 2.129999923706054688e+02
3.770059204101562500e+02 6.883447265625000000e+02 2.119626998901367188e+02
3.766765594482421875e+02 6.884613037109375000e+02 2.113699913024902344e+02
3.779999923706054688e+02 6.884313201904296875e+02 2.122903060913085938e+02
3.773432159423828125e+02 6.885331726074218750e+02 2.116044998168945312e+02
3.770059204101562500e+02 6.886312103271484375e+02 2.110219955444335938e+02
3.762752532958984375e+02 6.885582733154296875e+02 2.107033348083496094e+02
3.759651565551757812e+02 6.886489105224609375e+02 2.100309181213378906e+02
3.759651565551757812e+02 6.883855438232421875e+02 2.110219955444335938e+02
3.756085586547851562e+02 6.884706115722656250e+02 2.103848838806152344e+02
3.750000000000000000e+02 6.881184387207031250e+02 2.109999847412109375e+02
3.739056777954101562e+02 6.877341461181640625e+02 2.110921859741210938e+02
3.749962615966796875e+02 6.883712005615234375e+02 2.100309181213378906e+02
3.750000000000000000e+02 6.878283691406250000e+02 2.119999885559082031e+02
3.742364501953125000e+02 6.875898742675781250e+02 2.119999885559082031e+02
3.744724655151367188e+02 6.875093078613281250e+02 2.125261116027832031e+02
3.737364578247070312e+02 6.874181365966796875e+02 2.119999885559082031e+02
3.735094833374023438e+02 6.874966430664062500e+02 2.114869880676269531e+02
3.729999923706054688e+02 6.871410369873046875e+02 2.119999885559082031e+02
3.719648361206054688e+02 6.867061614990234375e+02 2.119977951049804688e+02
3.729790115356445312e+02 6.873833465576171875e+02 2.110921859741210938e+02
3.729244995117187500e+02 6.867638397216796875e+02 2.130731964111328125e+02
3.722747421264648438e+02 6.866006469726562500e+02 2.127886772155761719e+02
3.720000076293945312e+02 6.869844055175781250e+02 2.109999847412109375e+02
3.726316833496093750e+02 6.874457550048828125e+02 2.102510070800781250e+02
3.732983779907226562e+02 6.875801849365234375e+02 2.108203315734863281e+02
3.729790115356445312e+02 6.876515960693359375e+02 2.099505996704101562e+02
3.729999923706054688e+02 6.878554534912109375e+02 2.089999961853027344e+02
3.739999771118164062e+02 6.880371093750000000e+02 2.100000000000000000e+02
3.724627304077148438e+02 6.875178527832031250e+02 2.095843505859375000e+02
3.720776367187500000e+02 6.872548675537109375e+02 2.099505996704101562e+02
3.723465347290039062e+02 6.875747680664062500e+02 2.089999961853027344e+02
3.718465423583984375e+02 6.873284149169921875e+02 2.089999961853027344e+02
3.721784591674804688e+02 6.876584625244140625e+02 2.079999923706054688e+02
3.720710372924804688e+02 6.877151489257812500e+02 2.069999885559082031e+02
3.716784667968750000e+02 6.874092102050781250e+02 2.079999923706054688e+02
3.729999923706054688e+02 6.880252838134765625e+02 2.079999923706054688e+02
3.729999923706054688e+02 6.881424713134765625e+02 2.069999885559082031e+02
3.738437271118164062e+02 6.883668518066406250e+02 2.079999923706054688e+02
3.736848449707031250e+02 6.884272766113281250e+02 2.069999885559082031e+02
3.740767669677734375e+02 6.882936859130859375e+02 2.089451980590820312e+02
3.743437194824218750e+02 6.885586547851562500e+02 2.079999923706054688e+02
3.741848373413085938e+02 6.886193847656250000e+02 2.069999885559082031e+02
3.750000000000000000e+02 6.887684631347656250e+02 2.079999923706054688e+02
3.744612884521484375e+02 6.885145568847656250e+02 2.085753250122070312e+02
3.749962615966796875e+02 6.886103057861328125e+02 2.089451980590820312e+02
3.753271102905273438e+02 6.885533905029296875e+02 2.097182083129882812e+02
3.759999847412109375e+02 6.888759613037109375e+02 2.089999961853027344e+02
3.746604156494140625e+02 6.884485626220703125e+02 2.092419815063476562e+02
3.759999847412109375e+02 6.890378570556640625e+02 2.079999923706054688e+02
3.759999847412109375e+02 6.891520690917968750e+02 2.069999885559082031e+02
3.759999847412109375e+02 6.892086029052734375e+02 2.059999847412109375e+02
3.750000000000000000e+02 6.888879394531250000e+02 2.069999885559082031e+02
3.750000000000000000e+02 6.889474487304687500e+02 2.059999847412109375e+02
3.750000000000000000e+02 6.889553070068359375e+02 2.050000000000000000e+02
3.741083145141601562e+02 6.886494445800781250e+02 2.059999847412109375e+02
3.736083221435546875e+02 6.884567260742187500e+02 2.059999847412109375e+02
3.740991210937500000e+02 6.886529541015625000e+02 2.050000000000000000e+02
3.741514968872070312e+02 6.886327362060546875e+02 2.039999961853027344e+02
3.735991287231445312e+02 6.884603118896484375e+02 2.050000000000000000e+02
3.729999923706054688e+02 6.882015228271484375e+02 2.050000000000000000e+02
3.736514663696289062e+02 6.884398651123046875e+02 2.039999961853027344e+02
3.729999923706054688e+02 6.881632232666015625e+02 2.039999961853027344e+02
3.737860107421875000e+02 6.883884429931640625e+02 2.029999923706054688e+02
3.729999923706054688e+02 6.880648040771484375e+02 2.029999923706054688e+02
3.740499114990234375e+02 6.883326721191406250e+02 2.019876289367675781e+02
3.742860031127929688e+02 6.885810852050781250e+02 2.029999923706054688e+02
3.744165420532226562e+02 6.885314178466796875e+02 2.023127174377441406e+02
3.750000000000000000e+02 6.888123321533203125e+02 2.029999923706054688e+02
3.749480819702148438e+02 6.886441802978515625e+02 2.019876289367675781e+02
3.750000000000000000e+02 6.889151763916015625e+02 2.039999961853027344e+02
3.759999847412109375e+02 6.890863037109375000e+02 2.029999923706054688e+02
3.759999847412109375e+02 6.889450073242187500e+02 2.019999885559082031e+02
3.759999847412109375e+02 6.891814422607421875e+02 2.039999961853027344e+02
3.759999847412109375e+02 6.892176818847656250e+02 2.050000000000000000e+02
3.770000076293945312e+02 6.893784332275390625e+02 2.039999961853027344e+02
3.770000076293945312e+02 6.891722106933593750e+02 2.019999885559082031e+02
3.759999847412109375e+02 6.887584686279296875e+02 2.009999847412109375e+02
3.753037261962890625e+02 6.885599517822265625e+02 2.009999847412109375e+02
3.760844802856445312e+02 6.885646057128906250e+02 2.000941848754882812e+02
3.770000076293945312e+02 6.889985656738281250e+02 2.009999847412109375e+02
3.779999923706054688e+02 6.891789245605468750e+02 2.009999847412109375e+02
3.770000076293945312e+02 6.887675476074218750e+02 2.000000000000000000e+02
3.770000076293945312e+02 6.885684967041015625e+02 1.992823028564453125e+02
3.779999923706054688e+02 6.889627075195312500e+02 2.000000000000000000e+02
3.779667282104492188e+02 6.886609649658203125e+02 1.989394187927246094e+02
3.789999771118164062e+02 6.891030883789062500e+02 2.000000000000000000e+02
3.789999771118164062e+02 6.888368988037109375e+02 1.989999961853027344e+02
3.789999771118164062e+02 6.885923767089843750e+02 1.982511711120605469e+02
3.800000000000000000e+02 6.889401245117187500e+02 1.989999961853027344e+02
3.800000000000000000e+02 6.886462402343750000e+02 1.980898857116699219e+02
3.800000000000000000e+02 6.884655761718750000e+02 1.975898742675781250e+02
3.789999771118164062e+02 6.884024810791015625e+02 1.977511787414550781e+02
3.805987930297851562e+02 6.884967041015625000e+02 1.975090599060058594e+02
3.789999771118164062e+02 6.880841064453125000e+02 1.969999885559082031e+02
3.779667282104492188e+02 6.883425140380859375e+02 1.980344772338867188e+02
3.770000076293945312e+02 6.881121063232421875e+02 1.979999923706054688e+02
3.779999923706054688e+02 6.879145812988281250e+02 1.969999885559082031e+02
3.776111984252929688e+02 6.884784698486328125e+02 1.985656929016113281e+02
3.782778549194335938e+02 6.885412597656250000e+02 1.983907890319824219e+02
3.770000076293945312e+02 6.884052276611328125e+02 1.987823104858398438e+02
3.760844802856445312e+02 6.882622528076171875e+02 1.990864181518554688e+02
3.750000000000000000e+02 6.879096221923828125e+02 1.989999961853027344e+02
3.759999847412109375e+02 6.878437805175781250e+02 1.979999923706054688e+02
3.758074951171875000e+02 6.884093475341796875e+02 1.998236465454101562e+02
3.764741516113281250e+02 6.885074615478515625e+02 1.994773674011230469e+02
3.750948715209960938e+02 6.882688903808593750e+02 2.000941848754882812e+02
3.748036956787109375e+02 6.884037780761718750e+02 2.009999847412109375e+02
3.754914474487304688e+02 6.885026550292968750e+02 2.004903030395507812e+02
3.739999771118164062e+02 6.878646850585937500e+02 2.000000000000000000e+02
3.732967376708984375e+02 6.875856018066406250e+02 2.000000000000000000e+02
3.740545654296875000e+02 6.876109313964843750e+02 1.990756416320800781e+02
3.739999771118164062e+02 6.881114959716796875e+02 2.009999847412109375e+02
3.729570388793945312e+02 6.876879119873046875e+02 2.010050392150878906e+02
3.725951004028320312e+02 6.874584197998046875e+02 2.006750488281250000e+02
3.724250030517578125e+02 6.875362396240234375e+02 2.013417243957519531e+02
3.729999923706054688e+02 6.879096221923828125e+02 2.019999885559082031e+02
3.722932434082031250e+02 6.875997161865234375e+02 2.019999885559082031e+02
3.717932510375976562e+02 6.873539733886718750e+02 2.019999885559082031e+02
3.721380233764648438e+02 6.876764678955078125e+02 2.029999923706054688e+02
3.716379928588867188e+02 6.874303436279296875e+02 2.029999923706054688e+02
3.720521163940429688e+02 6.877233886718750000e+02 2.039999961853027344e+02
3.715521240234375000e+02 6.874729919433593750e+02 2.039999961853027344e+02
3.720247650146484375e+02 6.877411651611328125e+02 2.050000000000000000e+02
3.715247726440429688e+02 6.874868774414062500e+02 2.050000000000000000e+02
3.720282363891601562e+02 6.877397918701171875e+02 2.059999847412109375e+02
3.715282058715820312e+02 6.874850463867187500e+02 2.059999847412109375e+02
3.729999923706054688e+02 6.881964111328125000e+02 2.059999847412109375e+02
3.715710449218750000e+02 6.874630737304687500e+02 2.069999885559082031e+02
3.709999847412109375e+02 6.871876525878906250e+02 2.059999847412109375e+02
3.709999847412109375e+02 6.871913909912109375e+02 2.050000000000000000e+02
3.701671981811523438e+02 6.867026519775390625e+02 2.059999847412109375e+02
3.709999847412109375e+02 6.871449279785156250e+02 2.069999885559082031e+02
3.702003479003906250e+02 6.866818237304687500e+02 2.069999885559082031e+02
3.709999847412109375e+02 6.870416259765625000e+02 2.079999923706054688e+02
3.702804565429687500e+02 6.866323852539062500e+02 2.079999923706054688e+02
3.709999847412109375e+02 6.868856811523437500e+02 2.089999961853027344e+02
3.709580230712890625e+02 6.866928863525390625e+02 2.099304008483886719e+02
3.704044342041015625e+02 6.865572357177734375e+02 2.089999961853027344e+02
3.699044418334960938e+02 6.862545776367187500e+02 2.089999961853027344e+02
3.704845809936523438e+02 6.865091705322265625e+02 2.095506858825683594e+02
3.700907516479492188e+02 6.862045288085937500e+02 2.099304008483886719e+02
3.700000000000000000e+02 6.859415435791015625e+02 2.109999847412109375e+02
3.705967330932617188e+02 6.864474487304687500e+02 2.102173423767089844e+02
3.692304611206054688e+02 6.856700897216796875e+02 2.100000000000000000e+02
3.691008377075195312e+02 6.857545471191406250e+02 2.089999961853027344e+02
3.693808746337890625e+02 6.855751037597656250e+02 2.109999847412109375e+02
3.687304687500000000e+02 6.853503417968750000e+02 2.100000000000000000e+02
3.679275894165039062e+02 6.847973632812500000e+02 2.099932479858398438e+02
3.686008453369140625e+02 6.854339599609375000e+02 2.089999961853027344e+02
3.688808822631835938e+02 6.852529907226562500e+02 2.109999847412109375e+02
3.690856170654296875e+02 6.851554107666015625e+02 2.119330215454101562e+02
3.681459045410156250e+02 6.847530364990234375e+02 2.109999847412109375e+02
3.683206939697265625e+02 6.846290588378906250e+02 2.119999885559082031e+02
3.676459121704101562e+02 6.843914031982421875e+02 2.109999847412109375e+02
3.669355010986328125e+02 6.838328552246093750e+02 2.109809494018554688e+02
3.675459671020507812e+02 6.844657135009765625e+02 2.103220748901367188e+02
3.678207015991210938e+02 6.842601013183593750e+02 2.119999885559082031e+02
3.680673980712890625e+02 6.841395568847656250e+02 2.129727363586425781e+02
3.671812820434570312e+02 6.837600708007812500e+02 2.119999885559082031e+02
3.666812896728515625e+02 6.833438873291015625e+02 2.119999885559082031e+02
3.673747253417968750e+02 6.836030578613281250e+02 2.129999923706054688e+02
3.668746948242187500e+02 6.831773376464843750e+02 2.129999923706054688e+02
3.674837493896484375e+02 6.835134124755859375e+02 2.135337066650390625e+02
3.670383453369140625e+02 6.829674530029296875e+02 2.139218139648437500e+02
3.679932403564453125e+02 6.837456512451171875e+02 2.139202117919921875e+02
3.683220672607421875e+02 6.836342620849609375e+02 2.147752189636230469e+02
3.688035964965820312e+02 6.842970275878906250e+02 2.139999961853027344e+02
3.676553726196289062e+02 6.833746337890625000e+02 2.142003631591796875e+02
3.679932403564453125e+02 6.832280731201171875e+02 2.150651168823242188e+02
3.672888183593750000e+02 6.826829528808593750e+02 2.150000000000000000e+02
3.680260848999023438e+02 6.827637481689453125e+02 2.159343910217285156e+02
3.685428237915039062e+02 6.834694671630859375e+02 2.154418754577636719e+02
3.687805557250976562e+02 6.833026885986328125e+02 2.159999847412109375e+02
3.690042495727539062e+02 6.839969635009765625e+02 2.149943542480468750e+02
3.692805480957031250e+02 6.836458587646484375e+02 2.159999847412109375e+02
3.694656753540039062e+02 6.845221710205078125e+02 2.145468521118164062e+02
3.697390365600585938e+02 6.843597412109375000e+02 2.152135086059570312e+02
3.700434112548828125e+02 6.841352844238281250e+02 2.159580993652343750e+02
3.700434112548828125e+02 6.846714019775390625e+02 2.149281120300292969e+02
3.700942230224609375e+02 6.851273345947265625e+02 2.139086151123046875e+02
3.704056930541992188e+02 6.845535278320312500e+02 2.155968284606933594e+02
3.710480117797851562e+02 6.851888275146484375e+02 2.149546051025390625e+02
3.707466888427734375e+02 6.853767395019531250e+02 2.141810417175292969e+02
3.710577011108398438e+02 6.846839141845703125e+02 2.159580993652343750e+02
3.707628250122070312e+02 6.843643188476562500e+02 2.162635040283203125e+02
3.714294815063476562e+02 6.845352172851562500e+02 2.165527915954589844e+02
3.709948348999023438e+02 6.840018463134765625e+02 2.170040321350097656e+02
3.720000076293945312e+02 6.846566772460937500e+02 2.167323684692382812e+02
3.720000076293945312e+02 6.843135070800781250e+02 2.172323608398437500e+02
3.720686340332031250e+02 6.837642669677734375e+02 2.180079650878906250e+02
3.726440811157226562e+02 6.844453430175781250e+02 2.174236869812011719e+02
3.712268829345703125e+02 6.836393737792968750e+02 2.176799392700195312e+02
3.717810440063476562e+02 6.833745574951171875e+02 2.183465957641601562e+02
3.724477005004882812e+02 6.835225677490234375e+02 2.185263252258300781e+02
3.709361267089843750e+02 6.832240295410156250e+02 2.180079650878906250e+02
3.700690841674804688e+02 6.827571868896484375e+02 2.179714775085449219e+02
3.709999847412109375e+02 6.826798248291015625e+02 2.187054252624511719e+02
3.705601882934570312e+02 6.834669494628906250e+02 2.174552726745605469e+02
3.700000000000000000e+02 6.832975769042968750e+02 2.172179794311523438e+02
3.690963363647460938e+02 6.829319763183593750e+02 2.169053840637207031e+02
3.700000000000000000e+02 6.836492919921875000e+02 2.167179870605468750e+02
3.694979095458984375e+02 6.835014343261718750e+02 2.165020370483398438e+02
3.683767700195312500e+02 6.826007843017578125e+02 2.166420936584472656e+02
3.686947631835937500e+02 6.823545074462890625e+02 2.173087501525878906e+02
3.693614196777343750e+02 6.825965881347656250e+02 2.176191329956054688e+02
3.689930343627929688e+02 6.820022583007812500e+02 2.180052375793457031e+02
3.686246109008789062e+02 6.813983154296875000e+02 2.183913230895996094e+02
3.682835006713867188e+02 6.816878509521484375e+02 2.177246475219726562e+02
3.692912673950195312e+02 6.816500091552734375e+02 2.186619567871093750e+02
3.697817993164062500e+02 6.823166656494140625e+02 2.182858085632324219e+02
3.700946426391601562e+02 6.819388580322265625e+02 2.189325714111328125e+02
3.697408294677734375e+02 6.813254547119140625e+02 2.193286323547363281e+02
3.704074859619140625e+02 6.815609741210937500e+02 2.195606613159179688e+02
3.704484558105468750e+02 6.825318908691406250e+02 2.185365295410156250e+02
3.709999847412109375e+02 6.822282409667968750e+02 2.192054176330566406e+02
3.709999847412109375e+02 6.817282104492187500e+02 2.197270965576171875e+02
3.716919708251953125e+02 6.824099731445312500e+02 2.194040298461914062e+02
3.709999847412109375e+02 6.812010192871093750e+02 2.202271080017089844e+02
3.700973510742187500e+02 6.809294891357421875e+02 2.199354743957519531e+02
3.693002319335937500e+02 6.806587982177734375e+02 2.196436309814453125e+02
3.704538726806640625e+02 6.805335235595703125e+02 2.205289840698242188e+02
3.697872161865234375e+02 6.802756500244140625e+02 2.203103065490722656e+02
3.690043258666992188e+02 6.799953460693359375e+02 2.199937629699707031e+02
3.700723266601562500e+02 6.799654388427734375e+02 2.207477760314941406e+02
3.709402847290039062e+02 6.800054168701171875e+02 2.212175369262695312e+02
3.693750762939453125e+02 6.796089935302734375e+02 2.205875587463378906e+02
3.699111557006835938e+02 6.790693664550781250e+02 2.213231086730957031e+02
3.690250396728515625e+02 6.789736938476562500e+02 2.207965278625488281e+02
3.695186233520507812e+02 6.784819030761718750e+02 2.214878654479980469e+02
3.701852798461914062e+02 6.787821960449218750e+02 2.216919517517089844e+02
3.705671691894531250e+02 6.794488525390625000e+02 2.214630699157714844e+02
3.709981536865234375e+02 6.790013885498046875e+02 2.219977569580078125e+02
3.707624435424804688e+02 6.782810974121093750e+02 2.223586273193359375e+02
3.714291000366210938e+02 6.785539245605468750e+02 2.225366592407226562e+02
3.712338256835937500e+02 6.796756744384765625e+02 2.216369056701660156e+02
3.720000076293945312e+02 6.792376708984375000e+02 2.223145484924316406e+02
3.699503707885742188e+02 6.780481719970703125e+02 2.220282554626464844e+02
3.697154235839843750e+02 6.772600555419921875e+02 2.223645591735839844e+02
3.703820800781250000e+02 6.776144409179687500e+02 2.225706100463867188e+02
3.692100524902343750e+02 6.778152465820312500e+02 2.216978836059570312e+02
3.689837265014648438e+02 6.770196533203125000e+02 2.220091247558593750e+02
3.689260482788085938e+02 6.780891418457031250e+02 2.213250541687011719e+02
3.680375671386718750e+02 6.779254150390625000e+02 2.207490730285644531e+02
3.685433959960937500e+02 6.774459075927734375e+02 2.214684486389160156e+02
3.679821777343750000e+02 6.770675659179687500e+02 2.212290382385253906e+02
3.672970199584960938e+02 6.770000457763671875e+02 2.206849670410156250e+02
3.676369476318359375e+02 6.762887573242187500e+02 2.213854026794433594e+02
3.683036041259765625e+02 6.767792510986328125e+02 2.216537094116210938e+02
3.679821777343750000e+02 6.759732818603515625e+02 2.218244743347167969e+02
3.674266815185546875e+02 6.756221008300781250e+02 2.215628433227539062e+02
3.679887390136718750e+02 6.750887298583984375e+02 2.222601509094238281e+02
3.676478576660156250e+02 6.742437744140625000e+02 2.223798370361328125e+02
3.672594833374023438e+02 6.750000000000000000e+02 2.217070007324218750e+02
3.670223999023437500e+02 6.739584350585937500e+02 2.219795417785644531e+02
3.667594909667968750e+02 6.750000000000000000e+02 2.212628364562988281e+02
3.662379455566406250e+02 6.750000000000000000e+02 2.207628250122070312e+02
3.665859603881835938e+02 6.743397521972656250e+02 2.214210510253906250e+02
3.670101547241210938e+02 6.759822082519531250e+02 2.209907150268554688e+02
3.665936279296875000e+02 6.763423156738281250e+02 2.204080390930175781e+02
3.664034652709960938e+02 6.756755828857421875e+02 2.205960464477539062e+02
3.660052871704101562e+02 6.759894561767578125e+02 2.199940681457519531e+02
3.657379531860351562e+02 6.750000000000000000e+02 2.202448272705078125e+02
3.654300689697265625e+02 6.756366729736328125e+02 2.195800971984863281e+02
3.656071472167968750e+02 6.763033294677734375e+02 2.193781661987304688e+02
3.663019561767578125e+02 6.770000457763671875e+02 2.197112083435058594e+02
3.664621353149414062e+02 6.775582885742187500e+02 2.195402336120605469e+02
3.667970275878906250e+02 6.770000457763671875e+02 2.202112007141113281e+02
3.657446289062500000e+02 6.770947265625000000e+02 2.190268898010253906e+02
3.653251266479492188e+02 6.768245697021484375e+02 2.187114906311035156e+02
3.655051040649414062e+02 6.774912261962890625e+02 2.184937667846679688e+02
3.662128448486328125e+02 6.779350280761718750e+02 2.189775276184082031e+02
3.656694412231445312e+02 6.780000305175781250e+02 2.182922935485839844e+02
3.663874435424804688e+02 6.786618804931640625e+02 2.186292076110839844e+02
3.666952514648437500e+02 6.782249450683593750e+02 2.192958831787109375e+02
3.670821762084960938e+02 6.778836822509765625e+02 2.199192237854003906e+02
3.669971084594726562e+02 6.790041351318359375e+02 2.190024757385253906e+02
3.666323471069335938e+02 6.793285369873046875e+02 2.183515739440917969e+02
3.673619079589843750e+02 6.786796569824218750e+02 2.196315574645996094e+02
3.672990036010742188e+02 6.797318267822265625e+02 2.187090873718261719e+02
3.676290512084960938e+02 6.793463134765625000e+02 2.193757629394531250e+02
3.680125045776367188e+02 6.789845275878906250e+02 2.199877166748046875e+02
3.679455184936523438e+02 6.800567626953125000e+02 2.190510177612304688e+02
3.675952911376953125e+02 6.803984832763671875e+02 2.184000587463378906e+02
3.682957077026367188e+02 6.797150421142578125e+02 2.196772193908691406e+02
3.682619476318359375e+02 6.807316589355468750e+02 2.187262725830078125e+02
3.686335372924804688e+02 6.803816986083984375e+02 2.193929481506347656e+02
3.689624023437500000e+02 6.810285949707031250e+02 2.190274620056152344e+02
3.679393768310546875e+02 6.810585784912109375e+02 2.180623626708984375e+02
3.672917556762695312e+02 6.807187652587890625e+02 2.177334022521972656e+02
3.676168441772460938e+02 6.813854217529296875e+02 2.173641967773437500e+02
3.669847106933593750e+02 6.810165405273437500e+02 2.170212936401367188e+02
3.679968261718750000e+02 6.820013427734375000e+02 2.170031356811523438e+02
3.677101135253906250e+02 6.823148345947265625e+02 2.162239837646484375e+02
3.673443603515625000e+02 6.816481781005859375e+02 2.166975212097167969e+02
3.670682525634765625e+02 6.819370269775390625e+02 2.159050178527832031e+02
3.666777038574218750e+02 6.813143920898437500e+02 2.162527275085449219e+02
3.667888259887695312e+02 6.822293090820312500e+02 2.150000000000000000e+02
3.674588394165039062e+02 6.825360107421875000e+02 2.155573081970214844e+02
3.664428329467773438e+02 6.815591430664062500e+02 2.155860519409179688e+02
3.660730743408203125e+02 6.809181213378906250e+02 2.158907699584960938e+02
3.662751770019531250e+02 6.817293548583984375e+02 2.150000000000000000e+02
3.660134124755859375e+02 6.819891357421875000e+02 2.139748764038085938e+02
3.657751846313476562e+02 6.811917114257812500e+02 2.150000000000000000e+02
3.653385162353515625e+02 6.806916809082031250e+02 2.150000000000000000e+02
3.655907058715820312e+02 6.814004516601562500e+02 2.143065071105957031e+02
3.650377273559570312e+02 6.809570312500000000e+02 2.139162254333496094e+02
3.648191833496093750e+02 6.811263275146484375e+02 2.129999923706054688e+02
3.654391479492187500e+02 6.815648651123046875e+02 2.136398315429687500e+02
3.644888305664062500e+02 6.805135345458984375e+02 2.135259437561035156e+02
3.646363067626953125e+02 6.803215026855468750e+02 2.141926002502441406e+02
3.648094177246093750e+02 6.799929046630859375e+02 2.150298309326171875e+02
3.642721176147460938e+02 6.799929046630859375e+02 2.139155578613281250e+02
3.638631820678710938e+02 6.799305725097656250e+02 2.129649353027343750e+02
3.643872451782226562e+02 6.796548461914062500e+02 2.147163963317871094e+02
3.636890029907226562e+02 6.790253448486328125e+02 2.140770912170410156e+02
3.633769226074218750e+02 6.787088775634765625e+02 2.137951469421386719e+02
3.635169219970703125e+02 6.784700012207031250e+02 2.144618225097656250e+02
3.635774993896484375e+02 6.793755340576171875e+02 2.132748985290527344e+02
3.641557693481445312e+02 6.790409088134765625e+02 2.150298309326171875e+02
3.643554687500000000e+02 6.787347412109375000e+02 2.157421684265136719e+02
3.645643615722656250e+02 6.794014739990234375e+02 2.153830718994140625e+02
3.636241912841796875e+02 6.780820465087890625e+02 2.150984954833984375e+02
3.635012817382812500e+02 6.774974822998046875e+02 2.154975128173828125e+02
3.633393859863281250e+02 6.778033447265625000e+02 2.148308372497558594e+02
3.641308212280273438e+02 6.780437469482421875e+02 2.160453033447265625e+02
3.636348724365234375e+02 6.770984649658203125e+02 2.160700416564941406e+02
3.645576858520507812e+02 6.784062957763671875e+02 2.164088439941406250e+02
3.643612670898437500e+02 6.777395629882812500e+02 2.167125892639160156e+02
3.647552490234375000e+02 6.780437469482421875e+02 2.170275497436523438e+02
3.641794967651367188e+02 6.770070648193359375e+02 2.170275497436523438e+02
3.637189483642578125e+02 6.760606384277343750e+02 2.170110511779785156e+02
3.644089889526367188e+02 6.766784667968750000e+02 2.176254081726074219e+02
3.645832443237304688e+02 6.773451232910156250e+02 2.173792457580566406e+02
3.649541854858398438e+02 6.770848083496093750e+02 2.180595779418945312e+02
3.646584701538085938e+02 6.761834716796875000e+02 2.182920837402343750e+02
3.652757644653320312e+02 6.780000305175781250e+02 2.177923011779785156e+02
3.654511260986328125e+02 6.785737609863281250e+02 2.175626373291015625e+02
3.652680969238281250e+02 6.789442443847656250e+02 2.169528388977050781e+02
3.660350418090820312e+02 6.789511871337890625e+02 2.179571151733398438e+02
3.656826019287109375e+02 6.792404174804687500e+02 2.172547531127929688e+02
3.663492965698242188e+02 6.796906280517578125e+02 2.176849174499511719e+02
3.669620513916015625e+02 6.800445556640625000e+02 2.180424880981445312e+02
3.660263061523437500e+02 6.799693298339843750e+02 2.169665718078613281e+02
3.654380035400390625e+02 6.795813751220703125e+02 2.165880775451660156e+02
3.657033157348632812e+02 6.802480316162109375e+02 2.161954879760742188e+02
3.666250991821289062e+02 6.803572845458984375e+02 2.173450851440429688e+02
3.663699722290039062e+02 6.806476593017578125e+02 2.166784095764160156e+02
3.652904510498046875e+02 6.799488067626953125e+02 2.159173011779785156e+02
3.647360610961914062e+02 6.790409088134765625e+02 2.160453033447265625e+02
3.654817199707031250e+02 6.805218505859375000e+02 2.155288314819335938e+02
3.650442886352539062e+02 6.759100341796875000e+02 2.189442253112792969e+02
3.642967224121093750e+02 6.759101104736328125e+02 2.179752540588378906e+02
3.638648605346679688e+02 6.749580383300781250e+02 2.179335403442382812e+02
3.644918823242187500e+02 6.755168151855468750e+02 2.185102653503417969e+02
3.643857955932617188e+02 6.750000000000000000e+02 2.186473846435546875e+02
3.647878265380859375e+02 6.750000000000000000e+02 2.191473770141601562e+02
3.642382812500000000e+02 6.739330291748046875e+02 2.190117454528808594e+02
3.638414001464843750e+02 6.729817199707031250e+02 2.189366912841796875e+02
3.636898803710937500e+02 6.740000152587890625e+02 2.182192230224609375e+02
3.644773101806640625e+02 6.735550689697265625e+02 2.195279121398925781e+02
3.646203613281250000e+02 6.742217254638671875e+02 2.193528938293457031e+02
3.650225830078125000e+02 6.739445495605468750e+02 2.199704551696777344e+02
3.647922897338867188e+02 6.730000305175781250e+02 2.201522064208984375e+02
3.654248046875000000e+02 6.736673736572265625e+02 2.205811500549316406e+02
3.652878570556640625e+02 6.750000000000000000e+02 2.197448158264160156e+02
3.655804443359375000e+02 6.743340301513671875e+02 2.204129791259765625e+02
3.659983062744140625e+02 6.740035247802734375e+02 2.210010910034179688e+02
3.657713699340820312e+02 6.730000305175781250e+02 2.212253761291503906e+02
3.664161682128906250e+02 6.736730957031250000e+02 2.215792465209960938e+02
3.662713623046875000e+02 6.730000305175781250e+02 2.217174339294433594e+02
3.660554122924804688e+02 6.718556213378906250e+02 2.219463157653808594e+02
3.668246841430664062e+02 6.730000305175781250e+02 2.222174263000488281e+02
3.673246765136718750e+02 6.730000305175781250e+02 2.226456451416015625e+02
3.666407775878906250e+02 6.721703338623046875e+02 2.223773193359375000e+02
3.669844436645507812e+02 6.719022369384765625e+02 2.227610397338867188e+02
3.670761489868164062e+02 6.709710693359375000e+02 2.231217193603515625e+02
3.664985275268554688e+02 6.715036773681640625e+02 2.225013160705566406e+02
3.677305221557617188e+02 6.720000457763671875e+02 2.233253097534179688e+02
3.675783538818359375e+02 6.712850952148437500e+02 2.234407234191894531e+02
3.682305145263671875e+02 6.720000457763671875e+02 2.236951828002929688e+02
3.680374145507812500e+02 6.730253601074218750e+02 2.231878852844238281e+02
3.683956909179687500e+02 6.727088928222656250e+02 2.235762023925781250e+02
3.679887390136718750e+02 6.739462280273437500e+02 2.227771377563476562e+02
3.685689544677734375e+02 6.733755493164062500e+02 2.234522438049316406e+02
3.689413833618164062e+02 6.730253601074218750e+02 2.238278007507324219e+02
3.697380065917968750e+02 6.730000305175781250e+02 2.243525886535644531e+02
3.690359878540039062e+02 6.720314025878906250e+02 2.242335510253906250e+02
3.687416076660156250e+02 6.710000610351562500e+02 2.243412399291992188e+02
3.693933486938476562e+02 6.717189788818359375e+02 2.245682525634765625e+02
3.695603561401367188e+02 6.723856353759765625e+02 2.244623374938964844e+02
3.699362182617187500e+02 6.720314025878906250e+02 2.247931289672851562e+02
3.700926971435546875e+02 6.709172821044921875e+02 2.251861763000488281e+02
3.709876632690429688e+02 6.720943450927734375e+02 2.253504562377929688e+02
3.702380371093750000e+02 6.730000305175781250e+02 2.246550941467285156e+02
3.706460952758789062e+02 6.711953735351562500e+02 2.254258728027343750e+02
3.713127517700195312e+02 6.718238830566406250e+02 2.255912399291992188e+02
3.715063095092773438e+02 6.724905395507812500e+02 2.254971694946289062e+02
3.709876632690429688e+02 6.709172821044921875e+02 2.256600570678710938e+02
3.709999847412109375e+02 6.700000000000000000e+02 2.258492851257324219e+02
3.704878616333007812e+02 6.705287170410156250e+02 2.255067443847656250e+02
3.720000076293945312e+02 6.710000610351562500e+02 2.261020278930664062e+02
3.720521545410156250e+02 6.700214385986328125e+02 2.263224601745605469e+02
3.718074417114257812e+02 6.690000152587890625e+02 2.263675308227539062e+02
3.724202346801757812e+02 6.697023773193359375e+02 2.265331268310546875e+02
3.725640487670898438e+02 6.703690338134765625e+02 2.264775657653808594e+02
3.729384231567382812e+02 6.700214385986328125e+02 2.266583824157714844e+02
3.729999923706054688e+02 6.690000152587890625e+02 2.268180847167968750e+02
3.732593154907226562e+02 6.710000610351562500e+02 2.265809631347656250e+02
3.739999771118164062e+02 6.700000000000000000e+02 2.269864273071289062e+02
3.739999771118164062e+02 6.690000152587890625e+02 2.271160507202148438e+02
3.750000000000000000e+02 6.700000000000000000e+02 2.272441482543945312e+02
3.750562286376953125e+02 6.689962005615234375e+02 2.273905944824218750e+02
3.750000000000000000e+02 6.710000610351562500e+02 2.270612907409667969e+02
3.759525299072265625e+02 6.700920104980468750e+02 2.274433135986328125e+02
3.755875778198242188e+02 6.693269348144531250e+02 2.274804687500000000e+02
3.754270935058593750e+02 6.686602783203125000e+02 2.275173187255859375e+02
3.748259353637695312e+02 6.680000305175781250e+02 2.274208641052246094e+02
3.739999771118164062e+02 6.680000305175781250e+02 2.272059249877929688e+02
3.747335815429687500e+02 6.670000457763671875e+02 2.274444198608398438e+02
3.753259277343750000e+02 6.680000305175781250e+02 2.275405120849609375e+02
3.752335739135742188e+02 6.670000457763671875e+02 2.275609397888183594e+02
3.752126693725585938e+02 6.660000610351562500e+02 2.275642204284667969e+02
3.759999847412109375e+02 6.670000457763671875e+02 2.277397537231445312e+02
3.759999847412109375e+02 6.660000610351562500e+02 2.277408409118652344e+02
3.759999847412109375e+02 6.650000000000000000e+02 2.276945304870605469e+02
3.770000076293945312e+02 6.660000610351562500e+02 2.279269218444824219e+02
3.770000076293945312e+02 6.650000000000000000e+02 2.278635215759277344e+02
3.770000076293945312e+02 6.640000152587890625e+02 2.277482223510742188e+02
3.779999923706054688e+02 6.650000000000000000e+02 2.279879760742187500e+02
3.779999923706054688e+02 6.640000152587890625e+02 2.278610420227050781e+02
3.779999923706054688e+02 6.630000305175781250e+02 2.276778602600097656e+02
3.789999771118164062e+02 6.640000152587890625e+02 2.279429054260253906e+02
3.789999771118164062e+02 6.630000305175781250e+02 2.277423667907714844e+02
3.789999771118164062e+02 6.622472381591796875e+02 2.275622367858886719e+02
3.779999923706054688e+02 6.623527526855468750e+02 2.275347900390625000e+02
3.789999771118164062e+02 6.617472076416015625e+02 2.274372863769531250e+02
3.800000000000000000e+02 6.622279357910156250e+02 2.275692367553710938e+02
3.800000000000000000e+02 6.617279052734375000e+02 2.274398994445800781e+02
3.800000000000000000e+02 6.610000610351562500e+02 2.272165870666503906e+02
3.789999771118164062e+02 6.610000610351562500e+02 2.272139739990234375e+02
3.800000000000000000e+02 6.600000000000000000e+02 2.268914031982421875e+02
3.789999771118164062e+02 6.600000000000000000e+02 2.268938446044921875e+02
3.800000000000000000e+02 6.592362976074218750e+02 2.266147232055664062e+02
3.789999771118164062e+02 6.592292785644531250e+02 2.266171646118164062e+02
3.800000000000000000e+02 6.587362670898437500e+02 2.263929557800292969e+02
3.809999847412109375e+02 6.592881774902343750e+02 2.265923500061035156e+02
3.809999847412109375e+02 6.587881469726562500e+02 2.263698768615722656e+02
3.809999847412109375e+02 6.580000305175781250e+02 2.259919548034667969e+02
3.800000000000000000e+02 6.580000305175781250e+02 2.260430908203125000e+02
3.809999847412109375e+02 6.572793579101562500e+02 2.256220626831054688e+02
3.800000000000000000e+02 6.572225189208984375e+02 2.256501388549804688e+02
3.800000000000000000e+02 6.567225646972656250e+02 2.253755950927734375e+02
3.789999771118164062e+02 6.571965026855468750e+02 2.256595993041992188e+02
3.779999923706054688e+02 6.572165679931640625e+02 2.256461715698242188e+02
3.789999771118164062e+02 6.566964721679687500e+02 2.253935432434082031e+02
3.789999771118164062e+02 6.580000305175781250e+02 2.260562324523925781e+02
3.789999771118164062e+02 6.587293243408203125e+02 2.263966369628906250e+02
3.779999923706054688e+02 6.580000305175781250e+02 2.260247421264648438e+02
3.770000076293945312e+02 6.580000305175781250e+02 2.259534454345703125e+02
3.779999923706054688e+02 6.587720489501953125e+02 2.263785743713378906e+02
3.770000076293945312e+02 6.588669586181640625e+02 2.263408470153808594e+02
3.779999923706054688e+02 6.592720794677734375e+02 2.265982055664062500e+02
3.770000076293945312e+02 6.593669128417968750e+02 2.265565109252929688e+02
3.779999923706054688e+02 6.600000000000000000e+02 2.268576049804687500e+02
3.779999923706054688e+02 6.610000610351562500e+02 2.271742820739746094e+02
3.770000076293945312e+02 6.600000000000000000e+02 2.267779159545898438e+02
3.760102844238281250e+02 6.599467468261718750e+02 2.266442871093750000e+02
3.770000076293945312e+02 6.610000610351562500e+02 2.270918846130371094e+02
3.759999847412109375e+02 6.610000610351562500e+02 2.269718933105468750e+02
3.770434570312500000e+02 6.620745849609375000e+02 2.273808288574218750e+02
3.759999847412109375e+02 6.620000457763671875e+02 2.272276306152343750e+02
3.767390823364257812e+02 6.626296234130859375e+02 2.274740791320800781e+02
3.774057769775390625e+02 6.624575805664062500e+02 2.275098037719726562e+02
3.779999923706054688e+02 6.618527984619140625e+02 2.274148559570312500e+02
3.770434570312500000e+02 6.629778289794921875e+02 2.275766563415527344e+02
3.762849044799804688e+02 6.632963562011718750e+02 2.275390243530273438e+02
3.759709548950195312e+02 6.629778289794921875e+02 2.274225425720214844e+02
3.759709548950195312e+02 6.640051269531250000e+02 2.275865173339843750e+02
3.754051208496093750e+02 6.643418121337890625e+02 2.275194168090820312e+02
3.756182479858398438e+02 6.636751556396484375e+02 2.274775695800781250e+02
3.750430679321289062e+02 6.640051269531250000e+02 2.274029731750488281e+02
3.750000000000000000e+02 6.630000305175781250e+02 2.272501182556152344e+02
3.747885131835937500e+02 6.650000000000000000e+02 2.274370193481445312e+02
3.739999771118164062e+02 6.640000152587890625e+02 2.271641159057617188e+02
3.729999923706054688e+02 6.640000152587890625e+02 2.268915557861328125e+02
3.739999771118164062e+02 6.630000305175781250e+02 2.270311927795410156e+02
3.739999771118164062e+02 6.650000000000000000e+02 2.272458839416503906e+02
3.729999923706054688e+02 6.650000000000000000e+02 2.269710731506347656e+02
3.739999771118164062e+02 6.660000610351562500e+02 2.272718429565429688e+02
3.739999771118164062e+02 6.670000457763671875e+02 2.272576332092285156e+02
3.747126770019531250e+02 6.660000610351562500e+02 2.274505805969238281e+02
3.729999923706054688e+02 6.660000610351562500e+02 2.269951629638671875e+02
3.720806121826171875e+02 6.660000610351562500e+02 2.266739082336425781e+02
3.729999923706054688e+02 6.670000457763671875e+02 2.269789505004882812e+02
3.720993041992187500e+02 6.670000457763671875e+02 2.266657447814941406e+02
3.729999923706054688e+02 6.680000305175781250e+02 2.269189071655273438e+02
3.721762084960937500e+02 6.680000305175781250e+02 2.266338539123535156e+02
3.716762161254882812e+02 6.680000305175781250e+02 2.264236068725585938e+02
3.723074340820312500e+02 6.690000152587890625e+02 2.265799140930175781e+02
3.715992736816406250e+02 6.670000457763671875e+02 2.264566802978515625e+02
3.709999847412109375e+02 6.680000305175781250e+02 2.261105155944824219e+02
3.701531982421875000e+02 6.680000305175781250e+02 2.256868934631347656e+02
3.709999847412109375e+02 6.670000457763671875e+02 2.261782073974609375e+02
3.709999847412109375e+02 6.690000152587890625e+02 2.259978103637695312e+02
3.702588272094726562e+02 6.690000152587890625e+02 2.256302642822265625e+02
3.697588348388671875e+02 6.690000152587890625e+02 2.253547859191894531e+02
3.704000854492187500e+02 6.700000000000000000e+02 2.255543899536132812e+02
3.699000549316406250e+02 6.700000000000000000e+02 2.252726745605468750e+02
3.689572906494140625e+02 6.699242401123046875e+02 2.247231101989746094e+02
3.685954666137695312e+02 6.702070617675781250e+02 2.244376182556152344e+02
3.689999771118164062e+02 6.690000152587890625e+02 2.249038696289062500e+02
3.692416000366210938e+02 6.710000610351562500e+02 2.246632957458496094e+02
3.684881591796875000e+02 6.695404052734375000e+02 2.245082855224609375e+02
3.684300613403320312e+02 6.690000152587890625e+02 2.245490646362304688e+02
3.680928802490234375e+02 6.699242401123046875e+02 2.241431045532226562e+02
3.673719024658203125e+02 6.700000000000000000e+02 2.236006546020507812e+02
3.679300689697265625e+02 6.690000152587890625e+02 2.241909980773925781e+02
3.679470062255859375e+02 6.709710693359375000e+02 2.237917900085449219e+02
3.674602890014648438e+02 6.706184387207031250e+02 2.235313034057617188e+02
3.678394699096679688e+02 6.680000305175781250e+02 2.242547988891601562e+02
3.672568130493164062e+02 6.690000152587890625e+02 2.236910057067871094e+02
3.671760559082031250e+02 6.680000305175781250e+02 2.237548065185546875e+02
3.667568206787109375e+02 6.690000152587890625e+02 2.232909774780273438e+02
3.666760253906250000e+02 6.680000305175781250e+02 2.233563613891601562e+02
3.661833572387695312e+02 6.690000152587890625e+02 2.227909851074218750e+02
3.668719100952148438e+02 6.700000000000000000e+02 2.231973266601562500e+02
3.662834548950195312e+02 6.700000000000000000e+02 2.226973152160644531e+02
3.664212036132812500e+02 6.710000610351562500e+02 2.225716209411621094e+02
3.657834625244140625e+02 6.700000000000000000e+02 2.222246932983398438e+02
3.656833648681640625e+02 6.690000152587890625e+02 2.223207283020019531e+02
3.652832794189453125e+02 6.700000000000000000e+02 2.217247009277343750e+02
3.659212112426757812e+02 6.710000610351562500e+02 2.220944404602050781e+02
3.654084014892578125e+02 6.710000610351562500e+02 2.215944480895996094e+02
3.648395919799804688e+02 6.710490417480468750e+02 2.209436607360839844e+02
3.654850387573242188e+02 6.715409088134765625e+02 2.215152931213378906e+02
3.651828765869140625e+02 6.719245147705078125e+02 2.210316085815429688e+02
3.646147918701171875e+02 6.720000457763671875e+02 2.203614044189453125e+02
3.656122970581054688e+02 6.722075653076171875e+02 2.213860130310058594e+02
3.652922821044921875e+02 6.730000305175781250e+02 2.207253837585449219e+02
3.642184066772460938e+02 6.720000457763671875e+02 2.198614120483398438e+02
3.645214843750000000e+02 6.714151000976562500e+02 2.204735183715820312e+02
3.641374969482421875e+02 6.710490417480468750e+02 2.200840950012207031e+02
3.638070297241210938e+02 6.700083923339843750e+02 2.199242019653320312e+02
3.635915374755859375e+02 6.710000610351562500e+02 2.193655967712402344e+02
3.644404220581054688e+02 6.707484436035156250e+02 2.205727767944335938e+02
3.643648529052734375e+02 6.700000000000000000e+02 2.206691741943359375e+02
3.642916488647460938e+02 6.690000152587890625e+02 2.207676887512207031e+02
3.647832870483398438e+02 6.700000000000000000e+02 2.211691856384277344e+02
3.646927261352539062e+02 6.690000152587890625e+02 2.212677001953125000e+02
3.646313858032226562e+02 6.680000305175781250e+02 2.213376426696777344e+02
3.651927566528320312e+02 6.690000152587890625e+02 2.218207359313964844e+02
3.651313781738281250e+02 6.680000305175781250e+02 2.218861007690429688e+02
3.650939941406250000e+02 6.670000457763671875e+02 2.219272613525390625e+02
3.656157302856445312e+02 6.680000305175781250e+02 2.223861122131347656e+02
3.655735397338867188e+02 6.670000457763671875e+02 2.224272537231445312e+02
3.661157226562500000e+02 6.680000305175781250e+02 2.228563690185546875e+02
3.660735321044921875e+02 6.670000457763671875e+02 2.228976058959960938e+02
3.660634613037109375e+02 6.660000610351562500e+02 2.229092216491699219e+02
3.666252899169921875e+02 6.670000457763671875e+02 2.233976173400878906e+02
3.666104125976562500e+02 6.660000610351562500e+02 2.234092140197753906e+02
3.671252822875976562e+02 6.670000457763671875e+02 2.237949180603027344e+02
3.671104431152343750e+02 6.660000610351562500e+02 2.238078689575195312e+02
3.677833938598632812e+02 6.670000457763671875e+02 2.242949104309082031e+02
3.677656936645507812e+02 6.660000610351562500e+02 2.243078613281250000e+02
3.682833862304687500e+02 6.670000457763671875e+02 2.246518135070800781e+02
3.682656860351562500e+02 6.660000610351562500e+02 2.246637535095214844e+02
3.683394622802734375e+02 6.680000305175781250e+02 2.246127891540527344e+02
3.689999771118164062e+02 6.670000457763671875e+02 2.251019096374511719e+02
3.689999771118164062e+02 6.660000610351562500e+02 2.251241302490234375e+02
3.689999771118164062e+02 6.680000305175781250e+02 2.250269126892089844e+02
3.695889282226562500e+02 6.670000457763671875e+02 2.254500770568847656e+02
3.700889205932617188e+02 6.670000457763671875e+02 2.257215118408203125e+02
3.696532058715820312e+02 6.680000305175781250e+02 2.254141235351562500e+02
3.695707321166992188e+02 6.660000610351562500e+02 2.254603576660156250e+02
3.695889282226562500e+02 6.650000000000000000e+02 2.254500770568847656e+02
3.700707244873046875e+02 6.660000610351562500e+02 2.257311248779296875e+02
3.700889205932617188e+02 6.650000000000000000e+02 2.257215118408203125e+02
3.709999847412109375e+02 6.660000610351562500e+02 2.261957550048828125e+02
3.709999847412109375e+02 6.650000000000000000e+02 2.261755943298339844e+02
3.715806198120117188e+02 6.660000610351562500e+02 2.264646339416503906e+02
3.716060256958007812e+02 6.650000000000000000e+02 2.264540672302246094e+02
3.721060180664062500e+02 6.650000000000000000e+02 2.266621971130371094e+02
3.716961288452148438e+02 6.640000152587890625e+02 2.264175033569335938e+02
3.709999847412109375e+02 6.640000152587890625e+02 2.261044120788574219e+02
3.718527603149414062e+02 6.630000305175781250e+02 2.263554763793945312e+02
3.721961212158203125e+02 6.640000152587890625e+02 2.266229629516601562e+02
3.723527526855468750e+02 6.630000305175781250e+02 2.265585899353027344e+02
3.724631118774414062e+02 6.624300384521484375e+02 2.265145111083984375e+02
3.729999923706054688e+02 6.630000305175781250e+02 2.267622947692871094e+02
3.730130004882812500e+02 6.620580291748046875e+02 2.266005134582519531e+02
3.726883697509765625e+02 6.617633819580078125e+02 2.264434432983398438e+02
3.739999771118164062e+02 6.620000457763671875e+02 2.268507575988769531e+02
3.733550262451171875e+02 6.613502502441406250e+02 2.265419006347656250e+02
3.730130004882812500e+02 6.610101318359375000e+02 2.263441276550292969e+02
3.740286254882812500e+02 6.610101318359375000e+02 2.266158294677734375e+02
3.743810653686523438e+02 6.604161071777343750e+02 2.265285491943359375e+02
3.737143707275390625e+02 6.606835174560546875e+02 2.264466476440429688e+02
3.750000000000000000e+02 6.610000610351562500e+02 2.268132972717285156e+02
3.750000000000000000e+02 6.602455139160156250e+02 2.265861892700195312e+02
3.750000000000000000e+02 6.620000457763671875e+02 2.270605850219726562e+02
3.750000000000000000e+02 6.597454833984375000e+02 2.264136123657226562e+02
3.740286254882812500e+02 6.600496673583984375e+02 2.263159370422363281e+02
3.750000000000000000e+02 6.590000152587890625e+02 2.261222839355468750e+02
3.756837844848632812e+02 6.595778656005859375e+02 2.264724349975585938e+02
3.760102844238281250e+02 6.590689086914062500e+02 2.263117599487304688e+02
3.759999847412109375e+02 6.580000305175781250e+02 2.258433532714843750e+02
3.763504409790039062e+02 6.594482421875000000e+02 2.265214920043945312e+02
3.750463867187500000e+02 6.579555511474609375e+02 2.256763267517089844e+02
3.759999847412109375e+02 6.573869323730468750e+02 2.255579948425292969e+02
3.754106140136718750e+02 6.574696350097656250e+02 2.255156517028808594e+02
3.759999847412109375e+02 6.568869781494140625e+02 2.252958869934082031e+02
3.770000076293945312e+02 6.572801208496093750e+02 2.256125831604003906e+02
3.770000076293945312e+02 6.567801666259765625e+02 2.253522491455078125e+02
3.770000076293945312e+02 6.560000610351562500e+02 2.249182510375976562e+02
3.779999923706054688e+02 6.567166137695312500e+02 2.253851127624511719e+02
3.779999923706054688e+02 6.560000610351562500e+02 2.249867057800292969e+02
3.779999923706054688e+02 6.553473663330078125e+02 2.246015930175781250e+02
3.789999771118164062e+02 6.560000610351562500e+02 2.250018501281738281e+02
3.800000000000000000e+02 6.560000610351562500e+02 2.249596977233886719e+02
3.789999771118164062e+02 6.553387451171875000e+02 2.246083068847656250e+02
3.789999771118164062e+02 6.548387908935546875e+02 2.242653083801269531e+02
3.800000000000000000e+02 6.553765106201171875e+02 2.245841026306152344e+02
3.800000000000000000e+02 6.548765563964843750e+02 2.242354583740234375e+02
3.800000000000000000e+02 6.541801452636718750e+02 2.237354469299316406e+02
3.789999771118164062e+02 6.541368865966796875e+02 2.237653160095214844e+02
3.800000000000000000e+02 6.536801910400390625e+02 2.233609199523925781e+02
3.809999847412109375e+02 6.542549896240234375e+02 2.236834335327148438e+02
3.809999847412109375e+02 6.537550354003906250e+02 2.233006095886230469e+02
3.809999847412109375e+02 6.531530761718750000e+02 2.228005981445312500e+02
3.800000000000000000e+02 6.530821990966796875e+02 2.228609275817871094e+02
3.809999847412109375e+02 6.526531219482421875e+02 2.223621559143066406e+02
3.820000076293945312e+02 6.532411193847656250e+02 2.227258872985839844e+02
3.820000076293945312e+02 6.527410888671875000e+02 2.222800254821777344e+02
3.820000076293945312e+02 6.522180175781250000e+02 2.217800331115722656e+02
3.829999923706054688e+02 6.528600311279296875e+02 2.221656608581542969e+02
3.829999923706054688e+02 6.523345184326171875e+02 2.216656494140625000e+02
3.829999923706054688e+02 6.518345642089843750e+02 2.211402320861816406e+02
3.837051773071289062e+02 6.524355316162109375e+02 2.215649223327636719e+02
3.839991760253906250e+02 6.520007324218750000e+02 2.209998893737792969e+02
3.836265182495117188e+02 6.514614868164062500e+02 2.205434799194335938e+02
3.842931747436523438e+02 6.515660095214843750e+02 2.204220581054687500e+02
3.843718338012695312e+02 6.525428771972656250e+02 2.214562988281250000e+02
3.839759063720703125e+02 6.511708068847656250e+02 2.200532341003417969e+02
3.850000000000000000e+02 6.516967010498046875e+02 2.202654647827148438e+02
3.850000000000000000e+02 6.512886047363281250e+02 2.197654724121093750e+02
3.850779342651367188e+02 6.507392883300781250e+02 2.189921379089355469e+02
3.856949234008789062e+02 6.514215850830078125e+02 2.195985603332519531e+02
3.860169601440429688e+02 6.511508941650390625e+02 2.190540122985839844e+02
3.859999847412109375e+02 6.506224822998046875e+02 2.183088684082031250e+02
3.863615798950195312e+02 6.515587615966796875e+02 2.194233512878417969e+02
3.870000076293945312e+02 6.513304901123046875e+02 2.187368202209472656e+02
3.869865417480468750e+02 6.508148193359375000e+02 2.179598617553710938e+02
3.866442489624023438e+02 6.504382324218750000e+02 2.175997734069824219e+02
3.873109054565429688e+02 6.505841064453125000e+02 2.173542404174804688e+02
3.879515075683593750e+02 6.512714385986328125e+02 2.179857254028320312e+02
3.869865417480468750e+02 6.502513885498046875e+02 2.170125389099121094e+02
3.877217864990234375e+02 6.503958129882812500e+02 2.166875839233398438e+02
3.870219802856445312e+02 6.497235107421875000e+02 2.160027503967285156e+02
3.859744644165039062e+02 6.497972106933593750e+02 2.169531822204589844e+02
3.862908172607421875e+02 6.495850372314453125e+02 2.163379287719726562e+02
3.850000000000000000e+02 6.496192932128906250e+02 2.172896575927734375e+02
3.856241226196289062e+02 6.494510650634765625e+02 2.165886497497558594e+02
3.859999847412109375e+02 6.503076934814453125e+02 2.178088760375976562e+02
3.850779342651367188e+02 6.501311492919921875e+02 2.180872344970703125e+02
3.840608215332031250e+02 6.497235107421875000e+02 2.179791641235351562e+02
3.847965621948242188e+02 6.503929138183593750e+02 2.186535644531250000e+02
3.854632186889648438e+02 6.505140686035156250e+02 2.184787178039550781e+02
3.839999771118164062e+02 6.502641296386718750e+02 2.188377952575683594e+02
3.839999771118164062e+02 6.506174468994140625e+02 2.193377876281738281e+02
3.830412673950195312e+02 6.501618194580078125e+02 2.190780830383300781e+02
3.819852828979492188e+02 6.498112487792968750e+02 2.189237785339355469e+02
3.829999923706054688e+02 6.496231842041015625e+02 2.183028793334960938e+02
3.827354431152343750e+02 6.504387664794921875e+02 2.195788574218750000e+02
3.834020996093750000e+02 6.505267333984375000e+02 2.194635009765625000e+02
3.830412673950195312e+02 6.508161163330078125e+02 2.199473190307617188e+02
3.820000076293945312e+02 6.507611083984375000e+02 2.201784706115722656e+02
3.829999923706054688e+02 6.513751220703125000e+02 2.206402397155761719e+02
3.820000076293945312e+02 6.512611389160156250e+02 2.207667541503906250e+02
3.809999847412109375e+02 6.511781311035156250e+02 2.208587455749511719e+02
3.820000076293945312e+02 6.517179870605468750e+02 2.212667655944824219e+02
3.809999847412109375e+02 6.516322326660156250e+02 2.213587379455566406e+02
3.809999847412109375e+02 6.521321868896484375e+02 2.218621635437011719e+02
3.800000000000000000e+02 6.515663146972656250e+02 2.214288902282714844e+02
3.789999771118164062e+02 6.515308380126953125e+02 2.214666557312011719e+02
3.800000000000000000e+02 6.511174011230468750e+02 2.209288978576660156e+02
3.800000000000000000e+02 6.520663452148437500e+02 2.219265365600585938e+02
3.789999771118164062e+02 6.520308685302734375e+02 2.219627952575683594e+02
3.800000000000000000e+02 6.525821685791015625e+02 2.224265289306640625e+02
3.789999771118164062e+02 6.525417327880859375e+02 2.224627876281738281e+02
3.779999923706054688e+02 6.525456237792968750e+02 2.224593544006347656e+02
3.789999771118164062e+02 6.530416870117187500e+02 2.228948974609375000e+02
3.779999923706054688e+02 6.530455780029296875e+02 2.228907775878906250e+02
3.789999771118164062e+02 6.536368560791015625e+02 2.233949089050292969e+02
3.779999923706054688e+02 6.536418914794921875e+02 2.233907699584960938e+02
3.770000076293945312e+02 6.536917877197265625e+02 2.233511734008789062e+02
3.779999923706054688e+02 6.541419219970703125e+02 2.237618827819824219e+02
3.770000076293945312e+02 6.541917419433593750e+02 2.237274169921875000e+02
3.779999923706054688e+02 6.548473358154296875e+02 2.242618751525878906e+02
3.770000076293945312e+02 6.549002075195312500e+02 2.242274284362792969e+02
3.759846115112304688e+02 6.550745391845703125e+02 2.242201614379882812e+02
3.770000076293945312e+02 6.554002380371093750e+02 2.245660018920898438e+02
3.763077163696289062e+02 6.554574584960937500e+02 2.245281791687011719e+02
3.759846115112304688e+02 6.559213256835937500e+02 2.247536277770996094e+02
3.750000000000000000e+02 6.561358642578125000e+02 2.247146224975585938e+02
3.756410217285156250e+02 6.555355072021484375e+02 2.244783782958984375e+02
3.750000000000000000e+02 6.556358337402343750e+02 2.244156837463378906e+02
3.739999771118164062e+02 6.558224487304687500e+02 2.242963981628417969e+02
3.750000000000000000e+02 6.550000000000000000e+02 2.239905357360839844e+02
3.740719223022460938e+02 6.549687957763671875e+02 2.237450218200683594e+02
3.750000000000000000e+02 6.543999481201171875e+02 2.235748481750488281e+02
3.744532012939453125e+02 6.544827270507812500e+02 2.235131645202636719e+02
3.750000000000000000e+02 6.538999176025390625e+02 2.231860542297363281e+02
3.759999847412109375e+02 6.542765808105468750e+02 2.236664009094238281e+02
3.759999847412109375e+02 6.537765502929687500e+02 2.232846641540527344e+02
3.759999847412109375e+02 6.531685638427734375e+02 2.227846527099609375e+02
3.750000000000000000e+02 6.532839965820312500e+02 2.226860618591308594e+02
3.759999847412109375e+02 6.526685333251953125e+02 2.223491668701171875e+02
3.770000076293945312e+02 6.530915069580078125e+02 2.228511810302734375e+02
3.770000076293945312e+02 6.525915527343750000e+02 2.224182891845703125e+02
3.770000076293945312e+02 6.520777893066406250e+02 2.219182968139648438e+02
3.759999847412109375e+02 6.521471405029296875e+02 2.218491744995117188e+02
3.770000076293945312e+02 6.515777587890625000e+02 2.214152526855468750e+02
3.779999923706054688e+02 6.520357513427734375e+02 2.219593429565429688e+02
3.779999923706054688e+02 6.515357208251953125e+02 2.214610290527343750e+02
3.779999923706054688e+02 6.510937500000000000e+02 2.209610366821289062e+02
3.770000076293945312e+02 6.511352539062500000e+02 2.209152603149414062e+02
3.779999923706054688e+02 6.505937957763671875e+02 2.203843116760253906e+02
3.789999771118164062e+02 6.510861968994140625e+02 2.209666633605957031e+02
3.789999771118164062e+02 6.505861663818359375e+02 2.203940963745117188e+02
3.789999771118164062e+02 6.501933288574218750e+02 2.198940849304199219e+02
3.800000000000000000e+02 6.506174468994140625e+02 2.203566169738769531e+02
3.800000000000000000e+02 6.502209472656250000e+02 2.198566246032714844e+02
3.809999847412109375e+02 6.506781768798828125e+02 2.202828025817871094e+02
3.809999847412109375e+02 6.502777862548828125e+02 2.197827911376953125e+02
3.809999847412109375e+02 6.497777557373046875e+02 2.191098022460937500e+02
3.820000076293945312e+02 6.503603363037109375e+02 2.196784782409667969e+02
3.800000000000000000e+02 6.497209167480468750e+02 2.191908836364746094e+02
3.809999847412109375e+02 6.494241333007812500e+02 2.186098098754882812e+02
3.800000000000000000e+02 6.493680572509765625e+02 2.186908721923828125e+02
3.809999847412109375e+02 6.490519714355468750e+02 2.179999923706054688e+02
3.816421127319335938e+02 6.494726562500000000e+02 2.185396575927734375e+02
3.819852828979492188e+02 6.492517089843750000e+02 2.180631256103515625e+02
3.820000076293945312e+02 6.487101745605468750e+02 2.171164894104003906e+02
3.823087692260742188e+02 6.495383453369140625e+02 2.184385490417480469e+02
3.829999923706054688e+02 6.493190002441406250e+02 2.178028869628906250e+02
3.829263687133789062e+02 6.487990570068359375e+02 2.169120025634765625e+02
3.837680435180664062e+02 6.494203948974609375e+02 2.176319503784179688e+02
3.840608215332031250e+02 6.491988372802734375e+02 2.170785331726074219e+02
3.844347000122070312e+02 6.495203399658203125e+02 2.174642372131347656e+02
3.850000000000000000e+02 6.493417358398437500e+02 2.167896652221679688e+02
3.839999771118164062e+02 6.486833190917968750e+02 2.161451530456542969e+02
3.832106399536132812e+02 6.485731506347656250e+02 2.163587760925292969e+02
3.839999771118164062e+02 6.484273529052734375e+02 2.156451416015625000e+02
3.849012756347656250e+02 6.488412475585937500e+02 2.159008407592773438e+02
3.851688385009765625e+02 6.486130523681640625e+02 2.152649879455566406e+02
3.859744644165039062e+02 6.492860412597656250e+02 2.160027503967285156e+02
3.845021438598632812e+02 6.484992980957031250e+02 2.155014038085937500e+02
3.849012756347656250e+02 6.483789825439453125e+02 2.149589920043945312e+02
3.839999771118164062e+02 6.481257629394531250e+02 2.150000000000000000e+02
3.850000000000000000e+02 6.479888916015625000e+02 2.139999961853027344e+02
3.856197738647460938e+02 6.484539031982421875e+02 2.145983314514160156e+02
3.859718704223632812e+02 6.483188629150390625e+02 2.139897155761718750e+02
3.859718704223632812e+02 6.487664794921875000e+02 2.149589920043945312e+02
3.862864303588867188e+02 6.485850524902343750e+02 2.143162155151367188e+02
3.870219802856445312e+02 6.492352294921875000e+02 2.150306510925292969e+02
3.869950866699218750e+02 6.487335968017578125e+02 2.139897155761718750e+02
3.867033004760742188e+02 6.494126892089843750e+02 2.156712532043457031e+02
3.873699569702148438e+02 6.495584106445312500e+02 2.153844070434570312e+02
3.877245330810546875e+02 6.493943023681640625e+02 2.147177505493164062e+02
3.880347061157226562e+02 6.492226409912109375e+02 2.140320777893066406e+02
3.879841613769531250e+02 6.487411499023437500e+02 2.129929733276367188e+02
3.883911895751953125e+02 6.495535278320312500e+02 2.143867874145507812e+02
3.886852264404296875e+02 6.494001007080078125e+02 2.137201309204101562e+02
3.890111160278320312e+02 6.492583465576171875e+02 2.129865455627441406e+02
3.889369201660156250e+02 6.488068389892578125e+02 2.119534301757812500e+02
3.893518829345703125e+02 6.495833587646484375e+02 2.133109092712402344e+02
3.895994567871093750e+02 6.494387817382812500e+02 2.126442337036132812e+02
3.898013305664062500e+02 6.493147277832031250e+02 2.119999885559082031e+02
3.900814056396484375e+02 6.491418457031250000e+02 2.110688972473144531e+02
3.903013610839843750e+02 6.496265411376953125e+02 2.119999885559082031e+02
3.904689788818359375e+02 6.495201110839843750e+02 2.114481735229492188e+02
3.910565948486328125e+02 6.501541900634765625e+02 2.120203399658203125e+02
3.909907150268554688e+02 6.497428894042968750e+02 2.110688972473144531e+02
3.915997314453125000e+02 6.504216003417968750e+02 2.117005729675292969e+02
3.917694854736328125e+02 6.502885437011718750e+02 2.109999847412109375e+02
3.920557403564453125e+02 6.501677703857421875e+02 2.099854850769042969e+02
3.922694778442382812e+02 6.506890106201171875e+02 2.109999847412109375e+02
3.924262619018554688e+02 6.505612945556640625e+02 2.103091430664062500e+02
3.930105590820312500e+02 6.509918975830078125e+02 2.100294685363769531e+02
3.925502777099609375e+02 6.504563903808593750e+02 2.096424865722656250e+02
3.931522750854492188e+02 6.508146667480468750e+02 2.089999961853027344e+02
3.934708404541015625e+02 6.515277862548828125e+02 2.104164695739746094e+02
3.935794830322265625e+02 6.514225769042968750e+02 2.097498130798339844e+02
3.936903762817382812e+02 6.513146972656250000e+02 2.089999961853027344e+02
3.938100433349609375e+02 6.511983489990234375e+02 2.079999923706054688e+02
3.941903686523437500e+02 6.518218231201171875e+02 2.089999961853027344e+02
3.946632003784179688e+02 6.523217773437500000e+02 2.089999961853027344e+02
3.943100357055664062e+02 6.516986083984375000e+02 2.079999923706054688e+02
3.943965148925781250e+02 6.516083526611328125e+02 2.069999885559082031e+02
3.947743606567382812e+02 6.521985626220703125e+02 2.079999923706054688e+02
3.948560333251953125e+02 6.521083831787109375e+02 2.069999885559082031e+02
3.952743911743164062e+02 6.527607727050781250e+02 2.079999923706054688e+02
3.953560256958007812e+02 6.526658630371093750e+02 2.069999885559082031e+02
3.957011795043945312e+02 6.532607269287109375e+02 2.079999923706054688e+02
3.951632308959960938e+02 6.528888702392578125e+02 2.089999961853027344e+02
3.957821655273437500e+02 6.531658172607421875e+02 2.069999885559082031e+02
3.958456802368164062e+02 6.530916595458984375e+02 2.059999847412109375e+02
3.962821578979492188e+02 6.537705230712890625e+02 2.069999885559082031e+02
3.963456726074218750e+02 6.536904907226562500e+02 2.059999847412109375e+02
3.963857650756835938e+02 6.536393737792968750e+02 2.050000000000000000e+02
3.964048004150390625e+02 6.536141204833984375e+02 2.039999961853027344e+02
3.958857345581054688e+02 6.530477142333984375e+02 2.050000000000000000e+02
3.959048080444335938e+02 6.530304718017578125e+02 2.039999961853027344e+02
3.954580307006835938e+02 6.525477600097656250e+02 2.050000000000000000e+02
3.954728317260742188e+02 6.525305175781250000e+02 2.039999961853027344e+02
3.948707962036132812e+02 6.519023132324218750e+02 2.050353431701660156e+02
3.954201126098632812e+02 6.525916290283203125e+02 2.059999847412109375e+02
3.949201202392578125e+02 6.520372009277343750e+02 2.059999847412109375e+02
3.944644546508789062e+02 6.515371704101562500e+02 2.059999847412109375e+02
3.944963073730468750e+02 6.515039062500000000e+02 2.053922462463378906e+02
3.939644622802734375e+02 6.510523223876953125e+02 2.059999847412109375e+02
3.940977859497070312e+02 6.511124420166015625e+02 2.050353431701660156e+02
3.934425354003906250e+02 6.505522918701171875e+02 2.059999847412109375e+02
3.938965225219726562e+02 6.511146545410156250e+02 2.069999885559082031e+02
3.933739089965820312e+02 6.506147003173828125e+02 2.069999885559082031e+02
3.928739166259765625e+02 6.501721954345703125e+02 2.069999885559082031e+02
3.932814407348632812e+02 6.506983947753906250e+02 2.079999923706054688e+02
3.927814483642578125e+02 6.502540588378906250e+02 2.079999923706054688e+02
3.926522445678710938e+02 6.503675842285156250e+02 2.089999961853027344e+02
3.921778488159179688e+02 6.497540283203125000e+02 2.079999923706054688e+02
3.922836685180664062e+02 6.496721649169921875e+02 2.069999885559082031e+02
3.916778564453125000e+02 6.493647003173828125e+02 2.079999923706054688e+02
3.919467163085937500e+02 6.498101043701171875e+02 2.090397071838378906e+02
3.914628982543945312e+02 6.495267486572265625e+02 2.093995285034179688e+02
3.915778350830078125e+02 6.494411468505859375e+02 2.087328529357910156e+02
3.910777282714843750e+02 6.491714477539062500e+02 2.090397071838378906e+02
3.908355712890625000e+02 6.492700958251953125e+02 2.100000000000000000e+02
3.902830123901367188e+02 6.486334991455078125e+02 2.089999961853027344e+02
3.909151077270507812e+02 6.488203430175781250e+02 2.079536819458007812e+02
3.905252075195312500e+02 6.484832000732421875e+02 2.075894737243652344e+02
3.910890960693359375e+02 6.487836456298828125e+02 2.069999885559082031e+02
3.904219818115234375e+02 6.485475921630859375e+02 2.082561492919921875e+02
3.900531768798828125e+02 6.482749176025390625e+02 2.079536819458007812e+02
3.900000000000000000e+02 6.480914306640625000e+02 2.069999885559082031e+02
3.889577865600585938e+02 6.476935577392578125e+02 2.080565071105957031e+02
3.897830200195312500e+02 6.483339691162109375e+02 2.089999961853027344e+02
3.889999771118164062e+02 6.479128265380859375e+02 2.089999961853027344e+02
3.896220397949218750e+02 6.484273529052734375e+02 2.097485542297363281e+02
3.890711593627929688e+02 6.482228088378906250e+02 2.100491333007812500e+02
3.899732208251953125e+02 6.487316131591796875e+02 2.100491333007812500e+02
3.894519042968750000e+02 6.485260009765625000e+02 2.104152107238769531e+02
3.892601013183593750e+02 6.486301422119140625e+02 2.109999847412109375e+02
3.887601089477539062e+02 6.483654022216796875e+02 2.109999847412109375e+02
3.885615539550781250e+02 6.484674835205078125e+02 2.115890502929687500e+02
3.879999923706054688e+02 6.480024719238281250e+02 2.109999847412109375e+02
3.879812622070312500e+02 6.476867675781250000e+02 2.100296974182128906e+02
3.870504760742187500e+02 6.476167297363281250e+02 2.110794448852539062e+02
3.879841613769531250e+02 6.483310699462890625e+02 2.119534301757812500e+02
3.870000076293945312e+02 6.479216003417968750e+02 2.119999885559082031e+02
3.876402282714843750e+02 6.484355163574218750e+02 2.126549720764160156e+02
3.883069229125976562e+02 6.485917663574218750e+02 2.122557258605957031e+02
3.869950866699218750e+02 6.483006286621093750e+02 2.129929733276367188e+02
3.866584777832031250e+02 6.484329223632812500e+02 2.136495399475097656e+02
3.873251342773437500e+02 6.485767364501953125e+02 2.133216476440429688e+02
3.859999847412109375e+02 6.479168701171875000e+02 2.129999923706054688e+02
3.850760650634765625e+02 6.476190948486328125e+02 2.130366134643554688e+02
3.860800170898437500e+02 6.475940704345703125e+02 2.120793724060058594e+02
3.854600906372070312e+02 6.475122833251953125e+02 2.124656295776367188e+02
3.858000183105468750e+02 6.473983764648437500e+02 2.117989730834960938e+02
3.864666748046875000e+02 6.475119018554687500e+02 2.114657592773437500e+02
3.860800170898437500e+02 6.472554016113281250e+02 2.110794448852539062e+02
3.850000000000000000e+02 6.468949127197265625e+02 2.109999847412109375e+02
3.859999847412109375e+02 6.469023132324218750e+02 2.100000000000000000e+02
3.867507553100585938e+02 6.474015045166015625e+02 2.107990837097167969e+02
3.870504760742187500e+02 6.472907257080078125e+02 2.100296974182128906e+02
3.870000076293945312e+02 6.470126342773437500e+02 2.089999961853027344e+02
3.874174499511718750e+02 6.475340270996093750e+02 2.103828430175781250e+02
3.876354217529296875e+02 6.474399566650390625e+02 2.097161865234375000e+02
3.878284835815429688e+02 6.473548889160156250e+02 2.089999961853027344e+02
3.880815124511718750e+02 6.472740173339843750e+02 2.080565071105957031e+02
3.883284759521484375e+02 6.475788879394531250e+02 2.089999961853027344e+02
3.884692001342773438e+02 6.475142669677734375e+02 2.084275245666503906e+02
3.879999923706054688e+02 6.470645904541015625e+02 2.069999885559082031e+02
3.870000076293945312e+02 6.468061828613281250e+02 2.079999923706054688e+02
3.885963058471679688e+02 6.474510955810546875e+02 2.077608489990234375e+02
3.887118148803710938e+02 6.473919677734375000e+02 2.069999885559082031e+02
3.888262557983398438e+02 6.473320770263671875e+02 2.059999847412109375e+02
3.892118453979492188e+02 6.476510620117187500e+02 2.069999885559082031e+02
3.893262481689453125e+02 6.475923156738281250e+02 2.059999847412109375e+02
3.893935775756835938e+02 6.475573730468750000e+02 2.050000000000000000e+02
3.900000000000000000e+02 6.479734802246093750e+02 2.059999847412109375e+02
3.900000000000000000e+02 6.479044342041015625e+02 2.050000000000000000e+02
3.906762313842773438e+02 6.483812713623046875e+02 2.059999847412109375e+02
3.907238388061523438e+02 6.483470916748046875e+02 2.050000000000000000e+02
3.905891036987304688e+02 6.484403991699218750e+02 2.069999885559082031e+02
3.911762237548828125e+02 6.487257385253906250e+02 2.059999847412109375e+02
3.912238311767578125e+02 6.486954498291015625e+02 2.050000000000000000e+02
3.918586349487304688e+02 6.492257690429687500e+02 2.059999847412109375e+02
3.918952941894531250e+02 6.491954040527343750e+02 2.050000000000000000e+02
3.917836761474609375e+02 6.492836761474609375e+02 2.069999885559082031e+02
3.923586654663085938e+02 6.496128845214843750e+02 2.059999847412109375e+02
3.923952865600585938e+02 6.495842742919921875e+02 2.050000000000000000e+02
3.929425048828125000e+02 6.501129150390625000e+02 2.059999847412109375e+02
3.929766845703125000e+02 6.500843048095703125e+02 2.050000000000000000e+02
3.929824066162109375e+02 6.500796508789062500e+02 2.039999961853027344e+02
3.934766769409179688e+02 6.505211639404296875e+02 2.050000000000000000e+02
3.934823989868164062e+02 6.505158996582031250e+02 2.039999961853027344e+02
3.934785842895507812e+02 6.505192565917968750e+02 2.029999923706054688e+02
3.939999771118164062e+02 6.510023498535156250e+02 2.039999961853027344e+02
3.939999771118164062e+02 6.510050964355468750e+02 2.029999923706054688e+02
3.945133590698242188e+02 6.514864349365234375e+02 2.039999961853027344e+02
3.945140838623046875e+02 6.514859008789062500e+02 2.029999923706054688e+02
3.945072555541992188e+02 6.514926147460937500e+02 2.047255897521972656e+02
3.949861907958984375e+02 6.520000457763671875e+02 2.039999961853027344e+02
3.949914550781250000e+02 6.520000457763671875e+02 2.029999923706054688e+02
3.948750686645507812e+02 6.519089508056640625e+02 2.020254707336425781e+02
3.954773712158203125e+02 6.525252532958984375e+02 2.029999923706054688e+02
3.954626846313476562e+02 6.525415039062500000e+02 2.019999885559082031e+02
3.959111022949218750e+02 6.530252838134765625e+02 2.029999923706054688e+02
3.958975982666015625e+02 6.530415344238281250e+02 2.019999885559082031e+02
3.964110946655273438e+02 6.536061859130859375e+02 2.029999923706054688e+02
3.963976287841796875e+02 6.536232757568359375e+02 2.019999885559082031e+02
3.968198013305664062e+02 6.541062164306640625e+02 2.029999923706054688e+02
3.963563537597656250e+02 6.536735534667968750e+02 2.009999847412109375e+02
3.958563613891601562e+02 6.530905914306640625e+02 2.009999847412109375e+02
3.962909698486328125e+02 6.537532043457031250e+02 2.000000000000000000e+02
3.961927795410156250e+02 6.538713836669921875e+02 1.989999961853027344e+02
3.957909774780273438e+02 6.531665039062500000e+02 2.000000000000000000e+02
3.953491592407226562e+02 6.526664733886718750e+02 2.000000000000000000e+02
3.956927871704101562e+02 6.532801055908203125e+02 1.989999961853027344e+02
3.952434539794921875e+02 6.527801513671875000e+02 1.989999961853027344e+02
3.955881118774414062e+02 6.534004974365234375e+02 1.982267570495605469e+02
3.960054016113281250e+02 6.539930725097656250e+02 1.979814720153808594e+02
3.951611709594726562e+02 6.530403137207031250e+02 1.979360580444335938e+02
3.945921325683593750e+02 6.524053192138671875e+02 1.979999923706054688e+02
3.947933197021484375e+02 6.529887390136718750e+02 1.970933341979980469e+02
3.954790878295898438e+02 6.535238647460937500e+02 1.975601005554199219e+02
3.953630828857421875e+02 6.536563110351562500e+02 1.969999885559082031e+02
3.951810836791992188e+02 6.540107727050781250e+02 1.959452056884765625e+02
3.957849121093750000e+02 6.541563415527343750e+02 1.969999885559082031e+02
3.956239318847656250e+02 6.543511962890625000e+02 1.962420082092285156e+02
3.962849044799804688e+02 6.547827148437500000e+02 1.969999885559082031e+02
3.964226531982421875e+02 6.546002197265625000e+02 1.977361869812011719e+02
3.966601562500000000e+02 6.552827453613281250e+02 1.969999885559082031e+02
3.960036087036132812e+02 6.549960327148437500e+02 1.959921646118164062e+02
3.954606628417968750e+02 6.545487213134765625e+02 1.955753326416015625e+02
3.956870269775390625e+02 6.552548217773437500e+02 1.950000000000000000e+02
3.963832855224609375e+02 6.556616210937500000e+02 1.957423400878906250e+02
3.965417098999023438e+02 6.554434204101562500e+02 1.964089965820312500e+02
3.967574691772460938e+02 6.559970092773437500e+02 1.960453987121582031e+02
3.966186523437500000e+02 6.563282775878906250e+02 1.952821159362792969e+02
3.971893310546875000e+02 6.560421752929687500e+02 1.969981193542480469e+02
3.973295211791992188e+02 6.569606781005859375e+02 1.959061431884765625e+02
3.968534851074218750e+02 6.569618225097656250e+02 1.949692535400390625e+02
3.974353790283203125e+02 6.566011047363281250e+02 1.966635322570800781e+02
3.974951171875000000e+02 6.575085449218750000e+02 1.955102539062500000e+02
3.976419067382812500e+02 6.572677612304687500e+02 1.961769104003906250e+02
3.973780441284179688e+02 6.579051208496093750e+02 1.949072647094726562e+02
3.968532180786132812e+02 6.579689025878906250e+02 1.939617156982421875e+02
3.974929046630859375e+02 6.585140228271484375e+02 1.945121002197265625e+02
3.976747131347656250e+02 6.581752014160156250e+02 1.951787757873535156e+02
3.979961776733398438e+02 6.590033721923828125e+02 1.950028610229492188e+02
3.976510238647460938e+02 6.591806793212890625e+02 1.942460441589355469e+02
3.983302688598632812e+02 6.600000000000000000e+02 1.948037338256835938e+02
3.985034561157226562e+02 6.594927215576171875e+02 1.954936027526855469e+02
3.978182601928710938e+02 6.599684906005859375e+02 1.939476203918457031e+02
3.984560394287109375e+02 6.606162261962890625e+02 1.945780372619628906e+02
3.974501800537109375e+02 6.596141815185546875e+02 1.935793876647949219e+02
3.975900268554687500e+02 6.602808380126953125e+02 1.933683967590332031e+02
3.972162246704101562e+02 6.599684906005859375e+02 1.930210304260253906e+02
3.966826629638671875e+02 6.600000000000000000e+02 1.922562789916992188e+02
3.967741012573242188e+02 6.590348052978515625e+02 1.929955863952636719e+02
3.963851547241210938e+02 6.587246704101562500e+02 1.926593017578125000e+02
3.965528869628906250e+02 6.593913269042968750e+02 1.924298858642578125e+02
3.973381423950195312e+02 6.589083862304687500e+02 1.939476203918457031e+02
3.966204071044921875e+02 6.582815551757812500e+02 1.933259773254394531e+02
3.962068939208984375e+02 6.579689025878906250e+02 1.929955863952636719e+02
3.956840133666992188e+02 6.580000305175781250e+02 1.922647666931152344e+02
3.957083129882812500e+02 6.570748138427734375e+02 1.930550384521484375e+02
3.964328002929687500e+02 6.576148223876953125e+02 1.936028671264648438e+02
3.962521362304687500e+02 6.569618225097656250e+02 1.939617156982421875e+02
3.957121276855468750e+02 6.560542297363281250e+02 1.940693664550781250e+02
3.964332199096679688e+02 6.566030120849609375e+02 1.946154403686523438e+02
3.966419982910156250e+02 6.572696685791015625e+02 1.942695426940917969e+02
3.962095642089843750e+02 6.559970092773437500e+02 1.949692535400390625e+02
3.955541992187500000e+02 6.564236450195312500e+02 1.934250640869140625e+02
3.953070831298828125e+02 6.557569885253906250e+02 1.937822723388671875e+02
3.955327606201171875e+02 6.554576873779296875e+02 1.944489288330078125e+02
3.949525451660156250e+02 6.550582122802734375e+02 1.940679359436035156e+02
3.952939987182617188e+02 6.547547912597656250e+02 1.950000000000000000e+02
3.945979690551757812e+02 6.543889617919921875e+02 1.943536186218261719e+02
3.943650817871093750e+02 6.546587371826171875e+02 1.936869621276855469e+02
3.946403884887695312e+02 6.553253936767578125e+02 1.933142471313476562e+02
3.940400695800781250e+02 6.549526977539062500e+02 1.929495048522949219e+02
3.949717330932617188e+02 6.560366821289062500e+02 1.930363273620605469e+02
3.946363830566406250e+02 6.563162994384765625e+02 1.923365211486816406e+02
3.953030395507812500e+02 6.567913818359375000e+02 1.927583885192871094e+02
3.943817138671875000e+02 6.556496429443359375e+02 1.926475715637207031e+02
3.940318679809570312e+02 6.559600830078125000e+02 1.919643020629882812e+02
3.943487167358398438e+02 6.567094421386718750e+02 1.916698646545410156e+02
3.934104537963867188e+02 6.556037902832031250e+02 1.915920639038085938e+02
3.937150573730468750e+02 6.552466583251953125e+02 1.922587203979492188e+02
3.936820602416992188e+02 6.562704467773437500e+02 1.913158988952636719e+02
3.930389785766601562e+02 6.559571838378906250e+02 1.909639358520507812e+02
3.939709854125976562e+02 6.570407104492187500e+02 1.910289001464843750e+02
3.933341979980468750e+02 6.567053985595703125e+02 1.906492233276367188e+02
3.935932540893554688e+02 6.573720550537109375e+02 1.904149818420410156e+02
3.943063735961914062e+02 6.580000305175781250e+02 1.906949424743652344e+02
3.945832061767578125e+02 6.573760986328125000e+02 1.914085578918457031e+02
3.949431228637695312e+02 6.570837402343750000e+02 1.920680427551269531e+02
3.947790145874023438e+02 6.580000305175781250e+02 1.911949348449707031e+02
3.952790069580078125e+02 6.580000305175781250e+02 1.917647743225097656e+02
3.950595855712890625e+02 6.588893127441406250e+02 1.909342956542968750e+02
3.946636962890625000e+02 6.591972351074218750e+02 1.903343772888183594e+02
3.944818878173828125e+02 6.585305786132812500e+02 1.905180168151855469e+02
3.954554748535156250e+02 6.585813903808593750e+02 1.915534591674804688e+02
3.953617858886718750e+02 6.600000000000000000e+02 1.906497383117675781e+02
3.956274795532226562e+02 6.592481231689453125e+02 1.913505554199218750e+02
3.960063171386718750e+02 6.589863586425781250e+02 1.919916725158691406e+02
3.957992172241210938e+02 6.600000000000000000e+02 1.911497497558593750e+02
3.962992477416992188e+02 6.600000000000000000e+02 1.917562866210937500e+02
3.960304260253906250e+02 6.609238433837890625e+02 1.909632682800292969e+02
3.954853439331054688e+02 6.605329132080078125e+02 1.905157661437988281e+02
3.956227111816406250e+02 6.611995697021484375e+02 1.903674125671386719e+02
3.964381790161132812e+02 6.606481170654296875e+02 1.915785026550292969e+02
3.962840270996093750e+02 6.620000457763671875e+02 1.907497024536132812e+02
3.965734100341796875e+02 6.613147735595703125e+02 1.914107704162597656e+02
3.957840347290039062e+02 6.620000457763671875e+02 1.901966094970703125e+02
3.948617935180664062e+02 6.600000000000000000e+02 1.901340866088867188e+02
3.955268478393554688e+02 6.574580383300781250e+02 1.924662399291992188e+02
3.938063812255859375e+02 6.580000305175781250e+02 1.902220344543457031e+02
3.932246017456054688e+02 6.580000305175781250e+02 1.897220420837402344e+02
3.929298782348632812e+02 6.570870971679687500e+02 1.900561141967773438e+02
3.922238922119140625e+02 6.568021392822265625e+02 1.896972465515136719e+02
3.925255966186523438e+02 6.574687957763671875e+02 1.894806671142578125e+02
3.926675415039062500e+02 6.563105773925781250e+02 1.903639221191406250e+02
3.919584274291992188e+02 6.560426330566406250e+02 1.900276947021484375e+02
3.915572357177734375e+02 6.564414215087890625e+02 1.894613647460937500e+02
3.912136459350585938e+02 6.557747650146484375e+02 1.896914672851562500e+02
3.923595809936523438e+02 6.556439208984375000e+02 1.906119728088378906e+02
3.916929244995117188e+02 6.553099060058593750e+02 1.903581237792968750e+02
3.909461212158203125e+02 6.550500488281250000e+02 1.900342750549316406e+02
3.920646667480468750e+02 6.549369049072265625e+02 1.909463882446289062e+02
3.924364089965820312e+02 6.545639038085937500e+02 1.915588569641113281e+02
3.927437591552734375e+02 6.552305603027343750e+02 1.912786293029785156e+02
3.913452911376953125e+02 6.546432495117187500e+02 1.906141471862792969e+02
3.917697525024414062e+02 6.542581176757812500e+02 1.912808036804199219e+02
3.910350799560546875e+02 6.539700317382812500e+02 1.909703254699707031e+02
3.920942687988281250e+02 6.539158630371093750e+02 1.919096183776855469e+02
3.917520904541015625e+02 6.532788085937500000e+02 1.922603797912597656e+02
3.913915634155273438e+02 6.535914611816406250e+02 1.915937232971191406e+02
3.924187850952148438e+02 6.535736083984375000e+02 1.925855445861816406e+02
3.927613830566406250e+02 6.542402648925781250e+02 1.922255325317382812e+02
3.930858993530273438e+02 6.549053192138671875e+02 1.919087982177734375e+02
3.930707168579101562e+02 6.539307403564453125e+02 1.929184913635253906e+02
3.933800125122070312e+02 6.536212921142578125e+02 1.936567497253417969e+02
3.934280776977539062e+02 6.545800018310546875e+02 1.925847816467285156e+02
3.936984252929687500e+02 6.542879486083984375e+02 1.932514381408691406e+02
3.927133560180664062e+02 6.532961273193359375e+02 1.932522010803222656e+02
3.920532608032226562e+02 6.529541015625000000e+02 1.929425430297851562e+02
3.929987716674804688e+02 6.530011749267578125e+02 1.940003204345703125e+02
3.932841873168945312e+02 6.527062225341796875e+02 1.948227691650390625e+02
3.936256408691406250e+02 6.533728790283203125e+02 1.943234062194824219e+02
3.923544311523437500e+02 6.526294708251953125e+02 1.936772155761718750e+02
3.926175308227539062e+02 6.523945617675781250e+02 1.943438911437988281e+02
3.929705047607421875e+02 6.522514343261718750e+02 1.950936508178710938e+02
3.919586181640625000e+02 6.520352172851562500e+02 1.940494537353515625e+02
3.912728118896484375e+02 6.516758728027343750e+02 1.937550354003906250e+02
3.916877365112304688e+02 6.523426055908203125e+02 1.932995414733886719e+02
3.922698211669921875e+02 6.516940307617187500e+02 1.950000000000000000e+02
3.915628433227539062e+02 6.514495849609375000e+02 1.944216918945312500e+02
3.909636688232421875e+02 6.512496948242187500e+02 1.940530204772949219e+02
3.917698287963867188e+02 6.512871551513671875e+02 1.950000000000000000e+02
3.920240783691406250e+02 6.509806060791015625e+02 1.959622383117675781e+02
3.910165023803710938e+02 6.507561492919921875e+02 1.949470138549804688e+02
3.904322052001953125e+02 6.505439758300781250e+02 1.945783805847167969e+02
3.913608169555664062e+02 6.505999755859375000e+02 1.957006835937500000e+02
3.906941604614257812e+02 6.503662109375000000e+02 1.952450370788574219e+02
3.899694061279296875e+02 6.500193023681640625e+02 1.950353622436523438e+02
3.910165023803710938e+02 6.502058410644531250e+02 1.960204124450683594e+02
3.909830474853515625e+02 6.497677612304687500e+02 1.969581031799316406e+02
3.915845489501953125e+02 6.504367065429687500e+02 1.963673591613769531e+02
3.902065658569335938e+02 6.496797943115234375e+02 1.959999847412109375e+02
3.904354858398437500e+02 6.495402526855468750e+02 1.965968322753906250e+02
3.897065734863281250e+02 6.493775177001953125e+02 1.959999847412109375e+02
3.889013290405273438e+02 6.488960266113281250e+02 1.960984992980957031e+02
3.895066070556640625e+02 6.494960784912109375e+02 1.954923629760742188e+02
3.900613021850585938e+02 6.491722869873046875e+02 1.969581031799316406e+02
3.891945648193359375e+02 6.486605834960937500e+02 1.969999885559082031e+02
3.899677658081054688e+02 6.487480926513671875e+02 1.979734611511230469e+02
3.906383895874023438e+02 6.494063568115234375e+02 1.972635078430175781e+02
3.908259201049804688e+02 6.492800140380859375e+02 1.979999923706054688e+02
3.910776901245117188e+02 6.491702270507812500e+02 1.989576148986816406e+02
3.913259124755859375e+02 6.496215820312500000e+02 1.979999923706054688e+02
3.914628219604492188e+02 6.495261383056640625e+02 1.985960388183593750e+02
3.920592880249023438e+02 6.501625823974609375e+02 1.979935455322265625e+02
3.917625427246093750e+02 6.503044891357421875e+02 1.969999885559082031e+02
3.919506454467773438e+02 6.497937011718750000e+02 1.989576148986816406e+02
3.924321746826171875e+02 6.505534362792968750e+02 1.976559066772460938e+02
3.925691223144531250e+02 6.504421997070312500e+02 1.983225631713867188e+02
3.926817321777343750e+02 6.503475189208984375e+02 1.989999961853027344e+02
3.930312728881835938e+02 6.509738159179687500e+02 1.979195404052734375e+02
3.928667831420898438e+02 6.511860656738281250e+02 1.969999885559082031e+02
3.931817245483398438e+02 6.507746887207031250e+02 1.989999961853027344e+02
3.934934234619140625e+02 6.515060424804687500e+02 1.975164985656738281e+02
3.936149978637695312e+02 6.513941955566406250e+02 1.981831741333007812e+02
3.937453460693359375e+02 6.512747192382812500e+02 1.989999961853027344e+02
3.939690017700195312e+02 6.518278503417968750e+02 1.979099082946777344e+02
3.940132141113281250e+02 6.521923065185546875e+02 1.970933341979980469e+02
3.942453384399414062e+02 6.517475891113281250e+02 1.989999961853027344e+02
3.943633651733398438e+02 6.516337585449218750e+02 2.000000000000000000e+02
3.947434616088867188e+02 6.522476196289062500e+02 1.989999961853027344e+02
3.948491668701171875e+02 6.521337890625000000e+02 2.000000000000000000e+02
3.949182891845703125e+02 6.520561981201171875e+02 2.009999847412109375e+02
3.944430923461914062e+02 6.515561676025390625e+02 2.009999847412109375e+02
3.954182815551757812e+02 6.525906372070312500e+02 2.009999847412109375e+02
3.939430999755859375e+02 6.510887908935546875e+02 2.009999847412109375e+02
3.944850921630859375e+02 6.515148925781250000e+02 2.017091178894042969e+02
3.940910339355468750e+02 6.511266326904296875e+02 2.020254707336425781e+02
3.934556961059570312e+02 6.505393981933593750e+02 2.019999885559082031e+02
3.945082092285156250e+02 6.514917755126953125e+02 2.023757934570312500e+02
3.933993148803710938e+02 6.505887603759765625e+02 2.009999847412109375e+02
3.929557037353515625e+02 6.501075744628906250e+02 2.019999885559082031e+02
3.923654174804687500e+02 6.496075439453125000e+02 2.019999885559082031e+02
3.928993225097656250e+02 6.501593017578125000e+02 2.009999847412109375e+02
3.929785919189453125e+02 6.500843048095703125e+02 2.029999923706054688e+02
3.923957824707031250e+02 6.495842742919921875e+02 2.029999923706054688e+02
3.918957519531250000e+02 6.491933441162109375e+02 2.029999923706054688e+02
3.924017715454101562e+02 6.495796966552734375e+02 2.039999961853027344e+02
3.919017410278320312e+02 6.491882324218750000e+02 2.039999961853027344e+02
3.912367248535156250e+02 6.486882781982421875e+02 2.039999961853027344e+02
3.912297058105468750e+02 6.486933135986328125e+02 2.029999923706054688e+02
3.907367324829101562e+02 6.483367919921875000e+02 2.039999961853027344e+02
3.907297134399414062e+02 6.483414459228515625e+02 2.029999923706054688e+02
3.900000000000000000e+02 6.478823089599609375e+02 2.039999961853027344e+02
3.900000000000000000e+02 6.478906250000000000e+02 2.029999923706054688e+02
3.894158935546875000e+02 6.475454711914062500e+02 2.039999961853027344e+02
3.894077301025390625e+02 6.475492095947265625e+02 2.029999923706054688e+02
3.889159011840820312e+02 6.472838592529296875e+02 2.039999961853027344e+02
3.879999923706054688e+02 6.468444061279296875e+02 2.039999961853027344e+02
3.889077377319335938e+02 6.472910308837890625e+02 2.029999923706054688e+02
3.888935470581054688e+02 6.472956085205078125e+02 2.050000000000000000e+02
3.879999923706054688e+02 6.468658447265625000e+02 2.050000000000000000e+02
3.873390960693359375e+02 6.465702819824218750e+02 2.050000000000000000e+02
3.879999923706054688e+02 6.469417572021484375e+02 2.059999847412109375e+02
3.872428131103515625e+02 6.466097259521484375e+02 2.059999847412109375e+02
3.869701385498046875e+02 6.466394042968750000e+02 2.070918655395507812e+02
3.867427825927734375e+02 6.463998413085937500e+02 2.059999847412109375e+02
3.868391036987304688e+02 6.463587951660156250e+02 2.050000000000000000e+02
3.866168975830078125e+02 6.464524841308593750e+02 2.068197822570800781e+02
3.859999847412109375e+02 6.461460113525390625e+02 2.059999847412109375e+02
3.859999847412109375e+02 6.460670471191406250e+02 2.050000000000000000e+02
3.850000000000000000e+02 6.458689117431640625e+02 2.059999847412109375e+02
3.860961532592773438e+02 6.463186645507812500e+02 2.070918655395507812e+02
3.850000000000000000e+02 6.459888458251953125e+02 2.069999885559082031e+02
3.858423233032226562e+02 6.463917541503906250e+02 2.079999923706054688e+02
3.864936065673828125e+02 6.465021514892578125e+02 2.074864387512207031e+02
3.863423156738281250e+02 6.465520477294921875e+02 2.079999923706054688e+02
3.859776687622070312e+02 6.466458129882812500e+02 2.090135574340820312e+02
3.856294631958007812e+02 6.464587402343750000e+02 2.086892509460449219e+02
3.853834152221679688e+02 6.465327453613281250e+02 2.093559265136718750e+02
3.850300598144531250e+02 6.463620758056640625e+02 2.090135574340820312e+02
3.850300598144531250e+02 6.466141510009765625e+02 2.100312995910644531e+02
3.843640518188476562e+02 6.465317535400390625e+02 2.103855133056640625e+02
3.847167587280273438e+02 6.464418029785156250e+02 2.097188377380371094e+02
3.840184402465820312e+02 6.463619232177734375e+02 2.100312995910644531e+02
3.839999771118164062e+02 6.461161041259765625e+02 2.089999961853027344e+02
3.836973953247070312e+02 6.464559173583984375e+02 2.106471824645996094e+02
3.829999923706054688e+02 6.461661529541015625e+02 2.100000000000000000e+02
3.820000076293945312e+02 6.460466003417968750e+02 2.100000000000000000e+02
3.829999923706054688e+02 6.459443664550781250e+02 2.089999961853027344e+02
3.829007720947265625e+02 6.464149475097656250e+02 2.109883117675781250e+02
3.820000076293945312e+02 6.463034057617187500e+02 2.109999847412109375e+02
3.825012969970703125e+02 6.464997863769531250e+02 2.115007209777832031e+02
3.831679916381835938e+02 6.465579223632812500e+02 2.113138580322265625e+02
3.829007720947265625e+02 6.466976928710937500e+02 2.119004249572753906e+02
3.840184402465820312e+02 6.466361999511718750e+02 2.109883117675781250e+02
3.839999771118164062e+02 6.469570159912109375e+02 2.119999885559082031e+02
3.840060424804687500e+02 6.473216247558593750e+02 2.130366134643554688e+02
3.850760650634765625e+02 6.472699737548828125e+02 2.120793724060058594e+02
3.847934341430664062e+02 6.474142456054687500e+02 2.127276992797851562e+02
3.829999923706054688e+02 6.470867156982421875e+02 2.129999923706054688e+02
3.836767196655273438e+02 6.474552917480468750e+02 2.136165428161621094e+02
3.843434143066406250e+02 6.475415039062500000e+02 2.133943748474121094e+02
3.840060424804687500e+02 6.476836395263671875e+02 2.139699172973632812e+02
3.829999923706054688e+02 6.475714111328125000e+02 2.143193626403808594e+02
3.824477005004882812e+02 6.475091552734375000e+02 2.144759368896484375e+02
3.829999923706054688e+02 6.473830413818359375e+02 2.138193511962890625e+02
3.829999923706054688e+02 6.478694152832031250e+02 2.150000000000000000e+02
3.820686340332031250e+02 6.476631164550781250e+02 2.149639701843261719e+02
3.829263687133789062e+02 6.483319854736328125e+02 2.160152626037597656e+02
3.820000076293945312e+02 6.481348419189453125e+02 2.159999847412109375e+02
3.825439834594726562e+02 6.484893035888671875e+02 2.165200042724609375e+02
3.820000076293945312e+02 6.484378814697265625e+02 2.166164779663085938e+02
3.809999847412109375e+02 6.483594512939453125e+02 2.167662429809570312e+02
3.809999847412109375e+02 6.486278533935546875e+02 2.172662544250488281e+02
3.809999847412109375e+02 6.479821777343750000e+02 2.159999847412109375e+02
3.800000000000000000e+02 6.483113098144531250e+02 2.168640708923339844e+02
3.789999771118164062e+02 6.482933807373046875e+02 2.169071388244628906e+02
3.800000000000000000e+02 6.478910827636718750e+02 2.159999847412109375e+02
3.800000000000000000e+02 6.485735321044921875e+02 2.173640823364257812e+02
3.789999771118164062e+02 6.485491943359375000e+02 2.174071502685546875e+02
3.800000000000000000e+02 6.489415740966796875e+02 2.179999923706054688e+02
3.789999771118164062e+02 6.488906097412109375e+02 2.179999923706054688e+02
3.779999923706054688e+02 6.489118957519531250e+02 2.179999923706054688e+02
3.789999771118164062e+02 6.493414306640625000e+02 2.187297248840332031e+02
3.779999923706054688e+02 6.493517303466796875e+02 2.187160682678222656e+02
3.789999771118164062e+02 6.496932983398437500e+02 2.192297172546386719e+02
3.779999923706054688e+02 6.497015380859375000e+02 2.192160606384277344e+02
3.770000076293945312e+02 6.497402954101562500e+02 2.191579055786132812e+02
3.779999923706054688e+02 6.502014923095703125e+02 2.198843193054199219e+02
3.770000076293945312e+02 6.502403259277343750e+02 2.198334884643554688e+02
3.759999847412109375e+02 6.503047180175781250e+02 2.197513961791992188e+02
3.770000076293945312e+02 6.506352233886718750e+02 2.203334999084472656e+02
3.759999847412109375e+02 6.507004547119140625e+02 2.202513885498046875e+02
3.759999847412109375e+02 6.512004089355468750e+02 2.208404731750488281e+02
3.750000000000000000e+02 6.508020782470703125e+02 2.201218795776367188e+02
3.739990234375000000e+02 6.510012817382812500e+02 2.200008392333984375e+02
3.750000000000000000e+02 6.504062652587890625e+02 2.196218872070312500e+02
3.750000000000000000e+02 6.513021087646484375e+02 2.207252311706542969e+02
3.742285537719726562e+02 6.514105987548828125e+02 2.206017875671386719e+02
3.750000000000000000e+02 6.517539215087890625e+02 2.212252235412597656e+02
3.750000000000000000e+02 6.522538757324218750e+02 2.217434501647949219e+02
3.759999847412109375e+02 6.516471099853515625e+02 2.213404846191406250e+02
3.739371109008789062e+02 6.518386077880859375e+02 2.209610748291015625e+02
3.730935287475585938e+02 6.522116088867187500e+02 2.210082054138183594e+02
3.735618591308593750e+02 6.515218353271484375e+02 2.204742050170898438e+02
3.739999771118164062e+02 6.524069213867187500e+02 2.215921592712402344e+02
3.734892272949218750e+02 6.524952697753906250e+02 2.215047454833984375e+02
3.739379119873046875e+02 6.530422973632812500e+02 2.221610832214355469e+02
3.730935287475585938e+02 6.529903411865234375e+02 2.217936515808105469e+02
3.735632324218750000e+02 6.535243988037109375e+02 2.224789237976074219e+02
3.742298889160156250e+02 6.534037780761718750e+02 2.225836563110351562e+02
3.750000000000000000e+02 6.527839660644531250e+02 2.222434616088867188e+02
3.740082168579101562e+02 6.540035247802734375e+02 2.229998397827148438e+02
3.737865447998046875e+02 6.546146392822265625e+02 2.234160232543945312e+02
3.729999923706054688e+02 6.541569519042968750e+02 2.227784538269042969e+02
3.722412872314453125e+02 6.543515014648437500e+02 2.226218986511230469e+02
3.729999923706054688e+02 6.536569213867187500e+02 2.223634910583496094e+02
3.729999923706054688e+02 6.547985839843750000e+02 2.232784461975097656e+02
3.719959640502929688e+02 6.549982452392578125e+02 2.230040168762207031e+02
3.729999923706054688e+02 6.552985382080078125e+02 2.236413002014160156e+02
3.724173355102539062e+02 6.554501342773437500e+02 2.235357475280761719e+02
3.730446243286132812e+02 6.560706329345703125e+02 2.241632652282714844e+02
3.734077453613281250e+02 6.564509582519531250e+02 2.245303153991699219e+02
3.727410507202148438e+02 6.566423797607421875e+02 2.244170379638671875e+02
3.720503997802734375e+02 6.559988403320312500e+02 2.237383842468261719e+02
3.712707519531250000e+02 6.563314056396484375e+02 2.236111831665039062e+02
3.717506790161132812e+02 6.556647491455078125e+02 2.233861541748046875e+02
3.719393539428710938e+02 6.569854736328125000e+02 2.243004035949707031e+02
3.715655899047851562e+02 6.575532531738281250e+02 2.244724464416503906e+02
3.722322845458984375e+02 6.573090362548828125e+02 2.246059799194335938e+02
3.709624481201171875e+02 6.569511413574218750e+02 2.238388442993164062e+02
3.702499389648437500e+02 6.572518920898437500e+02 2.236477851867675781e+02
3.706040954589843750e+02 6.565852355957031250e+02 2.234460258483886719e+02
3.709173202514648438e+02 6.579319763183593750e+02 2.243638038635253906e+02
3.705289077758789062e+02 6.585314178466796875e+02 2.244861030578613281e+02
3.711955642700195312e+02 6.582199096679687500e+02 2.246373176574707031e+02
3.699499511718750000e+02 6.579570007324218750e+02 2.238547515869140625e+02
3.693146133422851562e+02 6.582616424560546875e+02 2.236240196228027344e+02
3.695832824707031250e+02 6.575949859619140625e+02 2.234475898742675781e+02
3.699645614624023438e+02 6.589188385009765625e+02 2.243280982971191406e+02
3.689887619018554688e+02 6.590341949462890625e+02 2.237656784057617188e+02
3.696076202392578125e+02 6.596759796142578125e+02 2.244367027282714844e+02
3.702742767333984375e+02 6.591980743408203125e+02 2.246257400512695312e+02
3.699645614624023438e+02 6.600056457519531250e+02 2.247500801086425781e+02
3.709173202514648438e+02 6.589188385009765625e+02 2.248232460021972656e+02
3.710239791870117188e+02 6.599984741210937500e+02 2.252832031250000000e+02
3.719867324829101562e+02 6.589936065673828125e+02 2.253081703186035156e+02
3.719393539428710938e+02 6.579319763183593750e+02 2.248063468933105469e+02
3.716445541381835938e+02 6.596641540527343750e+02 2.254423332214355469e+02
3.723112106323242188e+02 6.593226623535156250e+02 2.255715560913085938e+02
3.727139282226562500e+02 6.586560058593750000e+02 2.254339408874511719e+02
3.730283355712890625e+02 6.580547332763671875e+02 2.252496910095214844e+02
3.730283355712890625e+02 6.589936065673828125e+02 2.256645584106445312e+02
3.733805847167968750e+02 6.584245300292968750e+02 2.255351638793945312e+02
3.729999923706054688e+02 6.600000000000000000e+02 2.260269165039062500e+02
3.739999771118164062e+02 6.590000152587890625e+02 2.259195709228515625e+02
3.739999771118164062e+02 6.582627868652343750e+02 2.256096267700195312e+02
3.739999771118164062e+02 6.577627563476562500e+02 2.253736305236816406e+02
3.739999771118164062e+02 6.570000457763671875e+02 2.249808502197265625e+02
3.747439575195312500e+02 6.575925445556640625e+02 2.254552841186523438e+02
3.750463867187500000e+02 6.570818328857421875e+02 2.252448654174804688e+02
3.730446243286132812e+02 6.569854736328125000e+02 2.247075080871582031e+02
3.739999771118164062e+02 6.563224792480468750e+02 2.246072196960449219e+02
3.719867324829101562e+02 6.599984741210937500e+02 2.256870079040527344e+02
3.720000076293945312e+02 6.610000610351562500e+02 2.259976959228515625e+02
3.713733291625976562e+02 6.603308105468750000e+02 2.255566406250000000e+02
3.711603927612304688e+02 6.610000610351562500e+02 2.256525230407714844e+02
3.706603622436523438e+02 6.610000610351562500e+02 2.254253578186035156e+02
3.709043121337890625e+02 6.619101715087890625e+02 2.257523727416992188e+02
3.709999847412109375e+02 6.630000305175781250e+02 2.259821319580078125e+02
3.720778656005859375e+02 6.620580291748046875e+02 2.262818717956542969e+02
3.703868484497070312e+02 6.621836090087890625e+02 2.255609512329101562e+02
3.705072021484375000e+02 6.615169525146484375e+02 2.254965591430664062e+02
3.700321197509765625e+02 6.619101715087890625e+02 2.253113937377929688e+02
3.700000000000000000e+02 6.610000610351562500e+02 2.250745010375976562e+02
3.697648239135742188e+02 6.630000305175781250e+02 2.253522682189941406e+02
3.689633560180664062e+02 6.620905303955078125e+02 2.247154808044433594e+02
3.686055755615234375e+02 6.618175506591796875e+02 2.244294929504394531e+02
3.692660140991210938e+02 6.610000610351562500e+02 2.246491241455078125e+02
3.689999771118164062e+02 6.630000305175781250e+02 2.248947143554687500e+02
3.684952926635742188e+02 6.624842071533203125e+02 2.245033645629882812e+02
3.680971908569335938e+02 6.620905303955078125e+02 2.241196632385253906e+02
3.684408187866210938e+02 6.630000305175781250e+02 2.245424461364746094e+02
3.679408264160156250e+02 6.630000305175781250e+02 2.241739845275878906e+02
3.683493804931640625e+02 6.640000152587890625e+02 2.246077919006347656e+02
3.682878875732421875e+02 6.650000000000000000e+02 2.246497535705566406e+02
3.689999771118164062e+02 6.640000152587890625e+02 2.250219154357910156e+02
3.678493881225585938e+02 6.640000152587890625e+02 2.242418098449707031e+02
3.672010421752929688e+02 6.640000152587890625e+02 2.237418174743652344e+02
3.677878952026367188e+02 6.650000000000000000e+02 2.242895126342773438e+02
3.671380615234375000e+02 6.650000000000000000e+02 2.237895011901855469e+02
3.666380691528320312e+02 6.650000000000000000e+02 2.233848381042480469e+02
3.667010498046875000e+02 6.640000152587890625e+02 2.233306884765625000e+02
3.660919952392578125e+02 6.650000000000000000e+02 2.228848266601562500e+02
3.655920028686523438e+02 6.650000000000000000e+02 2.224075508117675781e+02
3.661503982543945312e+02 6.640000152587890625e+02 2.228306961059570312e+02
3.662275695800781250e+02 6.630000305175781250e+02 2.227575302124023438e+02
3.656504058837890625e+02 6.640000152587890625e+02 2.223482131958007812e+02
3.651744461059570312e+02 6.640000152587890625e+02 2.218482208251953125e+02
3.657275390625000000e+02 6.630000305175781250e+02 2.222697830200195312e+02
3.652487564086914062e+02 6.630000305175781250e+02 2.217697906494140625e+02
3.658385467529296875e+02 6.620000457763671875e+02 2.221548652648925781e+02
3.659962844848632812e+02 6.609886932373046875e+02 2.220042037963867188e+02
3.663385391235351562e+02 6.620000457763671875e+02 2.226528549194335938e+02
3.653563308715820312e+02 6.620000457763671875e+02 2.216548728942871094e+02
3.654479598999023438e+02 6.613346099853515625e+02 2.215564346313476562e+02
3.647920608520507812e+02 6.619274139404296875e+02 2.209550476074218750e+02
3.651441192626953125e+02 6.610007476806640625e+02 2.210618400573730469e+02
3.645116806030273438e+02 6.615456390380859375e+02 2.204836845397949219e+02
3.647487640380859375e+02 6.630000305175781250e+02 2.211893463134765625e+02
3.644302749633789062e+02 6.622123718261718750e+02 2.205917549133300781e+02
3.641526412963867188e+02 6.619274139404296875e+02 2.200902175903320312e+02
3.643562698364257812e+02 6.630000305175781250e+02 2.206893348693847656e+02
3.638083267211914062e+02 6.630441284179687500e+02 2.199132156372070312e+02
3.642879867553710938e+02 6.640000152587890625e+02 2.207809066772460938e+02
3.637879562377929688e+02 6.640000152587890625e+02 2.200767517089843750e+02
3.646744537353515625e+02 6.640000152587890625e+02 2.212809181213378906e+02
3.642385101318359375e+02 6.650000000000000000e+02 2.208511161804199219e+02
3.637385177612304688e+02 6.650000000000000000e+02 2.201500511169433594e+02
3.642132568359375000e+02 6.660000610351562500e+02 2.208876228332519531e+02
3.646173858642578125e+02 6.650000000000000000e+02 2.213511085510253906e+02
3.651173782348632812e+02 6.650000000000000000e+02 2.219075393676757812e+02
3.645880126953125000e+02 6.660000610351562500e+02 2.213876152038574219e+02
3.650880050659179688e+02 6.660000610351562500e+02 2.219367408752441406e+02
3.645940017700195312e+02 6.670000457763671875e+02 2.213814353942871094e+02
3.642152023315429688e+02 6.670000457763671875e+02 2.208814430236816406e+02
3.637152099609375000e+02 6.670000457763671875e+02 2.201901054382324219e+02
3.642431640625000000e+02 6.680000305175781250e+02 2.208376312255859375e+02
3.637431716918945312e+02 6.680000305175781250e+02 2.201562309265136719e+02
3.633936309814453125e+02 6.680000305175781250e+02 2.196562385559082031e+02
3.637916183471679688e+02 6.690000152587890625e+02 2.200954627990722656e+02
3.634336853027343750e+02 6.690000152587890625e+02 2.195954513549804688e+02
3.630732345581054688e+02 6.690000152587890625e+02 2.189999961853027344e+02
3.634716415405273438e+02 6.696807098388671875e+02 2.195403480529785156e+02
3.632350921630859375e+02 6.700083923339843750e+02 2.190770721435546875e+02
3.626901245117187500e+02 6.700000000000000000e+02 2.181669235229492188e+02
3.632656860351562500e+02 6.710000610351562500e+02 2.188656044006347656e+02
3.635252380371093750e+02 6.703473663330078125e+02 2.194618034362792969e+02
3.627184295654296875e+02 6.710647583007812500e+02 2.179464340209960938e+02
3.633734512329101562e+02 6.720000457763671875e+02 2.186901092529296875e+02
3.637184143066406250e+02 6.720000457763671875e+02 2.191901206970214844e+02
3.634578323364257812e+02 6.726361083984375000e+02 2.185611724853515625e+02
3.629484176635742188e+02 6.720000457763671875e+02 2.179999923706054688e+02
3.625749588012695312e+02 6.720000457763671875e+02 2.173672103881835938e+02
3.632397842407226562e+02 6.729817199707031250e+02 2.180418205261230469e+02
3.627063751220703125e+02 6.730000305175781250e+02 2.171387100219726562e+02
3.633611679077148438e+02 6.740000152587890625e+02 2.177192115783691406e+02
3.635639953613281250e+02 6.733028411865234375e+02 2.184030532836914062e+02
3.628507232666015625e+02 6.739115905761718750e+02 2.169065475463867188e+02
3.634632110595703125e+02 6.745966339111328125e+02 2.175559043884277344e+02
3.632728958129882812e+02 6.749580383300781250e+02 2.170110511779785156e+02
3.627220916748046875e+02 6.750218963623046875e+02 2.159810638427734375e+02
3.633885955810546875e+02 6.757676696777343750e+02 2.166851043701171875e+02
3.635936737060546875e+02 6.752633666992187500e+02 2.173517608642578125e+02
3.631674957275390625e+02 6.760606384277343750e+02 2.160700416564941406e+02
3.626471328735351562e+02 6.760678863525390625e+02 2.150418472290039062e+02
3.633453369140625000e+02 6.768307495117187500e+02 2.157834053039550781e+02
3.635289001464843750e+02 6.764343261718750000e+02 2.164500808715820312e+02
3.631236267089843750e+02 6.770984649658203125e+02 2.150984954833984375e+02
3.626375961303710938e+02 6.770529174804687500e+02 2.140687561035156250e+02
3.625213623046875000e+02 6.764463806152343750e+02 2.144479370117187500e+02
3.625352859497070312e+02 6.774215698242187500e+02 2.133946800231933594e+02
3.623913574218750000e+02 6.767548370361328125e+02 2.137812614440917969e+02
3.631509780883789062e+02 6.780820465087890625e+02 2.140770912170410156e+02
3.627086639404296875e+02 6.779850006103515625e+02 2.130368041992187500e+02
3.625909042358398438e+02 6.783294677734375000e+02 2.119999885559082031e+02
3.624275970458984375e+02 6.776416778564453125e+02 2.127280235290527344e+02
3.632661819458007812e+02 6.790253448486328125e+02 2.129649353027343750e+02
3.629735183715820312e+02 6.790000152587890625e+02 2.119999885559082031e+02
3.634644699096679688e+02 6.795510101318359375e+02 2.126082229614257812e+02
3.633826065063476562e+02 6.796724700927734375e+02 2.119999885559082031e+02
3.632748031616210938e+02 6.798398590087890625e+02 2.109999847412109375e+02
3.637363815307617188e+02 6.801724243164062500e+02 2.119999885559082031e+02
3.636126708984375000e+02 6.803398895263671875e+02 2.109999847412109375e+02
3.642363739013671875e+02 6.808236694335937500e+02 2.119999885559082031e+02
3.641717910766601562e+02 6.810660552978515625e+02 2.109798240661621094e+02
3.643958663940429688e+02 6.806263732910156250e+02 2.129999923706054688e+02
3.646511077880859375e+02 6.813236999511718750e+02 2.119999885559082031e+02
3.651511001586914062e+02 6.818717956542968750e+02 2.119999885559082031e+02
3.645483779907226562e+02 6.814433288574218750e+02 2.112997245788574219e+02
3.649949645996093750e+02 6.820035552978515625e+02 2.110139656066894531e+02
3.644694519042968750e+02 6.815354156494140625e+02 2.106330490112304688e+02
3.648585510253906250e+02 6.821083068847656250e+02 2.100000000000000000e+02
3.654415893554687500e+02 6.825574493408203125e+02 2.107282257080078125e+02
3.655288314819335938e+02 6.824716949462890625e+02 2.113948822021484375e+02
3.656301879882812500e+02 6.823718261718750000e+02 2.119999885559082031e+02
3.659959411621093750e+02 6.830031585693359375e+02 2.110149002075195312e+02
3.658875274658203125e+02 6.831394195556640625e+02 2.100000000000000000e+02
3.661301803588867188e+02 6.828438568115234375e+02 2.119999885559082031e+02
3.664630508422851562e+02 6.835329437255859375e+02 2.106349372863769531e+02
3.665591430664062500e+02 6.834489440917968750e+02 2.113015937805175781e+02
3.663875579833984375e+02 6.835997772216796875e+02 2.100000000000000000e+02
3.662881851196289062e+02 6.836888885498046875e+02 2.089999961853027344e+02
3.670776367187500000e+02 6.841592407226562500e+02 2.099932479858398438e+02
3.668940353393554688e+02 6.841889190673828125e+02 2.089999961853027344e+02
3.674627304077148438e+02 6.845285034179687500e+02 2.096554183959960938e+02
3.673940277099609375e+02 6.845812225341796875e+02 2.089999961853027344e+02
3.679999923706054688e+02 6.850151824951171875e+02 2.089999961853027344e+02
3.673064804077148438e+02 6.846486663818359375e+02 2.079999923706054688e+02
3.672453308105468750e+02 6.846955871582031250e+02 2.069999885559082031e+02
3.680806350708007812e+02 6.852087402343750000e+02 2.080161666870117188e+02
3.668064880371093750e+02 6.842567443847656250e+02 2.079999923706054688e+02
3.662150573730468750e+02 6.837567901611328125e+02 2.079999923706054688e+02
3.667453384399414062e+02 6.843046569824218750e+02 2.069999885559082031e+02
3.661647033691406250e+02 6.838046264648437500e+02 2.069999885559082031e+02
3.667303085327148438e+02 6.843142700195312500e+02 2.059999847412109375e+02
3.661574554443359375e+02 6.838142395019531250e+02 2.059999847412109375e+02
3.667615890502929688e+02 6.842824554443359375e+02 2.050000000000000000e+02
3.672303390502929688e+02 6.847092437744140625e+02 2.059999847412109375e+02
3.672615814208984375e+02 6.846903991699218750e+02 2.050000000000000000e+02
3.679039001464843750e+02 6.852092742919921875e+02 2.059999847412109375e+02
3.679183197021484375e+02 6.851903533935546875e+02 2.050000000000000000e+02
3.679269790649414062e+02 6.851955413818359375e+02 2.069999885559082031e+02
3.684038925170898438e+02 6.855680084228515625e+02 2.059999847412109375e+02
3.684183120727539062e+02 6.855591583251953125e+02 2.050000000000000000e+02
3.684270095825195312e+02 6.855512237548828125e+02 2.069999885559082031e+02
3.689999771118164062e+02 6.859633636474609375e+02 2.059999847412109375e+02
3.689999771118164062e+02 6.859529876708984375e+02 2.050000000000000000e+02
3.689999771118164062e+02 6.859265136718750000e+02 2.069999885559082031e+02
3.696672058105468750e+02 6.863954162597656250e+02 2.059999847412109375e+02
3.696675872802734375e+02 6.863938140869140625e+02 2.050000000000000000e+02
3.697003173828125000e+02 6.863752746582031250e+02 2.069999885559082031e+02
3.697804260253906250e+02 6.863271331787109375e+02 2.079999923706054688e+02
3.689153289794921875e+02 6.857752990722656250e+02 2.080161666870117188e+02
3.685255813598632812e+02 6.854830169677734375e+02 2.083602714538574219e+02
3.684677505493164062e+02 6.855226898193359375e+02 2.076936149597167969e+02
3.696927642822265625e+02 6.863761138916015625e+02 2.039999961853027344e+02
3.701676177978515625e+02 6.867045593261718750e+02 2.050000000000000000e+02
3.701927947998046875e+02 6.866912841796875000e+02 2.039999961853027344e+02
3.702554702758789062e+02 6.866525268554687500e+02 2.029999923706054688e+02
3.709999847412109375e+02 6.871643066406250000e+02 2.039999961853027344e+02
3.709999847412109375e+02 6.870829010009765625e+02 2.029999923706054688e+02
3.709999847412109375e+02 6.869335174560546875e+02 2.019999885559082031e+02
3.703725051879882812e+02 6.865795135498046875e+02 2.019999885559082031e+02
3.709558105468750000e+02 6.867146301269531250e+02 2.010394096374511719e+02
3.712620544433593750e+02 6.866291046142578125e+02 2.000000000000000000e+02
3.705929946899414062e+02 6.864473724365234375e+02 2.007323646545410156e+02
3.704647064208984375e+02 6.865221405029296875e+02 2.013990211486816406e+02
3.720550155639648438e+02 6.872763824462890625e+02 2.010050392150878906e+02
3.720000076293945312e+02 6.870003509521484375e+02 2.000000000000000000e+02
3.719939422607421875e+02 6.866999053955078125e+02 1.990301704406738281e+02
3.727967453002929688e+02 6.873712158203125000e+02 2.000000000000000000e+02
3.730803298950195312e+02 6.872130584716796875e+02 1.990756416320800781e+02
3.729710006713867188e+02 6.867479705810546875e+02 1.979743576049804688e+02
3.734672164916992188e+02 6.875138854980468750e+02 1.994594001770019531e+02
3.737576293945312500e+02 6.873970031738281250e+02 1.987927246093750000e+02
3.723232650756835938e+02 6.865881347656250000e+02 1.982905960083007812e+02
3.716565704345703125e+02 6.864190673828125000e+02 1.987169456481933594e+02
3.714230346679687500e+02 6.865418243408203125e+02 1.993836021423339844e+02
3.710538101196289062e+02 6.862049865722656250e+02 1.990301704406738281e+02
3.702030944824218750e+02 6.856919860839843750e+02 1.989999961853027344e+02
3.709920883178710938e+02 6.857530212402343750e+02 1.980142593383789062e+02
3.707620239257812500e+02 6.863528442382812500e+02 2.000000000000000000e+02
3.699237060546875000e+02 6.858237457275390625e+02 1.999541091918945312e+02
3.700788116455078125e+02 6.861949157714843750e+02 2.010394096374511719e+02
3.695395278930664062e+02 6.854731750488281250e+02 1.995901870727539062e+02
3.694038772583007812e+02 6.855690765380859375e+02 2.002568435668945312e+02
3.690423202514648438e+02 6.852075195312500000e+02 1.999541091918945312e+02
3.692779159545898438e+02 6.856581115722656250e+02 2.009999847412109375e+02
3.691300582885742188e+02 6.857607269287109375e+02 2.019999885559082031e+02
3.687779235839843750e+02 6.852925872802734375e+02 2.009999847412109375e+02
3.681447982788085938e+02 6.847926330566406250e+02 2.009999847412109375e+02
3.686300659179687500e+02 6.854040527343750000e+02 2.019999885559082031e+02
3.679268646240234375e+02 6.848466491699218750e+02 2.019963073730468750e+02
3.685400390625000000e+02 6.854706573486328125e+02 2.027374458312988281e+02
3.680910491943359375e+02 6.851578521728515625e+02 2.030424690246582031e+02
3.689240264892578125e+02 6.857754516601562500e+02 2.030424690246582031e+02
3.689999771118164062e+02 6.859099578857421875e+02 2.039999961853027344e+02
3.697554779052734375e+02 6.863357543945312500e+02 2.029999923706054688e+02
3.684850692749023438e+02 6.855113983154296875e+02 2.034041213989257812e+02
3.684544372558593750e+02 6.855339050292968750e+02 2.039999961853027344e+02
3.679544067382812500e+02 6.851528930664062500e+02 2.039999961853027344e+02
3.673144912719726562e+02 6.846528625488281250e+02 2.039999961853027344e+02
3.668144607543945312e+02 6.842292785644531250e+02 2.039999961853027344e+02
3.673884582519531250e+02 6.845943450927734375e+02 2.029999923706054688e+02
3.674547958374023438e+02 6.845391082763671875e+02 2.023271751403808594e+02
3.668884658813476562e+02 6.841536712646484375e+02 2.029999923706054688e+02
3.663409805297851562e+02 6.836537170410156250e+02 2.029999923706054688e+02
3.669852447509765625e+02 6.840170288085937500e+02 2.019413185119628906e+02
3.665156936645507812e+02 6.834840393066406250e+02 2.015554809570312500e+02
3.664261245727539062e+02 6.835723876953125000e+02 2.022221374511718750e+02
3.671025085449218750e+02 6.838730621337890625e+02 2.009999847412109375e+02
3.675447845458984375e+02 6.844616699218750000e+02 2.016605186462402344e+02
3.676448059082031250e+02 6.843730926513671875e+02 2.009999847412109375e+02
3.678168869018554688e+02 6.842147064208984375e+02 2.000000000000000000e+02
3.680031204223632812e+02 6.839978027343750000e+02 1.990061378479003906e+02
3.683169174194335938e+02 6.846545410156250000e+02 2.000000000000000000e+02
3.672764587402343750e+02 6.837147521972656250e+02 2.000000000000000000e+02
3.667764282226562500e+02 6.832102203369140625e+02 2.000000000000000000e+02
3.674142837524414062e+02 6.835839080810546875e+02 1.993051147460937500e+02
3.669989776611328125e+02 6.830034637451171875e+02 1.989944267272949219e+02
3.672615051269531250e+02 6.827562713623046875e+02 1.979999923706054688e+02
3.675652694702148438e+02 6.834348297119140625e+02 1.986384582519531250e+02
3.665836334228515625e+02 6.824023437500000000e+02 1.986837387084960938e+02
3.664363479614257812e+02 6.825720977783203125e+02 1.993504142761230469e+02
3.660401916503906250e+02 6.819523620605468750e+02 1.990896987915039062e+02
3.663110733032226562e+02 6.827102661132812500e+02 2.000000000000000000e+02
3.658110809326171875e+02 6.821215820312500000e+02 2.000000000000000000e+02
3.661393737792968750e+02 6.828942108154296875e+02 2.009999847412109375e+02
3.656393814086914062e+02 6.823345184326171875e+02 2.009999847412109375e+02
3.659834289550781250e+02 6.830217742919921875e+02 2.019310569763183594e+02
3.666025161743164062e+02 6.833941650390625000e+02 2.009999847412109375e+02
3.655407333374023438e+02 6.824530029296875000e+02 2.016399765014648438e+02
3.654465103149414062e+02 6.825594329833984375e+02 2.023066329956054688e+02
3.658409500122070312e+02 6.831449127197265625e+02 2.029999923706054688e+02
3.653668975830078125e+02 6.826448822021484375e+02 2.029999923706054688e+02
3.657583618164062500e+02 6.832381439208984375e+02 2.039999961853027344e+02
3.652766036987304688e+02 6.827381134033203125e+02 2.039999961853027344e+02
3.656968307495117188e+02 6.833045196533203125e+02 2.050000000000000000e+02
3.662583923339843750e+02 6.837293243408203125e+02 2.039999961853027344e+02
3.661968612670898438e+02 6.837825012207031250e+02 2.050000000000000000e+02
3.656574630737304688e+02 6.833467102050781250e+02 2.059999847412109375e+02
3.652092742919921875e+02 6.828045654296875000e+02 2.050000000000000000e+02
3.651641464233398438e+02 6.828467559814453125e+02 2.059999847412109375e+02
3.647092437744140625e+02 6.822505187988281250e+02 2.050000000000000000e+02
3.643023681640625000e+02 6.817505645751953125e+02 2.050000000000000000e+02
3.647765731811523438e+02 6.821677398681640625e+02 2.039999961853027344e+02
3.646641540527343750e+02 6.823047637939453125e+02 2.059999847412109375e+02
3.646646499633789062e+02 6.823066711425781250e+02 2.069999885559082031e+02
3.642604064941406250e+02 6.818048095703125000e+02 2.059999847412109375e+02
3.642565155029296875e+02 6.818067169189453125e+02 2.069999885559082031e+02
3.637604141235351562e+02 6.811264801025390625e+02 2.059999847412109375e+02
3.638023376464843750e+02 6.810667419433593750e+02 2.050000000000000000e+02
3.634143829345703125e+02 6.806265258789062500e+02 2.059999847412109375e+02
3.637564849853515625e+02 6.811388397216796875e+02 2.069999885559082031e+02
3.634046554565429688e+02 6.806388092041015625e+02 2.069999885559082031e+02
3.637851715087890625e+02 6.811116027832031250e+02 2.079999923706054688e+02
3.634210586547851562e+02 6.806116485595703125e+02 2.079999923706054688e+02
3.642851638793945312e+02 6.817646789550781250e+02 2.079999923706054688e+02
3.638327026367187500e+02 6.810600280761718750e+02 2.089999961853027344e+02
3.634564208984375000e+02 6.805600738525390625e+02 2.089999961853027344e+02
3.638510513305664062e+02 6.809102630615234375e+02 2.099491691589355469e+02
3.643326950073242188e+02 6.817015075683593750e+02 2.089999961853027344e+02
3.644082641601562500e+02 6.816082763671875000e+02 2.100000000000000000e+02
3.647672653198242188e+02 6.822014617919921875e+02 2.089999961853027344e+02
3.647051239013671875e+02 6.822647094726562500e+02 2.079999923706054688e+02
3.652672576904296875e+02 6.827309417724609375e+02 2.089999961853027344e+02
3.652051162719726562e+02 6.827967834472656250e+02 2.079999923706054688e+02
3.653585433959960938e+02 6.826394653320312500e+02 2.100000000000000000e+02
3.657881927490234375e+02 6.832309722900390625e+02 2.089999961853027344e+02
3.657150268554687500e+02 6.832968139648437500e+02 2.079999923706054688e+02
3.656647109985351562e+02 6.833421325683593750e+02 2.069999885559082031e+02
3.651646423339843750e+02 6.828421783447265625e+02 2.069999885559082031e+02
3.635407257080078125e+02 6.804409027099609375e+02 2.102486228942871094e+02
3.634873580932617188e+02 6.805171203613281250e+02 2.095819664001464844e+02
3.632514953613281250e+02 6.800645446777343750e+02 2.099491691589355469e+02
3.631041336059570312e+02 6.800000000000000000e+02 2.089999961853027344e+02
3.626988601684570312e+02 6.791551971435546875e+02 2.100000000000000000e+02
3.624136352539062500e+02 6.786551666259765625e+02 2.100000000000000000e+02
3.626477050781250000e+02 6.792408752441406250e+02 2.089999961853027344e+02
3.627312088012695312e+02 6.789405822753906250e+02 2.110354614257812500e+02
3.625189590454101562e+02 6.784642791748046875e+02 2.113924217224121094e+02
3.624620056152343750e+02 6.785675811767578125e+02 2.107257652282714844e+02
3.622647476196289062e+02 6.780786132812500000e+02 2.110354614257812500e+02
3.623332595825195312e+02 6.778294372558593750e+02 2.119999885559082031e+02
3.617131423950195312e+02 6.769215393066406250e+02 2.109539222717285156e+02
3.620795822143554688e+02 6.780000305175781250e+02 2.100000000000000000e+02
3.616659545898437500e+02 6.771212005615234375e+02 2.100000000000000000e+02
3.619886779785156250e+02 6.780000305175781250e+02 2.089999961853027344e+02
3.616214370727539062e+02 6.772280120849609375e+02 2.089999961853027344e+02
3.619511795043945312e+02 6.780000305175781250e+02 2.079999923706054688e+02
3.623672485351562500e+02 6.787408447265625000e+02 2.089999961853027344e+02
3.623478317260742188e+02 6.787802124023437500e+02 2.079999923706054688e+02
3.623462295532226562e+02 6.787893676757812500e+02 2.069999885559082031e+02
3.626231765747070312e+02 6.792802429199218750e+02 2.079999923706054688e+02
3.626152420043945312e+02 6.792893981933593750e+02 2.069999885559082031e+02
3.630442428588867188e+02 6.800000000000000000e+02 2.079999923706054688e+02
3.630199050903320312e+02 6.800000000000000000e+02 2.069999885559082031e+02
3.630404663085937500e+02 6.800000000000000000e+02 2.059999847412109375e+02
3.631152725219726562e+02 6.800000000000000000e+02 2.050000000000000000e+02
3.626260757446289062e+02 6.792653656005859375e+02 2.059999847412109375e+02
3.626604080200195312e+02 6.792002105712890625e+02 2.050000000000000000e+02
3.623612594604492188e+02 6.787653350830078125e+02 2.059999847412109375e+02
3.623958969116210938e+02 6.787001800537109375e+02 2.050000000000000000e+02
3.619826889038085938e+02 6.780000305175781250e+02 2.059999847412109375e+02
3.620550537109375000e+02 6.780000305175781250e+02 2.050000000000000000e+02
3.616214370727539062e+02 6.772280120849609375e+02 2.059999847412109375e+02
3.619495773315429688e+02 6.780000305175781250e+02 2.069999885559082031e+02
3.616033554077148438e+02 6.772707366943359375e+02 2.069999885559082031e+02
3.616033554077148438e+02 6.772707366943359375e+02 2.079999923706054688e+02
3.613828277587890625e+02 6.767707824707031250e+02 2.069999885559082031e+02
3.614017868041992188e+02 6.767279815673828125e+02 2.059999847412109375e+02
3.613828277587890625e+02 6.767707824707031250e+02 2.079999923706054688e+02
3.611061477661132812e+02 6.760000610351562500e+02 2.069999885559082031e+02
3.611423873901367188e+02 6.760000610351562500e+02 2.059999847412109375e+02
3.611061477661132812e+02 6.760000610351562500e+02 2.079999923706054688e+02
3.607833862304687500e+02 6.750000000000000000e+02 2.069999885559082031e+02
3.608197021484375000e+02 6.750000000000000000e+02 2.059999847412109375e+02
3.605600738525390625e+02 6.742609405517578125e+02 2.069999885559082031e+02
3.607833862304687500e+02 6.750000000000000000e+02 2.079999923706054688e+02
3.605600738525390625e+02 6.742609405517578125e+02 2.079999923706054688e+02
3.608197021484375000e+02 6.750000000000000000e+02 2.089999961853027344e+02
3.609086227416992188e+02 6.750000000000000000e+02 2.100000000000000000e+02
3.611423873901367188e+02 6.760000610351562500e+02 2.089999961853027344e+02
3.605791091918945312e+02 6.741795349121093750e+02 2.089999961853027344e+02
3.604569625854492188e+02 6.736795043945312500e+02 2.089999961853027344e+02
3.606143188476562500e+02 6.739437866210937500e+02 2.099880027770996094e+02
3.604826736450195312e+02 6.735729217529296875e+02 2.096466827392578125e+02
3.607783508300781250e+02 6.740000152587890625e+02 2.109999847412109375e+02
3.605229949951171875e+02 6.734014892578125000e+02 2.103133583068847656e+02
3.605665588378906250e+02 6.730409240722656250e+02 2.110809898376464844e+02
3.604019165039062500e+02 6.730409240722656250e+02 2.099880027770996094e+02
3.602961730957031250e+02 6.730000305175781250e+02 2.089999961853027344e+02
3.601965332031250000e+02 6.720000457763671875e+02 2.100000000000000000e+02
3.604475402832031250e+02 6.727348327636718750e+02 2.108016586303710938e+02
3.603722763061523438e+02 6.720809936523437500e+02 2.110809898376464844e+02
3.601965332031250000e+02 6.710000610351562500e+02 2.109999847412109375e+02
3.604475402832031250e+02 6.718016815185546875e+02 2.117347908020019531e+02
3.605057907104492188e+02 6.724683380126953125e+02 2.114683341979980469e+02
3.605665588378906250e+02 6.720809936523437500e+02 2.120408630371093750e+02
3.607896423339843750e+02 6.720000457763671875e+02 2.129999923706054688e+02
3.607434844970703125e+02 6.730000305175781250e+02 2.119999885559082031e+02
3.605229949951171875e+02 6.713134002685546875e+02 2.124014472961425781e+02
3.604019165039062500e+02 6.709880828857421875e+02 2.120408630371093750e+02
3.606206512451171875e+02 6.709880828857421875e+02 2.129413604736328125e+02
3.605827713012695312e+02 6.700000000000000000e+02 2.131832313537597656e+02
3.604826736450195312e+02 6.706467437744140625e+02 2.125689506530761719e+02
3.609297943115234375e+02 6.710000610351562500e+02 2.139999961853027344e+02
3.613155364990234375e+02 6.710531616210937500e+02 2.150827980041503906e+02
3.610830688476562500e+02 6.720000457763671875e+02 2.139999961853027344e+02
3.608318710327148438e+02 6.700000000000000000e+02 2.139999961853027344e+02
3.611747360229492188e+02 6.700000000000000000e+02 2.150000000000000000e+02
3.607744216918945312e+02 6.690000152587890625e+02 2.139999961853027344e+02
3.607540130615234375e+02 6.680000305175781250e+02 2.139999961853027344e+02
3.605521392822265625e+02 6.690000152587890625e+02 2.133033370971679688e+02
3.611135101318359375e+02 6.690000152587890625e+02 2.150000000000000000e+02
3.613912200927734375e+02 6.690000152587890625e+02 2.157456588745117188e+02
3.610874557495117188e+02 6.680000305175781250e+02 2.150000000000000000e+02
3.610972213745117188e+02 6.670000457763671875e+02 2.150000000000000000e+02
3.613751602172851562e+02 6.680000305175781250e+02 2.157843780517578125e+02
3.613785552978515625e+02 6.670000457763671875e+02 2.157794570922851562e+02
3.615987396240234375e+02 6.680000305175781250e+02 2.162843894958496094e+02
3.615998458862304688e+02 6.670000457763671875e+02 2.162794494628906250e+02
3.616171264648437500e+02 6.690000152587890625e+02 2.162456703186035156e+02
3.619357299804687500e+02 6.680000305175781250e+02 2.169999885559082031e+02
3.623369598388671875e+02 6.680000305175781250e+02 2.178045845031738281e+02
3.619797134399414062e+02 6.690000152587890625e+02 2.169999885559082031e+02
3.619297027587890625e+02 6.670000457763671875e+02 2.169999885559082031e+02
3.619588470458984375e+02 6.660000610351562500e+02 2.169999885559082031e+02
3.623298645019531250e+02 6.670000457763671875e+02 2.178282737731933594e+02
3.623411178588867188e+02 6.660000610351562500e+02 2.178160476684570312e+02
3.625916671752929688e+02 6.670000457763671875e+02 2.183282661437988281e+02
3.625952148437500000e+02 6.660000610351562500e+02 2.183160400390625000e+02
3.629644393920898438e+02 6.670000457763671875e+02 2.189999961853027344e+02
3.626076889038085938e+02 6.680000305175781250e+02 2.183045768737792969e+02
3.630012893676757812e+02 6.680000305175781250e+02 2.189999961853027344e+02
3.626395416259765625e+02 6.690000152587890625e+02 2.182514381408691406e+02
3.623625564575195312e+02 6.690000152587890625e+02 2.177514266967773438e+02
3.624074554443359375e+02 6.700000000000000000e+02 2.176669120788574219e+02
3.620625305175781250e+02 6.700000000000000000e+02 2.169999885559082031e+02
3.624563980102539062e+02 6.707746124267578125e+02 2.175774002075195312e+02
3.622451400756835938e+02 6.710647583007812500e+02 2.170893478393554688e+02
3.623037719726562500e+02 6.720000457763671875e+02 2.168672180175781250e+02
3.625098037719726562e+02 6.714412689208984375e+02 2.174822616577148438e+02
3.616781997680664062e+02 6.710531616210937500e+02 2.159472846984863281e+02
3.614642715454101562e+02 6.707551574707031250e+02 2.155788230895996094e+02
3.616550827026367188e+02 6.700000000000000000e+02 2.161661148071289062e+02
3.615114593505859375e+02 6.714218902587890625e+02 2.154713439941406250e+02
3.618733215332031250e+02 6.720000457763671875e+02 2.159999847412109375e+02
3.615695571899414062e+02 6.720000457763671875e+02 2.153312301635742188e+02
3.621095657348632812e+02 6.730000305175781250e+02 2.159999847412109375e+02
3.616630554199218750e+02 6.730399322509765625e+02 2.149821662902832031e+02
3.623553085327148438e+02 6.739115905761718750e+02 2.159810638427734375e+02
3.624241638183593750e+02 6.730000305175781250e+02 2.166386985778808594e+02
3.624938964843750000e+02 6.735192108154296875e+02 2.165109062194824219e+02
3.619323348999023438e+02 6.740000152587890625e+02 2.150000000000000000e+02
3.624324035644531250e+02 6.747030639648437500e+02 2.156351089477539062e+02
3.626029968261718750e+02 6.741859436035156250e+02 2.163017845153808594e+02
3.622682571411132812e+02 6.750218963623046875e+02 2.150418472290039062e+02
3.617716598510742188e+02 6.749002838134765625e+02 2.139002227783203125e+02
3.623944473266601562e+02 6.757797241210937500e+02 2.147364044189453125e+02
3.625452041625976562e+02 6.753697967529296875e+02 2.154030799865722656e+02
3.622343444824218750e+02 6.760678863525390625e+02 2.140687561035156250e+02
3.618376541137695312e+02 6.760000610351562500e+02 2.129999923706054688e+02
3.615980529785156250e+02 6.760275268554687500e+02 2.120988082885742188e+02
3.622635650634765625e+02 6.770529174804687500e+02 2.130368041992187500e+02
3.615789031982421875e+02 6.752492523193359375e+02 2.129999923706054688e+02
3.615004348754882812e+02 6.754985809326171875e+02 2.124979972839355469e+02
3.614268875122070312e+02 6.747492218017578125e+02 2.129999923706054688e+02
3.612274932861328125e+02 6.740000152587890625e+02 2.129999923706054688e+02
3.612957000732421875e+02 6.750991821289062500e+02 2.120988082885742188e+02
3.614998626708984375e+02 6.745004272460937500e+02 2.135003662109375000e+02
3.614345932006835938e+02 6.740000152587890625e+02 2.136973762512207031e+02
3.616086196899414062e+02 6.740000152587890625e+02 2.141973686218261719e+02
3.613179779052734375e+02 6.730399322509765625e+02 2.140576744079589844e+02
3.609908676147460938e+02 6.730000305175781250e+02 2.129999923706054688e+02
3.614454650878906250e+02 6.727331542968750000e+02 2.146369552612304688e+02
3.615245819091796875e+02 6.733998107910156250e+02 2.144294548034667969e+02
3.613723373413085938e+02 6.720000457763671875e+02 2.148312187194824219e+02
3.609762191772460938e+02 6.740000152587890625e+02 2.119999885559082031e+02
3.610502624511718750e+02 6.750000000000000000e+02 2.109999847412109375e+02
3.614278793334960938e+02 6.757125854492187500e+02 2.118313407897949219e+02
3.613714981079101562e+02 6.760275268554687500e+02 2.109539222717285156e+02
3.612311553955078125e+02 6.760000610351562500e+02 2.100000000000000000e+02
3.614847946166992188e+02 6.765359497070312500e+02 2.105898666381835938e+02
3.615426635742187500e+02 6.763792419433593750e+02 2.112565422058105469e+02
3.614482116699218750e+02 6.766211700439453125e+02 2.100000000000000000e+02
3.614017868041992188e+02 6.767279815673828125e+02 2.089999961853027344e+02
3.619555282592773438e+02 6.770000457763671875e+02 2.119999885559082031e+02
3.614256286621093750e+02 6.700000000000000000e+02 2.156661033630371094e+02
3.633727645874023438e+02 6.670000457763671875e+02 2.196901130676269531e+02
3.629702758789062500e+02 6.660000610351562500e+02 2.189999961853027344e+02
3.630233001708984375e+02 6.650000000000000000e+02 2.189999961853027344e+02
3.633750534057617188e+02 6.660000610351562500e+02 2.196888732910156250e+02
3.634012985229492188e+02 6.650000000000000000e+02 2.196500396728515625e+02
3.637132644653320312e+02 6.660000610351562500e+02 2.201888656616210938e+02
3.634494781494140625e+02 6.640000152587890625e+02 2.195767402648925781e+02
3.634855270385742188e+02 6.634068298339843750e+02 2.195220184326171875e+02
3.631205368041992188e+02 6.640000152587890625e+02 2.189999961853027344e+02
3.632827758789062500e+02 6.630441284179687500e+02 2.190600967407226562e+02
3.626710510253906250e+02 6.640000152587890625e+02 2.181508064270019531e+02
3.627097320556640625e+02 6.630054473876953125e+02 2.179335975646972656e+02
3.626219940185546875e+02 6.650000000000000000e+02 2.182585716247558594e+02
3.624273300170898438e+02 6.640000152587890625e+02 2.176507949829101562e+02
3.624736785888671875e+02 6.633423614501953125e+02 2.175560188293457031e+02
3.621427536010742188e+02 6.640000152587890625e+02 2.169999885559082031e+02
3.623729324340820312e+02 6.650000000000000000e+02 2.177585601806640625e+02
3.620278930664062500e+02 6.650000000000000000e+02 2.169999885559082031e+02
3.616549682617187500e+02 6.650000000000000000e+02 2.161373710632324219e+02
3.616177368164062500e+02 6.660000610351562500e+02 2.162347984313964844e+02
3.614422988891601562e+02 6.650000000000000000e+02 2.156373786926269531e+02
3.616944122314453125e+02 6.640283966064453125e+02 2.159290504455566406e+02
3.614802169799804688e+02 6.643805694580078125e+02 2.155484390258789062e+02
3.619039916992187500e+02 6.630000305175781250e+02 2.159999847412109375e+02
3.615368270874023438e+02 6.637139129638671875e+02 2.153853034973144531e+02
3.613736343383789062e+02 6.640283966064453125e+02 2.150311660766601562e+02
3.615860366821289062e+02 6.629040527343750000e+02 2.150311660766601562e+02
3.615014648437500000e+02 6.625067138671875000e+02 2.144951057434082031e+02
3.614325714111328125e+02 6.631734466552734375e+02 2.147186279296875000e+02
3.617958831787109375e+02 6.620000457763671875e+02 2.150000000000000000e+02
3.620790100097656250e+02 6.610000610351562500e+02 2.150000000000000000e+02
3.615584945678710938e+02 6.619029998779296875e+02 2.140970611572265625e+02
3.621281051635742188e+02 6.620000457763671875e+02 2.159999847412109375e+02
3.624042510986328125e+02 6.620000457763671875e+02 2.167395973205566406e+02
3.623765182495117188e+02 6.610518646240234375e+02 2.159734916687011719e+02
3.625755310058593750e+02 6.607530975341796875e+02 2.162891578674316406e+02
3.624767684936523438e+02 6.614197540283203125e+02 2.165590667724609375e+02
3.624573898315429688e+02 6.603836059570312500e+02 2.156224822998046875e+02
3.623798751831054688e+02 6.600301361083984375e+02 2.149363327026367188e+02
3.627115249633789062e+02 6.600301361083984375e+02 2.159734916687011719e+02
3.625818252563476562e+02 6.597169494628906250e+02 2.152272224426269531e+02
3.631013488769531250e+02 6.600000000000000000e+02 2.169999885559082031e+02
3.632022476196289062e+02 6.589067077636718750e+02 2.160913467407226562e+02
3.633934020996093750e+02 6.582843780517578125e+02 2.158189201354980469e+02
3.627618408203125000e+02 6.590752410888671875e+02 2.149363327026367188e+02
3.635050582885742188e+02 6.585111999511718750e+02 2.164855957031250000e+02
3.633899688720703125e+02 6.592434692382812500e+02 2.169999885559082031e+02
3.634914016723632812e+02 6.594801330566406250e+02 2.175184822082519531e+02
3.636081695556640625e+02 6.587434387207031250e+02 2.169999885559082031e+02
3.639699554443359375e+02 6.580000305175781250e+02 2.169999885559082031e+02
3.638527679443359375e+02 6.590880584716796875e+02 2.179110908508300781e+02
3.643466949462890625e+02 6.580587768554687500e+02 2.179328918457031250e+02
3.643365859985351562e+02 6.590000152587890625e+02 2.187906837463378906e+02
3.636329269409179688e+02 6.600000000000000000e+02 2.182221984863281250e+02
3.633982849121093750e+02 6.600000000000000000e+02 2.177222061157226562e+02
3.641357040405273438e+02 6.599067687988281250e+02 2.190956306457519531e+02
3.635268783569335938e+02 6.605887603759765625e+02 2.184444427490234375e+02
3.637166976928710938e+02 6.609532165527343750e+02 2.189765167236328125e+02
3.632478332519531250e+02 6.609532165527343750e+02 2.180666542053222656e+02
3.627354431152343750e+02 6.610518646240234375e+02 2.169354438781738281e+02
3.629419326782226562e+02 6.620000457763671875e+02 2.179999923706054688e+02
3.634295272827148438e+02 6.612554168701171875e+02 2.186275291442871094e+02
3.633361816406250000e+02 6.620000457763671875e+02 2.187957763671875000e+02
3.636181259155273438e+02 6.620000457763671875e+02 2.192957687377929688e+02
3.635388183593750000e+02 6.627400970458984375e+02 2.194334983825683594e+02
3.626057815551757812e+02 6.620000457763671875e+02 2.172395896911621094e+02
3.625304412841796875e+02 6.626757049560546875e+02 2.174270439147949219e+02
3.623222351074218750e+02 6.630054473876953125e+02 2.170562171936035156e+02
3.642507171630859375e+02 6.610000610351562500e+02 2.198681449890136719e+02
3.643822479248046875e+02 6.601779174804687500e+02 2.196738243103027344e+02
3.645941925048828125e+02 6.610000610351562500e+02 2.203681373596191406e+02
3.647152328491210938e+02 6.599067687988281250e+02 2.200042915344238281e+02
3.651433181762695312e+02 6.589830017089843750e+02 2.200452423095703125e+02
3.645043563842773438e+02 6.595112609863281250e+02 2.194927215576171875e+02
3.652657699584960938e+02 6.600000000000000000e+02 2.207875633239746094e+02
3.656857299804687500e+02 6.600000000000000000e+02 2.212875556945800781e+02
3.654071044921875000e+02 6.593050384521484375e+02 2.206136703491210938e+02
3.659645080566406250e+02 6.589277648925781250e+02 2.210423278808593750e+02
3.662443161010742188e+02 6.580000305175781250e+02 2.207958602905273438e+02
3.655702209472656250e+02 6.586383819580078125e+02 2.204087448120117188e+02
3.663587570190429688e+02 6.592171478271484375e+02 2.216451454162597656e+02
3.665277862548828125e+02 6.585504150390625000e+02 2.214710044860839844e+02
3.666930770874023438e+02 6.580000305175781250e+02 2.212958526611328125e+02
3.669463348388671875e+02 6.588990020751953125e+02 2.220515251159667969e+02
3.671930694580078125e+02 6.580000305175781250e+02 2.217928695678710938e+02
3.666868591308593750e+02 6.600000000000000000e+02 2.223228263854980469e+02
3.673648834228515625e+02 6.592475128173828125e+02 2.226190376281738281e+02
3.675481033325195312e+02 6.585808563232421875e+02 2.224579238891601562e+02
3.679921722412109375e+02 6.589855957031250000e+02 2.230071640014648438e+02
3.677389144897460938e+02 6.580000305175781250e+02 2.222928810119628906e+02
3.680451202392578125e+02 6.570564270019531250e+02 2.219612312316894531e+02
3.682389450073242188e+02 6.580000305175781250e+02 2.227092933654785156e+02
3.684371185302734375e+02 6.574217224121093750e+02 2.225504112243652344e+02
3.689887619018554688e+02 6.579570007324218750e+02 2.232359886169433594e+02
3.690385818481445312e+02 6.570530700683593750e+02 2.227423477172851562e+02
3.686479187011718750e+02 6.587236785888671875e+02 2.233953094482421875e+02
3.693976593017578125e+02 6.563990783691406250e+02 2.225725746154785156e+02
3.687310028076171875e+02 6.567550659179687500e+02 2.223232269287109375e+02
3.699499511718750000e+02 6.569511413574218750e+02 2.232797241210937500e+02
3.700569534301757812e+02 6.560394287109375000e+02 2.227385902404785156e+02
3.704282760620117188e+02 6.554425048828125000e+02 2.225457000732421875e+02
3.697615814208984375e+02 6.557324218750000000e+02 2.223238182067871094e+02
3.709624481201171875e+02 6.559988403320312500e+02 2.232267189025878906e+02
3.709999847412109375e+02 6.552416229248046875e+02 2.226988792419433594e+02
3.709999847412109375e+02 6.547416687011718750e+02 2.222975921630859375e+02
3.700559234619140625e+02 6.550448608398437500e+02 2.219626617431640625e+02
3.710983657836914062e+02 6.540326690673828125e+02 2.217390441894531250e+02
3.715746307373046875e+02 6.545463562011718750e+02 2.224619293212890625e+02
3.719447708129882812e+02 6.540109252929687500e+02 2.221815681457519531e+02
3.720000076293945312e+02 6.533616638183593750e+02 2.216305160522460938e+02
3.714973068237304688e+02 6.534983062744140625e+02 2.215016174316406250e+02
3.719147491455078125e+02 6.527979278564453125e+02 2.210082054138183594e+02
3.721912384033203125e+02 6.523356628417968750e+02 2.206803512573242188e+02
3.710983657836914062e+02 6.532440948486328125e+02 2.209680557250976562e+02
3.715245819091796875e+02 6.525143432617187500e+02 2.204835700988769531e+02
3.728225326538085938e+02 6.526505279541015625e+02 2.213470077514648438e+02
3.709999847412109375e+02 6.526813507080078125e+02 2.202865028381347656e+02
3.719182586669921875e+02 6.519577789306640625e+02 2.200548171997070312e+02
3.723119354248046875e+02 6.514024353027343750e+02 2.196260643005371094e+02
3.716452789306640625e+02 6.515798187255859375e+02 2.193881988525390625e+02
3.709999847412109375e+02 6.522710418701171875e+02 2.197864913940429688e+02
3.729999923706054688e+02 6.516431427001953125e+02 2.203252029418945312e+02
3.729999923706054688e+02 6.512457275390625000e+02 2.198251914978027344e+02
3.729126739501953125e+02 6.507023620605468750e+02 2.190205574035644531e+02
3.719871520996093750e+02 6.511581420898437500e+02 2.190329170227050781e+02
3.731877899169921875e+02 6.503663635253906250e+02 2.187009429931640625e+02
3.725211334228515625e+02 6.505096435546875000e+02 2.184839820861816406e+02
3.737694931030273438e+02 6.505919647216796875e+02 2.193676185607910156e+02
3.740616989135742188e+02 6.502589416503906250e+02 2.190205574035644531e+02
3.739130401611328125e+02 6.496762847900390625e+02 2.180122947692871094e+02
3.744361495971679688e+02 6.504788970947265625e+02 2.195274734497070312e+02
3.750000000000000000e+02 6.499711608886718750e+02 2.189999961853027344e+02
3.750000000000000000e+02 6.495649719238281250e+02 2.183900260925292969e+02
3.759009170532226562e+02 6.497439575195312500e+02 2.189485931396484375e+02
3.761682128906250000e+02 6.494449615478515625e+02 2.185810089111328125e+02
3.755015182495117188e+02 6.495002746582031250e+02 2.184995460510253906e+02
3.759009170532226562e+02 6.492037200927734375e+02 2.180997276306152344e+02
3.750000000000000000e+02 6.492776489257812500e+02 2.178900337219238281e+02
3.759999847412109375e+02 6.486708831787109375e+02 2.171505546569824219e+02
3.770000076293945312e+02 6.489943695068359375e+02 2.179999923706054688e+02
3.770000076293945312e+02 6.486018371582031250e+02 2.172992706298828125e+02
3.770000076293945312e+02 6.493925476074218750e+02 2.186579132080078125e+02
3.770000076293945312e+02 6.483532714843750000e+02 2.167992782592773438e+02
3.779999923706054688e+02 6.485601806640625000e+02 2.173845481872558594e+02
3.779999923706054688e+02 6.483078002929687500e+02 2.168845558166503906e+02
3.779999923706054688e+02 6.479020690917968750e+02 2.159999847412109375e+02
3.770000076293945312e+02 6.479999542236328125e+02 2.159999847412109375e+02
3.779999923706054688e+02 6.475942993164062500e+02 2.152647972106933594e+02
3.789999771118164062e+02 6.478646087646484375e+02 2.159999847412109375e+02
3.789999771118164062e+02 6.475713348388671875e+02 2.153315734863281250e+02
3.789999771118164062e+02 6.473660278320312500e+02 2.148315811157226562e+02
3.800000000000000000e+02 6.475798034667968750e+02 2.153175544738769531e+02
3.800000000000000000e+02 6.473677825927734375e+02 2.148175621032714844e+02
3.809999847412109375e+02 6.476228332519531250e+02 2.152256393432617188e+02
3.809999847412109375e+02 6.474037170410156250e+02 2.147256469726562500e+02
3.809999847412109375e+02 6.471450805664062500e+02 2.139999961853027344e+02
3.817810440063476562e+02 6.474534606933593750e+02 2.146066093444824219e+02
3.820686340332031250e+02 6.473102569580078125e+02 2.140855598449707031e+02
3.820000076293945312e+02 6.469255065917968750e+02 2.129999923706054688e+02
3.809999847412109375e+02 6.468245697021484375e+02 2.129999923706054688e+02
3.820000076293945312e+02 6.466278076171875000e+02 2.120897865295410156e+02
3.809999847412109375e+02 6.465832519531250000e+02 2.122189140319824219e+02
3.820000076293945312e+02 6.464734649658203125e+02 2.115897750854492188e+02
3.809999847412109375e+02 6.464380645751953125e+02 2.117189025878906250e+02
3.800000000000000000e+02 6.464346313476562500e+02 2.117502212524414062e+02
3.809999847412109375e+02 6.462413787841796875e+02 2.109999847412109375e+02
3.800000000000000000e+02 6.462462615966796875e+02 2.109999847412109375e+02
3.809999847412109375e+02 6.460014343261718750e+02 2.100000000000000000e+02
3.809999847412109375e+02 6.458072662353515625e+02 2.089999961853027344e+02
3.800000000000000000e+02 6.460271453857421875e+02 2.100000000000000000e+02
3.789999771118164062e+02 6.461119842529296875e+02 2.100000000000000000e+02
3.800000000000000000e+02 6.458506774902343750e+02 2.089999961853027344e+02
3.800000000000000000e+02 6.456971740722656250e+02 2.079999923706054688e+02
3.789999771118164062e+02 6.459526824951171875e+02 2.089999961853027344e+02
3.779999923706054688e+02 6.460943603515625000e+02 2.089999961853027344e+02
3.789999771118164062e+02 6.458143615722656250e+02 2.079999923706054688e+02
3.789999771118164062e+02 6.457030487060546875e+02 2.069999885559082031e+02
3.779999923706054688e+02 6.459653472900390625e+02 2.079999923706054688e+02
3.770000076293945312e+02 6.461611175537109375e+02 2.079999923706054688e+02
3.779999923706054688e+02 6.458649444580078125e+02 2.069999885559082031e+02
3.770000076293945312e+02 6.460682678222656250e+02 2.069999885559082031e+02
3.779999923706054688e+02 6.458148956298828125e+02 2.059999847412109375e+02
3.770000076293945312e+02 6.460230255126953125e+02 2.059999847412109375e+02
3.779999923706054688e+02 6.458148956298828125e+02 2.050000000000000000e+02
3.789999771118164062e+02 6.456465911865234375e+02 2.059999847412109375e+02
3.789999771118164062e+02 6.456465911865234375e+02 2.050000000000000000e+02
3.797705459594726562e+02 6.455332183837890625e+02 2.059999847412109375e+02
3.797569656372070312e+02 6.455332183837890625e+02 2.050000000000000000e+02
3.800293350219726562e+02 6.455651092529296875e+02 2.069740486145019531e+02
3.802705383300781250e+02 6.454728698730468750e+02 2.059999847412109375e+02
3.802569961547851562e+02 6.454702758789062500e+02 2.050000000000000000e+02
3.803821945190429688e+02 6.454865264892578125e+02 2.066234207153320312e+02
3.809999847412109375e+02 6.454291534423828125e+02 2.059999847412109375e+02
3.809999847412109375e+02 6.454167938232421875e+02 2.050000000000000000e+02
3.809999847412109375e+02 6.454728698730468750e+02 2.067363929748535156e+02
3.820000076293945312e+02 6.454305267333984375e+02 2.059999847412109375e+02
3.820000076293945312e+02 6.454027557373046875e+02 2.050000000000000000e+02
3.820000076293945312e+02 6.454768371582031250e+02 2.066923904418945312e+02
3.827200698852539062e+02 6.454742431640625000e+02 2.059999847412109375e+02
3.828910064697265625e+02 6.454562377929687500e+02 2.050000000000000000e+02
3.825647354125976562e+02 6.454918670654296875e+02 2.065647506713867188e+02
3.832200622558593750e+02 6.455360412597656250e+02 2.059999847412109375e+02
3.833910369873046875e+02 6.455130004882812500e+02 2.050000000000000000e+02
3.829388427734375000e+02 6.455908203125000000e+02 2.069388389587402344e+02
3.839999771118164062e+02 6.456587982177734375e+02 2.059999847412109375e+02
3.839999771118164062e+02 6.456050872802734375e+02 2.050000000000000000e+02
3.839999771118164062e+02 6.457668304443359375e+02 2.069999885559082031e+02
3.839999771118164062e+02 6.459236145019531250e+02 2.079999923706054688e+02
3.829999923706054688e+02 6.457589721679687500e+02 2.079999923706054688e+02
3.850000000000000000e+02 6.461516571044921875e+02 2.079999923706054688e+02
3.820000076293945312e+02 6.456608581542968750e+02 2.079999923706054688e+02
3.820000076293945312e+02 6.458377075195312500e+02 2.089999961853027344e+02
3.809999847412109375e+02 6.456404113769531250e+02 2.079999923706054688e+02
3.820000076293945312e+02 6.455397796630859375e+02 2.071924018859863281e+02
3.809999847412109375e+02 6.455312347412109375e+02 2.072364044189453125e+02
3.839999771118164062e+02 6.456052398681640625e+02 2.039999961853027344e+02
3.850000000000000000e+02 6.458003234863281250e+02 2.050000000000000000e+02
3.850000000000000000e+02 6.457914733886718750e+02 2.039999961853027344e+02
3.850000000000000000e+02 6.458480834960937500e+02 2.029999923706054688e+02
3.859999847412109375e+02 6.460526275634765625e+02 2.039999961853027344e+02
3.859999847412109375e+02 6.460978698730468750e+02 2.029999923706054688e+02
3.868608474731445312e+02 6.463506317138671875e+02 2.039999961853027344e+02
3.868235397338867188e+02 6.463700866699218750e+02 2.029999923706054688e+02
3.873608398437500000e+02 6.465605926513671875e+02 2.039999961853027344e+02
3.873235702514648438e+02 6.465738677978515625e+02 2.029999923706054688e+02
3.872301483154296875e+02 6.466067504882812500e+02 2.019999885559082031e+02
3.879999923706054688e+02 6.468648529052734375e+02 2.029999923706054688e+02
3.879999923706054688e+02 6.469250488281250000e+02 2.019999885559082031e+02
3.879999923706054688e+02 6.470463562011718750e+02 2.009999847412109375e+02
3.888600158691406250e+02 6.473183441162109375e+02 2.019999885559082031e+02
3.887445831298828125e+02 6.473773956298828125e+02 2.009999847412109375e+02
3.893600082397460938e+02 6.475734710693359375e+02 2.019999885559082031e+02
3.892445755004882812e+02 6.476324462890625000e+02 2.009999847412109375e+02
3.900000000000000000e+02 6.479415893554687500e+02 2.019999885559082031e+02
3.900000000000000000e+02 6.480602264404296875e+02 2.009999847412109375e+02
3.906916427612304688e+02 6.483680725097656250e+02 2.019999885559082031e+02
3.906056976318359375e+02 6.484278106689453125e+02 2.009999847412109375e+02
3.911916351318359375e+02 6.487189483642578125e+02 2.019999885559082031e+02
3.911056900024414062e+02 6.487754821777343750e+02 2.009999847412109375e+02
3.918654251098632812e+02 6.492189788818359375e+02 2.019999885559082031e+02
3.917964172363281250e+02 6.492754364013671875e+02 2.009999847412109375e+02
3.922964096069335938e+02 6.496593475341796875e+02 2.009999847412109375e+02
3.916891479492187500e+02 6.493596649169921875e+02 2.000000000000000000e+02
3.915843963623046875e+02 6.494383239746093750e+02 1.992627143859863281e+02
3.921891403198242188e+02 6.497371673583984375e+02 2.000000000000000000e+02
3.909199142456054688e+02 6.488147735595703125e+02 2.000318908691406250e+02
3.905331802368164062e+02 6.484776306152343750e+02 2.003864860534667969e+02
3.904268646240234375e+02 6.485451507568359375e+02 1.997198295593261719e+02
3.902798843383789062e+02 6.486341094970703125e+02 1.989999961853027344e+02
3.900561141967773438e+02 6.482633209228515625e+02 2.000318908691406250e+02
3.889666366577148438e+02 6.476832580566406250e+02 1.999312591552734375e+02
3.897798919677734375e+02 6.483351898193359375e+02 1.989999961853027344e+02
3.889999771118164062e+02 6.479185485839843750e+02 1.989999961853027344e+02
3.896129608154296875e+02 6.484337615966796875e+02 1.982890892028808594e+02
3.890542984008789062e+02 6.482424926757812500e+02 1.979734611511230469e+02
3.886945724487304688e+02 6.484017181396484375e+02 1.969999885559082031e+02
3.894238662719726562e+02 6.485401916503906250e+02 1.976224327087402344e+02
3.879599761962890625e+02 6.477198791503906250e+02 1.980185127258300781e+02
3.879999923706054688e+02 6.480903625488281250e+02 1.969999885559082031e+02
3.883063888549804688e+02 6.475833892822265625e+02 1.989999961853027344e+02
3.873295593261718750e+02 6.475626373291015625e+02 1.976975440979003906e+02
3.875999450683593750e+02 6.474585723876953125e+02 1.983642005920410156e+02
3.869977188110351562e+02 6.473451995849609375e+02 1.980185127258300781e+02
3.878063964843750000e+02 6.473731231689453125e+02 1.989999961853027344e+02
3.880851364135742188e+02 6.472736358642578125e+02 1.999312591552734375e+02
3.870000076293945312e+02 6.470669555664062500e+02 1.989999961853027344e+02
3.859136962890625000e+02 6.467065429687500000e+02 1.990865516662597656e+02
3.870000076293945312e+02 6.468320465087890625e+02 2.000000000000000000e+02
3.862303543090820312e+02 6.465733337402343750e+02 2.000000000000000000e+02
3.869667434692382812e+02 6.466432952880859375e+02 2.009475708007812500e+02
3.864509582519531250e+02 6.465135955810546875e+02 2.005792808532714844e+02
3.866112899780273438e+02 6.464585876464843750e+02 2.012459373474121094e+02
3.860705947875976562e+02 6.463527679443359375e+02 2.009475708007812500e+02
3.867301559448242188e+02 6.464116668701171875e+02 2.019999885559082031e+02
3.859999847412109375e+02 6.461888885498046875e+02 2.019999885559082031e+02
3.850000000000000000e+02 6.459543609619140625e+02 2.019999885559082031e+02
3.850000000000000000e+02 6.460960388183593750e+02 2.009999847412109375e+02
3.839999771118164062e+02 6.457951354980468750e+02 2.019999885559082031e+02
3.839999771118164062e+02 6.459439849853515625e+02 2.009999847412109375e+02
3.829999923706054688e+02 6.456946563720703125e+02 2.019999885559082031e+02
3.839999771118164062e+02 6.456736755371093750e+02 2.029999923706054688e+02
3.830073547363281250e+02 6.455573272705078125e+02 2.030129623413085938e+02
3.833536911010742188e+02 6.455157470703125000e+02 2.039999961853027344e+02
3.826789093017578125e+02 6.454821014404296875e+02 2.033549499511718750e+02
3.820000076293945312e+02 6.455377197265625000e+02 2.027892875671386719e+02
3.809389114379882812e+02 6.455481719970703125e+02 2.030184555053710938e+02
3.820000076293945312e+02 6.456557464599609375e+02 2.019999885559082031e+02
3.820000076293945312e+02 6.454738616943359375e+02 2.032892990112304688e+02
3.812314987182617188e+02 6.454830932617187500e+02 2.033641052246093750e+02
3.820000076293945312e+02 6.454229736328125000e+02 2.039999961853027344e+02
3.828536987304687500e+02 6.454624176025390625e+02 2.039999961853027344e+02
3.809389114379882812e+02 6.454582977294921875e+02 2.039389038085937500e+02
3.803641128540039062e+02 6.454830932617187500e+02 2.042315101623535156e+02
3.805648422241210938e+02 6.455043029785156250e+02 2.035648345947265625e+02
3.800184631347656250e+02 6.455481719970703125e+02 2.039389038085937500e+02
3.789999771118164062e+02 6.456940460205078125e+02 2.039999961853027344e+02
3.800000000000000000e+02 6.456481170654296875e+02 2.029999923706054688e+02
3.789999771118164062e+02 6.457904815673828125e+02 2.029999923706054688e+02
3.800000000000000000e+02 6.457904815673828125e+02 2.019999885559082031e+02
3.789999771118164062e+02 6.459198760986328125e+02 2.019999885559082031e+02
3.800000000000000000e+02 6.459468078613281250e+02 2.009999847412109375e+02
3.809999847412109375e+02 6.456940460205078125e+02 2.019999885559082031e+02
3.809999847412109375e+02 6.458597564697265625e+02 2.009999847412109375e+02
3.820000076293945312e+02 6.458238983154296875e+02 2.009999847412109375e+02
3.809999847412109375e+02 6.460364532470703125e+02 2.000000000000000000e+02
3.800000000000000000e+02 6.461128997802734375e+02 2.000000000000000000e+02
3.809999847412109375e+02 6.462516021728515625e+02 1.989999961853027344e+02
3.820000076293945312e+02 6.460079193115234375e+02 2.000000000000000000e+02
3.820000076293945312e+02 6.462329101562500000e+02 1.989999961853027344e+02
3.829999923706054688e+02 6.460387420654296875e+02 2.000000000000000000e+02
3.829999923706054688e+02 6.462665557861328125e+02 1.989999961853027344e+02
3.839999771118164062e+02 6.461233520507812500e+02 2.000000000000000000e+02
3.829999923706054688e+02 6.458557128906250000e+02 2.009999847412109375e+02
3.840267181396484375e+02 6.463748931884765625e+02 1.989300155639648438e+02
3.850000000000000000e+02 6.462772369384765625e+02 2.000000000000000000e+02
3.850000000000000000e+02 6.464390563964843750e+02 1.992707252502441406e+02
3.857303237915039062e+02 6.464394378662109375e+02 2.000000000000000000e+02
3.855228042602539062e+02 6.464940643310546875e+02 1.994776153564453125e+02
3.850000000000000000e+02 6.465747833251953125e+02 1.987707328796386719e+02
3.843778610229492188e+02 6.465139770507812500e+02 1.985500144958496094e+02
3.850000000000000000e+02 6.468029022216796875e+02 1.979999923706054688e+02
3.840267181396484375e+02 6.466244506835937500e+02 1.980526733398437500e+02
3.850000000000000000e+02 6.471382904052734375e+02 1.969999885559082031e+02
3.859999847412109375e+02 6.470423889160156250e+02 1.979999923706054688e+02
3.859550476074218750e+02 6.473628997802734375e+02 1.970068168640136719e+02
3.855917358398437500e+02 6.474749755859375000e+02 1.964407539367675781e+02
3.862583923339843750e+02 6.475685119628906250e+02 1.966780281066894531e+02
3.866628646850585938e+02 6.474425506591796875e+02 1.973446846008300781e+02
3.869977188110351562e+02 6.476920318603515625e+02 1.970068168640136719e+02
3.870846939086914062e+02 6.481856536865234375e+02 1.959123420715332031e+02
3.868078231811523438e+02 6.483853912353515625e+02 1.952708625793457031e+02
3.879999923706054688e+02 6.483908843994140625e+02 1.962635803222656250e+02
3.874745178222656250e+02 6.485099792480468750e+02 1.955205726623535156e+02
3.859550476074218750e+02 6.477440643310546875e+02 1.960644531250000000e+02
3.850000000000000000e+02 6.476206970214843750e+02 1.957790374755859375e+02
3.859969711303710938e+02 6.482735443115234375e+02 1.949625205993652344e+02
3.850000000000000000e+02 6.479868316650390625e+02 1.950000000000000000e+02
3.856616210937500000e+02 6.484509277343750000e+02 1.944124031066894531e+02
3.863282775878906250e+02 6.485542297363281250e+02 1.946042060852050781e+02
3.859969711303710938e+02 6.487641906738281250e+02 1.940474319458007812e+02
3.870846939086914062e+02 6.486485290527343750e+02 1.949625205993652344e+02
3.870377731323242188e+02 6.491891479492187500e+02 1.939422416687011719e+02
3.879999923706054688e+02 6.490093994140625000e+02 1.950000000000000000e+02
3.879999923706054688e+02 6.493845367431640625e+02 1.942977333068847656e+02
3.879999923706054688e+02 6.486249542236328125e+02 1.957635688781738281e+02
3.889045715332031250e+02 6.493892669677734375e+02 1.950954055786132812e+02
3.885076141357421875e+02 6.494960784912109375e+02 1.944932365417480469e+02
3.891743087768554688e+02 6.496724700927734375e+02 1.948256874084472656e+02
3.889654922485351562e+02 6.500173950195312500e+02 1.940305137634277344e+02
3.887567138671875000e+02 6.503622436523437500e+02 1.933051490783691406e+02
3.894233703613281250e+02 6.505439758300781250e+02 1.935677909851074219e+02
3.897655105590820312e+02 6.503391265869140625e+02 1.942344665527343750e+02
3.879999923706054688e+02 6.496781921386718750e+02 1.937977218627929688e+02
3.873962783813476562e+02 6.495420074462890625e+02 1.935704040527343750e+02
3.879755401611328125e+02 6.502066802978515625e+02 1.929830741882324219e+02
3.876259231567382812e+02 6.504402160644531250e+02 1.924233627319335938e+02
3.870377731323242188e+02 6.497727203369140625e+02 1.930198478698730469e+02
3.882925796508789062e+02 6.506027221679687500e+02 1.926384735107421875e+02
3.890540313720703125e+02 6.507611083984375000e+02 1.929830741882324219e+02
3.880185317993164062e+02 6.509896087646484375e+02 1.919887733459472656e+02
3.877444458007812500e+02 6.513764190673828125e+02 1.913649749755859375e+02
3.884111022949218750e+02 6.515489959716796875e+02 1.915541839599609375e+02
3.889999771118164062e+02 6.512934112548828125e+02 1.922498703002929688e+02
3.870000076293945312e+02 6.507077789306640625e+02 1.917539978027343750e+02
3.863098907470703125e+02 6.505673217773437500e+02 1.915819549560546875e+02
3.870000076293945312e+02 6.503093719482421875e+02 1.922540092468261719e+02
3.870000076293945312e+02 6.512078094482421875e+02 1.911840629577636719e+02
3.860086441040039062e+02 6.509968566894531250e+02 1.909958457946777344e+02
3.870000076293945312e+02 6.516841888427734375e+02 1.906840705871582031e+02
3.870000076293945312e+02 6.521842193603515625e+02 1.902117729187011719e+02
3.880826187133789062e+02 6.519566345214843750e+02 1.909540748596191406e+02
3.863740921020507812e+02 6.515479278564453125e+02 1.905471038818359375e+02
3.859899139404296875e+02 6.520042419433593750e+02 1.900012397766113281e+02
3.856057357788085938e+02 6.524606323242187500e+02 1.894668006896972656e+02
3.862724304199218750e+02 6.525906372070312500e+02 1.895746994018554688e+02
3.850000000000000000e+02 6.518689727783203125e+02 1.898261070251464844e+02
3.857074356079101562e+02 6.514263916015625000e+02 1.904277801513671875e+02
3.850000000000000000e+02 6.513214111328125000e+02 1.903260993957519531e+02
3.850000000000000000e+02 6.508214569091796875e+02 1.908420181274414062e+02
3.839999771118164062e+02 6.512070465087890625e+02 1.902172470092773438e+02
3.839999771118164062e+02 6.507070159912109375e+02 1.907172203063964844e+02
3.839999771118164062e+02 6.517493438720703125e+02 1.897172546386718750e+02
3.829999923706054688e+02 6.511283874511718750e+02 1.901446723937988281e+02
3.820000076293945312e+02 6.510778808593750000e+02 1.900993728637695312e+02
3.829999923706054688e+02 6.506283569335937500e+02 1.906329345703125000e+02
3.829999923706054688e+02 6.516684722900390625e+02 1.896446609497070312e+02
3.829999923706054688e+02 6.521685028076171875e+02 1.892277908325195312e+02
3.820000076293945312e+02 6.516173553466796875e+02 1.895993804931640625e+02
3.820000076293945312e+02 6.521173858642578125e+02 1.891887664794921875e+02
3.809999847412109375e+02 6.516052246093750000e+02 1.895879936218261719e+02
3.800000000000000000e+02 6.516376495361328125e+02 1.896151542663574219e+02
3.809999847412109375e+02 6.510633087158203125e+02 1.900880050659179688e+02
3.809999847412109375e+02 6.521052551269531250e+02 1.891821098327636719e+02
3.800000000000000000e+02 6.521376037597656250e+02 1.892084121704101562e+02
3.809999847412109375e+02 6.527498626708984375e+02 1.886820983886718750e+02
3.820000076293945312e+02 6.527566528320312500e+02 1.886887550354003906e+02
3.800000000000000000e+02 6.527841186523437500e+02 1.887084007263183594e+02
3.809999847412109375e+02 6.532498168945312500e+02 1.883238792419433594e+02
3.800000000000000000e+02 6.532841491699218750e+02 1.883469772338867188e+02
3.809999847412109375e+02 6.540000152587890625e+02 1.878416061401367188e+02
3.820000076293945312e+02 6.532566070556640625e+02 1.883273506164550781e+02
3.820000076293945312e+02 6.540000152587890625e+02 1.878473854064941406e+02
3.829999923706054688e+02 6.533053588867187500e+02 1.883598136901855469e+02
3.829999923706054688e+02 6.528053283691406250e+02 1.887277793884277344e+02
3.829999923706054688e+02 6.540000152587890625e+02 1.879091644287109375e+02
3.839999771118164062e+02 6.533883666992187500e+02 1.884187126159667969e+02
3.839999771118164062e+02 6.528883361816406250e+02 1.887927055358886719e+02
3.839999771118164062e+02 6.540000152587890625e+02 1.880230522155761719e+02
3.846405792236328125e+02 6.534584808349609375e+02 1.884696388244628906e+02
3.849843215942382812e+02 6.530751037597656250e+02 1.888386344909667969e+02
3.849843215942382812e+02 6.539388275146484375e+02 1.882333374023437500e+02
3.853072357177734375e+02 6.535646820068359375e+02 1.885435104370117188e+02
3.850000000000000000e+02 6.548133850097656250e+02 1.876894378662109375e+02
3.859999847412109375e+02 6.542050170898437500e+02 1.883087539672851562e+02
3.859999847412109375e+02 6.537050628662109375e+02 1.886401557922363281e+02
3.859934997558593750e+02 6.550588226318359375e+02 1.877761650085449219e+02
3.867397308349609375e+02 6.543753814697265625e+02 1.884177017211914062e+02
3.870438385009765625e+02 6.540251922607421875e+02 1.887657165527343750e+02
3.870438385009765625e+02 6.549313354492187500e+02 1.881755256652832031e+02
3.874064254760742188e+02 6.545521545410156250e+02 1.885342025756835938e+02
3.870000076293945312e+02 6.557849121093750000e+02 1.876561355590820312e+02
3.879999923706054688e+02 6.552403259277343750e+02 1.883388328552246094e+02
3.879999923706054688e+02 6.547402954101562500e+02 1.886576652526855469e+02
3.879362487792968750e+02 6.560745239257812500e+02 1.878351211547851562e+02
3.885873413085937500e+02 6.554349517822265625e+02 1.884588623046875000e+02
3.890367507934570312e+02 6.549726867675781250e+02 1.889817619323730469e+02
3.889524078369140625e+02 6.560210418701171875e+02 1.882940483093261719e+02
3.892539978027343750e+02 6.557016754150390625e+02 1.886208534240722656e+02
3.896488571166992188e+02 6.563683319091796875e+02 1.884244728088378906e+02
3.889894485473632812e+02 6.570232391357421875e+02 1.877680587768554688e+02
3.882270812988281250e+02 6.567053985595703125e+02 1.876067543029785156e+02
3.886490631103515625e+02 6.573720550537109375e+02 1.874362373352050781e+02
3.893157577514648438e+02 6.576721954345703125e+02 1.875822257995605469e+02
3.899893188476562500e+02 6.570007324218750000e+02 1.882488250732421875e+02
3.903155517578125000e+02 6.566678619384765625e+02 1.885980606079101562e+02
3.899966812133789062e+02 6.580033874511718750e+02 1.877434921264648438e+02
3.906654739379882812e+02 6.573345184326171875e+02 1.884080314636230469e+02
3.909992980957031250e+02 6.570007324218750000e+02 1.887944984436035156e+02
3.909992980957031250e+02 6.580107116699218750e+02 1.882488250732421875e+02
3.913321685791015625e+02 6.576844787597656250e+02 1.885980606079101562e+02
3.909767532348632812e+02 6.590106201171875000e+02 1.877680587768554688e+02
3.916249465942382812e+02 6.583511352539062500e+02 1.884244728088378906e+02
3.919749450683593750e+02 6.580107116699218750e+02 1.888265800476074219e+02
3.919343185424804688e+02 6.570812988281250000e+02 1.893240547180175781e+02
3.903277969360351562e+02 6.586843109130859375e+02 1.875822257995605469e+02
3.906279373168945312e+02 6.593509674072265625e+02 1.874362373352050781e+02
3.899966812133789062e+02 6.590106201171875000e+02 1.872938346862792969e+02
3.900000000000000000e+02 6.600000000000000000e+02 1.869114303588867188e+02
3.889068984985351562e+02 6.590930938720703125e+02 1.868084144592285156e+02
3.896611404418945312e+02 6.583389282226562500e+02 1.874262619018554688e+02
3.889894485473632812e+02 6.580033874511718750e+02 1.872938346862792969e+02
3.879999923706054688e+02 6.580000305175781250e+02 1.869181251525878906e+02
3.879999923706054688e+02 6.587617492675781250e+02 1.866033744812011719e+02
3.870788192749023438e+02 6.579728698730468750e+02 1.866266441345214844e+02
3.879362487792968750e+02 6.570232391357421875e+02 1.873381614685058594e+02
3.870000076293945312e+02 6.570000457763671875e+02 1.870378303527832031e+02
3.875604248046875000e+02 6.564575958251953125e+02 1.874772644042968750e+02
3.870000076293945312e+02 6.562848663330078125e+02 1.873874855041503906e+02
3.859934997558593750e+02 6.559534454345703125e+02 1.872745132446289062e+02
3.856558227539062500e+02 6.554313659667968750e+02 1.874594497680664062e+02
3.863224792480468750e+02 6.555889892578125000e+02 1.875485992431640625e+02
3.859714126586914062e+02 6.570640563964843750e+02 1.867290687561035156e+02
3.850000000000000000e+02 6.560000610351562500e+02 1.870332908630371094e+02
3.850000000000000000e+02 6.553134155273437500e+02 1.873912048339843750e+02
3.850000000000000000e+02 6.568099975585937500e+02 1.866420745849609375e+02
3.839999771118164062e+02 6.560000610351562500e+02 1.868789672851562500e+02
3.829999923706054688e+02 6.560000610351562500e+02 1.867832183837890625e+02
3.839999771118164062e+02 6.551743316650390625e+02 1.873124885559082031e+02
3.839999771118164062e+02 6.566461944580078125e+02 1.865664863586425781e+02
3.839999771118164062e+02 6.571461486816406250e+02 1.863482284545898438e+02
3.829999923706054688e+02 6.565457916259765625e+02 1.865204620361328125e+02
3.821931838989257812e+02 6.565061187744140625e+02 1.865027046203613281e+02
3.829999923706054688e+02 6.570457458496093750e+02 1.863091468811035156e+02
3.829999923706054688e+02 6.580000305175781250e+02 1.859319305419921875e+02
3.819158935546875000e+02 6.569036865234375000e+02 1.863345909118652344e+02
3.810940170288085938e+02 6.569104003906250000e+02 1.863380432128906250e+02
3.815264892578125000e+02 6.564995574951171875e+02 1.864997673034667969e+02
3.820000076293945312e+02 6.580000305175781250e+02 1.859044265747070312e+02
3.820000076293945312e+02 6.588415527343750000e+02 1.856110000610351562e+02
3.809999847412109375e+02 6.580000305175781250e+02 1.859184455871582031e+02
3.809999847412109375e+02 6.588830566406250000e+02 1.856207275390625000e+02
3.800000000000000000e+02 6.580000305175781250e+02 1.859642028808593750e+02
3.789999771118164062e+02 6.580000305175781250e+02 1.860448074340820312e+02
3.800000000000000000e+02 6.570580291748046875e+02 1.863169097900390625e+02
3.799593734741210938e+02 6.590692901611328125e+02 1.856219291687011719e+02
3.802656173706054688e+02 6.594487762451171875e+02 1.854844856262207031e+02
3.795989608764648438e+02 6.595240783691406250e+02 1.855068206787109375e+02
3.789999771118164062e+02 6.590000152587890625e+02 1.857261466979980469e+02
3.789999771118164062e+02 6.596332550048828125e+02 1.855367279052734375e+02
3.779999923706054688e+02 6.590000152587890625e+02 1.858622741699218750e+02
3.779999923706054688e+02 6.580000305175781250e+02 1.861768531799316406e+02
3.770000076293945312e+02 6.590000152587890625e+02 1.860432434082031250e+02
3.779321289062500000e+02 6.599921417236328125e+02 1.855902862548828125e+02
3.782202148437500000e+02 6.603202819824218750e+02 1.854524421691894531e+02
3.775535202026367188e+02 6.605386352539062500e+02 1.855095291137695312e+02
3.770000076293945312e+02 6.600000000000000000e+02 1.857664299011230469e+02
3.759999847412109375e+02 6.600000000000000000e+02 1.859860229492187500e+02
3.769105529785156250e+02 6.609231567382812500e+02 1.855575561523437500e+02
3.759999847412109375e+02 6.610000610351562500e+02 1.857508468627929688e+02
3.771842575073242188e+02 6.612052917480468750e+02 1.854305076599121094e+02
3.765176010131835938e+02 6.615216064453125000e+02 1.855040550231933594e+02
3.759641265869140625e+02 6.619129943847656250e+02 1.855716323852539062e+02
3.769105529785156250e+02 6.619129943847656250e+02 1.853481674194335938e+02
3.762735748291015625e+02 6.621882629394531250e+02 1.854440116882324219e+02
3.770000076293945312e+02 6.630000305175781250e+02 1.851604652404785156e+02
3.779999923706054688e+02 6.620000457763671875e+02 1.851200485229492188e+02
3.779321289062500000e+02 6.609231567382812500e+02 1.853545379638671875e+02
3.779999923706054688e+02 6.630000305175781250e+02 1.849666404724121094e+02
3.789999771118164062e+02 6.620000457763671875e+02 1.849731445312500000e+02
3.789999771118164062e+02 6.610000610351562500e+02 1.851824569702148438e+02
3.789999771118164062e+02 6.630000305175781250e+02 1.848143005371093750e+02
3.800000000000000000e+02 6.620000457763671875e+02 1.848620605468750000e+02
3.800000000000000000e+02 6.610000610351562500e+02 1.850802421569824219e+02
3.800000000000000000e+02 6.630000305175781250e+02 1.846948814392089844e+02
3.809999847412109375e+02 6.620000457763671875e+02 1.847869300842285156e+02
3.809999847412109375e+02 6.630000305175781250e+02 1.846189689636230469e+02
3.820000076293945312e+02 6.620000457763671875e+02 1.847569847106933594e+02
3.809999847412109375e+02 6.610000610351562500e+02 1.850071907043457031e+02
3.809999847412109375e+02 6.600000000000000000e+02 1.852824211120605469e+02
3.820000076293945312e+02 6.610000610351562500e+02 1.849752426147460938e+02
3.820000076293945312e+02 6.600000000000000000e+02 1.852528572082519531e+02
3.829999923706054688e+02 6.610000610351562500e+02 1.849903106689453125e+02
3.829999923706054688e+02 6.620000457763671875e+02 1.847686767578125000e+02
3.839999771118164062e+02 6.610000610351562500e+02 1.850572013854980469e+02
3.829999923706054688e+02 6.600000000000000000e+02 1.852693176269531250e+02
3.829999923706054688e+02 6.593701934814453125e+02 1.854581832885742188e+02
3.840372467041015625e+02 6.599205780029296875e+02 1.853630828857421875e+02
3.843954467773437500e+02 6.595342254638671875e+02 1.855103683471679688e+02
3.850000000000000000e+02 6.601842498779296875e+02 1.854080772399902344e+02
3.837287902832031250e+02 6.594335174560546875e+02 1.854782676696777344e+02
3.840372467041015625e+02 6.590601348876953125e+02 1.856332588195800781e+02
3.850000000000000000e+02 6.590000152587890625e+02 1.857811737060546875e+02
3.829999923706054688e+02 6.588701629638671875e+02 1.856227684020996094e+02
3.839999771118164062e+02 6.580000305175781250e+02 1.860070419311523438e+02
3.850000000000000000e+02 6.580000305175781250e+02 1.861421775817871094e+02
3.850000000000000000e+02 6.573100280761718750e+02 1.864167404174804688e+02
3.859714126586914062e+02 6.579728698730468750e+02 1.863406944274902344e+02
3.856190109252929688e+02 6.574400329589843750e+02 1.864733886718750000e+02
3.862856674194335938e+02 6.576214599609375000e+02 1.865503692626953125e+02
3.859999847412109375e+02 6.590000152587890625e+02 1.859680747985839844e+02
3.867980575561523438e+02 6.582881164550781250e+02 1.864162254333496094e+02
3.870788192749023438e+02 6.589163208007812500e+02 1.862617683410644531e+02
3.874647140502929688e+02 6.585271453857421875e+02 1.865106201171875000e+02
3.870000076293945312e+02 6.600000000000000000e+02 1.858771324157714844e+02
3.879999923706054688e+02 6.592617034912109375e+02 1.864124298095703125e+02
3.879999923706054688e+02 6.600000000000000000e+02 1.861674690246582031e+02
3.885115051269531250e+02 6.594885253906250000e+02 1.864955902099609375e+02
3.887453842163085938e+02 6.600000000000000000e+02 1.864124298095703125e+02
3.892453765869140625e+02 6.600000000000000000e+02 1.866004562377929688e+02
3.890893936157226562e+02 6.609120178222656250e+02 1.862467765808105469e+02
3.879999923706054688e+02 6.610000610351562500e+02 1.858621788024902344e+02
3.894823455810546875e+02 6.605200195312500000e+02 1.865067100524902344e+02
3.880220031738281250e+02 6.619504547119140625e+02 1.856089782714843750e+02
3.870531082153320312e+02 6.609625244140625000e+02 1.856020736694335938e+02
3.867551803588867188e+02 6.612708282470703125e+02 1.854359054565429688e+02
3.874218368530273438e+02 6.615840911865234375e+02 1.855206871032714844e+02
3.863502883911132812e+02 6.606041717529296875e+02 1.855303764343261719e+02
3.860101699829101562e+02 6.600268554687500000e+02 1.856360435485839844e+02
3.860101699829101562e+02 6.609625244140625000e+02 1.853634452819824219e+02
3.856835937500000000e+02 6.603781127929687500e+02 1.854642868041992188e+02
3.850000000000000000e+02 6.610000610351562500e+02 1.851803970336914062e+02
3.859999847412109375e+02 6.620000457763671875e+02 1.851070976257324219e+02
3.850000000000000000e+02 6.620000457763671875e+02 1.849443626403808594e+02
3.859999847412109375e+02 6.630000305175781250e+02 1.849146842956542969e+02
3.870531082153320312e+02 6.619504547119140625e+02 1.853446769714355469e+02
3.870000076293945312e+02 6.630000305175781250e+02 1.851161003112792969e+02
3.877033233642578125e+02 6.622507476806640625e+02 1.854417419433593750e+02
3.880220031738281250e+02 6.630156707763671875e+02 1.853757858276367188e+02
3.870000076293945312e+02 6.640000152587890625e+02 1.849532699584960938e+02
3.859999847412109375e+02 6.640000152587890625e+02 1.847589302062988281e+02
3.849388504028320312e+02 6.640612030029296875e+02 1.845907592773437500e+02
3.859999847412109375e+02 6.650000000000000000e+02 1.846525955200195312e+02
3.852200698852539062e+02 6.650000000000000000e+02 1.845359992980957031e+02
3.859012222290039062e+02 6.660952758789062500e+02 1.845755767822265625e+02
3.855020523071289062e+02 6.664920806884765625e+02 1.844997024536132812e+02
3.860030746459960938e+02 6.670000457763671875e+02 1.845741844177246094e+02
3.853953552246093750e+02 6.658254241943359375e+02 1.845125961303710938e+02
3.850371932983398438e+02 6.660952758789062500e+02 1.844627189636230469e+02
3.839999771118164062e+02 6.660000610351562500e+02 1.843975448608398438e+02
3.847200775146484375e+02 6.650000000000000000e+02 1.844742202758789062e+02
3.850000000000000000e+02 6.670000457763671875e+02 1.844460678100585938e+02
3.839999771118164062e+02 6.670000457763671875e+02 1.843878555297851562e+02
3.850371932983398438e+02 6.679048156738281250e+02 1.844627189636230469e+02
3.855030822753906250e+02 6.670000457763671875e+02 1.844995498657226562e+02
3.855020523071289062e+02 6.675080108642578125e+02 1.844997024536132812e+02
3.859012222290039062e+02 6.679048156738281250e+02 1.845755767822265625e+02
3.853953552246093750e+02 6.681746673583984375e+02 1.845125961303710938e+02
3.859999847412109375e+02 6.690000152587890625e+02 1.846698188781738281e+02
3.859999847412109375e+02 6.700000000000000000e+02 1.847931671142578125e+02
3.870000076293945312e+02 6.690000152587890625e+02 1.848375701904296875e+02
3.850371932983398438e+02 6.690372467041015625e+02 1.845450782775878906e+02
3.847286987304687500e+02 6.687287139892578125e+02 1.844738197326660156e+02
3.841746139526367188e+02 6.693953704833984375e+02 1.845125961303710938e+02
3.850000000000000000e+02 6.700000000000000000e+02 1.846672248840332031e+02
3.839047622680664062e+02 6.699012756347656250e+02 1.845755767822265625e+02
3.850000000000000000e+02 6.710000610351562500e+02 1.848314094543457031e+02
3.850000000000000000e+02 6.720000457763671875e+02 1.850413703918457031e+02
3.859999847412109375e+02 6.710000610351562500e+02 1.849507141113281250e+02
3.839999771118164062e+02 6.710000610351562500e+02 1.847595596313476562e+02
3.839999771118164062e+02 6.720000457763671875e+02 1.849636840820312500e+02
3.829999923706054688e+02 6.710000610351562500e+02 1.847354316711425781e+02
3.820000076293945312e+02 6.710000610351562500e+02 1.847478866577148438e+02
3.829999923706054688e+02 6.700031280517578125e+02 1.845741844177246094e+02
3.829999923706054688e+02 6.720000457763671875e+02 1.849311828613281250e+02
3.829999923706054688e+02 6.730000305175781250e+02 1.851797103881835938e+02
3.820000076293945312e+02 6.720000457763671875e+02 1.849416732788085938e+02
3.820000076293945312e+02 6.730000305175781250e+02 1.851862525939941406e+02
3.809999847412109375e+02 6.720000457763671875e+02 1.849903678894042969e+02
3.800000000000000000e+02 6.720000457763671875e+02 1.850769805908203125e+02
3.809999847412109375e+02 6.710000610351562500e+02 1.847949409484863281e+02
3.809999847412109375e+02 6.730000305175781250e+02 1.852301216125488281e+02
3.809999847412109375e+02 6.737361907958984375e+02 1.854318428039550781e+02
3.800000000000000000e+02 6.730000305175781250e+02 1.853129196166992188e+02
3.790854644775390625e+02 6.730097961425781250e+02 1.854168701171875000e+02
3.800000000000000000e+02 6.735997772216796875e+02 1.854711151123046875e+02
3.800000000000000000e+02 6.740998077392578125e+02 1.856207275390625000e+02
3.794757843017578125e+02 6.735102081298828125e+02 1.854969787597656250e+02
3.790854644775390625e+02 6.739061737060546875e+02 1.856682014465332031e+02
3.779999923706054688e+02 6.740000152587890625e+02 1.858643341064453125e+02
3.788091278076171875e+02 6.733496856689453125e+02 1.855400657653808594e+02
3.789999771118164062e+02 6.750000000000000000e+02 1.860276985168457031e+02
3.790874862670898438e+02 6.760259246826171875e+02 1.863760948181152344e+02
3.800000000000000000e+02 6.750000000000000000e+02 1.859110069274902344e+02
3.779999923706054688e+02 6.750000000000000000e+02 1.861859321594238281e+02
3.770484924316406250e+02 6.750045013427734375e+02 1.863765525817871094e+02
3.779999923706054688e+02 6.756928253173828125e+02 1.864263916015625000e+02
3.774142074584960938e+02 6.755472564697265625e+02 1.864815711975097656e+02
3.779999923706054688e+02 6.761928558349609375e+02 1.866224479675292969e+02
3.779999923706054688e+02 6.770000457763671875e+02 1.869601440429687500e+02
3.788124465942382812e+02 6.763765716552734375e+02 1.865488624572753906e+02
3.770484924316406250e+02 6.759283447265625000e+02 1.867148399353027344e+02
3.759999847412109375e+02 6.760000610351562500e+02 1.869909858703613281e+02
3.767475128173828125e+02 6.753408813476562500e+02 1.865550231933593750e+02
3.770000076293945312e+02 6.770000457763671875e+02 1.871687698364257812e+02
3.760972213745117188e+02 6.769831848144531250e+02 1.873761177062988281e+02
3.770000076293945312e+02 6.776240539550781250e+02 1.874414825439453125e+02
3.770000076293945312e+02 6.781240081787109375e+02 1.876816558837890625e+02
3.779999923706054688e+02 6.778446960449218750e+02 1.873376846313476562e+02
3.764953994750976562e+02 6.775025177001953125e+02 1.874987983703613281e+02
3.760972213745117188e+02 6.779015350341796875e+02 1.877957153320312500e+02
3.749295425415039062e+02 6.780808258056640625e+02 1.882141685485839844e+02
3.758287429809570312e+02 6.773052978515625000e+02 1.875875854492187500e+02
3.759999847412109375e+02 6.788688659667968750e+02 1.883039474487304688e+02
3.752159500122070312e+02 6.786598968505859375e+02 1.884127044677734375e+02
3.759999847412109375e+02 6.793688201904296875e+02 1.885743904113769531e+02
3.769019317626953125e+02 6.790991210937500000e+02 1.881983375549316406e+02
3.765032196044921875e+02 6.794985961914062500e+02 1.885008049011230469e+02
3.771698760986328125e+02 6.796380615234375000e+02 1.884216690063476562e+02
3.779999923706054688e+02 6.790000152587890625e+02 1.879104232788085938e+02
3.779999923706054688e+02 6.783447265625000000e+02 1.875756835937500000e+02
3.779999923706054688e+02 6.797924041748046875e+02 1.883347511291503906e+02
3.789704895019531250e+02 6.789369201660156250e+02 1.877110290527343750e+02
3.786174774169921875e+02 6.784634399414062500e+02 1.875179100036621094e+02
3.792841339111328125e+02 6.785615539550781250e+02 1.874684143066406250e+02
3.790886306762695312e+02 6.800511169433593750e+02 1.882986068725585938e+02
3.800000000000000000e+02 6.791431427001953125e+02 1.876878738403320312e+02
3.800000000000000000e+02 6.800000000000000000e+02 1.881576347351074219e+02
3.809999847412109375e+02 6.792301177978515625e+02 1.876421928405761719e+02
3.800000000000000000e+02 6.786431884765625000e+02 1.874261283874511719e+02
3.800000000000000000e+02 6.780000305175781250e+02 1.871152877807617188e+02
3.809999847412109375e+02 6.787301635742187500e+02 1.873820114135742188e+02
3.809999847412109375e+02 6.780000305175781250e+02 1.870270919799804688e+02
3.820000076293945312e+02 6.787853240966796875e+02 1.873546409606933594e+02
3.820000076293945312e+02 6.780000305175781250e+02 1.869747924804687500e+02
3.820000076293945312e+02 6.792853546142578125e+02 1.876125526428222656e+02
3.820000076293945312e+02 6.800000000000000000e+02 1.880074501037597656e+02
3.809999847412109375e+02 6.800000000000000000e+02 1.880656814575195312e+02
3.820000076293945312e+02 6.806585693359375000e+02 1.883948898315429688e+02
3.809999847412109375e+02 6.806173706054687500e+02 1.884234809875488281e+02
3.820000076293945312e+02 6.811585235595703125e+02 1.887334632873535156e+02
3.809999847412109375e+02 6.811174011230468750e+02 1.887561035156250000e+02
3.800000000000000000e+02 6.810469055175781250e+02 1.887994003295898438e+02
3.809999847412109375e+02 6.818386840820312500e+02 1.892561149597167969e+02
3.800000000000000000e+02 6.817790985107421875e+02 1.892993927001953125e+02
3.809999847412109375e+02 6.823387145996093750e+02 1.896216773986816406e+02
3.800000000000000000e+02 6.822791290283203125e+02 1.896658706665039062e+02
3.789999771118164062e+02 6.821919250488281250e+02 1.897310256958007812e+02
3.800000000000000000e+02 6.829023742675781250e+02 1.901658821105957031e+02
3.789999771118164062e+02 6.828256225585937500e+02 1.902310371398925781e+02
3.800000000000000000e+02 6.834023284912109375e+02 1.905843734741210938e+02
3.789999771118164062e+02 6.833255767822265625e+02 1.906498908996582031e+02
3.800000000000000000e+02 6.839433288574218750e+02 1.910843658447265625e+02
3.789999771118164062e+02 6.838716125488281250e+02 1.911498832702636719e+02
3.800000000000000000e+02 6.844433593750000000e+02 1.915570259094238281e+02
3.800000000000000000e+02 6.849133300781250000e+02 1.920570182800292969e+02
3.809999847412109375e+02 6.844872283935546875e+02 1.915127754211425781e+02
3.789999771118164062e+02 6.843715667724609375e+02 1.916296386718750000e+02
3.779999923706054688e+02 6.842749023437500000e+02 1.917277717590332031e+02
3.789999771118164062e+02 6.848448944091796875e+02 1.921296310424804688e+02
3.789999771118164062e+02 6.853448486328125000e+02 1.926820373535156250e+02
3.779999923706054688e+02 6.847531127929687500e+02 1.922277641296386719e+02
3.770000076293945312e+02 6.846275329589843750e+02 1.923626899719238281e+02
3.779999923706054688e+02 6.852531433105468750e+02 1.927923774719238281e+02
3.769355392456054688e+02 6.851916503906250000e+02 1.930430984497070312e+02
3.779999923706054688e+02 6.856688690185546875e+02 1.932923698425292969e+02
3.772258758544921875e+02 6.855765533447265625e+02 1.934051704406738281e+02
3.779442596435546875e+02 6.862251281738281250e+02 1.940522575378417969e+02
3.769355392456054688e+02 6.858693695068359375e+02 1.939137268066406250e+02
3.775737762451171875e+02 6.864834594726562500e+02 1.945258331298828125e+02
3.782404327392578125e+02 6.865559387207031250e+02 1.944204139709472656e+02
3.770000076293945312e+02 6.864043426513671875e+02 1.946485710144042969e+02
3.759999847412109375e+02 6.862585449218750000e+02 1.948756027221679688e+02
3.750947952270507812e+02 6.861049652099609375e+02 1.950971221923828125e+02
3.759999847412109375e+02 6.857585144042968750e+02 1.941404342651367188e+02
3.759999847412109375e+02 6.865773010253906250e+02 1.953755950927734375e+02
3.754913711547851562e+02 6.865029907226562500e+02 1.954952049255371094e+02
3.759999847412109375e+02 6.853934478759765625e+02 1.936404418945312500e+02
3.750000000000000000e+02 6.855925750732421875e+02 1.943721199035644531e+02
3.744974136352539062e+02 6.855011749267578125e+02 1.944984817504882812e+02
3.750000000000000000e+02 6.852156066894531250e+02 1.938721275329589844e+02
3.740807342529296875e+02 6.849656677246093750e+02 1.940473747253417969e+02
3.750000000000000000e+02 6.847155761718750000e+02 1.932476997375488281e+02
3.743307113647460938e+02 6.845788574218750000e+02 1.934084129333496094e+02
3.750000000000000000e+02 6.842717742919921875e+02 1.927476882934570312e+02
3.760343170166015625e+02 6.848371124267578125e+02 1.929530906677246094e+02
3.757238769531250000e+02 6.844190216064453125e+02 1.925885009765625000e+02
3.763905334472656250e+02 6.845373535156250000e+02 1.924596214294433594e+02
3.760520172119140625e+02 6.839817047119140625e+02 1.920193290710449219e+02
3.757135009765625000e+02 6.834154510498046875e+02 1.915790557861328125e+02
3.763801574707031250e+02 6.835443115234375000e+02 1.914583206176757812e+02
3.750000000000000000e+02 6.837718200683593750e+02 1.922264671325683594e+02
3.770000076293945312e+02 6.841420745849609375e+02 1.918626785278320312e+02
3.770000076293945312e+02 6.836420440673828125e+02 1.913658332824707031e+02
3.769106674194335938e+02 6.829632568359375000e+02 1.907957839965820312e+02
3.779999923706054688e+02 6.837748718261718750e+02 1.912405395507812500e+02
3.779999923706054688e+02 6.832200622558593750e+02 1.907405471801757812e+02
3.779999923706054688e+02 6.827200317382812500e+02 1.903184700012207031e+02
3.779999923706054688e+02 6.820749664306640625e+02 1.898184776306152344e+02
3.771844482421875000e+02 6.826053619384765625e+02 1.904128265380859375e+02
3.770016098022460938e+02 6.819993591308593750e+02 1.899991989135742188e+02
3.774854278564453125e+02 6.815052032470703125e+02 1.894962120056152344e+02
3.765177917480468750e+02 6.824935150146484375e+02 1.905051994323730469e+02
3.759999847412109375e+02 6.818856048583984375e+02 1.902066802978515625e+02
3.768187713623046875e+02 6.813737487792968750e+02 1.895855903625488281e+02
3.759999847412109375e+02 6.811965942382812500e+02 1.897066879272460938e+02
3.770912551879882812e+02 6.810242462158203125e+02 1.892855072021484375e+02
3.759999847412109375e+02 6.806965637207031250e+02 1.893715858459472656e+02
3.769019317626953125e+02 6.799828338623046875e+02 1.886882591247558594e+02
3.779999923706054688e+02 6.810000610351562500e+02 1.890675544738769531e+02
3.779999923706054688e+02 6.802924346923828125e+02 1.886217117309570312e+02
3.779999923706054688e+02 6.815750122070312500e+02 1.894458389282226562e+02
3.790886306762695312e+02 6.809026336669921875e+02 1.888177871704101562e+02
3.794810485839843750e+02 6.805043792724609375e+02 1.884972000122070312e+02
3.789999771118164062e+02 6.816918945312500000e+02 1.893613243103027344e+02
3.788143920898437500e+02 6.804184722900390625e+02 1.885478782653808594e+02
3.800000000000000000e+02 6.805468750000000000e+02 1.884697532653808594e+02
3.759999847412109375e+02 6.800000000000000000e+02 1.889459991455078125e+02
3.750381088256835938e+02 6.800208282470703125e+02 1.892625617980957031e+02
3.741803359985351562e+02 6.797013854980468750e+02 1.893756484985351562e+02
3.749295425415039062e+02 6.789959716796875000e+02 1.886940574645996094e+02
3.747301483154296875e+02 6.803680419921875000e+02 1.895851707458496094e+02
3.753968429565429688e+02 6.805550384521484375e+02 1.894635581970214844e+02
3.750381088256835938e+02 6.809330749511718750e+02 1.898539352416992188e+02
3.740743637084960938e+02 6.809937286376953125e+02 1.902732086181640625e+02
3.750000000000000000e+02 6.816584014892578125e+02 1.903785324096679688e+02
3.744572448730468750e+02 6.815238952636718750e+02 1.904813957214355469e+02
3.750000000000000000e+02 6.821583557128906250e+02 1.907745552062988281e+02
3.740547180175781250e+02 6.819688415527343750e+02 1.910234832763671875e+02
3.750000000000000000e+02 6.827584838867187500e+02 1.912745666503906250e+02
3.759999847412109375e+02 6.823855590820312500e+02 1.905914688110351562e+02
3.760280990600585938e+02 6.830493164062500000e+02 1.911481666564941406e+02
3.750000000000000000e+02 6.832584381103515625e+02 1.917264747619628906e+02
3.743188858032226562e+02 6.825958251953125000e+02 1.914159774780273438e+02
3.739656066894531250e+02 6.830179595947265625e+02 1.919827079772949219e+02
3.736521911621093750e+02 6.824137115478515625e+02 1.915758514404296875e+02
3.742789840698242188e+02 6.836100006103515625e+02 1.923895645141601562e+02
3.736123275756835938e+02 6.834401702880859375e+02 1.925600051879882812e+02
3.729999923706054688e+02 6.827638244628906250e+02 1.922514343261718750e+02
3.729999923706054688e+02 6.822138977050781250e+02 1.917514419555664062e+02
3.729999923706054688e+02 6.832637786865234375e+02 1.927374839782714844e+02
3.723880004882812500e+02 6.825782775878906250e+02 1.924260711669921875e+02
3.720845794677734375e+02 6.819373321533203125e+02 1.920536231994628906e+02
3.720563888549804688e+02 6.829605102539062500e+02 1.930394172668457031e+02
3.712699508666992188e+02 6.826760864257812500e+02 1.933222007751464844e+02
3.717213439941406250e+02 6.823364257812500000e+02 1.926555252075195312e+02
3.717247390747070312e+02 6.833428192138671875e+02 1.936698341369628906e+02
3.723914337158203125e+02 6.835716247558593750e+02 1.934232902526855469e+02
3.720973968505859375e+02 6.839395904541015625e+02 1.940734672546386719e+02
3.729999923706054688e+02 6.837428283691406250e+02 1.932374763488769531e+02
3.729999923706054688e+02 6.842428588867187500e+02 1.938050651550292969e+02
3.739715194702148438e+02 6.840144348144531250e+02 1.929842185974121094e+02
3.736640548706054688e+02 6.844188690185546875e+02 1.935962867736816406e+02
3.729999923706054688e+02 6.846529388427734375e+02 1.943050575256347656e+02
3.724700164794921875e+02 6.845182037353515625e+02 1.944771194458007812e+02
3.730015563964843750e+02 6.851717376708984375e+02 1.950291252136230469e+02
3.720819854736328125e+02 6.846937561035156250e+02 1.950531959533691406e+02
3.726692581176757812e+02 6.854156494140625000e+02 1.956392860412597656e+02
3.733359527587890625e+02 6.855777740478515625e+02 1.953818893432617188e+02
3.738307571411132812e+02 6.853524017333984375e+02 1.947152137756347656e+02
3.740984344482421875e+02 6.856781768798828125e+02 1.950291252136230469e+02
3.718033218383789062e+02 6.843075561523437500e+02 1.947553253173828125e+02
3.714139556884765625e+02 6.845558166503906250e+02 1.954219818115234375e+02
3.710241317749023438e+02 6.839858245849609375e+02 1.950221443176269531e+02
3.713009643554687500e+02 6.836408996582031250e+02 1.943365097045898438e+02
3.707472991943359375e+02 6.843308258056640625e+02 1.957472991943359375e+02
3.706343078613281250e+02 6.833954620361328125e+02 1.946223068237304688e+02
3.702889633178710938e+02 6.836641693115234375e+02 1.952889823913574219e+02
3.699254226684570312e+02 6.830621337890625000e+02 1.949254035949707031e+02
3.695618438720703125e+02 6.824452972412109375e+02 1.945618438720703125e+02
3.692575073242187500e+02 6.827288055419921875e+02 1.952285003662109375e+02
3.702285003662109375e+02 6.827288055419921875e+02 1.942537689208984375e+02
3.696223068237304688e+02 6.833954620361328125e+02 1.956342887878417969e+02
3.698870468139648438e+02 6.820970916748046875e+02 1.938976097106933594e+02
3.709521102905273438e+02 6.830358123779296875e+02 1.939617919921875000e+02
3.706032562255859375e+02 6.824154663085937500e+02 1.935870933532714844e+02
3.709455490112304688e+02 6.820426177978515625e+02 1.929580879211425781e+02
3.702122497558593750e+02 6.817488098144531250e+02 1.932606315612792969e+02
3.712878036499023438e+02 6.816697692871093750e+02 1.923478126525878906e+02
3.706211471557617188e+02 6.813930511474609375e+02 1.925939559936523438e+02
3.709967422485351562e+02 6.810011291503906250e+02 1.919965744018554688e+02
3.699018478393554688e+02 6.810913085937500000e+02 1.929187583923339844e+02
3.695914459228515625e+02 6.804100799560546875e+02 1.925768852233886719e+02
3.692298126220703125e+02 6.807895660400390625e+02 1.932435607910156250e+02
3.702581024169921875e+02 6.807263946533203125e+02 1.923119926452636719e+02
3.695455932617187500e+02 6.814562225341796875e+02 1.935414505004882812e+02
3.688907241821289062e+02 6.811161804199218750e+02 1.938872146606445312e+02
3.685631561279296875e+02 6.804291534423828125e+02 1.935662841796875000e+02
3.682628631591796875e+02 6.807761383056640625e+02 1.942329597473144531e+02
3.685516357421875000e+02 6.814427947998046875e+02 1.945588684082031250e+02
3.692182922363281250e+02 6.817786407470703125e+02 1.942081260681152344e+02
3.689045715332031250e+02 6.820936584472656250e+02 1.948936843872070312e+02
3.682745361328125000e+02 6.817419433593750000e+02 1.952255439758300781e+02
3.685908508300781250e+02 6.824085998535156250e+02 1.956092834472656250e+02
3.679353713989257812e+02 6.810740661621093750e+02 1.949217224121093750e+02
3.673365402221679688e+02 6.807053375244140625e+02 1.952845764160156250e+02
3.675962066650390625e+02 6.803821563720703125e+02 1.946179008483886719e+02
3.676078414916992188e+02 6.813719940185546875e+02 1.956398773193359375e+02
3.679392623901367188e+02 6.800723266601562500e+02 1.939326858520507812e+02
3.670032119750976562e+02 6.799953460693359375e+02 1.950046539306640625e+02
3.666698837280273438e+02 6.792593383789062500e+02 1.947247505187988281e+02
3.673365402221679688e+02 6.797154235839843750e+02 1.942990875244140625e+02
3.664225769042968750e+02 6.796086120605468750e+02 1.953914260864257812e+02
3.666698837280273438e+02 6.802752685546875000e+02 1.957406616210937500e+02
3.662434005737304688e+02 6.799652099609375000e+02 1.960443878173828125e+02
3.657063293457031250e+02 6.790589141845703125e+02 1.959411430358886719e+02
3.655439758300781250e+02 6.784255218505859375e+02 1.955685806274414062e+02
3.662434005737304688e+02 6.789556121826171875e+02 1.950348472595214844e+02
3.655439758300781250e+02 6.794314575195312500e+02 1.965744781494140625e+02
3.653402709960937500e+02 6.787648010253906250e+02 1.962352371215820312e+02
3.650152587890625000e+02 6.779701995849609375e+02 1.960275077819824219e+02
3.646649551391601562e+02 6.770000457763671875e+02 1.957770156860351562e+02
3.644921493530273438e+02 6.775148773193359375e+02 1.964864349365234375e+02
3.653569412231445312e+02 6.777588653564453125e+02 1.952799224853515625e+02
3.646736145019531250e+02 6.781815338134765625e+02 1.968184661865234375e+02
3.643845367431640625e+02 6.779089355468750000e+02 1.970910644531250000e+02
3.639937591552734375e+02 6.770000457763671875e+02 1.969999885559082031e+02
3.636296463012695312e+02 6.760942077636718750e+02 1.969472122192382812e+02
3.643733978271484375e+02 6.770000457763671875e+02 1.962770080566406250e+02
3.636203765869140625e+02 6.770000457763671875e+02 1.977482223510742188e+02
3.635039138793945312e+02 6.764903259277343750e+02 1.975080299377441406e+02
3.641645431518554688e+02 6.760576629638671875e+02 1.959297370910644531e+02
3.637329483032226562e+02 6.750267028808593750e+02 1.960279083251953125e+02
3.643954086303710938e+02 6.757627868652343750e+02 1.953298759460449219e+02
3.645296859741210938e+02 6.764294433593750000e+02 1.955495643615722656e+02
3.647263336181640625e+02 6.760576629638671875e+02 1.949979209899902344e+02
3.646041870117187500e+02 6.752127075195312500e+02 1.946632194519042969e+02
3.653079605102539062e+02 6.759012603759765625e+02 1.940238761901855469e+02
3.651779937744140625e+02 6.770104980468750000e+02 1.949679565429687500e+02
3.655772018432617188e+02 6.773507690429687500e+02 1.946132469177246094e+02
3.654100036621093750e+02 6.766841125488281250e+02 1.943731307983398438e+02
3.658315658569335938e+02 6.770104980468750000e+02 1.940238761901855469e+02
3.656521987915039062e+02 6.761687469482421875e+02 1.937064743041992188e+02
3.663565826416015625e+02 6.770000457763671875e+02 1.933226966857910156e+02
3.663037109375000000e+02 6.779100036621093750e+02 1.940520668029785156e+02
3.664899063110351562e+02 6.775165557861328125e+02 1.934875869750976562e+02
3.657361602783203125e+02 6.780553436279296875e+02 1.949679565429687500e+02
3.664390945434570312e+02 6.785926818847656250e+02 1.944201278686523438e+02
3.667025756835937500e+02 6.781832885742187500e+02 1.937534523010253906e+02
3.670195388793945312e+02 6.789720916748046875e+02 1.940262794494628906e+02
3.670719146728515625e+02 6.778864288330078125e+02 1.930853652954101562e+02
3.674412918090820312e+02 6.775894927978515625e+02 1.924375343322753906e+02
3.667767333984375000e+02 6.770000457763671875e+02 1.928227043151855469e+02
3.673692321777343750e+02 6.786848449707031250e+02 1.933498001098632812e+02
3.676737594604492188e+02 6.782562255859375000e+02 1.926831436157226562e+02
3.680613708496093750e+02 6.779136657714843750e+02 1.920581054687500000e+02
3.679780578613281250e+02 6.790279388427734375e+02 1.929779815673828125e+02
3.683404159545898438e+02 6.787043762207031250e+02 1.923453521728515625e+02
3.676156616210937500e+02 6.793515014648437500e+02 1.936324310302734375e+02
3.682823562622070312e+02 6.797624969482421875e+02 1.932728004455566406e+02
3.686108779907226562e+02 6.793711090087890625e+02 1.926061439514160156e+02
3.689203643798828125e+02 6.800862884521484375e+02 1.929248428344726562e+02
3.689901733398437500e+02 6.790104675292968750e+02 1.919923782348632812e+02
3.687028503417968750e+02 6.782377624511718750e+02 1.916786766052246094e+02
3.693695068359375000e+02 6.786499023437500000e+02 1.913936233520507812e+02
3.696784591674804688e+02 6.793165588378906250e+02 1.916394042968750000e+02
3.692775344848632812e+02 6.797434234619140625e+02 1.923060798645019531e+02
3.699682617187500000e+02 6.800304412841796875e+02 1.919757080078125000e+02
3.703451156616210938e+02 6.796508026123046875e+02 1.913873672485351562e+02
3.707057189941406250e+02 6.803174591064453125e+02 1.916453361511230469e+02
3.710234451293945312e+02 6.799904632568359375e+02 1.911886787414550781e+02
3.709999847412109375e+02 6.792491149902343750e+02 1.906735229492187500e+02
3.719109344482421875e+02 6.800532531738281250e+02 1.906892967224121094e+02
3.713723754882812500e+02 6.806091308593750000e+02 1.914164161682128906e+02
3.720686721801757812e+02 6.809654998779296875e+02 1.912639045715332031e+02
3.717811584472656250e+02 6.812758636474609375e+02 1.916811561584472656e+02
3.724478149414062500e+02 6.815381622314453125e+02 1.914683532714843750e+02
3.729637145996093750e+02 6.809937286376953125e+02 1.907926559448242188e+02
3.732728576660156250e+02 6.806562042236328125e+02 1.903887557983398438e+02
3.729999923706054688e+02 6.817138671875000000e+02 1.913245010375976562e+02
3.737905883789062500e+02 6.813228607177734375e+02 1.906309890747070312e+02
3.726061630249023438e+02 6.804220581054687500e+02 1.905550575256347656e+02
3.729637145996093750e+02 6.800532531738281250e+02 1.901340484619140625e+02
3.729999923706054688e+02 6.793002319335937500e+02 1.896260070800781250e+02
3.739081954956054688e+02 6.800208282470703125e+02 1.896877479553222656e+02
3.721849060058593750e+02 6.797554016113281250e+02 1.903290176391601562e+02
3.719639205932617188e+02 6.790301513671875000e+02 1.899795532226562500e+02
3.717428970336914062e+02 6.782663726806640625e+02 1.896300697326660156e+02
3.724095535278320312e+02 6.785759735107421875e+02 1.894537162780761719e+02
3.709999847412109375e+02 6.787491607666015625e+02 1.903403472900390625e+02
3.715182495117187500e+02 6.794844055175781250e+02 1.905106735229492188e+02
3.704858779907226562e+02 6.785144805908203125e+02 1.904903793334960938e+02
3.710421371459960938e+02 6.779598236083984375e+02 1.898538398742675781e+02
3.707368850708007812e+02 6.772359466552734375e+02 1.896359252929687500e+02
3.702634811401367188e+02 6.780000305175781250e+02 1.903447341918945312e+02
3.714035797119140625e+02 6.775997161865234375e+02 1.894469642639160156e+02
3.710421371459960938e+02 6.769416046142578125e+02 1.893196678161621094e+02
3.720457458496093750e+02 6.779598236083984375e+02 1.893104171752929688e+02
3.720461273193359375e+02 6.769550323486328125e+02 1.888101577758789062e+02
3.730630493164062500e+02 6.779312896728515625e+02 1.888276100158691406e+02
3.734384536743164062e+02 6.775521850585937500e+02 1.884743499755859375e+02
3.729999923706054688e+02 6.788002014160156250e+02 1.893220138549804688e+02
3.739999771118164062e+02 6.782651519775390625e+02 1.886187744140625000e+02
3.727717971801757812e+02 6.772583007812500000e+02 1.886166763305664062e+02
3.730630493164062500e+02 6.769550323486328125e+02 1.883530807495117188e+02
3.729999923706054688e+02 6.760000610351562500e+02 1.879694366455078125e+02
3.739999771118164062e+02 6.770000457763671875e+02 1.880210304260253906e+02
3.724102401733398438e+02 6.765916442871093750e+02 1.884571838378906250e+02
3.720461273193359375e+02 6.759271240234375000e+02 1.883576583862304688e+02
3.720000076293945312e+02 6.750000000000000000e+02 1.880301475524902344e+02
3.717435836791992188e+02 6.762118530273437500e+02 1.886199569702148438e+02
3.714647674560546875e+02 6.755451202392578125e+02 1.884816551208496094e+02
3.712729644775390625e+02 6.750000000000000000e+02 1.883837127685546875e+02
3.710788726806640625e+02 6.759271240234375000e+02 1.888470077514648438e+02
3.702515411376953125e+02 6.760000610351562500e+02 1.893437957763671875e+02
3.707729721069335938e+02 6.750000000000000000e+02 1.886459541320800781e+02
3.699333953857421875e+02 6.750447082519531250e+02 1.891615295410156250e+02
3.705658340454101562e+02 6.744018554687500000e+02 1.885354042053222656e+02
3.700193023681640625e+02 6.740411376953125000e+02 1.887403297424316406e+02
3.709394836425781250e+02 6.740411376953125000e+02 1.882182502746582031e+02
3.703654861450195312e+02 6.737351226806640625e+02 1.884191131591796875e+02
3.710833740234375000e+02 6.729300689697265625e+02 1.877951622009277344e+02
3.720025253295898438e+02 6.740346527099609375e+02 1.876895713806152344e+02
3.716708755493164062e+02 6.732167816162109375e+02 1.875813484191894531e+02
3.723375320434570312e+02 6.737243652343750000e+02 1.874253654479980469e+02
3.725901412963867188e+02 6.743910217285156250e+02 1.875379943847656250e+02
3.729540634155273438e+02 6.740346527099609375e+02 1.872727966308593750e+02
3.729540634155273438e+02 6.750658416748046875e+02 1.876298713684082031e+02
3.732567977905273438e+02 6.747763824462890625e+02 1.874022674560546875e+02
3.735585403442382812e+02 6.754430389404296875e+02 1.875212097167968750e+02
3.739351272583007812e+02 6.750658416748046875e+02 1.872587776184082031e+02
3.739351272583007812e+02 6.760422515869140625e+02 1.876309585571289062e+02
3.742251968383789062e+02 6.757370758056640625e+02 1.874053955078125000e+02
3.746290588378906250e+02 6.764037322998046875e+02 1.875400924682617188e+02
3.749774551391601562e+02 6.760422515869140625e+02 1.872898101806640625e+02
3.749774551391601562e+02 6.769831848144531250e+02 1.876906013488769531e+02
3.752957534790039062e+02 6.766386413574218750e+02 1.874394226074218750e+02
3.750000000000000000e+02 6.750000000000000000e+02 1.868909645080566406e+02
3.749259948730468750e+02 6.740628814697265625e+02 1.865947341918945312e+02
3.759509277343750000e+02 6.750045013427734375e+02 1.866283607482910156e+02
3.755848693847656250e+02 6.744381713867187500e+02 1.865207099914550781e+02
3.762515258789062500e+02 6.746741485595703125e+02 1.864420509338378906e+02
3.759509277343750000e+02 6.740628814697265625e+02 1.863156700134277344e+02
3.759999847412109375e+02 6.730000305175781250e+02 1.860022926330566406e+02
3.752099609375000000e+02 6.737715148925781250e+02 1.864133262634277344e+02
3.770000076293945312e+02 6.740000152587890625e+02 1.860623359680175781e+02
3.770000076293945312e+02 6.730000305175781250e+02 1.857775688171386719e+02
3.769313049316406250e+02 6.720687103271484375e+02 1.855669593811035156e+02
3.779391098022460938e+02 6.730097961425781250e+02 1.855909919738769531e+02
3.775651931762695312e+02 6.724478912353515625e+02 1.855119132995605469e+02
3.782318878173828125e+02 6.726830291748046875e+02 1.854531860351562500e+02
3.779391098022460938e+02 6.720687103271484375e+02 1.853644752502441406e+02
3.789999771118164062e+02 6.720000457763671875e+02 1.851901817321777344e+02
3.779999923706054688e+02 6.710000610351562500e+02 1.851464462280273438e+02
3.772188186645507812e+02 6.717811584472656250e+02 1.854386329650878906e+02
3.769313049316406250e+02 6.710608673095703125e+02 1.853644752502441406e+02
3.770000076293945312e+02 6.700000000000000000e+02 1.851901817321777344e+02
3.763066864013671875e+02 6.707681274414062500e+02 1.854531860351562500e+02
3.765521621704101562e+02 6.714347839355468750e+02 1.855119132995605469e+02
3.759840011596679688e+02 6.710608673095703125e+02 1.855846595764160156e+02
3.750000000000000000e+02 6.710000610351562500e+02 1.858365821838378906e+02
3.759999847412109375e+02 6.720000457763671875e+02 1.857686233520507812e+02
3.756400299072265625e+02 6.702192687988281250e+02 1.855352783203125000e+02
3.759840011596679688e+02 6.699315643310546875e+02 1.854148674011230469e+02
3.750861740112304688e+02 6.699315643310546875e+02 1.856514167785644531e+02
3.748860168457031250e+02 6.690000152587890625e+02 1.856092643737792969e+02
3.754769515991210938e+02 6.695526123046875000e+02 1.854936408996582031e+02
3.739999771118164062e+02 6.700000000000000000e+02 1.859786987304687500e+02
3.739999771118164062e+02 6.690000152587890625e+02 1.858675384521484375e+02
3.729288101196289062e+02 6.700370025634765625e+02 1.863307762145996094e+02
3.739999771118164062e+02 6.710000610351562500e+02 1.861375999450683594e+02
3.732130050659179688e+02 6.710000610351562500e+02 1.863978767395019531e+02
3.739665985107421875e+02 6.720008850097656250e+02 1.863494682312011719e+02
3.734026336669921875e+02 6.716680908203125000e+02 1.864636230468750000e+02
3.736109924316406250e+02 6.723347473144531250e+02 1.865372467041015625e+02
3.750000000000000000e+02 6.720000457763671875e+02 1.860329627990722656e+02
3.742776870727539062e+02 6.727822113037109375e+02 1.864286041259765625e+02
3.739665985107421875e+02 6.730693817138671875e+02 1.866067123413085938e+02
3.749259948730468750e+02 6.730693817138671875e+02 1.863039016723632812e+02
3.745433044433593750e+02 6.734488677978515625e+02 1.865135765075683594e+02
3.729999923706054688e+02 6.730000305175781250e+02 1.869440269470214844e+02
3.739999771118164062e+02 6.740000152587890625e+02 1.868748855590820312e+02
3.720025253295898438e+02 6.729300689697265625e+02 1.873482704162597656e+02
3.730415725708007812e+02 6.720008850097656250e+02 1.866784095764160156e+02
3.720000076293945312e+02 6.720000457763671875e+02 1.871135330200195312e+02
3.727130126953125000e+02 6.710000610351562500e+02 1.865814971923828125e+02
3.720000076293945312e+02 6.710000610351562500e+02 1.868838310241699219e+02
3.725480270385742188e+02 6.703949737548828125e+02 1.865176200866699219e+02
3.720484924316406250e+02 6.700370025634765625e+02 1.866746520996093750e+02
3.709999847412109375e+02 6.700000000000000000e+02 1.871584510803222656e+02
3.718028640747070312e+02 6.690000152587890625e+02 1.866324424743652344e+02
3.724141693115234375e+02 6.697282409667968750e+02 1.864634513854980469e+02
3.723028945922851562e+02 6.690000152587890625e+02 1.864175033569335938e+02
3.729999923706054688e+02 6.690000152587890625e+02 1.861757659912109375e+02
3.721865081787109375e+02 6.680000305175781250e+02 1.863697433471679688e+02
3.721323776245117188e+02 6.670000457763671875e+02 1.863470840454101562e+02
3.716864776611328125e+02 6.680000305175781250e+02 1.865810203552246094e+02
3.729999923706054688e+02 6.680000305175781250e+02 1.860873031616210938e+02
3.739999771118164062e+02 6.680000305175781250e+02 1.857855606079101562e+02
3.729999923706054688e+02 6.670000457763671875e+02 1.860446739196777344e+02
3.729999923706054688e+02 6.660000610351562500e+02 1.860446739196777344e+02
3.739999771118164062e+02 6.670000457763671875e+02 1.857414054870605469e+02
3.739999771118164062e+02 6.660000610351562500e+02 1.857379150390625000e+02
3.746524429321289062e+02 6.670000457763671875e+02 1.855438041687011719e+02
3.746386718750000000e+02 6.660000610351562500e+02 1.855403137207031250e+02
3.751524353027343750e+02 6.670000457763671875e+02 1.854036331176757812e+02
3.747391510009765625e+02 6.680000305175781250e+02 1.855679893493652344e+02
3.752391433715820312e+02 6.680000305175781250e+02 1.854282379150390625e+02
3.753860092163085938e+02 6.690000152587890625e+02 1.854686164855957031e+02
3.759999847412109375e+02 6.680000305175781250e+02 1.852239036560058594e+02
3.759999847412109375e+02 6.690000152587890625e+02 1.853104209899902344e+02
3.770000076293945312e+02 6.680000305175781250e+02 1.849877548217773438e+02
3.759999847412109375e+02 6.670000457763671875e+02 1.851715469360351562e+02
3.759999847412109375e+02 6.660000610351562500e+02 1.851609802246093750e+02
3.770000076293945312e+02 6.670000457763671875e+02 1.849355125427246094e+02
3.770000076293945312e+02 6.660000610351562500e+02 1.849233245849609375e+02
3.779999923706054688e+02 6.670000457763671875e+02 1.847478866577148438e+02
3.779999923706054688e+02 6.660000610351562500e+02 1.847354316711425781e+02
3.779999923706054688e+02 6.680000305175781250e+02 1.847949409484863281e+02
3.790987777709960938e+02 6.669090270996093750e+02 1.845681571960449219e+02
3.789969253540039062e+02 6.660000610351562500e+02 1.845741844177246094e+02
3.794979476928710938e+02 6.665149688720703125e+02 1.844997024536132812e+02
3.789999771118164062e+02 6.680000305175781250e+02 1.846281814575195312e+02
3.795558166503906250e+02 6.671817016601562500e+02 1.845065498352050781e+02
3.799334716796875000e+02 6.669090270996093750e+02 1.844598770141601562e+02
3.797015762329101562e+02 6.680000305175781250e+02 1.845253372192382812e+02
3.800277709960937500e+02 6.689722442626953125e+02 1.845730018615722656e+02
3.802015686035156250e+02 6.680000305175781250e+02 1.844657707214355469e+02
3.809999847412109375e+02 6.680000305175781250e+02 1.844132423400878906e+02
3.803796386718750000e+02 6.686203765869140625e+02 1.844852828979492188e+02
3.809999847412109375e+02 6.687984466552734375e+02 1.844657707214355469e+02
3.820910263061523438e+02 6.690665435791015625e+02 1.844598770141601562e+02
3.809999847412109375e+02 6.692984008789062500e+02 1.845253372192382812e+02
3.809999847412109375e+02 6.700000000000000000e+02 1.846281814575195312e+02
3.818183517456054688e+02 6.694441986083984375e+02 1.845065498352050781e+02
3.820910263061523438e+02 6.699012756347656250e+02 1.845681571960449219e+02
3.824850082397460938e+02 6.695021057128906250e+02 1.844997024536132812e+02
3.829999923706054688e+02 6.695030975341796875e+02 1.844995498657226562e+02
3.829999923706054688e+02 6.690000152587890625e+02 1.844460678100585938e+02
3.835079574584960938e+02 6.695021057128906250e+02 1.844997024536132812e+02
3.839047622680664062e+02 6.690372467041015625e+02 1.844627189636230469e+02
3.839999771118164062e+02 6.680000305175781250e+02 1.843975448608398438e+02
3.829999923706054688e+02 6.680000305175781250e+02 1.843878555297851562e+02
3.829999923706054688e+02 6.670000457763671875e+02 1.843826675415039062e+02
3.820000076293945312e+02 6.680000305175781250e+02 1.843914031982421875e+02
3.820000076293945312e+02 6.670000457763671875e+02 1.843826675415039062e+02
3.809999847412109375e+02 6.670000457763671875e+02 1.843914031982421875e+02
3.820000076293945312e+02 6.660000610351562500e+02 1.843826675415039062e+02
3.809999847412109375e+02 6.660000610351562500e+02 1.843878364562988281e+02
3.820000076293945312e+02 6.650000000000000000e+02 1.843939971923828125e+02
3.829999923706054688e+02 6.660000610351562500e+02 1.843852615356445312e+02
3.829999923706054688e+02 6.650000000000000000e+02 1.844001388549804688e+02
3.839999771118164062e+02 6.650000000000000000e+02 1.844278526306152344e+02
3.829999923706054688e+02 6.641089630126953125e+02 1.844562149047851562e+02
3.820000076293945312e+02 6.640724182128906250e+02 1.844526672363281250e+02
3.829999923706054688e+02 6.636090087890625000e+02 1.845129776000976562e+02
3.839999771118164062e+02 6.642799377441406250e+02 1.844742202758789062e+02
3.839999771118164062e+02 6.637799072265625000e+02 1.845359992980957031e+02
3.845647430419921875e+02 6.644352722167968750e+02 1.844918060302734375e+02
3.839999771118164062e+02 6.630000305175781250e+02 1.846525955200195312e+02
3.839999771118164062e+02 6.620000457763671875e+02 1.848286437988281250e+02
3.850000000000000000e+02 6.630000305175781250e+02 1.847589302062988281e+02
3.829999923706054688e+02 6.630000305175781250e+02 1.846024703979492188e+02
3.820000076293945312e+02 6.630000305175781250e+02 1.845932006835937500e+02
3.820000076293945312e+02 6.635723876953125000e+02 1.845084381103515625e+02
3.809999847412109375e+02 6.636650848388671875e+02 1.845205307006835938e+02
3.809999847412109375e+02 6.641651153564453125e+02 1.844614601135253906e+02
3.799939727783203125e+02 6.639985656738281250e+02 1.845590591430664062e+02
3.789999771118164062e+02 6.640000152587890625e+02 1.846889495849609375e+02
3.803232574462890625e+02 6.643309020996093750e+02 1.844795417785644531e+02
3.796566009521484375e+02 6.648280334472656250e+02 1.845190048217773438e+02
3.799939727783203125e+02 6.650968170166015625e+02 1.844661521911621094e+02
3.790987777709960938e+02 6.650968170166015625e+02 1.845829772949218750e+02
3.779999923706054688e+02 6.650000000000000000e+02 1.847676086425781250e+02
3.794979476928710938e+02 6.654946899414062500e+02 1.844997024536132812e+02
3.794969177246093750e+02 6.660000610351562500e+02 1.844995498657226562e+02
3.800000000000000000e+02 6.660000610351562500e+02 1.844460678100585938e+02
3.779999923706054688e+02 6.640000152587890625e+02 1.848503112792968750e+02
3.770000076293945312e+02 6.650000000000000000e+02 1.849609756469726562e+02
3.770000076293945312e+02 6.640000152587890625e+02 1.850469970703125000e+02
3.759999847412109375e+02 6.650000000000000000e+02 1.852006530761718750e+02
3.759999847412109375e+02 6.640000152587890625e+02 1.852843093872070312e+02
3.752074050903320312e+02 6.650000000000000000e+02 1.854178047180175781e+02
3.753470993041992188e+02 6.640000152587890625e+02 1.854568862915039062e+02
3.747074127197265625e+02 6.650000000000000000e+02 1.855603599548339844e+02
3.751386642456054688e+02 6.660000610351562500e+02 1.853988838195800781e+02
3.748471069335937500e+02 6.640000152587890625e+02 1.856007957458496094e+02
3.739999771118164062e+02 6.650000000000000000e+02 1.857779121398925781e+02
3.729999923706054688e+02 6.650000000000000000e+02 1.860873031616210938e+02
3.739999771118164062e+02 6.640000152587890625e+02 1.858590698242187500e+02
3.739999771118164062e+02 6.630000305175781250e+02 1.859704208374023438e+02
3.729999923706054688e+02 6.640000152587890625e+02 1.861757659912109375e+02
3.723015975952148438e+02 6.640000152587890625e+02 1.864175033569335938e+02
3.729288101196289062e+02 6.629631042480468750e+02 1.863307762145996094e+02
3.725480270385742188e+02 6.626051330566406250e+02 1.865176200866699219e+02
3.732030487060546875e+02 6.620000457763671875e+02 1.863944625854492188e+02
3.724124526977539062e+02 6.632717895507812500e+02 1.864634513854980469e+02
3.720474624633789062e+02 6.629631042480468750e+02 1.866701889038085938e+02
3.709999847412109375e+02 6.630000305175781250e+02 1.871368217468261719e+02
3.720000076293945312e+02 6.620000457763671875e+02 1.868673324584960938e+02
3.718015670776367188e+02 6.640000152587890625e+02 1.866301345825195312e+02
3.716864776611328125e+02 6.650000000000000000e+02 1.865810203552246094e+02
3.709999847412109375e+02 6.640000152587890625e+02 1.869964218139648438e+02
3.702645874023437500e+02 6.640000152587890625e+02 1.873662757873535156e+02
3.709999847412109375e+02 6.650000000000000000e+02 1.869012641906738281e+02
3.701862716674804688e+02 6.650000000000000000e+02 1.873202323913574219e+02
3.709999847412109375e+02 6.660000610351562500e+02 1.868581199645996094e+02
3.709999847412109375e+02 6.670000457763671875e+02 1.868597030639648438e+02
3.716323852539062500e+02 6.660000610351562500e+02 1.865579223632812500e+02
3.701543426513671875e+02 6.660000610351562500e+02 1.873001861572265625e+02
3.696543502807617188e+02 6.660000610351562500e+02 1.875934028625488281e+02
3.701580047607421875e+02 6.670000457763671875e+02 1.873017692565917969e+02
3.696580123901367188e+02 6.670000457763671875e+02 1.875958633422851562e+02
3.701995849609375000e+02 6.680000305175781250e+02 1.873261642456054688e+02
3.696995925903320312e+02 6.680000305175781250e+02 1.876206016540527344e+02
3.702893066406250000e+02 6.690000152587890625e+02 1.873782348632812500e+02
3.709999847412109375e+02 6.680000305175781250e+02 1.869071960449218750e+02
3.709999847412109375e+02 6.690000152587890625e+02 1.870106887817382812e+02
3.697893142700195312e+02 6.690000152587890625e+02 1.876744461059570312e+02
3.704196929931640625e+02 6.700000000000000000e+02 1.874533462524414062e+02
3.699197006225585938e+02 6.700000000000000000e+02 1.877546501159667969e+02
3.704966354370117188e+02 6.705085754394531250e+02 1.874980163574218750e+02
3.700979614257812500e+02 6.709051513671875000e+02 1.878343200683593750e+02
3.709881591796875000e+02 6.709051513671875000e+02 1.873406600952148438e+02
3.706469345092773438e+02 6.711752319335937500e+02 1.875777816772460938e+02
3.713394546508789062e+02 6.720000457763671875e+02 1.874184608459472656e+02
3.708394241333007812e+02 6.720000457763671875e+02 1.876769447326660156e+02
3.714723205566406250e+02 6.725501251220703125e+02 1.874860572814941406e+02
3.699232101440429688e+02 6.720404815673828125e+02 1.882086563110351562e+02
3.694218063354492188e+02 6.717341613769531250e+02 1.884451675415039062e+02
3.695387268066406250e+02 6.724008178710937500e+02 1.885241889953613281e+02
3.701781463623046875e+02 6.730000305175781250e+02 1.883079338073730469e+02
3.696781539916992188e+02 6.730000305175781250e+02 1.886110687255859375e+02
3.689223861694335938e+02 6.730453491210937500e+02 1.891463088989257812e+02
3.690530776977539062e+02 6.720404815673828125e+02 1.887831878662109375e+02
3.684107208251953125e+02 6.727421569824218750e+02 1.894290924072265625e+02
3.685372924804687500e+02 6.734088134765625000e+02 1.895280265808105469e+02
3.691806793212890625e+02 6.740000152587890625e+02 1.892738723754882812e+02
3.686806869506835938e+02 6.740000152587890625e+02 1.896339988708496094e+02
3.693703079223632812e+02 6.747411346435546875e+02 1.894079399108886719e+02
3.690221786499023438e+02 6.750447082519531250e+02 1.897817420959472656e+02
3.682849121093750000e+02 6.750000000000000000e+02 1.903244400024414062e+02
3.689809417724609375e+02 6.759665679931640625e+02 1.902019691467285156e+02
3.695556640625000000e+02 6.754077911376953125e+02 1.895369720458984375e+02
3.697515106201171875e+02 6.760000610351562500e+02 1.896659851074218750e+02
3.699892425537109375e+02 6.770141601562500000e+02 1.899934768676757812e+02
3.704463577270507812e+02 6.765692901611328125e+02 1.894658470153808594e+02
3.693016052246093750e+02 6.767923736572265625e+02 1.903510093688964844e+02
3.695321273803710938e+02 6.774590301513671875e+02 1.905224990844726562e+02
3.689809417724609375e+02 6.770754241943359375e+02 1.907517242431640625e+02
3.697634887695312500e+02 6.780000305175781250e+02 1.906871032714843750e+02
3.690216827392578125e+02 6.779426574707031250e+02 1.912225723266601562e+02
3.700821685791015625e+02 6.789155578613281250e+02 1.910571670532226562e+02
3.684489822387695312e+02 6.775711059570312500e+02 1.914547920227050781e+02
3.682712554931640625e+02 6.770000457763671875e+02 1.912977790832519531e+02
3.680083847045898438e+02 6.759835815429687500e+02 1.910073471069335938e+02
3.677712631225585938e+02 6.770000457763671875e+02 1.917607879638671875e+02
3.672767639160156250e+02 6.770000457763671875e+02 1.922607803344726562e+02
3.675793457031250000e+02 6.763562774658203125e+02 1.915768432617187500e+02
3.669995880126953125e+02 6.760012054443359375e+02 1.919988441467285156e+02
3.667483901977539062e+02 6.750000000000000000e+02 1.917656326293945312e+02
3.674047851562500000e+02 6.756896209716796875e+02 1.914058113098144531e+02
3.664309310913085938e+02 6.756461334228515625e+02 1.924208259582519531e+02
3.665943527221679688e+02 6.763127899169921875e+02 1.926093482971191406e+02
3.660415649414062500e+02 6.759074401855468750e+02 1.930540847778320312e+02
3.654990768432617188e+02 6.755020904541015625e+02 1.934988021850585938e+02
3.657970046997070312e+02 6.750000000000000000e+02 1.928747749328613281e+02
3.662969970703125000e+02 6.750000000000000000e+02 1.922656440734863281e+02
3.654053115844726562e+02 6.750000000000000000e+02 1.933747863769531250e+02
3.656135940551757812e+02 6.740000152587890625e+02 1.926447105407714844e+02
3.655197143554687500e+02 6.734320831298828125e+02 1.925253677368164062e+02
3.652358245849609375e+02 6.740000152587890625e+02 1.931447029113769531e+02
3.661706161499023438e+02 6.739553070068359375e+02 1.919600105285644531e+02
3.658131027221679688e+02 6.730592346191406250e+02 1.920447731018066406e+02
3.664662170410156250e+02 6.735922241210937500e+02 1.914637565612792969e+02
3.665930557250976562e+02 6.742588806152343750e+02 1.916000175476074219e+02
3.670284652709960938e+02 6.739240264892578125e+02 1.910297775268554688e+02
3.668670654296875000e+02 6.730000305175781250e+02 1.908676910400390625e+02
3.674639129638671875e+02 6.735892486572265625e+02 1.904667854309082031e+02
3.672483825683593750e+02 6.750000000000000000e+02 1.912512016296386719e+02
3.676091003417968750e+02 6.742559051513671875e+02 1.905957984924316406e+02
3.677849197387695312e+02 6.750000000000000000e+02 1.907512092590332031e+02
3.679654693603515625e+02 6.739535522460937500e+02 1.901872634887695312e+02
3.680464172363281250e+02 6.730453491210937500e+02 1.898181343078613281e+02
3.677959442138671875e+02 6.720000457763671875e+02 1.897468185424804688e+02
3.673670578002929688e+02 6.730000305175781250e+02 1.903766441345214844e+02
3.672283172607421875e+02 6.720000457763671875e+02 1.902468109130859375e+02
3.671157073974609375e+02 6.710000610351562500e+02 1.901368141174316406e+02
3.667283248901367188e+02 6.720000457763671875e+02 1.907299613952636719e+02
3.666157150268554688e+02 6.710000610351562500e+02 1.906174468994140625e+02
3.662490463256835938e+02 6.720000457763671875e+02 1.912299728393554688e+02
3.661492156982421875e+02 6.710000610351562500e+02 1.911174583435058594e+02
3.657490539550781250e+02 6.720000457763671875e+02 1.917960357666015625e+02
3.663765716552734375e+02 6.730000305175781250e+02 1.913676834106445312e+02
3.656492233276367188e+02 6.710000610351562500e+02 1.916780471801757812e+02
3.653369522094726562e+02 6.720000457763671875e+02 1.922960281372070312e+02
3.652437591552734375e+02 6.710000610351562500e+02 1.921780395507812500e+02
3.647800064086914062e+02 6.720526123046875000e+02 1.930549430847167969e+02
3.654267883300781250e+02 6.727654266357421875e+02 1.924079513549804688e+02
3.651303482055664062e+02 6.730592346191406250e+02 1.929152297973632812e+02
3.645928573608398438e+02 6.730000305175781250e+02 1.936422157287597656e+02
3.642784500122070312e+02 6.730000305175781250e+02 1.941422080993652344e+02
3.647357940673828125e+02 6.740000152587890625e+02 1.938536834716796875e+02
3.645174026489257812e+02 6.724210357666015625e+02 1.935268211364746094e+02
3.642004394531250000e+02 6.720526123046875000e+02 1.939160919189453125e+02
3.639580917358398438e+02 6.710000610351562500e+02 1.939999961853027344e+02
3.644467926025390625e+02 6.717543792724609375e+02 1.934249114990234375e+02
3.636654663085937500e+02 6.720000457763671875e+02 1.947905731201171875e+02
3.633779525756835938e+02 6.720000457763671875e+02 1.952905654907226562e+02
3.635750579833984375e+02 6.710000610351562500e+02 1.946318244934082031e+02
3.637420654296875000e+02 6.730175018310546875e+02 1.950530433654785156e+02
3.635322189331054688e+02 6.733625030517578125e+02 1.955579948425292969e+02
3.640213775634765625e+02 6.740000152587890625e+02 1.950000000000000000e+02
3.634530639648437500e+02 6.726958465576171875e+02 1.954217529296875000e+02
3.632503128051757812e+02 6.730175018310546875e+02 1.959347915649414062e+02
3.630058670043945312e+02 6.720000457763671875e+02 1.959999847412109375e+02
3.626966476440429688e+02 6.730058288574218750e+02 1.970541572570800781e+02
3.633352279663085938e+02 6.740000152587890625e+02 1.962033843994140625e+02
3.629401016235351562e+02 6.740000152587890625e+02 1.969999885559082031e+02
3.634318161010742188e+02 6.747111511230468750e+02 1.963798522949218750e+02
3.636139297485351562e+02 6.740000152587890625e+02 1.957033920288085938e+02
3.632511138916015625e+02 6.750267028808593750e+02 1.969472122192382812e+02
3.627288818359375000e+02 6.749758911132812500e+02 1.980491256713867188e+02
3.633771896362304688e+02 6.758236694335937500e+02 1.972453498840332031e+02
3.635397720336914062e+02 6.753778076171875000e+02 1.965786743164062500e+02
3.626048660278320312e+02 6.740000152587890625e+02 1.977383613586425781e+02
3.624535369873046875e+02 6.746264648437500000e+02 1.984152221679687500e+02
3.623622512817382812e+02 6.740000152587890625e+02 1.982383537292480469e+02
3.620237731933593750e+02 6.740000152587890625e+02 1.989999961853027344e+02
3.622705841064453125e+02 6.730058288574218750e+02 1.979415512084960938e+02
3.624556350708007812e+02 6.726763916015625000e+02 1.974235916137695312e+02
3.618047332763671875e+02 6.730000305175781250e+02 1.989999961853027344e+02
3.625303268432617188e+02 6.733430480957031250e+02 1.975692558288574219e+02
3.620404434204101562e+02 6.720000457763671875e+02 1.979999923706054688e+02
3.618922424316406250e+02 6.710000610351562500e+02 1.979999923706054688e+02
3.623818588256835938e+02 6.720000457763671875e+02 1.972856140136718750e+02
3.616336441040039062e+02 6.720530700683593750e+02 1.990345573425292969e+02
3.615925979614257812e+02 6.710000610351562500e+02 1.987636756896972656e+02
3.613866806030273438e+02 6.710000610351562500e+02 1.992636680603027344e+02
3.615466308593750000e+02 6.700000000000000000e+02 1.986338806152343750e+02
3.617939376831054688e+02 6.700000000000000000e+02 1.979999923706054688e+02
3.615175247192382812e+02 6.692291259765625000e+02 1.985512161254882812e+02
3.613352966308593750e+02 6.700000000000000000e+02 1.991338729858398438e+02
3.613408279418945312e+02 6.689374542236328125e+02 1.989307212829589844e+02
3.610165405273437500e+02 6.700000000000000000e+02 2.000000000000000000e+02
3.609615325927734375e+02 6.690000152587890625e+02 2.000000000000000000e+02
3.609397125244140625e+02 6.680000305175781250e+02 2.000000000000000000e+02
3.609521484375000000e+02 6.670000457763671875e+02 2.000000000000000000e+02
3.612770843505859375e+02 6.680000305175781250e+02 1.989999961853027344e+02
3.606744766235351562e+02 6.680000305175781250e+02 2.009999847412109375e+02
3.606860351562500000e+02 6.670000457763671875e+02 2.009999847412109375e+02
3.607345199584960938e+02 6.660000610351562500e+02 2.009999847412109375e+02
3.605332183837890625e+02 6.670000457763671875e+02 2.016403198242187500e+02
3.605562210083007812e+02 6.660000610351562500e+02 2.017464447021484375e+02
3.608240127563476562e+02 6.650000000000000000e+02 2.009999847412109375e+02
3.610016250610351562e+02 6.660000610351562500e+02 2.000000000000000000e+02
3.610935974121093750e+02 6.650000000000000000e+02 2.000000000000000000e+02
3.613517761230468750e+02 6.660064697265625000e+02 1.989193344116210938e+02
3.613690567016601562e+02 6.650000000000000000e+02 1.991249656677246094e+02
3.614885330200195312e+02 6.663440704345703125e+02 1.984761047363281250e+02
3.612785339355468750e+02 6.670000457763671875e+02 1.989999961853027344e+02
3.615112304687500000e+02 6.656773376464843750e+02 1.985322189331054688e+02
3.615436553955078125e+02 6.650000000000000000e+02 1.986249542236328125e+02
3.616719436645507812e+02 6.660064697265625000e+02 1.980856704711914062e+02
3.621226882934570312e+02 6.660000610351562500e+02 1.969999885559082031e+02
3.616889190673828125e+02 6.670000457763671875e+02 1.979580688476562500e+02
3.617876052856445312e+02 6.650000000000000000e+02 1.979999923706054688e+02
3.621970367431640625e+02 6.650000000000000000e+02 1.969999885559082031e+02
3.619092559814453125e+02 6.640000152587890625e+02 1.979999923706054688e+02
3.620751571655273438e+02 6.630000305175781250e+02 1.979999923706054688e+02
3.623318481445312500e+02 6.640318298339843750e+02 1.969439888000488281e+02
3.616075134277343750e+02 6.640000152587890625e+02 1.988084983825683594e+02
3.616858291625976562e+02 6.630438995361328125e+02 1.990661621093750000e+02
3.614342498779296875e+02 6.640000152587890625e+02 1.993084907531738281e+02
3.614807891845703125e+02 6.634064483642578125e+02 1.994436073303222656e+02
3.612236404418945312e+02 6.640000152587890625e+02 2.000000000000000000e+02
3.613904571533203125e+02 6.630438995361328125e+02 2.000014686584472656e+02
3.609532928466796875e+02 6.640000152587890625e+02 2.009999847412109375e+02
3.611307144165039062e+02 6.630000305175781250e+02 2.009999847412109375e+02
3.613684844970703125e+02 6.619912719726562500e+02 2.009983444213867188e+02
3.609096527099609375e+02 6.630000305175781250e+02 2.019999885559082031e+02
3.611492919921875000e+02 6.620000457763671875e+02 2.019999885559082031e+02
3.613917160034179688e+02 6.611576843261718750e+02 2.019999885559082031e+02
3.609807205200195312e+02 6.620000457763671875e+02 2.029999923706054688e+02
3.613186264038085938e+02 6.609038543701171875e+02 2.029081153869628906e+02
3.611436462402343750e+02 6.610000610351562500e+02 2.039999961853027344e+02
3.614524459838867188e+02 6.603701019287109375e+02 2.031801986694335938e+02
3.615021133422851562e+02 6.605064392089843750e+02 2.025135421752929688e+02
3.616238784790039062e+02 6.600220489501953125e+02 2.029081153869628906e+02
3.615520095825195312e+02 6.606577301025390625e+02 2.019999885559082031e+02
3.617915344238281250e+02 6.600000000000000000e+02 2.019999885559082031e+02
3.616513442993164062e+02 6.610223388671875000e+02 2.009983444213867188e+02
3.619994354248046875e+02 6.600000000000000000e+02 2.009999847412109375e+02
3.614587020874023438e+02 6.613705444335937500e+02 2.013305854797363281e+02
3.619125366210937500e+02 6.610000610351562500e+02 2.000000000000000000e+02
3.615414810180664062e+02 6.616521453857421875e+02 2.006639099121093750e+02
3.616358947753906250e+02 6.619912719726562500e+02 2.000014686584472656e+02
3.615507125854492188e+02 6.627397918701171875e+02 1.996691131591796875e+02
3.614524841308593750e+02 6.623188018798828125e+02 2.003357887268066406e+02
3.619417190551757812e+02 6.620000457763671875e+02 1.989999961853027344e+02
3.622637557983398438e+02 6.609000396728515625e+02 1.989000129699707031e+02
3.623125839233398438e+02 6.619656372070312500e+02 1.979416275024414062e+02
3.624079513549804688e+02 6.611667633056640625e+02 1.982360649108886719e+02
3.624503707885742188e+02 6.622760772705078125e+02 1.973817825317382812e+02
3.625252151489257812e+02 6.616094207763671875e+02 1.975693893432617188e+02
3.625850677490234375e+02 6.609000396728515625e+02 1.979416275024414062e+02
3.626710128784179688e+02 6.619656372070312500e+02 1.970290565490722656e+02
3.629208755493164062e+02 6.610000610351562500e+02 1.969999885559082031e+02
3.631195449829101562e+02 6.620000457763671875e+02 1.959999847412109375e+02
3.625938034057617188e+02 6.630000305175781250e+02 1.967163276672363281e+02
3.629164505004882812e+02 6.630000305175781250e+02 1.959999847412109375e+02
3.623808670043945312e+02 6.630000305175781250e+02 1.972163391113281250e+02
3.625320434570312500e+02 6.637196350097656250e+02 1.965733337402343750e+02
3.627125549316406250e+02 6.640318298339843750e+02 1.960787582397460938e+02
3.632826232910156250e+02 6.640230560302734375e+02 1.949321746826171875e+02
3.624840545654296875e+02 6.643862915039062500e+02 1.964645957946777344e+02
3.626811981201171875e+02 6.650000000000000000e+02 1.958953666687011719e+02
3.631322479248046875e+02 6.650000000000000000e+02 1.950000000000000000e+02
3.626425933837890625e+02 6.660000610351562500e+02 1.958146095275878906e+02
3.624530792236328125e+02 6.650000000000000000e+02 1.963953590393066406e+02
3.624161529541015625e+02 6.660000610351562500e+02 1.963146018981933594e+02
3.624002075195312500e+02 6.670000457763671875e+02 1.962853813171386719e+02
3.620891571044921875e+02 6.670000457763671875e+02 1.969999885559082031e+02
3.624091720581054688e+02 6.680000305175781250e+02 1.963146018981933594e+02
3.626287078857421875e+02 6.670000457763671875e+02 1.957853889465332031e+02
3.630302429199218750e+02 6.670000457763671875e+02 1.950000000000000000e+02
3.626425933837890625e+02 6.680000305175781250e+02 1.958146095275878906e+02
3.630575942993164062e+02 6.680000305175781250e+02 1.950000000000000000e+02
3.626778030395507812e+02 6.690000152587890625e+02 1.958873748779296875e+02
3.626900482177734375e+02 6.700244903564453125e+02 1.960723686218261719e+02
3.624408721923828125e+02 6.690000152587890625e+02 1.963873863220214844e+02
3.631283187866210938e+02 6.690000152587890625e+02 1.950000000000000000e+02
3.634505081176757812e+02 6.690000152587890625e+02 1.944206428527832031e+02
3.632711410522460938e+02 6.699858856201171875e+02 1.949260711669921875e+02
3.634816741943359375e+02 6.696430969238281250e+02 1.944704818725585938e+02
3.632912445068359375e+02 6.710000610351562500e+02 1.951318359375000000e+02
3.635247802734375000e+02 6.703097534179687500e+02 1.945434379577636719e+02
3.637670516967773438e+02 6.699858856201171875e+02 1.940822792053222656e+02
3.637662887573242188e+02 6.690000152587890625e+02 1.939206504821777344e+02
3.643152236938476562e+02 6.700000000000000000e+02 1.932330894470214844e+02
3.642662811279296875e+02 6.690000152587890625e+02 1.931579208374023438e+02
3.643830490112304688e+02 6.710000610351562500e+02 1.933338165283203125e+02
3.646683120727539062e+02 6.700000000000000000e+02 1.927330970764160156e+02
3.646125793457031250e+02 6.690000152587890625e+02 1.926579093933105469e+02
3.651683044433593750e+02 6.700000000000000000e+02 1.920782852172851562e+02
3.647437286376953125e+02 6.710000610351562500e+02 1.928338050842285156e+02
3.651822280883789062e+02 6.689901733398437500e+02 1.919122505187988281e+02
3.655646133422851562e+02 6.700000000000000000e+02 1.915782737731933594e+02
3.655166625976562500e+02 6.693169403076171875e+02 1.915204048156738281e+02
3.661409759521484375e+02 6.699622344970703125e+02 1.909258842468261719e+02
3.664821243286132812e+02 6.696037292480468750e+02 1.904814529418945312e+02
3.665420150756835938e+02 6.702703857421875000e+02 1.905431365966796875e+02
3.658671569824218750e+02 6.689901733398437500e+02 1.910907554626464844e+02
3.654869461059570312e+02 6.686502838134765625e+02 1.914846038818359375e+02
3.659052276611328125e+02 6.680000305175781250e+02 1.909634590148925781e+02
3.664464950561523438e+02 6.690000152587890625e+02 1.904439735412597656e+02
3.664052200317382812e+02 6.680000305175781250e+02 1.903999900817871094e+02
3.669536972045898438e+02 6.690000152587890625e+02 1.899439620971679688e+02
3.674537277221679688e+02 6.690000152587890625e+02 1.894567108154296875e+02
3.670164489746093750e+02 6.699076843261718750e+02 1.900184249877929688e+02
3.669031143188476562e+02 6.680000305175781250e+02 1.898999977111816406e+02
3.668798065185546875e+02 6.670000457763671875e+02 1.898798561096191406e+02
3.674031066894531250e+02 6.680000305175781250e+02 1.894081878662109375e+02
3.673797988891601562e+02 6.670000457763671875e+02 1.893851089477539062e+02
3.679693603515625000e+02 6.680000305175781250e+02 1.889081954956054688e+02
3.680976486206054688e+02 6.689142608642578125e+02 1.888916206359863281e+02
3.679384613037109375e+02 6.670000457763671875e+02 1.888850975036621094e+02
3.684693908691406250e+02 6.680000305175781250e+02 1.884743690490722656e+02
3.684384918212890625e+02 6.670000457763671875e+02 1.884484863281250000e+02
3.684960556030273438e+02 6.685237884521484375e+02 1.884967422485351562e+02
3.689999771118164062e+02 6.680000305175781250e+02 1.880949783325195312e+02
3.689999771118164062e+02 6.670000457763671875e+02 1.880443763732910156e+02
3.689350509643554688e+02 6.689142608642578125e+02 1.882376098632812500e+02
3.685583877563476562e+02 6.691904449462890625e+02 1.885437583923339844e+02
3.691534805297851562e+02 6.700000000000000000e+02 1.882546424865722656e+02
3.686534881591796875e+02 6.700000000000000000e+02 1.886141967773437500e+02
3.693010330200195312e+02 6.710000610351562500e+02 1.883595657348632812e+02
3.688010406494140625e+02 6.710000610351562500e+02 1.887203788757324219e+02
3.681603622436523438e+02 6.710000610351562500e+02 1.892203712463378906e+02
3.679379653930664062e+02 6.699269104003906250e+02 1.891863441467285156e+02
3.676603698730468750e+02 6.710000610351562500e+02 1.896368217468261719e+02
3.682959365844726562e+02 6.720000457763671875e+02 1.893358230590820312e+02
3.675632858276367188e+02 6.702115631103515625e+02 1.895553970336914062e+02
3.674909210205078125e+02 6.695449066162109375e+02 1.894916534423828125e+02
3.689999771118164062e+02 6.660000610351562500e+02 1.880387496948242188e+02
3.689999771118164062e+02 6.650000000000000000e+02 1.880741310119628906e+02
3.684346389770507812e+02 6.660000610351562500e+02 1.884453392028808594e+02
3.684551239013671875e+02 6.650000000000000000e+02 1.884626579284667969e+02
3.679346466064453125e+02 6.660000610351562500e+02 1.888817214965820312e+02
3.679551315307617188e+02 6.650000000000000000e+02 1.888972091674804688e+02
3.673763656616210938e+02 6.660000610351562500e+02 1.893817329406738281e+02
3.673922348022460938e+02 6.650000000000000000e+02 1.893972206115722656e+02
3.668763732910156250e+02 6.660000610351562500e+02 1.898789596557617188e+02
3.663869857788085938e+02 6.660000610351562500e+02 1.903789520263671875e+02
3.668922424316406250e+02 6.650000000000000000e+02 1.898973083496093750e+02
3.664050674438476562e+02 6.650000000000000000e+02 1.903973197937011719e+02
3.669383621215820312e+02 6.640000152587890625e+02 1.899445152282714844e+02
3.670156478881835938e+02 6.630812835693359375e+02 1.900163841247558594e+02
3.664489364624023438e+02 6.640000152587890625e+02 1.904445266723632812e+02
3.674383544921875000e+02 6.640000152587890625e+02 1.894413948059082031e+02
3.674803161621093750e+02 6.634044647216796875e+02 1.894813728332519531e+02
3.680892944335937500e+02 6.640293884277343750e+02 1.888698959350585938e+02
3.684821701049804688e+02 6.643823242187500000e+02 1.884853363037109375e+02
3.685371017456054688e+02 6.637156677246093750e+02 1.885279655456542969e+02
3.679315948486328125e+02 6.630426788330078125e+02 1.891617202758789062e+02
3.681459808349609375e+02 6.620000457763671875e+02 1.891976165771484375e+02
3.675526809692382812e+02 6.627378082275390625e+02 1.895482063293457031e+02
3.686213302612304688e+02 6.630000305175781250e+02 1.885910987854003906e+02
3.687638473510742188e+02 6.620000457763671875e+02 1.886976242065429688e+02
3.691213226318359375e+02 6.630000305175781250e+02 1.882321739196777344e+02
3.692638778686523438e+02 6.620000457763671875e+02 1.883325958251953125e+02
3.689222717285156250e+02 6.640293884277343750e+02 1.882167243957519531e+02
3.698899078369140625e+02 6.630000305175781250e+02 1.877321815490722656e+02
3.700862121582031250e+02 6.620626068115234375e+02 1.878018379211425781e+02
3.703899383544921875e+02 6.630000305175781250e+02 1.874372863769531250e+02
3.697645950317382812e+02 6.640000152587890625e+02 1.876568984985351562e+02
3.696862792968750000e+02 6.650000000000000000e+02 1.876114654541015625e+02
3.704770278930664062e+02 6.624375915527343750e+02 1.874867439270019531e+02
3.709697723388671875e+02 6.620626068115234375e+02 1.873242378234863281e+02
3.706162643432617188e+02 6.617709350585937500e+02 1.875596046447753906e+02
3.712942123413085938e+02 6.610000610351562500e+02 1.873984718322753906e+02
3.714426422119140625e+02 6.603987121582031250e+02 1.874711799621582031e+02
3.707942199707031250e+02 6.610000610351562500e+02 1.876523017883300781e+02
3.720000076293945312e+02 6.610000610351562500e+02 1.870830726623535156e+02
3.719893264770507812e+02 6.600392150878906250e+02 1.873301887512207031e+02
3.730335998535156250e+02 6.609835815429687500e+02 1.866660308837890625e+02
3.729999923706054688e+02 6.600000000000000000e+02 1.869187927246093750e+02
3.733893585205078125e+02 6.613059234619140625e+02 1.864590835571289062e+02
3.727030181884765625e+02 6.620000457763671875e+02 1.865770912170410156e+02
3.735903549194335938e+02 6.606391906738281250e+02 1.865305900573730469e+02
3.739542007446289062e+02 6.599060058593750000e+02 1.865890884399414062e+02
3.739542007446289062e+02 6.609835815429687500e+02 1.863379096984863281e+02
3.742570114135742188e+02 6.601766204833984375e+02 1.864212036132812500e+02
3.739999771118164062e+02 6.620000457763671875e+02 1.861247253417968750e+02
3.750000000000000000e+02 6.610000610351562500e+02 1.860141372680664062e+02
3.750000000000000000e+02 6.620000457763671875e+02 1.858167648315429688e+02
3.749050903320312500e+02 6.599060058593750000e+02 1.862933921813964844e+02
3.751751327514648438e+02 6.591870880126953125e+02 1.864074707031250000e+02
3.745084762573242188e+02 6.595099639892578125e+02 1.865025520324707031e+02
3.749050903320312500e+02 6.589122772216796875e+02 1.865679168701171875e+02
3.739999771118164062e+02 6.590000152587890625e+02 1.868287467956542969e+02
3.750000000000000000e+02 6.580000305175781250e+02 1.868353271484375000e+02
3.755260086059570312e+02 6.585204315185546875e+02 1.865063476562500000e+02
3.759156036376953125e+02 6.579673004150390625e+02 1.865985488891601562e+02
3.759156036376953125e+02 6.589122772216796875e+02 1.863006210327148438e+02
3.761927032470703125e+02 6.582788848876953125e+02 1.864290046691894531e+02
3.770146942138671875e+02 6.579673004150390625e+02 1.863604736328125000e+02
3.766911697387695312e+02 6.576122283935546875e+02 1.865375709533691406e+02
3.773578643798828125e+02 6.574353027343750000e+02 1.864731597900390625e+02
3.770146942138671875e+02 6.570612335205078125e+02 1.866980361938476562e+02
3.779999923706054688e+02 6.573084259033203125e+02 1.864202690124511719e+02
3.779999923706054688e+02 6.568083953857421875e+02 1.866327476501464844e+02
3.789999771118164062e+02 6.571518707275390625e+02 1.863554000854492188e+02
3.789999771118164062e+02 6.566519165039062500e+02 1.865662193298339844e+02
3.789999771118164062e+02 6.560000610351562500e+02 1.868717384338378906e+02
3.800000000000000000e+02 6.565579986572265625e+02 1.865254020690917969e+02
3.808234024047851562e+02 6.565174102783203125e+02 1.865076255798339844e+02
3.800000000000000000e+02 6.560000610351562500e+02 1.867893218994140625e+02
3.800000000000000000e+02 6.550682067871093750e+02 1.872639083862304688e+02
3.810940170288085938e+02 6.560997009277343750e+02 1.866979217529296875e+02
3.809999847412109375e+02 6.550309753417968750e+02 1.872416687011718750e+02
3.814900588989257812e+02 6.564995574951171875e+02 1.864997673034667969e+02
3.819158935546875000e+02 6.560997009277343750e+02 1.866930389404296875e+02
3.820000076293945312e+02 6.550341796875000000e+02 1.872392654418945312e+02
3.820000076293945312e+02 6.545342254638671875e+02 1.875200080871582031e+02
3.829999923706054688e+02 6.550830841064453125e+02 1.872627449035644531e+02
3.829999923706054688e+02 6.545831298828125000e+02 1.875493431091308594e+02
3.839999771118164062e+02 6.546743011474609375e+02 1.876043128967285156e+02
3.809999847412109375e+02 6.545309448242187500e+02 1.875177192687988281e+02
3.800000000000000000e+02 6.545681762695312500e+02 1.875387763977050781e+02
3.789999771118164062e+02 6.546427917480468750e+02 1.875807380676269531e+02
3.800000000000000000e+02 6.540000152587890625e+02 1.878857612609863281e+02
3.789999771118164062e+02 6.540000152587890625e+02 1.879729461669921875e+02
3.779092407226562500e+02 6.539025115966796875e+02 1.881871795654296875e+02
3.789999771118164062e+02 6.533494567871093750e+02 1.883921813964843750e+02
3.789999771118164062e+02 6.528494262695312500e+02 1.887581634521484375e+02
3.781820678710937500e+02 6.534258270263671875e+02 1.884467506408691406e+02
3.779092407226562500e+02 6.530554962158203125e+02 1.887675476074218750e+02
3.775154113769531250e+02 6.535041809082031250e+02 1.885027122497558594e+02
3.770000076293945312e+02 6.530000305175781250e+02 1.889998435974121094e+02
3.779999923706054688e+02 6.522944641113281250e+02 1.893324089050292969e+02
3.779999923706054688e+02 6.517944335937500000e+02 1.897525215148925781e+02
3.789999771118164062e+02 6.522010803222656250e+02 1.892581748962402344e+02
3.770000076293945312e+02 6.524252319335937500e+02 1.894384956359863281e+02
3.764992523193359375e+02 6.524997711181640625e+02 1.894997596740722656e+02
3.770000076293945312e+02 6.519252014160156250e+02 1.898701477050781250e+02
3.761060714721679688e+02 6.520401763916015625e+02 1.900324630737304688e+02
3.770000076293945312e+02 6.513650512695312500e+02 1.903701591491699219e+02
3.763795471191406250e+02 6.514571380615234375e+02 1.904584121704101562e+02
3.770000076293945312e+02 6.508650207519531250e+02 1.908808517456054688e+02
3.779999923706054688e+02 6.512413024902343750e+02 1.902525138854980469e+02
3.779999923706054688e+02 6.507413482666015625e+02 1.907493019104003906e+02
3.789999771118164062e+02 6.511527252197265625e+02 1.901700019836425781e+02
3.789999771118164062e+02 6.506526947021484375e+02 1.906565284729003906e+02
3.789999771118164062e+02 6.517010498046875000e+02 1.896700096130371094e+02
3.800000000000000000e+02 6.510920715332031250e+02 1.901151466369628906e+02
3.800000000000000000e+02 6.505920410156250000e+02 1.905932998657226562e+02
3.800000000000000000e+02 6.501226806640625000e+02 1.910933113098144531e+02
3.809999847412109375e+02 6.505632781982421875e+02 1.905639266967773438e+02
3.809999847412109375e+02 6.500953674316406250e+02 1.910639190673828125e+02
3.820000076293945312e+02 6.505778503417968750e+02 1.905795669555664062e+02
3.820000076293945312e+02 6.501133728027343750e+02 1.910795593261718750e+02
3.820000076293945312e+02 6.496133422851562500e+02 1.916475486755371094e+02
3.829999923706054688e+02 6.501672363281250000e+02 1.911329269409179688e+02
3.829999923706054688e+02 6.496672058105468750e+02 1.917183494567871094e+02
3.839999771118164062e+02 6.502474212646484375e+02 1.912172126770019531e+02
3.839999771118164062e+02 6.497473907470703125e+02 1.918247413635253906e+02
3.850000000000000000e+02 6.503603363037109375e+02 1.913420104980468750e+02
3.850323486328125000e+02 6.498060607910156250e+02 1.920544052124023438e+02
3.856432342529296875e+02 6.504514312744140625e+02 1.914445877075195312e+02
3.859859466552734375e+02 6.501719665527343750e+02 1.919491767883300781e+02
3.859999847412109375e+02 6.496263885498046875e+02 1.926817703247070312e+02
3.859999847412109375e+02 6.492895507812500000e+02 1.931817626953125000e+02
3.853872299194335938e+02 6.495295715332031250e+02 1.925426101684570312e+02
3.850323486328125000e+02 6.491875457763671875e+02 1.929255676269531250e+02
3.839075088500976562e+02 6.488336944580078125e+02 1.930979156494140625e+02
3.850000000000000000e+02 6.486507415771484375e+02 1.937609481811523438e+02
3.847205734252929688e+02 6.494449615478515625e+02 1.924239921569824219e+02
3.839999771118164062e+02 6.493725585937500000e+02 1.923247337341308594e+02
3.829999923706054688e+02 6.492945098876953125e+02 1.922183418273925781e+02
3.829999923706054688e+02 6.487945556640625000e+02 1.929422760009765625e+02
3.820000076293945312e+02 6.492432403564453125e+02 1.921475410461425781e+02
3.809999847412109375e+02 6.492252349853515625e+02 1.921235656738281250e+02
3.820000076293945312e+02 6.487432098388671875e+02 1.928635787963867188e+02
3.809999847412109375e+02 6.487252044677734375e+02 1.928382110595703125e+02
3.820000076293945312e+02 6.484119415283203125e+02 1.933635711669921875e+02
3.809999847412109375e+02 6.483962249755859375e+02 1.933382225036621094e+02
3.820000076293945312e+02 6.480464935302734375e+02 1.939999961853027344e+02
3.829999923706054688e+02 6.484626007080078125e+02 1.934422874450683594e+02
3.829999923706054688e+02 6.481468963623046875e+02 1.939999961853027344e+02
3.835124969482421875e+02 6.484977722167968750e+02 1.934965324401855469e+02
3.839075088500976562e+02 6.483085632324218750e+02 1.939613151550292969e+02
3.839544677734375000e+02 6.477346801757812500e+02 1.950810813903808594e+02
3.841791534423828125e+02 6.485594177246093750e+02 1.936021995544433594e+02
3.850000000000000000e+02 6.483661651611328125e+02 1.942609596252441406e+02
3.829999923706054688e+02 6.476843261718750000e+02 1.948852348327636719e+02
3.842574691772460938e+02 6.475413513183593750e+02 1.955979537963867188e+02
3.835907745361328125e+02 6.474851989746093750e+02 1.954684829711914062e+02
3.829999923706054688e+02 6.474474334716796875e+02 1.953852462768554688e+02
3.839544677734375000e+02 6.473508453369140625e+02 1.959587669372558594e+02
3.829999923706054688e+02 6.472141265869140625e+02 1.959999847412109375e+02
3.839999771118164062e+02 6.469697570800781250e+02 1.969999885559082031e+02
3.850000000000000000e+02 6.474102020263671875e+02 1.962790489196777344e+02
3.829999923706054688e+02 6.468609619140625000e+02 1.969999885559082031e+02
3.820000076293945312e+02 6.468043518066406250e+02 1.969999885559082031e+02
3.829999923706054688e+02 6.465942382812500000e+02 1.978174972534179688e+02
3.829999923706054688e+02 6.464483642578125000e+02 1.983175086975097656e+02
3.820000076293945312e+02 6.465689086914062500e+02 1.977445030212402344e+02
3.809999847412109375e+02 6.465679168701171875e+02 1.977570533752441406e+02
3.820000076293945312e+02 6.464308166503906250e+02 1.982444953918457031e+02
3.809999847412109375e+02 6.464377593994140625e+02 1.982570648193359375e+02
3.800000000000000000e+02 6.464652252197265625e+02 1.983591461181640625e+02
3.800000000000000000e+02 6.463144683837890625e+02 1.989999961853027344e+02
3.800000000000000000e+02 6.465913391113281250e+02 1.978591537475585938e+02
3.794139862060546875e+02 6.464902496337890625e+02 1.984599304199218750e+02
3.790483856201171875e+02 6.466304016113281250e+02 1.980759620666503906e+02
3.790483856201171875e+02 6.464164733886718750e+02 1.989771270751953125e+02
3.789999771118164062e+02 6.462226867675781250e+02 2.000000000000000000e+02
3.787473297119140625e+02 6.465294647216796875e+02 1.986285400390625000e+02
3.782321166992187500e+02 6.464551544189453125e+02 1.992951965332031250e+02
3.779392623901367188e+02 6.465765380859375000e+02 1.989771270751953125e+02
3.779392623901367188e+02 6.463852691650390625e+02 1.999381256103515625e+02
3.772735595703125000e+02 6.464534759521484375e+02 2.002302360534667969e+02
3.775654602050781250e+02 6.465115356445312500e+02 1.995635604858398438e+02
3.779999923706054688e+02 6.462083435058593750e+02 2.009999847412109375e+02
3.779999923706054688e+02 6.460719299316406250e+02 2.019999885559082031e+02
3.789999771118164062e+02 6.460641479492187500e+02 2.009999847412109375e+02
3.769641494750976562e+02 6.463998413085937500e+02 2.009910774230957031e+02
3.763946533203125000e+02 6.464736938476562500e+02 2.013184738159179688e+02
3.770000076293945312e+02 6.462582397460937500e+02 2.019999885559082031e+02
3.766069030761718750e+02 6.465230560302734375e+02 2.006518173217773438e+02
3.769641494750976562e+02 6.465700531005859375e+02 1.999381256103515625e+02
3.760367965698242188e+02 6.466149902343750000e+02 2.009910774230957031e+02
3.759999847412109375e+02 6.467873382568359375e+02 2.000000000000000000e+02
3.750000000000000000e+02 6.469133758544921875e+02 2.009999847412109375e+02
3.757244873046875000e+02 6.465584564208984375e+02 2.019999885559082031e+02
3.762244796752929688e+02 6.464306640625000000e+02 2.019999885559082031e+02
3.750000000000000000e+02 6.467760467529296875e+02 2.019999885559082031e+02
3.755713272094726562e+02 6.465188598632812500e+02 2.027182579040527344e+02
3.759428024291992188e+02 6.463968658447265625e+02 2.030309486389160156e+02
3.750816726684570312e+02 6.466445159912109375e+02 2.030309486389160156e+02
3.739999771118164062e+02 6.470041656494140625e+02 2.029999923706054688e+02
3.749174118041992188e+02 6.466350555419921875e+02 2.039999961853027344e+02
3.754694366455078125e+02 6.464905548095703125e+02 2.033849334716796875e+02
3.754174423217773438e+02 6.464739227294921875e+02 2.039999961853027344e+02
3.753715515136718750e+02 6.464585876464843750e+02 2.050000000000000000e+02
3.759999847412109375e+02 6.463142395019531250e+02 2.039999961853027344e+02
3.759999847412109375e+02 6.462791442871093750e+02 2.050000000000000000e+02
3.770000076293945312e+02 6.460655212402343750e+02 2.039999961853027344e+02
3.770000076293945312e+02 6.461479187011718750e+02 2.029999923706054688e+02
3.770000076293945312e+02 6.460219573974609375e+02 2.050000000000000000e+02
3.779999923706054688e+02 6.458623504638671875e+02 2.039999961853027344e+02
3.779999923706054688e+02 6.459529113769531250e+02 2.029999923706054688e+02
3.759999847412109375e+02 6.462815093994140625e+02 2.059999847412109375e+02
3.753762054443359375e+02 6.464600372314453125e+02 2.059999847412109375e+02
3.759999847412109375e+02 6.463207244873046875e+02 2.069999885559082031e+02
3.754297637939453125e+02 6.464777374267578125e+02 2.069999885559082031e+02
3.759715270996093750e+02 6.464064788818359375e+02 2.079340934753417969e+02
3.754796981811523438e+02 6.464936828613281250e+02 2.075568199157714844e+02
3.756192398071289062e+02 6.465322113037109375e+02 2.082234764099121094e+02
3.762959289550781250e+02 6.464472198486328125e+02 2.089999961853027344e+02
3.757958984375000000e+02 6.465787506103515625e+02 2.089999961853027344e+02
3.764419937133789062e+02 6.464851379394531250e+02 2.095944213867187500e+02
3.770000076293945312e+02 6.462832641601562500e+02 2.089999961853027344e+02
3.770071792602539062e+02 6.464190673828125000e+02 2.099566459655761719e+02
3.766786575317382812e+02 6.465390777587890625e+02 2.102610969543457031e+02
3.773453140258789062e+02 6.464675140380859375e+02 2.106651878356933594e+02
3.779999923706054688e+02 6.462446594238281250e+02 2.100000000000000000e+02
3.780496978759765625e+02 6.464244079589843750e+02 2.109991073608398438e+02
3.777494812011718750e+02 6.465344238281250000e+02 2.113318634033203125e+02
3.784161376953125000e+02 6.464888763427734375e+02 2.115490341186523438e+02
3.789999771118164062e+02 6.463114166259765625e+02 2.109999847412109375e+02
3.789999771118164062e+02 6.464617919921875000e+02 2.116573333740234375e+02
3.789999771118164062e+02 6.465830230712890625e+02 2.121573257446289062e+02
3.789999771118164062e+02 6.468024444580078125e+02 2.129999923706054688e+02
3.800000000000000000e+02 6.465673828125000000e+02 2.122502136230468750e+02
3.780496978759765625e+02 6.466246795654296875e+02 2.119294166564941406e+02
3.770000076293945312e+02 6.468052673339843750e+02 2.119999885559082031e+02
3.779999923706054688e+02 6.468854522705078125e+02 2.129999923706054688e+02
3.770000076293945312e+02 6.470256042480468750e+02 2.129999923706054688e+02
3.779999923706054688e+02 6.471527862548828125e+02 2.139999961853027344e+02
3.779999923706054688e+02 6.473973846435546875e+02 2.147647857666015625e+02
3.789999771118164062e+02 6.470855712890625000e+02 2.139999961853027344e+02
3.770000076293945312e+02 6.472797393798828125e+02 2.139999961853027344e+02
3.770000076293945312e+02 6.474590301513671875e+02 2.146091079711914062e+02
3.760948944091796875e+02 6.474327850341796875e+02 2.139379882812500000e+02
3.754402542114257812e+02 6.474829864501953125e+02 2.135633087158203125e+02
3.759999847412109375e+02 6.472235107421875000e+02 2.129999923706054688e+02
3.758248519897460938e+02 6.475752258300781250e+02 2.142299652099609375e+02
3.764915084838867188e+02 6.474980926513671875e+02 2.145053672790527344e+02
3.760948944091796875e+02 6.477290344238281250e+02 2.149032211303710938e+02
3.759999847412109375e+02 6.481578826904296875e+02 2.159999847412109375e+02
3.770000076293945312e+02 6.476467132568359375e+02 2.151091194152832031e+02
3.750000000000000000e+02 6.480298614501953125e+02 2.150000000000000000e+02
3.739966583251953125e+02 6.483396148681640625e+02 2.149902725219726562e+02
3.750641632080078125e+02 6.476955413818359375e+02 2.139379882812500000e+02
3.750594329833984375e+02 6.483663177490234375e+02 2.159924697875976562e+02
3.743277740478515625e+02 6.484413146972656250e+02 2.156541061401367188e+02
3.754323577880859375e+02 6.484825897216796875e+02 2.165373229980468750e+02
3.747657012939453125e+02 6.485708618164062500e+02 2.163207817077636719e+02
3.750594329833984375e+02 6.487645721435546875e+02 2.169223785400390625e+02
3.739966583251953125e+02 6.486875915527343750e+02 2.159924697875976562e+02
3.729999923706054688e+02 6.490760040283203125e+02 2.159999847412109375e+02
3.736611175537109375e+02 6.485572052001953125e+02 2.153171348571777344e+02
3.739130401611328125e+02 6.491897583007812500e+02 2.170905494689941406e+02
3.729999923706054688e+02 6.493836212158203125e+02 2.167487335205078125e+02
3.735217285156250000e+02 6.495078277587890625e+02 2.174842643737792969e+02
3.741884231567382812e+02 6.493940734863281250e+02 2.176871490478515625e+02
3.729999923706054688e+02 6.496211242675781250e+02 2.172487449645996094e+02
3.729126739501953125e+02 6.501167297363281250e+02 2.180903816223144531e+02
3.720922851562500000e+02 6.498891448974609375e+02 2.169084358215332031e+02
3.717905426025390625e+02 6.496527862548828125e+02 2.159999847412109375e+02
3.712836074829101562e+02 6.503711700439453125e+02 2.169999885559082031e+02
3.724871826171875000e+02 6.494934844970703125e+02 2.165140533447265625e+02
3.720000076293945312e+02 6.503601074218750000e+02 2.177472686767578125e+02
3.714882278442382812e+02 6.504930877685546875e+02 2.175123596191406250e+02
3.720000076293945312e+02 6.506458282470703125e+02 2.182472610473632812e+02
3.710351562500000000e+02 6.510230255126953125e+02 2.179630279541015625e+02
3.703038024902343750e+02 6.513612365722656250e+02 2.177470207214355469e+02
3.707836151123046875e+02 6.506726074218750000e+02 2.169999885559082031e+02
3.705820846557617188e+02 6.515521240234375000e+02 2.184136962890625000e+02
3.712487411499023438e+02 6.513514709472656250e+02 2.187215232849121094e+02
3.709492492675781250e+02 6.517481231689453125e+02 2.190329170227050781e+02
3.700553131103515625e+02 6.522731781005859375e+02 2.189402008056640625e+02
3.694439697265625000e+02 6.524549865722656250e+02 2.185669898986816406e+02
3.699822998046875000e+02 6.517657470703125000e+02 2.180482101440429688e+02
3.697588348388671875e+02 6.526885986328125000e+02 2.192336654663085938e+02
3.704254913330078125e+02 6.524481964111328125e+02 2.195650863647460938e+02
3.700558471679687500e+02 6.530413818359375000e+02 2.199531745910644531e+02
3.693252182006835938e+02 6.533552551269531250e+02 2.196746063232421875e+02
3.696861648559570312e+02 6.536435699462890625e+02 2.203412628173828125e+02
3.703528594970703125e+02 6.533941650390625000e+02 2.206134223937988281e+02
3.700181961059570312e+02 6.540156555175781250e+02 2.209868431091308594e+02
3.692830276489257812e+02 6.543102264404296875e+02 2.206935882568359375e+02
3.696835327148437500e+02 6.546472930908203125e+02 2.213602638244628906e+02
3.703502273559570312e+02 6.543877410888671875e+02 2.216015243530273438e+02
3.708306121826171875e+02 6.537210083007812500e+02 2.212800979614257812e+02
3.689567947387695312e+02 6.549616241455078125e+02 2.210387229919433594e+02
3.682780075073242188e+02 6.552760314941406250e+02 2.207171821594238281e+02
3.686163711547851562e+02 6.546093750000000000e+02 2.203879547119140625e+02
3.686305999755859375e+02 6.556327819824218750e+02 2.213838386535644531e+02
3.692972564697265625e+02 6.553139495849609375e+02 2.216571426391601562e+02
3.690141296386718750e+02 6.560159301757812500e+02 2.219901847839355469e+02
3.683197784423828125e+02 6.562994384765625000e+02 2.216565704345703125e+02
3.679655838012695312e+02 6.559607696533203125e+02 2.210350036621093750e+02
3.676113510131835938e+02 6.556220245361328125e+02 2.203827095031738281e+02
3.676531219482421875e+02 6.566911315917968750e+02 2.213528251647949219e+02
3.673271560668945312e+02 6.562886810302734375e+02 2.206861686706542969e+02
3.669908523559570312e+02 6.559906768798828125e+02 2.200113296508789062e+02
3.670283889770507812e+02 6.570385742187500000e+02 2.209714889526367188e+02
3.666604614257812500e+02 6.567193603515625000e+02 2.203066062927246094e+02
3.673962783813476562e+02 6.573578643798828125e+02 2.215992355346679688e+02
3.664221954345703125e+02 6.573860168457031250e+02 2.205901336669921875e+02
3.661917495727539062e+02 6.570316314697265625e+02 2.199839591979980469e+02
3.663930892944335938e+02 6.563593292236328125e+02 2.196399497985839844e+02
3.656483459472656250e+02 6.569146728515625000e+02 2.190959739685058594e+02
3.656980133056640625e+02 6.579045104980468750e+02 2.200452423095703125e+02
3.653273773193359375e+02 6.581742095947265625e+02 2.197420692443847656e+02
3.655043029785156250e+02 6.575075531005859375e+02 2.194933128356933594e+02
3.649834823608398438e+02 6.579694366455078125e+02 2.190274238586425781e+02
3.646395874023437500e+02 6.577646636962890625e+02 2.182214927673339844e+02
3.646237945556640625e+02 6.590000152587890625e+02 2.192906951904296875e+02
3.644651031494140625e+02 6.584313201904296875e+02 2.185615158081054688e+02
3.653062438964843750e+02 6.571911621093750000e+02 2.188266372680664062e+02
3.649930191040039062e+02 6.569902038574218750e+02 2.180122756958007812e+02
3.644735336303710938e+02 6.574559020996093750e+02 2.175548171997070312e+02
3.653464889526367188e+02 6.562854766845703125e+02 2.178030776977539062e+02
3.646657943725585938e+02 6.567665100097656250e+02 2.169999885559082031e+02
3.655165100097656250e+02 6.565245056152343750e+02 2.184697341918945312e+02
3.657224273681640625e+02 6.559712982177734375e+02 2.180818367004394531e+02
3.662044906616210938e+02 6.560156250000000000e+02 2.189645576477050781e+02
3.662656402587890625e+02 6.552120208740234375e+02 2.179999923706054688e+02
3.655896759033203125e+02 6.556188201904296875e+02 2.173025894165039062e+02
3.651974868774414062e+02 6.559712982177734375e+02 2.169815444946289062e+02
3.659821319580078125e+02 6.549788665771484375e+02 2.170383262634277344e+02
3.654413986206054688e+02 6.554241180419921875e+02 2.166359138488769531e+02
3.657182693481445312e+02 6.547696685791015625e+02 2.159999847412109375e+02
3.663745880126953125e+02 6.543579864501953125e+02 2.167740821838378906e+02
3.665295410156250000e+02 6.545336151123046875e+02 2.174407577514648438e+02
3.669372177124023438e+02 6.539356994628906250e+02 2.171248435974121094e+02
3.666850662231445312e+02 6.547119903564453125e+02 2.179999923706054688e+02
3.670192337036132812e+02 6.550223541259765625e+02 2.189717864990234375e+02
3.671850585937500000e+02 6.541689300537109375e+02 2.179999923706054688e+02
3.673838424682617188e+02 6.543785095214843750e+02 2.186693191528320312e+02
3.676757049560546875e+02 6.536688995361328125e+02 2.179999923706054688e+02
3.681756973266601562e+02 6.532049560546875000e+02 2.179999923706054688e+02
3.675136184692382812e+02 6.535133361816406250e+02 2.174755859375000000e+02
3.680064773559570312e+02 6.540086364746093750e+02 2.189910316467285156e+02
3.683872985839843750e+02 6.533988189697265625e+02 2.186460876464843750e+02
3.676256179809570312e+02 6.546289825439453125e+02 2.193359756469726562e+02
3.682922744750976562e+02 6.543054199218750000e+02 2.197212982177734375e+02
3.686585235595703125e+02 6.536386871337890625e+02 2.193127441406250000e+02
3.690512466430664062e+02 6.530436706542968750e+02 2.189398765563964844e+02
3.689707946777343750e+02 6.539744567871093750e+02 2.200312805175781250e+02
3.687440872192382812e+02 6.527050018310546875e+02 2.179999923706054688e+02
3.692440795898437500e+02 6.522930908203125000e+02 2.179999923706054688e+02
3.685481262207031250e+02 6.525411987304687500e+02 2.174220085144042969e+02
3.689842605590820312e+02 6.519882202148437500e+02 2.170261764526367188e+02
3.679360961914062500e+02 6.529434967041015625e+02 2.171154785156250000e+02
3.673448944091796875e+02 6.533457946777343750e+02 2.168089294433593750e+02
3.683586120605468750e+02 6.523739624023437500e+02 2.167553520202636719e+02
3.676732254028320312e+02 6.526622772216796875e+02 2.159999847412109375e+02
3.671659088134765625e+02 6.531622314453125000e+02 2.159999847412109375e+02
3.681732177734375000e+02 6.522070312500000000e+02 2.159999847412109375e+02
3.675390243530273438e+02 6.525372314453125000e+02 2.153969764709472656e+02
3.669814682006835938e+02 6.529817962646484375e+02 2.150533676147460938e+02
3.679943466186523438e+02 6.519956207275390625e+02 2.150153160095214844e+02
3.678453445434570312e+02 6.518137359619140625e+02 2.139999961853027344e+02
3.685823440551757812e+02 6.515687561035156250e+02 2.153003501892089844e+02
3.674199295043945312e+02 6.524225616455078125e+02 2.147303009033203125e+02
3.684497070312500000e+02 6.514563751220703125e+02 2.146336746215820312e+02
3.683453369140625000e+02 6.513648986816406250e+02 2.139999961853027344e+02
3.689493942260742188e+02 6.511719512939453125e+02 2.149802017211914062e+02
3.690481567382812500e+02 6.508080291748046875e+02 2.140444755554199219e+02
3.692520904541015625e+02 6.513057708740234375e+02 2.159999847412109375e+02
3.696711730957031250e+02 6.506227111816406250e+02 2.150000000000000000e+02
3.701711654663085938e+02 6.502743530273437500e+02 2.150000000000000000e+02
3.695370864868164062e+02 6.505268859863281250e+02 2.144074630737304688e+02
3.700146865844726562e+02 6.507659912109375000e+02 2.160487174987792969e+02
3.703577804565429688e+02 6.504019927978515625e+02 2.157478713989257812e+02
3.705566024780273438e+02 6.505355834960937500e+02 2.164145278930664062e+02
3.699822998046875000e+02 6.512007141113281250e+02 2.169782066345214844e+02
3.694204330444335938e+02 6.514376831054687500e+02 2.166303443908691406e+02
3.696371459960937500e+02 6.516024780273437500e+02 2.172970008850097656e+02
3.709339523315429688e+02 6.501634216308593750e+02 2.160487174987792969e+02
3.710290527343750000e+02 6.497406005859375000e+02 2.150345420837402344e+02
3.713817977905273438e+02 6.494309234619140625e+02 2.147242355346679688e+02
3.707065963745117188e+02 6.496257019042968750e+02 2.139999961853027344e+02
3.715668869018554688e+02 6.495352172851562500e+02 2.153909111022949219e+02
3.719401168823242188e+02 6.492374420166015625e+02 2.150345420837402344e+02
3.720000076293945312e+02 6.489073181152343750e+02 2.139999961853027344e+02
3.722905349731445312e+02 6.493946075439453125e+02 2.159999847412109375e+02
3.730356216430664062e+02 6.487132263183593750e+02 2.149902725219726562e+02
3.733926773071289062e+02 6.484547424316406250e+02 2.146504783630371094e+02
3.726809310913085938e+02 6.485791778564453125e+02 2.139999961853027344e+02
3.731809234619140625e+02 6.483658599853515625e+02 2.139999961853027344e+02
3.725152206420898438e+02 6.485067749023437500e+02 2.134713554382324219e+02
3.720165634155273438e+02 6.486673736572265625e+02 2.130828094482421875e+02
3.729091262817382812e+02 6.482535552978515625e+02 2.130828094482421875e+02
3.723609161376953125e+02 6.484317779541015625e+02 2.128046989440917969e+02
3.729999923706054688e+02 6.479911804199218750e+02 2.119999885559082031e+02
3.739999771118164062e+02 6.478068542480468750e+02 2.129999923706054688e+02
3.740036392211914062e+02 6.476142883300781250e+02 2.120861053466796875e+02
3.739999771118164062e+02 6.480538940429687500e+02 2.139999961853027344e+02
3.747159576416015625e+02 6.475637817382812500e+02 2.129999923706054688e+02
3.752159500122070312e+02 6.474188232421875000e+02 2.129999923706054688e+02
3.745143508911132812e+02 6.475043487548828125e+02 2.124768638610839844e+02
3.749085998535156250e+02 6.473201751708984375e+02 2.120861053466796875e+02
3.759999847412109375e+02 6.470157623291015625e+02 2.119999885559082031e+02
3.743394470214843750e+02 6.474448394775390625e+02 2.118101882934570312e+02
3.750000000000000000e+02 6.471075439453125000e+02 2.109999847412109375e+02
3.741469192504882812e+02 6.473791503906250000e+02 2.109999847412109375e+02
3.750000000000000000e+02 6.469525146484375000e+02 2.100000000000000000e+02
3.759999847412109375e+02 6.468323516845703125e+02 2.109999847412109375e+02
3.760651779174804688e+02 6.466418457031250000e+02 2.099566459655761719e+02
3.770071792602539062e+02 6.466037750244140625e+02 2.109991073608398438e+02
3.739138412475585938e+02 6.473197937011718750e+02 2.100667190551757812e+02
3.750000000000000000e+02 6.468169403076171875e+02 2.089999961853027344e+02
3.739999771118164062e+02 6.471478271484375000e+02 2.089999961853027344e+02
3.750878143310546875e+02 6.466632080078125000e+02 2.079340934753417969e+02
3.749297714233398438e+02 6.466396331787109375e+02 2.069999885559082031e+02
3.739999771118164062e+02 6.470301818847656250e+02 2.079999923706054688e+02
3.739999771118164062e+02 6.469515228271484375e+02 2.069999885559082031e+02
3.731495285034179688e+02 6.473503875732421875e+02 2.079999923706054688e+02
3.730599975585937500e+02 6.473118591308593750e+02 2.069999885559082031e+02
3.726495361328125000e+02 6.475669860839843750e+02 2.079999923706054688e+02
3.732886123657226562e+02 6.474095916748046875e+02 2.089999961853027344e+02
3.727886199951171875e+02 6.476279449462890625e+02 2.089999961853027344e+02
3.734071350097656250e+02 6.474603271484375000e+02 2.097778701782226562e+02
3.730442810058593750e+02 6.476605224609375000e+02 2.100667190551757812e+02
3.729999923706054688e+02 6.478200531005859375e+02 2.109999847412109375e+02
3.735231018066406250e+02 6.475083160400390625e+02 2.104445266723632812e+02
3.720000076293945312e+02 6.481357574462890625e+02 2.100000000000000000e+02
3.713955688476562500e+02 6.484413909912109375e+02 2.100000000000000000e+02
3.720000076293945312e+02 6.480059051513671875e+02 2.089999961853027344e+02
3.719422149658203125e+02 6.483040618896484375e+02 2.109642028808593750e+02
3.714705276489257812e+02 6.484835052490234375e+02 2.106070137023925781e+02
3.721984863281250000e+02 6.483515930175781250e+02 2.119999885559082031e+02
3.715703582763671875e+02 6.485363769531250000e+02 2.112736892700195312e+02
3.716984558105468750e+02 6.486014556884765625e+02 2.119999885559082031e+02
3.710823059082031250e+02 6.487646484375000000e+02 2.109642028808593750e+02
3.708955383300781250e+02 6.487277984619140625e+02 2.100000000000000000e+02
3.709999847412109375e+02 6.489933776855468750e+02 2.119999885559082031e+02
3.701942825317382812e+02 6.493035125732421875e+02 2.109999847412109375e+02
3.700699615478515625e+02 6.492277526855468750e+02 2.100000000000000000e+02
3.696942901611328125e+02 6.496311950683593750e+02 2.109999847412109375e+02
3.703351593017578125e+02 6.493919372558593750e+02 2.119999885559082031e+02
3.698351669311523438e+02 6.497293090820312500e+02 2.119999885559082031e+02
3.704384613037109375e+02 6.494592285156250000e+02 2.126779747009277344e+02
3.700630569458007812e+02 6.497944641113281250e+02 2.130067825317382812e+02
3.709362030029296875e+02 6.492388916015625000e+02 2.130067825317382812e+02
3.705603408813476562e+02 6.495371246337890625e+02 2.133446311950683594e+02
3.712065887451171875e+02 6.493281555175781250e+02 2.139999961853027344e+02
3.692936325073242188e+02 6.503401947021484375e+02 2.129999923706054688e+02
3.699222564697265625e+02 6.501606750488281250e+02 2.140444755554199219e+02
3.694136428833007812e+02 6.504335021972656250e+02 2.137408065795898438e+02
3.691508102416992188e+02 6.502293395996093750e+02 2.119999885559082031e+02
3.687936401367187500e+02 6.507353973388671875e+02 2.129999923706054688e+02
3.686508178710937500e+02 6.506223297119140625e+02 2.119999885559082031e+02
3.681998443603515625e+02 6.512354278564453125e+02 2.129999923706054688e+02
3.680744171142578125e+02 6.511223602294921875e+02 2.119999885559082031e+02
3.676998519897460938e+02 6.516840362548828125e+02 2.129999923706054688e+02
3.675744247436523438e+02 6.515694427490234375e+02 2.119999885559082031e+02
3.671767425537109375e+02 6.521840667724609375e+02 2.129999923706054688e+02
3.670656204223632812e+02 6.520694732666015625e+02 2.119999885559082031e+02
3.666767120361328125e+02 6.526824951171875000e+02 2.129999923706054688e+02
3.673078155517578125e+02 6.523137664794921875e+02 2.139999961853027344e+02
3.668078231811523438e+02 6.528161621093750000e+02 2.139999961853027344e+02
3.663302993774414062e+02 6.533161926269531250e+02 2.139999961853027344e+02
3.662089157104492188e+02 6.531825256347656250e+02 2.129999923706054688e+02
3.658302688598632812e+02 6.538784027099609375e+02 2.139999961853027344e+02
3.664315795898437500e+02 6.534264373779296875e+02 2.147097587585449219e+02
3.660073471069335938e+02 6.540085601806640625e+02 2.149785423278808594e+02
3.655831146240234375e+02 6.546020507812500000e+02 2.152473258972167969e+02
3.662182998657226562e+02 6.541786956787109375e+02 2.159999847412109375e+02
3.665430068969726562e+02 6.535469818115234375e+02 2.153764343261718750e+02
3.654747390747070312e+02 6.544701385498046875e+02 2.145806694030761719e+02
3.653972244262695312e+02 6.543784332275390625e+02 2.139999961853027344e+02
3.652099990844726562e+02 6.549612426757812500e+02 2.149483871459960938e+02
3.648490524291992188e+02 6.550735473632812500e+02 2.139793968200683594e+02
3.646564102172851562e+02 6.557201385498046875e+02 2.150000000000000000e+02
3.653233718872070312e+02 6.552696228027343750e+02 2.159999847412109375e+02
3.647834777832031250e+02 6.560325622558593750e+02 2.160324096679687500e+02
3.645412445068359375e+02 6.565661621093750000e+02 2.163873672485351562e+02
3.644228744506835938e+02 6.563876342773437500e+02 2.157207107543945312e+02
3.643084716796875000e+02 6.562201690673828125e+02 2.150000000000000000e+02
3.641957855224609375e+02 6.569396972656250000e+02 2.160324096679687500e+02
3.637835311889648438e+02 6.570567321777343750e+02 2.149828338623046875e+02
3.636450958251953125e+02 6.579706573486328125e+02 2.160913467407226562e+02
3.643617630004882812e+02 6.572665405273437500e+02 2.169999885559082031e+02
3.635612106323242188e+02 6.576177215576171875e+02 2.153047370910644531e+02
3.632878875732421875e+02 6.579706573486328125e+02 2.149828338623046875e+02
3.630084609985351562e+02 6.580000305175781250e+02 2.139999961853027344e+02
3.634585189819335938e+02 6.574279022216796875e+02 2.146380615234375000e+02
3.633779525756835938e+02 6.572880554199218750e+02 2.139999961853027344e+02
3.632656860351562500e+02 6.570932006835937500e+02 2.129999923706054688e+02
3.636720275878906250e+02 6.567880249023437500e+02 2.139999961853027344e+02
3.642179489135742188e+02 6.559436035156250000e+02 2.139793968200683594e+02
3.635563278198242188e+02 6.565931701660156250e+02 2.129999923706054688e+02
3.639555740356445312e+02 6.560000610351562500e+02 2.129999923706054688e+02
3.635008621215820312e+02 6.565014648437500000e+02 2.124956130981445312e+02
3.637432098388671875e+02 6.560465240478515625e+02 2.120973587036132812e+02
3.631960296630859375e+02 6.569008636474609375e+02 2.120973587036132812e+02
3.629545974731445312e+02 6.570000457763671875e+02 2.109999847412109375e+02
3.626658248901367188e+02 6.578227996826171875e+02 2.119999885559082031e+02
3.634389495849609375e+02 6.564108276367187500e+02 2.118289375305175781e+02
3.633729553222656250e+02 6.563142395019531250e+02 2.109999847412109375e+02
3.633110427856445312e+02 6.562241363525390625e+02 2.100000000000000000e+02
3.637225341796875000e+02 6.558142089843750000e+02 2.109999847412109375e+02
3.642225265502929688e+02 6.551285552978515625e+02 2.109999847412109375e+02
3.636594009399414062e+02 6.557241058349609375e+02 2.100000000000000000e+02
3.641593933105468750e+02 6.550417327880859375e+02 2.100000000000000000e+02
3.636125946044921875e+02 6.556579589843750000e+02 2.089999961853027344e+02
3.635810089111328125e+02 6.556148529052734375e+02 2.079999923706054688e+02
3.632662963867187500e+02 6.561579895019531250e+02 2.089999961853027344e+02
3.641760253906250000e+02 6.549024963378906250e+02 2.090768623352050781e+02
3.640319061279296875e+02 6.550000000000000000e+02 2.079999923706054688e+02
3.644765853881835938e+02 6.544699859619140625e+02 2.087947654724121094e+02
3.645032119750976562e+02 6.545041656494140625e+02 2.094614219665527344e+02
3.648079299926757812e+02 6.540820312500000000e+02 2.090768623352050781e+02
3.645320129394531250e+02 6.545417785644531250e+02 2.100000000000000000e+02
3.645996093750000000e+02 6.546285247802734375e+02 2.109999847412109375e+02
3.649682998657226562e+02 6.540000152587890625e+02 2.100000000000000000e+02
3.651660537719726562e+02 6.539269256591796875e+02 2.109765625000000000e+02
3.654362869262695312e+02 6.534265899658203125e+02 2.100000000000000000e+02
3.653824996948242188e+02 6.533631896972656250e+02 2.089999961853027344e+02
3.654772567749023438e+02 6.534738922119140625e+02 2.106276130676269531e+02
3.658787918090820312e+02 6.529265594482421875e+02 2.100000000000000000e+02
3.663788223266601562e+02 6.523706817626953125e+02 2.100000000000000000e+02
3.658178329467773438e+02 6.528632354736328125e+02 2.089999961853027344e+02
3.659898757934570312e+02 6.529917144775390625e+02 2.110429954528808594e+02
3.664411163330078125e+02 6.524375915527343750e+02 2.107917213439941406e+02
3.655386352539062500e+02 6.535448455810546875e+02 2.112942886352539062e+02
3.661062622070312500e+02 6.530682373046875000e+02 2.119999885559082031e+02
3.665090560913085938e+02 6.525095367431640625e+02 2.114583778381347656e+02
3.669721221923828125e+02 6.519736480712890625e+02 2.111246871948242188e+02
3.665656280517578125e+02 6.525682830810546875e+02 2.119999885559082031e+02
3.668653106689453125e+02 6.518706512451171875e+02 2.100000000000000000e+02
3.675101852416992188e+02 6.515097045898437500e+02 2.114576721191406250e+02
3.674351882934570312e+02 6.514375305175781250e+02 2.107909965515136719e+02
3.673653030395507812e+02 6.513690948486328125e+02 2.100000000000000000e+02
3.679912185668945312e+02 6.509917449951171875e+02 2.110367393493652344e+02
3.684722518920898438e+02 6.504766082763671875e+02 2.106158256530761719e+02
3.679151535034179688e+02 6.508690643310546875e+02 2.100000000000000000e+02
3.685565185546875000e+02 6.505460357666015625e+02 2.112824821472167969e+02
3.689339065551757812e+02 6.501908874511718750e+02 2.109694862365722656e+02
3.689999771118164062e+02 6.499747467041015625e+02 2.100000000000000000e+02
3.690711593627929688e+02 6.497905731201171875e+02 2.090713310241699219e+02
3.695699691772460938e+02 6.495465850830078125e+02 2.100000000000000000e+02
3.684151840209960938e+02 6.504281616210937500e+02 2.100000000000000000e+02
3.683334732055664062e+02 6.503585052490234375e+02 2.089999961853027344e+02
3.682597732543945312e+02 6.502951812744140625e+02 2.079999923706054688e+02
3.678334426879882812e+02 6.507985687255859375e+02 2.089999961853027344e+02
3.677597808837890625e+02 6.507346343994140625e+02 2.079999923706054688e+02
3.672954177856445312e+02 6.512985992431640625e+02 2.089999961853027344e+02
3.667954254150390625e+02 6.518036651611328125e+02 2.089999961853027344e+02
3.672334289550781250e+02 6.512345886230468750e+02 2.079999923706054688e+02
3.671845245361328125e+02 6.511835479736328125e+02 2.069999885559082031e+02
3.667333984375000000e+02 6.517435455322265625e+02 2.079999923706054688e+02
3.662655258178710938e+02 6.522435760498046875e+02 2.079999923706054688e+02
3.666845321655273438e+02 6.516955566406250000e+02 2.069999885559082031e+02
3.662264633178710938e+02 6.521955108642578125e+02 2.069999885559082031e+02
3.666692733764648438e+02 6.516808319091796875e+02 2.059999847412109375e+02
3.662155914306640625e+02 6.521808624267578125e+02 2.059999847412109375e+02
3.666899871826171875e+02 6.517027282714843750e+02 2.050000000000000000e+02
3.671692657470703125e+02 6.511664581298828125e+02 2.059999847412109375e+02
3.671899795532226562e+02 6.511862182617187500e+02 2.050000000000000000e+02
3.676817321777343750e+02 6.506665039062500000e+02 2.059999847412109375e+02
3.677016067504882812e+02 6.506861877441406250e+02 2.050000000000000000e+02
3.681817626953125000e+02 6.502268981933593750e+02 2.059999847412109375e+02
3.677017593383789062e+02 6.506835174560546875e+02 2.069999885559082031e+02
3.682017517089843750e+02 6.502452850341796875e+02 2.069999885559082031e+02
3.688269805908203125e+02 6.497452545166015625e+02 2.069999885559082031e+02
3.688036727905273438e+02 6.497269439697265625e+02 2.059999847412109375e+02
3.693270111083984375e+02 6.493752288818359375e+02 2.069999885559082031e+02
3.688891220092773438e+02 6.497951507568359375e+02 2.079999923706054688e+02
3.693891525268554688e+02 6.494190216064453125e+02 2.079999923706054688e+02
3.700000000000000000e+02 6.490251922607421875e+02 2.079999923706054688e+02
3.694519424438476562e+02 6.494647216796875000e+02 2.087855529785156250e+02
3.699055862426757812e+02 6.492101287841796875e+02 2.090713310241699219e+02
3.695093154907226562e+02 6.495062255859375000e+02 2.094522285461425781e+02
3.707833099365234375e+02 6.486641693115234375e+02 2.089999961853027344e+02
3.712833023071289062e+02 6.483779907226562500e+02 2.089999961853027344e+02
3.706817245483398438e+02 6.486062622070312500e+02 2.079999923706054688e+02
3.706098175048828125e+02 6.485644531250000000e+02 2.069999885559082031e+02
3.711817169189453125e+02 6.483197021484375000e+02 2.079999923706054688e+02
3.711098098754882812e+02 6.482788848876953125e+02 2.069999885559082031e+02
3.720000076293945312e+02 6.478866577148437500e+02 2.079999923706054688e+02
3.720000076293945312e+02 6.478060150146484375e+02 2.069999885559082031e+02
3.720000076293945312e+02 6.477771759033203125e+02 2.059999847412109375e+02
3.725600051879882812e+02 6.475271606445312500e+02 2.069999885559082031e+02
3.725307464599609375e+02 6.475140380859375000e+02 2.059999847412109375e+02
3.725269317626953125e+02 6.475122833251953125e+02 2.050000000000000000e+02
3.730307388305664062e+02 6.472990417480468750e+02 2.059999847412109375e+02
3.730269241333007812e+02 6.472972869873046875e+02 2.050000000000000000e+02
3.739999771118164062e+02 6.469240570068359375e+02 2.059999847412109375e+02
3.739999771118164062e+02 6.469205474853515625e+02 2.050000000000000000e+02
3.748762130737304688e+02 6.466249847412109375e+02 2.059999847412109375e+02
3.748715591430664062e+02 6.466233062744140625e+02 2.050000000000000000e+02
3.739999771118164062e+02 6.469421386718750000e+02 2.039999961853027344e+02
3.730497360229492188e+02 6.473071289062500000e+02 2.039999961853027344e+02
3.731225967407226562e+02 6.473376464843750000e+02 2.029999923706054688e+02
3.725497436523437500e+02 6.475225830078125000e+02 2.039999961853027344e+02
3.726226043701171875e+02 6.475556945800781250e+02 2.029999923706054688e+02
3.720000076293945312e+02 6.477980041503906250e+02 2.039999961853027344e+02
3.720000076293945312e+02 6.478688812255859375e+02 2.029999923706054688e+02
3.711124801635742188e+02 6.482754516601562500e+02 2.039999961853027344e+02
3.720000076293945312e+02 6.477742004394531250e+02 2.050000000000000000e+02
3.710830307006835938e+02 6.482619476318359375e+02 2.050000000000000000e+02
3.710814666748046875e+02 6.482632446289062500e+02 2.059999847412109375e+02
3.705830383300781250e+02 6.485491943359375000e+02 2.050000000000000000e+02
3.700000000000000000e+02 6.489166259765625000e+02 2.050000000000000000e+02
3.706124877929687500e+02 6.485677337646484375e+02 2.039999961853027344e+02
3.705814743041992188e+02 6.485477447509765625e+02 2.059999847412109375e+02
3.700000000000000000e+02 6.489067077636718750e+02 2.059999847412109375e+02
3.700000000000000000e+02 6.489397430419921875e+02 2.069999885559082031e+02
3.693036651611328125e+02 6.493590545654296875e+02 2.059999847412109375e+02
3.693178939819335938e+02 6.493674468994140625e+02 2.050000000000000000e+02
3.693593597412109375e+02 6.493949890136718750e+02 2.039999961853027344e+02
3.688179016113281250e+02 6.497412109375000000e+02 2.050000000000000000e+02
3.688593673706054688e+02 6.497805786132812500e+02 2.039999961853027344e+02
3.682015991210937500e+02 6.502412414550781250e+02 2.050000000000000000e+02
3.682498931884765625e+02 6.502805328369140625e+02 2.039999961853027344e+02
3.683189010620117188e+02 6.503400421142578125e+02 2.029999923706054688e+02
3.677499008178710938e+02 6.507323455810546875e+02 2.039999961853027344e+02
3.678188705444335938e+02 6.507972717285156250e+02 2.029999923706054688e+02
3.672361373901367188e+02 6.512323760986328125e+02 2.039999961853027344e+02
3.673001861572265625e+02 6.512972259521484375e+02 2.029999923706054688e+02
3.667361450195312500e+02 6.517512512207031250e+02 2.039999961853027344e+02
3.662751007080078125e+02 6.522512054443359375e+02 2.039999961853027344e+02
3.668001937866210938e+02 6.518187713623046875e+02 2.029999923706054688e+02
3.663352584838867188e+02 6.523187255859375000e+02 2.029999923706054688e+02
3.668758773803710938e+02 6.518983459472656250e+02 2.019999885559082031e+02
3.669904327392578125e+02 6.519908905029296875e+02 2.009579467773437500e+02
3.673758697509765625e+02 6.513741302490234375e+02 2.019999885559082031e+02
3.664074707031250000e+02 6.523983001708984375e+02 2.019999885559082031e+02
3.664645004272460938e+02 6.524610900878906250e+02 2.013301467895507812e+02
3.658373260498046875e+02 6.530758666992187500e+02 2.019708061218261719e+02
3.654668426513671875e+02 6.534597015380859375e+02 2.022846794128417969e+02
3.661412811279296875e+02 6.529243469238281250e+02 2.009980773925781250e+02
3.658352661132812500e+02 6.529021453857421875e+02 2.029999923706054688e+02
3.655189514160156250e+02 6.535242462158203125e+02 2.016180038452148438e+02
3.651679992675781250e+02 6.539145660400390625e+02 2.019708061218261719e+02
3.655782318115234375e+02 6.535996246337890625e+02 2.009999847412109375e+02
3.651965713500976562e+02 6.540996551513671875e+02 2.009999847412109375e+02
3.656829452514648438e+02 6.537341308593750000e+02 2.000000000000000000e+02
3.652978897094726562e+02 6.542341613769531250e+02 2.000000000000000000e+02
3.658087539672851562e+02 6.538967132568359375e+02 1.989999961853027344e+02
3.661829376220703125e+02 6.531263732910156250e+02 2.000000000000000000e+02
3.663087463378906250e+02 6.532749938964843750e+02 1.989999961853027344e+02
3.666131591796875000e+02 6.526263427734375000e+02 2.000000000000000000e+02
3.667450332641601562e+02 6.527750396728515625e+02 1.989999961853027344e+02
3.665361785888671875e+02 6.525405120849609375e+02 2.006634712219238281e+02
3.671131896972656250e+02 6.520938873291015625e+02 2.000000000000000000e+02
3.672450256347656250e+02 6.522336578369140625e+02 1.989999961853027344e+02
3.675944900512695312e+02 6.515939331054687500e+02 2.000000000000000000e+02
3.677361679077148438e+02 6.517336273193359375e+02 1.989999961853027344e+02
3.675205993652343750e+02 6.515206909179687500e+02 2.005857658386230469e+02
3.680944824218750000e+02 6.511228179931640625e+02 2.000000000000000000e+02
3.682361984252929688e+02 6.512539672851562500e+02 1.989999961853027344e+02
3.679924392700195312e+02 6.509932708740234375e+02 2.009702682495117188e+02
3.686432266235351562e+02 6.506227874755859375e+02 2.000000000000000000e+02
3.691432189941406250e+02 6.502089691162109375e+02 2.000000000000000000e+02
3.687961196899414062e+02 6.507539367675781250e+02 1.989999961853027344e+02
3.685495758056640625e+02 6.505425262451171875e+02 2.006881141662597656e+02
3.689297485351562500e+02 6.501621246337890625e+02 2.010128593444824219e+02
3.684642410278320312e+02 6.504684448242187500e+02 2.013547706604003906e+02
3.690865707397460938e+02 6.498503875732421875e+02 2.020296859741210938e+02
3.696409988403320312e+02 6.496012878417968750e+02 2.009999847412109375e+02
3.701409912109375000e+02 6.492549133300781250e+02 2.009999847412109375e+02
3.695463562011718750e+02 6.495331573486328125e+02 2.017161369323730469e+02
3.697884368896484375e+02 6.497089385986328125e+02 2.000000000000000000e+02
3.702884674072265625e+02 6.493537902832031250e+02 2.000000000000000000e+02
3.700457763671875000e+02 6.497811889648437500e+02 1.989528656005859375e+02
3.704096221923828125e+02 6.494367218017578125e+02 1.992547798156738281e+02
3.699348449707031250e+02 6.501546478271484375e+02 1.979790878295898438e+02
3.705366897583007812e+02 6.495239257812500000e+02 1.985881042480468750e+02
3.692961502075195312e+02 6.503335571289062500e+02 1.989999961853027344e+02
3.694201278686523438e+02 6.504347229003906250e+02 1.982984733581542969e+02
3.690520858764648438e+02 6.508561706542968750e+02 1.979790878295898438e+02
3.684056091308593750e+02 6.514115905761718750e+02 1.979999923706054688e+02
3.689944839477539062e+02 6.512343597412109375e+02 1.970972633361816406e+02
3.695580673217773438e+02 6.505448913574218750e+02 1.976318168640136719e+02
3.697187423706054688e+02 6.506694030761718750e+02 1.969999885559082031e+02
3.699595260620117188e+02 6.509664154052734375e+02 1.959351730346679688e+02
3.702187728881835938e+02 6.502940368652343750e+02 1.969999885559082031e+02
3.704002761840820312e+02 6.504261779785156250e+02 1.963408470153808594e+02
3.710220336914062500e+02 6.497595977783203125e+02 1.969646453857421875e+02
3.709723281860351562e+02 6.501944732666015625e+02 1.960045051574707031e+02
3.706800460815429688e+02 6.496173095703125000e+02 1.979999923706054688e+02
3.715704727172851562e+02 6.495406341552734375e+02 1.966077613830566406e+02
3.713700485229492188e+02 6.494187164306640625e+02 1.972744178771972656e+02
3.711800384521484375e+02 6.493013000488281250e+02 1.979999923706054688e+02
3.719422912597656250e+02 6.492071533203125000e+02 1.969646453857421875e+02
3.722987365722656250e+02 6.493894958496093750e+02 1.959999847412109375e+02
3.720642089843750000e+02 6.487835693359375000e+02 1.980366706848144531e+02
3.729875183105468750e+02 6.486720275878906250e+02 1.969453430175781250e+02
3.726458740234375000e+02 6.485708618164062500e+02 1.977278137207031250e+02
3.735622024536132812e+02 6.485268402099609375e+02 1.965755844116210938e+02
3.733125305175781250e+02 6.484125518798828125e+02 1.972422599792480469e+02
3.729999923706054688e+02 6.490345001220703125e+02 1.959999847412109375e+02
3.730962371826171875e+02 6.493962860107421875e+02 1.950962448120117188e+02
3.739373397827148438e+02 6.486322021484375000e+02 1.959373283386230469e+02
3.742288970947265625e+02 6.483885955810546875e+02 1.962288856506347656e+02
3.739999771118164062e+02 6.490345001220703125e+02 1.950000000000000000e+02
3.745755767822265625e+02 6.485268402099609375e+02 1.955622100830078125e+02
3.749453353881835938e+02 6.482476043701171875e+02 1.959373283386230469e+02
3.749453353881835938e+02 6.486720275878906250e+02 1.949875068664550781e+02
3.752422714233398438e+02 6.484125518798828125e+02 1.953125190734863281e+02
3.749734497070312500e+02 6.492105865478515625e+02 1.939463806152343750e+02
3.757278060913085938e+02 6.485708618164062500e+02 1.946458625793457031e+02
3.760366821289062500e+02 6.487904357910156250e+02 1.940652275085449219e+02
3.760366821289062500e+02 6.483175659179687500e+02 1.949875068664550781e+02
3.763944625854492188e+02 6.484683990478515625e+02 1.944420433044433594e+02
3.759999847412109375e+02 6.478906250000000000e+02 1.959999847412109375e+02
3.770000076293945312e+02 6.480554962158203125e+02 1.950000000000000000e+02
3.770000076293945312e+02 6.483920288085937500e+02 1.943023681640625000e+02
3.769387817382812500e+02 6.476396942138671875e+02 1.960061264038085938e+02
3.779999923706054688e+02 6.478402709960937500e+02 1.950000000000000000e+02
3.779999923706054688e+02 6.482843017578125000e+02 1.941052246093750000e+02
3.779999923706054688e+02 6.475559997558593750e+02 1.956428527832031250e+02
3.789213180541992188e+02 6.476644134521484375e+02 1.950444602966308594e+02
3.789293670654296875e+02 6.482373046875000000e+02 1.939075088500976562e+02
3.785355758666992188e+02 6.475051879882812500e+02 1.955135726928710938e+02
3.800000000000000000e+02 6.476439666748046875e+02 1.948143768310546875e+02
3.792022323608398438e+02 6.474588012695312500e+02 1.954074478149414062e+02
3.789213180541992188e+02 6.473123168945312500e+02 1.959081459045410156e+02
3.800000000000000000e+02 6.474181365966796875e+02 1.953143692016601562e+02
3.800000000000000000e+02 6.471672821044921875e+02 1.959999847412109375e+02
3.809999847412109375e+02 6.473966217041015625e+02 1.952643394470214844e+02
3.809999847412109375e+02 6.471270751953125000e+02 1.959999847412109375e+02
3.809999847412109375e+02 6.476205444335937500e+02 1.947643470764160156e+02
3.820000076293945312e+02 6.474060821533203125e+02 1.952894401550292969e+02
3.820000076293945312e+02 6.471414947509765625e+02 1.959999847412109375e+02
3.820000076293945312e+02 6.476345825195312500e+02 1.947894287109375000e+02
3.809999847412109375e+02 6.480166625976562500e+02 1.939999961853027344e+02
3.800000000000000000e+02 6.480625915527343750e+02 1.939999961853027344e+02
3.800000000000000000e+02 6.484185791015625000e+02 1.933725357055664062e+02
3.800000000000000000e+02 6.487466430664062500e+02 1.928725433349609375e+02
3.792156600952148438e+02 6.484601593017578125e+02 1.934373474121093750e+02
3.789293670654296875e+02 6.487465667724609375e+02 1.930624008178710938e+02
3.779999923706054688e+02 6.489448547363281250e+02 1.929999923706054688e+02
3.785489654541015625e+02 6.485072326660156250e+02 1.935125160217285156e+02
3.789999771118164062e+02 6.493027496337890625e+02 1.922352790832519531e+02
3.779999923706054688e+02 6.493848419189453125e+02 1.923459053039550781e+02
3.789999771118164062e+02 6.496846008300781250e+02 1.917352676391601562e+02
3.800000000000000000e+02 6.492466735839843750e+02 1.921569442749023438e+02
3.800000000000000000e+02 6.496227264404296875e+02 1.916569328308105469e+02
3.809999847412109375e+02 6.495953369140625000e+02 1.916235733032226562e+02
3.779999923706054688e+02 6.497721099853515625e+02 1.918458938598632812e+02
3.789999771118164062e+02 6.501846313476562500e+02 1.911565208435058594e+02
3.779999923706054688e+02 6.502720642089843750e+02 1.912493133544921875e+02
3.770000076293945312e+02 6.503921508789062500e+02 1.913808441162109375e+02
3.769942855834960938e+02 6.498390197753906250e+02 1.920639419555664062e+02
3.764243698120117188e+02 6.504741668701171875e+02 1.914712333679199219e+02
3.760686111450195312e+02 6.510242462158203125e+02 1.910247230529785156e+02
3.760546112060546875e+02 6.502010345458984375e+02 1.919644355773925781e+02
3.757577133178710938e+02 6.505914306640625000e+02 1.916073989868164062e+02
3.759999847412109375e+02 6.496456909179687500e+02 1.927096557617187500e+02
3.750000000000000000e+02 6.503238677978515625e+02 1.922807312011718750e+02
3.750000000000000000e+02 6.507381439208984375e+02 1.917807197570800781e+02
3.749734497070312500e+02 6.497866058349609375e+02 1.930312156677246094e+02
3.743840408325195312e+02 6.504463195800781250e+02 1.924335670471191406e+02
3.739973449707031250e+02 6.509987640380859375e+02 1.919981575012207031e+02
3.740304183959960938e+02 6.502119445800781250e+02 1.929832267761230469e+02
3.732298278808593750e+02 6.503611755371093750e+02 1.933053779602050781e+02
3.739999771118164062e+02 6.496802520751953125e+02 1.938039398193359375e+02
3.737173461914062500e+02 6.506048583984375000e+02 1.926387023925781250e+02
3.729378890991210938e+02 6.507534027099609375e+02 1.929832267761230469e+02
3.729999923706054688e+02 6.512907409667968750e+02 1.922520637512207031e+02
3.720528411865234375e+02 6.512369537353515625e+02 1.930291557312011719e+02
3.725631713867187500e+02 6.505346679687500000e+02 1.935543251037597656e+02
3.730284500122070312e+02 6.500140380859375000e+02 1.940244674682617188e+02
3.719326019287109375e+02 6.506878662109375000e+02 1.939325904846191406e+02
3.715542984008789062e+02 6.505344390869140625e+02 1.945617294311523438e+02
3.710264205932617188e+02 6.512303161621093750e+02 1.940428161621093750e+02
3.722209930419921875e+02 6.503336334228515625e+02 1.942209815979003906e+02
3.720244216918945312e+02 6.500121307373046875e+02 1.950277328491210938e+02
3.724945068359375000e+02 6.494969177246093750e+02 1.954937362670898438e+02
3.712871932983398438e+02 6.503572845458984375e+02 1.952284049987792969e+02
3.717987442016601562e+02 6.496733856201171875e+02 1.959999847412109375e+02
3.728270721435546875e+02 6.496669006347656250e+02 1.948270797729492188e+02
3.709723281860351562e+02 6.507349395751953125e+02 1.949370384216308594e+02
3.702072906494140625e+02 6.512678527832031250e+02 1.950000000000000000e+02
3.706205368041992188e+02 6.505850982666015625e+02 1.956741714477539062e+02
3.697072982788085938e+02 6.516788482666015625e+02 1.950000000000000000e+02
3.704242324829101562e+02 6.514387512207031250e+02 1.944046783447265625e+02
3.700304031372070312e+02 6.520262145996093750e+02 1.940382003784179688e+02
3.703032684326171875e+02 6.523300933837890625e+02 1.932859230041503906e+02
3.696365737915039062e+02 6.526275634765625000e+02 1.936717033386230469e+02
3.707107162475585938e+02 6.516634368896484375e+02 1.937380218505859375e+02
3.693817520141601562e+02 6.523890686035156250e+02 1.943383789062500000e+02
3.690059280395507812e+02 6.530059814453125000e+02 1.940077972412109375e+02
3.690290451049804688e+02 6.522389984130859375e+02 1.950934600830078125e+02
3.684931564331054688e+02 6.524931335449218750e+02 1.954891014099121094e+02
3.689944839477539062e+02 6.517933654785156250e+02 1.959177017211914062e+02
3.687150573730468750e+02 6.527176666259765625e+02 1.948224258422851562e+02
3.682435226440429688e+02 6.530306243896484375e+02 1.950934600830078125e+02
3.683934020996093750e+02 6.533843231201171875e+02 1.943438911437988281e+02
3.677952575683593750e+02 6.529945373535156250e+02 1.959207725524902344e+02
3.676845169067382812e+02 6.537162017822265625e+02 1.950000000000000000e+02
3.680339813232421875e+02 6.540383148193359375e+02 1.940471458435058594e+02
3.675192642211914062e+02 6.535225677490234375e+02 1.955346298217773438e+02
3.672725296020507812e+02 6.542162322998046875e+02 1.950000000000000000e+02
3.674449920654296875e+02 6.544323730468750000e+02 1.944170761108398438e+02
3.667391967773437500e+02 6.549698638916015625e+02 1.949357223510742188e+02
3.669654464721679688e+02 6.539566802978515625e+02 1.959325218200683594e+02
3.673458480834960938e+02 6.533242034912109375e+02 1.962013053894042969e+02
3.666600799560546875e+02 6.536998748779296875e+02 1.969999885559082031e+02
3.664162826538085938e+02 6.543907165527343750e+02 1.963304138183593750e+02
3.665850448608398438e+02 6.546163940429687500e+02 1.956637382507324219e+02
3.661694335937500000e+02 6.549698638916015625e+02 1.959982490539550781e+02
3.663490676879882812e+02 6.552831268310546875e+02 1.952262115478515625e+02
3.657272338867187500e+02 6.549954223632812500e+02 1.969238281250000000e+02
3.656495666503906250e+02 6.557396697998046875e+02 1.959999847412109375e+02
3.660034179687500000e+02 6.560060119628906250e+02 1.950067138671875000e+02
3.655170440673828125e+02 6.555268096923828125e+02 1.965397262573242188e+02
3.653433227539062500e+02 6.562397003173828125e+02 1.959999847412109375e+02
3.654753875732421875e+02 6.564594268798828125e+02 1.954538917541503906e+02
3.651261520385742188e+02 6.559161376953125000e+02 1.969238281250000000e+02
3.648545837402343750e+02 6.570674896240234375e+02 1.960643005371093750e+02
3.653524017333984375e+02 6.570755767822265625e+02 1.950723266601562500e+02
3.646216583251953125e+02 6.567276000976562500e+02 1.969999885559082031e+02
3.644719314575195312e+02 6.574458312988281250e+02 1.964405059814453125e+02
3.646332550048828125e+02 6.577798461914062500e+02 1.957738304138183594e+02
3.648604965209960938e+02 6.580679321289062500e+02 1.950719070434570312e+02
3.643581771850585938e+02 6.580679321289062500e+02 1.960643005371093750e+02
3.644752883911132812e+02 6.584465026855468750e+02 1.954531669616699219e+02
3.639840698242187500e+02 6.580000305175781250e+02 1.969999885559082031e+02
3.639979171752929688e+02 6.590000152587890625e+02 1.959999847412109375e+02
3.643685913085937500e+02 6.590000152587890625e+02 1.952486228942871094e+02
3.636132431030273438e+02 6.589245605468750000e+02 1.969325256347656250e+02
3.636700057983398438e+02 6.599423217773437500e+02 1.959963989257812500e+02
3.634192657470703125e+02 6.602371978759765625e+02 1.963273239135742188e+02
3.642086029052734375e+02 6.599454498291015625e+02 1.949270057678222656e+02
3.635226440429687500e+02 6.595705413818359375e+02 1.965542030334472656e+02
3.635778045654296875e+02 6.607865142822265625e+02 1.956606674194335938e+02
3.633442306518554688e+02 6.610719299316406250e+02 1.959963989257812500e+02
3.637982177734375000e+02 6.610719299316406250e+02 1.950858497619628906e+02
3.643144226074218750e+02 6.610000610351562500e+02 1.941813659667968750e+02
3.636925506591796875e+02 6.620000457763671875e+02 1.948574447631835938e+02
3.634876632690429688e+02 6.614531707763671875e+02 1.954764175415039062e+02
3.634246826171875000e+02 6.620000457763671875e+02 1.953574371337890625e+02
3.633226394653320312e+02 6.630000305175781250e+02 1.951653671264648438e+02
3.635906600952148438e+02 6.630000305175781250e+02 1.946653556823730469e+02
3.639792633056640625e+02 6.630000305175781250e+02 1.939999961853027344e+02
3.635297012329101562e+02 6.637049865722656250e+02 1.945536422729492188e+02
3.637702560424804688e+02 6.640230560302734375e+02 1.940822792053222656e+02
3.643155670166015625e+02 6.640000152587890625e+02 1.932245445251464844e+02
3.634821319580078125e+02 6.643717193603515625e+02 1.944704818725585938e+02
3.637662887573242188e+02 6.650000000000000000e+02 1.939206504821777344e+02
3.634510421752929688e+02 6.650000000000000000e+02 1.944206428527832031e+02
3.642662811279296875e+02 6.650000000000000000e+02 1.931525993347167969e+02
3.637366104125976562e+02 6.660000610351562500e+02 1.938646507263183594e+02
3.642366027832031250e+02 6.660000610351562500e+02 1.931113052368164062e+02
3.634152221679687500e+02 6.660000610351562500e+02 1.943646621704101562e+02
3.637251663208007812e+02 6.670000457763671875e+02 1.938437461853027344e+02
3.634015274047851562e+02 6.670000457763671875e+02 1.943437576293945312e+02
3.637366104125976562e+02 6.680000305175781250e+02 1.938646507263183594e+02
3.642251586914062500e+02 6.670000457763671875e+02 1.930972099304199219e+02
3.642366027832031250e+02 6.680000305175781250e+02 1.931139183044433594e+02
3.645693206787109375e+02 6.670000457763671875e+02 1.925971984863281250e+02
3.645811462402343750e+02 6.680000305175781250e+02 1.926139259338378906e+02
3.650246810913085938e+02 6.670000457763671875e+02 1.919999885559082031e+02
3.645786285400390625e+02 6.660000610351562500e+02 1.926112937927246094e+02
3.650369262695312500e+02 6.660000610351562500e+02 1.919999885559082031e+02
3.646067047119140625e+02 6.650000000000000000e+02 1.926525878906250000e+02
3.646554946899414062e+02 6.640000152587890625e+02 1.927245521545410156e+02
3.650846099853515625e+02 6.650000000000000000e+02 1.919999885559082031e+02
3.652212142944335938e+02 6.640731811523437500e+02 1.919280815124511719e+02
3.654779052734375000e+02 6.650000000000000000e+02 1.914733695983886719e+02
3.654582977294921875e+02 6.660000610351562500e+02 1.914500045776367188e+02
3.659050750732421875e+02 6.650000000000000000e+02 1.909733772277832031e+02
3.654946899414062500e+02 6.644553375244140625e+02 1.914935874938964844e+02
3.658803939819335938e+02 6.640731811523437500e+02 1.910961532592773438e+02
3.661708831787109375e+02 6.630548858642578125e+02 1.909336853027343750e+02
3.655353546142578125e+02 6.637886810302734375e+02 1.915468025207519531e+02
3.655992126464843750e+02 6.630000305175781250e+02 1.916307258605957031e+02
3.657012176513671875e+02 6.620000457763671875e+02 1.917645835876464844e+02
3.652295684814453125e+02 6.630000305175781250e+02 1.921307373046875000e+02
3.653269958496093750e+02 6.620000457763671875e+02 1.922645759582519531e+02
3.647295761108398438e+02 6.630000305175781250e+02 1.928332138061523438e+02
3.647776031494140625e+02 6.619712829589843750e+02 1.930585479736328125e+02
3.643885803222656250e+02 6.630000305175781250e+02 1.933332061767578125e+02
3.644537353515625000e+02 6.622853851318359375e+02 1.934309005737304688e+02
3.642262649536132812e+02 6.619712829589843750e+02 1.939263534545898438e+02
3.645266342163085938e+02 6.616187286376953125e+02 1.935439109802246094e+02
3.646100997924804688e+02 6.610000610351562500e+02 1.936813545227050781e+02
3.647225952148437500e+02 6.599454498291015625e+02 1.940187263488769531e+02
3.651405334472656250e+02 6.609249114990234375e+02 1.929100418090820312e+02
3.652598190307617188e+02 6.600000000000000000e+02 1.931439018249511719e+02
3.655117797851562500e+02 6.605414581298828125e+02 1.925167274475097656e+02
3.654207611083984375e+02 6.612081146240234375e+02 1.923919486999511719e+02
3.657697296142578125e+02 6.609249114990234375e+02 1.920351600646972656e+02
3.661408615112304688e+02 6.599827575683593750e+02 1.919364547729492188e+02
3.663283157348632812e+02 6.610000610351562500e+02 1.912994384765625000e+02
3.664331054687500000e+02 6.603044891357421875e+02 1.914218330383300781e+02
3.662012100219726562e+02 6.620000457763671875e+02 1.911501884460449219e+02
3.667710494995117188e+02 6.610000610351562500e+02 1.907994461059570312e+02
3.666363143920898438e+02 6.620000457763671875e+02 1.906501770019531250e+02
3.669734954833984375e+02 6.599294281005859375e+02 1.909718513488769531e+02
3.672710418701171875e+02 6.610000610351562500e+02 1.902690315246582031e+02
3.673973083496093750e+02 6.602210235595703125e+02 1.903961563110351562e+02
3.671363067626953125e+02 6.620000457763671875e+02 1.901330757141113281e+02
3.677955245971679688e+02 6.610000610351562500e+02 1.897690200805664062e+02
3.679701995849609375e+02 6.599256896972656250e+02 1.899715042114257812e+02
3.682955169677734375e+02 6.610000610351562500e+02 1.893254089355468750e+02
3.676459884643554688e+02 6.620000457763671875e+02 1.896330642700195312e+02
3.690362930297851562e+02 6.609267425537109375e+02 1.887676811218261719e+02
3.684187316894531250e+02 6.602970123291015625e+02 1.894305419921875000e+02
3.689344787597656250e+02 6.599782562255859375e+02 1.891393280029296875e+02
3.692156982421875000e+02 6.590000152587890625e+02 1.892820167541503906e+02
3.685574722290039062e+02 6.596303558349609375e+02 1.895468330383300781e+02
3.696556472778320312e+02 6.600000000000000000e+02 1.886012458801269531e+02
3.700130081176757812e+02 6.589521789550781250e+02 1.887456703186035156e+02
3.701556396484375000e+02 6.600000000000000000e+02 1.882902526855468750e+02
3.695191574096679688e+02 6.605445861816406250e+02 1.885122680664062500e+02
3.699114990234375000e+02 6.609267425537109375e+02 1.881766510009765625e+02
3.693938064575195312e+02 6.612112426757812500e+02 1.884246635437011719e+02
3.703550338745117188e+02 6.592536163330078125e+02 1.884102058410644531e+02
3.710655975341796875e+02 6.600392150878906250e+02 1.877733993530273438e+02
3.709346008300781250e+02 6.589521789550781250e+02 1.881970024108886719e+02
3.716489028930664062e+02 6.597320556640625000e+02 1.875686454772949219e+02
3.719893264770507812e+02 6.589460754394531250e+02 1.876663398742675781e+02
3.723155593872070312e+02 6.592433929443359375e+02 1.874181556701660156e+02
3.725574111938476562e+02 6.585767364501953125e+02 1.875257682800292969e+02
3.720000076293945312e+02 6.580000305175781250e+02 1.879999923706054688e+02
3.712627410888671875e+02 6.580000305175781250e+02 1.883695220947265625e+02
3.720627975463867188e+02 6.570712280273437500e+02 1.883557510375976562e+02
3.727893066406250000e+02 6.580000305175781250e+02 1.876304626464843750e+02
3.730970001220703125e+02 6.570970153808593750e+02 1.878587341308593750e+02
3.732892990112304688e+02 6.580000305175781250e+02 1.874104499816894531e+02
3.734949874877929688e+02 6.574950408935546875e+02 1.874978065490722656e+02
3.729344558715820312e+02 6.589460754394531250e+02 1.872497940063476562e+02
3.739999771118164062e+02 6.580000305175781250e+02 1.871507835388183594e+02
3.739999771118164062e+02 6.572893524169921875e+02 1.874104499816894531e+02
3.739999771118164062e+02 6.567893218994140625e+02 1.876304626464843750e+02
3.749504852294921875e+02 6.569345092773437500e+02 1.872584342956542969e+02
3.745841598510742188e+02 6.565574645996093750e+02 1.875257682800292969e+02
3.759999847412109375e+02 6.570000457763671875e+02 1.869472694396972656e+02
3.752508163452148438e+02 6.563536071777343750e+02 1.874276161193847656e+02
3.749504852294921875e+02 6.560121917724609375e+02 1.876915740966796875e+02
3.759999847412109375e+02 6.561511993408203125e+02 1.873288536071777344e+02
3.759999847412109375e+02 6.556512451171875000e+02 1.875778198242187500e+02
3.769220352172851562e+02 6.559088134765625000e+02 1.872405624389648438e+02
3.772034072875976562e+02 6.553929138183593750e+02 1.874417877197265625e+02
3.765367507934570312e+02 6.555147552490234375e+02 1.875076103210449219e+02
3.779999923706054688e+02 6.560000610351562500e+02 1.870049858093261719e+02
3.779999923706054688e+02 6.552647399902343750e+02 1.873722267150878906e+02
3.779999923706054688e+02 6.547647857666015625e+02 1.876488876342773438e+02
3.789999771118164062e+02 6.551427459716796875e+02 1.873055076599121094e+02
3.769220352172851562e+02 6.550357818603515625e+02 1.876974868774414062e+02
3.770000076293945312e+02 6.540912628173828125e+02 1.882411384582519531e+02
3.759999847412109375e+02 6.550000000000000000e+02 1.879365348815917969e+02
3.759999847412109375e+02 6.542816925048828125e+02 1.883587074279785156e+02
3.750077056884765625e+02 6.549594879150390625e+02 1.882463836669921875e+02
3.753462219238281250e+02 6.544247436523437500e+02 1.884504508972167969e+02
3.746795272827148438e+02 6.545990753173828125e+02 1.885607528686523438e+02
3.739999771118164062e+02 6.553072357177734375e+02 1.883877754211425781e+02
3.734711837768554688e+02 6.554772186279296875e+02 1.884862899780273438e+02
3.739999771118164062e+02 6.548072052001953125e+02 1.886902618408203125e+02
3.739999771118164062e+02 6.560000610351562500e+02 1.880182456970214844e+02
3.730826950073242188e+02 6.560638427734375000e+02 1.883616065979003906e+02
3.728045272827148438e+02 6.557730865478515625e+02 1.886500167846679688e+02
3.724380111694335938e+02 6.564397430419921875e+02 1.884681701660156250e+02
3.719697952270507812e+02 6.559706878662109375e+02 1.889807128906250000e+02
3.711962509155273438e+02 6.561682128906250000e+02 1.893114089965820312e+02
3.721682357788085938e+02 6.552079010009765625e+02 1.893166732788085938e+02
3.715015792846679688e+02 6.555015563964843750e+02 1.895009231567382812e+02
3.717713165283203125e+02 6.567853546142578125e+02 1.886447334289550781e+02
3.709944534301757812e+02 6.569933319091796875e+02 1.889932250976562500e+02
3.702719116210937500e+02 6.572013854980468750e+02 1.893417167663574219e+02
3.714593124389648438e+02 6.574520111083984375e+02 1.884765434265136719e+02
3.705295944213867188e+02 6.565347290039062500e+02 1.895196723937988281e+02
3.707627487182617188e+02 6.580000305175781250e+02 1.886563491821289062e+02
3.699631500244140625e+02 6.579959106445312500e+02 1.891770553588867188e+02
3.705576705932617188e+02 6.585868835449218750e+02 1.885334205627441406e+02
3.696052551269531250e+02 6.576599121093750000e+02 1.895781898498535156e+02
3.693967437744140625e+02 6.583265686035156250e+02 1.894199562072753906e+02
3.689642333984375000e+02 6.579396057128906250e+02 1.899673080444335938e+02
3.685317230224609375e+02 6.575526428222656250e+02 1.905297660827636719e+02
3.687157058715820312e+02 6.590000152587890625e+02 1.896774482727050781e+02
3.683459091186523438e+02 6.582192993164062500e+02 1.903564262390136719e+02
3.692210769653320312e+02 6.570000457763671875e+02 1.902636146545410156e+02
3.687210845947265625e+02 6.570000457763671875e+02 1.907047843933105469e+02
3.699631500244140625e+02 6.569208526611328125e+02 1.897226905822753906e+02
3.694297409057617188e+02 6.564057922363281250e+02 1.904399490356445312e+02
3.690414810180664062e+02 6.560556793212890625e+02 1.910370063781738281e+02
3.700147628784179688e+02 6.560434722900390625e+02 1.902086830139160156e+02
3.703579711914062500e+02 6.553415679931640625e+02 1.903881835937500000e+02
3.696912765502929688e+02 6.557391357421875000e+02 1.906640434265136719e+02
3.709177398681640625e+02 6.559009552001953125e+02 1.896452903747558594e+02
3.710073852539062500e+02 6.550049591064453125e+02 1.901697158813476562e+02
3.713456726074218750e+02 6.543633270263671875e+02 1.903937530517578125e+02
3.706790161132812500e+02 6.546749114990234375e+02 1.906323051452636719e+02
3.719009399414062500e+02 6.549247741699218750e+02 1.896533966064453125e+02
3.720475387573242188e+02 6.540180206298828125e+02 1.902202796936035156e+02
3.725518417358398438e+02 6.545412445068359375e+02 1.895276260375976562e+02
3.730115127563476562e+02 6.550092315673828125e+02 1.890048027038574219e+02
3.729310989379882812e+02 6.539829254150390625e+02 1.897467994689941406e+02
3.729999923706054688e+02 6.532474517822265625e+02 1.902877807617187500e+02
3.732184982299804688e+02 6.543048858642578125e+02 1.893596076965332031e+02
3.737366485595703125e+02 6.536381530761718750e+02 1.896046066284179688e+02
3.740076065063476562e+02 6.530046844482421875e+02 1.900015830993652344e+02
3.740419769287109375e+02 6.539829254150390625e+02 1.892275619506835938e+02
3.744033050537109375e+02 6.534482574462890625e+02 1.894589042663574219e+02
3.750077056884765625e+02 6.540548706054687500e+02 1.888179016113281250e+02
3.759999847412109375e+02 6.537816619873046875e+02 1.886919403076171875e+02
3.750000000000000000e+02 6.533097839355468750e+02 1.893518066406250000e+02
3.750000000000000000e+02 6.528098297119140625e+02 1.897537803649902344e+02
3.760995483398437500e+02 6.529788970947265625e+02 1.892534255981445312e+02
3.758325958251953125e+02 6.526315307617187500e+02 1.896064949035644531e+02
3.750000000000000000e+02 6.522270202636718750e+02 1.902537918090820312e+02
3.750000000000000000e+02 6.517270660400390625e+02 1.907228469848632812e+02
3.742785263061523438e+02 6.523888397216796875e+02 1.903985595703125000e+02
3.739446258544921875e+02 6.519734191894531250e+02 1.909711074829101562e+02
3.736106872558593750e+02 6.515579223632812500e+02 1.915627479553222656e+02
3.736118698120117188e+02 6.525611877441406250e+02 1.905566215515136719e+02
3.729999923706054688e+02 6.522278594970703125e+02 1.912261199951171875e+02
3.742773437500000000e+02 6.513927459716796875e+02 1.913855743408203125e+02
3.750000000000000000e+02 6.512380981445312500e+02 1.912228393554687500e+02
3.729999923706054688e+02 6.517278289794921875e+02 1.917520523071289062e+02
3.729999923706054688e+02 6.527474975585937500e+02 1.907261276245117188e+02
3.723713302612304688e+02 6.524124908447265625e+02 1.914115333557128906e+02
3.720586013793945312e+02 6.530435943603515625e+02 1.910383415222167969e+02
3.720630264282226562e+02 6.520433807373046875e+02 1.920475387573242188e+02
3.712913513183593750e+02 6.523408508300781250e+02 1.923217773437500000e+02
3.724214172363281250e+02 6.514495849609375000e+02 1.924399757385253906e+02
3.717046737670898438e+02 6.526517486572265625e+02 1.916551017761230469e+02
3.717547607421875000e+02 6.516741943359375000e+02 1.927152824401855469e+02
3.710010147094726562e+02 6.520021057128906250e+02 1.930006027221679688e+02
3.706246566772460938e+02 6.526032257080078125e+02 1.926192665100097656e+02
3.713773727416992188e+02 6.514107513427734375e+02 1.933819389343261719e+02
3.699454498291015625e+02 6.529487609863281250e+02 1.929401969909667969e+02
3.709502792358398438e+02 6.529608154296875000e+02 1.919568824768066406e+02
3.702542877197265625e+02 6.532699584960937500e+02 1.922586822509765625e+02
3.712759017944335938e+02 6.533184051513671875e+02 1.913318061828613281e+02
3.706092453002929688e+02 6.535961151123046875e+02 1.915920066833496094e+02
3.699275970458984375e+02 6.539263153076171875e+02 1.919288444519042969e+02
3.709774398803710938e+02 6.539797210693359375e+02 1.909820556640625000e+02
3.702675628662109375e+02 6.542627716064453125e+02 1.912989807128906250e+02
3.717459106445312500e+02 6.536965942382812500e+02 1.906651306152343750e+02
3.699794387817382812e+02 6.549781036376953125e+02 1.909815025329589844e+02
3.693199157714843750e+02 6.552812957763671875e+02 1.913306999206542969e+02
3.696009063720703125e+02 6.546146392822265625e+02 1.915990257263183594e+02
3.689662933349609375e+02 6.549582672119140625e+02 1.919625854492187500e+02
3.683475875854492188e+02 6.553018188476562500e+02 1.923261451721191406e+02
3.692793273925781250e+02 6.542565155029296875e+02 1.922657012939453125e+02
3.686532592773437500e+02 6.557054901123046875e+02 1.916594696044921875e+02
3.686126708984375000e+02 6.546351623535156250e+02 1.926315879821777344e+02
3.680110549926757812e+02 6.550145721435546875e+02 1.930138778686523438e+02
3.689547348022460938e+02 6.539504241943359375e+02 1.929463577270507812e+02
3.692967987060546875e+02 6.532942962646484375e+02 1.932611465454101562e+02
3.686301422119140625e+02 6.536442565917968750e+02 1.936772155761718750e+02
3.695876312255859375e+02 6.535898590087890625e+02 1.925944709777832031e+02
3.683411788940429688e+02 6.543109130859375000e+02 1.932982444763183594e+02
3.674225616455078125e+02 6.553939056396484375e+02 1.933961868286132812e+02
3.676745223999023438e+02 6.547272491455078125e+02 1.937504196166992188e+02
3.676809310913085938e+02 6.557639312744140625e+02 1.927295303344726562e+02
3.680467224121093750e+02 6.560680389404296875e+02 1.920525550842285156e+02
3.672510528564453125e+02 6.560583496093750000e+02 1.930377006530761719e+02
3.666993331909179688e+02 6.559315490722656250e+02 1.939358901977539062e+02
3.667553329467773438e+02 6.569422149658203125e+02 1.929781150817871094e+02
3.674547958374023438e+02 6.564305877685546875e+02 1.924456596374511719e+02
3.672883605957031250e+02 6.570000457763671875e+02 1.922417259216308594e+02
3.677132034301757812e+02 6.570000457763671875e+02 1.917417144775390625e+02
3.669794845581054688e+02 6.579608154296875000e+02 1.919753074645996094e+02
3.673626708984375000e+02 6.582348632812500000e+02 1.913486480712890625e+02
3.666842651367187500e+02 6.590000152587890625e+02 1.917260551452636719e+02
3.664276885986328125e+02 6.583534240722656250e+02 1.924073028564453125e+02
3.675383758544921875e+02 6.575682067871093750e+02 1.915433120727539062e+02
3.665963363647460938e+02 6.576867675781250000e+02 1.926301765441894531e+02
3.661878585815429688e+02 6.580120849609375000e+02 1.929781150817871094e+02
3.663573074340820312e+02 6.572370910644531250e+02 1.932968521118164062e+02
3.656640625000000000e+02 6.580000305175781250e+02 1.937569808959960938e+02
3.657474136352539062e+02 6.589398193359375000e+02 1.930050659179687500e+02
3.662881469726562500e+02 6.590000152587890625e+02 1.922260665893554688e+02
3.653929138183593750e+02 6.592330169677734375e+02 1.933417892456054688e+02
3.655281448364257812e+02 6.585663604736328125e+02 1.935435295104980469e+02
3.656012344360351562e+02 6.600000000000000000e+02 1.926438903808593750e+02
3.651438140869140625e+02 6.589398193359375000e+02 1.939261245727539062e+02
3.653506851196289062e+02 6.580000305175781250e+02 1.942569923400878906e+02
3.646350860595703125e+02 6.590000152587890625e+02 1.947486305236816406e+02
3.645245742797851562e+02 6.595758056640625000e+02 1.945450019836425781e+02
3.654787063598632812e+02 6.574593353271484375e+02 1.944657707214355469e+02
3.660074996948242188e+02 6.570148468017578125e+02 1.940127944946289062e+02
3.663243865966796875e+02 6.562192535400390625e+02 1.942264938354492188e+02
3.656577301025390625e+02 6.567926788330078125e+02 1.947872352600097656e+02
3.665410614013671875e+02 6.565703582763671875e+02 1.935598182678222656e+02
3.679421615600585938e+02 6.578937530517578125e+02 1.909392166137695312e+02
3.682131958007812500e+02 6.570000457763671875e+02 1.912047958374023438e+02
3.676507186889648438e+02 6.590000152587890625e+02 1.906529045104980469e+02
3.671842575073242188e+02 6.590000152587890625e+02 1.911529159545898438e+02
3.681507110595703125e+02 6.590000152587890625e+02 1.901774406433105469e+02
3.675216674804687500e+02 6.595543670654296875e+02 1.905218887329101562e+02
3.684125518798828125e+02 6.563722229003906250e+02 1.914099502563476562e+02
3.665496826171875000e+02 6.596378326416015625e+02 1.915607833862304688e+02
3.672417068481445312e+02 6.550363159179687500e+02 1.940502357482910156e+02
3.665353012084960938e+02 6.555525970458984375e+02 1.945595359802246094e+02
3.724125671386718750e+02 6.534355163574218750e+02 1.904457664489746094e+02
3.757128524780273438e+02 6.515805816650390625e+02 1.905781936645507812e+02
3.770000076293945312e+02 6.535912322998046875e+02 1.885613441467285156e+02
3.665509796142578125e+02 6.627581787109375000e+02 1.905561447143554688e+02
3.644203567504882812e+02 6.602424621582031250e+02 1.943645477294921875e+02
3.664858245849609375e+02 6.634248352050781250e+02 1.904845619201660156e+02
3.658869934082031250e+02 6.660000610351562500e+02 1.909500122070312500e+02
3.658868408203125000e+02 6.670000457763671875e+02 1.909468269348144531e+02
3.663868713378906250e+02 6.670000457763671875e+02 1.903798675537109375e+02
3.654553985595703125e+02 6.670000457763671875e+02 1.914468193054199219e+02
3.654691696166992188e+02 6.680000305175781250e+02 1.914634513854980469e+02
3.650503158569335938e+02 6.680000305175781250e+02 1.919999885559082031e+02
3.634149932861328125e+02 6.680000305175781250e+02 1.943646621704101562e+02
3.630578231811523438e+02 6.660000610351562500e+02 1.950000000000000000e+02
3.632546234130859375e+02 6.599423217773437500e+02 1.969325256347656250e+02
3.628374862670898438e+02 6.600000000000000000e+02 1.979999923706054688e+02
3.633885192871093750e+02 6.592075347900390625e+02 1.972208786010742188e+02
3.632426834106445312e+02 6.589245605468750000e+02 1.979279327392578125e+02
3.634043884277343750e+02 6.582897949218750000e+02 1.982132148742675781e+02
3.628790283203125000e+02 6.590000152587890625e+02 1.989999961853027344e+02
3.635163497924804688e+02 6.585408782958984375e+02 1.975465583801269531e+02
3.636492156982421875e+02 6.579738616943359375e+02 1.979279327392578125e+02
3.641788864135742188e+02 6.569145965576171875e+02 1.979220390319824219e+02
3.635583114624023438e+02 6.576231384277343750e+02 1.986989021301269531e+02
3.637577819824218750e+02 6.570560455322265625e+02 1.990193367004394531e+02
3.633062362670898438e+02 6.579738616943359375e+02 1.990193367004394531e+02
3.634619140625000000e+02 6.574266815185546875e+02 1.993655586242675781e+02
3.630396652221679688e+02 6.580000305175781250e+02 2.000000000000000000e+02
3.633838653564453125e+02 6.572790527343750000e+02 2.000000000000000000e+02
3.626317977905273438e+02 6.589935302734375000e+02 1.999281120300292969e+02
3.627592849731445312e+02 6.580913543701171875e+02 2.010802078247070312e+02
3.624932098388671875e+02 6.584854888916015625e+02 2.014670181274414062e+02
3.633191680908203125e+02 6.569672393798828125e+02 2.010895729064941406e+02
3.626821517944335938e+02 6.578778076171875000e+02 2.019999885559082031e+02
3.625635910034179688e+02 6.586559295654296875e+02 2.008003616333007812e+02
3.623690414428710938e+02 6.589935302734375000e+02 2.010802078247070312e+02
3.621813964843750000e+02 6.590000152587890625e+02 2.019999885559082031e+02
3.624299240112304688e+02 6.593225860595703125e+02 2.002135276794433594e+02
3.622824859619140625e+02 6.599200439453125000e+02 1.999281120300292969e+02
3.623973464965820312e+02 6.602000427246093750e+02 1.991666984558105469e+02
3.625119400024414062e+02 6.595333862304687500e+02 1.995468711853027344e+02
3.625741195678710938e+02 6.599200439453125000e+02 1.989000129699707031e+02
3.625000000000000000e+02 6.605001068115234375e+02 1.985000228881835938e+02
3.624418640136718750e+02 6.583777618408203125e+02 2.019999885559082031e+02
3.620106887817382812e+02 6.590000152587890625e+02 2.029999923706054688e+02
3.623574447631835938e+02 6.582028961181640625e+02 2.029999923706054688e+02
3.618738174438476562e+02 6.590000152587890625e+02 2.039999961853027344e+02
3.622902679443359375e+02 6.580701446533203125e+02 2.039999961853027344e+02
3.617643737792968750e+02 6.590000152587890625e+02 2.050000000000000000e+02
3.615835189819335938e+02 6.597219848632812500e+02 2.039999961853027344e+02
3.613998031616210938e+02 6.602220153808593750e+02 2.039999961853027344e+02
3.615266799926757812e+02 6.595718383789062500e+02 2.050000000000000000e+02
3.613508605957031250e+02 6.600717926025390625e+02 2.050000000000000000e+02
3.615011215209960938e+02 6.595030975341796875e+02 2.055185508728027344e+02
3.616611099243164062e+02 6.590740966796875000e+02 2.059111213684082031e+02
3.613456344604492188e+02 6.599018859863281250e+02 2.059111213684082031e+02
3.612803649902343750e+02 6.600000000000000000e+02 2.069999885559082031e+02
3.609807205200195312e+02 6.610000610351562500e+02 2.059999847412109375e+02
3.614820098876953125e+02 6.594567871093750000e+02 2.061852264404296875e+02
3.614714050292968750e+02 6.594312286376953125e+02 2.069999885559082031e+02
3.614783096313476562e+02 6.594479370117187500e+02 2.079999923706054688e+02
3.616836166381835938e+02 6.589311981201171875e+02 2.069999885559082031e+02
3.621241760253906250e+02 6.580000305175781250e+02 2.069999885559082031e+02
3.616910171508789062e+02 6.589479827880859375e+02 2.079999923706054688e+02
3.621377563476562500e+02 6.580000305175781250e+02 2.079999923706054688e+02
3.616838455200195312e+02 6.590874481201171875e+02 2.089804840087890625e+02
3.618117904663085938e+02 6.590000152587890625e+02 2.100000000000000000e+02
3.615135574340820312e+02 6.595365905761718750e+02 2.093008232116699219e+02
3.621922302246093750e+02 6.580000305175781250e+02 2.089999961853027344e+02
3.614912414550781250e+02 6.594791412353515625e+02 2.086341667175292969e+02
3.613592529296875000e+02 6.599219512939453125e+02 2.089804840087890625e+02
3.609994125366210938e+02 6.610000610351562500e+02 2.089999961853027344e+02
3.613636779785156250e+02 6.601219177246093750e+02 2.100000000000000000e+02
3.612915802001953125e+02 6.600000000000000000e+02 2.079999923706054688e+02
3.609647369384765625e+02 6.610000610351562500e+02 2.079999923706054688e+02
3.609567260742187500e+02 6.610000610351562500e+02 2.069999885559082031e+02
3.606583786010742188e+02 6.620000457763671875e+02 2.079999923706054688e+02
3.606514358520507812e+02 6.620000457763671875e+02 2.069999885559082031e+02
3.605068969726562500e+02 6.625243377685546875e+02 2.079999923706054688e+02
3.606931686401367188e+02 6.620000457763671875e+02 2.089999961853027344e+02
3.607601165771484375e+02 6.620000457763671875e+02 2.100000000000000000e+02
3.605243682861328125e+02 6.625907135009765625e+02 2.089999961853027344e+02
3.605579376220703125e+02 6.627256011962890625e+02 2.100000000000000000e+02
3.603921508789062500e+02 6.630906677246093750e+02 2.089999961853027344e+02
3.603689956665039062e+02 6.630243682861328125e+02 2.079999923706054688e+02
3.601617813110351562e+02 6.640000152587890625e+02 2.089999961853027344e+02
3.604311370849609375e+02 6.632256317138671875e+02 2.100000000000000000e+02
3.602496719360351562e+02 6.640000152587890625e+02 2.100000000000000000e+02
3.604695892333984375e+02 6.633759307861328125e+02 2.106916809082031250e+02
3.603926467895507812e+02 6.639652252197265625e+02 2.110150146484375000e+02
3.606083679199218750e+02 6.630255889892578125e+02 2.110150146484375000e+02
3.608788299560546875e+02 6.620000457763671875e+02 2.109999847412109375e+02
3.607926940917968750e+02 6.630000305175781250e+02 2.119999885559082031e+02
3.605234146118164062e+02 6.636087036132812500e+02 2.113583564758300781e+02
3.605878067016601562e+02 6.639652252197265625e+02 2.120248222351074219e+02
3.604536819458007812e+02 6.642753601074218750e+02 2.117080497741699219e+02
3.608002471923828125e+02 6.640000152587890625e+02 2.129999923706054688e+02
3.605290603637695312e+02 6.647056579589843750e+02 2.123747062683105469e+02
3.604056167602539062e+02 6.650234222412109375e+02 2.120248222351074219e+02
3.606208801269531250e+02 6.650234222412109375e+02 2.129437446594238281e+02
3.604826736450195312e+02 6.653723144531250000e+02 2.125728988647460938e+02
3.609148788452148438e+02 6.650000000000000000e+02 2.139999961853027344e+02
3.605765914916992188e+02 6.660000610351562500e+02 2.131915664672851562e+02
3.608171844482421875e+02 6.660000610351562500e+02 2.139999961853027344e+02
3.605495452880859375e+02 6.670000457763671875e+02 2.133087158203125000e+02
3.604535293579101562e+02 6.660000610351562500e+02 2.126915740966796875e+02
3.602885055541992188e+02 6.660000610351562500e+02 2.119999885559082031e+02
3.604224395751953125e+02 6.670000457763671875e+02 2.128087043762207031e+02
3.604118347167968750e+02 6.680000305175781250e+02 2.128436470031738281e+02
3.602192687988281250e+02 6.670000457763671875e+02 2.119999885559082031e+02
3.600038146972656250e+02 6.670000457763671875e+02 2.109999847412109375e+02
3.601950073242187500e+02 6.680000305175781250e+02 2.119999885559082031e+02
3.599750518798828125e+02 6.680000305175781250e+02 2.109999847412109375e+02
3.602192687988281250e+02 6.690000152587890625e+02 2.119999885559082031e+02
3.600038146972656250e+02 6.690000152587890625e+02 2.109999847412109375e+02
3.604224395751953125e+02 6.690000152587890625e+02 2.128033447265625000e+02
3.602885055541992188e+02 6.700000000000000000e+02 2.119999885559082031e+02
3.600831222534179688e+02 6.700000000000000000e+02 2.109999847412109375e+02
3.604535293579101562e+02 6.700000000000000000e+02 2.126832199096679688e+02
3.599227142333984375e+02 6.700000000000000000e+02 2.100000000000000000e+02
3.597925186157226562e+02 6.700000000000000000e+02 2.089999961853027344e+02
3.600453948974609375e+02 6.710000610351562500e+02 2.100000000000000000e+02
3.598317337036132812e+02 6.690000152587890625e+02 2.100000000000000000e+02
3.597993087768554688e+02 6.680000305175781250e+02 2.100000000000000000e+02
3.596818542480468750e+02 6.690000152587890625e+02 2.089999961853027344e+02
3.596430206298828125e+02 6.680000305175781250e+02 2.089999961853027344e+02
3.595677566528320312e+02 6.689024353027343750e+02 2.079040718078613281e+02
3.594995498657226562e+02 6.685039520263671875e+02 2.075067901611328125e+02
3.595778656005859375e+02 6.689024353027343750e+02 2.070970344543457031e+02
3.597130584716796875e+02 6.700000000000000000e+02 2.079999923706054688e+02
3.595312118530273438e+02 6.680823516845703125e+02 2.079040718078613281e+02
3.594995498657226562e+02 6.684705352783203125e+02 2.075067901611328125e+02
3.595410919189453125e+02 6.680823516845703125e+02 2.070970344543457031e+02
3.596009826660156250e+02 6.670000457763671875e+02 2.079999923706054688e+02
3.597309875488281250e+02 6.660000610351562500e+02 2.079999923706054688e+02
3.596122360229492188e+02 6.670000457763671875e+02 2.069999885559082031e+02
3.596969604492187500e+02 6.670000457763671875e+02 2.089999961853027344e+02
3.598380661010742188e+02 6.670000457763671875e+02 2.100000000000000000e+02
3.598114776611328125e+02 6.660000610351562500e+02 2.089999961853027344e+02
3.599588775634765625e+02 6.650000000000000000e+02 2.089999961853027344e+02
3.599306488037109375e+02 6.660000610351562500e+02 2.100000000000000000e+02
3.600831222534179688e+02 6.660000610351562500e+02 2.109999847412109375e+02
3.600621032714843750e+02 6.650000000000000000e+02 2.100000000000000000e+02
3.602054595947265625e+02 6.650000000000000000e+02 2.109999847412109375e+02
3.598917007446289062e+02 6.650000000000000000e+02 2.079999923706054688e+02
3.598925781250000000e+02 6.650000000000000000e+02 2.069999885559082031e+02
3.601075744628906250e+02 6.640000152587890625e+02 2.079999923706054688e+02
3.601047897338867188e+02 6.640000152587890625e+02 2.069999885559082031e+02
3.601561737060546875e+02 6.640000152587890625e+02 2.059999847412109375e+02
3.603670120239257812e+02 6.630131530761718750e+02 2.069999885559082031e+02
3.603879928588867188e+02 6.630658721923828125e+02 2.059999847412109375e+02
3.605036926269531250e+02 6.625131988525390625e+02 2.069999885559082031e+02
3.605172348022460938e+02 6.625658416748046875e+02 2.059999847412109375e+02
3.606774139404296875e+02 6.620000457763671875e+02 2.059999847412109375e+02
3.607442092895507812e+02 6.620000457763671875e+02 2.050000000000000000e+02
3.610438156127929688e+02 6.610000610351562500e+02 2.050000000000000000e+02
3.602483367919921875e+02 6.640000152587890625e+02 2.050000000000000000e+02
3.599619293212890625e+02 6.650000000000000000e+02 2.059999847412109375e+02
3.600712585449218750e+02 6.650000000000000000e+02 2.050000000000000000e+02
3.598278045654296875e+02 6.660000610351562500e+02 2.059999847412109375e+02
3.599528884887695312e+02 6.660000610351562500e+02 2.050000000000000000e+02
3.597377777099609375e+02 6.660000610351562500e+02 2.069999885559082031e+02
3.597215652465820312e+02 6.670000457763671875e+02 2.059999847412109375e+02
3.598638916015625000e+02 6.670000457763671875e+02 2.050000000000000000e+02
3.596664047241210938e+02 6.680000305175781250e+02 2.059999847412109375e+02
3.598143768310546875e+02 6.680000305175781250e+02 2.050000000000000000e+02
3.597023010253906250e+02 6.690000152587890625e+02 2.059999847412109375e+02
3.598382568359375000e+02 6.690000152587890625e+02 2.050000000000000000e+02
3.598102951049804688e+02 6.700000000000000000e+02 2.059999847412109375e+02
3.599271774291992188e+02 6.700000000000000000e+02 2.050000000000000000e+02
3.597254943847656250e+02 6.700000000000000000e+02 2.069999885559082031e+02
3.599452209472656250e+02 6.710000610351562500e+02 2.059999847412109375e+02
3.600483703613281250e+02 6.710000610351562500e+02 2.050000000000000000e+02
3.598808670043945312e+02 6.710000610351562500e+02 2.069999885559082031e+02
3.601014709472656250e+02 6.720000457763671875e+02 2.059999847412109375e+02
3.602029037475585938e+02 6.720000457763671875e+02 2.050000000000000000e+02
3.600496292114257812e+02 6.720000457763671875e+02 2.069999885559082031e+02
3.602993011474609375e+02 6.730000305175781250e+02 2.059999847412109375e+02
3.604051589965820312e+02 6.730245208740234375e+02 2.050172615051269531e+02
3.602556991577148438e+02 6.730000305175781250e+02 2.069999885559082031e+02
3.604561233520507812e+02 6.736795043945312500e+02 2.059999847412109375e+02
3.604815673828125000e+02 6.735729217529296875e+02 2.053620910644531250e+02
3.604367065429687500e+02 6.737609100341796875e+02 2.069999885559082031e+02
3.605791091918945312e+02 6.741795349121093750e+02 2.059999847412109375e+02
3.606159591674804688e+02 6.739437866210937500e+02 2.050172615051269531e+02
3.607610702514648438e+02 6.740000152587890625e+02 2.039999961853027344e+02
3.609069442749023438e+02 6.750000000000000000e+02 2.050000000000000000e+02
3.605255889892578125e+02 6.733741760253906250e+02 2.046954345703125000e+02
3.605648040771484375e+02 6.730245208740234375e+02 2.039375877380371094e+02
3.607043457031250000e+02 6.730000305175781250e+02 2.029999923706054688e+02
3.605101394653320312e+02 6.724359130859375000e+02 2.035626411437988281e+02
3.604534530639648438e+02 6.727074432373046875e+02 2.042292976379394531e+02
3.603775405883789062e+02 6.720615386962890625e+02 2.039375877380371094e+02
3.604494094848632812e+02 6.717692565917968750e+02 2.032529640197753906e+02
3.601970291137695312e+02 6.710000610351562500e+02 2.039999961853027344e+02
3.600797653198242188e+02 6.700000000000000000e+02 2.039999961853027344e+02
3.603995132446289062e+02 6.710039520263671875e+02 2.029517745971679688e+02
3.605543136596679688e+02 6.720615386962890625e+02 2.029517745971679688e+02
3.608885574340820312e+02 6.730000305175781250e+02 2.019999885559082031e+02
3.609113311767578125e+02 6.740000152587890625e+02 2.029999923706054688e+02
3.611824798583984375e+02 6.750000000000000000e+02 2.029999923706054688e+02
3.613833236694335938e+02 6.749725341796875000e+02 2.020532226562500000e+02
3.610260391235351562e+02 6.750000000000000000e+02 2.039999961853027344e+02
3.614192962646484375e+02 6.757302856445312500e+02 2.029999923706054688e+02
3.613578033447265625e+02 6.760513305664062500e+02 2.040102767944335938e+02
3.615930938720703125e+02 6.762302398681640625e+02 2.029999923706054688e+02
3.614787673950195312e+02 6.755548095703125000e+02 2.024220275878906250e+02
3.617021942138671875e+02 6.759329223632812500e+02 2.020532226562500000e+02
3.621158981323242188e+02 6.770000457763671875e+02 2.019999885559082031e+02
3.623578262329101562e+02 6.769863128662109375e+02 2.010591506958007812e+02
3.618925094604492188e+02 6.770000457763671875e+02 2.029999923706054688e+02
3.624098587036132812e+02 6.776882171630859375e+02 2.019999885559082031e+02
3.624800109863281250e+02 6.775415802001953125e+02 2.014319229125976562e+02
3.623335647583007812e+02 6.780256652832031250e+02 2.030712318420410156e+02
3.626542282104492188e+02 6.781882476806640625e+02 2.019999885559082031e+02
3.627796936035156250e+02 6.779249572753906250e+02 2.010591506958007812e+02
3.625616073608398438e+02 6.783760833740234375e+02 2.027853965759277344e+02
3.630764770507812500e+02 6.790000152587890625e+02 2.019999885559082031e+02
3.633257675170898438e+02 6.790000915527343750e+02 2.010814857482910156e+02
3.627812576293945312e+02 6.789115142822265625e+02 2.030712318420410156e+02
3.634222412109375000e+02 6.796273803710937500e+02 2.019999885559082031e+02
3.634906005859375000e+02 6.795151519775390625e+02 2.014691543579101562e+02
3.633053207397460938e+02 6.798215484619140625e+02 2.029999923706054688e+02
3.637356567382812500e+02 6.801274108886718750e+02 2.019999885559082031e+02
3.638610076904296875e+02 6.799091339111328125e+02 2.010814857482910156e+02
3.636124420166015625e+02 6.803215026855468750e+02 2.029999923706054688e+02
3.642356491088867188e+02 6.808845520019531250e+02 2.019999885559082031e+02
3.643795776367187500e+02 6.806753540039062500e+02 2.009999847412109375e+02
3.641519546508789062e+02 6.810926055908203125e+02 2.029236030578613281e+02
3.645824432373046875e+02 6.813845062255859375e+02 2.019999885559082031e+02
3.647302627563476562e+02 6.811753082275390625e+02 2.009999847412109375e+02
3.645089340209960938e+02 6.814877319335937500e+02 2.025393486022949219e+02
3.651338958740234375e+02 6.820718383789062500e+02 2.019839859008789062e+02
3.652302551269531250e+02 6.818345642089843750e+02 2.009999847412109375e+02
3.647988891601562500e+02 6.819482421875000000e+02 2.029236030578613281e+02
3.644366836547851562e+02 6.815803527832031250e+02 2.032060050964355469e+02
3.643672943115234375e+02 6.816677093505859375e+02 2.039999961853027344e+02
3.638162994384765625e+02 6.809117889404296875e+02 2.040459251403808594e+02
3.635374450683593750e+02 6.804406738281250000e+02 2.037432098388671875e+02
3.634866714477539062e+02 6.805195617675781250e+02 2.044098854064941406e+02
3.634548568725585938e+02 6.805667114257812500e+02 2.050000000000000000e+02
3.632654571533203125e+02 6.800643920898437500e+02 2.040459251403808594e+02
3.627168273925781250e+02 6.790946960449218750e+02 2.039999961853027344e+02
3.624506759643554688e+02 6.785946655273437500e+02 2.039999961853027344e+02
3.624900054931640625e+02 6.785191345214843750e+02 2.034520530700683594e+02
3.621652984619140625e+02 6.780000305175781250e+02 2.039999961853027344e+02
3.616882324218750000e+02 6.769311523437500000e+02 2.040102767944335938e+02
3.615275573730468750e+02 6.764188385009765625e+02 2.036837959289550781e+02
3.616591262817382812e+02 6.771331024169921875e+02 2.050000000000000000e+02
3.614785003662109375e+02 6.765518188476562500e+02 2.043504524230957031e+02
3.614434814453125000e+02 6.766331481933593750e+02 2.050000000000000000e+02
3.612246704101562500e+02 6.760000610351562500e+02 2.050000000000000000e+02
3.654031372070312500e+02 6.816215515136718750e+02 2.000000000000000000e+02
3.648822021484375000e+02 6.809252929687500000e+02 2.000536537170410156e+02
3.654981613159179688e+02 6.815023803710937500e+02 1.994956779479980469e+02
3.644710540771484375e+02 6.805420684814453125e+02 2.004227447509765625e+02
3.645994567871093750e+02 6.803495025634765625e+02 1.997560882568359375e+02
3.642701721191406250e+02 6.800096893310546875e+02 2.000536537170410156e+02
3.635955429077148438e+02 6.793334960937500000e+02 2.008024787902832031e+02
3.634083557128906250e+02 6.786668395996093750e+02 2.002393531799316406e+02
3.625804901123046875e+02 6.773104858398437500e+02 2.007652664184570312e+02
3.604367065429687500e+02 6.737609100341796875e+02 2.079999923706054688e+02
3.602522277832031250e+02 6.730000305175781250e+02 2.079999923706054688e+02
3.600412750244140625e+02 6.720000457763671875e+02 2.079999923706054688e+02
3.600918960571289062e+02 6.720000457763671875e+02 2.089999961853027344e+02
3.598700332641601562e+02 6.710000610351562500e+02 2.079999923706054688e+02
3.599316406250000000e+02 6.710000610351562500e+02 2.089999961853027344e+02
3.594995498657226562e+02 6.684705352783203125e+02 2.074950599670410156e+02
3.594995498657226562e+02 6.685039520263671875e+02 2.074950599670410156e+02
3.605416870117187500e+02 6.680000305175781250e+02 2.133436393737792969e+02
3.607682037353515625e+02 6.670000457763671875e+02 2.139999961853027344e+02
3.611399078369140625e+02 6.660000610351562500e+02 2.150000000000000000e+02
3.612278366088867188e+02 6.650000000000000000e+02 2.150000000000000000e+02
3.613993072509765625e+02 6.660000610351562500e+02 2.157348060607910156e+02
3.610649490356445312e+02 6.640000152587890625e+02 2.139999961853027344e+02
3.613051605224609375e+02 6.629040527343750000e+02 2.140970611572265625e+02
3.610040283203125000e+02 6.630000305175781250e+02 2.129999923706054688e+02
3.614072036743164062e+02 6.621715545654296875e+02 2.138284301757812500e+02
3.613030242919921875e+02 6.619029998779296875e+02 2.130961608886718750e+02
3.610504531860351562e+02 6.620000457763671875e+02 2.119999885559082031e+02
3.615014648437500000e+02 6.615048980712890625e+02 2.134936141967773438e+02
3.614289855957031250e+02 6.612667083740234375e+02 2.128269386291503906e+02
3.613577270507812500e+02 6.609600067138671875e+02 2.120015525817871094e+02
3.615829849243164062e+02 6.609600067138671875e+02 2.130961608886718750e+02
3.615317153930664062e+02 6.606000518798828125e+02 2.123359298706054688e+02
3.617958831787109375e+02 6.610000610351562500e+02 2.139999961853027344e+02
3.618987655639648438e+02 6.600000000000000000e+02 2.129999923706054688e+02
3.616740036010742188e+02 6.600499725341796875e+02 2.120015525817871094e+02
3.621356201171875000e+02 6.600000000000000000e+02 2.139999961853027344e+02
3.623208618164062500e+02 6.589614105224609375e+02 2.129751396179199219e+02
3.624732208251953125e+02 6.584458923339843750e+02 2.126252365112304688e+02
3.621051788330078125e+02 6.590000152587890625e+02 2.119999885559082031e+02
3.624117660522460938e+02 6.592956542968750000e+02 2.139999961853027344e+02
3.625461196899414062e+02 6.586022949218750000e+02 2.132919120788574219e+02
3.627402496337890625e+02 6.580675506591796875e+02 2.129751396179199219e+02
3.626305007934570312e+02 6.587957000732421875e+02 2.139999961853027344e+02
3.624823760986328125e+02 6.594586181640625000e+02 2.145605468750000000e+02
3.619362258911132812e+02 6.590000152587890625e+02 2.109999847412109375e+02
3.624114227294921875e+02 6.583228302001953125e+02 2.119999885559082031e+02
3.623272705078125000e+02 6.581559753417968750e+02 2.109999847412109375e+02
3.623085021972656250e+02 6.579340362548828125e+02 2.099354934692382812e+02
3.625816345214843750e+02 6.576559448242187500e+02 2.109999847412109375e+02
3.625299072265625000e+02 6.575567626953125000e+02 2.102258110046386719e+02
3.627667617797851562e+02 6.570935058593750000e+02 2.099354934692382812e+02
3.624938201904296875e+02 6.574890899658203125e+02 2.095591545104980469e+02
3.627663040161132812e+02 6.569515991210937500e+02 2.089999961853027344e+02
3.627400588989257812e+02 6.569056701660156250e+02 2.079999923706054688e+02
3.624726104736328125e+02 6.574515533447265625e+02 2.089999961853027344e+02
3.624467086791992188e+02 6.574056243896484375e+02 2.079999923706054688e+02
3.624405288696289062e+02 6.573944854736328125e+02 2.069999885559082031e+02
3.624553680419921875e+02 6.574205780029296875e+02 2.059999847412109375e+02
3.627333068847656250e+02 6.568944549560546875e+02 2.069999885559082031e+02
3.632332992553710938e+02 6.560993957519531250e+02 2.069999885559082031e+02
3.627468872070312500e+02 6.569206237792968750e+02 2.059999847412109375e+02
3.632468795776367188e+02 6.561145019531250000e+02 2.059999847412109375e+02
3.627228164672851562e+02 6.570776367187500000e+02 2.049310874938964844e+02
3.632755279541015625e+02 6.561511230468750000e+02 2.050000000000000000e+02
3.624790954589843750e+02 6.574626922607421875e+02 2.052184867858886719e+02
3.628532409667968750e+02 6.570000457763671875e+02 2.039999961853027344e+02
3.625040054321289062e+02 6.575077819824218750e+02 2.045518112182617188e+02
3.622776031494140625e+02 6.579046630859375000e+02 2.049310874938964844e+02
3.625352478027343750e+02 6.575701141357421875e+02 2.039999961853027344e+02
3.626003646850585938e+02 6.577029418945312500e+02 2.029999923706054688e+02
3.629762268066406250e+02 6.570000457763671875e+02 2.029999923706054688e+02
3.633758544921875000e+02 6.562998962402343750e+02 2.029999923706054688e+02
3.631334686279296875e+02 6.570000457763671875e+02 2.019999885559082031e+02
3.634513473510742188e+02 6.564207458496093750e+02 2.019999885559082031e+02
3.634967041015625000e+02 6.564945983886718750e+02 2.014826202392578125e+02
3.637635421752929688e+02 6.559207153320312500e+02 2.019999885559082031e+02
3.638167572021484375e+02 6.560968017578125000e+02 2.010895729064941406e+02
3.642635726928710938e+02 6.551549530029296875e+02 2.019999885559082031e+02
3.636919403076171875e+02 6.557998657226562500e+02 2.029999923706054688e+02
3.641919326782226562e+02 6.550540161132812500e+02 2.029999923706054688e+02
3.636376571655273438e+02 6.557111358642578125e+02 2.039999961853027344e+02
3.633179855346679688e+02 6.562110900878906250e+02 2.039999961853027344e+02
3.641950607299804688e+02 6.549044799804687500e+02 2.039337539672851562e+02
3.636007690429687500e+02 6.556510925292968750e+02 2.050000000000000000e+02
3.640523529052734375e+02 6.550000000000000000e+02 2.050000000000000000e+02
3.635780715942382812e+02 6.556145477294921875e+02 2.059999847412109375e+02
3.640124130249023438e+02 6.550000000000000000e+02 2.059999847412109375e+02
3.635689544677734375e+02 6.555993652343750000e+02 2.069999885559082031e+02
3.640012741088867188e+02 6.550000000000000000e+02 2.069999885559082031e+02
3.644323348999023438e+02 6.544101715087890625e+02 2.069999885559082031e+02
3.644343185424804688e+02 6.544118499755859375e+02 2.059999847412109375e+02
3.644509124755859375e+02 6.544360351562500000e+02 2.079999923706054688e+02
3.648117828369140625e+02 6.539101409912109375e+02 2.069999885559082031e+02
3.653117752075195312e+02 6.532712554931640625e+02 2.069999885559082031e+02
3.648394393920898438e+02 6.539360809326171875e+02 2.079999923706054688e+02
3.648092269897460938e+02 6.539118957519531250e+02 2.059999847412109375e+02
3.648286056518554688e+02 6.539352416992187500e+02 2.050000000000000000e+02
3.653092193603515625e+02 6.532637023925781250e+02 2.059999847412109375e+02
3.653285980224609375e+02 6.532867431640625000e+02 2.050000000000000000e+02
3.657155990600585938e+02 6.527637481689453125e+02 2.059999847412109375e+02
3.657337570190429688e+02 6.527867126464843750e+02 2.050000000000000000e+02
3.657264709472656250e+02 6.527713012695312500e+02 2.069999885559082031e+02
3.657655334472656250e+02 6.528096008300781250e+02 2.079999923706054688e+02
3.653394317626953125e+02 6.533096313476562500e+02 2.079999923706054688e+02
3.657751083374023438e+02 6.528340911865234375e+02 2.039999961853027344e+02
3.662337493896484375e+02 6.522027587890625000e+02 2.050000000000000000e+02
3.653657913208007812e+02 6.533341217041015625e+02 2.039999961853027344e+02
3.654200363159179688e+02 6.534021759033203125e+02 2.029999923706054688e+02
3.647958374023437500e+02 6.540799713134765625e+02 2.039337539672851562e+02
3.649588394165039062e+02 6.540000152587890625e+02 2.029999923706054688e+02
3.645053100585937500e+02 6.545074462890625000e+02 2.035562705993652344e+02
3.644748687744140625e+02 6.544666290283203125e+02 2.042229461669921875e+02
3.644515991210937500e+02 6.544352722167968750e+02 2.050000000000000000e+02
3.645388412475585938e+02 6.545540618896484375e+02 2.029999923706054688e+02
3.646098327636718750e+02 6.546549224853515625e+02 2.019999885559082031e+02
3.646965789794921875e+02 6.547790527343750000e+02 2.009999847412109375e+02
3.643497467041015625e+02 6.552790069580078125e+02 2.009999847412109375e+02
3.647397613525390625e+02 6.550380706787109375e+02 1.999063873291015625e+02
3.644296264648437500e+02 6.553968048095703125e+02 2.001773262023925781e+02
3.649979782104492188e+02 6.550000000000000000e+02 1.989999961853027344e+02
3.645024490356445312e+02 6.555039215087890625e+02 1.995106697082519531e+02
3.645761871337890625e+02 6.556244659423828125e+02 1.989999961853027344e+02
3.641780471801757812e+02 6.559024047851562500e+02 1.999063873291015625e+02
3.642784881591796875e+02 6.561244964599609375e+02 1.989999961853027344e+02
3.636503219604492188e+02 6.567790222167968750e+02 2.000000000000000000e+02
3.635615921020507812e+02 6.566120910644531250e+02 2.008159446716308594e+02
3.643991088867187500e+02 6.563286590576171875e+02 1.982034111022949219e+02
3.646962356567382812e+02 6.559972381591796875e+02 1.979220390319824219e+02
3.645132064819335938e+02 6.565242767333984375e+02 1.975367546081542969e+02
3.652846908569335938e+02 6.549954223632812500e+02 1.980895996093750000e+02
3.653813934326171875e+02 6.553256988525390625e+02 1.972063827514648438e+02
3.656120681762695312e+02 6.546590423583984375e+02 1.978159904479980469e+02
3.654939651489257812e+02 6.544921112060546875e+02 1.984826660156250000e+02
3.654217910766601562e+02 6.543967437744140625e+02 1.989999961853027344e+02
3.660158920288085938e+02 6.540173339843750000e+02 1.980393791198730469e+02
3.662712478637695312e+02 6.541999053955078125e+02 1.969999885559082031e+02
3.665342330932617188e+02 6.535424804687500000e+02 1.975961112976074219e+02
3.664197540283203125e+02 6.534053802490234375e+02 1.982627677917480469e+02
3.668439865112304688e+02 6.530432128906250000e+02 1.979576683044433594e+02
3.672243118286132812e+02 6.529945373535156250e+02 1.970915031433105469e+02
3.674042892456054688e+02 6.524003601074218750e+02 1.979999923706054688e+02
3.674937438964843750e+02 6.524935150146484375e+02 1.974858283996582031e+02
3.679056167602539062e+02 6.519003295898437500e+02 1.979999923706054688e+02
3.680721282958984375e+02 6.520699310302734375e+02 1.971573066711425781e+02
3.684979248046875000e+02 6.514981079101562500e+02 1.974954605102539062e+02
3.683546066284179688e+02 6.523545837402343750e+02 1.959999847412109375e+02
3.676462936401367188e+02 6.526575469970703125e+02 1.968191719055175781e+02
3.686574935913085938e+02 6.516463470458984375e+02 1.968287849426269531e+02
3.621559524536132812e+02 6.580000305175781250e+02 2.059999847412109375e+02
3.632400512695312500e+02 6.561148834228515625e+02 2.079999923706054688e+02
3.616089630126953125e+02 6.597818756103515625e+02 2.109999847412109375e+02
3.614189147949218750e+02 6.602819061279296875e+02 2.109999847412109375e+02
3.615465545654296875e+02 6.596218872070312500e+02 2.100000000000000000e+02
3.611798858642578125e+02 6.610000610351562500e+02 2.109999847412109375e+02
3.614685821533203125e+02 6.604165649414062500e+02 2.116692733764648438e+02
3.610659027099609375e+02 6.610000610351562500e+02 2.100000000000000000e+02
3.643594741821289062e+02 6.572275543212890625e+02 1.969999885559082031e+02
3.695188140869140625e+02 6.515161895751953125e+02 1.955294990539550781e+02
3.693241500854492188e+02 6.513477325439453125e+02 1.961961555480957031e+02
3.734937286376953125e+02 6.494969177246093750e+02 1.944945907592773438e+02
3.739999771118164062e+02 6.493894958496093750e+02 1.943039321899414062e+02
3.746224212646484375e+02 6.495458221435546875e+02 1.935773086547851562e+02
3.752890777587890625e+02 6.494244384765625000e+02 1.933853721618652344e+02
3.759999847412109375e+02 6.493099212646484375e+02 1.932096481323242188e+02
3.769942855834960938e+02 6.492098999023437500e+02 1.929364776611328125e+02
3.773237991333007812e+02 6.494548034667968750e+02 1.924398994445800781e+02
3.770000076293945312e+02 6.486712646484375000e+02 1.938023567199707031e+02
3.766571426391601562e+02 6.495420837402343750e+02 1.925608253479003906e+02
3.779999923706054688e+02 6.485601043701171875e+02 1.936052131652832031e+02
3.809999847412109375e+02 6.467984771728515625e+02 1.969999885559082031e+02
3.800000000000000000e+02 6.468404388427734375e+02 1.969999885559082031e+02
3.789999771118164062e+02 6.469371795654296875e+02 1.969999885559082031e+02
3.779999923706054688e+02 6.470829772949218750e+02 1.969999885559082031e+02
3.779999923706054688e+02 6.468011474609375000e+02 1.979999923706054688e+02
3.769387817382812500e+02 6.473126220703125000e+02 1.969268035888671875e+02
3.779999923706054688e+02 6.473690032958984375e+02 1.961428451538085938e+02
3.772312927246093750e+02 6.474409484863281250e+02 1.963435554504394531e+02
3.770000076293945312e+02 6.469909667968750000e+02 1.979999923706054688e+02
3.765646362304687500e+02 6.475149536132812500e+02 1.965446853637695312e+02
3.759999847412109375e+02 6.474308013916015625e+02 1.972817039489746094e+02
3.754975891113281250e+02 6.474992370605468750e+02 1.974975776672363281e+02
3.759999847412109375e+02 6.472280883789062500e+02 1.979999923706054688e+02
3.759999847412109375e+02 6.475949096679687500e+02 1.967816925048828125e+02
3.750985336303710938e+02 6.477670288085937500e+02 1.970985412597656250e+02
3.739373397827148438e+02 6.482476043701171875e+02 1.969453430175781250e+02
3.747816848754882812e+02 6.475949096679687500e+02 1.979999923706054688e+02
3.739999771118164062e+02 6.478906250000000000e+02 1.979999923706054688e+02
3.745446777343750000e+02 6.475149536132812500e+02 1.985646438598632812e+02
3.752817153930664062e+02 6.474308013916015625e+02 1.979999923706054688e+02
3.749267959594726562e+02 6.473107910156250000e+02 1.989387702941894531e+02
3.743435668945312500e+02 6.474409484863281250e+02 1.992313003540039062e+02
3.750000000000000000e+02 6.470774078369140625e+02 2.000000000000000000e+02
3.759999847412109375e+02 6.469852447509765625e+02 1.989999961853027344e+02
3.770000076293945312e+02 6.467511749267578125e+02 1.989999961853027344e+02
3.741428375244140625e+02 6.473690032958984375e+02 2.000000000000000000e+02
3.736428451538085938e+02 6.475559997558593750e+02 2.000000000000000000e+02
3.739081573486328125e+02 6.472982788085937500e+02 2.009172439575195312e+02
3.733823776245117188e+02 6.474478149414062500e+02 2.011954116821289062e+02
3.739999771118164062e+02 6.471080780029296875e+02 2.019999885559082031e+02
3.735135650634765625e+02 6.475051879882812500e+02 2.005287551879882812e+02
3.730294036865234375e+02 6.476574707031250000e+02 2.009172439575195312e+02
3.729999923706054688e+02 6.478402709960937500e+02 2.000000000000000000e+02
3.720000076293945312e+02 6.481465911865234375e+02 2.009999847412109375e+02
3.727495574951171875e+02 6.476143646240234375e+02 2.019999885559082031e+02
3.732495498657226562e+02 6.473905181884765625e+02 2.019999885559082031e+02
3.720000076293945312e+02 6.479883575439453125e+02 2.019999885559082031e+02
3.712847137451171875e+02 6.483740234375000000e+02 2.019999885559082031e+02
3.714209365844726562e+02 6.484537506103515625e+02 2.009999847412109375e+02
3.711801528930664062e+02 6.483132171630859375e+02 2.029999923706054688e+02
3.707847213745117188e+02 6.486720275878906250e+02 2.019999885559082031e+02
3.709209442138671875e+02 6.487548828125000000e+02 2.009999847412109375e+02
3.706801605224609375e+02 6.486090850830078125e+02 2.029999923706054688e+02
3.699278259277343750e+02 6.492272949218750000e+02 2.020296859741210938e+02
3.700000000000000000e+02 6.490528869628906250e+02 2.029999923706054688e+02
3.694776153564453125e+02 6.494828033447265625e+02 2.023827934265136719e+02
3.694265365600585938e+02 6.494438934326171875e+02 2.029999923706054688e+02
3.689265441894531250e+02 6.498400878906250000e+02 2.029999923706054688e+02
3.700000000000000000e+02 6.489627075195312500e+02 2.039999961853027344e+02
3.710993576049804688e+02 6.488236236572265625e+02 2.000980949401855469e+02
3.709220123291015625e+02 6.491924285888671875e+02 1.989528656005859375e+02
3.714989471435546875e+02 6.484993743896484375e+02 2.004968261718750000e+02
3.716222381591796875e+02 6.485676574707031250e+02 1.998301696777343750e+02
3.719733428955078125e+02 6.483271026611328125e+02 2.000980949401855469e+02
3.717969512939453125e+02 6.486630249023437500e+02 1.989999961853027344e+02
3.722969436645507812e+02 6.483920288085937500e+02 1.989999961853027344e+02
3.729999923706054688e+02 6.480554962158203125e+02 1.989999961853027344e+02
3.724403762817382812e+02 6.484683990478515625e+02 1.983944702148437500e+02
3.729875183105468750e+02 6.483175659179687500e+02 1.980366706848144531e+02
3.740061187744140625e+02 6.476396942138671875e+02 1.989387702941894531e+02
3.684015274047851562e+02 6.504131317138671875e+02 2.019999885559082031e+02
3.679014968872070312e+02 6.508741760253906250e+02 2.019999885559082031e+02
3.674446487426757812e+02 6.514439392089843750e+02 2.012524223327636719e+02
3.663178253173828125e+02 6.523036956787109375e+02 2.089999961853027344e+02
3.656062698364257812e+02 6.536226654052734375e+02 2.119999885559082031e+02
3.651845169067382812e+02 6.541226959228515625e+02 2.119999885559082031e+02
3.657088851928710938e+02 6.537398529052734375e+02 2.129999923706054688e+02
3.652806854248046875e+02 6.542398834228515625e+02 2.129999923706054688e+02
3.647806930541992188e+02 6.548650360107421875e+02 2.129999923706054688e+02
3.646844863891601562e+02 6.547380065917968750e+02 2.119999885559082031e+02
3.643992233276367188e+02 6.553649902343750000e+02 2.129999923706054688e+02
3.643033599853515625e+02 6.552380371093750000e+02 2.119999885559082031e+02
3.644672393798828125e+02 6.554559326171875000e+02 2.136323356628417969e+02
3.645521163940429688e+02 6.555725860595703125e+02 2.142989921569824219e+02
3.666659164428710938e+02 6.536786651611328125e+02 2.159999847412109375e+02
3.736468887329101562e+02 6.475525665283203125e+02 2.109999847412109375e+02
3.687520599365234375e+02 6.517070007324218750e+02 2.159999847412109375e+02
3.679518127441406250e+02 6.549524688720703125e+02 2.200519943237304688e+02
3.673212432861328125e+02 6.552956390380859375e+02 2.197160339355468750e+02
3.666545867919921875e+02 6.556926727294921875e+02 2.192742538452148438e+02
3.664311981201171875e+02 6.554157257080078125e+02 2.186075782775878906e+02
3.759999847412109375e+02 6.484280395507812500e+02 2.166505622863769531e+02
3.800000000000000000e+02 6.470825958251953125e+02 2.139999961853027344e+02
3.800000000000000000e+02 6.467822265625000000e+02 2.129999923706054688e+02
3.837112045288085938e+02 6.464770507812500000e+02 1.984211349487304688e+02
3.867296218872070312e+02 6.494111633300781250e+02 1.933664131164550781e+02
3.750694274902343750e+02 6.630295562744140625e+02 1.856401634216308594e+02
3.754490280151367188e+02 6.633825683593750000e+02 1.854855918884277344e+02
3.756069183349609375e+02 6.627159118652343750e+02 1.855275535583496094e+02
3.759641265869140625e+02 6.630295562744140625e+02 1.853986358642578125e+02
3.628423309326171875e+02 6.710000610351562500e+02 1.959999847412109375e+02
3.625511169433593750e+02 6.710000610351562500e+02 1.966152381896972656e+02
3.622996520996093750e+02 6.710000610351562500e+02 1.971152496337890625e+02
3.625131607055664062e+02 6.703741455078125000e+02 1.965297508239746094e+02
3.626279067993164062e+02 6.720000457763671875e+02 1.967856216430664062e+02
3.622824859619140625e+02 6.700244903564453125e+02 1.969178581237792969e+02
3.621525955200195312e+02 6.690000152587890625e+02 1.969999885559082031e+02
3.624744033813476562e+02 6.697074890136718750e+02 1.964539527893066406e+02
3.621007919311523438e+02 6.680000305175781250e+02 1.969999885559082031e+02
3.616799163818359375e+02 6.689374542236328125e+02 1.980940055847167969e+02
3.616915893554687500e+02 6.680000305175781250e+02 1.979685020446777344e+02
3.614945602416992188e+02 6.685624694824218750e+02 1.984900283813476562e+02
3.614836883544921875e+02 6.680000305175781250e+02 1.984684944152832031e+02
3.614791488647460938e+02 6.670000457763671875e+02 1.984580612182617188e+02
3.644074249267578125e+02 6.740000152587890625e+02 1.943536758422851562e+02
3.642994689941406250e+02 6.749275970458984375e+02 1.949979209899902344e+02
3.644839859008789062e+02 6.745460510253906250e+02 1.944754409790039062e+02
3.648867797851562500e+02 6.749275970458984375e+02 1.940852546691894531e+02
3.684374237060546875e+02 6.756108856201171875e+02 1.904486274719238281e+02
3.686349105834960938e+02 6.762776184082031250e+02 1.906089019775390625e+02
3.721323776245117188e+02 6.660000610351562500e+02 1.863470840454101562e+02
3.716323852539062500e+02 6.670000457763671875e+02 1.865579223632812500e+02
3.721865081787109375e+02 6.650000000000000000e+02 1.863697433471679688e+02
3.809999847412109375e+02 6.650000000000000000e+02 1.844054031372070312e+02
3.800000000000000000e+02 6.700000000000000000e+02 1.847165298461914062e+02
3.789999771118164062e+02 6.700000000000000000e+02 1.848414802551269531e+02
3.800000000000000000e+02 6.710000610351562500e+02 1.848808860778808594e+02
3.789999771118164062e+02 6.710000610351562500e+02 1.849968338012695312e+02
3.789999771118164062e+02 6.690000152587890625e+02 1.847165298461914062e+02
3.779999923706054688e+02 6.700000000000000000e+02 1.849968338012695312e+02
3.779999923706054688e+02 6.690000152587890625e+02 1.848808860778808594e+02
3.770000076293945312e+02 6.690000152587890625e+02 1.850769805908203125e+02
3.739999771118164062e+02 6.777651977539062500e+02 1.883732414245605469e+02
3.739081954956054688e+02 6.790946197509765625e+02 1.891204071044921875e+02
3.745492553710937500e+02 6.784680938720703125e+02 1.885160636901855469e+02
3.735136795043945312e+02 6.794909667968750000e+02 1.895056343078613281e+02
3.765592193603515625e+02 6.854827117919921875e+02 1.935228919982910156e+02
3.748246765136718750e+02 6.863847351074218750e+02 1.957069587707519531e+02
3.820000076293945312e+02 6.772322082519531250e+02 1.866201591491699219e+02
3.829999923706054688e+02 6.780000305175781250e+02 1.869785118103027344e+02
3.829999923706054688e+02 6.772263336181640625e+02 1.866223907470703125e+02
3.829999923706054688e+02 6.767263793945312500e+02 1.864025306701660156e+02
3.820000076293945312e+02 6.767321777343750000e+02 1.863997650146484375e+02
3.829999923706054688e+02 6.760000610351562500e+02 1.861434173583984375e+02
3.839999771118164062e+02 6.766559600830078125e+02 1.864325904846191406e+02
3.839999771118164062e+02 6.760000610351562500e+02 1.861974143981933594e+02
3.839999771118164062e+02 6.750000000000000000e+02 1.858467483520507812e+02
3.850488281250000000e+02 6.760823059082031250e+02 1.863278388977050781e+02
3.850000000000000000e+02 6.750000000000000000e+02 1.859358024597167969e+02
3.850000000000000000e+02 6.740934753417968750e+02 1.856275177001953125e+02
3.850000000000000000e+02 6.735935211181640625e+02 1.854717826843261719e+02
3.859129714965820312e+02 6.739059448242187500e+02 1.856783485412597656e+02
3.839999771118164062e+02 6.742346954345703125e+02 1.855819320678710938e+02
3.829999923706054688e+02 6.743116760253906250e+02 1.855566215515136719e+02
3.839999771118164062e+02 6.737346649169921875e+02 1.854301261901855469e+02
3.829999923706054688e+02 6.738117218017578125e+02 1.854097747802734375e+02
3.839999771118164062e+02 6.730000305175781250e+02 1.852192687988281250e+02
3.850000000000000000e+02 6.730000305175781250e+02 1.853020477294921875e+02
3.859129714965820312e+02 6.730073547363281250e+02 1.854093933105468750e+02
3.859999847412109375e+02 6.720000457763671875e+02 1.851590156555175781e+02
3.855215835571289062e+02 6.735098266601562500e+02 1.854969596862792969e+02
3.861882781982421875e+02 6.733455657958984375e+02 1.855453109741210938e+02
3.867776489257812500e+02 6.726789093017578125e+02 1.854494476318359375e+02
3.870665740966796875e+02 6.730073547363281250e+02 1.855975151062011719e+02
3.870665740966796875e+02 6.720746612548828125e+02 1.853501129150390625e+02
3.870000076293945312e+02 6.710000610351562500e+02 1.851122665405273438e+02
3.877715682983398438e+02 6.717910766601562500e+02 1.854302978515625000e+02
3.874443435668945312e+02 6.724577331542968750e+02 1.855105972290039062e+02
3.880629348754882812e+02 6.720746612548828125e+02 1.855722236633300781e+02
3.884382247924804688e+02 6.714083862304687500e+02 1.855166244506835938e+02
3.880629348754882812e+02 6.710450744628906250e+02 1.853557205200195312e+02
3.879999923706054688e+02 6.700000000000000000e+02 1.851801872253417969e+02
3.886428070068359375e+02 6.707417297363281250e+02 1.854580497741699219e+02
3.870000076293945312e+02 6.700000000000000000e+02 1.849574470520019531e+02
3.820000076293945312e+02 6.738072204589843750e+02 1.854121589660644531e+02
3.820000076293945312e+02 6.743072509765625000e+02 1.855571556091308594e+02
3.820000076293945312e+02 6.750000000000000000e+02 1.857950401306152344e+02
3.809999847412109375e+02 6.742362213134765625e+02 1.855787086486816406e+02
3.809999847412109375e+02 6.750000000000000000e+02 1.858324432373046875e+02
3.809999847412109375e+02 6.760000610351562500e+02 1.861761283874511719e+02
3.800000000000000000e+02 6.760000610351562500e+02 1.862569808959960938e+02
3.809999847412109375e+02 6.766780853271484375e+02 1.864223861694335938e+02
3.820000076293945312e+02 6.760000610351562500e+02 1.861376571655273438e+02
3.800000000000000000e+02 6.765762329101562500e+02 1.864667129516601562e+02
3.809999847412109375e+02 6.771781158447265625e+02 1.866450691223144531e+02
3.800000000000000000e+02 6.770761871337890625e+02 1.866891479492187500e+02
3.790874862670898438e+02 6.769043731689453125e+02 1.867323112487792969e+02
3.794791412353515625e+02 6.765072631835937500e+02 1.864968490600585938e+02
3.789704895019531250e+02 6.780780792236328125e+02 1.872840499877929688e+02
3.829999923706054688e+02 6.750000000000000000e+02 1.857975006103515625e+02
3.850000000000000000e+02 6.596842193603515625e+02 1.855557250976562500e+02
3.820000076293945312e+02 6.593415832519531250e+02 1.854498481750488281e+02
3.809999847412109375e+02 6.593830871582031250e+02 1.854637336730957031e+02
3.799593734741210938e+02 6.599144744873046875e+02 1.853734970092773438e+02
3.789999771118164062e+02 6.601332855224609375e+02 1.854012870788574219e+02
3.909281921386718750e+02 6.560648345947265625e+02 1.893178367614746094e+02
3.899893188476562500e+02 6.560210418701171875e+02 1.888135147094726562e+02
3.905469894409179688e+02 6.554568481445312500e+02 1.894702911376953125e+02
3.900000000000000000e+02 6.552254486083984375e+02 1.893183517456054688e+02
3.900000000000000000e+02 6.547254943847656250e+02 1.896633911132812500e+02
3.894861602783203125e+02 6.545104217529296875e+02 1.895074081420898438e+02
3.899607849121093750e+02 6.540091705322265625e+02 1.901919364929199219e+02
3.896012878417968750e+02 6.534260559082031250e+02 1.904353904724121094e+02
3.902679824829101562e+02 6.536819458007812500e+02 1.906598472595214844e+02
3.906786346435546875e+02 6.543486022949218750e+02 1.903771018981933594e+02
3.890916824340820312e+02 6.539690399169921875e+02 1.897187614440917969e+02
3.883171463012695312e+02 6.536150360107421875e+02 1.895884513854980469e+02
3.889999771118164062e+02 6.532295227050781250e+02 1.902678871154785156e+02
3.888195037841796875e+02 6.542816925048828125e+02 1.893426895141601562e+02
3.879902648925781250e+02 6.539690399169921875e+02 1.891853141784667969e+02
3.876504898071289062e+02 6.534145355224609375e+02 1.894319534301757812e+02
3.880356597900390625e+02 6.529805755615234375e+02 1.899813842773437500e+02
3.870000076293945312e+02 6.532538604736328125e+02 1.893064880371093750e+02
3.870000076293945312e+02 6.527539062500000000e+02 1.897117614746093750e+02
3.859634399414062500e+02 6.529544067382812500e+02 1.891921997070312500e+02
3.884208297729492188e+02 6.525466156005859375e+02 1.905431747436523438e+02
3.877541732788085938e+02 6.523643493652343750e+02 1.903743171691894531e+02
3.889999771118164062e+02 6.527294921875000000e+02 1.907148551940917969e+02
3.889999771118164062e+02 6.522211456298828125e+02 1.912148666381835938e+02
3.899478912353515625e+02 6.530391693115234375e+02 1.910349082946777344e+02
3.902944946289062500e+02 6.526522064208984375e+02 1.916608810424804688e+02
3.907249069213867188e+02 6.533188629150390625e+02 1.913265228271484375e+02
3.896278381347656250e+02 6.524125671386718750e+02 1.914099502563476562e+02
3.899319839477539062e+02 6.520475006103515625e+02 1.920532608032226562e+02
3.889999771118164062e+02 6.517211914062500000e+02 1.917498779296875000e+02
3.895694732666015625e+02 6.514551544189453125e+02 1.924456596374511719e+02
3.906967926025390625e+02 6.523490142822265625e+02 1.923275375366210938e+02
3.902361297607421875e+02 6.516823577880859375e+02 1.927295303344726562e+02
3.909848022460937500e+02 6.520124816894531250e+02 1.930145263671875000e+02
3.899416732788085938e+02 6.512530517578125000e+02 1.930377006530761719e+02
3.900593185424804688e+02 6.507063293457031250e+02 1.939406776428222656e+02
3.906061172485351562e+02 6.514225769042968750e+02 1.933961868286132812e+02
3.913634872436523438e+02 6.526120758056640625e+02 1.926328659057617188e+02
3.910441970825195312e+02 6.529654693603515625e+02 1.919606399536132812e+02
3.850000000000000000e+02 6.523690032958984375e+02 1.893906593322753906e+02
3.839999771118164062e+02 6.522492980957031250e+02 1.892926979064941406e+02
3.885022354125976562e+02 6.484989166259765625e+02 1.964975166320800781e+02
3.884752655029296875e+02 6.475108337402343750e+02 1.995520973205566406e+02
3.886110687255859375e+02 6.474444580078125000e+02 2.002187728881835938e+02
3.928108596801757812e+02 6.502371215820312500e+02 2.000000000000000000e+02
3.933108901977539062e+02 6.506647491455078125e+02 2.000000000000000000e+02
3.938633728027343750e+02 6.511647033691406250e+02 2.000000000000000000e+02
3.677846145629882812e+02 6.600000000000000000e+02 2.232742118835449219e+02
3.684362030029296875e+02 6.593903350830078125e+02 2.235487365722656250e+02
3.682846069335937500e+02 6.600000000000000000e+02 2.236626815795898438e+02
3.679659652709960938e+02 6.610732269287109375e+02 2.237663650512695312e+02
3.690494537353515625e+02 6.600056457519531250e+02 2.241921615600585938e+02
3.687660217285156250e+02 6.610000610351562500e+02 2.243232345581054688e+02
3.694157791137695312e+02 6.603426361083984375e+02 2.245537948608398438e+02
3.674842834472656250e+02 6.614553070068359375e+02 2.235129356384277344e+02
3.676099395751953125e+02 6.607886505126953125e+02 2.234132575988769531e+02
3.670175933837890625e+02 6.610490417480468750e+02 2.229865455627441406e+02
3.671868515014648438e+02 6.600000000000000000e+02 2.227742195129394531e+02
3.664370346069335938e+02 6.613093566894531250e+02 2.225598144531250000e+02
3.665509033203125000e+02 6.606427001953125000e+02 2.224519729614257812e+02
3.669050216674804688e+02 6.620000457763671875e+02 2.231528663635253906e+02
3.674050521850585938e+02 6.620000457763671875e+02 2.235774421691894531e+02
3.667858505249023438e+02 6.630000305175781250e+02 2.232575225830078125e+02
3.672858428955078125e+02 6.630000305175781250e+02 2.236739921569824219e+02
3.661857223510742188e+02 6.600000000000000000e+02 2.218228340148925781e+02
3.655555343627929688e+02 6.606679534912109375e+02 2.214364051818847656e+02
3.684409332275390625e+02 6.845506286621093750e+02 1.993738174438476562e+02
3.689633560180664062e+02 6.848206329345703125e+02 1.990242958068847656e+02
3.686056137084960938e+02 6.844116973876953125e+02 1.987071609497070312e+02
3.693173980712890625e+02 6.846422576904296875e+02 1.979999923706054688e+02
3.697031021118164062e+02 6.853628540039062500e+02 1.989999961853027344e+02
3.682446289062500000e+02 6.837341308593750000e+02 1.979999923706054688e+02
3.698725128173828125e+02 6.862607574462890625e+02 2.019999885559082031e+02
3.703979110717773438e+02 6.855661773681640625e+02 1.983570861816406250e+02
3.663106536865234375e+02 6.826773834228515625e+02 2.129999923706054688e+02
3.658106231689453125e+02 6.821916961669921875e+02 2.129999923706054688e+02
3.664361572265625000e+02 6.825601959228515625e+02 2.136432647705078125e+02
3.653191757202148438e+02 6.816916656494140625e+02 2.129999923706054688e+02
3.655634307861328125e+02 6.660000610351562500e+02 2.224367332458496094e+02
3.696532058715820312e+02 6.640000152587890625e+02 2.254141235351562500e+02
3.689999771118164062e+02 6.650000000000000000e+02 2.250998306274414062e+02
3.701531982421875000e+02 6.640000152587890625e+02 2.256868934631347656e+02
3.702648162841796875e+02 6.630000305175781250e+02 2.256266593933105469e+02
3.936465072631835938e+02 6.523597717285156250e+02 1.959999847412109375e+02
3.943553924560546875e+02 6.526478576660156250e+02 1.968222427368164062e+02
3.945047378540039062e+02 6.524951934814453125e+02 1.974888992309570312e+02
3.933667755126953125e+02 6.516190338134765625e+02 1.969999885559082031e+02
3.929973602294921875e+02 6.518063354492187500e+02 1.959342575073242188e+02
3.926623153686523438e+02 6.513613128662109375e+02 1.962237739562988281e+02
3.924635696411132812e+02 6.515308380126953125e+02 1.955570983886718750e+02
3.941464996337890625e+02 6.528587341308593750e+02 1.959999847412109375e+02
3.946308517456054688e+02 6.533586883544921875e+02 1.959999847412109375e+02
3.938994598388671875e+02 6.531016540527343750e+02 1.951590538024902344e+02
3.935065841674804688e+02 6.524936676025390625e+02 1.954894256591796875e+02
3.942923355102539062e+02 6.537222290039062500e+02 1.948286628723144531e+02
3.945027542114257812e+02 6.534970855712890625e+02 1.954953193664550781e+02
3.947368621826171875e+02 6.540333557128906250e+02 1.950971984863281250e+02
3.939953613281250000e+02 6.540051269531250000e+02 1.940051841735839844e+02
3.922625732421875000e+02 6.506860351562500000e+02 1.969999885559082031e+02
3.967855072021484375e+02 6.549600982666015625e+02 1.980417060852050781e+02
3.965303802490234375e+02 6.544623565673828125e+02 1.984028434753417969e+02
3.966030502319335938e+02 6.543713378906250000e+02 1.989999961853027344e+02
3.906511688232421875e+02 6.493962860107421875e+02 2.107815170288085938e+02
3.913355636596679688e+02 6.496174621582031250e+02 2.100000000000000000e+02
3.945648956298828125e+02 6.524297332763671875e+02 2.097242927551269531e+02
3.880330657958984375e+02 6.502009582519531250e+02 2.160387420654296875e+02
3.643787384033203125e+02 6.730000305175781250e+02 2.196522140502929688e+02
3.752885055541992188e+02 6.650000000000000000e+02 2.275453758239746094e+02
3.674588012695312500e+02 6.735771179199218750e+02 2.225345039367675781e+02
3.665929031372070312e+02 6.824133300781250000e+02 2.143099403381347656e+02
3.677292633056640625e+02 6.782089996337890625e+02 2.202982330322265625e+02
3.683959579467773438e+02 6.786228179931640625e+02 2.205854415893554688e+02
3.687084197998046875e+02 6.792894744873046875e+02 2.203438758850097656e+02
3.674691009521484375e+02 6.775423431396484375e+02 2.205278968811035156e+02
3.693035888671875000e+02 6.846266937255859375e+02 2.139999961853027344e+02
3.698422622680664062e+02 6.853002929687500000e+02 2.129999923706054688e+02
3.704903793334960938e+02 6.855054473876953125e+02 2.135143661499023438e+02
3.703422927856445312e+02 6.855906677246093750e+02 2.129999923706054688e+02
3.699795913696289062e+02 6.857031250000000000e+02 2.119330215454101562e+02
3.709999847412109375e+02 6.859284973144531250e+02 2.129999923706054688e+02
3.710449981689453125e+02 6.862638854980468750e+02 2.119977951049804688e+02
3.707538223266601562e+02 6.863664245605468750e+02 2.109999847412109375e+02
3.714083480834960938e+02 6.865464019775390625e+02 2.116629981994628906e+02
3.716080474853515625e+02 6.864498138427734375e+02 2.123296737670898438e+02
3.712538146972656250e+02 6.866276550292968750e+02 2.109999847412109375e+02
3.694760513305664062e+02 6.855152130126953125e+02 2.115550422668457031e+02
3.696326446533203125e+02 6.854203033447265625e+02 2.122216987609863281e+02
3.689634704589843750e+02 6.847638702392578125e+02 2.129727363586425781e+02
3.684456634521484375e+02 6.845394897460937500e+02 2.126212310791015625e+02
3.686058044433593750e+02 6.844284820556640625e+02 2.132879066467285156e+02
3.744242858886718750e+02 6.875294494628906250e+02 1.984264564514160156e+02
3.750974655151367188e+02 6.875979614257812500e+02 1.980558776855468750e+02
3.745801544189453125e+02 6.884745025634765625e+02 2.016460418701171875e+02
3.759999847412109375e+02 6.865752410888671875e+02 2.156322479248046875e+02
3.754475784301757812e+02 6.865139770507812500e+02 2.155247306823730469e+02
3.747809219360351562e+02 6.864232635498046875e+02 2.153465270996093750e+02
3.733107376098632812e+02 6.845687866210937500e+02 2.175917625427246094e+02
3.739999771118164062e+02 6.813656616210937500e+02 2.213807868957519531e+02
3.730423355102539062e+02 6.769394683837890625e+02 2.241842651367187500e+02
3.734039306640625000e+02 6.765657806396484375e+02 2.245368576049804688e+02
3.727372741699218750e+02 6.763182830810546875e+02 2.244057083129882812e+02
3.719962692260742188e+02 6.759909820556640625e+02 2.242558288574218750e+02
3.730423355102539062e+02 6.759909820556640625e+02 2.246907806396484375e+02
3.730665206909179688e+02 6.749294281005859375e+02 2.252025032043457031e+02
3.739999771118164062e+02 6.760000610351562500e+02 2.250303459167480469e+02
3.723271560668945312e+02 6.756516265869140625e+02 2.245760536193847656e+02
3.739999771118164062e+02 6.752608489990234375e+02 2.253919982910156250e+02
3.739999771118164062e+02 6.747608184814453125e+02 2.256125450134277344e+02
3.745539855957031250e+02 6.754654693603515625e+02 2.254842948913574219e+02
3.749324035644531250e+02 6.750792694091796875e+02 2.257554817199707031e+02
3.752206420898437500e+02 6.756513977050781250e+02 2.255769729614257812e+02
3.750675201416015625e+02 6.739229583740234375e+02 2.262637710571289062e+02
3.759999847412109375e+02 6.741928863525390625e+02 2.263831329345703125e+02
3.839999771118164062e+02 6.563159179687500000e+02 2.246217346191406250e+02
3.839999771118164062e+02 6.558158874511718750e+02 2.242824554443359375e+02
3.850000000000000000e+02 6.553127288818359375e+02 2.236411094665527344e+02
3.933826446533203125e+02 6.526135253906250000e+02 2.132519721984863281e+02
3.939571380615234375e+02 6.530457305908203125e+02 2.129002189636230469e+02
3.943769836425781250e+02 6.536375427246093750e+02 2.132151222229003906e+02
3.945197677612304688e+02 6.534780120849609375e+02 2.125484657287597656e+02
3.984452819824218750e+02 6.565869903564453125e+02 2.059999847412109375e+02
3.985942077636718750e+02 6.573408508300781250e+02 1.989999961853027344e+02
3.893193435668945312e+02 6.700000000000000000e+02 1.855550193786621094e+02
3.994374084472656250e+02 6.710000610351562500e+02 1.936072540283203125e+02
3.940287399291992188e+02 6.760979461669921875e+02 1.897040939331054688e+02
3.946028137207031250e+02 6.766521453857421875e+02 1.904154205322265625e+02
3.940183258056640625e+02 6.769912719726562500e+02 1.901626205444335938e+02
3.929603958129882812e+02 6.730138397216796875e+02 1.877561950683593750e+02
3.926006698608398438e+02 6.726896667480468750e+02 1.874423408508300781e+02
3.924124145507812500e+02 6.733563232421875000e+02 1.875458717346191406e+02
3.932563018798828125e+02 6.720000457763671875e+02 1.876442909240722656e+02
3.927563095092773438e+02 6.720000457763671875e+02 1.873552894592285156e+02
3.920000076293945312e+02 6.720000457763671875e+02 1.869683265686035156e+02
3.920474243164062500e+02 6.730138397216796875e+02 1.872594070434570312e+02
3.912320709228515625e+02 6.720000457763671875e+02 1.866130447387695312e+02
3.909402465820312500e+02 6.729589843750000000e+02 1.867348098754882812e+02
3.909999847412109375e+02 6.740000152587890625e+02 1.870869827270507812e+02
3.899897384643554688e+02 6.739974975585937500e+02 1.866829872131347656e+02
3.916959381103515625e+02 6.740000152587890625e+02 1.874022102355957031e+02
3.900000000000000000e+02 6.750000000000000000e+02 1.870442199707031250e+02
3.889864349365234375e+02 6.749706268310546875e+02 1.866936874389648438e+02
3.899195480346679688e+02 6.759397125244140625e+02 1.873858642578125000e+02
3.850000000000000000e+02 6.822264862060546875e+02 1.897092819213867188e+02
3.972831726074218750e+02 6.760000610351562500e+02 1.927796554565429688e+02
3.978675460815429688e+02 6.750241851806640625e+02 1.929463005065917969e+02
3.983892440795898438e+02 6.750000000000000000e+02 1.936724662780761719e+02
3.976616668701171875e+02 6.760000610351562500e+02 1.932796478271484375e+02
4.005630874633789062e+02 6.613156890869140625e+02 2.000000000000000000e+02
4.004538345336914062e+02 6.606297302246093750e+02 2.008159637451171875e+02
3.885381317138671875e+02 6.644246673583984375e+02 2.265166854858398438e+02
3.889228820800781250e+02 6.640547943115234375e+02 2.262580490112304688e+02
3.809999847412109375e+02 6.740000152587890625e+02 2.269125175476074219e+02
3.800000000000000000e+02 6.747724914550781250e+02 2.266189956665039062e+02
3.963359832763671875e+02 6.630000305175781250e+02 2.202732658386230469e+02
3.956467056274414062e+02 6.620000457763671875e+02 2.206783103942871094e+02
3.955299758911132812e+02 6.614392089843750000e+02 2.205356597900390625e+02
3.961829376220703125e+02 6.619863128662109375e+02 2.199615669250488281e+02
3.957574081420898438e+02 6.610635375976562500e+02 2.199962806701660156e+02
3.956231307983398438e+02 6.602700042724609375e+02 2.196604728698730469e+02
3.953602600097656250e+02 6.607725524902343750e+02 2.203271484375000000e+02
3.951847457885742188e+02 6.599620056152343750e+02 2.199962806701660156e+02
3.946500015258789062e+02 6.600000000000000000e+02 2.206668472290039062e+02
3.945064163208007812e+02 6.594900512695312500e+02 2.205071640014648438e+02
3.938970947265625000e+02 6.591511535644531250e+02 2.208949851989746094e+02
3.932646179199218750e+02 6.588121795654296875e+02 2.212828254699707031e+02
3.929753875732421875e+02 6.580309295654296875e+02 2.209781646728515625e+02
3.923141098022460938e+02 6.577137756347656250e+02 2.213401985168457031e+02
3.926861953735351562e+02 6.572804260253906250e+02 2.206735229492187500e+02
3.925979614257812500e+02 6.583804321289062500e+02 2.215833473205566406e+02
3.920227813720703125e+02 6.569765472412109375e+02 2.210200881958007812e+02
3.916474533081054688e+02 6.573393249511718750e+02 2.216169357299804688e+02
3.913251495361328125e+02 6.566726684570312500e+02 2.213666343688964844e+02
3.910323715209960938e+02 6.559702301025390625e+02 2.210243034362792969e+02
3.906584548950195312e+02 6.563525390625000000e+02 2.216126251220703125e+02
3.922394561767578125e+02 6.740000152587890625e+02 2.233194732666015625e+02
3.857807540893554688e+02 6.756539916992187500e+02 2.255799102783203125e+02
3.850000000000000000e+02 6.763410186767578125e+02 2.254146194458007812e+02
3.852230453491210938e+02 6.793964385986328125e+02 2.234246826171875000e+02
3.886468505859375000e+02 6.756231689453125000e+02 2.245661926269531250e+02
3.882188034057617188e+02 6.762898254394531250e+02 2.243826103210449219e+02
3.860388946533203125e+02 6.820139312744140625e+02 2.210120582580566406e+02
3.864093780517578125e+02 6.824659729003906250e+02 2.204669189453125000e+02
3.857427215576171875e+02 6.825826263427734375e+02 2.205818176269531250e+02
3.870000076293945312e+02 6.818385314941406250e+02 2.208111000061035156e+02
3.850000000000000000e+02 6.821694946289062500e+02 2.211924743652343750e+02
3.839999771118164062e+02 6.822989654541015625e+02 2.213109016418457031e+02
3.850000000000000000e+02 6.826939392089843750e+02 2.206924629211425781e+02
3.850000000000000000e+02 6.831938934326171875e+02 2.201782417297363281e+02
3.839999771118164062e+02 6.828118133544921875e+02 2.208109092712402344e+02
3.829999923706054688e+02 6.828954315185546875e+02 2.208970260620117188e+02
3.839999771118164062e+02 6.833117675781250000e+02 2.203014373779296875e+02
3.839999771118164062e+02 6.837744140625000000e+02 2.198014450073242188e+02
3.829999923706054688e+02 6.833954620361328125e+02 2.203895759582519531e+02
3.829999923706054688e+02 6.838529205322265625e+02 2.198895835876464844e+02
3.839999771118164062e+02 6.842744445800781250e+02 2.192392730712890625e+02
3.850000000000000000e+02 6.836632537841796875e+02 2.196782302856445312e+02
3.820000076293945312e+02 6.829585266113281250e+02 2.209625816345214844e+02
3.829999923706054688e+02 6.823916625976562500e+02 2.213970375061035156e+02
3.870000076293945312e+02 6.823384857177734375e+02 2.203451538085937500e+02
3.839999771118164062e+02 6.864377593994140625e+02 2.164017295837402344e+02
3.812654495239257812e+02 6.885075378417968750e+02 1.974820899963378906e+02
3.850000000000000000e+02 6.876540374755859375e+02 1.961952018737792969e+02
3.860963821411132812e+02 6.877580261230468750e+02 1.969018554687500000e+02
3.864939498901367188e+02 6.874986267089843750e+02 1.965030860900878906e+02
3.858272933959960938e+02 6.875722503662109375e+02 1.963575553894042969e+02
3.850000000000000000e+02 6.873974609375000000e+02 1.956952095031738281e+02
3.831746292114257812e+02 6.894874572753906250e+02 2.016046333312988281e+02
3.900000000000000000e+02 6.878680419921875000e+02 2.019999885559082031e+02
3.889999771118164062e+02 6.881439208984375000e+02 2.009999847412109375e+02
3.889999771118164062e+02 6.879341888427734375e+02 2.000000000000000000e+02
3.900578308105468750e+02 6.876923370361328125e+02 2.010111045837402344e+02
3.904297256469726562e+02 6.874666595458984375e+02 2.006851577758789062e+02
3.897637176513671875e+02 6.876198577880859375e+02 2.000000000000000000e+02
3.905500030517578125e+02 6.875256347656250000e+02 2.013518333435058594e+02
3.895885467529296875e+02 6.875402069091796875e+02 1.993614387512207031e+02
3.890110778808593750e+02 6.876667022705078125e+02 1.990168571472167969e+02
3.893518066406250000e+02 6.874414062500000000e+02 1.986947822570800781e+02
3.879531097412109375e+02 6.883159637451171875e+02 2.000332832336425781e+02
3.904977416992187500e+02 6.854988861083984375e+02 1.955019950866699219e+02
3.908313369750976562e+02 6.856768035888671875e+02 1.961686515808105469e+02
3.910987854003906250e+02 6.853878784179687500e+02 1.959011840820312500e+02
3.910320281982421875e+02 6.848612976074218750e+02 1.949589920043945312e+02
3.914979934692382812e+02 6.854988861083984375e+02 1.965023612976074219e+02
3.920410156250000000e+02 6.848612976074218750e+02 1.959679603576660156e+02
3.924016571044921875e+02 6.844334411621093750e+02 1.956132698059082031e+02
3.917350006103515625e+02 6.846487426757812500e+02 1.952649688720703125e+02
3.920463180541992188e+02 6.853378295898437500e+02 1.969014167785644531e+02
3.926662826538085938e+02 6.846212768554687500e+02 1.962799453735351562e+02
3.929997634887695312e+02 6.847596740722656250e+02 1.970554733276367188e+02
3.933329391479492188e+02 6.843714904785156250e+02 1.967591094970703125e+02
3.929614639282226562e+02 6.851867675781250000e+02 1.979868888854980469e+02
3.935432434082031250e+02 6.845352935791015625e+02 1.974257850646972656e+02
3.936872863769531250e+02 6.846512603759765625e+02 1.979999923706054688e+02
3.939748382568359375e+02 6.839778900146484375e+02 1.970443534851074219e+02
3.944064331054687500e+02 6.834135437011718750e+02 1.966629219055175781e+02
3.936918258666992188e+02 6.836637878417968750e+02 1.959999847412109375e+02
3.941872787475585938e+02 6.842320251464843750e+02 1.979999923706054688e+02
3.945895385742187500e+02 6.835843658447265625e+02 1.973295783996582031e+02
3.947466659545898438e+02 6.837319946289062500e+02 1.979999923706054688e+02
3.950015258789062500e+02 6.830015563964843750e+02 1.969962501525878906e+02
3.947195434570312500e+02 6.827191162109375000e+02 1.959999847412109375e+02
3.952466964721679688e+02 6.832466888427734375e+02 1.979999923706054688e+02
3.949626541137695312e+02 6.839662933349609375e+02 1.990903663635253906e+02
3.943730926513671875e+02 6.843917083740234375e+02 1.987860488891601562e+02
3.945193099975585938e+02 6.845171356201171875e+02 1.994527053833007812e+02
3.951034164428710938e+02 6.841307830810546875e+02 2.000000000000000000e+02
3.946033859252929688e+02 6.845917510986328125e+02 2.000000000000000000e+02
3.939260482788085938e+02 6.851423645019531250e+02 2.000205993652343750e+02
3.940238571166992188e+02 6.847790527343750000e+02 1.990716171264648438e+02
3.935433959960937500e+02 6.855327606201171875e+02 2.003676605224609375e+02
3.934273910522460938e+02 6.854482269287109375e+02 1.997009849548339844e+02
3.932723617553710938e+02 6.853359985351562500e+02 1.989999961853027344e+02
3.930564498901367188e+02 6.857823181152343750e+02 2.000205993652343750e+02
3.927723693847656250e+02 6.856873321533203125e+02 1.989999961853027344e+02
3.926024246215820312e+02 6.855715179443359375e+02 1.983114814758300781e+02
3.919473648071289062e+02 6.862148284912109375e+02 1.990090942382812500e+02
3.924105453491210938e+02 6.854428863525390625e+02 1.976448249816894531e+02
3.917438888549804688e+02 6.856484985351562500e+02 1.971690368652343750e+02
3.850000000000000000e+02 6.866480255126953125e+02 2.157410240173339844e+02
3.860295486450195312e+02 6.867777252197265625e+02 2.150640106201171875e+02
3.924336624145507812e+02 6.854545593261718750e+02 2.113782119750976562e+02
3.917414474487304688e+02 6.856566619873046875e+02 2.119999885559082031e+02
3.870000076293945312e+02 6.846832275390625000e+02 2.177343368530273438e+02
3.870000076293945312e+02 6.842817687988281250e+02 2.182343482971191406e+02
3.889999771118164062e+02 6.833302307128906250e+02 2.183050918579101562e+02
3.900314712524414062e+02 6.830174255371093750e+02 2.180215072631835938e+02
3.897372055053710938e+02 6.826364898681640625e+02 2.186461639404296875e+02
3.904039001464843750e+02 6.824414062500000000e+02 2.184359550476074219e+02
3.974417114257812500e+02 6.783999633789062500e+02 2.143818855285644531e+02
3.965696716308593750e+02 6.796017456054687500e+02 2.146343994140625000e+02
3.960292053222656250e+02 6.800395965576171875e+02 2.150520896911621094e+02
3.954819488525390625e+02 6.804774475097656250e+02 2.154697608947753906e+02
3.953045272827148438e+02 6.802596282958984375e+02 2.159999847412109375e+02
3.949341201782226562e+02 6.799162292480468750e+02 2.169109344482421875e+02
3.947590637207031250e+02 6.809611511230468750e+02 2.159221839904785156e+02
4.005216598510742188e+02 6.735804748535156250e+02 2.115678215026855469e+02
4.005873107910156250e+02 6.730000305175781250e+02 2.117789840698242188e+02
4.006723022460937500e+02 6.720668792724609375e+02 2.120824813842773438e+02
4.008159255981445312e+02 6.730000305175781250e+02 2.109999847412109375e+02
4.009970092773437500e+02 6.720000457763671875e+02 2.109999847412109375e+02
4.011224746704101562e+02 6.710000610351562500e+02 2.109999847412109375e+02
4.015625762939453125e+02 6.650727081298828125e+02 2.000594902038574219e+02
3.985778045654296875e+02 6.776423645019531250e+02 1.963360786437988281e+02
3.985720825195312500e+02 6.796138000488281250e+02 1.992661094665527344e+02
3.991891479492187500e+02 6.789057922363281250e+02 2.000852203369140625e+02
4.003890228271484375e+02 6.772549438476562500e+02 2.059999847412109375e+02
4.000758361816406250e+02 6.780000305175781250e+02 2.039999961853027344e+02
