3.524917984008789062e+02 9.674353027343750000e+02 2.214352416992187500e+02
3.524742126464843750e+02 9.680000305175781250e+02 2.212799072265625000e+02
3.524742126464843750e+02 9.672799682617187500e+02 2.219999885559082031e+02
3.525907516479492188e+02 9.670611572265625000e+02 2.210611343383789062e+02
3.527589416503906250e+02 9.670000457763671875e+02 2.200000000000000000e+02
3.527589416503906250e+02 9.660000610351562500e+02 2.209999847412109375e+02
3.525360107421875000e+02 9.667799377441406250e+02 2.219999885559082031e+02
3.525360107421875000e+02 9.680000305175781250e+02 2.207798957824707031e+02
3.526525878906250000e+02 9.680000305175781250e+02 2.200000000000000000e+02
3.525129699707031250e+02 9.690000152587890625e+02 2.206089591979980469e+02
3.524562072753906250e+02 9.690000152587890625e+02 2.211089515686035156e+02
3.526024627685546875e+02 9.690000152587890625e+02 2.200000000000000000e+02
3.525177764892578125e+02 9.700000000000000000e+02 2.206596374511718750e+02
3.524631118774414062e+02 9.700000000000000000e+02 2.211596298217773438e+02
3.526116943359375000e+02 9.700000000000000000e+02 2.200000000000000000e+02
3.525620651245117188e+02 9.709815979003906250e+02 2.210033226013183594e+02
3.526889419555664062e+02 9.710000610351562500e+02 2.200000000000000000e+02
3.525331497192382812e+02 9.712430572509765625e+02 2.219999885559082031e+02
3.527030563354492188e+02 9.720000457763671875e+02 2.209999847412109375e+02
3.524830245971679688e+02 9.706359100341796875e+02 2.213388633728027344e+02
3.524702453613281250e+02 9.707430267333984375e+02 2.219999885559082031e+02
3.524167633056640625e+02 9.700000000000000000e+02 2.219999885559082031e+02
3.524702453613281250e+02 9.707430267333984375e+02 2.229999923706054688e+02
3.524141693115234375e+02 9.700000000000000000e+02 2.229999923706054688e+02
3.524830245971679688e+02 9.706359100341796875e+02 2.237684822082519531e+02
3.525331497192382812e+02 9.712430572509765625e+02 2.229999923706054688e+02
3.525481033325195312e+02 9.709815979003906250e+02 2.240610885620117188e+02
3.526491165161132812e+02 9.720000457763671875e+02 2.229999923706054688e+02
3.526465225219726562e+02 9.720000457763671875e+02 2.219999885559082031e+02
3.527027511596679688e+02 9.720000457763671875e+02 2.239999961853027344e+02
3.528375625610351562e+02 9.730000305175781250e+02 2.229999923706054688e+02
3.528261566162109375e+02 9.730000305175781250e+02 2.219999885559082031e+02
3.529059219360351562e+02 9.730000305175781250e+02 2.239999961853027344e+02
3.530872726440429688e+02 9.740000152587890625e+02 2.229999923706054688e+02
3.530668258666992188e+02 9.740000152587890625e+02 2.219999885559082031e+02
3.531661605834960938e+02 9.740000152587890625e+02 2.239999961853027344e+02
3.533656692504882812e+02 9.749234771728515625e+02 2.229999923706054688e+02
3.533540344238281250e+02 9.749829101562500000e+02 2.219999885559082031e+02
3.534060668945312500e+02 9.747846984863281250e+02 2.239999961853027344e+02
3.535258483886718750e+02 9.754235076904296875e+02 2.229999923706054688e+02
3.535054016113281250e+02 9.754829406738281250e+02 2.219999885559082031e+02
3.535743713378906250e+02 9.752846527099609375e+02 2.239999961853027344e+02
3.537518310546875000e+02 9.760000610351562500e+02 2.229999923706054688e+02
3.537089920043945312e+02 9.760000610351562500e+02 2.219999885559082031e+02
3.538467025756835938e+02 9.760000610351562500e+02 2.239999961853027344e+02
3.541601181030273438e+02 9.770000457763671875e+02 2.229999923706054688e+02
3.542999649047851562e+02 9.770819854736328125e+02 2.240386009216308594e+02
3.544341659545898438e+02 9.776446533203125000e+02 2.229999923706054688e+02
3.541065216064453125e+02 9.770000457763671875e+02 2.219999885559082031e+02
3.541040039062500000e+02 9.770000457763671875e+02 2.209999847412109375e+02
3.544029617309570312e+02 9.777168273925781250e+02 2.219999885559082031e+02
3.543979644775390625e+02 9.777301025390625000e+02 2.209999847412109375e+02
3.546317672729492188e+02 9.782167816162109375e+02 2.219999885559082031e+02
3.546243286132812500e+02 9.782300567626953125e+02 2.209999847412109375e+02
3.546676635742187500e+02 9.781446838378906250e+02 2.229999923706054688e+02
3.550436019897460938e+02 9.790000152587890625e+02 2.219999885559082031e+02
3.550268936157226562e+02 9.790000152587890625e+02 2.209999847412109375e+02
3.551136016845703125e+02 9.790000152587890625e+02 2.229999923706054688e+02
3.554117965698242188e+02 9.796389770507812500e+02 2.219999885559082031e+02
3.554458999633789062e+02 9.795858001708984375e+02 2.229999923706054688e+02
3.557359313964843750e+02 9.801389312744140625e+02 2.219999885559082031e+02
3.554025650024414062e+02 9.796543884277343750e+02 2.209999847412109375e+02
3.554175186157226562e+02 9.796334838867187500e+02 2.200000000000000000e+02
3.557250595092773438e+02 9.801544189453125000e+02 2.209999847412109375e+02
3.557331466674804688e+02 9.801335144042968750e+02 2.200000000000000000e+02
3.562250518798828125e+02 9.809235382080078125e+02 2.209999847412109375e+02
3.562331390380859375e+02 9.809147644042968750e+02 2.200000000000000000e+02
3.562359619140625000e+02 9.809018707275390625e+02 2.219999885559082031e+02
3.565515518188476562e+02 9.814235687255859375e+02 2.209999847412109375e+02
3.565569305419921875e+02 9.814147949218750000e+02 2.200000000000000000e+02
3.565670776367187500e+02 9.814019012451171875e+02 2.219999885559082031e+02
3.569663619995117188e+02 9.820000457763671875e+02 2.209999847412109375e+02
3.569747161865234375e+02 9.820000457763671875e+02 2.200000000000000000e+02
3.570005798339843750e+02 9.820000457763671875e+02 2.219999885559082031e+02
3.574147796630859375e+02 9.826124572753906250e+02 2.209999847412109375e+02
3.574177551269531250e+02 9.826078033447265625e+02 2.200000000000000000e+02
3.574334716796875000e+02 9.825872802734375000e+02 2.219999885559082031e+02
3.578002548217773438e+02 9.831124877929687500e+02 2.209999847412109375e+02
3.578065109252929688e+02 9.831078338623046875e+02 2.200000000000000000e+02
3.578221130371093750e+02 9.830873107910156250e+02 2.219999885559082031e+02
3.583002471923828125e+02 9.837278747558593750e+02 2.209999847412109375e+02
3.583065032958984375e+02 9.837194061279296875e+02 2.200000000000000000e+02
3.583221054077148438e+02 9.837033843994140625e+02 2.219999885559082031e+02
3.587482070922851562e+02 9.842279052734375000e+02 2.209999847412109375e+02
3.587583541870117188e+02 9.842194366455078125e+02 2.200000000000000000e+02
3.587697219848632812e+02 9.842033386230468750e+02 2.219999885559082031e+02
3.592481994628906250e+02 9.847599792480468750e+02 2.209999847412109375e+02
3.592583465576171875e+02 9.847474670410156250e+02 2.200000000000000000e+02
3.592697143554687500e+02 9.847377777099609375e+02 2.219999885559082031e+02
3.597449874877929688e+02 9.852600097656250000e+02 2.209999847412109375e+02
3.597614288330078125e+02 9.852474975585937500e+02 2.200000000000000000e+02
3.597664260864257812e+02 9.852378082275390625e+02 2.219999885559082031e+02
3.602449798583984375e+02 9.857382202148437500e+02 2.209999847412109375e+02
3.602614212036132812e+02 9.857198333740234375e+02 2.200000000000000000e+02
3.602664184570312500e+02 9.857199859619140625e+02 2.219999885559082031e+02
3.608168029785156250e+02 9.862381744384765625e+02 2.209999847412109375e+02
3.608344650268554688e+02 9.862199401855468750e+02 2.219999885559082031e+02
3.613168334960937500e+02 9.866443634033203125e+02 2.209999847412109375e+02
3.608417129516601562e+02 9.862197875976562500e+02 2.200000000000000000e+02
3.609022903442382812e+02 9.861690521240234375e+02 2.189999961853027344e+02
3.613417053222656250e+02 9.866241455078125000e+02 2.200000000000000000e+02
3.614022827148437500e+02 9.865768432617187500e+02 2.189999961853027344e+02
3.620979690551757812e+02 9.871851348876953125e+02 2.200806427001953125e+02
3.619887542724609375e+02 9.871443939208984375e+02 2.209999847412109375e+02
3.624966049194335938e+02 9.875024414062500000e+02 2.204677391052246094e+02
3.625360488891601562e+02 9.874764251708984375e+02 2.198010826110839844e+02
3.620000076293945312e+02 9.870131683349609375e+02 2.189999961853027344e+02
3.619268417358398438e+02 9.868103027343750000e+02 2.180016899108886719e+02
3.625958633422851562e+02 9.874363708496093750e+02 2.189999961853027344e+02
3.627001571655273438e+02 9.873641967773437500e+02 2.179999923706054688e+02
3.630958938598632812e+02 9.877571868896484375e+02 2.189999961853027344e+02
3.632001876831054688e+02 9.876957702636718750e+02 2.179999923706054688e+02
3.629216384887695312e+02 9.877389526367187500e+02 2.200806427001953125e+02
3.638886642456054688e+02 9.882572174072265625e+02 2.189999961853027344e+02
3.640697479248046875e+02 9.882461547851562500e+02 2.179697227478027344e+02
3.638260650634765625e+02 9.882968139648437500e+02 2.200000000000000000e+02
3.643886566162109375e+02 9.885681915283203125e+02 2.189999961853027344e+02
3.643260574340820312e+02 9.886061859130859375e+02 2.200000000000000000e+02
3.650000000000000000e+02 9.889179229736328125e+02 2.189999961853027344e+02
3.644495773315429688e+02 9.885311126708984375e+02 2.182828712463378906e+02
3.649178695678710938e+02 9.887506866455078125e+02 2.179697227478027344e+02
3.651385116577148438e+02 9.887009429931640625e+02 2.169999885559082031e+02
3.659024810791015625e+02 9.892900848388671875e+02 2.179999923706054688e+02
3.645298004150390625e+02 9.884826660156250000e+02 2.176162147521972656e+02
3.646385192871093750e+02 9.884206390380859375e+02 2.169999885559082031e+02
3.639999771118164062e+02 9.880269622802734375e+02 2.169999885559082031e+02
3.648612594604492188e+02 9.882964324951171875e+02 2.159999847412109375e+02
3.639560317993164062e+02 9.877592468261718750e+02 2.160227394104003906e+02
3.650960922241210938e+02 9.881372833251953125e+02 2.150940132141113281e+02
3.653612518310546875e+02 9.885768127441406250e+02 2.159999847412109375e+02
3.654934692382812500e+02 9.885036468505859375e+02 2.154900360107421875e+02
3.659999847412109375e+02 9.889086914062500000e+02 2.159999847412109375e+02
3.669814300537109375e+02 9.893643951416015625e+02 2.159040260314941406e+02
3.660891723632812500e+02 9.892220306396484375e+02 2.170742797851562500e+02
3.660339355468750000e+02 9.886407470703125000e+02 2.150940132141113281e+02
3.657232666015625000e+02 9.883807373046875000e+02 2.148233604431152344e+02
3.663899230957031250e+02 9.885573577880859375e+02 2.143608665466308594e+02
3.670000076293945312e+02 9.890839385986328125e+02 2.150000000000000000e+02
3.669994735717773438e+02 9.887128448486328125e+02 2.140165138244628906e+02
3.677081680297851562e+02 9.894107055664062500e+02 2.150000000000000000e+02
3.680637741088867188e+02 9.892122650146484375e+02 2.140618705749511719e+02
3.675046157836914062e+02 9.894980621337890625e+02 2.155067253112792969e+02
3.682081604003906250e+02 9.896190643310546875e+02 2.150000000000000000e+02
3.684395980834960938e+02 9.895252227783203125e+02 2.144364356994628906e+02
3.679027557373046875e+02 9.897702026367187500e+02 2.159040260314941406e+02
3.689999771118164062e+02 9.899275207519531250e+02 2.150000000000000000e+02
3.690591812133789062e+02 9.896239471435546875e+02 2.140618705749511719e+02
3.690760040283203125e+02 9.902703094482421875e+02 2.160675239562988281e+02
3.700356292724609375e+02 9.903062438964843750e+02 2.150302886962890625e+02
3.700000000000000000e+02 9.899425506591796875e+02 2.139999961853027344e+02
3.697260665893554688e+02 9.904241180419921875e+02 2.157792282104492188e+02
3.703927230834960938e+02 9.905348205566406250e+02 2.153838348388671875e+02
3.707284927368164062e+02 9.904325103759765625e+02 2.147171592712402344e+02
3.710371017456054688e+02 9.902918243408203125e+02 2.140484809875488281e+02
3.710371017456054688e+02 9.906114196777343750e+02 2.150302886962890625e+02
3.709999847412109375e+02 9.908523559570312500e+02 2.159999847412109375e+02
3.720000076293945312e+02 9.908364105224609375e+02 2.150000000000000000e+02
3.713951492309570312e+02 9.905298614501953125e+02 2.144141387939453125e+02
3.720000076293945312e+02 9.906009674072265625e+02 2.141980552673339844e+02
3.729194259643554688e+02 9.906898498535156250e+02 2.139099502563476562e+02
3.720000076293945312e+02 9.904289245605468750e+02 2.136980438232421875e+02
3.720000076293945312e+02 9.901421356201171875e+02 2.129999923706054688e+02
3.725323867797851562e+02 9.904942321777343750e+02 2.135165786743164062e+02
3.729194259643554688e+02 9.903524780273437500e+02 2.130262184143066406e+02
3.731990432739257812e+02 9.905511474609375000e+02 2.133770561218261719e+02
3.739999771118164062e+02 9.903992462158203125e+02 2.127322578430175781e+02
3.729999923706054688e+02 9.898882293701171875e+02 2.119999885559082031e+02
3.720640182495117188e+02 9.896797943115234375e+02 2.119816207885742188e+02
3.729999923706054688e+02 9.895683288574218750e+02 2.113838958740234375e+02
3.739999771118164062e+02 9.900479888916015625e+02 2.119999885559082031e+02
3.739999771118164062e+02 9.896487426757812500e+02 2.112459754943847656e+02
3.750000000000000000e+02 9.901699066162109375e+02 2.119999885559082031e+02
3.750000000000000000e+02 9.897093963623046875e+02 2.111409568786621094e+02
3.750000000000000000e+02 9.904605102539062500e+02 2.125903320312500000e+02
3.759999847412109375e+02 9.902343750000000000e+02 2.119999885559082031e+02
3.759999847412109375e+02 9.897416687011718750e+02 2.110834121704101562e+02
3.759999847412109375e+02 9.904927825927734375e+02 2.125165367126464844e+02
3.770000076293945312e+02 9.902389526367187500e+02 2.119999885559082031e+02
3.770000076293945312e+02 9.897444915771484375e+02 2.110736465454101562e+02
3.770000076293945312e+02 9.904944610595703125e+02 2.125125885009765625e+02
3.779999923706054688e+02 9.901863098144531250e+02 2.119999885559082031e+02
3.779999923706054688e+02 9.897187042236328125e+02 2.111142730712890625e+02
3.779999923706054688e+02 9.904676818847656250e+02 2.125730895996093750e+02
3.789999771118164062e+02 9.900774383544921875e+02 2.119999885559082031e+02
3.789999771118164062e+02 9.896636199951171875e+02 2.112113189697265625e+02
3.789999771118164062e+02 9.904138946533203125e+02 2.126915550231933594e+02
3.800000000000000000e+02 9.899205017089843750e+02 2.119999885559082031e+02
3.800000000000000000e+02 9.895833587646484375e+02 2.113542366027832031e+02
3.800000000000000000e+02 9.903371429443359375e+02 2.128585815429687500e+02
3.809558868408203125e+02 9.896984863281250000e+02 2.119711112976074219e+02
3.812598037719726562e+02 9.894359588623046875e+02 2.116185188293457031e+02
3.805931091308593750e+02 9.895240783691406250e+02 2.114585113525390625e+02
3.809318542480468750e+02 9.902418518066406250e+02 2.130825614929199219e+02
3.820000076293945312e+02 9.896009826660156250e+02 2.123062896728515625e+02
3.820000076293945312e+02 9.893352508544921875e+02 2.118062973022460938e+02
3.820000076293945312e+02 9.899308013916015625e+02 2.129999923706054688e+02
3.825735855102539062e+02 9.895227813720703125e+02 2.124565315246582031e+02
3.829441452026367188e+02 9.892034149169921875e+02 2.120739173889160156e+02
3.829441452026367188e+02 9.896643066406250000e+02 2.130037117004394531e+02
3.832402420043945312e+02 9.894173431396484375e+02 2.126728630065917969e+02
3.829999923706054688e+02 9.900776672363281250e+02 2.139999961853027344e+02
3.837150573730468750e+02 9.895742797851562500e+02 2.133395195007324219e+02
3.840290451049804688e+02 9.897254180908203125e+02 2.139605140686035156e+02
3.840290451049804688e+02 9.893041992187500000e+02 2.130037117004394531e+02
3.840333175659179688e+02 9.887761688232421875e+02 2.119450950622558594e+02
3.843817520141601562e+02 9.894573211669921875e+02 2.136008453369140625e+02
3.850925827026367188e+02 9.888451385498046875e+02 2.129064941406250000e+02
3.848209762573242188e+02 9.886324310302734375e+02 2.122418212890625000e+02
3.850355148315429688e+02 9.893375396728515625e+02 2.139605140686035156e+02
3.858189010620117188e+02 9.886521911621093750e+02 2.131774902343750000e+02
3.854876327514648438e+02 9.884946441650390625e+02 2.125108146667480469e+02
3.850925827026367188e+02 9.883644866943359375e+02 2.119450950622558594e+02
3.860913467407226562e+02 9.883930969238281250e+02 2.129064941406250000e+02
3.864855575561523438e+02 9.884927368164062500e+02 2.135172462463378906e+02
3.870852661132812500e+02 9.878822326660156250e+02 2.129170608520507812e+02
3.860939025878906250e+02 9.878893280029296875e+02 2.119055938720703125e+02
3.864898300170898438e+02 9.874948883056640625e+02 2.115093231201171875e+02
3.858231353759765625e+02 9.876531982421875000e+02 2.112405014038085938e+02
3.868087768554687500e+02 9.876677703857421875e+02 2.121759986877441406e+02
3.870852661132812500e+02 9.873763275146484375e+02 2.119055938720703125e+02
3.870429992675781250e+02 9.868607330322265625e+02 2.109509658813476562e+02
3.874754333496093750e+02 9.874858856201171875e+02 2.125284576416015625e+02
3.880447006225585938e+02 9.868472290039062500e+02 2.119665145874023438e+02
3.884078598022460938e+02 9.864408111572265625e+02 2.116108703613281250e+02
3.877412033081054688e+02 9.866463470458984375e+02 2.112516212463378906e+02
3.880419921875000000e+02 9.873225402832031250e+02 2.129170608520507812e+02
3.886607742309570312e+02 9.866131591796875000e+02 2.122775459289550781e+02
3.889964675903320312e+02 9.862133026123046875e+02 2.119665145874023438e+02
3.889964675903320312e+02 9.867528533935546875e+02 2.130538940429687500e+02
3.889656829833984375e+02 9.871884155273437500e+02 2.139867782592773438e+02
3.895475769042968750e+02 9.865364837646484375e+02 2.134231567382812500e+02
3.893274307250976562e+02 9.863743591308593750e+02 2.127565002441406250e+02
3.899898147583007812e+02 9.859912109375000000e+02 2.130163955688476562e+02
3.904320907592773438e+02 9.854438781738281250e+02 2.126096534729003906e+02
3.897385787963867188e+02 9.856860351562500000e+02 2.119999885559082031e+02
3.902044677734375000e+02 9.862658691406250000e+02 2.139999961853027344e+02
3.906261825561523438e+02 9.856079864501953125e+02 2.132763099670410156e+02
3.908083724975585938e+02 9.857658386230468750e+02 2.139999961853027344e+02
3.910528564453125000e+02 9.850460052490234375e+02 2.129060935974121094e+02
3.914795303344726562e+02 9.844810485839843750e+02 2.125358581542968750e+02
3.908299636840820312e+02 9.847904968261718750e+02 2.119999885559082031e+02
3.913083648681640625e+02 9.853279113769531250e+02 2.139999961853027344e+02
3.916556167602539062e+02 9.846480560302734375e+02 2.132025337219238281e+02
3.918382644653320312e+02 9.848279571533203125e+02 2.139999961853027344e+02
3.920683288574218750e+02 9.840665435791015625e+02 2.128698921203613281e+02
3.924810028076171875e+02 9.834798431396484375e+02 2.125372695922851562e+02
3.918488311767578125e+02 9.838460540771484375e+02 2.119999885559082031e+02
3.923382949829101562e+02 9.843341827392578125e+02 2.139999961853027344e+02
3.926382064819335938e+02 9.836521148681640625e+02 2.132039260864257812e+02
3.930385971069335938e+02 9.830404663085937500e+02 2.129213523864746094e+02
3.927972412109375000e+02 9.838341522216796875e+02 2.139999961853027344e+02
3.932972335815429688e+02 9.832568359375000000e+02 2.139999961853027344e+02
3.929965972900390625e+02 9.839914703369140625e+02 2.150225257873535156e+02
3.934247970581054688e+02 9.834081268310546875e+02 2.147651863098144531e+02
3.935186004638671875e+02 9.835227203369140625e+02 2.154318618774414062e+02
3.931704330444335938e+02 9.841074371337890625e+02 2.159999847412109375e+02
3.925683975219726562e+02 9.845726776123046875e+02 2.152798461914062500e+02
3.924620819091796875e+02 9.844601440429687500e+02 2.146131896972656250e+02
3.920180511474609375e+02 9.850142669677734375e+02 2.149522399902343750e+02
3.914516067504882812e+02 9.854558563232421875e+02 2.146246337890625000e+02
3.915740203857421875e+02 9.855706024169921875e+02 2.152913093566894531e+02
3.921903228759765625e+02 9.851844787597656250e+02 2.159999847412109375e+02
3.916903305053710938e+02 9.856858825683593750e+02 2.159999847412109375e+02
3.923339843750000000e+02 9.853244781494140625e+02 2.169999885559082031e+02
3.926704406738281250e+02 9.846845245361328125e+02 2.159999847412109375e+02
3.927894973754882812e+02 9.848245239257812500e+02 2.169999885559082031e+02
3.932894897460937500e+02 9.842376708984375000e+02 2.169999885559082031e+02
3.928041076660156250e+02 9.850556182861328125e+02 2.180989074707031250e+02
3.933798599243164062e+02 9.843422698974609375e+02 2.179999923706054688e+02
3.929833221435546875e+02 9.850000000000000000e+02 2.189999961853027344e+02
3.925003433227539062e+02 9.855004119873046875e+02 2.184981918334960938e+02
3.924322128295898438e+02 9.854259490966796875e+02 2.178315353393554688e+02
3.919776535034179688e+02 9.859699249267578125e+02 2.181190681457519531e+02
3.918339920043945312e+02 9.858375549316406250e+02 2.169999885559082031e+02
3.915230941772460938e+02 9.865226745605468750e+02 2.184066200256347656e+02
3.920816421508789062e+02 9.860440826416015625e+02 2.189999961853027344e+02
3.914354705810546875e+02 9.864395141601562500e+02 2.177399635314941406e+02
3.913230895996093750e+02 9.863375854492187500e+02 2.169999885559082031e+02
3.910612869262695312e+02 9.868515777587890625e+02 2.180439758300781250e+02
3.908230972290039062e+02 9.867846679687500000e+02 2.169999885559082031e+02
3.909403610229492188e+02 9.871600341796875000e+02 2.189239120483398438e+02
3.904055404663085938e+02 9.874224853515625000e+02 2.179999923706054688e+02
3.902330398559570312e+02 9.872846984863281250e+02 2.169999885559082031e+02
3.899055480957031250e+02 9.878208160400390625e+02 2.179999923706054688e+02
3.904898452758789062e+02 9.874914550781250000e+02 2.185398674011230469e+02
3.900939178466796875e+02 9.878873443603515625e+02 2.189239120483398438e+02
3.894129180908203125e+02 9.884392547607421875e+02 2.189999961853027344e+02
3.899229431152343750e+02 9.881855773925781250e+02 2.199279594421386719e+02
3.905673217773437500e+02 9.875598907470703125e+02 2.192065429687500000e+02
3.906225204467773438e+02 9.876107788085937500e+02 2.200000000000000000e+02
3.906498718261718750e+02 9.876381683349609375e+02 2.209999847412109375e+02
3.911225509643554688e+02 9.871440124511718750e+02 2.200000000000000000e+02
3.911498641967773438e+02 9.871611785888671875e+02 2.209999847412109375e+02
3.916417312622070312e+02 9.866440582275390625e+02 2.200000000000000000e+02
3.915816116333007812e+02 9.865814971923828125e+02 2.189999961853027344e+02
3.916551208496093750e+02 9.866611480712890625e+02 2.209999847412109375e+02
3.921417236328125000e+02 9.860973358154296875e+02 2.200000000000000000e+02
3.921551132202148438e+02 9.861042785644531250e+02 2.209999847412109375e+02
3.925820922851562500e+02 9.855973052978515625e+02 2.200000000000000000e+02
3.930575561523437500e+02 9.850000000000000000e+02 2.200000000000000000e+02
3.925376129150390625e+02 9.855441284179687500e+02 2.189999961853027344e+02
3.925868606567382812e+02 9.856043243408203125e+02 2.209999847412109375e+02
3.925702667236328125e+02 9.855850219726562500e+02 2.219999885559082031e+02
3.930607223510742188e+02 9.850000000000000000e+02 2.209999847412109375e+02
3.930225753784179688e+02 9.850000000000000000e+02 2.219999885559082031e+02
3.934738922119140625e+02 9.844619750976562500e+02 2.209999847412109375e+02
3.934754562377929688e+02 9.844646453857421875e+02 2.200000000000000000e+02
3.938034439086914062e+02 9.839620208740234375e+02 2.209999847412109375e+02
3.934523391723632812e+02 9.844304656982421875e+02 2.219999885559082031e+02
3.937826919555664062e+02 9.839304351806640625e+02 2.219999885559082031e+02
3.934063720703125000e+02 9.843650817871093750e+02 2.229999923706054688e+02
3.937429046630859375e+02 9.838650512695312500e+02 2.229999923706054688e+02
3.933328628540039062e+02 9.842639923095703125e+02 2.239999961853027344e+02
3.929345321655273438e+02 9.850000000000000000e+02 2.229999923706054688e+02
3.927663040161132812e+02 9.850492858886718750e+02 2.239000511169433594e+02
3.925281524658203125e+02 9.855342864990234375e+02 2.229999923706054688e+02
3.925000000000000000e+02 9.855000305175781250e+02 2.235000801086425781e+02
3.921016693115234375e+02 9.860342407226562500e+02 2.229999923706054688e+02
3.921430206298828125e+02 9.860849761962890625e+02 2.219999885559082031e+02
3.916016769409179688e+02 9.866091918945312500e+02 2.229999923706054688e+02
3.919905853271484375e+02 9.859875488281250000e+02 2.239487457275390625e+02
3.915485000610351562e+02 9.865525054931640625e+02 2.237307357788085938e+02
3.918428802490234375e+02 9.858968353271484375e+02 2.250000000000000000e+02
3.924326705932617188e+02 9.854154968261718750e+02 2.241667556762695312e+02
3.914770889282226562e+02 9.864749908447265625e+02 2.243974113464355469e+02
3.910169982910156250e+02 9.870189666748046875e+02 2.240817832946777344e+02
3.914058685302734375e+02 9.863968658447265625e+02 2.250000000000000000e+02
3.909058380126953125e+02 9.869166564941406250e+02 2.250000000000000000e+02
3.912690353393554688e+02 9.862480926513671875e+02 2.259999847412109375e+02
3.907690429687500000e+02 9.867758178710937500e+02 2.259999847412109375e+02
3.911910247802734375e+02 9.859659576416015625e+02 2.270957374572753906e+02
3.917160034179687500e+02 9.857480621337890625e+02 2.259999847412109375e+02
3.915968322753906250e+02 9.856099700927734375e+02 2.268262290954589844e+02
3.922159957885742188e+02 9.851512145996093750e+02 2.259999847412109375e+02
3.923428726196289062e+02 9.853044128417968750e+02 2.250000000000000000e+02
3.920168304443359375e+02 9.850209808349609375e+02 2.270579147338867188e+02
3.926192474365234375e+02 9.846512603759765625e+02 2.259999847412109375e+02
3.927367401123046875e+02 9.848043823242187500e+02 2.250000000000000000e+02
3.931636810302734375e+02 9.839257049560546875e+02 2.259745597839355469e+02
3.925356292724609375e+02 9.845446014404296875e+02 2.266229248046875000e+02
3.928001403808593750e+02 9.840505981445312500e+02 2.269737625122070312e+02
3.924368286132812500e+02 9.844176483154296875e+02 2.272896003723144531e+02
3.926903533935546875e+02 9.837582397460937500e+02 2.279999923706054688e+02
3.933484649658203125e+02 9.832781219482421875e+02 2.269999885559082031e+02
3.934471511840820312e+02 9.834229278564453125e+02 2.262909507751464844e+02
3.932297134399414062e+02 9.829687500000000000e+02 2.280357360839843750e+02
3.936836624145507812e+02 9.827780914306640625e+02 2.269999885559082031e+02
3.942136764526367188e+02 9.819400024414062500e+02 2.269854927062988281e+02
3.937692260742187500e+02 9.830538177490234375e+02 2.259745597839355469e+02
3.935757446289062500e+02 9.826145172119140625e+02 2.277262306213378906e+02
3.938125228881835938e+02 9.820647430419921875e+02 2.280357360839843750e+02
3.934623336791992188e+02 9.824411773681640625e+02 2.283929061889648438e+02
3.936687850952148438e+02 9.817758941650390625e+02 2.289999961853027344e+02
3.943338012695312500e+02 9.811978149414062500e+02 2.279999923706054688e+02
3.944445800781250000e+02 9.813998413085937500e+02 2.273091697692871094e+02
3.941781234741210938e+02 9.809183502197265625e+02 2.289301681518554688e+02
3.946052551269531250e+02 9.806977844238281250e+02 2.279999923706054688e+02
3.947266769409179688e+02 9.810398864746093750e+02 2.269854927062988281e+02
3.945163726806640625e+02 9.805305480957031250e+02 2.285503005981445312e+02
3.949462509155273438e+02 9.800000000000000000e+02 2.279999923706054688e+02
3.952714920043945312e+02 9.799493408203125000e+02 2.269862556457519531e+02
3.946542739868164062e+02 9.799846649169921875e+02 2.289301681518554688e+02
3.953637313842773438e+02 9.790284729003906250e+02 2.280724525451660156e+02
3.954479980468750000e+02 9.793807983398437500e+02 2.273104286193847656e+02
3.950793075561523438e+02 9.790000152587890625e+02 2.289999961853027344e+02
3.955899429321289062e+02 9.787140655517578125e+02 2.277874374389648438e+02
3.954849243164062500e+02 9.784622192382812500e+02 2.284540939331054688e+02
3.953987503051757812e+02 9.782446289062500000e+02 2.289999961853027344e+02
3.957485961914062500e+02 9.780773162841796875e+02 2.280724525451660156e+02
3.961539459228515625e+02 9.770000457763671875e+02 2.279999923706054688e+02
3.960819244384765625e+02 9.780000305175781250e+02 2.269999885559082031e+02
3.955929565429687500e+02 9.777446746826171875e+02 2.289999961853027344e+02
3.955118179321289062e+02 9.775306701660156250e+02 2.295349121093750000e+02
3.958568572998046875e+02 9.770000457763671875e+02 2.289999961853027344e+02
3.961786651611328125e+02 9.760000610351562500e+02 2.289999961853027344e+02
3.955945968627929688e+02 9.769322204589843750e+02 2.299209403991699219e+02
3.958702850341796875e+02 9.760000610351562500e+02 2.300000000000000000e+02
3.955192565917968750e+02 9.765536499023437500e+02 2.305543899536132812e+02
3.953966903686523438e+02 9.772203063964843750e+02 2.302015876770019531e+02
3.952429962158203125e+02 9.769322204589843750e+02 2.309326362609863281e+02
3.952233886718750000e+02 9.779183959960937500e+02 2.299209403991699219e+02
3.947612762451171875e+02 9.780560302734375000e+02 2.310509490966796875e+02
3.947258377075195312e+02 9.790277099609375000e+02 2.300107192993164062e+02
3.944436264038085938e+02 9.793795013427734375e+02 2.303512001037597656e+02
3.945956039428710938e+02 9.787128448486328125e+02 2.307516098022460938e+02
3.945674133300781250e+02 9.796410369873046875e+02 2.296845436096191406e+02
3.942758941650390625e+02 9.799846649169921875e+02 2.300107192993164062e+02
3.944051361083984375e+02 9.803076934814453125e+02 2.292169570922851562e+02
3.938187789916992188e+02 9.800685882568359375e+02 2.310612678527832031e+02
3.937444686889648438e+02 9.810197448730468750e+02 2.299872779846191406e+02
3.936110687255859375e+02 9.806995391845703125e+02 2.307687759399414062e+02
3.934226989746093750e+02 9.813661956787109375e+02 2.303121376037597656e+02
3.935578918457031250e+02 9.815933227539062500e+02 2.296454811096191406e+02
3.931879425048828125e+02 9.819560241699218750e+02 2.299872779846191406e+02
3.933565139770507812e+02 9.822758483886718750e+02 2.289999961853027344e+02
3.927461242675781250e+02 9.820008087158203125e+02 2.309576606750488281e+02
3.926678848266601562e+02 9.827423858642578125e+02 2.300000000000000000e+02
3.928269958496093750e+02 9.830562591552734375e+02 2.290157508850097656e+02
3.925441741943359375e+02 9.825627136230468750e+02 2.305961227416992188e+02
3.923120880126953125e+02 9.832423400878906250e+02 2.300000000000000000e+02
3.924467849731445312e+02 9.834271240234375000e+02 2.293596076965332031e+02
3.917613601684570312e+02 9.840023040771484375e+02 2.299257087707519531e+02
3.920109939575195312e+02 9.830147552490234375e+02 2.310230064392089844e+02
3.917070007324218750e+02 9.827819061279296875e+02 2.319999885559082031e+02
3.916360092163085938e+02 9.836704254150390625e+02 2.307832145690917969e+02
3.923859786987304688e+02 9.823347473144531250e+02 2.312627792358398438e+02
3.914741134643554688e+02 9.834667968750000000e+02 2.314498901367187500e+02
3.913301849365234375e+02 9.832819366455078125e+02 2.319999885559082031e+02
3.912170791625976562e+02 9.840023040771484375e+02 2.310699272155761719e+02
3.913608932495117188e+02 9.843370819091796875e+02 2.302095222473144531e+02
3.907802200317382812e+02 9.839940643310546875e+02 2.319295883178710938e+02
3.906657409667968750e+02 9.846856689453125000e+02 2.309999847412109375e+02
3.902041625976562500e+02 9.851856231689453125e+02 2.309999847412109375e+02
3.909601593017578125e+02 9.849537658691406250e+02 2.299161720275878906e+02
3.905267715454101562e+02 9.845297241210937500e+02 2.315493202209472656e+02
3.899432754516601562e+02 9.849384307861328125e+02 2.318988800048828125e+02
3.895474624633789062e+02 9.855468750000000000e+02 2.315817832946777344e+02
3.896723937988281250e+02 9.846805572509765625e+02 2.328030967712402344e+02
3.893434143066406250e+02 9.853472137451171875e+02 2.322484588623046875e+02
3.903390502929687500e+02 9.843234252929687500e+02 2.322159767150878906e+02
3.900595092773437500e+02 9.840687561035156250e+02 2.331061935424804688e+02
3.904466629028320312e+02 9.834365081787109375e+02 2.334092903137207031e+02
3.897615051269531250e+02 9.837924957275390625e+02 2.339999961853027344e+02
3.894813919067382812e+02 9.844807434082031250e+02 2.334697723388671875e+02
3.906327819824218750e+02 9.836567687988281250e+02 2.327426147460937500e+02
3.910046386718750000e+02 9.830061340332031250e+02 2.330083656311035156e+02
3.913765335083007812e+02 9.823297882080078125e+02 2.332741165161132812e+02
3.906690979003906250e+02 9.827170562744140625e+02 2.339999961853027344e+02
3.915566635131835938e+02 9.825758361816406250e+02 2.326074409484863281e+02
3.917725753784179688e+02 9.819979095458984375e+02 2.329644584655761719e+02
3.923325729370117188e+02 9.810543823242187500e+02 2.330885887145996094e+02
3.922365188598632812e+02 9.820008087158203125e+02 2.320408821105957031e+02
3.916127014160156250e+02 9.816631317138671875e+02 2.337033653259277344e+02
3.918470382690429688e+02 9.810326385498046875e+02 2.340220260620117188e+02
3.911895751953125000e+02 9.819979095458984375e+02 2.340220260620117188e+02
3.907020187377929688e+02 9.819525909423828125e+02 2.349158668518066406e+02
3.914237976074218750e+02 9.813877105712890625e+02 2.343700408935546875e+02
3.912641143798828125e+02 9.810326385498046875e+02 2.350519180297851562e+02
3.907592010498046875e+02 9.809735107421875000e+02 2.359614753723144531e+02
3.916423034667968750e+02 9.807209777832031250e+02 2.347532081604003906e+02
3.914524078369140625e+02 9.804241180419921875e+02 2.354198837280273438e+02
3.912932586669921875e+02 9.800544738769531250e+02 2.360550117492675781e+02
3.919800567626953125e+02 9.799645996093750000e+02 2.349625778198242188e+02
3.916511154174804688e+02 9.797574615478515625e+02 2.357583427429199219e+02
3.925028991699218750e+02 9.795051574707031250e+02 2.345052719116210938e+02
3.923618316650390625e+02 9.790000152587890625e+02 2.352512359619140625e+02
3.923492431640625000e+02 9.802408599853515625e+02 2.339999961853027344e+02
3.924900054931640625e+02 9.804827880859375000e+02 2.334809684753417969e+02
3.926316070556640625e+02 9.797409057617187500e+02 2.339999961853027344e+02
3.929976272583007812e+02 9.799933624267578125e+02 2.329926872253417969e+02
3.931095504760742188e+02 9.789115142822265625e+02 2.339115715026855469e+02
3.933404541015625000e+02 9.781668853759765625e+02 2.341859817504882812e+02
3.933392333984375000e+02 9.791858673095703125e+02 2.331710815429687500e+02
3.926324844360351562e+02 9.790000152587890625e+02 2.347512435913085938e+02
3.935095596313476562e+02 9.785192108154296875e+02 2.335193061828613281e+02
3.936034774780273438e+02 9.779001617431640625e+02 2.339115715026855469e+02
3.936042404174804688e+02 9.789115142822265625e+02 2.329026412963867188e+02
3.935020828247070312e+02 9.795040130615234375e+02 2.325044059753417969e+02
3.939562606811523438e+02 9.790000152587890625e+02 2.319999885559082031e+02
3.939863586425781250e+02 9.780000305175781250e+02 2.329999923706054688e+02
3.943661880493164062e+02 9.780560302734375000e+02 2.320711517333984375e+02
3.943633270263671875e+02 9.770707702636718750e+02 2.330494689941406250e+02
3.944806671142578125e+02 9.774512481689453125e+02 2.324519348144531250e+02
3.939434432983398438e+02 9.770000457763671875e+02 2.339999961853027344e+02
3.946076202392578125e+02 9.767845916748046875e+02 2.327491378784179688e+02
3.944620132446289062e+02 9.763838195800781250e+02 2.334157943725585938e+02
3.947328186035156250e+02 9.760302734375000000e+02 2.330494689941406250e+02
3.943011856079101562e+02 9.760302734375000000e+02 2.339860534667968750e+02
3.937660980224609375e+02 9.760324859619140625e+02 2.350573921203613281e+02
3.945680618286132812e+02 9.757171630859375000e+02 2.336434364318847656e+02
3.944069671630859375e+02 9.751918792724609375e+02 2.343100929260253906e+02
3.941889572143554688e+02 9.749151611328125000e+02 2.349088478088378906e+02
3.946434783935546875e+02 9.749151611328125000e+02 2.339860534667968750e+02
3.948752975463867188e+02 9.740000152587890625e+02 2.339999961853027344e+02
3.950615692138671875e+02 9.750000000000000000e+02 2.329999923706054688e+02
3.945074081420898438e+02 9.745252227783203125e+02 2.345147514343261719e+02
3.945710754394531250e+02 9.740000152587890625e+02 2.346426582336425781e+02
3.943178176879882812e+02 9.740000152587890625e+02 2.351426506042480469e+02
3.946821594238281250e+02 9.730000305175781250e+02 2.348710632324218750e+02
3.950967788696289062e+02 9.730000305175781250e+02 2.339999961853027344e+02
3.947413253784179688e+02 9.720727539062500000e+02 2.350915718078613281e+02
3.944341659545898438e+02 9.730000305175781250e+02 2.353710746765136719e+02
3.944929122924804688e+02 9.724545288085937500e+02 2.354859733581542969e+02
3.941097259521484375e+02 9.730000305175781250e+02 2.359999847412109375e+02
3.943074798583984375e+02 9.720727539062500000e+02 2.359495544433593750e+02
3.936755752563476562e+02 9.730000305175781250e+02 2.368171501159667969e+02
3.938036727905273438e+02 9.740986633300781250e+02 2.360993385314941406e+02
3.935823822021484375e+02 9.738311004638671875e+02 2.366488838195800781e+02
3.936809921264648438e+02 9.750000000000000000e+02 2.358485412597656250e+02
3.934994125366210938e+02 9.744977569580078125e+02 2.364988899230957031e+02
3.933219146728515625e+02 9.740986633300781250e+02 2.369893264770507812e+02
3.934179306030273438e+02 9.750000000000000000e+02 2.363485336303710938e+02
3.930501937866210938e+02 9.750000000000000000e+02 2.369999885559082031e+02
3.932796478271484375e+02 9.760324859619140625e+02 2.359794807434082031e+02
3.934625625610351562e+02 9.763874816894531250e+02 2.354289817810058594e+02
3.927229309082031250e+02 9.759587860107421875e+02 2.370142555236816406e+02
3.935702133178710938e+02 9.757208251953125000e+02 2.356324768066406250e+02
3.928393554687500000e+02 9.770564270019531250e+02 2.360663986206054688e+02
3.926123809814453125e+02 9.767607116699218750e+02 2.366904258728027344e+02
3.926573181152343750e+02 9.778293609619140625e+02 2.357773399353027344e+02
3.924668502807617188e+02 9.774273681640625000e+02 2.364439964294433594e+02
3.933399200439453125e+02 9.770000457763671875e+02 2.351968383789062500e+02
3.929988861083984375e+02 9.779981231689453125e+02 2.349982643127441406e+02
3.935998153686523438e+02 9.770000457763671875e+02 2.346968460083007812e+02
3.935000610351562500e+02 9.775002288818359375e+02 2.345001411437988281e+02
3.924979782104492188e+02 9.784960937500000000e+02 2.354963874816894531e+02
3.923609542846679688e+02 9.780976104736328125e+02 2.360663986206054688e+02
3.918200683593750000e+02 9.780168151855468750e+02 2.370329284667968750e+02
3.918715286254882812e+02 9.790518188476562500e+02 2.360550117492675781e+02
3.916367340087890625e+02 9.787529754638671875e+02 2.367215538024902344e+02
3.914540863037109375e+02 9.794196319580078125e+02 2.364250183105468750e+02
3.912751770019531250e+02 9.790518188476562500e+02 2.370329284667968750e+02
3.907309341430664062e+02 9.789486694335937500e+02 2.379691314697265625e+02
3.907677841186523438e+02 9.799736785888671875e+02 2.369765090942382812e+02
3.914279937744140625e+02 9.783613586425781250e+02 2.373882102966308594e+02
3.912170028686523438e+02 9.780168151855468750e+02 2.379937362670898438e+02
3.913866806030273438e+02 9.772660827636718750e+02 2.383228874206542969e+02
3.907002639770507812e+02 9.780000305175781250e+02 2.387888526916503906e+02
3.915965652465820312e+02 9.776947021484375000e+02 2.376562309265136719e+02
3.917336654663085938e+02 9.769596862792968750e+02 2.379937362670898438e+02
3.921798706054687500e+02 9.759587860107421875e+02 2.379362297058105469e+02
3.922860717773437500e+02 9.770564270019531250e+02 2.370142555236816406e+02
3.915461349487304688e+02 9.765994262695312500e+02 2.385704803466796875e+02
3.910220336914062500e+02 9.770398712158203125e+02 2.390279579162597656e+02
3.916647720336914062e+02 9.760000610351562500e+02 2.387618064880371094e+02
3.918262863159179688e+02 9.750421142578125000e+02 2.390671539306640625e+02
3.913415527343750000e+02 9.760000610351562500e+02 2.392617988586425781e+02
3.908175659179687500e+02 9.759989929199218750e+02 2.400350379943847656e+02
3.914646911621093750e+02 9.754035186767578125e+02 2.394452667236328125e+02
3.912399673461914062e+02 9.750421142578125000e+02 2.399763488769531250e+02
3.913665390014648438e+02 9.740000152587890625e+02 2.403014945983886719e+02
3.915828323364257812e+02 9.747368621826171875e+02 2.396272468566894531e+02
3.907014465332031250e+02 9.750000000000000000e+02 2.407705116271972656e+02
3.908217239379882812e+02 9.739946746826171875e+02 2.410575675964355469e+02
3.903187942504882812e+02 9.750000000000000000e+02 2.412705039978027344e+02
3.905738449096679688e+02 9.756649780273437500e+02 2.405980300903320312e+02
3.900339889526367188e+02 9.760672760009765625e+02 2.410397911071777344e+02
3.896473312377929688e+02 9.758029174804687500e+02 2.416666603088378906e+02
3.897450637817382812e+02 9.770000457763671875e+02 2.408020591735839844e+02
3.904206085205078125e+02 9.763316345214843750e+02 2.403917312622070312e+02
3.894837951660156250e+02 9.764695739746093750e+02 2.414815330505371094e+02
3.890784454345703125e+02 9.761478424072265625e+02 2.420812988281250000e+02
3.893249511718750000e+02 9.770000457763671875e+02 2.413020515441894531e+02
3.888249588012695312e+02 9.770000457763671875e+02 2.418368911743164062e+02
3.889950561523437500e+02 9.779892730712890625e+02 2.409923744201660156e+02
3.883994674682617188e+02 9.783516693115234375e+02 2.413969039916992188e+02
3.886161422729492188e+02 9.776850128173828125e+02 2.416198921203613281e+02
3.887072753906250000e+02 9.788082885742187500e+02 2.407302284240722656e+02
3.895728302001953125e+02 9.776269531250000000e+02 2.405878639221191406e+02
3.893739318847656250e+02 9.782936096191406250e+02 2.403462409973144531e+02
3.890680694580078125e+02 9.791001129150390625e+02 2.400796318054199219e+02
3.898200225830078125e+02 9.779761505126953125e+02 2.400077438354492188e+02
3.902896881103515625e+02 9.770882415771484375e+02 2.400350379943847656e+02
3.903454208374023438e+02 9.780000305175781250e+02 2.392888450622558594e+02
3.896378707885742188e+02 9.787252807617187500e+02 2.396795654296875000e+02
3.899934005737304688e+02 9.789865112304687500e+02 2.389888000488281250e+02
3.894288253784179688e+02 9.793919372558593750e+02 2.394112586975097656e+02
3.903489303588867188e+02 9.792478179931640625e+02 2.382818984985351562e+02
3.896822738647460938e+02 9.797816467285156250e+02 2.387445831298828125e+02
3.905469894409179688e+02 9.785811614990234375e+02 2.385663604736328125e+02
3.892523956298828125e+02 9.800690460205078125e+02 2.390467453002929688e+02
3.900217437744140625e+02 9.800355529785156250e+02 2.380328559875488281e+02
3.903612136840820312e+02 9.802894592285156250e+02 2.372941780090332031e+02
3.896945190429687500e+02 9.807796478271484375e+02 2.377838325500488281e+02
3.905765533447265625e+02 9.796228027343750000e+02 2.376152229309082031e+02
3.894636917114257812e+02 9.804483032226562500e+02 2.384505081176757812e+02
3.892783355712890625e+02 9.810678100585937500e+02 2.380702972412109375e+02
3.894597244262695312e+02 9.814463043212890625e+02 2.374427223205566406e+02
3.887194061279296875e+02 9.809211730957031250e+02 2.389287757873535156e+02
3.887097167968750000e+02 9.819285583496093750e+02 2.379122543334960938e+02
3.885404968261718750e+02 9.815475463867187500e+02 2.385479545593261719e+02
3.882419204711914062e+02 9.822142028808593750e+02 2.381870841979980469e+02
3.885159683227539062e+02 9.825173187255859375e+02 2.375204086303710938e+02
3.892379760742187500e+02 9.820423126220703125e+02 2.370656204223632812e+02
3.894209289550781250e+02 9.824038696289062500e+02 2.363854408264160156e+02
3.887026977539062500e+02 9.827214813232421875e+02 2.369999885559082031e+02
3.896829223632812500e+02 9.817372131347656250e+02 2.367760467529296875e+02
3.899965667724609375e+02 9.819957733154296875e+02 2.359939575195312500e+02
3.900220489501953125e+02 9.810343933105468750e+02 2.370351219177246094e+02
3.903496170043945312e+02 9.812891387939453125e+02 2.362691307067871094e+02
3.905823135375976562e+02 9.806224822998046875e+02 2.366275215148925781e+02
3.896435546875000000e+02 9.826684570312500000e+02 2.357187652587890625e+02
3.905639266967773438e+02 9.815876770019531250e+02 2.356024742126464844e+02
3.903102111816406250e+02 9.822543334960937500e+02 2.351930999755859375e+02
3.899394607543945312e+02 9.829273986816406250e+02 2.349008750915527344e+02
3.893500137329101562e+02 9.833351135253906250e+02 2.352753067016601562e+02
3.902615356445312500e+02 9.832170867919921875e+02 2.339999961853027344e+02
3.895687103271484375e+02 9.835758972167968750e+02 2.346086311340332031e+02
3.905156326293945312e+02 9.825196075439453125e+02 2.345264434814453125e+02
3.889671325683593750e+02 9.839656066894531250e+02 2.349496269226074219e+02
3.886833572387695312e+02 9.836887359619140625e+02 2.357604408264160156e+02
3.885842132568359375e+02 9.845806121826171875e+02 2.346239471435546875e+02
3.883467864990234375e+02 9.843553924560546875e+02 2.352906036376953125e+02
3.892992019653320312e+02 9.842924499511718750e+02 2.339999961853027344e+02
3.887992095947265625e+02 9.847871398925781250e+02 2.339999961853027344e+02
3.890790557861328125e+02 9.850746917724609375e+02 2.331259155273437500e+02
3.882573699951171875e+02 9.852871704101562500e+02 2.339999961853027344e+02
3.884650039672851562e+02 9.854689025878906250e+02 2.334487342834472656e+02
3.877573776245117188e+02 9.857126617431640625e+02 2.339999961853027344e+02
3.879457855224609375e+02 9.849520874023437500e+02 2.349251174926757812e+02
3.876800918579101562e+02 9.846568298339843750e+02 2.357333183288574219e+02
3.875448226928710938e+02 9.855371093750000000e+02 2.345596313476562500e+02
3.872760772705078125e+02 9.853234863281250000e+02 2.352263069152832031e+02
3.870117950439453125e+02 9.850070953369140625e+02 2.360121726989746094e+02
3.869656372070312500e+02 9.857439422607421875e+02 2.349357795715332031e+02
3.870322799682617188e+02 9.862429809570312500e+02 2.340577316284179688e+02
3.866093826293945312e+02 9.855813598632812500e+02 2.356243705749511719e+02
3.860594177246093750e+02 9.863001251220703125e+02 2.350655364990234375e+02
3.864323806762695312e+02 9.864548492431640625e+02 2.344295501708984375e+02
3.859783554077148438e+02 9.857785797119140625e+02 2.359746170043945312e+02
3.857657241821289062e+02 9.866650390625000000e+02 2.347759056091308594e+02
3.854391098022460938e+02 9.864640808105468750e+02 2.354425811767578125e+02
3.850634765625000000e+02 9.862945556640625000e+02 2.360454940795898438e+02
3.849830245971679688e+02 9.869910430908203125e+02 2.349835395812988281e+02
3.851936340332031250e+02 9.873316955566406250e+02 2.342161369323730469e+02
3.847724533081054688e+02 9.866504669189453125e+02 2.357424926757812500e+02
3.845269775390625000e+02 9.875143432617187500e+02 2.345244979858398438e+02
3.839999771118164062e+02 9.873398590087890625e+02 2.352293968200683594e+02
3.840268707275390625e+02 9.868297576904296875e+02 2.360454940795898438e+02
3.839999771118164062e+02 9.876302337646484375e+02 2.347294044494628906e+02
3.834241485595703125e+02 9.874693298339843750e+02 2.354480361938476562e+02
3.830545043945312500e+02 9.872747802734375000e+02 2.359969902038574219e+02
3.830545043945312500e+02 9.878251647949218750e+02 2.350688171386718750e+02
3.820052719116210938e+02 9.882494354248046875e+02 2.349573707580566406e+02
3.829999923706054688e+02 9.883324432373046875e+02 2.341930580139160156e+02
3.827574920654296875e+02 9.875987243652343750e+02 2.356616401672363281e+02
3.820000076293945312e+02 9.877237701416015625e+02 2.358670425415039062e+02
3.810907363891601562e+02 9.878289031982421875e+02 2.360966300964355469e+02
3.820000076293945312e+02 9.874164581298828125e+02 2.363670349121093750e+02
3.814846038818359375e+02 9.874964904785156250e+02 2.364943885803222656e+02
3.820000076293945312e+02 9.870014953613281250e+02 2.369999885559082031e+02
3.810907363891601562e+02 9.872708892822265625e+02 2.369642066955566406e+02
3.820000076293945312e+02 9.865850830078125000e+02 2.376157379150390625e+02
3.829091262817382812e+02 9.866967010498046875e+02 2.369881629943847656e+02
3.825152206420898438e+02 9.865058898925781250e+02 2.375081062316894531e+02
3.837114334106445312e+02 9.865964508056640625e+02 2.366469383239746094e+02
3.831818771362304688e+02 9.863745117187500000e+02 2.373135948181152344e+02
3.829650878906250000e+02 9.859834289550781250e+02 2.379820442199707031e+02
3.840268707275390625e+02 9.862214660644531250e+02 2.369881629943847656e+02
3.843780899047851562e+02 9.864412689208984375e+02 2.364091491699218750e+02
3.839999771118164062e+02 9.856959533691406250e+02 2.377731513977050781e+02
3.849563980102539062e+02 9.857481384277343750e+02 2.369766235351562500e+02
3.845939636230468750e+02 9.855534362792968750e+02 2.375748825073242188e+02
3.856306076049804688e+02 9.855856323242187500e+02 2.366277122497558594e+02
3.852606582641601562e+02 9.853577423095703125e+02 2.372943878173828125e+02
3.850068283081054688e+02 9.850009155273437500e+02 2.380047607421875000e+02
3.860374450683593750e+02 9.850242614746093750e+02 2.370350456237792969e+02
3.864442825317382812e+02 9.844577789306640625e+02 2.374423599243164062e+02
3.862972640991210938e+02 9.853573608398437500e+02 2.362910270690917969e+02
3.857776260375976562e+02 9.846910858154296875e+02 2.377679824829101562e+02
3.867474746704101562e+02 9.846907043457031250e+02 2.367757034301757812e+02
3.870484924316406250e+02 9.842412567138671875e+02 2.370654106140136719e+02
3.874141693115234375e+02 9.844282531738281250e+02 2.363999938964843750e+02
3.869248962402343750e+02 9.837050628662109375e+02 2.379122543334960938e+02
3.877214431762695312e+02 9.837082672119140625e+02 2.369999885559082031e+02
3.880624008178710938e+02 9.840584564208984375e+02 2.360802078247070312e+02
3.875172424316406250e+02 9.835161590576171875e+02 2.375204086303710938e+02
3.882214355468750000e+02 9.832215118408203125e+02 2.369999885559082031e+02
3.884446716308593750e+02 9.834447479248046875e+02 2.364270973205566406e+02
3.878796005249023438e+02 9.828796386718750000e+02 2.378537559509277344e+02
3.872081375122070312e+02 9.832419586181640625e+02 2.381870841979980469e+02
3.875752639770507812e+02 9.825753021240234375e+02 2.385822105407714844e+02
3.879102325439453125e+02 9.818996429443359375e+02 2.388984107971191406e+02
3.868925476074218750e+02 9.829052734375000000e+02 2.388946151733398438e+02
3.872436141967773438e+02 9.822516632080078125e+02 2.392488861083984375e+02
3.865769577026367188e+02 9.825685882568359375e+02 2.395715141296386719e+02
3.865414810180664062e+02 9.835345458984375000e+02 2.385403442382812500e+02
3.861714172363281250e+02 9.832352447509765625e+02 2.392070007324218750e+02
3.858446121215820312e+02 9.828746795654296875e+02 2.398710632324218750e+02
3.859028625488281250e+02 9.836927032470703125e+02 2.389241981506347656e+02
3.850518035888671875e+02 9.841958618164062500e+02 2.390093994140625000e+02
3.860665893554687500e+02 9.842652130126953125e+02 2.380607986450195312e+02
3.855047607421875000e+02 9.835036468505859375e+02 2.395039558410644531e+02
3.850000000000000000e+02 9.836575317382812500e+02 2.396737289428710938e+02
3.839358901977539062e+02 9.839680480957031250e+02 2.399662971496582031e+02
3.850000000000000000e+02 9.831832885742187500e+02 2.401737403869628906e+02
3.842993927001953125e+02 9.833969116210937500e+02 2.403943634033203125e+02
3.850000000000000000e+02 9.826832580566406250e+02 2.406745338439941406e+02
3.839461898803710938e+02 9.829714202880859375e+02 2.409745216369628906e+02
3.850816345214843750e+02 9.820236206054687500e+02 2.412279319763183594e+02
3.855177688598632812e+02 9.825141143798828125e+02 2.405135917663574219e+02
3.859106826782226562e+02 9.819390869140625000e+02 2.407323455810546875e+02
3.865685653686523438e+02 9.815651702880859375e+02 2.405598449707031250e+02
3.861844635009765625e+02 9.822318267822265625e+02 2.402381706237792969e+02
3.859999847412109375e+02 9.812458038330078125e+02 2.412802505493164062e+02
3.854693984985351562e+02 9.814772033691406250e+02 2.414804840087890625e+02
3.859999847412109375e+02 9.807458496093750000e+02 2.416921234130859375e+02
3.868762207031250000e+02 9.808745574951171875e+02 2.408916854858398438e+02
3.872481536865234375e+02 9.800000000000000000e+02 2.412793731689453125e+02
3.865172576904296875e+02 9.805172729492187500e+02 2.415139007568359375e+02
3.875572204589843750e+02 9.805651855468750000e+02 2.405568695068359375e+02
3.872352218627929688e+02 9.812318420410156250e+02 2.402497673034667969e+02
3.869060897827148438e+02 9.819084167480468750e+02 2.399106407165527344e+02
3.879011917114257812e+02 9.808835601806640625e+02 2.398912239074707031e+02
3.882790756225585938e+02 9.800000000000000000e+02 2.402592849731445312e+02
3.882452011108398438e+02 9.812019348144531250e+02 2.392146301269531250e+02
3.875785446166992188e+02 9.815850067138671875e+02 2.395830917358398438e+02
3.885281372070312500e+02 9.805352783203125000e+02 2.395326805114746094e+02
3.887177276611328125e+02 9.800000000000000000e+02 2.397592735290527344e+02
3.884815597534179688e+02 9.794749450683593750e+02 2.404796791076660156e+02
3.877790832519531250e+02 9.800000000000000000e+02 2.407793617248535156e+02
3.881071853637695312e+02 9.791424560546875000e+02 2.411062622070312500e+02
3.874803161621093750e+02 9.794766998291015625e+02 2.414822959899902344e+02
3.877328109741210938e+02 9.788100433349609375e+02 2.417181777954101562e+02
3.870877456665039062e+02 9.791002655029296875e+02 2.420702362060546875e+02
3.880030822753906250e+02 9.780027008056640625e+02 2.420023727416992188e+02
3.883267974853515625e+02 9.770000457763671875e+02 2.423369026184082031e+02
3.876066970825195312e+02 9.776536560058593750e+02 2.425926589965820312e+02
3.873618316650390625e+02 9.783203125000000000e+02 2.423848533630371094e+02
3.869397735595703125e+02 9.779213714599609375e+02 2.429545211791992188e+02
3.862084960937500000e+02 9.781890106201171875e+02 2.433163642883300781e+02
3.872094345092773438e+02 9.770000457763671875e+02 2.432794380187988281e+02
3.865176773071289062e+02 9.775223541259765625e+02 2.435128211975097656e+02
3.866951751708984375e+02 9.787239074707031250e+02 2.426497077941894531e+02
3.859653472900390625e+02 9.789651489257812500e+02 2.429795837402343750e+02
3.863888549804687500e+02 9.793905639648437500e+02 2.424222946166992188e+02
3.855418395996093750e+02 9.785396575927734375e+02 2.435250854492187500e+02
3.857221603393554688e+02 9.797072601318359375e+02 2.426428222656250000e+02
3.850000000000000000e+02 9.792586517333984375e+02 2.433437347412109375e+02
3.844557571411132812e+02 9.794718933105468750e+02 2.434821701049804688e+02
3.850000000000000000e+02 9.787586212158203125e+02 2.436568260192871094e+02
3.850035476684570312e+02 9.800243377685546875e+02 2.428300476074218750e+02
3.840734481811523438e+02 9.800034332275390625e+02 2.432805252075195312e+02
3.853392410278320312e+02 9.803739166259765625e+02 2.424089241027832031e+02
3.846725845336914062e+02 9.806238555908203125e+02 2.425917434692382812e+02
3.850709915161132812e+02 9.810505676269531250e+02 2.420403861999511719e+02
3.839999771118164062e+02 9.808268737792968750e+02 2.427390289306640625e+02
3.839999771118164062e+02 9.813268280029296875e+02 2.423665618896484375e+02
3.830680847167968750e+02 9.810871887207031250e+02 2.428794670104980469e+02
3.829999923706054688e+02 9.803685760498046875e+02 2.434132194519042969e+02
3.834468078613281250e+02 9.814786529541015625e+02 2.424835586547851562e+02
3.820732116699218750e+02 9.809488677978515625e+02 2.432343673706054688e+02
3.827801513671875000e+02 9.816030883789062500e+02 2.425815010070800781e+02
3.830680847167968750e+02 9.819618988037109375e+02 2.422015953063964844e+02
3.820000076293945312e+02 9.817239379882812500e+02 2.426749610900878906e+02
3.820000076293945312e+02 9.822238922119140625e+02 2.422752571105957031e+02
3.809999847412109375e+02 9.818308258056640625e+02 2.427548027038574219e+02
3.809999847412109375e+02 9.811605834960937500e+02 2.432548141479492188e+02
3.809999847412109375e+02 9.823307800292968750e+02 2.423648071289062500e+02
3.800000000000000000e+02 9.818874359130859375e+02 2.427969932556152344e+02
3.789999771118164062e+02 9.819139099121093750e+02 2.428199768066406250e+02
3.800000000000000000e+02 9.812204742431640625e+02 2.432969856262207031e+02
3.800000000000000000e+02 9.823873901367187500e+02 2.424109458923339844e+02
3.799117660522460938e+02 9.830853271484375000e+02 2.418295478820800781e+02
3.789999771118164062e+02 9.824139404296875000e+02 2.424315643310546875e+02
3.779999923706054688e+02 9.824214172363281250e+02 2.424371528625488281e+02
3.789999771118164062e+02 9.830000305175781250e+02 2.419382667541503906e+02
3.789999771118164062e+02 9.835076141357421875e+02 2.415066909790039062e+02
3.779999923706054688e+02 9.830000305175781250e+02 2.419486045837402344e+02
3.779999923706054688e+02 9.835129547119140625e+02 2.415114402770996094e+02
3.770000076293945312e+02 9.830000305175781250e+02 2.419382667541503906e+02
3.770000076293945312e+02 9.824139404296875000e+02 2.424315643310546875e+02
3.760718536376953125e+02 9.830943298339843750e+02 2.418352699279785156e+02
3.770000076293945312e+02 9.835076141357421875e+02 2.415066909790039062e+02
3.764530944824218750e+02 9.835015106201171875e+02 2.415012931823730469e+02
3.770000076293945312e+02 9.840075683593750000e+02 2.410506629943847656e+02
3.760718536376953125e+02 9.839009094238281250e+02 2.411264991760253906e+02
3.779999923706054688e+02 9.840129089355468750e+02 2.410529136657714844e+02
3.770000076293945312e+02 9.845513916015625000e+02 2.405506706237792969e+02
3.759999847412109375e+02 9.845401000976562500e+02 2.405393409729003906e+02
3.770000076293945312e+02 9.850513458251953125e+02 2.400458145141601562e+02
3.779999923706054688e+02 9.845531463623046875e+02 2.405529022216796875e+02
3.779999923706054688e+02 9.850531768798828125e+02 2.400445365905761719e+02
3.789999771118164062e+02 9.845450592041015625e+02 2.405451774597167969e+02
3.789999771118164062e+02 9.840075683593750000e+02 2.410451889038085938e+02
3.789999771118164062e+02 9.850450897216796875e+02 2.400309562683105469e+02
3.798167419433593750e+02 9.845259094238281250e+02 2.405260276794433594e+02
3.800015258789062500e+02 9.840000152587890625e+02 2.410021400451660156e+02
3.800556945800781250e+02 9.850016784667968750e+02 2.400063705444335938e+02
3.804833984375000000e+02 9.844985961914062500e+02 2.404985046386718750e+02
3.802946472167968750e+02 9.854774475097656250e+02 2.394746971130371094e+02
3.796279907226562500e+02 9.855133819580078125e+02 2.395142364501953125e+02
3.809999847412109375e+02 9.849182891845703125e+02 2.399517631530761719e+02
3.809999847412109375e+02 9.854183197021484375e+02 2.394057655334472656e+02
3.809999847412109375e+02 9.844540405273437500e+02 2.404517555236816406e+02
3.820000076293945312e+02 9.847977447509765625e+02 2.398288154602050781e+02
3.820000076293945312e+02 9.852976989746093750e+02 2.392605590820312500e+02
3.829999923706054688e+02 9.846375274658203125e+02 2.396545982360839844e+02
3.820000076293945312e+02 9.843392181396484375e+02 2.403288078308105469e+02
3.820000076293945312e+02 9.838392639160156250e+02 2.408301734924316406e+02
3.829999923706054688e+02 9.841814422607421875e+02 2.401546096801757812e+02
3.829999923706054688e+02 9.836814117431640625e+02 2.406795883178710938e+02
3.829999923706054688e+02 9.831567382812500000e+02 2.411795806884765625e+02
3.836326980590820312e+02 9.835630035400390625e+02 2.405632591247558594e+02
3.829999923706054688e+02 9.826567077636718750e+02 2.416393280029296875e+02
3.820000076293945312e+02 9.833148956298828125e+02 2.413301849365234375e+02
3.820000076293945312e+02 9.828148651123046875e+02 2.417752647399902344e+02
3.809999847412109375e+02 9.834241485595703125e+02 2.414317321777343750e+02
3.809999847412109375e+02 9.829241943359375000e+02 2.418647956848144531e+02
3.809999847412109375e+02 9.839540100097656250e+02 2.409317207336425781e+02
3.801862716674804688e+02 9.834754943847656250e+02 2.414782524108886719e+02
3.835929870605468750e+02 9.825458526611328125e+02 2.415411949157714844e+02
3.839557647705078125e+02 9.820236206054687500e+02 2.418179702758789062e+02
3.842596435546875000e+02 9.823726654052734375e+02 2.413857841491699219e+02
3.848027420043945312e+02 9.817060089111328125e+02 2.416718482971191406e+02
3.830489730834960938e+02 9.851901245117187500e+02 2.389686584472656250e+02
3.835723876953125000e+02 9.845333099365234375e+02 2.395382118225097656e+02
3.839434432983398438e+02 9.847865295410156250e+02 2.390093994140625000e+02
3.847529983520507812e+02 9.846440887451171875e+02 2.386823272705078125e+02
3.842390441894531250e+02 9.843730926513671875e+02 2.393490028381347656e+02
3.839999771118164062e+02 9.853332519531250000e+02 2.382731437683105469e+02
3.834149932861328125e+02 9.854669189453125000e+02 2.384559822082519531e+02
3.827483367919921875e+02 9.855924224853515625e+02 2.386144256591796875e+02
3.820000076293945312e+02 9.857129669189453125e+02 2.387605476379394531e+02
3.820000076293945312e+02 9.862129211425781250e+02 2.381157302856445312e+02
3.809999847412109375e+02 9.858379364013671875e+02 2.389057540893554688e+02
3.809999847412109375e+02 9.863379669189453125e+02 2.382886886596679688e+02
3.799767684936523438e+02 9.858452606201171875e+02 2.390848159790039062e+02
3.789999771118164062e+02 9.859999084472656250e+02 2.389999961853027344e+02
3.800000000000000000e+02 9.864215087890625000e+02 2.384012031555175781e+02
3.789999771118164062e+02 9.864703369140625000e+02 2.384640693664550781e+02
3.800000000000000000e+02 9.868100738525390625e+02 2.379011917114257812e+02
3.800000000000000000e+02 9.873101043701171875e+02 2.372213745117187500e+02
3.809999847412109375e+02 9.867162322998046875e+02 2.377886962890625000e+02
3.789999771118164062e+02 9.868716430664062500e+02 2.379640769958496094e+02
3.789999771118164062e+02 9.873715972900390625e+02 2.373174095153808594e+02
3.779999923706054688e+02 9.869042205810546875e+02 2.379910087585449219e+02
3.770000076293945312e+02 9.869138336181640625e+02 2.379949951171875000e+02
3.779999923706054688e+02 9.864923858642578125e+02 2.384910011291503906e+02
3.779999923706054688e+02 9.874042510986328125e+02 2.373671722412109375e+02
3.770000076293945312e+02 9.874137878417968750e+02 2.373818969726562500e+02
3.779999923706054688e+02 9.877538299560546875e+02 2.368671607971191406e+02
3.779999923706054688e+02 9.882538604736328125e+02 2.361319923400878906e+02
3.789999771118164062e+02 9.877157592773437500e+02 2.368174171447753906e+02
3.770000076293945312e+02 9.877665710449218750e+02 2.368819046020507812e+02
3.770000076293945312e+02 9.882665252685546875e+02 2.361585426330566406e+02
3.759999847412109375e+02 9.877519226074218750e+02 2.368590927124023438e+02
3.750000000000000000e+02 9.877127075195312500e+02 2.368014907836914062e+02
3.759999847412109375e+02 9.873969268798828125e+02 2.373590850830078125e+02
3.759999847412109375e+02 9.882519531250000000e+02 2.361383056640625000e+02
3.750000000000000000e+02 9.882127380371093750e+02 2.360757827758789062e+02
3.759999847412109375e+02 9.885923767089843750e+02 2.356383132934570312e+02
3.759999847412109375e+02 9.889699554443359375e+02 2.350000000000000000e+02
3.770000076293945312e+02 9.886051177978515625e+02 2.356585502624511719e+02
3.750000000000000000e+02 9.885502624511718750e+02 2.355757904052734375e+02
3.750000000000000000e+02 9.888898468017578125e+02 2.350000000000000000e+02
3.743672180175781250e+02 9.885173034667968750e+02 2.355262374877929688e+02
3.740203094482421875e+02 9.882093048095703125e+02 2.359157371520996094e+02
3.740203094482421875e+02 9.887406158447265625e+02 2.350735092163085938e+02
3.729999923706054688e+02 9.887159729003906250e+02 2.348628044128417969e+02
3.737005615234375000e+02 9.884727478027343750e+02 2.354558563232421875e+02
3.739999771118164062e+02 9.892877197265625000e+02 2.340826416015625000e+02
3.739999771118164062e+02 9.895401763916015625e+02 2.335826492309570312e+02
3.750000000000000000e+02 9.893395996093750000e+02 2.341743087768554688e+02
3.730623245239257812e+02 9.892469024658203125e+02 2.339114952087402344e+02
3.720000076293945312e+02 9.890042877197265625e+02 2.339999961853027344e+02
3.727705764770507812e+02 9.894568634033203125e+02 2.334092521667480469e+02
3.734372329711914062e+02 9.895096588134765625e+02 2.335191535949707031e+02
3.730623245239257812e+02 9.896661376953125000e+02 2.330455398559570312e+02
3.739999771118164062e+02 9.898008728027343750e+02 2.329999923706054688e+02
3.729999923706054688e+02 9.900966644287109375e+02 2.319999885559082031e+02
3.720000076293945312e+02 9.896153259277343750e+02 2.327539443969726562e+02
3.720000076293945312e+02 9.893833923339843750e+02 2.332539367675781250e+02
3.713299560546875000e+02 9.895438385009765625e+02 2.325959968566894531e+02
3.720000076293945312e+02 9.899247741699218750e+02 2.319999885559082031e+02
3.709979629516601562e+02 9.896839904785156250e+02 2.320360755920410156e+02
3.720427322387695312e+02 9.903196716308593750e+02 2.309328651428222656e+02
3.709999847412109375e+02 9.900638580322265625e+02 2.309999847412109375e+02
3.717378997802734375e+02 9.904535675048828125e+02 2.303426742553710938e+02
3.724045562744140625e+02 9.905179595947265625e+02 2.305547714233398438e+02
3.729999923706054688e+02 9.903961944580078125e+02 2.311923789978027344e+02
3.729999923706054688e+02 9.905625915527343750e+02 2.306923675537109375e+02
3.739999771118164062e+02 9.904599761962890625e+02 2.313813972473144531e+02
3.739999771118164062e+02 9.902206420898437500e+02 2.319999885559082031e+02
3.739999771118164062e+02 9.906233215332031250e+02 2.308814048767089844e+02
3.746207046508789062e+02 9.904911041259765625e+02 2.314734840393066406e+02
3.749724197387695312e+02 9.903352355957031250e+02 2.319224166870117188e+02
3.749724197387695312e+02 9.906401824951171875e+02 2.310840797424316406e+02
3.750000000000000000e+02 9.909692382812500000e+02 2.300000000000000000e+02
3.752873611450195312e+02 9.905151367187500000e+02 2.315373611450195312e+02
3.759999847412109375e+02 9.907230377197265625e+02 2.309999847412109375e+02
3.759999847412109375e+02 9.910186004638671875e+02 2.300000000000000000e+02
3.759999847412109375e+02 9.905342864990234375e+02 2.315849304199218750e+02
3.770000076293945312e+02 9.907336425781250000e+02 2.309999847412109375e+02
3.770000076293945312e+02 9.910307312011718750e+02 2.300000000000000000e+02
3.770000076293945312e+02 9.905390930175781250e+02 2.315961265563964844e+02
3.779999923706054688e+02 9.906980895996093750e+02 2.309999847412109375e+02
3.779999923706054688e+02 9.910039520263671875e+02 2.300000000000000000e+02
3.779999923706054688e+02 9.905178833007812500e+02 2.315435981750488281e+02
3.789128875732421875e+02 9.906184387207031250e+02 2.310403060913085938e+02
3.791881561279296875e+02 9.904636383056640625e+02 2.314005088806152344e+02
3.789999771118164062e+02 9.909401702880859375e+02 2.300000000000000000e+02
3.785214996337890625e+02 9.905024719238281250e+02 2.315058326721191406e+02
3.800000000000000000e+02 9.905876922607421875e+02 2.307481575012207031e+02
3.800000000000000000e+02 9.908304595947265625e+02 2.300000000000000000e+02
3.806812286376953125e+02 9.905349731445312500e+02 2.305970382690429688e+02
3.800000000000000000e+02 9.904070281982421875e+02 2.312481689453125000e+02
3.800000000000000000e+02 9.901049041748046875e+02 2.319999885559082031e+02
3.810087585449218750e+02 9.903350830078125000e+02 2.309582138061523438e+02
3.813479232788085938e+02 9.904694366455078125e+02 2.304111289978027344e+02
3.809999847412109375e+02 9.899253845214843750e+02 2.319999885559082031e+02
3.820000076293945312e+02 9.900905609130859375e+02 2.309999847412109375e+02
3.820000076293945312e+02 9.903905487060546875e+02 2.301902389526367188e+02
3.819862365722656250e+02 9.896827697753906250e+02 2.320284271240234375e+02
3.830724716186523438e+02 9.897550964355468750e+02 2.310781097412109375e+02
3.827874374389648438e+02 9.895899963378906250e+02 2.317140579223632812e+02
3.838284301757812500e+02 9.896172332763671875e+02 2.307968521118164062e+02
3.834540939331054688e+02 9.894848632812500000e+02 2.314635276794433594e+02
3.829066848754882812e+02 9.902442169189453125e+02 2.299055099487304688e+02
3.831778335571289062e+02 9.904051971435546875e+02 2.292013359069824219e+02
3.825111389160156250e+02 9.905032348632812500e+02 2.295091819763183594e+02
3.840970611572265625e+02 9.897882080078125000e+02 2.300972175598144531e+02
3.844951248168945312e+02 9.894982147216796875e+02 2.304953765869140625e+02
3.839196777343750000e+02 9.902572631835937500e+02 2.289208030700683594e+02
3.847896194458007812e+02 9.896245574951171875e+02 2.298287010192871094e+02
3.850737762451171875e+02 9.897714233398437500e+02 2.290670394897460938e+02
3.850737762451171875e+02 9.893943786621093750e+02 2.300972175598144531e+02
3.854562759399414062e+02 9.894801330566406250e+02 2.294450950622558594e+02
3.850000000000000000e+02 9.890528106689453125e+02 2.309999847412109375e+02
3.859999847412109375e+02 9.889738464355468750e+02 2.300000000000000000e+02
3.860177612304687500e+02 9.893292999267578125e+02 2.290670394897460938e+02
3.859381866455078125e+02 9.886289978027343750e+02 2.309007644653320312e+02
3.866683197021484375e+02 9.886045074462890625e+02 2.300000000000000000e+02
3.870340728759765625e+02 9.887799835205078125e+02 2.289964103698730469e+02
3.865009307861328125e+02 9.885005950927734375e+02 2.305012893676757812e+02
3.871683120727539062e+02 9.882801055908203125e+02 2.300000000000000000e+02
3.873901748657226562e+02 9.884275817871093750e+02 2.293273544311523438e+02
3.869648742675781250e+02 9.879787445068359375e+02 2.309500312805175781e+02
3.879887771606445312e+02 9.877331542968750000e+02 2.299189758300781250e+02
3.883145904541015625e+02 9.873509979248046875e+02 2.301983070373535156e+02
3.879557418823242188e+02 9.881605529785156250e+02 2.289964103698730469e+02
3.876479339599609375e+02 9.876126098632812500e+02 2.307321166992187500e+02
3.885180664062500000e+02 9.875151824951171875e+02 2.295316314697265625e+02
3.886562347412109375e+02 9.876300048828125000e+02 2.289999961853027344e+02
3.889490127563476562e+02 9.869548797607421875e+02 2.299092292785644531e+02
3.893799591064453125e+02 9.863893890380859375e+02 2.302868080139160156e+02
3.891562271118164062e+02 9.871997833251953125e+02 2.289999961853027344e+02
3.886752700805664062e+02 9.866515350341796875e+02 2.309999847412109375e+02
3.895622253417968750e+02 9.865588378906250000e+02 2.296201515197753906e+02
3.897083282470703125e+02 9.866997528076171875e+02 2.289999961853027344e+02
3.899768447875976562e+02 9.859759521484375000e+02 2.299548149108886719e+02
3.903914260864257812e+02 9.853845214843750000e+02 2.302894783020019531e+02
3.902083587646484375e+02 9.862067413330078125e+02 2.289999961853027344e+02
3.897041702270507812e+02 9.857021331787109375e+02 2.309999847412109375e+02
3.905594635009765625e+02 9.855625152587890625e+02 2.296228218078613281e+02
3.906933975219726562e+02 9.857067108154296875e+02 2.289999961853027344e+02
3.908332443237304688e+02 9.860279083251953125e+02 2.279376983642578125e+02
3.911933898925781250e+02 9.851507568359375000e+02 2.289999961853027344e+02
3.913970947265625000e+02 9.853815460205078125e+02 2.279999923706054688e+02
3.916255187988281250e+02 9.846508026123046875e+02 2.289999961853027344e+02
3.921684646606445312e+02 9.839559936523437500e+02 2.290157508850097656e+02
3.918135452270507812e+02 9.848815917968750000e+02 2.279999923706054688e+02
3.915194702148437500e+02 9.845230102539062500e+02 2.295428466796875000e+02
3.923135375976562500e+02 9.842582702636718750e+02 2.279999923706054688e+02
3.925696563720703125e+02 9.835933685302734375e+02 2.286929321289062500e+02
3.914977264404296875e+02 9.854974365234375000e+02 2.274929046630859375e+02
3.903822326660156250e+02 9.863797760009765625e+02 2.282294845581054688e+02
3.905259323120117188e+02 9.865264892578125000e+02 2.275628280639648438e+02
3.906155014038085938e+02 9.866179656982421875e+02 2.269999885559082031e+02
3.899472427368164062e+02 9.869503784179687500e+02 2.278788566589355469e+02
3.893569183349609375e+02 9.873741912841796875e+02 2.281948852539062500e+02
3.901017761230468750e+02 9.871179962158203125e+02 2.269999885559082031e+02
3.895122528076171875e+02 9.875112152099609375e+02 2.275282287597656250e+02
3.896017837524414062e+02 9.875932312011718750e+02 2.269999885559082031e+02
3.890141296386718750e+02 9.877716827392578125e+02 2.279169273376464844e+02
3.889371109008789062e+02 9.881446075439453125e+02 2.269998931884765625e+02
3.882670593261718750e+02 9.883311462402343750e+02 2.279999923706054688e+02
3.884298324584960938e+02 9.884500122070312500e+02 2.273331451416015625e+02
3.877670669555664062e+02 9.886813354492187500e+02 2.279999923706054688e+02
3.880578994750976562e+02 9.887973022460937500e+02 2.269998931884765625e+02
3.875928878784179688e+02 9.885645294189453125e+02 2.286606788635253906e+02
3.869404220581054688e+02 9.892031097412109375e+02 2.279722404479980469e+02
3.863629150390625000e+02 9.894300079345703125e+02 2.282870674133300781e+02
3.872201538085937500e+02 9.893356323242187500e+02 2.269999885559082031e+02
3.865673828125000000e+02 9.895380401611328125e+02 2.276204109191894531e+02
3.860177612304687500e+02 9.896969604492187500e+02 2.279722404479980469e+02
3.867201614379882812e+02 9.896234893798828125e+02 2.269999885559082031e+02
3.859999847412109375e+02 9.899794006347656250e+02 2.269999885559082031e+02
3.870357131958007812e+02 9.897086334228515625e+02 2.259514617919921875e+02
3.859228897094726562e+02 9.902639007568359375e+02 2.259489631652832031e+02
3.870000076293945312e+02 9.899185180664062500e+02 2.250000000000000000e+02
3.875332641601562500e+02 9.895209503173828125e+02 2.255857658386230469e+02
3.873928451538085938e+02 9.894369506835937500e+02 2.262524414062500000e+02
3.879199600219726562e+02 9.891732788085937500e+02 2.259514617919921875e+02
3.881235122680664062e+02 9.892553710937500000e+02 2.250000000000000000e+02
3.886823272705078125e+02 9.886389160156250000e+02 2.259999847412109375e+02
3.891823577880859375e+02 9.882437896728515625e+02 2.259999847412109375e+02
3.888419723510742188e+02 9.887553405761718750e+02 2.250000000000000000e+02
3.885618972778320312e+02 9.885480499267578125e+02 2.266664886474609375e+02
3.893419647216796875e+02 9.883744049072265625e+02 2.250000000000000000e+02
3.890648269653320312e+02 9.887798309326171875e+02 2.239498519897460938e+02
3.889999771118164062e+02 9.889266967773437500e+02 2.229999923706054688e+02
3.895174407958984375e+02 9.885146331787109375e+02 2.235831069946289062e+02
3.894414138793945312e+02 9.884539794921875000e+02 2.242497634887695312e+02
3.882465744018554688e+02 9.893388366699218750e+02 2.239999961853027344e+02
3.883161926269531250e+02 9.893860626220703125e+02 2.229999923706054688e+02
3.877465438842773438e+02 9.896492767333984375e+02 2.239999961853027344e+02
3.878161621093750000e+02 9.896877288818359375e+02 2.229999923706054688e+02
3.870000076293945312e+02 9.900572204589843750e+02 2.239999961853027344e+02
3.876235198974609375e+02 9.895765686035156250e+02 2.250000000000000000e+02
3.862935638427734375e+02 9.904080200195312500e+02 2.239999961853027344e+02
3.870000076293945312e+02 9.901297760009765625e+02 2.229999923706054688e+02
3.863686752319335938e+02 9.904419708251953125e+02 2.229999923706054688e+02
3.870000076293945312e+02 9.901486206054687500e+02 2.219999885559082031e+02
3.863882446289062500e+02 9.904505920410156250e+02 2.219999885559082031e+02
3.870000076293945312e+02 9.901132202148437500e+02 2.209999847412109375e+02
3.878374862670898438e+02 9.896980285644531250e+02 2.219999885559082031e+02
3.878142166137695312e+02 9.896810150146484375e+02 2.209999847412109375e+02
3.883375167846679688e+02 9.894007873535156250e+02 2.219999885559082031e+02
3.883142089843750000e+02 9.893891906738281250e+02 2.209999847412109375e+02
3.889999771118164062e+02 9.889639282226562500e+02 2.219999885559082031e+02
3.889999771118164062e+02 9.889453887939453125e+02 2.209999847412109375e+02
3.895773696899414062e+02 9.885631561279296875e+02 2.219999885559082031e+02
3.895698165893554688e+02 9.885562133789062500e+02 2.209999847412109375e+02
3.895493316650390625e+02 9.885407257080078125e+02 2.229999923706054688e+02
3.900774002075195312e+02 9.881375885009765625e+02 2.219999885559082031e+02
3.900698089599609375e+02 9.881381988525390625e+02 2.209999847412109375e+02
3.900493240356445312e+02 9.881063079833984375e+02 2.229999923706054688e+02
3.906470870971679688e+02 9.876376342773437500e+02 2.219999885559082031e+02
3.906119155883789062e+02 9.876063537597656250e+02 2.229999923706054688e+02
3.911471176147460938e+02 9.871514129638671875e+02 2.219999885559082031e+02
3.911119461059570312e+02 9.871092224121093750e+02 2.229999923706054688e+02
3.916430282592773438e+02 9.866513824462890625e+02 2.219999885559082031e+02
3.905568695068359375e+02 9.875546264648437500e+02 2.237661743164062500e+02
3.900011444091796875e+02 9.880043029785156250e+02 2.240079689025878906e+02
3.904848480224609375e+02 9.874853515625000000e+02 2.244328308105468750e+02
3.899137496948242188e+02 9.878743743896484375e+02 2.250000000000000000e+02
3.904137802124023438e+02 9.874166870117187500e+02 2.250000000000000000e+02
3.897677230834960938e+02 9.877437591552734375e+02 2.259999847412109375e+02
3.902677154541015625e+02 9.872758483886718750e+02 2.259999847412109375e+02
3.895382308959960938e+02 9.885304260253906250e+02 2.202132797241210938e+02
3.890955352783203125e+02 9.887972259521484375e+02 2.199279594421386719e+02
3.894925689697265625e+02 9.884948730468750000e+02 2.195466232299804688e+02
3.882400512695312500e+02 9.893486785888671875e+02 2.200000000000000000e+02
3.889129257202148438e+02 9.887727355957031250e+02 2.189999961853027344e+02
3.881102752685546875e+02 9.892726898193359375e+02 2.189999961853027344e+02
3.887442016601562500e+02 9.886633300781250000e+02 2.179999923706054688e+02
3.892442321777343750e+02 9.883208465576171875e+02 2.179999923706054688e+02
3.879121017456054688e+02 9.891885375976562500e+02 2.180708885192871094e+02
3.886009597778320312e+02 9.885682678222656250e+02 2.172522735595703125e+02
3.880762481689453125e+02 9.888039398193359375e+02 2.169513702392578125e+02
3.889605712890625000e+02 9.882305908203125000e+02 2.169513702392578125e+02
3.890673828125000000e+02 9.878463745117187500e+02 2.159694862365722656e+02
3.884603881835937500e+02 9.884752655029296875e+02 2.165856170654296875e+02
3.897330093383789062e+02 9.876818084716796875e+02 2.169999885559082031e+02
3.895931625366210938e+02 9.875720977783203125e+02 2.162824821472167969e+02
3.899559020996093750e+02 9.871797943115234375e+02 2.159694862365722656e+02
3.900350189208984375e+02 9.867985534667968750e+02 2.150451278686523438e+02
3.894456481933593750e+02 9.874599456787109375e+02 2.156158065795898438e+02
3.906494522094726562e+02 9.866297912597656250e+02 2.159999847412109375e+02
3.911494445800781250e+02 9.861859130859375000e+02 2.159999847412109375e+02
3.905372619628906250e+02 9.865319824218750000e+02 2.154085350036621094e+02
3.909944534301757812e+02 9.859918975830078125e+02 2.150165939331054688e+02
3.903917312622070312e+02 9.864131927490234375e+02 2.147418785095214844e+02
3.892913436889648438e+02 9.873492431640625000e+02 2.150000000000000000e+02
3.887913513183593750e+02 9.877049255371093750e+02 2.150000000000000000e+02
3.886095046997070312e+02 9.875765991210937500e+02 2.143113136291503906e+02
3.879678344726562500e+02 9.882314300537109375e+02 2.149866485595703125e+02
3.874032592773437500e+02 9.884458923339843750e+02 2.146444320678710938e+02
3.880419921875000000e+02 9.877994537353515625e+02 2.139867782592773438e+02
3.876130676269531250e+02 9.885678100585937500e+02 2.153111076354980469e+02
3.883050918579101562e+02 9.883789062500000000e+02 2.159999847412109375e+02
3.878050994873046875e+02 9.886823272705078125e+02 2.159999847412109375e+02
3.869257736206054688e+02 9.891936492919921875e+02 2.160574722290039062e+02
3.863198471069335938e+02 9.894129943847656250e+02 2.157624626159667969e+02
3.870419692993164062e+02 9.887641906738281250e+02 2.149866485595703125e+02
3.865429306030273438e+02 9.895227813720703125e+02 2.164291381835937500e+02
3.871846389770507812e+02 9.893287658691406250e+02 2.169999885559082031e+02
3.866846466064453125e+02 9.895965576171875000e+02 2.169999885559082031e+02
3.873699569702148438e+02 9.894297790527343750e+02 2.177848052978515625e+02
3.870219802856445312e+02 9.896793365478515625e+02 2.180708885192871094e+02
3.870000076293945312e+02 9.898757171630859375e+02 2.189999961853027344e+02
3.875201797485351562e+02 9.895115661621093750e+02 2.184514808654785156e+02
3.859000396728515625e+02 9.902271270751953125e+02 2.180998992919921875e+02
3.859999847412109375e+02 9.899225616455078125e+02 2.169999885559082031e+02
3.853096771240234375e+02 9.904246520996093750e+02 2.178331756591796875e+02
3.855000686645507812e+02 9.905000305175781250e+02 2.184998321533203125e+02
3.860906982421875000e+02 9.903137207031250000e+02 2.189999961853027344e+02
3.855907058715820312e+02 9.905397033691406250e+02 2.189999961853027344e+02
3.862452316284179688e+02 9.903853607177734375e+02 2.200000000000000000e+02
3.857452392578125000e+02 9.906053161621093750e+02 2.200000000000000000e+02
3.863472747802734375e+02 9.904322814941406250e+02 2.209999847412109375e+02
3.870000076293945312e+02 9.900209045410156250e+02 2.200000000000000000e+02
3.877400588989257812e+02 9.896356201171875000e+02 2.200000000000000000e+02
3.876102828979492188e+02 9.895619964599609375e+02 2.189999961853027344e+02
3.858472442626953125e+02 9.906466674804687500e+02 2.209999847412109375e+02
3.858882522583007812e+02 9.906630706787109375e+02 2.219999885559082031e+02
3.850000000000000000e+02 9.909555053710937500e+02 2.209999847412109375e+02
3.839999771118164062e+02 9.912789916992187500e+02 2.209999847412109375e+02
3.850000000000000000e+02 9.908800506591796875e+02 2.200000000000000000e+02
3.850000000000000000e+02 9.909845733642578125e+02 2.219999885559082031e+02
3.839999771118164062e+02 9.913040924072265625e+02 2.219999885559082031e+02
3.850000000000000000e+02 9.909690093994140625e+02 2.229999923706054688e+02
3.839999771118164062e+02 9.912856292724609375e+02 2.229999923706054688e+02
3.850000000000000000e+02 9.909125518798828125e+02 2.239999961853027344e+02
3.858686447143554688e+02 9.906548309326171875e+02 2.229999923706054688e+02
3.857935714721679688e+02 9.906245422363281250e+02 2.239999961853027344e+02
3.856490707397460938e+02 9.905642700195312500e+02 2.250000000000000000e+02
3.861490631103515625e+02 9.903420257568359375e+02 2.250000000000000000e+02
3.850000000000000000e+02 9.907981109619140625e+02 2.250000000000000000e+02
3.855381393432617188e+02 9.905167388916015625e+02 2.255816078186035156e+02
3.850162887573242188e+02 9.906319427490234375e+02 2.259489631652832031e+02
3.853605270385742188e+02 9.904464721679687500e+02 2.262482643127441406e+02
3.839999771118164062e+02 9.909601593017578125e+02 2.259999847412109375e+02
3.846938323974609375e+02 9.905712890625000000e+02 2.268072891235351562e+02
3.850162887573242188e+02 9.903809356689453125e+02 2.270843696594238281e+02
3.840886688232421875e+02 9.907081604003906250e+02 2.270843696594238281e+02
3.837604141235351562e+02 9.905832672119140625e+02 2.279999923706054688e+02
3.844810867309570312e+02 9.904936981201171875e+02 2.274739646911621094e+02
3.829999923706054688e+02 9.910444641113281250e+02 2.269999885559082031e+02
3.829999923706054688e+02 9.912480163574218750e+02 2.259999847412109375e+02
3.829999923706054688e+02 9.907991027832031250e+02 2.279999923706054688e+02
3.819245147705078125e+02 9.913278198242187500e+02 2.269244956970214844e+02
3.822528076171875000e+02 9.914402770996093750e+02 2.259999847412109375e+02
3.820000076293945312e+02 9.910444641113281250e+02 2.279999923706054688e+02
3.815408325195312500e+02 9.915095520019531250e+02 2.265408325195312500e+02
3.809999847412109375e+02 9.914402770996093750e+02 2.272528266906738281e+02
3.804265594482421875e+02 9.914908599853515625e+02 2.274629211425781250e+02
3.809999847412109375e+02 9.912480163574218750e+02 2.279999923706054688e+02
3.809999847412109375e+02 9.915594482421875000e+02 2.267528152465820312e+02
3.809999847412109375e+02 9.917074584960937500e+02 2.259999847412109375e+02
3.800559234619140625e+02 9.916271209716796875e+02 2.270777511596679688e+02
3.789999771118164062e+02 9.917557525634765625e+02 2.269999885559082031e+02
3.800000000000000000e+02 9.918593597412109375e+02 2.259999847412109375e+02
3.797599029541015625e+02 9.915309143066406250e+02 2.276181983947753906e+02
3.800559234619140625e+02 9.914006805419921875e+02 2.279709243774414062e+02
3.789999771118164062e+02 9.915657806396484375e+02 2.277495574951171875e+02
3.789999771118164062e+02 9.914320373535156250e+02 2.282495498657226562e+02
3.779999923706054688e+02 9.915940093994140625e+02 2.278495979309082031e+02
3.770000076293945312e+02 9.915988922119140625e+02 2.278712272644042969e+02
3.779999923706054688e+02 9.918183135986328125e+02 2.269999885559082031e+02
3.779999923706054688e+02 9.914582061767578125e+02 2.283496093750000000e+02
3.770000076293945312e+02 9.914643859863281250e+02 2.283712196350097656e+02
3.779999923706054688e+02 9.912818908691406250e+02 2.289999961853027344e+02
3.770000076293945312e+02 9.913005828857421875e+02 2.289999961853027344e+02
3.789999771118164062e+02 9.912259674072265625e+02 2.289999961853027344e+02
3.800000000000000000e+02 9.911254882812500000e+02 2.289999961853027344e+02
3.809999847412109375e+02 9.909738922119140625e+02 2.289999961853027344e+02
3.810087585449218750e+02 9.906538391113281250e+02 2.300466728210449219e+02
3.820000076293945312e+02 9.907695770263671875e+02 2.289999961853027344e+02
3.820000076293945312e+02 9.905628204345703125e+02 2.296902465820312500e+02
3.829066848754882812e+02 9.905685424804687500e+02 2.289208030700683594e+02
3.835327529907226562e+02 9.905107116699218750e+02 2.285346794128417969e+02
3.759999847412109375e+02 9.912828826904296875e+02 2.289999961853027344e+02
3.750000000000000000e+02 9.912313842773437500e+02 2.289999961853027344e+02
3.759999847412109375e+02 9.914530181884765625e+02 2.283194160461425781e+02
3.750000000000000000e+02 9.914260101318359375e+02 2.281939697265625000e+02
3.759999847412109375e+02 9.915810394287109375e+02 2.278194046020507812e+02
3.750000000000000000e+02 9.915464782714843750e+02 2.276939582824707031e+02
3.759999847412109375e+02 9.917823791503906250e+02 2.269999885559082031e+02
3.759999847412109375e+02 9.919905090332031250e+02 2.259999847412109375e+02
3.770000076293945312e+02 9.918267822265625000e+02 2.269999885559082031e+02
3.750000000000000000e+02 9.917038726806640625e+02 2.269999885559082031e+02
3.740038299560546875e+02 9.915912628173828125e+02 2.270427513122558594e+02
3.750000000000000000e+02 9.918985748291015625e+02 2.259999847412109375e+02
3.739999771118164062e+02 9.917829895019531250e+02 2.259999847412109375e+02
3.750000000000000000e+02 9.920535278320312500e+02 2.250000000000000000e+02
3.739999771118164062e+02 9.919281005859375000e+02 2.250000000000000000e+02
3.759999847412109375e+02 9.921584320068359375e+02 2.250000000000000000e+02
3.750000000000000000e+02 9.921883392333984375e+02 2.239999961853027344e+02
3.739999771118164062e+02 9.920470428466796875e+02 2.239999961853027344e+02
3.750000000000000000e+02 9.922969818115234375e+02 2.229999923706054688e+02
3.759999847412109375e+02 9.923110961914062500e+02 2.239999961853027344e+02
3.770000076293945312e+02 9.923883056640625000e+02 2.239999961853027344e+02
3.760184478759765625e+02 9.924379730224609375e+02 2.229966735839843750e+02
3.757892990112304688e+02 9.924623870849609375e+02 2.219999885559082031e+02
3.763640975952148438e+02 9.925170135498046875e+02 2.226611137390136719e+02
3.770000076293945312e+02 9.924822235107421875e+02 2.233403587341308594e+02
3.779999923706054688e+02 9.924749755859375000e+02 2.232647705078125000e+02
3.770000076293945312e+02 9.925369262695312500e+02 2.228403472900390625e+02
3.770000076293945312e+02 9.925744628906250000e+02 2.219999885559082031e+02
3.779999923706054688e+02 9.925286865234375000e+02 2.227647781372070312e+02
3.785442352294921875e+02 9.925061035156250000e+02 2.225603485107421875e+02
3.779999923706054688e+02 9.925576782226562500e+02 2.219999885559082031e+02
3.780150222778320312e+02 9.925311279296875000e+02 2.210204315185546875e+02
3.785684967041015625e+02 9.925093841552734375e+02 2.219999885559082031e+02
3.785470962524414062e+02 9.925064849853515625e+02 2.213673973083496094e+02
3.790684890747070312e+02 9.924384307861328125e+02 2.219999885559082031e+02
3.789282608032226562e+02 9.924359130859375000e+02 2.210204315185546875e+02
3.800000000000000000e+02 9.922920989990234375e+02 2.219999885559082031e+02
3.789265441894531250e+02 9.924150848388671875e+02 2.229362106323242188e+02
3.789999771118164062e+02 9.922854614257812500e+02 2.239999961853027344e+02
3.800000000000000000e+02 9.922502899169921875e+02 2.229999923706054688e+02
3.800000000000000000e+02 9.921536254882812500e+02 2.239999961853027344e+02
3.809999847412109375e+02 9.920772552490234375e+02 2.229999923706054688e+02
3.809999847412109375e+02 9.921132659912109375e+02 2.219999885559082031e+02
3.809999847412109375e+02 9.919912719726562500e+02 2.239999961853027344e+02
3.820000076293945312e+02 9.918523406982421875e+02 2.229999923706054688e+02
3.820000076293945312e+02 9.918835449218750000e+02 2.219999885559082031e+02
3.820000076293945312e+02 9.917762756347656250e+02 2.239999961853027344e+02
3.828991317749023438e+02 9.916101074218750000e+02 2.229999923706054688e+02
3.829404449462890625e+02 9.916239166259765625e+02 2.219999885559082031e+02
3.827828979492187500e+02 9.915756988525390625e+02 2.239999961853027344e+02
3.833991241455078125e+02 9.914714050292968750e+02 2.229999923706054688e+02
3.834404754638671875e+02 9.914825439453125000e+02 2.219999885559082031e+02
3.832829284667968750e+02 9.914402770996093750e+02 2.239999961853027344e+02
3.839999771118164062e+02 9.912282562255859375e+02 2.239999961853027344e+02
3.829826736450195312e+02 9.914035034179687500e+02 2.250613021850585938e+02
3.826377868652343750e+02 9.915364837646484375e+02 2.247688484191894531e+02
3.839999771118164062e+02 9.911199951171875000e+02 2.250000000000000000e+02
3.824629211425781250e+02 9.914908599853515625e+02 2.254355049133300781e+02
3.820777511596679688e+02 9.916339874267578125e+02 2.250613021850585938e+02
3.817528152465820312e+02 9.915594482421875000e+02 2.259999847412109375e+02
3.809999847412109375e+02 9.918681335449218750e+02 2.250000000000000000e+02
3.800000000000000000e+02 9.920226287841796875e+02 2.250000000000000000e+02
3.789999771118164062e+02 9.921410369873046875e+02 2.250000000000000000e+02
3.779999923706054688e+02 9.922196197509765625e+02 2.250000000000000000e+02
3.789999771118164062e+02 9.919702911376953125e+02 2.259999847412109375e+02
3.779999923706054688e+02 9.920414733886718750e+02 2.259999847412109375e+02
3.770000076293945312e+02 9.920476531982421875e+02 2.259999847412109375e+02
3.770000076293945312e+02 9.922258758544921875e+02 2.250000000000000000e+02
3.779999923706054688e+02 9.923773956298828125e+02 2.239999961853027344e+02
3.833976745605468750e+02 9.914701080322265625e+02 2.209999847412109375e+02
3.832801055908203125e+02 9.914363098144531250e+02 2.200000000000000000e+02
3.828976821899414062e+02 9.916117095947265625e+02 2.209999847412109375e+02
3.827801132202148438e+02 9.915783691406250000e+02 2.200000000000000000e+02
3.820000076293945312e+02 9.918583679199218750e+02 2.209999847412109375e+02
3.809999847412109375e+02 9.920896148681640625e+02 2.209999847412109375e+02
3.820000076293945312e+02 9.917880249023437500e+02 2.200000000000000000e+02
3.809999847412109375e+02 9.920177459716796875e+02 2.200000000000000000e+02
3.820923614501953125e+02 9.916462707519531250e+02 2.189154815673828125e+02
3.824872589111328125e+02 9.914966583251953125e+02 2.185258102416992188e+02
3.817864608764648438e+02 9.915724945068359375e+02 2.179999923706054688e+02
3.809999847412109375e+02 9.919062805175781250e+02 2.189999961853027344e+02
3.826377487182617188e+02 9.915384674072265625e+02 2.191924858093261719e+02
3.829826354980468750e+02 9.914042663574218750e+02 2.189154815673828125e+02
3.829999923706054688e+02 9.912443542480468750e+02 2.179999923706054688e+02
3.839999771118164062e+02 9.911009979248046875e+02 2.189999961853027344e+02
3.839999771118164062e+02 9.909323883056640625e+02 2.179999923706054688e+02
3.839999771118164062e+02 9.912110900878906250e+02 2.200000000000000000e+02
3.850000000000000000e+02 9.907578277587890625e+02 2.189999961853027344e+02
3.849858093261718750e+02 9.906061553955078125e+02 2.180998992919921875e+02
3.846430206298828125e+02 9.905545806884765625e+02 2.172580909729003906e+02
3.840627670288085938e+02 9.906864166259765625e+02 2.169548606872558594e+02
3.849858093261718750e+02 9.903479003906250000e+02 2.169548606872558594e+02
3.844379806518554688e+02 9.904784393310546875e+02 2.165914344787597656e+02
3.850000000000000000e+02 9.900756072998046875e+02 2.159999847412109375e+02
3.840627670288085938e+02 9.904048919677734375e+02 2.159207725524902344e+02
3.850355148315429688e+02 9.897238159179687500e+02 2.149770927429199219e+02
3.859918975830078125e+02 9.896627044677734375e+02 2.160574722290039062e+02
3.856531524658203125e+02 9.895715332031250000e+02 2.152951622009277344e+02
3.859918975830078125e+02 9.892953491210937500e+02 2.149770927429199219e+02
3.853925323486328125e+02 9.894531250000000000e+02 2.146285057067871094e+02
3.860913467407226562e+02 9.888388824462890625e+02 2.139103507995605469e+02
3.867366027832031250e+02 9.886261749267578125e+02 2.141839027404785156e+02
3.870419692993164062e+02 9.883491516113281250e+02 2.139103507995605469e+02
3.839999771118164062e+02 9.901233673095703125e+02 2.150000000000000000e+02
3.847258758544921875e+02 9.895940399169921875e+02 2.142675209045410156e+02
3.830792236328125000e+02 9.904048919677734375e+02 2.149372100830078125e+02
3.824158096313476562e+02 9.904784393310546875e+02 2.145620155334472656e+02
3.827986907958984375e+02 9.905900573730468750e+02 2.152286911010742188e+02
3.834653472900390625e+02 9.904890441894531250e+02 2.155346298217773438e+02
3.830792236328125000e+02 9.907205200195312500e+02 2.159207725524902344e+02
3.820000076293945312e+02 9.910370635986328125e+02 2.159999847412109375e+02
3.837712860107421875e+02 9.905900573730468750e+02 2.162013053894042969e+02
3.829999923706054688e+02 9.910297393798828125e+02 2.169999885559082031e+02
3.819367980957031250e+02 9.913311767578125000e+02 2.170605850219726562e+02
3.815613555908203125e+02 9.915154266357421875e+02 2.174343109130859375e+02
3.822864532470703125e+02 9.914445495605468750e+02 2.179999923706054688e+02
3.812038040161132812e+02 9.914350128173828125e+02 2.167676353454589844e+02
3.809222793579101562e+02 9.913100433349609375e+02 2.160832023620605469e+02
3.809222793579101562e+02 9.915642547607421875e+02 2.170605850219726562e+02
3.800000000000000000e+02 9.917137908935546875e+02 2.169999885559082031e+02
3.805371093750000000e+02 9.915079498291015625e+02 2.164720153808593750e+02
3.809999847412109375e+02 9.917453765869140625e+02 2.179999923706054688e+02
3.800000000000000000e+02 9.919232177734375000e+02 2.179999923706054688e+02
3.800000000000000000e+02 9.920837402343750000e+02 2.189999961853027344e+02
3.789999771118164062e+02 9.920544433593750000e+02 2.179999923706054688e+02
3.779999923706054688e+02 9.921318817138671875e+02 2.179999923706054688e+02
3.789999771118164062e+02 9.918402862548828125e+02 2.169999885559082031e+02
3.789999771118164062e+02 9.922198486328125000e+02 2.189999961853027344e+02
3.789999771118164062e+02 9.923456573486328125e+02 2.200000000000000000e+02
3.779999923706054688e+02 9.923025512695312500e+02 2.189999961853027344e+02
3.770000076293945312e+02 9.923133850097656250e+02 2.189999961853027344e+02
3.780150222778320312e+02 9.924456787109375000e+02 2.200376129150390625e+02
3.783583831787109375e+02 9.924897766113281250e+02 2.207007408142089844e+02
3.776917266845703125e+02 9.925131988525390625e+02 2.203960227966308594e+02
3.770000076293945312e+02 9.924468994140625000e+02 2.199146080017089844e+02
3.770000076293945312e+02 9.925108337402343750e+02 2.204146194458007812e+02
3.760940551757812500e+02 9.924053955078125000e+02 2.200940704345703125e+02
3.750000000000000000e+02 9.922478485107421875e+02 2.200000000000000000e+02
3.759999847412109375e+02 9.922478485107421875e+02 2.189999961853027344e+02
3.758838272094726562e+02 9.924514007568359375e+02 2.209999847412109375e+02
3.764901351928710938e+02 9.925012207031250000e+02 2.204901123046875000e+02
3.763838195800781250e+02 9.925143432617187500e+02 2.209999847412109375e+02
3.762892913818359375e+02 9.925262451171875000e+02 2.219999885559082031e+02
3.770000076293945312e+02 9.925483703613281250e+02 2.209999847412109375e+02
3.750000000000000000e+02 9.923225402832031250e+02 2.209999847412109375e+02
3.739999771118164062e+02 9.921559143066406250e+02 2.209999847412109375e+02
3.750000000000000000e+02 9.923442840576171875e+02 2.219999885559082031e+02
3.739999771118164062e+02 9.921761322021484375e+02 2.219999885559082031e+02
3.729999923706054688e+02 9.919982910156250000e+02 2.219999885559082031e+02
3.739999771118164062e+02 9.921376800537109375e+02 2.229999923706054688e+02
3.729999923706054688e+02 9.919661712646484375e+02 2.229999923706054688e+02
3.729999923706054688e+02 9.918871307373046875e+02 2.239999961853027344e+02
3.720000076293945312e+02 9.917546844482421875e+02 2.229999923706054688e+02
3.712310409545898438e+02 9.915658569335937500e+02 2.229999923706054688e+02
3.720000076293945312e+02 9.917818450927734375e+02 2.219999885559082031e+02
3.720000076293945312e+02 9.916855621337890625e+02 2.239999961853027344e+02
3.713527297973632812e+02 9.915348052978515625e+02 2.239999961853027344e+02
3.719712829589843750e+02 9.915835571289062500e+02 2.249565315246582031e+02
3.714575576782226562e+02 9.915098571777343750e+02 2.245942115783691406e+02
3.722854614257812500e+02 9.915449523925781250e+02 2.257847976684570312e+02
3.729999923706054688e+02 9.917773437500000000e+02 2.250000000000000000e+02
3.716188049316406250e+02 9.914740753173828125e+02 2.252608871459960938e+02
3.710745239257812500e+02 9.913808441162109375e+02 2.249565315246582031e+02
3.719712829589843750e+02 9.914334106445312500e+02 2.260708808898925781e+02
3.720000076293945312e+02 9.912792968750000000e+02 2.269999885559082031e+02
3.725470352172851562e+02 9.914920043945312500e+02 2.264514541625976562e+02
3.709999847412109375e+02 9.912303924560546875e+02 2.259999847412109375e+02
3.700000000000000000e+02 9.909719085693359375e+02 2.259999847412109375e+02
3.709999847412109375e+02 9.910668945312500000e+02 2.269999885559082031e+02
3.700000000000000000e+02 9.908133697509765625e+02 2.269999885559082031e+02
3.709999847412109375e+02 9.908756256103515625e+02 2.279999923706054688e+02
3.699896240234375000e+02 9.906223297119140625e+02 2.279798698425292969e+02
3.709755706787109375e+02 9.906388854980468750e+02 2.290267181396484375e+02
3.720000076293945312e+02 9.910815429687500000e+02 2.279999923706054688e+02
3.720000076293945312e+02 9.908596801757812500e+02 2.289999961853027344e+02
3.729999923706054688e+02 9.912520599365234375e+02 2.279999923706054688e+02
3.729282379150390625e+02 9.914398956298828125e+02 2.270427513122558594e+02
3.729999923706054688e+02 9.910244750976562500e+02 2.289999961853027344e+02
3.740038299560546875e+02 9.913955688476562500e+02 2.279456520080566406e+02
3.736730957031250000e+02 9.914804840087890625e+02 2.274045944213867188e+02
3.739999771118164062e+02 9.911485290527343750e+02 2.289999961853027344e+02
3.743397521972656250e+02 9.915173339843750000e+02 2.275761032104492188e+02
3.739999771118164062e+02 9.908878326416015625e+02 2.300000000000000000e+02
3.729999923706054688e+02 9.907659149169921875e+02 2.300000000000000000e+02
3.720427322387695312e+02 9.906078338623046875e+02 2.300056076049804688e+02
3.712926101684570312e+02 9.905500793457031250e+02 2.296759986877441406e+02
3.709755706787109375e+02 9.903744506835937500e+02 2.300056076049804688e+02
3.706259536743164062e+02 9.904682922363281250e+02 2.293778610229492188e+02
3.700000000000000000e+02 9.901051330566406250e+02 2.300000000000000000e+02
3.689303588867187500e+02 9.897328186035156250e+02 2.300646781921386719e+02
3.699896240234375000e+02 9.903749847412109375e+02 2.290267181396484375e+02
3.699285507202148438e+02 9.897360992431640625e+02 2.310743522644042969e+02
3.695475769042968750e+02 9.894843292236328125e+02 2.314572715759277344e+02
3.692172622680664062e+02 9.896016693115234375e+02 2.307905960083007812e+02
3.702142715454101562e+02 9.895895385742187500e+02 2.317267990112304688e+02
3.699285507202148438e+02 9.893720245361328125e+02 2.320360755920410156e+02
3.706632995605468750e+02 9.894561004638671875e+02 2.323934555053710938e+02
3.700000000000000000e+02 9.889730834960937500e+02 2.329999923706054688e+02
3.689999771118164062e+02 9.890644073486328125e+02 2.319999885559082031e+02
3.680187988281250000e+02 9.886865997314453125e+02 2.319785499572753906e+02
3.689303588867187500e+02 9.893969726562500000e+02 2.310743522644042969e+02
3.690570449829101562e+02 9.886591339111328125e+02 2.329753303527832031e+02
3.694284057617187500e+02 9.885266876220703125e+02 2.335494041442871094e+02
3.683647155761718750e+02 9.885588836669921875e+02 2.326255607604980469e+02
3.687617111206054688e+02 9.883992767333984375e+02 2.332922363281250000e+02
3.680187988281250000e+02 9.882386016845703125e+02 2.329753303527832031e+02
3.690570449829101562e+02 9.881759643554687500e+02 2.339296340942382812e+02
3.680300521850585938e+02 9.877225494384765625e+02 2.339959144592285156e+02
3.689999771118164062e+02 9.876704406738281250e+02 2.347764015197753906e+02
3.700000000000000000e+02 9.883483886718750000e+02 2.342264938354492188e+02
3.699519729614257812e+02 9.878286743164062500e+02 2.350715255737304688e+02
3.700000000000000000e+02 9.886213684082031250e+02 2.337264823913574219e+02
3.706644439697265625e+02 9.884549713134765625e+02 2.344192504882812500e+02
3.709986877441406250e+02 9.882252502441406250e+02 2.349438476562500000e+02
3.709986877441406250e+02 9.887404632568359375e+02 2.340515518188476562e+02
3.709979629516601562e+02 9.892873382568359375e+02 2.329575920104980469e+02
3.713311386108398438e+02 9.885446166992187500e+02 2.345730972290039062e+02
3.720000076293945312e+02 9.886209106445312500e+02 2.347007369995117188e+02
3.720000076293945312e+02 9.883132934570312500e+02 2.352007484436035156e+02
3.720341873168945312e+02 9.877660369873046875e+02 2.360529327392578125e+02
3.729999923706054688e+02 9.884149932861328125e+02 2.353628158569335938e+02
3.729999923706054688e+02 9.879964447021484375e+02 2.359999847412109375e+02
3.729999923706054688e+02 9.875814819335937500e+02 2.366122245788574219e+02
3.723902893066406250e+02 9.875256347656250000e+02 2.365353202819824219e+02
3.729999923706054688e+02 9.872116088867187500e+02 2.371122169494628906e+02
3.739999771118164062e+02 9.876570892333984375e+02 2.367191696166992188e+02
3.739999771118164062e+02 9.872914886474609375e+02 2.372191619873046875e+02
3.739999771118164062e+02 9.867914581298828125e+02 2.378609848022460938e+02
3.750000000000000000e+02 9.873543548583984375e+02 2.373015022277832031e+02
3.750000000000000000e+02 9.868544006347656250e+02 2.379334068298339844e+02
3.750000000000000000e+02 9.864439392089843750e+02 2.384334182739257812e+02
3.759999847412109375e+02 9.868968963623046875e+02 2.379765892028808594e+02
3.759999847412109375e+02 9.864799499511718750e+02 2.384765815734863281e+02
3.759999847412109375e+02 9.860121154785156250e+02 2.389999961853027344e+02
3.770000076293945312e+02 9.864956665039062500e+02 2.384950065612792969e+02
3.770000076293945312e+02 9.860401916503906250e+02 2.389999961853027344e+02
3.770000076293945312e+02 9.855445098876953125e+02 2.395458030700683594e+02
3.779999923706054688e+02 9.860354614257812500e+02 2.389999961853027344e+02
3.779999923706054688e+02 9.855431365966796875e+02 2.395445251464843750e+02
3.789999771118164062e+02 9.855295562744140625e+02 2.395309638977050781e+02
3.759999847412109375e+02 9.855322265625000000e+02 2.395334434509277344e+02
3.753222656250000000e+02 9.855150604248046875e+02 2.395158195495605469e+02
3.759999847412109375e+02 9.850401306152343750e+02 2.400334358215332031e+02
3.749391555786132812e+02 9.850038909912109375e+02 2.400056076049804688e+02
3.746556091308593750e+02 9.854861450195312500e+02 2.394850540161132812e+02
3.752227401733398438e+02 9.845217132568359375e+02 2.405212402343750000e+02
3.745560836791992188e+02 9.844953155517578125e+02 2.404953956604003906e+02
3.739999771118164062e+02 9.849421691894531250e+02 2.399555778503417969e+02
3.739999771118164062e+02 9.844548034667968750e+02 2.404555702209472656e+02
3.739999771118164062e+02 9.854421997070312500e+02 2.394369888305664062e+02
3.729999923706054688e+02 9.848651885986328125e+02 2.398785591125488281e+02
3.720000076293945312e+02 9.847595214843750000e+02 2.397705841064453125e+02
3.729999923706054688e+02 9.843764495849609375e+02 2.403785705566406250e+02
3.729999923706054688e+02 9.853652191162109375e+02 2.393511962890625000e+02
3.729999923706054688e+02 9.858069610595703125e+02 2.388512039184570312e+02
3.720000076293945312e+02 9.852595520019531250e+02 2.392329597473144531e+02
3.709043884277343750e+02 9.851939392089843750e+02 2.389639663696289062e+02
3.720000076293945312e+02 9.857028961181640625e+02 2.387329483032226562e+02
3.720000076293945312e+02 9.862029266357421875e+02 2.381349754333496094e+02
3.711739730834960938e+02 9.855933380126953125e+02 2.386066055297851562e+02
3.709481048583984375e+02 9.860150909423828125e+02 2.380178260803222656e+02
3.707221984863281250e+02 9.864368438720703125e+02 2.374189376831054688e+02
3.713888549804687500e+02 9.865304565429687500e+02 2.375382614135742188e+02
3.700000000000000000e+02 9.858135986328125000e+02 2.378815269470214844e+02
3.705073165893554688e+02 9.854977416992187500e+02 2.384973907470703125e+02
3.700000000000000000e+02 9.853971099853515625e+02 2.383815193176269531e+02
3.700563430786132812e+02 9.848355102539062500e+02 2.390296554565429688e+02
3.689999771118164062e+02 9.851913452148437500e+02 2.381447219848632812e+02
3.680941009521484375e+02 9.849552917480468750e+02 2.379479598999023438e+02
3.689999771118164062e+02 9.846913146972656250e+02 2.387081336975097656e+02
3.689999771118164062e+02 9.856204223632812500e+02 2.376447296142578125e+02
3.689881896972656250e+02 9.861595916748046875e+02 2.369581031799316406e+02
3.684726333618164062e+02 9.855126953125000000e+02 2.375149917602539062e+02
3.680835723876953125e+02 9.857444000244140625e+02 2.369933319091796875e+02
3.678059768676757812e+02 9.853539276123046875e+02 2.373222160339355469e+02
3.672585678100585938e+02 9.856226348876953125e+02 2.366555595397949219e+02
3.679999923706054688e+02 9.862960052490234375e+02 2.362182235717773438e+02
3.670172119140625000e+02 9.859910583496093750e+02 2.359880256652832031e+02
3.679999923706054688e+02 9.866517639160156250e+02 2.357182121276855469e+02
3.686469650268554688e+02 9.864386749267578125e+02 2.364167976379394531e+02
3.689881896972656250e+02 9.868302917480468750e+02 2.360500717163085938e+02
3.689999771118164062e+02 9.873575592041015625e+02 2.352763938903808594e+02
3.693136215209960938e+02 9.865737152099609375e+02 2.365968513488769531e+02
3.699519729614257812e+02 9.872393035888671875e+02 2.359745597839355469e+02
3.700000000000000000e+02 9.866970062255859375e+02 2.367618370056152344e+02
3.702532577514648438e+02 9.875833129882812500e+02 2.356242561340332031e+02
3.709999847412109375e+02 9.873509979248046875e+02 2.362843894958496094e+02
3.695866012573242188e+02 9.874694824218750000e+02 2.354525566101074219e+02
3.710333251953125000e+02 9.867990112304687500e+02 2.370513725280761719e+02
3.709999847412109375e+02 9.876903533935546875e+02 2.357843780517578125e+02
3.717236328125000000e+02 9.874456787109375000e+02 2.364215660095214844e+02
3.720341873168945312e+02 9.871530914306640625e+02 2.369211959838867188e+02
3.720000076293945312e+02 9.866071319580078125e+02 2.376349830627441406e+02
3.729999923706054688e+02 9.867115783691406250e+02 2.377645301818847656e+02
3.729999923706054688e+02 9.863069152832031250e+02 2.382645416259765625e+02
3.739999771118164062e+02 9.863845062255859375e+02 2.383609962463378906e+02
3.739999771118164062e+02 9.858844757080078125e+02 2.389369964599609375e+02
3.749933624267578125e+02 9.858641815185546875e+02 2.390910339355468750e+02
3.700000000000000000e+02 9.863135528564453125e+02 2.372618484497070312e+02
3.680300521850585938e+02 9.871628570556640625e+02 2.349495887756347656e+02
3.670655059814453125e+02 9.867030334472656250e+02 2.349708557128906250e+02
3.677167510986328125e+02 9.874024200439453125e+02 2.343265342712402344e+02
3.683834457397460938e+02 9.875510406494140625e+02 2.345826339721679688e+02
3.669916534423828125e+02 9.872403717041015625e+02 2.339959144592285156e+02
3.660200119018554688e+02 9.867444610595703125e+02 2.339811706542968750e+02
3.666527557373046875e+02 9.874240112304687500e+02 2.333461189270019531e+02
3.673194122314453125e+02 9.875872039794921875e+02 2.336598587036132812e+02
3.669916534423828125e+02 9.877502441406250000e+02 2.330076599121093750e+02
3.663406753540039062e+02 9.875854492187500000e+02 2.326794433593750000e+02
3.670301055908203125e+02 9.882340240478515625e+02 2.319785499572753906e+02
3.660044097900390625e+02 9.877162170410156250e+02 2.319678306579589844e+02
3.667168426513671875e+02 9.883934783935546875e+02 2.312122154235839844e+02
3.673834991455078125e+02 9.885557556152343750e+02 2.316309165954589844e+02
3.676980209350585938e+02 9.884111785888671875e+02 2.322975730895996094e+02
3.670301055908203125e+02 9.886473083496093750e+02 2.309273338317871094e+02
3.664694213867187500e+02 9.885164642333984375e+02 2.305455398559570312e+02
3.670000076293945312e+02 9.889463043212890625e+02 2.300000000000000000e+02
3.679999923706054688e+02 9.890547180175781250e+02 2.309999847412109375e+02
3.679740524291992188e+02 9.893613433837890625e+02 2.300646781921386719e+02
3.682900619506835938e+02 9.895850372314453125e+02 2.297744750976562500e+02
3.685505676269531250e+02 9.894809722900390625e+02 2.304411506652832031e+02
3.676234054565429688e+02 9.894480133056640625e+02 2.293104171752929688e+02
3.670517730712890625e+02 9.892693328857421875e+02 2.289862442016601562e+02
3.679740524291992188e+02 9.896764373779296875e+02 2.289862442016601562e+02
3.674196243286132812e+02 9.895379638671875000e+02 2.286437606811523438e+02
3.679999923706054688e+02 9.899243927001953125e+02 2.279999923706054688e+02
3.689999771118164062e+02 9.900596618652343750e+02 2.289999961853027344e+02
3.690496444702148438e+02 9.903233337402343750e+02 2.279798698425292969e+02
3.687454605102539062e+02 9.904136657714843750e+02 2.269999885559082031e+02
3.694160842895507812e+02 9.905285644531250000e+02 2.276331138610839844e+02
3.696493911743164062e+02 9.904554748535156250e+02 2.282997703552246094e+02
3.692454528808593750e+02 9.905862426757812500e+02 2.269999885559082031e+02
3.689467239379882812e+02 9.906443023681640625e+02 2.259897041320800781e+02
3.685778427124023438e+02 9.904724884033203125e+02 2.263161849975585938e+02
3.684481811523437500e+02 9.905215454101562500e+02 2.256495285034179688e+02
3.689999771118164062e+02 9.907779693603515625e+02 2.250000000000000000e+02
3.683668899536132812e+02 9.905565643310546875e+02 2.250000000000000000e+02
3.700000000000000000e+02 9.910919189453125000e+02 2.250000000000000000e+02
3.689999771118164062e+02 9.908576202392578125e+02 2.239999961853027344e+02
3.682720184326171875e+02 9.905982208251953125e+02 2.239999961853027344e+02
3.689999771118164062e+02 9.909027862548828125e+02 2.229999923706054688e+02
3.700000000000000000e+02 9.911743164062500000e+02 2.239999961853027344e+02
3.700000000000000000e+02 9.912231445312500000e+02 2.229999923706054688e+02
3.708527374267578125e+02 9.914148712158203125e+02 2.239999961853027344e+02
3.707310485839843750e+02 9.914418029785156250e+02 2.229999923706054688e+02
3.706898117065429688e+02 9.914506530761718750e+02 2.219999885559082031e+02
3.700000000000000000e+02 9.912383270263671875e+02 2.219999885559082031e+02
3.707184982299804688e+02 9.914444732666015625e+02 2.209999847412109375e+02
3.711898040771484375e+02 9.915778350830078125e+02 2.219999885559082031e+02
3.712184906005859375e+02 9.915694427490234375e+02 2.209999847412109375e+02
3.713204956054687500e+02 9.915430450439453125e+02 2.200000000000000000e+02
3.720000076293945312e+02 9.917626190185546875e+02 2.209999847412109375e+02
3.720000076293945312e+02 9.917038726806640625e+02 2.200000000000000000e+02
3.729999923706054688e+02 9.919779205322265625e+02 2.209999847412109375e+02
3.729999923706054688e+02 9.919142150878906250e+02 2.200000000000000000e+02
3.729999923706054688e+02 9.918112182617187500e+02 2.189999961853027344e+02
3.739999771118164062e+02 9.920893096923828125e+02 2.200000000000000000e+02
3.739999771118164062e+02 9.919809722900390625e+02 2.189999961853027344e+02
3.750000000000000000e+02 9.921279907226562500e+02 2.189999961853027344e+02
3.739999771118164062e+02 9.918417358398437500e+02 2.179999923706054688e+02
3.729999923706054688e+02 9.916756439208984375e+02 2.179999923706054688e+02
3.739202880859375000e+02 9.916320037841796875e+02 2.169136428833007812e+02
3.750000000000000000e+02 9.919809722900390625e+02 2.179999923706054688e+02
3.750000000000000000e+02 9.917917633056640625e+02 2.169999885559082031e+02
3.759999847412109375e+02 9.920893096923828125e+02 2.179999923706054688e+02
3.759999847412109375e+02 9.918876647949218750e+02 2.169999885559082031e+02
3.770000076293945312e+02 9.921442413330078125e+02 2.179999923706054688e+02
3.770000076293945312e+02 9.919304656982421875e+02 2.169999885559082031e+02
3.779999923706054688e+02 9.919132232666015625e+02 2.169999885559082031e+02
3.770000076293945312e+02 9.916688537597656250e+02 2.159999847412109375e+02
3.759495925903320312e+02 9.916146850585937500e+02 2.159097290039062500e+02
3.770000076293945312e+02 9.915161895751953125e+02 2.154429817199707031e+02
3.780298614501953125e+02 9.916209411621093750e+02 2.159107208251953125e+02
3.777164459228515625e+02 9.915093994140625000e+02 2.154675865173339844e+02
3.789999771118164062e+02 9.916104888916015625e+02 2.161089897155761719e+02
3.783831405639648438e+02 9.914947509765625000e+02 2.155178642272949219e+02
3.780298614501953125e+02 9.913775634765625000e+02 2.150805473327636719e+02
3.789999771118164062e+02 9.914679718017578125e+02 2.156089973449707031e+02
3.789999771118164062e+02 9.912786865234375000e+02 2.150000000000000000e+02
3.800000000000000000e+02 9.914054870605468750e+02 2.158246040344238281e+02
3.800000000000000000e+02 9.911512756347656250e+02 2.150000000000000000e+02
3.800000000000000000e+02 9.915494537353515625e+02 2.163246154785156250e+02
3.800000000000000000e+02 9.908072662353515625e+02 2.139999961853027344e+02
3.809999847412109375e+02 9.909598541259765625e+02 2.150000000000000000e+02
3.809318542480468750e+02 9.906266021728515625e+02 2.140051269531250000e+02
3.820494842529296875e+02 9.906929016113281250e+02 2.149372100830078125e+02
3.817491149902343750e+02 9.905610656738281250e+02 2.143418884277343750e+02
3.820494842529296875e+02 9.903509521484375000e+02 2.140051269531250000e+02
3.812197494506835938e+02 9.904297637939453125e+02 2.136752319335937500e+02
3.805530929565429688e+02 9.905128479003906250e+02 2.134709358215332031e+02
3.800000000000000000e+02 9.905615234375000000e+02 2.133585739135742188e+02
3.789999771118164062e+02 9.906314086914062500e+02 2.131915473937988281e+02
3.779999923706054688e+02 9.906781005859375000e+02 2.130730819702148438e+02
3.789999771118164062e+02 9.909420776367187500e+02 2.139999961853027344e+02
3.779999923706054688e+02 9.910290527343750000e+02 2.139999961853027344e+02
3.770000076293945312e+02 9.910732269287109375e+02 2.139999961853027344e+02
3.770000076293945312e+02 9.907022857666015625e+02 2.130125999450683594e+02
3.770000076293945312e+02 9.913710021972656250e+02 2.149429702758789062e+02
3.759999847412109375e+02 9.910671997070312500e+02 2.139999961853027344e+02
3.750000000000000000e+02 9.910034179687500000e+02 2.139999961853027344e+02
3.759999847412109375e+02 9.907005310058593750e+02 2.130165290832519531e+02
3.759495925903320312e+02 9.913908386230468750e+02 2.150738143920898438e+02
3.750000000000000000e+02 9.913018798828125000e+02 2.150000000000000000e+02
3.755826568603515625e+02 9.914958190917968750e+02 2.155162239074707031e+02
3.762493133544921875e+02 9.915122222900390625e+02 2.154563713073730469e+02
3.750000000000000000e+02 9.914682769775390625e+02 2.156288909912109375e+02
3.739202880859375000e+02 9.914237213134765625e+02 2.159933662414550781e+02
3.750000000000000000e+02 9.915901947021484375e+02 2.161289024353027344e+02
3.742005157470703125e+02 9.915419006347656250e+02 2.163222885131835938e+02
3.729999923706054688e+02 9.912794494628906250e+02 2.159999847412109375e+02
3.739999771118164062e+02 9.911833953857421875e+02 2.150000000000000000e+02
3.735338592529296875e+02 9.914950561523437500e+02 2.165227317810058594e+02
3.729999923706054688e+02 9.914479064941406250e+02 2.167532539367675781e+02
3.729999923706054688e+02 9.915511322021484375e+02 2.172532463073730469e+02
3.720901107788085938e+02 9.913364410400390625e+02 2.170889472961425781e+02
3.709999847412109375e+02 9.910663604736328125e+02 2.169999885559082031e+02
3.720000076293945312e+02 9.910853576660156250e+02 2.159999847412109375e+02
3.718115234375000000e+02 9.914283752441406250e+02 2.179999923706054688e+02
3.724835205078125000e+02 9.915036773681640625e+02 2.174815940856933594e+02
3.723115158081054688e+02 9.915421295166015625e+02 2.179999923706054688e+02
3.719591140747070312e+02 9.915981292724609375e+02 2.190119743347167969e+02
3.714270782470703125e+02 9.915173339843750000e+02 2.193532943725585938e+02
3.715985488891601562e+02 9.914770507812500000e+02 2.186866378784179688e+02
3.710562515258789062e+02 9.913856506347656250e+02 2.190119743347167969e+02
3.700000000000000000e+02 9.910913848876953125e+02 2.189999961853027344e+02
3.709999847412109375e+02 9.912358856201171875e+02 2.179999923706054688e+02
3.708205032348632812e+02 9.914208984375000000e+02 2.200000000000000000e+02
3.700000000000000000e+02 9.911803436279296875e+02 2.200000000000000000e+02
3.700000000000000000e+02 9.912258148193359375e+02 2.209999847412109375e+02
3.689999771118164062e+02 9.908576202392578125e+02 2.200000000000000000e+02
3.689999771118164062e+02 9.907688903808593750e+02 2.189999961853027344e+02
3.689999771118164062e+02 9.909027862548828125e+02 2.209999847412109375e+02
3.682720184326171875e+02 9.905982208251953125e+02 2.200000000000000000e+02
3.683782958984375000e+02 9.905518341064453125e+02 2.189999961853027344e+02
3.682205200195312500e+02 9.906214904785156250e+02 2.209999847412109375e+02
3.677719879150390625e+02 9.903785705566406250e+02 2.200000000000000000e+02
3.678783035278320312e+02 9.903363800048828125e+02 2.189999961853027344e+02
3.677205276489257812e+02 9.904001617431640625e+02 2.209999847412109375e+02
3.670000076293945312e+02 9.900272369384765625e+02 2.200000000000000000e+02
3.662103652954101562e+02 9.896486663818359375e+02 2.200000000000000000e+02
3.670000076293945312e+02 9.899453735351562500e+02 2.189999961853027344e+02
3.670000076293945312e+02 9.900703430175781250e+02 2.209999847412109375e+02
3.670000076293945312e+02 9.900782775878906250e+02 2.219999885559082031e+02
3.661718368530273438e+02 9.896701812744140625e+02 2.209999847412109375e+02
3.656718444824218750e+02 9.894083404541015625e+02 2.209999847412109375e+02
3.661698150634765625e+02 9.896733093261718750e+02 2.219999885559082031e+02
3.656698226928710938e+02 9.894083404541015625e+02 2.219999885559082031e+02
3.661864089965820312e+02 9.896643829345703125e+02 2.229999923706054688e+02
3.656863784790039062e+02 9.893995666503906250e+02 2.229999923706054688e+02
3.662285995483398438e+02 9.896411895751953125e+02 2.239999961853027344e+02
3.670000076293945312e+02 9.900645446777343750e+02 2.229999923706054688e+02
3.670000076293945312e+02 9.900197601318359375e+02 2.239999961853027344e+02
3.677205276489257812e+02 9.904001617431640625e+02 2.229999923706054688e+02
3.677085876464843750e+02 9.904049682617187500e+02 2.219999885559082031e+02
3.677719879150390625e+02 9.903785705566406250e+02 2.239999961853027344e+02
3.682205200195312500e+02 9.906214904785156250e+02 2.229999923706054688e+02
3.682085800170898438e+02 9.906272888183593750e+02 2.219999885559082031e+02
3.689999771118164062e+02 9.909149932861328125e+02 2.219999885559082031e+02
3.678668975830078125e+02 9.903408813476562500e+02 2.250000000000000000e+02
3.680688858032226562e+02 9.903118133544921875e+02 2.259897041320800781e+02
3.670000076293945312e+02 9.899449920654296875e+02 2.250000000000000000e+02
3.662998199462890625e+02 9.896041107177734375e+02 2.250000000000000000e+02
3.670000076293945312e+02 9.898347473144531250e+02 2.259999847412109375e+02
3.664053344726562500e+02 9.895493316650390625e+02 2.259999847412109375e+02
3.669598007202148438e+02 9.896729278564453125e+02 2.269346427917480469e+02
3.665996551513671875e+02 9.894506835937500000e+02 2.272244262695312500e+02
3.672644424438476562e+02 9.896117401123046875e+02 2.279999923706054688e+02
3.679999923706054688e+02 9.901222991943359375e+02 2.269999885559082031e+02
3.664809036254882812e+02 9.895100402832031250e+02 2.265577507019042969e+02
3.660885620117187500e+02 9.892346191406250000e+02 2.269346427917480469e+02
3.651525878906250000e+02 9.887052917480468750e+02 2.269999885559082031e+02
3.659053421020507812e+02 9.892832183837890625e+02 2.259999847412109375e+02
3.659999847412109375e+02 9.889781188964843750e+02 2.279999923706054688e+02
3.653198242187500000e+02 9.886074829101562500e+02 2.279999923706054688e+02
3.659601211547851562e+02 9.887214660644531250e+02 2.289788246154785156e+02
3.667644500732421875e+02 9.893706512451171875e+02 2.279999923706054688e+02
3.656002044677734375e+02 9.884445953369140625e+02 2.292980384826660156e+02
3.663022232055664062e+02 9.886053466796875000e+02 2.300000000000000000e+02
3.654422378540039062e+02 9.885349273681640625e+02 2.286313629150390625e+02
3.650653457641601562e+02 9.882099914550781250e+02 2.289788246154785156e+02
3.642352676391601562e+02 9.876790618896484375e+02 2.289999961853027344e+02
3.648198318481445312e+02 9.883027648925781250e+02 2.279999923706054688e+02
3.649353027343750000e+02 9.878125762939453125e+02 2.300357437133789062e+02
3.645588302612304688e+02 9.874623870849609375e+02 2.303928947448730469e+02
3.643880081176757812e+02 9.875757598876953125e+02 2.297262382507324219e+02
3.652347946166992188e+02 9.876614379882812500e+02 2.309999847412109375e+02
3.658022308349609375e+02 9.883338165283203125e+02 2.300000000000000000e+02
3.660816574096679688e+02 9.881652069091796875e+02 2.309273338317871094e+02
3.654208755493164062e+02 9.875480651855468750e+02 2.316130447387695312e+02
3.647348022460937500e+02 9.873526000976562500e+02 2.309999847412109375e+02
3.650525283813476562e+02 9.871670532226562500e+02 2.319678306579589844e+02
3.639496612548828125e+02 9.868209075927734375e+02 2.310052108764648438e+02
3.635828018188476562e+02 9.864385986328125000e+02 2.313420295715332031e+02
3.634156036376953125e+02 9.865647888183593750e+02 2.306753540039062500e+02
3.640327835083007812e+02 9.872234344482421875e+02 2.300357437133789062e+02
3.642755126953125000e+02 9.866559600830078125e+02 2.319999885559082031e+02
3.637755203247070312e+02 9.863009643554687500e+02 2.319999885559082031e+02
3.644512176513671875e+02 9.865335083007812500e+02 2.325676727294921875e+02
3.650266265869140625e+02 9.867079925537109375e+02 2.329405975341796875e+02
3.640060806274414062e+02 9.859965515136718750e+02 2.329913330078125000e+02
3.633370590209960938e+02 9.856294250488281250e+02 2.327483177185058594e+02
3.635609054565429688e+02 9.854526519775390625e+02 2.334149932861328125e+02
3.642911529541015625e+02 9.856510925292968750e+02 2.339999961853027344e+02
3.647110748291015625e+02 9.863636016845703125e+02 2.332343482971191406e+02
3.650266265869140625e+02 9.861515045166015625e+02 2.339811706542968750e+02
3.650983047485351562e+02 9.856343841552734375e+02 2.349040985107421875e+02
3.653777313232421875e+02 9.865759277343750000e+02 2.336352729797363281e+02
3.656999969482421875e+02 9.863844299316406250e+02 2.343019485473632812e+02
3.660200119018554688e+02 9.861473846435546875e+02 2.349708557128906250e+02
3.659999847412109375e+02 9.856459045410156250e+02 2.357032585144042969e+02
3.663666915893554688e+02 9.865741729736328125e+02 2.346180915832519531e+02
3.667758560180664062e+02 9.863594055175781250e+02 2.352847480773925781e+02
3.659999847412109375e+02 9.852742767333984375e+02 2.362032699584960938e+02
3.654972076416015625e+02 9.855017852783203125e+02 2.355024528503417969e+02
3.651039505004882812e+02 9.849308013916015625e+02 2.359086227416992188e+02
3.648305130004882812e+02 9.852794647216796875e+02 2.351734924316406250e+02
3.653773498535156250e+02 9.845820617675781250e+02 2.365999412536621094e+02
3.647106933593750000e+02 9.843508911132812500e+02 2.363148117065429688e+02
3.643535232543945312e+02 9.846128082275390625e+02 2.356481361389160156e+02
3.640904235839843750e+02 9.849304962158203125e+02 2.348968124389648438e+02
3.639802932739257812e+02 9.840155792236328125e+02 2.360195922851562500e+02
3.636070251464843750e+02 9.834044647216796875e+02 2.363910293579101562e+02
3.632968139648437500e+02 9.836803436279296875e+02 2.357243537902832031e+02
3.636868667602539062e+02 9.843470001220703125e+02 2.352867889404296875e+02
3.642737197875976562e+02 9.836842346191406250e+02 2.367170524597167969e+02
3.650095367431640625e+02 9.839915466308593750e+02 2.369918251037597656e+02
3.639213943481445312e+02 9.830658721923828125e+02 2.370746612548828125e+02
3.635690689086914062e+02 9.824338531494140625e+02 2.374322891235351562e+02
3.632527160644531250e+02 9.827378082275390625e+02 2.367656135559082031e+02
3.642357254028320312e+02 9.827272796630859375e+02 2.377300834655761719e+02
3.646417617797851562e+02 9.833940124511718750e+02 2.373837089538574219e+02
3.649723052978515625e+02 9.830191802978515625e+02 2.380193138122558594e+02
3.653028106689453125e+02 9.826443481445312500e+02 2.386416816711425781e+02
3.653084182739257812e+02 9.836322784423828125e+02 2.376418495178222656e+02
3.657727813720703125e+02 9.833110046386718750e+02 2.383085250854492188e+02
3.646361541748046875e+02 9.823897552490234375e+02 2.383967590332031250e+02
3.639163208007812500e+02 9.820784759521484375e+02 2.380715942382812500e+02
3.649872207641601562e+02 9.820090484619140625e+02 2.390056037902832031e+02
3.642635726928710938e+02 9.817230987548828125e+02 2.387028503417968750e+02
3.646716308593750000e+02 9.813505554199218750e+02 2.393695068359375000e+02
3.653383255004882812e+02 9.816283416748046875e+02 2.396142768859863281e+02
3.657803344726562500e+02 9.822949981689453125e+02 2.393083572387695312e+02
3.661395263671875000e+02 9.818979644775390625e+02 2.399077987670898438e+02
3.661098861694335938e+02 9.829238128662109375e+02 2.389246559143066406e+02
3.664470291137695312e+02 9.825366210937500000e+02 2.395346641540527344e+02
3.664394378662109375e+02 9.835395812988281250e+02 2.385409736633300781e+02
3.670000076293945312e+02 9.832001495361328125e+02 2.392042541503906250e+02
3.670000076293945312e+02 9.827001190185546875e+02 2.396899604797363281e+02
3.670000076293945312e+02 9.836966705322265625e+02 2.387042617797851562e+02
3.676890945434570312e+02 9.833969116210937500e+02 2.393980407714843750e+02
3.680371093750000000e+02 9.829792022705078125e+02 2.399790573120117188e+02
3.680356979370117188e+02 9.839810943603515625e+02 2.389797210693359375e+02
3.677156066894531250e+02 9.843893432617187500e+02 2.383809471130371094e+02
3.683557510375976562e+02 9.835729217529296875e+02 2.395728492736816406e+02
3.683822631835937500e+02 9.845566558837890625e+02 2.385614013671875000e+02
3.689999771118164062e+02 9.842210388183593750e+02 2.392081260681152344e+02
3.689999771118164062e+02 9.837210845947265625e+02 2.397210121154785156e+02
3.697605895996093750e+02 9.843885040283203125e+02 2.393827629089355469e+02
3.700971603393554688e+02 9.839580535888671875e+02 2.399596023559570312e+02
3.697670745849609375e+02 9.833827972412109375e+02 2.403885078430175781e+02
3.704337692260742188e+02 9.835276031494140625e+02 2.405262184143066406e+02
3.709999847412109375e+02 9.841196441650390625e+02 2.401240730285644531e+02
3.704272460937500000e+02 9.845296478271484375e+02 2.395306968688964844e+02
3.709999847412109375e+02 9.846190643310546875e+02 2.396240615844726562e+02
3.709999847412109375e+02 9.836196136474609375e+02 2.406126976013183594e+02
3.720000076293945312e+02 9.842671203613281250e+02 2.402705764770507812e+02
3.720000076293945312e+02 9.837670898437500000e+02 2.407495689392089844e+02
3.729999923706054688e+02 9.838764953613281250e+02 2.408500862121582031e+02
3.720000076293945312e+02 9.832142639160156250e+02 2.412495613098144531e+02
3.709239578247070312e+02 9.829573059082031250e+02 2.411830711364746094e+02
3.720000076293945312e+02 9.827142333984375000e+02 2.416806602478027344e+02
3.729999923706054688e+02 9.833280181884765625e+02 2.413500976562500000e+02
3.729999923706054688e+02 9.828280639648437500e+02 2.417759323120117188e+02
3.739999771118164062e+02 9.834080505371093750e+02 2.414196777343750000e+02
3.739999771118164062e+02 9.829080963134765625e+02 2.418430709838867188e+02
3.739999771118164062e+02 9.839547729492187500e+02 2.409196853637695312e+02
3.750000000000000000e+02 9.834654998779296875e+02 2.414698982238769531e+02
3.750000000000000000e+02 9.829655456542968750e+02 2.418918800354003906e+02
3.749336242675781250e+02 9.840972137451171875e+02 2.408886528015136719e+02
3.757863998413085938e+02 9.834906005859375000e+02 2.414916992187500000e+02
3.750000000000000000e+02 9.823607635498046875e+02 2.423918914794921875e+02
3.750000000000000000e+02 9.818608093261718750e+02 2.427713966369628906e+02
3.759999847412109375e+02 9.823957824707031250e+02 2.424180984497070312e+02
3.739999771118164062e+02 9.822976684570312500e+02 2.423430633544921875e+02
3.729999923706054688e+02 9.822109985351562500e+02 2.422759437561035156e+02
3.739999771118164062e+02 9.817977142333984375e+02 2.427229881286621094e+02
3.729999923706054688e+02 9.817109680175781250e+02 2.426584243774414062e+02
3.739999771118164062e+02 9.811089324951171875e+02 2.432229995727539062e+02
3.729717254638671875e+02 9.809270477294921875e+02 2.432158279418945312e+02
3.739999771118164062e+02 9.806089019775390625e+02 2.435754776000976562e+02
3.750000000000000000e+02 9.811803436279296875e+02 2.432713890075683594e+02
3.750000000000000000e+02 9.806803131103515625e+02 2.436255836486816406e+02
3.759999847412109375e+02 9.812261199951171875e+02 2.433016967773437500e+02
3.759999847412109375e+02 9.807261657714843750e+02 2.436585807800292969e+02
3.759999847412109375e+02 9.818957519531250000e+02 2.428016853332519531e+02
3.770000076293945312e+02 9.812539672851562500e+02 2.433199882507324219e+02
3.770000076293945312e+02 9.807539367675781250e+02 2.436794090270996094e+02
3.770000076293945312e+02 9.819139099121093750e+02 2.428199768066406250e+02
3.779999923706054688e+02 9.812660217285156250e+02 2.433279609680175781e+02
3.779999923706054688e+02 9.807659912109375000e+02 2.436885261535644531e+02
3.779999923706054688e+02 9.819214630126953125e+02 2.428279495239257812e+02
3.789999771118164062e+02 9.812539672851562500e+02 2.433199882507324219e+02
3.789999771118164062e+02 9.807539367675781250e+02 2.436794090270996094e+02
3.789236831665039062e+02 9.799017333984375000e+02 2.442354583740234375e+02
3.800000000000000000e+02 9.807204437255859375e+02 2.436550903320312500e+02
3.800000000000000000e+02 9.800000000000000000e+02 2.441171073913574219e+02
3.809999847412109375e+02 9.806605529785156250e+02 2.436127853393554688e+02
3.809999847412109375e+02 9.800000000000000000e+02 2.440291213989257812e+02
3.817887115478515625e+02 9.805814361572265625e+02 2.435571289062500000e+02
3.820732116699218750e+02 9.800914764404296875e+02 2.438082504272460938e+02
3.820000076293945312e+02 9.792285156250000000e+02 2.443424606323242188e+02
3.824553680419921875e+02 9.804857635498046875e+02 2.434906768798828125e+02
3.829999923706054688e+02 9.798686218261718750e+02 2.437304496765136719e+02
3.830352783203125000e+02 9.789604949951171875e+02 2.442671394348144531e+02
3.837890625000000000e+02 9.796723937988281250e+02 2.436096191406250000e+02
3.840734481811523438e+02 9.790830993652343750e+02 2.438589859008789062e+02
3.839999771118164062e+02 9.782539367675781250e+02 2.443665122985839844e+02
3.833921051025390625e+02 9.784459686279296875e+02 2.444713211059570312e+02
3.839999771118164062e+02 9.777539825439453125e+02 2.446296691894531250e+02
3.849425888061523438e+02 9.779355621337890625e+02 2.441522979736328125e+02
3.852376937866210938e+02 9.772506713867187500e+02 2.443780708312988281e+02
3.845709991455078125e+02 9.775592803955078125e+02 2.445314407348632812e+02
3.859251022338867188e+02 9.779134368896484375e+02 2.436495971679687500e+02
3.859428787231445312e+02 9.769503784179687500e+02 2.441439056396484375e+02
3.862974166870117188e+02 9.760000610351562500e+02 2.443832206726074219e+02
3.855714797973632812e+02 9.765840148925781250e+02 2.445394134521484375e+02
3.867094421386718750e+02 9.770000457763671875e+02 2.436463356018066406e+02
3.870569229125976562e+02 9.760350036621093750e+02 2.438697624206542969e+02
3.870102310180664062e+02 9.750926971435546875e+02 2.443006324768066406e+02
3.874282073974609375e+02 9.763916778564453125e+02 2.434465789794921875e+02
3.876326370239257812e+02 9.757250213623046875e+02 2.436052703857421875e+02
3.878231048583984375e+02 9.750000000000000000e+02 2.437542724609375000e+02
3.880641555786132812e+02 9.761088562011718750e+02 2.430553436279296875e+02
3.883230972290039062e+02 9.750000000000000000e+02 2.433508491516113281e+02
3.884957122802734375e+02 9.764927673339843750e+02 2.424959564208984375e+02
3.886730957031250000e+02 9.758260345458984375e+02 2.426641273498535156e+02
3.878268051147460938e+02 9.770000457763671875e+02 2.427794456481933594e+02
3.888678359985351562e+02 9.750000000000000000e+02 2.428508377075195312e+02
3.890353775024414062e+02 9.740998840332031250e+02 2.430338096618652344e+02
3.893678283691406250e+02 9.750000000000000000e+02 2.423623657226562500e+02
3.894840240478515625e+02 9.744545745849609375e+02 2.424831771850585938e+02
3.898188018798828125e+02 9.750000000000000000e+02 2.418623733520507812e+02
3.900189208984375000e+02 9.740561676025390625e+02 2.420203208923339844e+02
3.902026748657226562e+02 9.730000305175781250e+02 2.421570205688476562e+02
3.904443740844726562e+02 9.743244171142578125e+02 2.414292907714843750e+02
3.895934295654296875e+02 9.737878417968750000e+02 2.425972938537597656e+02
3.905474853515625000e+02 9.736577606201171875e+02 2.415574645996093750e+02
3.906290817260742188e+02 9.730000305175781250e+02 2.416570091247558594e+02
3.907228088378906250e+02 9.720000457763671875e+02 2.417716407775878906e+02
3.911796569824218750e+02 9.729952239990234375e+02 2.409289360046386719e+02
3.912228012084960938e+02 9.720000457763671875e+02 2.411221313476562500e+02
3.915341567993164062e+02 9.726586914062500000e+02 2.405482292175292969e+02
3.914606094360351562e+02 9.733253479003906250e+02 2.404413986206054688e+02
3.917759704589843750e+02 9.729952239990234375e+02 2.400648307800292969e+02
3.919969177246093750e+02 9.720000457763671875e+02 2.400000000000000000e+02
3.923192977905273438e+02 9.730000305175781250e+02 2.392020225524902344e+02
3.916950225830078125e+02 9.740000152587890625e+02 2.398014831542968750e+02
3.922284698486328125e+02 9.740016937255859375e+02 2.389458274841308594e+02
3.924540710449218750e+02 9.743361663818359375e+02 2.384204673767089844e+02
3.925455474853515625e+02 9.736694335937500000e+02 2.385763740539550781e+02
3.927495956420898438e+02 9.740016937255859375e+02 2.380522727966308594e+02
3.926192855834960938e+02 9.730000305175781250e+02 2.387020301818847656e+02
3.927066421508789062e+02 9.720000457763671875e+02 2.388516616821289062e+02
3.930153274536132812e+02 9.730000305175781250e+02 2.379999923706054688e+02
3.932448577880859375e+02 9.719669342041015625e+02 2.379177474975585938e+02
3.933959960937500000e+02 9.730000305175781250e+02 2.373171424865722656e+02
3.934658813476562500e+02 9.722781372070312500e+02 2.374406433105468750e+02
3.937216186523437500e+02 9.719669342041015625e+02 2.370643806457519531e+02
3.938799285888671875e+02 9.710000610351562500e+02 2.369999885559082031e+02
3.935165023803710938e+02 9.716114807128906250e+02 2.375295829772949219e+02
3.935515975952148438e+02 9.710000610351562500e+02 2.375910949707031250e+02
3.935938644409179688e+02 9.700000000000000000e+02 2.376616859436035156e+02
3.932665634155273438e+02 9.710000610351562500e+02 2.380910873413085938e+02
3.933005523681640625e+02 9.700000000000000000e+02 2.381616973876953125e+02
3.927665328979492188e+02 9.710000610351562500e+02 2.389530754089355469e+02
3.927430343627929688e+02 9.700179290771484375e+02 2.390969276428222656e+02
3.924715042114257812e+02 9.710000610351562500e+02 2.394530868530273438e+02
3.924968719482421875e+02 9.703632354736328125e+02 2.394948768615722656e+02
3.921129989624023438e+02 9.710000610351562500e+02 2.400000000000000000e+02
3.924102783203125000e+02 9.720000457763671875e+02 2.393516731262207031e+02
3.922263336181640625e+02 9.700179290771484375e+02 2.399037933349609375e+02
3.916415023803710938e+02 9.710000610351562500e+02 2.406989288330078125e+02
3.916602706909179688e+02 9.700000000000000000e+02 2.407239723205566406e+02
3.915866088867187500e+02 9.720000457763671875e+02 2.406221199035644531e+02
3.912783432006835938e+02 9.710000610351562500e+02 2.411989212036132812e+02
3.912961196899414062e+02 9.700000000000000000e+02 2.412239646911621094e+02
3.907783126831054688e+02 9.710000610351562500e+02 2.418405532836914062e+02
3.907961273193359375e+02 9.700000000000000000e+02 2.418621826171875000e+02
3.903639602661132812e+02 9.710000610351562500e+02 2.423405456542968750e+02
3.903832244873046875e+02 9.700000000000000000e+02 2.423621940612792969e+02
3.898639678955078125e+02 9.710000610351562500e+02 2.428825187683105469e+02
3.903035354614257812e+02 9.720000457763671875e+02 2.422716331481933594e+02
3.898035430908203125e+02 9.720000457763671875e+02 2.428177833557128906e+02
3.897026824951171875e+02 9.730000305175781250e+02 2.427117347717285156e+02
3.893121337890625000e+02 9.720000457763671875e+02 2.433177947998046875e+02
3.893798065185546875e+02 9.710000610351562500e+02 2.433825111389160156e+02
3.888121414184570312e+02 9.720000457763671875e+02 2.437837791442871094e+02
3.892002105712890625e+02 9.730000305175781250e+02 2.432117462158203125e+02
3.887001800537109375e+02 9.730000305175781250e+02 2.436808395385742188e+02
3.885867309570312500e+02 9.737452697753906250e+02 2.435778808593750000e+02
3.880875015258789062e+02 9.730000305175781250e+02 2.441808509826660156e+02
3.882192993164062500e+02 9.720000457763671875e+02 2.442837715148925781e+02
3.875875091552734375e+02 9.730000305175781250e+02 2.445640182495117188e+02
3.879844665527343750e+02 9.739611053466796875e+02 2.439891624450683594e+02
3.873503875732421875e+02 9.741770172119140625e+02 2.444004249572753906e+02
3.884648132324218750e+02 9.744119262695312500e+02 2.434703254699707031e+02
3.875041580200195312e+02 9.735102844238281250e+02 2.445030593872070312e+02
3.870102310180664062e+02 9.739061737060546875e+02 2.446967124938964844e+02
3.859585189819335938e+02 9.740092468261718750e+02 2.452692031860351562e+02
3.866837310791015625e+02 9.748211669921875000e+02 2.446155548095703125e+02
3.870000076293945312e+02 9.730000305175781250e+02 2.449341964721679688e+02
3.869015502929687500e+02 9.719062805175781250e+02 2.451991653442382812e+02
3.862533950805664062e+02 9.730000305175781250e+02 2.453701782226562500e+02
3.864070129394531250e+02 9.721771240234375000e+02 2.454509925842285156e+02
3.857534027099609375e+02 9.730000305175781250e+02 2.456272697448730469e+02
3.855975341796875000e+02 9.736820220947265625e+02 2.455492591857910156e+02
3.850000000000000000e+02 9.730000305175781250e+02 2.459592819213867188e+02
3.860441970825195312e+02 9.719062805175781250e+02 2.456744956970214844e+02
3.850000000000000000e+02 9.720000457763671875e+02 2.461404418945312500e+02
3.859999847412109375e+02 9.710000610351562500e+02 2.458036994934082031e+02
3.865026092529296875e+02 9.715104675292968750e+02 2.455015182495117188e+02
3.865457534790039062e+02 9.710000610351562500e+02 2.455262947082519531e+02
3.866035842895507812e+02 9.700000000000000000e+02 2.455597877502441406e+02
3.870457458496093750e+02 9.710000610351562500e+02 2.452249717712402344e+02
3.871035766601562500e+02 9.700000000000000000e+02 2.452599334716796875e+02
3.878053283691406250e+02 9.710000610351562500e+02 2.447249794006347656e+02
3.878488540649414062e+02 9.700000000000000000e+02 2.447599411010742188e+02
3.883053207397460938e+02 9.710000610351562500e+02 2.443492698669433594e+02
3.877193069458007812e+02 9.720000457763671875e+02 2.446607017517089844e+02
3.883488464355468750e+02 9.700000000000000000e+02 2.443809700012207031e+02
3.888798141479492188e+02 9.710000610351562500e+02 2.438492774963378906e+02
3.889063262939453125e+02 9.700000000000000000e+02 2.438809776306152344e+02
3.888825225830078125e+02 9.690000152587890625e+02 2.438639831542968750e+02
3.894063186645507812e+02 9.700000000000000000e+02 2.434066772460937500e+02
3.893825149536132812e+02 9.690000152587890625e+02 2.433814620971679688e+02
3.898832321166992188e+02 9.700000000000000000e+02 2.429066658020019531e+02
3.898566436767578125e+02 9.690000152587890625e+02 2.428814697265625000e+02
3.897995758056640625e+02 9.680000305175781250e+02 2.428212738037109375e+02
3.903566360473632812e+02 9.690000152587890625e+02 2.423315620422363281e+02
3.907739639282226562e+02 9.690000152587890625e+02 2.418315696716308594e+02
3.902995681762695312e+02 9.680000305175781250e+02 2.422664833068847656e+02
3.902071762084960938e+02 9.670000457763671875e+02 2.421643447875976562e+02
3.907229232788085938e+02 9.680000305175781250e+02 2.417664718627929688e+02
3.912229156494140625e+02 9.680000305175781250e+02 2.411391448974609375e+02
3.906393051147460938e+02 9.670000457763671875e+02 2.416643524169921875e+02
3.905575561523437500e+02 9.662741851806640625e+02 2.415667533874511719e+02
3.912069702148437500e+02 9.669240570068359375e+02 2.409409904479980469e+02
3.908787918090820312e+02 9.659645080566406250e+02 2.410798072814941406e+02
3.915517425537109375e+02 9.672068023681640625e+02 2.405683326721191406e+02
3.914925003051757812e+02 9.665401458740234375e+02 2.404903793334960938e+02
3.914303207397460938e+02 9.660000610351562500e+02 2.404125595092773438e+02
3.918550872802734375e+02 9.669240570068359375e+02 2.400942230224609375e+02
3.918153762817382812e+02 9.660000610351562500e+02 2.399125671386718750e+02
3.924050140380859375e+02 9.670000457763671875e+02 2.393647956848144531e+02
3.920716857910156250e+02 9.680000305175781250e+02 2.400000000000000000e+02
3.924678039550781250e+02 9.680000305175781250e+02 2.394524765014648438e+02
3.916038894653320312e+02 9.680000305175781250e+02 2.406391334533691406e+02
3.922128295898437500e+02 9.690052032470703125e+02 2.399037933349609375e+02
3.924949264526367188e+02 9.686753845214843750e+02 2.394923400878906250e+02
3.916448593139648438e+02 9.690000152587890625e+02 2.406988906860351562e+02
3.925043487548828125e+02 9.693420410156250000e+02 2.395063209533691406e+02
3.927510070800781250e+02 9.690052032470703125e+02 2.390954017639160156e+02
3.925043487548828125e+02 9.696965026855468750e+02 2.395063209533691406e+02
3.933105087280273438e+02 9.690000152587890625e+02 2.381922531127929688e+02
3.927909469604492188e+02 9.680000305175781250e+02 2.389524841308593750e+02
3.927433776855468750e+02 9.670000457763671875e+02 2.388647842407226562e+02
3.932909393310546875e+02 9.680000305175781250e+02 2.381711769104003906e+02
3.932433700561523438e+02 9.670000457763671875e+02 2.381046485900878906e+02
3.936061859130859375e+02 9.680000305175781250e+02 2.376711845397949219e+02
3.935659790039062500e+02 9.670000457763671875e+02 2.376046562194824219e+02
3.939949798583984375e+02 9.680000305175781250e+02 2.369999885559082031e+02
3.936159515380859375e+02 9.690000152587890625e+02 2.376922607421875000e+02
3.940121078491210938e+02 9.690000152587890625e+02 2.369999885559082031e+02
3.943961715698242188e+02 9.690000152587890625e+02 2.363039779663085938e+02
3.939651489257812500e+02 9.700000000000000000e+02 2.369999885559082031e+02
3.943712997436523438e+02 9.700000000000000000e+02 2.362562751770019531e+02
3.943283081054687500e+02 9.710000610351562500e+02 2.361742210388183594e+02
3.946323013305664062e+02 9.700000000000000000e+02 2.357562637329101562e+02
3.945901107788085938e+02 9.710000610351562500e+02 2.356742286682128906e+02
3.946565628051757812e+02 9.690000152587890625e+02 2.358039855957031250e+02
3.950001144409179688e+02 9.700000000000000000e+02 2.350000000000000000e+02
3.950446319580078125e+02 9.690000152587890625e+02 2.350000000000000000e+02
3.953678131103515625e+02 9.700000000000000000e+02 2.342122840881347656e+02
3.949204254150390625e+02 9.710000610351562500e+02 2.350000000000000000e+02
3.953303146362304688e+02 9.710000610351562500e+02 2.341353988647460938e+02
3.953021621704101562e+02 9.720092010498046875e+02 2.339340400695800781e+02
3.955608749389648438e+02 9.710000610351562500e+02 2.336354064941406250e+02
3.955258560180664062e+02 9.716820526123046875e+02 2.335567474365234375e+02
3.955939865112304688e+02 9.700000000000000000e+02 2.337122726440429688e+02
3.958079528808593750e+02 9.710000610351562500e+02 2.329999923706054688e+02
3.961830902099609375e+02 9.710000610351562500e+02 2.319999885559082031e+02
3.958665847778320312e+02 9.700000000000000000e+02 2.329999923706054688e+02
3.956729888916015625e+02 9.720092010498046875e+02 2.330674362182617188e+02
3.956174468994140625e+02 9.730000305175781250e+02 2.327955055236816406e+02
3.960792160034179688e+02 9.720000457763671875e+02 2.319999885559082031e+02
3.954775238037109375e+02 9.723487091064453125e+02 2.334457206726074219e+02
3.954146194458007812e+02 9.730000305175781250e+02 2.332954978942871094e+02
3.953261947631835938e+02 9.740257263183593750e+02 2.329689598083496094e+02
3.955464172363281250e+02 9.737095642089843750e+02 2.326149368286132812e+02
3.954713439941406250e+02 9.743762207031250000e+02 2.324245834350585938e+02
3.953877639770507812e+02 9.750000000000000000e+02 2.322035408020019531e+02
3.956855773925781250e+02 9.740257263183593750e+02 2.320547485351562500e+02
3.960647583007812500e+02 9.740000152587890625e+02 2.309999847412109375e+02
3.955742263793945312e+02 9.750000000000000000e+02 2.317035293579101562e+02
3.959190750122070312e+02 9.730000305175781250e+02 2.319999885559082031e+02
3.963100433349609375e+02 9.729341888427734375e+02 2.309192085266113281e+02
3.963823699951171875e+02 9.720000457763671875e+02 2.311441993713378906e+02
3.964479064941406250e+02 9.732236480712890625e+02 2.303307342529296875e+02
3.965103530883789062e+02 9.725569915771484375e+02 2.305320167541503906e+02
3.965457916259765625e+02 9.720000457763671875e+02 2.306441879272460938e+02
3.965995788574218750e+02 9.729341888427734375e+02 2.299984359741210938e+02
3.968571472167968750e+02 9.730000305175781250e+02 2.289999961853027344e+02
3.965487670898437500e+02 9.737364959716796875e+02 2.296640777587890625e+02
3.967333602905273438e+02 9.720000457763671875e+02 2.300000000000000000e+02
3.968282699584960938e+02 9.710000610351562500e+02 2.300000000000000000e+02
3.969894027709960938e+02 9.720000457763671875e+02 2.289999961853027344e+02
3.970720672607421875e+02 9.710000610351562500e+02 2.289999961853027344e+02
3.972142028808593750e+02 9.720000457763671875e+02 2.279999923706054688e+02
3.972869110107421875e+02 9.710000610351562500e+02 2.279999923706054688e+02
3.974123764038085938e+02 9.720000457763671875e+02 2.271319198608398438e+02
3.970932388305664062e+02 9.730000305175781250e+02 2.279999923706054688e+02
3.973550415039062500e+02 9.729219818115234375e+02 2.269140815734863281e+02
3.969250869750976562e+02 9.740000152587890625e+02 2.279999923706054688e+02
3.971551132202148438e+02 9.740000152587890625e+02 2.269999885559082031e+02
3.966528320312500000e+02 9.740419006347656250e+02 2.290563964843750000e+02
3.966812515258789062e+02 9.750830841064453125e+02 2.280845260620117188e+02
3.965717697143554688e+02 9.748050689697265625e+02 2.287606620788574219e+02
3.965796279907226562e+02 9.757945251464843750e+02 2.278075599670410156e+02
3.964929962158203125e+02 9.754717254638671875e+02 2.284742355346679688e+02
3.969575119018554688e+02 9.750000000000000000e+02 2.269999885559082031e+02
3.971722412109375000e+02 9.750000000000000000e+02 2.259999847412109375e+02
3.966816329956054688e+02 9.760767364501953125e+02 2.270732688903808594e+02
3.969337081909179688e+02 9.760000610351562500e+02 2.259999847412109375e+02
3.965681076049804688e+02 9.767207336425781250e+02 2.267887878417968750e+02
3.964889526367187500e+02 9.764611816406250000e+02 2.274554634094238281e+02
3.964243316650390625e+02 9.760767364501953125e+02 2.280845260620117188e+02
3.963989257812500000e+02 9.770324707031250000e+02 2.270732688903808594e+02
3.964636611938476562e+02 9.773873901367187500e+02 2.263215637207031250e+02
3.963316345214843750e+02 9.779525756835937500e+02 2.259929466247558594e+02
3.966394424438476562e+02 9.770324707031250000e+02 2.259929466247558594e+02
3.968299865722656250e+02 9.770000457763671875e+02 2.250000000000000000e+02
3.965302658081054688e+02 9.775875854492187500e+02 2.256549072265625000e+02
3.965861129760742188e+02 9.777513122558593750e+02 2.250000000000000000e+02
3.966365051269531250e+02 9.780485534667968750e+02 2.239694595336914062e+02
3.964112854003906250e+02 9.782513427734375000e+02 2.250000000000000000e+02
3.964693450927734375e+02 9.784142303466796875e+02 2.242824363708496094e+02
3.961124038696289062e+02 9.790000152587890625e+02 2.250000000000000000e+02
3.963019561767578125e+02 9.789224243164062500e+02 2.239694595336914062e+02
3.959253692626953125e+02 9.790000152587890625e+02 2.259999847412109375e+02
3.956679153442382812e+02 9.800404357910156250e+02 2.249409103393554688e+02
3.954527282714843750e+02 9.804006958007812500e+02 2.252348709106445312e+02
3.958267974853515625e+02 9.800000000000000000e+02 2.239999961853027344e+02
3.956085968017578125e+02 9.797371673583984375e+02 2.259999847412109375e+02
3.955117034912109375e+02 9.805233001708984375e+02 2.245681953430175781e+02
3.955513763427734375e+02 9.806032562255859375e+02 2.239999961853027344e+02
3.952449417114257812e+02 9.809140014648437500e+02 2.249409103393554688e+02
3.952959060668945312e+02 9.811032104492187500e+02 2.239999961853027344e+02
3.949914169311523438e+02 9.810000610351562500e+02 2.259999847412109375e+02
3.947166061401367188e+02 9.818702697753906250e+02 2.250000000000000000e+02
3.947536087036132812e+02 9.820787811279296875e+02 2.240153694152832031e+02
3.946164703369140625e+02 9.816968536376953125e+02 2.259999847412109375e+02
3.944208145141601562e+02 9.823702239990234375e+02 2.250000000000000000e+02
3.944783782958984375e+02 9.824645233154296875e+02 2.243589401245117188e+02
3.940139007568359375e+02 9.830000305175781250e+02 2.250000000000000000e+02
3.943138504028320312e+02 9.821968078613281250e+02 2.259999847412109375e+02
3.942309188842773438e+02 9.829266357421875000e+02 2.240153694152832031e+02
3.935931015014648438e+02 9.836339569091796875e+02 2.250000000000000000e+02
3.936798477172851562e+02 9.837639617919921875e+02 2.239999961853027344e+02
3.935301971435546875e+02 9.835428619384765625e+02 2.256242752075195312e+02
3.932367324829101562e+02 9.841339111328125000e+02 2.250000000000000000e+02
3.942428970336914062e+02 9.831040191650390625e+02 2.229999923706054688e+02
3.945281982421875000e+02 9.825444030761718750e+02 2.236922836303710938e+02
3.945660018920898438e+02 9.826040649414062500e+02 2.229999923706054688e+02
3.949182510375976562e+02 9.820000457763671875e+02 2.229999923706054688e+02
3.946061706542968750e+02 9.826670074462890625e+02 2.219999885559082031e+02
3.946272277832031250e+02 9.826999664306640625e+02 2.209999847412109375e+02
3.949950027465820312e+02 9.820000457763671875e+02 2.219999885559082031e+02
3.942827224731445312e+02 9.831669616699218750e+02 2.219999885559082031e+02
3.943034362792968750e+02 9.831999969482421875e+02 2.209999847412109375e+02
3.943074417114257812e+02 9.832069396972656250e+02 2.200000000000000000e+02
3.942900085449218750e+02 9.831874084472656250e+02 2.189999961853027344e+02
3.938074493408203125e+02 9.839646911621093750e+02 2.200000000000000000e+02
3.946318054199218750e+02 9.827069091796875000e+02 2.200000000000000000e+02
3.946216964721679688e+02 9.826874542236328125e+02 2.189999961853027344e+02
3.950437927246093750e+02 9.820000457763671875e+02 2.200000000000000000e+02
3.950276947021484375e+02 9.820000457763671875e+02 2.189999961853027344e+02
3.954119873046875000e+02 9.813252258300781250e+02 2.200000000000000000e+02
3.950355148315429688e+02 9.820000457763671875e+02 2.209999847412109375e+02
3.954082870483398438e+02 9.813186645507812500e+02 2.209999847412109375e+02
3.953887939453125000e+02 9.812818145751953125e+02 2.219999885559082031e+02
3.956555557250976562e+02 9.808186340332031250e+02 2.209999847412109375e+02
3.956579971313476562e+02 9.808251953125000000e+02 2.200000000000000000e+02
3.960334777832031250e+02 9.800000000000000000e+02 2.209999847412109375e+02
3.956386184692382812e+02 9.807818603515625000e+02 2.219999885559082031e+02
3.960019683837890625e+02 9.800000000000000000e+02 2.219999885559082031e+02
3.956049728393554688e+02 9.807117462158203125e+02 2.229999923706054688e+02
3.953522491455078125e+02 9.812117004394531250e+02 2.229999923706054688e+02
3.959342956542968750e+02 9.800000000000000000e+02 2.229999923706054688e+02
3.963293457031250000e+02 9.791059112548828125e+02 2.229999923706054688e+02
3.963633728027343750e+02 9.791879272460937500e+02 2.219999885559082031e+02
3.965446853637695312e+02 9.786059570312500000e+02 2.229999923706054688e+02
3.965795135498046875e+02 9.786879730224609375e+02 2.219999885559082031e+02
3.967540359497070312e+02 9.780000305175781250e+02 2.229999923706054688e+02
3.965156555175781250e+02 9.785372924804687500e+02 2.236157798767089844e+02
3.968185806274414062e+02 9.780000305175781250e+02 2.219999885559082031e+02
3.970849227905273438e+02 9.770000457763671875e+02 2.229999923706054688e+02
3.971512603759765625e+02 9.770000457763671875e+02 2.219999885559082031e+02
3.969792175292968750e+02 9.770000457763671875e+02 2.239999961853027344e+02
3.973959350585937500e+02 9.759503936767578125e+02 2.230514907836914062e+02
3.974121475219726562e+02 9.761837768554687500e+02 2.219999885559082031e+02
3.972740936279296875e+02 9.760000610351562500e+02 2.239999961853027344e+02
3.974924850463867188e+02 9.754689788818359375e+02 2.234191322326660156e+02
3.975223922729492188e+02 9.755839538574218750e+02 2.227524757385253906e+02
3.975498580932617188e+02 9.756838226318359375e+02 2.219999885559082031e+02
3.976182937622070312e+02 9.750814056396484375e+02 2.230514907836914062e+02
3.977282714843750000e+02 9.750000000000000000e+02 2.219999885559082031e+02
3.978660964965820312e+02 9.740000152587890625e+02 2.229999923706054688e+02
3.975686645507812500e+02 9.748004913330078125e+02 2.239999961853027344e+02
3.977384185791015625e+02 9.740000152587890625e+02 2.239999961853027344e+02
3.974538040161132812e+02 9.753004455566406250e+02 2.239999961853027344e+02
3.975218200683593750e+02 9.745983123779296875e+02 2.246248817443847656e+02
3.975845718383789062e+02 9.739917755126953125e+02 2.249749183654785156e+02
3.973775100708007812e+02 9.749590301513671875e+02 2.249749183654785156e+02
3.971191787719726562e+02 9.760000610351562500e+02 2.250000000000000000e+02
3.974621200561523438e+02 9.743195343017578125e+02 2.252915382385253906e+02
3.973848724365234375e+02 9.739917755126953125e+02 2.259826660156250000e+02
3.975308227539062500e+02 9.736528778076171875e+02 2.256377983093261719e+02
3.974546432495117188e+02 9.732032775878906250e+02 2.263044548034667969e+02
3.975685119628906250e+02 9.729219818115234375e+02 2.259826660156250000e+02
3.976729965209960938e+02 9.720000457763671875e+02 2.259999847412109375e+02
3.977497100830078125e+02 9.730000305175781250e+02 2.250000000000000000e+02
3.975053787231445312e+02 9.725365447998046875e+02 2.265234756469726562e+02
3.975307464599609375e+02 9.720000457763671875e+02 2.266319084167480469e+02
3.975694274902343750e+02 9.710000610351562500e+02 2.267897987365722656e+02
3.975928115844726562e+02 9.700000000000000000e+02 2.268750000000000000e+02
3.977546310424804688e+02 9.710000610351562500e+02 2.259999847412109375e+02
3.974482727050781250e+02 9.710000610351562500e+02 2.272898101806640625e+02
3.974678802490234375e+02 9.700000000000000000e+02 2.273750114440917969e+02
3.973262405395507812e+02 9.700000000000000000e+02 2.279999923706054688e+02
3.974724197387695312e+02 9.690000152587890625e+02 2.273922538757324219e+02
3.973354339599609375e+02 9.690000152587890625e+02 2.279999923706054688e+02
3.975963973999023438e+02 9.690000152587890625e+02 2.268922615051269531e+02
3.974637985229492188e+02 9.680000305175781250e+02 2.273505401611328125e+02
3.974398040771484375e+02 9.670000457763671875e+02 2.272330474853515625e+02
3.973204040527343750e+02 9.680000305175781250e+02 2.279999923706054688e+02
3.975822830200195312e+02 9.680000305175781250e+02 2.268505477905273438e+02
3.975519180297851562e+02 9.670000457763671875e+02 2.267330551147460938e+02
3.977771759033203125e+02 9.680000305175781250e+02 2.259999847412109375e+02
3.977104949951171875e+02 9.670000457763671875e+02 2.259999847412109375e+02
3.979722976684570312e+02 9.680000305175781250e+02 2.250000000000000000e+02
3.978091430664062500e+02 9.690000152587890625e+02 2.259999847412109375e+02
3.980112838745117188e+02 9.690000152587890625e+02 2.250000000000000000e+02
3.978029632568359375e+02 9.700000000000000000e+02 2.259999847412109375e+02
3.980086898803710938e+02 9.700000000000000000e+02 2.250000000000000000e+02
3.979600143432617188e+02 9.710000610351562500e+02 2.250000000000000000e+02
3.981851577758789062e+02 9.700000000000000000e+02 2.239999961853027344e+02
3.981851577758789062e+02 9.690000152587890625e+02 2.239999961853027344e+02
3.983534622192382812e+02 9.700000000000000000e+02 2.229999923706054688e+02
3.981350326538085938e+02 9.710000610351562500e+02 2.239999961853027344e+02
3.982969284057617188e+02 9.710000610351562500e+02 2.229999923706054688e+02
3.980408477783203125e+02 9.720000457763671875e+02 2.239999961853027344e+02
3.981882858276367188e+02 9.720000457763671875e+02 2.229999923706054688e+02
3.979123687744140625e+02 9.730000305175781250e+02 2.239999961853027344e+02
3.978725051879882812e+02 9.720000457763671875e+02 2.250000000000000000e+02
3.980473709106445312e+02 9.730000305175781250e+02 2.229999923706054688e+02
3.981558227539062500e+02 9.730000305175781250e+02 2.219999885559082031e+02
3.982349777221679688e+02 9.730000305175781250e+02 2.209999847412109375e+02
3.983110427856445312e+02 9.720000457763671875e+02 2.219999885559082031e+02
3.979649734497070312e+02 9.740000152587890625e+02 2.219999885559082031e+02
3.980363845825195312e+02 9.740000152587890625e+02 2.209999847412109375e+02
3.980626296997070312e+02 9.740000152587890625e+02 2.200000000000000000e+02
3.977863311767578125e+02 9.750000000000000000e+02 2.209999847412109375e+02
3.978055572509765625e+02 9.750000000000000000e+02 2.200000000000000000e+02
3.975743865966796875e+02 9.757643890380859375e+02 2.209999847412109375e+02
3.975816726684570312e+02 9.757830047607421875e+02 2.200000000000000000e+02
3.974317932128906250e+02 9.762643432617187500e+02 2.209999847412109375e+02
3.974352645874023438e+02 9.762829589843750000e+02 2.200000000000000000e+02
3.971835708618164062e+02 9.770000457763671875e+02 2.209999847412109375e+02
3.971870422363281250e+02 9.770000457763671875e+02 2.200000000000000000e+02
3.968460845947265625e+02 9.780000305175781250e+02 2.209999847412109375e+02
3.968460845947265625e+02 9.780000305175781250e+02 2.200000000000000000e+02
3.965943145751953125e+02 9.787225341796875000e+02 2.209999847412109375e+02
3.965943145751953125e+02 9.787225341796875000e+02 2.200000000000000000e+02
3.963779449462890625e+02 9.792224884033203125e+02 2.209999847412109375e+02
3.963779449462890625e+02 9.792224884033203125e+02 2.200000000000000000e+02
3.963743591308593750e+02 9.792130279541015625e+02 2.189999961853027344e+02
3.960359191894531250e+02 9.800000000000000000e+02 2.200000000000000000e+02
3.960275650024414062e+02 9.800000000000000000e+02 2.189999961853027344e+02
3.959883880615234375e+02 9.800000000000000000e+02 2.179999923706054688e+02
3.956531906127929688e+02 9.808142852783203125e+02 2.189999961853027344e+02
3.956332015991210938e+02 9.807713317871093750e+02 2.179999923706054688e+02
3.954059982299804688e+02 9.813143157958984375e+02 2.189999961853027344e+02
3.953833007812500000e+02 9.812713623046875000e+02 2.179999923706054688e+02
3.953406524658203125e+02 9.811914062500000000e+02 2.169999885559082031e+02
3.949741363525390625e+02 9.820000457763671875e+02 2.179999923706054688e+02
3.948792266845703125e+02 9.820000457763671875e+02 2.169999885559082031e+02
3.945907974243164062e+02 9.826354217529296875e+02 2.179999923706054688e+02
3.945386123657226562e+02 9.825562286376953125e+02 2.169999885559082031e+02
3.942459869384765625e+02 9.831353759765625000e+02 2.179999923706054688e+02
3.941801071166992188e+02 9.830562591552734375e+02 2.169999885559082031e+02
3.937459945678710938e+02 9.838423156738281250e+02 2.179999923706054688e+02
3.936800765991210938e+02 9.837376403808593750e+02 2.169999885559082031e+02
3.937900161743164062e+02 9.839251708984375000e+02 2.189999961853027344e+02
3.934457397460937500e+02 9.844252014160156250e+02 2.189999961853027344e+02
3.935847854614257812e+02 9.836074066162109375e+02 2.159999847412109375e+02
3.941295623779296875e+02 9.829041290283203125e+02 2.160854721069335938e+02
3.944361877441406250e+02 9.824050140380859375e+02 2.158091163635253906e+02
3.937850952148437500e+02 9.830448913574218750e+02 2.150591087341308594e+02
3.945047760009765625e+02 9.825067901611328125e+02 2.164757728576660156e+02
3.947202301025390625e+02 9.820429992675781250e+02 2.160854721069335938e+02
3.946745681762695312e+02 9.817695617675781250e+02 2.150000000000000000e+02
3.953170394897460938e+02 9.809575653076171875e+02 2.159019088745117188e+02
3.954994964599609375e+02 9.804990386962890625e+02 2.155031967163085938e+02
3.951249313354492188e+02 9.810000610351562500e+02 2.150000000000000000e+02
3.955481719970703125e+02 9.805960083007812500e+02 2.161698532104492188e+02
3.955947875976562500e+02 9.806913757324218750e+02 2.169999885559082031e+02
3.957385635375976562e+02 9.800994110107421875e+02 2.159019088745117188e+02
3.962878417968750000e+02 9.789113616943359375e+02 2.160627555847167969e+02
3.956872177124023438e+02 9.799007415771484375e+02 2.150000000000000000e+02
3.959116744995117188e+02 9.800000000000000000e+02 2.169999885559082031e+02
3.963168716430664062e+02 9.790764617919921875e+02 2.169999885559082031e+02
3.963551712036132812e+02 9.791653442382812500e+02 2.179999923706054688e+02
3.965319824218750000e+02 9.785765075683593750e+02 2.169999885559082031e+02
3.965079879760742188e+02 9.785189056396484375e+02 2.164379310607910156e+02
3.967275619506835938e+02 9.780000305175781250e+02 2.169999885559082031e+02
3.965693664550781250e+02 9.786653900146484375e+02 2.179999923706054688e+02
3.967974090576171875e+02 9.780000305175781250e+02 2.179999923706054688e+02
3.965898895263671875e+02 9.787129974365234375e+02 2.189999961853027344e+02
3.968368911743164062e+02 9.780000305175781250e+02 2.189999961853027344e+02
3.971741485595703125e+02 9.770000457763671875e+02 2.189999961853027344e+02
3.974271392822265625e+02 9.762542724609375000e+02 2.189999961853027344e+02
3.971294403076171875e+02 9.770000457763671875e+02 2.179999923706054688e+02
3.974013900756835938e+02 9.761645507812500000e+02 2.179999923706054688e+02
3.970577239990234375e+02 9.770000457763671875e+02 2.169999885559082031e+02
3.969642639160156250e+02 9.770000457763671875e+02 2.159999847412109375e+02
3.973845291137695312e+02 9.759398651123046875e+02 2.169609642028808594e+02
3.972716140747070312e+02 9.760000610351562500e+02 2.159999847412109375e+02
3.974913024902343750e+02 9.754679870605468750e+02 2.166016006469726562e+02
3.975189971923828125e+02 9.755663299560546875e+02 2.172682762145996094e+02
3.976244735717773438e+02 9.750807952880859375e+02 2.169609642028808594e+02
3.975470733642578125e+02 9.756645965576171875e+02 2.179999923706054688e+02
3.977336120605468750e+02 9.750000000000000000e+02 2.179999923706054688e+02
3.975731658935546875e+02 9.757543182373046875e+02 2.189999961853027344e+02
3.977885055541992188e+02 9.750000000000000000e+02 2.189999961853027344e+02
3.980477523803710938e+02 9.740000152587890625e+02 2.189999961853027344e+02
3.979944229125976562e+02 9.740000152587890625e+02 2.179999923706054688e+02
3.982521057128906250e+02 9.730000305175781250e+02 2.189999961853027344e+02
3.982050323486328125e+02 9.730000305175781250e+02 2.179999923706054688e+02
3.984318161010742188e+02 9.719012451171875000e+02 2.190910148620605469e+02
3.982645416259765625e+02 9.730000305175781250e+02 2.200000000000000000e+02
3.984257888793945312e+02 9.720030975341796875e+02 2.200000000000000000e+02
3.984170150756835938e+02 9.719012451171875000e+02 2.209031677246093750e+02
3.985004425048828125e+02 9.715030670166015625e+02 2.200000000000000000e+02
3.985002899169921875e+02 9.715020751953125000e+02 2.194850158691406250e+02
3.985002899169921875e+02 9.715020751953125000e+02 2.205052947998046875e+02
3.985539245605468750e+02 9.710000610351562500e+02 2.200000000000000000e+02
3.985401153564453125e+02 9.710665130615234375e+02 2.190910148620605469e+02
3.985317230224609375e+02 9.709967041015625000e+02 2.209031677246093750e+02
3.986121368408203125e+02 9.700000000000000000e+02 2.200000000000000000e+02
3.986121368408203125e+02 9.690000152587890625e+02 2.200000000000000000e+02
3.986059951782226562e+02 9.700000000000000000e+02 2.189999961853027344e+02
3.985858154296875000e+02 9.700000000000000000e+02 2.209999847412109375e+02
3.985297393798828125e+02 9.700000000000000000e+02 2.217430114746093750e+02
3.985858154296875000e+02 9.690000152587890625e+02 2.209999847412109375e+02
3.985297393798828125e+02 9.690000152587890625e+02 2.217430114746093750e+02
3.985317230224609375e+02 9.680033874511718750e+02 2.209031677246093750e+02
3.985002899169921875e+02 9.674980163574218750e+02 2.205052947998046875e+02
3.984809875488281250e+02 9.676721954345703125e+02 2.211719703674316406e+02
3.985539245605468750e+02 9.680000305175781250e+02 2.200000000000000000e+02
3.985169601440429688e+02 9.683389282226562500e+02 2.216358757019042969e+02
3.984379196166992188e+02 9.680033874511718750e+02 2.219815254211425781e+02
3.982969284057617188e+02 9.680000305175781250e+02 2.229999923706054688e+02
3.984668350219726562e+02 9.690000152587890625e+02 2.222430038452148438e+02
3.983110427856445312e+02 9.670000457763671875e+02 2.219999885559082031e+02
3.984170150756835938e+02 9.670987701416015625e+02 2.209031677246093750e+02
3.981584167480468750e+02 9.660000610351562500e+02 2.219999885559082031e+02
3.981882858276367188e+02 9.670000457763671875e+02 2.229999923706054688e+02
3.980535125732421875e+02 9.660000610351562500e+02 2.229999923706054688e+02
3.980469894409179688e+02 9.670000457763671875e+02 2.239999961853027344e+02
3.979280853271484375e+02 9.660000610351562500e+02 2.239999961853027344e+02
3.981376266479492188e+02 9.680000305175781250e+02 2.239999961853027344e+02
3.978949356079101562e+02 9.670000457763671875e+02 2.250000000000000000e+02
3.977862548828125000e+02 9.660000610351562500e+02 2.250000000000000000e+02
3.976184463500976562e+02 9.649069213867187500e+02 2.250924491882324219e+02
3.975975418090820312e+02 9.659870147705078125e+02 2.260514259338378906e+02
3.974828720092773438e+02 9.656449890136718750e+02 2.264190483093261719e+02
3.975510406494140625e+02 9.651782226562500000e+02 2.257523727416992188e+02
3.975212860107421875e+02 9.663116455078125000e+02 2.266003417968750000e+02
3.974060821533203125e+02 9.659870147705078125e+02 2.269602012634277344e+02
3.971877288818359375e+02 9.660000610351562500e+02 2.279999923706054688e+02
3.972657394409179688e+02 9.650000000000000000e+02 2.269999885559082031e+02
3.970998001098632812e+02 9.640000152587890625e+02 2.269999885559082031e+02
3.974471282958984375e+02 9.649069213867187500e+02 2.260514259338378906e+02
3.970580673217773438e+02 9.650000000000000000e+02 2.279999923706054688e+02
3.968258666992187500e+02 9.650000000000000000e+02 2.289999961853027344e+02
3.968928909301757812e+02 9.640000152587890625e+02 2.279999923706054688e+02
3.966386795043945312e+02 9.639851379394531250e+02 2.290375137329101562e+02
3.966475677490234375e+02 9.629619598388671875e+02 2.280221176147460938e+02
3.964698410034179688e+02 9.626033020019531250e+02 2.283701896667480469e+02
3.965453338623046875e+02 9.623686981201171875e+02 2.277035140991210938e+02
3.968741226196289062e+02 9.630000305175781250e+02 2.269999885559082031e+02
3.965641021728515625e+02 9.632699584960937500e+02 2.287291908264160156e+02
3.963885116577148438e+02 9.629619598388671875e+02 2.290375137329101562e+02
3.961137390136718750e+02 9.630000305175781250e+02 2.300000000000000000e+02
3.964696121215820312e+02 9.636418914794921875e+02 2.293958663940429688e+02
3.960853576660156250e+02 9.620000457763671875e+02 2.289999961853027344e+02
3.956837463378906250e+02 9.609808349609375000e+02 2.289763069152832031e+02
3.963475036621093750e+02 9.620211791992187500e+02 2.280221176147460938e+02
3.957411575317382812e+02 9.619297027587890625e+02 2.300648117065429688e+02
3.955874633789062500e+02 9.613014221191406250e+02 2.297746849060058594e+02
3.956064224243164062e+02 9.622161865234375000e+02 2.308013343811035156e+02
3.954804229736328125e+02 9.615495300292968750e+02 2.304413604736328125e+02
3.953469467163085938e+02 9.609808349609375000e+02 2.300648117065429688e+02
3.953953552246093750e+02 9.619297027587890625e+02 2.310807991027832031e+02
3.950709533691406250e+02 9.620000457763671875e+02 2.319999885559082031e+02
3.954881286621093750e+02 9.625375366210937500e+02 2.314680099487304688e+02
3.950260925292968750e+02 9.610000610351562500e+02 2.309999847412109375e+02
3.946480178833007812e+02 9.602181243896484375e+02 2.309999847412109375e+02
3.946720123291015625e+02 9.610236358642578125e+02 2.319562721252441406e+02
3.945374679565429688e+02 9.604296875000000000e+02 2.315937805175781250e+02
3.944017410278320312e+02 9.607060241699218750e+02 2.322604560852050781e+02
3.945588684082031250e+02 9.613726806640625000e+02 2.326352882385253906e+02
3.942422866821289062e+02 9.610236358642578125e+02 2.329811668395996094e+02
3.946800994873046875e+02 9.620257568359375000e+02 2.329811668395996094e+02
3.945507049560546875e+02 9.623762512207031250e+02 2.336110305786132812e+02
3.950240325927734375e+02 9.630000305175781250e+02 2.329999923706054688e+02
3.944111633300781250e+02 9.617095947265625000e+02 2.333019447326660156e+02
3.942385101318359375e+02 9.620257568359375000e+02 2.339666175842285156e+02
3.937243652343750000e+02 9.620227050781250000e+02 2.350025367736816406e+02
3.943957901000976562e+02 9.627952575683593750e+02 2.342776870727539062e+02
3.937555694580078125e+02 9.609832000732421875e+02 2.340168190002441406e+02
3.935909271240234375e+02 9.603312683105468750e+02 2.336947059631347656e+02
3.934331512451171875e+02 9.606386566162109375e+02 2.343613624572753906e+02
3.935905456542968750e+02 9.613053131103515625e+02 2.346708869934082031e+02
3.932588958740234375e+02 9.609832000732421875e+02 2.350025367736816406e+02
3.927305603027343750e+02 9.610344696044921875e+02 2.359892654418945312e+02
3.934110260009765625e+02 9.617044830322265625e+02 2.353375434875488281e+02
3.927615356445312500e+02 9.600078582763671875e+02 2.349892234802246094e+02
3.925821304321289062e+02 9.593605804443359375e+02 2.346487236022949219e+02
3.932542800903320312e+02 9.599987792968750000e+02 2.340168190002441406e+02
3.925872421264648438e+02 9.603463745117187500e+02 2.356487846374511719e+02
3.923937988281250000e+02 9.596797180175781250e+02 2.353153800964355469e+02
3.921796417236328125e+02 9.590163421630859375e+02 2.349892234802246094e+02
3.921854019165039062e+02 9.600078582763671875e+02 2.359892654418945312e+02
3.916502761840820312e+02 9.600981140136718750e+02 2.369240760803222656e+02
3.923881530761718750e+02 9.607241821289062500e+02 2.363154411315917969e+02
3.916669845581054688e+02 9.590743255615234375e+02 2.359230613708496094e+02
3.915241241455078125e+02 9.584655761718750000e+02 2.355384445190429688e+02
3.913089752197265625e+02 9.587904357910156250e+02 2.362051200866699219e+02
3.915270614624023438e+02 9.594571685791015625e+02 2.365401268005371094e+02
3.909694671630859375e+02 9.590479278564453125e+02 2.369538116455078125e+02
3.904019927978515625e+02 9.586387634277343750e+02 2.373674964904785156e+02
3.906423187255859375e+02 9.583085632324218750e+02 2.367008209228515625e+02
3.906299591064453125e+02 9.593054199218750000e+02 2.376778411865234375e+02
3.912966537475585938e+02 9.598302459716796875e+02 2.372067832946777344e+02
3.909421920776367188e+02 9.600924682617187500e+02 2.379235649108886719e+02
3.905877304077148438e+02 9.603546905517578125e+02 2.386094474792480469e+02
3.915018844604492188e+02 9.604969024658203125e+02 2.375025939941406250e+02
3.912637710571289062e+02 9.610000610351562500e+02 2.381821060180664062e+02
3.903813934326171875e+02 9.596880340576171875e+02 2.383445167541503906e+02
3.900583648681640625e+02 9.589150238037109375e+02 2.380774688720703125e+02
3.900143051147460938e+02 9.599723052978515625e+02 2.390208435058593750e+02
3.894430541992187500e+02 9.595899963378906250e+02 2.394322204589843750e+02
3.897146987915039062e+02 9.591913604736328125e+02 2.387655639648437500e+02
3.896472167968750000e+02 9.602566528320312500e+02 2.396725273132324219e+02
3.903138732910156250e+02 9.608319854736328125e+02 2.392761230468750000e+02
3.899304962158203125e+02 9.611232757568359375e+02 2.399200248718261719e+02
3.907114410400390625e+02 9.610992431640625000e+02 2.389656639099121094e+02
3.905007171630859375e+02 9.614987182617187500e+02 2.395008659362792969e+02
3.911556625366210938e+02 9.619846343994140625e+02 2.389704895019531250e+02
3.914306259155273438e+02 9.616410064697265625e+02 2.384068679809570312e+02
3.906216049194335938e+02 9.620000457763671875e+02 2.396461677551269531e+02
3.913455581665039062e+02 9.630000305175781250e+02 2.393062400817871094e+02
3.915902709960937500e+02 9.623076629638671875e+02 2.386174774169921875e+02
3.918505096435546875e+02 9.619846343994140625e+02 2.380441093444824219e+02
3.917336273193359375e+02 9.630000305175781250e+02 2.388062477111816406e+02
3.918801879882812500e+02 9.639573669433593750e+02 2.390744972229003906e+02
3.922808456420898438e+02 9.629150390625000000e+02 2.380045700073242188e+02
3.924898529052734375e+02 9.625250244140625000e+02 2.374844741821289062e+02
3.924149322509765625e+02 9.640000152587890625e+02 2.383792877197265625e+02
3.926185989379882812e+02 9.631916809082031250e+02 2.376742935180664062e+02
3.927571105957031250e+02 9.640000152587890625e+02 2.378792762756347656e+02
3.928853607177734375e+02 9.629150390625000000e+02 2.370906829833984375e+02
3.926880264282226562e+02 9.620000457763671875e+02 2.368008995056152344e+02
3.933927536010742188e+02 9.630000305175781250e+02 2.363128089904785156e+02
3.933010864257812500e+02 9.639143371582031250e+02 2.369946861267089844e+02
3.934922790527343750e+02 9.635238647460937500e+02 2.364864540100097656e+02
3.933973693847656250e+02 9.650000000000000000e+02 2.373344039916992188e+02
3.935948944091796875e+02 9.641905212402343750e+02 2.366578102111816406e+02
3.938245773315429688e+02 9.639143371582031250e+02 2.360918617248535156e+02
3.936980056762695312e+02 9.650000000000000000e+02 2.368343925476074219e+02
3.942218780517578125e+02 9.650641632080078125e+02 2.359147834777832031e+02
3.937509918212890625e+02 9.659970092773437500e+02 2.370728302001953125e+02
3.942925643920898438e+02 9.660000610351562500e+02 2.361087608337402344e+02
3.934722518920898438e+02 9.656616210937500000e+02 2.374547195434570312e+02
3.935281753540039062e+02 9.663282775878906250e+02 2.375439262390136719e+02
3.939182662963867188e+02 9.670000457763671875e+02 2.369999885559082031e+02
3.943522644042968750e+02 9.670000457763671875e+02 2.362198829650878906e+02
3.943888092041015625e+02 9.680000305175781250e+02 2.362896156311035156e+02
3.946125793457031250e+02 9.670000457763671875e+02 2.357198715209960938e+02
3.949593353271484375e+02 9.670000457763671875e+02 2.350000000000000000e+02
3.946486282348632812e+02 9.680000305175781250e+02 2.357896041870117188e+02
3.945558547973632812e+02 9.660000610351562500e+02 2.356087684631347656e+02
3.945128250122070312e+02 9.654402160644531250e+02 2.355246543884277344e+02
3.948485183715820312e+02 9.660000610351562500e+02 2.350000000000000000e+02
3.946744918823242188e+02 9.650641632080078125e+02 2.350285530090332031e+02
3.953252410888671875e+02 9.659623718261718750e+02 2.339435577392578125e+02
3.951351547241210938e+02 9.650000000000000000e+02 2.339999961853027344e+02
3.954851531982421875e+02 9.656038665771484375e+02 2.334606742858886719e+02
3.953467178344726562e+02 9.670000457763671875e+02 2.341559219360351562e+02
3.955313110351562500e+02 9.662705230712890625e+02 2.335725975036621094e+02
3.956711578369140625e+02 9.659623718261718750e+02 2.330764007568359375e+02
3.955673980712890625e+02 9.670000457763671875e+02 2.336559104919433594e+02
3.958080673217773438e+02 9.670000457763671875e+02 2.329999923706054688e+02
3.956017303466796875e+02 9.680000305175781250e+02 2.337352180480957031e+02
3.953810882568359375e+02 9.680000305175781250e+02 2.342352104187011719e+02
3.958725738525390625e+02 9.680000305175781250e+02 2.329999923706054688e+02
3.956103134155273438e+02 9.690000152587890625e+02 2.337531852722167969e+02
3.958914184570312500e+02 9.690000152587890625e+02 2.329999923706054688e+02
3.953880691528320312e+02 9.690000152587890625e+02 2.342531967163085938e+02
3.962553787231445312e+02 9.690000152587890625e+02 2.319999885559082031e+02
3.962319183349609375e+02 9.680000305175781250e+02 2.319999885559082031e+02
3.964742279052734375e+02 9.690000152587890625e+02 2.314159965515136719e+02
3.962380218505859375e+02 9.700000000000000000e+02 2.319999885559082031e+02
3.964654159545898438e+02 9.700000000000000000e+02 2.313913726806640625e+02
3.964360046386718750e+02 9.710000610351562500e+02 2.313038063049316406e+02
3.966188430786132812e+02 9.700000000000000000e+02 2.308913803100585938e+02
3.966223526000976562e+02 9.690000152587890625e+02 2.309160041809082031e+02
3.968766021728515625e+02 9.700000000000000000e+02 2.300000000000000000e+02
3.965948104858398438e+02 9.710000610351562500e+02 2.308037948608398438e+02
3.968843841552734375e+02 9.690000152587890625e+02 2.300000000000000000e+02
3.971160507202148438e+02 9.700000000000000000e+02 2.289999961853027344e+02
3.971250152587890625e+02 9.690000152587890625e+02 2.289999961853027344e+02
3.971073150634765625e+02 9.680000305175781250e+02 2.289999961853027344e+02
3.968606567382812500e+02 9.680000305175781250e+02 2.300000000000000000e+02
3.970574188232421875e+02 9.670000457763671875e+02 2.289999961853027344e+02
3.972755813598632812e+02 9.670000457763671875e+02 2.279999923706054688e+02
3.968013763427734375e+02 9.670000457763671875e+02 2.300000000000000000e+02
3.969622421264648438e+02 9.660000610351562500e+02 2.289999961853027344e+02
3.966600418090820312e+02 9.659149932861328125e+02 2.300931549072265625e+02
3.965981674194335938e+02 9.650000000000000000e+02 2.298434448242187500e+02
3.964965820312500000e+02 9.655249023437500000e+02 2.304886054992675781e+02
3.965401458740234375e+02 9.661915588378906250e+02 2.306319236755371094e+02
3.965797805786132812e+02 9.670000457763671875e+02 2.307644271850585938e+02
3.963951110839843750e+02 9.659149932861328125e+02 2.309791564941406250e+02
3.962472152709960938e+02 9.650000000000000000e+02 2.309999847412109375e+02
3.960619354248046875e+02 9.660000610351562500e+02 2.319999885559082031e+02
3.964262390136718750e+02 9.670000457763671875e+02 2.312644195556640625e+02
3.961669540405273438e+02 9.670000457763671875e+02 2.319999885559082031e+02
3.964610671997070312e+02 9.680000305175781250e+02 2.313737106323242188e+02
3.966099548339843750e+02 9.680000305175781250e+02 2.308737182617187500e+02
3.959078979492187500e+02 9.650000000000000000e+02 2.319999885559082031e+02
3.956810379028320312e+02 9.639861297607421875e+02 2.320432090759277344e+02
3.956139373779296875e+02 9.650000000000000000e+02 2.328120231628417969e+02
3.954266357421875000e+02 9.650000000000000000e+02 2.333120346069335938e+02
3.955462646484375000e+02 9.643102264404296875e+02 2.326220321655273438e+02
3.953246307373046875e+02 9.639861297607421875e+02 2.329732131958007812e+02
3.954632949829101562e+02 9.636435699462890625e+02 2.324053573608398438e+02
3.948972702026367188e+02 9.640000152587890625e+02 2.339999961853027344e+02
3.946347045898437500e+02 9.630771636962890625e+02 2.339666175842285156e+02
3.945889282226562500e+02 9.640000152587890625e+02 2.346799278259277344e+02
3.943345642089843750e+02 9.640000152587890625e+02 2.351799201965332031e+02
3.945130157470703125e+02 9.634619140625000000e+02 2.345256423950195312e+02
3.941741943359375000e+02 9.630771636962890625e+02 2.349153900146484375e+02
3.936709213256835938e+02 9.630000305175781250e+02 2.358128166198730469e+02
3.935542297363281250e+02 9.623711395263671875e+02 2.355973052978515625e+02
3.931970596313476562e+02 9.620227050781250000e+02 2.359583854675292969e+02
3.944391250610351562e+02 9.647735595703125000e+02 2.353809165954589844e+02
3.953852081298828125e+02 9.629225158691406250e+02 2.320432090759277344e+02
3.955886840820312500e+02 9.632041931152343750e+02 2.317386817932128906e+02
3.957376098632812500e+02 9.629225158691406250e+02 2.310807991027832031e+02
3.960480499267578125e+02 9.640000152587890625e+02 2.309999847412109375e+02
3.963669586181640625e+02 9.639851379394531250e+02 2.299815750122070312e+02
3.964532470703125000e+02 9.650000000000000000e+02 2.303434371948242188e+02
3.965392684936523438e+02 9.643085479736328125e+02 2.296359825134277344e+02
3.950297164916992188e+02 9.680000305175781250e+02 2.350000000000000000e+02
3.932193374633789062e+02 9.659970092773437500e+02 2.379263496398925781e+02
3.926699829101562500e+02 9.660000610351562500e+02 2.387449645996093750e+02
3.928679275512695312e+02 9.649030303955078125e+02 2.380988311767578125e+02
3.924986267089843750e+02 9.645050811767578125e+02 2.384980773925781250e+02
3.925834274291992188e+02 9.651717376708984375e+02 2.386178779602050781e+02
3.922529983520507812e+02 9.649030303955078125e+02 2.389707374572753906e+02
3.916922760009765625e+02 9.650000000000000000e+02 2.397450065612792969e+02
3.923153686523437500e+02 9.660000610351562500e+02 2.392449760437011719e+02
3.915804290771484375e+02 9.642622375488281250e+02 2.396002960205078125e+02
3.912932968139648438e+02 9.650000000000000000e+02 2.402449989318847656e+02
3.911808013916015625e+02 9.639573669433593750e+02 2.399601745605468750e+02
3.907933044433593750e+02 9.650000000000000000e+02 2.408503341674804688e+02
3.906265258789062500e+02 9.640000152587890625e+02 2.406475830078125000e+02
3.903678512573242188e+02 9.650000000000000000e+02 2.413503456115722656e+02
3.901857757568359375e+02 9.640000152587890625e+02 2.411475944519042969e+02
3.897986602783203125e+02 9.650880432128906250e+02 2.420231437683105469e+02
3.904708099365234375e+02 9.656075286865234375e+02 2.414663505554199219e+02
3.901461029052734375e+02 9.659645080566406250e+02 2.419400405883789062e+02
3.895795059204101562e+02 9.660000610351562500e+02 2.425847625732421875e+02
3.895072937011718750e+02 9.654801177978515625e+02 2.425076866149902344e+02
3.890869140625000000e+02 9.660000610351562500e+02 2.430847740173339844e+02
3.897071838378906250e+02 9.670000457763671875e+02 2.427219772338867188e+02
3.892241668701171875e+02 9.670000457763671875e+02 2.432219696044921875e+02
3.887241744995117188e+02 9.670000457763671875e+02 2.437137794494628906e+02
3.893229675292968750e+02 9.680000305175781250e+02 2.433212661743164062e+02
3.888229751586914062e+02 9.680000305175781250e+02 2.438080406188964844e+02
3.882677078247070312e+02 9.680000305175781250e+02 2.443080520629882812e+02
3.881634521484375000e+02 9.670000457763671875e+02 2.442137718200683594e+02
3.877676773071289062e+02 9.680000305175781250e+02 2.447083473205566406e+02
3.883315277099609375e+02 9.690000152587890625e+02 2.443639755249023438e+02
3.878314971923828125e+02 9.690000152587890625e+02 2.447518348693847656e+02
3.870985794067382812e+02 9.690000152587890625e+02 2.452518272399902344e+02
3.870416641235351562e+02 9.680000305175781250e+02 2.452083587646484375e+02
3.865985870361328125e+02 9.690000152587890625e+02 2.455576896667480469e+02
3.859999847412109375e+02 9.690000152587890625e+02 2.458766746520996094e+02
3.865416717529296875e+02 9.680000305175781250e+02 2.455248069763183594e+02
3.865038299560546875e+02 9.674848175048828125e+02 2.455023384094238281e+02
3.859999847412109375e+02 9.680000305175781250e+02 2.458220481872558594e+02
3.860498809814453125e+02 9.670909118652343750e+02 2.457023048400878906e+02
3.850506973266601562e+02 9.680000305175781250e+02 2.462972259521484375e+02
3.849104309082031250e+02 9.670440673828125000e+02 2.462882232666015625e+02
3.845506668090820312e+02 9.680000305175781250e+02 2.465219688415527344e+02
3.850812530517578125e+02 9.690000152587890625e+02 2.463189888000488281e+02
3.845812606811523438e+02 9.690000152587890625e+02 2.465340995788574219e+02
3.850567245483398438e+02 9.700000000000000000e+02 2.463132286071777344e+02
3.845566940307617188e+02 9.700000000000000000e+02 2.465233230590820312e+02
3.849104690551757812e+02 9.709442901611328125e+02 2.463062477111816406e+02
3.859999847412109375e+02 9.700000000000000000e+02 2.458730125427246094e+02
3.845174789428710938e+02 9.705738067626953125e+02 2.465071105957031250e+02
3.844197463989257812e+02 9.712404632568359375e+02 2.464738655090332031e+02
3.840518569946289062e+02 9.709442901611328125e+02 2.466182899475097656e+02
3.842626190185546875e+02 9.720000457763671875e+02 2.464234542846679688e+02
3.837626266479492188e+02 9.720000457763671875e+02 2.465815734863281250e+02
3.839582443237304688e+02 9.729818725585937500e+02 2.463384819030761719e+02
3.833031082153320312e+02 9.733031463623046875e+02 2.464548110961914062e+02
3.835970687866210938e+02 9.726364898681640625e+02 2.465301132202148438e+02
3.839999771118164062e+02 9.740000152587890625e+02 2.460755920410156250e+02
3.829818725585937500e+02 9.739655303955078125e+02 2.463529205322265625e+02
3.840637588500976562e+02 9.750677490234375000e+02 2.457266998291015625e+02
3.850408172607421875e+02 9.740092468261718750e+02 2.456987571716308594e+02
3.854013824462890625e+02 9.743486785888671875e+02 2.454572105407714844e+02
3.847347259521484375e+02 9.747795867919921875e+02 2.455967330932617188e+02
3.850408172607421875e+02 9.750677490234375000e+02 2.453660202026367188e+02
3.844395828247070312e+02 9.754462432861328125e+02 2.454803466796875000e+02
3.850000000000000000e+02 9.760000610351562500e+02 2.450314903259277344e+02
3.860950469970703125e+02 9.750926971435546875e+02 2.448471450805664062e+02
3.864917755126953125e+02 9.754878234863281250e+02 2.444953536987304688e+02
3.857974243164062500e+02 9.760000610351562500e+02 2.446589088439941406e+02
3.849425888061523438e+02 9.769503784179687500e+02 2.446523666381835938e+02
3.840637588500976562e+02 9.760332489013671875e+02 2.453718185424804688e+02
3.833115768432617188e+02 9.763887023925781250e+02 2.454562568664550781e+02
3.837729263305664062e+02 9.757220458984375000e+02 2.455837631225585938e+02
3.839999771118164062e+02 9.770000457763671875e+02 2.449841880798339844e+02
3.829869461059570312e+02 9.769454956054687500e+02 2.452908706665039062e+02
3.820000076293945312e+02 9.772045135498046875e+02 2.453703117370605469e+02
3.826449203491210938e+02 9.765757751464843750e+02 2.455321502685546875e+02
3.830352783203125000e+02 9.780676269531250000e+02 2.447513198852539062e+02
3.827254486083984375e+02 9.786007690429687500e+02 2.445569992065429688e+02
3.820000076293945312e+02 9.780000305175781250e+02 2.449978256225585938e+02
3.820000076293945312e+02 9.787284851074218750e+02 2.446275138854980469e+02
3.809999847412109375e+02 9.780000305175781250e+02 2.451358604431152344e+02
3.809999847412109375e+02 9.773615264892578125e+02 2.454386711120605469e+02
3.809999847412109375e+02 9.788547515869140625e+02 2.446971893310546875e+02
3.799131774902343750e+02 9.779019165039062500e+02 2.452812576293945312e+02
3.801886749267578125e+02 9.774517822265625000e+02 2.454781913757324219e+02
3.795219802856445312e+02 9.775032043457031250e+02 2.455014801025390625e+02
3.800000000000000000e+02 9.789345550537109375e+02 2.447429084777832031e+02
3.789999771118164062e+02 9.780240631103515625e+02 2.452720832824707031e+02
3.779999923706054688e+02 9.780469512939453125e+02 2.452845001220703125e+02
3.789999771118164062e+02 9.775241088867187500e+02 2.455111694335937500e+02
3.789236831665039062e+02 9.790862274169921875e+02 2.447187042236328125e+02
3.792061233520507812e+02 9.794770050048828125e+02 2.444865608215332031e+02
3.785394668579101562e+02 9.795028686523437500e+02 2.445017242431640625e+02
3.779999923706054688e+02 9.790000152587890625e+02 2.447879600524902344e+02
3.779999923706054688e+02 9.795056152343750000e+02 2.445034408569335938e+02
3.770550155639648438e+02 9.790895080566406250e+02 2.447231864929199219e+02
3.770000076293945312e+02 9.780368804931640625e+02 2.452768325805664062e+02
3.759999847412109375e+02 9.789508819580078125e+02 2.447553634643554688e+02
3.767583847045898438e+02 9.794824981689453125e+02 2.444896888732910156e+02
3.774250411987304688e+02 9.795046997070312500e+02 2.445028495788574219e+02
3.770550155639648438e+02 9.799028015136718750e+02 2.442373275756835938e+02
3.779999923706054688e+02 9.800056457519531250e+02 2.441885185241699219e+02
3.759999847412109375e+02 9.800000000000000000e+02 2.441297149658203125e+02
3.750000000000000000e+02 9.800000000000000000e+02 2.440605354309082031e+02
3.759999847412109375e+02 9.794509124755859375e+02 2.444711112976074219e+02
3.750000000000000000e+02 9.793894195556640625e+02 2.444349288940429688e+02
3.739999771118164062e+02 9.792982482910156250e+02 2.443819618225097656e+02
3.750000000000000000e+02 9.788894653320312500e+02 2.447214317321777344e+02
3.739999771118164062e+02 9.787982940673828125e+02 2.446696281433105469e+02
3.750000000000000000e+02 9.780000305175781250e+02 2.451953315734863281e+02
3.739999771118164062e+02 9.780000305175781250e+02 2.450965118408203125e+02
3.750000000000000000e+02 9.774469757080078125e+02 2.454738998413085938e+02
3.759788894653320312e+02 9.779093170166015625e+02 2.453012657165527344e+02
3.756314849853515625e+02 9.774898529052734375e+02 2.454949569702148438e+02
3.762981796264648438e+02 9.775155639648437500e+02 2.455073738098144531e+02
3.759788894653320312e+02 9.770938873291015625e+02 2.456931304931640625e+02
3.770000076293945312e+02 9.775368499755859375e+02 2.455172538757324219e+02
3.770000076293945312e+02 9.770000457763671875e+02 2.457658767700195312e+02
3.779999923706054688e+02 9.775469207763671875e+02 2.455217742919921875e+02
3.779999923706054688e+02 9.770000457763671875e+02 2.457711219787597656e+02
3.789999771118164062e+02 9.770000457763671875e+02 2.457451820373535156e+02
3.779999923706054688e+02 9.760000610351562500e+02 2.461997413635253906e+02
3.779999923706054688e+02 9.753516387939453125e+02 2.464503860473632812e+02
3.789999771118164062e+02 9.760000610351562500e+02 2.461650848388671875e+02
3.770000076293945312e+02 9.760000610351562500e+02 2.462008476257324219e+02
3.770000076293945312e+02 9.753608703613281250e+02 2.464521980285644531e+02
3.759999847412109375e+02 9.760000610351562500e+02 2.461757659912109375e+02
3.750000000000000000e+02 9.760000610351562500e+02 2.461211395263671875e+02
3.759999847412109375e+02 9.753323364257812500e+02 2.464398574829101562e+02
3.750000000000000000e+02 9.752621459960937500e+02 2.464115905761718750e+02
3.759999847412109375e+02 9.748323059082031250e+02 2.466141700744628906e+02
3.750000000000000000e+02 9.747621154785156250e+02 2.465933418273925781e+02
3.759999847412109375e+02 9.740000152587890625e+02 2.468784523010253906e+02
3.770000076293945312e+02 9.748608398437500000e+02 2.466190910339355469e+02
3.770000076293945312e+02 9.740000152587890625e+02 2.468887138366699219e+02
3.779999923706054688e+02 9.748516082763671875e+02 2.466132926940917969e+02
3.789999771118164062e+02 9.747954559326171875e+02 2.465958595275878906e+02
3.779999923706054688e+02 9.740000152587890625e+02 2.468771171569824219e+02
3.779999923706054688e+02 9.730000305175781250e+02 2.471505737304687500e+02
3.789999771118164062e+02 9.740000152587890625e+02 2.468416213989257812e+02
3.789999771118164062e+02 9.730000305175781250e+02 2.471172142028808594e+02
3.800000000000000000e+02 9.740000152587890625e+02 2.467674446105957031e+02
3.800000000000000000e+02 9.746842956542968750e+02 2.465606498718261719e+02
3.810264587402343750e+02 9.740683746337890625e+02 2.466350555419921875e+02
3.800000000000000000e+02 9.730000305175781250e+02 2.470407295227050781e+02
3.800000000000000000e+02 9.720000457763671875e+02 2.472505569458007812e+02
3.809999847412109375e+02 9.730000305175781250e+02 2.469247055053710938e+02
3.809999847412109375e+02 9.720000457763671875e+02 2.471304130554199219e+02
3.820000076293945312e+02 9.730000305175781250e+02 2.467846488952636719e+02
3.820000076293945312e+02 9.720000457763671875e+02 2.469843292236328125e+02
3.820000076293945312e+02 9.737922668457031250e+02 2.465815734863281250e+02
3.829818725585937500e+02 9.729818725585937500e+02 2.466019439697265625e+02
3.829999923706054688e+02 9.720000457763671875e+02 2.467846488952636719e+02
3.826364517211914062e+02 9.736092376708984375e+02 2.465301132202148438e+02
3.829999923706054688e+02 9.710000610351562500e+02 2.469132041931152344e+02
3.820000076293945312e+02 9.710000610351562500e+02 2.471224021911621094e+02
3.829999923706054688e+02 9.700000000000000000e+02 2.470018577575683594e+02
3.820000076293945312e+02 9.700000000000000000e+02 2.472233963012695312e+02
3.829999923706054688e+02 9.690000152587890625e+02 2.470396614074707031e+02
3.839999771118164062e+02 9.700000000000000000e+02 2.467059516906738281e+02
3.839999771118164062e+02 9.690000152587890625e+02 2.467329406738281250e+02
3.839999771118164062e+02 9.680000305175781250e+02 2.467165946960449219e+02
3.840690994262695312e+02 9.670440673828125000e+02 2.466463470458984375e+02
3.829999923706054688e+02 9.680000305175781250e+02 2.470339393615722656e+02
3.829999923706054688e+02 9.670000457763671875e+02 2.470038986206054688e+02
3.820000076293945312e+02 9.680000305175781250e+02 2.472740745544433594e+02
3.820000076293945312e+02 9.670000457763671875e+02 2.472570991516113281e+02
3.820000076293945312e+02 9.690000152587890625e+02 2.472710800170898438e+02
3.810542297363281250e+02 9.680000305175781250e+02 2.474347305297851562e+02
3.810286331176757812e+02 9.670000457763671875e+02 2.474302673339843750e+02
3.805542373657226562e+02 9.680000305175781250e+02 2.475076103210449219e+02
3.810286331176757812e+02 9.690000152587890625e+02 2.474302673339843750e+02
3.805286407470703125e+02 9.690000152587890625e+02 2.475040245056152344e+02
3.809012222290039062e+02 9.699020385742187500e+02 2.474053382873535156e+02
3.805020523071289062e+02 9.695034027099609375e+02 2.475002861022949219e+02
3.809999847412109375e+02 9.710000610351562500e+02 2.472741889953613281e+02
3.802433395385742188e+02 9.701700592041015625e+02 2.474699974060058594e+02
3.799459838867187500e+02 9.699020385742187500e+02 2.475267028808593750e+02
3.799459838867187500e+02 9.709383392333984375e+02 2.474152946472167969e+02
3.795766830444335938e+02 9.705638885498046875e+02 2.475085639953613281e+02
3.789999771118164062e+02 9.711627197265625000e+02 2.474539947509765625e+02
3.789999771118164062e+02 9.706627655029296875e+02 2.475207519531250000e+02
3.789999771118164062e+02 9.720000457763671875e+02 2.473254585266113281e+02
3.779999923706054688e+02 9.712486267089843750e+02 2.474674606323242188e+02
3.770000076293945312e+02 9.712748718261718750e+02 2.474713516235351562e+02
3.779999923706054688e+02 9.707485961914062500e+02 2.475306129455566406e+02
3.779999923706054688e+02 9.720000457763671875e+02 2.473542213439941406e+02
3.770000076293945312e+02 9.720000457763671875e+02 2.473626899719238281e+02
3.759999847412109375e+02 9.720000457763671875e+02 2.473534584045410156e+02
3.770000076293945312e+02 9.730000305175781250e+02 2.471609497070312500e+02
3.759999847412109375e+02 9.730000305175781250e+02 2.471508979797363281e+02
3.750000000000000000e+02 9.730000305175781250e+02 2.471113395690917969e+02
3.750000000000000000e+02 9.720000457763671875e+02 2.473206520080566406e+02
3.750000000000000000e+02 9.740000152587890625e+02 2.468363380432128906e+02
3.739999771118164062e+02 9.730000305175781250e+02 2.470287322998046875e+02
3.739999771118164062e+02 9.720000457763671875e+02 2.472502899169921875e+02
3.739999771118164062e+02 9.740000152587890625e+02 2.467490386962890625e+02
3.729999923706054688e+02 9.730000305175781250e+02 2.469030189514160156e+02
3.720000076293945312e+02 9.730000305175781250e+02 2.467502021789550781e+02
3.729999923706054688e+02 9.720000457763671875e+02 2.471319389343261719e+02
3.730384826660156250e+02 9.740357208251953125e+02 2.466165161132812500e+02
3.727308273315429688e+02 9.743928527832031250e+02 2.464669990539550781e+02
3.733974838256835938e+02 9.745381927490234375e+02 2.465141105651855469e+02
3.720000076293945312e+02 9.737014007568359375e+02 2.465594100952148438e+02
3.714391708374023438e+02 9.735423278808593750e+02 2.465123939514160156e+02
3.720000076293945312e+02 9.742013549804687500e+02 2.464094161987304688e+02
3.710634994506835938e+02 9.739253997802734375e+02 2.463181495666503906e+02
3.720000076293945312e+02 9.750000000000000000e+02 2.461338043212890625e+02
3.709999847412109375e+02 9.750000000000000000e+02 2.459510421752929688e+02
3.719401550292968750e+02 9.760836791992187500e+02 2.457056427001953125e+02
3.730384826660156250e+02 9.749229431152343750e+02 2.463189125061035156e+02
3.729999923706054688e+02 9.760000610351562500e+02 2.458971786499023438e+02
3.739999771118164062e+02 9.751366424560546875e+02 2.463626670837402344e+02
3.739999771118164062e+02 9.746366119384765625e+02 2.465498924255371094e+02
3.739999771118164062e+02 9.760000610351562500e+02 2.460246086120605469e+02
3.739999771118164062e+02 9.768483734130859375e+02 2.456619262695312500e+02
3.750000000000000000e+02 9.769469451904296875e+02 2.457095527648925781e+02
3.729999923706054688e+02 9.767149353027343750e+02 2.455987548828125000e+02
3.739999771118164062e+02 9.773483276367187500e+02 2.454268836975097656e+02
3.729999923706054688e+02 9.772149658203125000e+02 2.453645896911621094e+02
3.729999923706054688e+02 9.780000305175781250e+02 2.449694442749023438e+02
3.719401550292968750e+02 9.769570159912109375e+02 2.453253746032714844e+02
3.722336196899414062e+02 9.765950012207031250e+02 2.455435562133789062e+02
3.719355773925781250e+02 9.780885314941406250e+02 2.447604942321777344e+02
3.709999847412109375e+02 9.770000457763671875e+02 2.451286125183105469e+02
3.715669631958007812e+02 9.764727783203125000e+02 2.454884529113769531e+02
3.709999847412109375e+02 9.763353729248046875e+02 2.454303741455078125e+02
3.709999847412109375e+02 9.758354187011718750e+02 2.456352424621582031e+02
3.699672698974609375e+02 9.759846496582031250e+02 2.453295516967773438e+02
3.696120834350585938e+02 9.754182434082031250e+02 2.454694747924804688e+02
3.689999771118164062e+02 9.760000610351562500e+02 2.450261116027832031e+02
3.702787780761718750e+02 9.756410980224609375e+02 2.455574607849121094e+02
3.700000000000000000e+02 9.770000457763671875e+02 2.448860168457031250e+02
3.700000000000000000e+02 9.776417541503906250e+02 2.445761680603027344e+02
3.690933990478515625e+02 9.769581604003906250e+02 2.446271896362304688e+02
3.683839797973632812e+02 9.765969085693359375e+02 2.445470046997070312e+02
3.688223266601562500e+02 9.772636413574218750e+02 2.443820762634277344e+02
3.694889831542968750e+02 9.775073242187500000e+02 2.445038986206054688e+02
3.690933990478515625e+02 9.779044342041015625e+02 2.441439247131347656e+02
3.680487442016601562e+02 9.779854583740234375e+02 2.436974334716796875e+02
3.689999771118164062e+02 9.787390899658203125e+02 2.436433219909667969e+02
3.700000000000000000e+02 9.781417846679687500e+02 2.443032455444335938e+02
3.699913787841796875e+02 9.790556335449218750e+02 2.437741661071777344e+02
3.709999847412109375e+02 9.783718872070312500e+02 2.444287490844726562e+02
3.709999847412109375e+02 9.778719329833984375e+02 2.446982383728027344e+02
3.709999847412109375e+02 9.790000152587890625e+02 2.440625762939453125e+02
3.715592956542968750e+02 9.784808349609375000e+02 2.444892692565917969e+02
3.719355773925781250e+02 9.789495849609375000e+02 2.442815399169921875e+02
3.722259902954101562e+02 9.785826110839843750e+02 2.445469665527343750e+02
3.720000076293945312e+02 9.798780059814453125e+02 2.437349700927734375e+02
3.729999923706054688e+02 9.791847991943359375e+02 2.443164443969726562e+02
3.729999923706054688e+02 9.786847686767578125e+02 2.446048545837402344e+02
3.729717254638671875e+02 9.800830078125000000e+02 2.437718200683593750e+02
3.726195907592773438e+02 9.804716491699218750e+02 2.434818267822265625e+02
3.732862472534179688e+02 9.805450439453125000e+02 2.435311126708984375e+02
3.739999771118164062e+02 9.800000000000000000e+02 2.439574432373046875e+02
3.720000076293945312e+02 9.803780364990234375e+02 2.434204101562500000e+02
3.709999847412109375e+02 9.802100372314453125e+02 2.433077430725097656e+02
3.720000076293945312e+02 9.810000610351562500e+02 2.429879379272460938e+02
3.720000076293945312e+02 9.815898895263671875e+02 2.425675010681152344e+02
3.710797882080078125e+02 9.810372924804687500e+02 2.427512931823730469e+02
3.700000000000000000e+02 9.807348632812500000e+02 2.426705169677734375e+02
3.707996368408203125e+02 9.813954162597656250e+02 2.424216842651367188e+02
3.714662933349609375e+02 9.815112304687500000e+02 2.425085067749023438e+02
3.710031127929687500e+02 9.819986724853515625e+02 2.420015144348144531e+02
3.700000000000000000e+02 9.818696594238281250e+02 2.417983818054199219e+02
3.705399322509765625e+02 9.824860382080078125e+02 2.414881706237792969e+02
3.712065887451171875e+02 9.825955200195312500e+02 2.415813446044921875e+02
3.720000076293945312e+02 9.820899200439453125e+02 2.421806526184082031e+02
3.700000000000000000e+02 9.823696136474609375e+02 2.413884544372558594e+02
3.700602340698242188e+02 9.830297088623046875e+02 2.408265113830566406e+02
3.689999771118164062e+02 9.821385192871093750e+02 2.411894989013671875e+02
3.680992126464843750e+02 9.819435119628906250e+02 2.409522056579589844e+02
3.689999771118164062e+02 9.816384887695312500e+02 2.416141510009765625e+02
3.689999771118164062e+02 9.827081298828125000e+02 2.406895065307617188e+02
3.683851623535156250e+02 9.825614166259765625e+02 2.405562210083007812e+02
3.689999771118164062e+02 9.832081604003906250e+02 2.402210235595703125e+02
3.684799575805664062e+02 9.815112304687500000e+02 2.415093803405761719e+02
3.690026092529296875e+02 9.809506225585937500e+02 2.421499061584472656e+02
3.680879592895507812e+02 9.809886169433593750e+02 2.417333030700683594e+02
3.686710357666015625e+02 9.804044342041015625e+02 2.424309730529785156e+02
3.693377304077148438e+02 9.805844116210937500e+02 2.425624275207519531e+02
3.700000000000000000e+02 9.812348175048828125e+02 2.422983741760253906e+02
3.690026092529296875e+02 9.800426483154296875e+02 2.428072738647460938e+02
3.699913787841796875e+02 9.799485778808593750e+02 2.432085037231445312e+02
3.679999923706054688e+02 9.796987152099609375e+02 2.426362609863281250e+02
3.689999771118164062e+02 9.792390441894531250e+02 2.433372688293457031e+02
3.680487442016601562e+02 9.789356231689453125e+02 2.431443977355957031e+02
3.696522903442382812e+02 9.794261169433593750e+02 2.434534454345703125e+02
3.670784378051757812e+02 9.789518737792968750e+02 2.426793098449707031e+02
3.677479553222656250e+02 9.783090209960937500e+02 2.433923149108886719e+02
3.684146118164062500e+02 9.785593414306640625e+02 2.435358238220214844e+02
3.670073699951171875e+02 9.779854583740234375e+02 2.432117843627929688e+02
3.660465621948242188e+02 9.779386138916015625e+02 2.426979827880859375e+02
3.666789627075195312e+02 9.773198699951171875e+02 2.434062385559082031e+02
3.673456192016601562e+02 9.776423645019531250e+02 2.435778045654296875e+02
3.670073699951171875e+02 9.769919586181640625e+02 2.437382507324218750e+02
3.663708496093750000e+02 9.766532135009765625e+02 2.435772323608398438e+02
3.670269012451171875e+02 9.759799957275390625e+02 2.442279434204101562e+02
3.680303955078125000e+02 9.769581604003906250e+02 2.442211723327636719e+02
3.677173233032226562e+02 9.763000488281250000e+02 2.444087219238281250e+02
3.680303955078125000e+02 9.759799957275390625e+02 2.446778678894042969e+02
3.673781967163085938e+02 9.756333923339843750e+02 2.445588493347167969e+02
3.679999923706054688e+02 9.750000000000000000e+02 2.450622177124023438e+02
3.670269012451171875e+02 9.749436187744140625e+02 2.446632385253906250e+02
3.679563522338867188e+02 9.740682983398437500e+02 2.453779792785644531e+02
3.689316940307617188e+02 9.750509643554687500e+02 2.453853797912597656e+02
3.685528182983398438e+02 9.744471740722656250e+02 2.454822349548339844e+02
3.692194747924804688e+02 9.747515869140625000e+02 2.455896568298339844e+02
3.689316940307617188e+02 9.740682983398437500e+02 2.457217407226562500e+02
3.699672698974609375e+02 9.750509643554687500e+02 2.456935691833496094e+02
3.700000000000000000e+02 9.740000152587890625e+02 2.460484886169433594e+02
3.700290298461914062e+02 9.729709625244140625e+02 2.463452148437500000e+02
3.689999771118164062e+02 9.730000305175781250e+02 2.460484886169433594e+02
3.703817367553710938e+02 9.726182556152343750e+02 2.465304946899414062e+02
3.707724761962890625e+02 9.732849884033203125e+02 2.464425468444824219e+02
3.697150802612304688e+02 9.722275543212890625e+02 2.464425468444824219e+02
3.690746307373046875e+02 9.719365692138671875e+02 2.463181495666503906e+02
3.700290298461914062e+02 9.719365692138671875e+02 2.465852928161621094e+02
3.709999847412109375e+02 9.720000457763671875e+02 2.467956542968750000e+02
3.694577026367187500e+02 9.715608978271484375e+02 2.465123939514160156e+02
3.700000000000000000e+02 9.710000610351562500e+02 2.467414474487304688e+02
3.700000000000000000e+02 9.700000000000000000e+02 2.468706512451171875e+02
3.709999847412109375e+02 9.710000610351562500e+02 2.469717597961425781e+02
3.693130493164062500e+02 9.710000610351562500e+02 2.465549278259277344e+02
3.691046905517578125e+02 9.700000000000000000e+02 2.466172599792480469e+02
3.688130569458007812e+02 9.710000610351562500e+02 2.464051628112792969e+02
3.679999923706054688e+02 9.710000610351562500e+02 2.461180496215820312e+02
3.686046981811523438e+02 9.700000000000000000e+02 2.464678955078125000e+02
3.679999923706054688e+02 9.700000000000000000e+02 2.462395286560058594e+02
3.685132217407226562e+02 9.694411468505859375e+02 2.464958572387695312e+02
3.680723190307617188e+02 9.690647125244140625e+02 2.463449287414550781e+02
3.689079284667968750e+02 9.690647125244140625e+02 2.466400909423828125e+02
3.700000000000000000e+02 9.690000152587890625e+02 2.469630432128906250e+02
3.684538650512695312e+02 9.687744903564453125e+02 2.465184211730957031e+02
3.689999771118164062e+02 9.680000305175781250e+02 2.467177963256835938e+02
3.684165573120117188e+02 9.680000305175781250e+02 2.465333175659179688e+02
3.689999771118164062e+02 9.670000457763671875e+02 2.467092323303222656e+02
3.700000000000000000e+02 9.680000305175781250e+02 2.470096206665039062e+02
3.709999847412109375e+02 9.680000305175781250e+02 2.472404098510742188e+02
3.700000000000000000e+02 9.670000457763671875e+02 2.470017433166503906e+02
3.700000000000000000e+02 9.660000610351562500e+02 2.469444656372070312e+02
3.709999847412109375e+02 9.670000457763671875e+02 2.472313117980957031e+02
3.709999847412109375e+02 9.660000610351562500e+02 2.471774864196777344e+02
3.720000076293945312e+02 9.670000457763671875e+02 2.473975181579589844e+02
3.720000076293945312e+02 9.660000610351562500e+02 2.473499679565429688e+02
3.720000076293945312e+02 9.680000305175781250e+02 2.474067878723144531e+02
3.726089477539062500e+02 9.670000457763671875e+02 2.474870109558105469e+02
3.731089782714843750e+02 9.670000457763671875e+02 2.475437736511230469e+02
3.725723648071289062e+02 9.680000305175781250e+02 2.474915504455566406e+02
3.727799224853515625e+02 9.660000610351562500e+02 2.474639701843261719e+02
3.730611419677734375e+02 9.650516510009765625e+02 2.474186134338378906e+02
3.732799148559570312e+02 9.660000610351562500e+02 2.475257682800292969e+02
3.734352493286132812e+02 9.654193878173828125e+02 2.475081825256347656e+02
3.739999771118164062e+02 9.660000610351562500e+02 2.475721359252929688e+02
3.740852737426757812e+02 9.650516510009765625e+02 2.475218391418457031e+02
3.739999771118164062e+02 9.670000457763671875e+02 2.475998497009277344e+02
3.750000000000000000e+02 9.660000610351562500e+02 2.476024436950683594e+02
3.750000000000000000e+02 9.650000000000000000e+02 2.475606155395507812e+02
3.750000000000000000e+02 9.670000457763671875e+02 2.476147270202636719e+02
3.759999847412109375e+02 9.660000610351562500e+02 2.476147270202636719e+02
3.759999847412109375e+02 9.650000000000000000e+02 2.475858116149902344e+02
3.759999847412109375e+02 9.670000457763671875e+02 2.476173210144042969e+02
3.770000076293945312e+02 9.660000610351562500e+02 2.476173210144042969e+02
3.770000076293945312e+02 9.650000000000000000e+02 2.475919723510742188e+02
3.770000076293945312e+02 9.670000457763671875e+02 2.476173210144042969e+02
3.779999923706054688e+02 9.660000610351562500e+02 2.476147270202636719e+02
3.779999923706054688e+02 9.670000457763671875e+02 2.476173210144042969e+02
3.789999771118164062e+02 9.660000610351562500e+02 2.476024436950683594e+02
3.779999923706054688e+02 9.650000000000000000e+02 2.475831031799316406e+02
3.779999923706054688e+02 9.642821502685546875e+02 2.475270271301269531e+02
3.790587234497070312e+02 9.649249267578125000e+02 2.475457000732421875e+02
3.794311904907226562e+02 9.645414733886718750e+02 2.474960708618164062e+02
3.797286987304687500e+02 9.652082061767578125e+02 2.475261688232421875e+02
3.787645339965820312e+02 9.643878936767578125e+02 2.475143241882324219e+02
3.790587234497070312e+02 9.640327453613281250e+02 2.474464607238769531e+02
3.779999923706054688e+02 9.637821197509765625e+02 2.474629592895507812e+02
3.789999771118164062e+02 9.630000305175781250e+02 2.472797203063964844e+02
3.800000000000000000e+02 9.640000152587890625e+02 2.473394584655761719e+02
3.800000000000000000e+02 9.630000305175781250e+02 2.471567535400390625e+02
3.800371932983398438e+02 9.649249267578125000e+02 2.474601936340332031e+02
3.809999847412109375e+02 9.640000152587890625e+02 2.471743774414062500e+02
3.809999847412109375e+02 9.630000305175781250e+02 2.469736289978027344e+02
3.809999847412109375e+02 9.650000000000000000e+02 2.473205757141113281e+02
3.820000076293945312e+02 9.640000152587890625e+02 2.469486236572265625e+02
3.820000076293945312e+02 9.650000000000000000e+02 2.471118927001953125e+02
3.830164718627929688e+02 9.640370941162109375e+02 2.466410446166992188e+02
3.820638275146484375e+02 9.629405975341796875e+02 2.466906929016113281e+02
3.817730712890625000e+02 9.622482299804687500e+02 2.465827751159667969e+02
3.824397277832031250e+02 9.625675964355468750e+02 2.464806938171386719e+02
3.826941299438476562e+02 9.632342529296875000e+02 2.465719985961914062e+02
3.830164718627929688e+02 9.629405975341796875e+02 2.463611221313476562e+02
3.833607864379882812e+02 9.637284851074218750e+02 2.464457511901855469e+02
3.839999771118164062e+02 9.630000305175781250e+02 2.459293937683105469e+02
3.829999923706054688e+02 9.620000457763671875e+02 2.460508346557617188e+02
3.820638275146484375e+02 9.619489288330078125e+02 2.463884925842285156e+02
3.829659271240234375e+02 9.610353088378906250e+02 2.456776428222656250e+02
3.839555358886718750e+02 9.620959472656250000e+02 2.456369209289550781e+02
3.842591857910156250e+02 9.618264770507812500e+02 2.453647041320800781e+02
3.845044326782226562e+02 9.624931335449218750e+02 2.455027580261230469e+02
3.835925292968750000e+02 9.613921356201171875e+02 2.455500030517578125e+02
3.839555358886718750e+02 9.610353088378906250e+02 2.451751327514648438e+02
3.832765197753906250e+02 9.607254791259765625e+02 2.453915786743164062e+02
3.847640991210937500e+02 9.610000610351562500e+02 2.446752357482910156e+02
3.839495468139648438e+02 9.600608825683593750e+02 2.446850585937500000e+02
3.829659271240234375e+02 9.600392913818359375e+02 2.451909255981445312e+02
3.835826110839843750e+02 9.594199371337890625e+02 2.445479011535644531e+02
3.842492675781250000e+02 9.597680664062500000e+02 2.443493461608886719e+02
3.845528030395507812e+02 9.604347229003906250e+02 2.445355987548828125e+02
3.849895858764648438e+02 9.600141906738281250e+02 2.439921379089355469e+02
3.847597503662109375e+02 9.592092132568359375e+02 2.436826896667480469e+02
3.854264068603515625e+02 9.595936584472656250e+02 2.434444808959960938e+02
3.856697845458984375e+02 9.602603149414062500e+02 2.436349296569824219e+02
3.852640914916992188e+02 9.610000610351562500e+02 2.443331146240234375e+02
3.854659652709960938e+02 9.615529632568359375e+02 2.444758987426757812e+02
3.860018539428710938e+02 9.610470581054687500e+02 2.437951850891113281e+02
3.863364410400390625e+02 9.607450866699218750e+02 2.433615303039550781e+02
3.859972381591796875e+02 9.619317626953125000e+02 2.442339324951171875e+02
3.865549087524414062e+02 9.614117431640625000e+02 2.435478210449218750e+02
3.869682312011718750e+02 9.610523223876953125e+02 2.429701423645019531e+02
3.867161560058593750e+02 9.620000457763671875e+02 2.436854934692382812e+02
3.872161483764648438e+02 9.620000457763671875e+02 2.432408523559570312e+02
3.869550323486328125e+02 9.630864715576171875e+02 2.439646530151367188e+02
3.873999786376953125e+02 9.626924896240234375e+02 2.434090232849121094e+02
3.863287353515625000e+02 9.628137969970703125e+02 2.443661689758300781e+02
3.865100479125976562e+02 9.634804534912109375e+02 2.445080566406250000e+02
3.871254348754882812e+02 9.640000152587890625e+02 2.441903877258300781e+02
3.875686645507812500e+02 9.633591461181640625e+02 2.435631179809570312e+02
3.879949188232421875e+02 9.630084991455078125e+02 2.429954147338867188e+02
3.877084732055664062e+02 9.640000152587890625e+02 2.436903762817382812e+02
3.882085037231445312e+02 9.640000152587890625e+02 2.432223129272460938e+02
3.880255889892578125e+02 9.650859832763671875e+02 2.438013267517089844e+02
3.879390716552734375e+02 9.659700775146484375e+02 2.441482353210449219e+02
3.885089492797851562e+02 9.654766082763671875e+02 2.435085868835449219e+02
3.873384857177734375e+02 9.650000000000000000e+02 2.443702316284179688e+02
3.883759689331054688e+02 9.648099517822265625e+02 2.433812713623046875e+02
3.889445114135742188e+02 9.651450347900390625e+02 2.429444885253906250e+02
3.893800735473632812e+02 9.648134613037109375e+02 2.423719024658203125e+02
3.887213516235351562e+02 9.640000152587890625e+02 2.427223205566406250e+02
3.885817337036132812e+02 9.633245086669921875e+02 2.425818061828613281e+02
3.892213439941406250e+02 9.640000152587890625e+02 2.422040367126464844e+02
3.889944076538085938e+02 9.630105590820312500e+02 2.419936561584472656e+02
3.896857833862304688e+02 9.640000152587890625e+02 2.417040252685546875e+02
3.895614242553710938e+02 9.633632659912109375e+02 2.415667915344238281e+02
3.899703216552734375e+02 9.630679321289062500e+02 2.409649467468261719e+02
3.896947860717773438e+02 9.620000457763671875e+02 2.407145118713378906e+02
3.894071197509765625e+02 9.626966094970703125e+02 2.414005279541015625e+02
3.905255508422851562e+02 9.634393310546875000e+02 2.405293464660644531e+02
3.903792190551757812e+02 9.627726745605468750e+02 2.403606796264648438e+02
3.901947784423828125e+02 9.620000457763671875e+02 2.401461601257324219e+02
3.907917785644531250e+02 9.630635833740234375e+02 2.400164031982421875e+02
3.892354583740234375e+02 9.620000457763671875e+02 2.412145042419433594e+02
3.887354660034179688e+02 9.620000457763671875e+02 2.417489624023437500e+02
3.889660644531250000e+02 9.610578155517578125e+02 2.409642601013183594e+02
3.886919403076171875e+02 9.601800537109375000e+02 2.407097053527832031e+02
3.893585968017578125e+02 9.607478332519531250e+02 2.403391838073730469e+02
3.883824157714843750e+02 9.607011413574218750e+02 2.413763809204101562e+02
3.885734939575195312e+02 9.613677978515625000e+02 2.415781021118164062e+02
3.895471572875976562e+02 9.614144897460937500e+02 2.405521392822265625e+02
3.879820251464843750e+02 9.610302734375000000e+02 2.419819450378417969e+02
3.876731491088867188e+02 9.600000000000000000e+02 2.416760063171386719e+02
3.873815917968750000e+02 9.606928253173828125e+02 2.423857879638671875e+02
3.875816345214843750e+02 9.613594818115234375e+02 2.425787734985351562e+02
3.882521438598632812e+02 9.620000457763671875e+02 2.422489547729492188e+02
3.877521133422851562e+02 9.620000457763671875e+02 2.427408599853515625e+02
3.884211730957031250e+02 9.626578521728515625e+02 2.424205207824707031e+02
3.871632003784179688e+02 9.600000000000000000e+02 2.421759986877441406e+02
3.866632080078125000e+02 9.600000000000000000e+02 2.426479530334472656e+02
3.868844223022460938e+02 9.591542053222656250e+02 2.418889808654785156e+02
3.865995025634765625e+02 9.583834075927734375e+02 2.415957450866699219e+02
3.872661590576171875e+02 9.588119506835937500e+02 2.412589073181152344e+02
3.862364959716796875e+02 9.588298034667968750e+02 2.422624206542968750e+02
3.865026855468750000e+02 9.594964599609375000e+02 2.425024032592773438e+02
3.875151062011718750e+02 9.594786071777343750e+02 2.415155410766601562e+02
3.877541732788085938e+02 9.590871429443359375e+02 2.409553527832031250e+02
3.883063888549804688e+02 9.590000152587890625e+02 2.402783775329589844e+02
3.875837326049804688e+02 9.583950805664062500e+02 2.405922508239746094e+02
3.882334136962890625e+02 9.599080657958984375e+02 2.410258293151855469e+02
3.884914779663085938e+02 9.595133972167968750e+02 2.404904556274414062e+02
3.890674972534179688e+02 9.598850250244140625e+02 2.400815010070800781e+02
3.887373733520507812e+02 9.590000152587890625e+02 2.397783660888671875e+02
3.892788314819335938e+02 9.589147949218750000e+02 2.390593338012695312e+02
3.885400772094726562e+02 9.584479522705078125e+02 2.395473670959472656e+02
3.879273605346679688e+02 9.580882263183593750e+02 2.399166870117187500e+02
3.887428665161132812e+02 9.580687713623046875e+02 2.389364624023437500e+02
3.882709503173828125e+02 9.577812957763671875e+02 2.392274284362792969e+02
3.885497665405273438e+02 9.574430847167968750e+02 2.385607719421386719e+02
3.893041992187500000e+02 9.579174041748046875e+02 2.380862617492675781e+02
3.887224197387695312e+02 9.570658874511718750e+02 2.379092025756835938e+02
3.894756317138671875e+02 9.575289154052734375e+02 2.374689292907714844e+02
3.894815826416015625e+02 9.585246276855468750e+02 2.384770965576171875e+02
3.897353363037109375e+02 9.581955718994140625e+02 2.378104400634765625e+02
3.900616455078125000e+02 9.579187774658203125e+02 2.370848846435546875e+02
3.903879165649414062e+02 9.576419067382812500e+02 2.363385963439941406e+02
3.897212600708007812e+02 9.572389221191406250e+02 2.368022537231445312e+02
3.892528915405273438e+02 9.569433593750000000e+02 2.370813560485839844e+02
3.900300598144531250e+02 9.569646453857421875e+02 2.360417747497558594e+02
3.894338607788085938e+02 9.565722656250000000e+02 2.364116096496582031e+02
3.896721649169921875e+02 9.563109588623046875e+02 2.357449531555175781e+02
3.903388595581054688e+02 9.566902923583984375e+02 2.352593994140625000e+02
3.906140518188476562e+02 9.573569488525390625e+02 2.356719398498535156e+02
3.909615325927734375e+02 9.580537414550781250e+02 2.359385299682617188e+02
3.907955551147460938e+02 9.570141601562500000e+02 2.349556350708007812e+02
3.905584716796875000e+02 9.564316558837890625e+02 2.345927429199218750e+02
3.912736892700195312e+02 9.569695281982421875e+02 2.340855407714843750e+02
3.913256072998046875e+02 9.577378082275390625e+02 2.350000000000000000e+02
3.914867401123046875e+02 9.575182342529296875e+02 2.344758987426757812e+02
3.916791915893554688e+02 9.582378387451171875e+02 2.350000000000000000e+02
3.920202255249023438e+02 9.579724884033203125e+02 2.340368652343750000e+02
3.923814392089843750e+02 9.586939239501953125e+02 2.342644882202148438e+02
3.925474929809570312e+02 9.584266662597656250e+02 2.335978317260742188e+02
3.916590118408203125e+02 9.572825622558593750e+02 2.338092231750488281e+02
3.923531723022460938e+02 9.577189636230468750e+02 2.329999923706054688e+02
3.924785232543945312e+02 9.575318908691406250e+02 2.324489402770996094e+02
3.918265533447265625e+02 9.569695281982421875e+02 2.329927444458007812e+02
3.926801681518554688e+02 9.582189178466796875e+02 2.329999923706054688e+02
3.931892395019531250e+02 9.590428924560546875e+02 2.329763412475585938e+02
3.928805541992187500e+02 9.579191589355468750e+02 2.320693588256835938e+02
3.926131439208984375e+02 9.573390197753906250e+02 2.317822837829589844e+02
3.933058166503906250e+02 9.579887390136718750e+02 2.310924339294433594e+02
3.933908081054687500e+02 9.586846923828125000e+02 2.319999885559082031e+02
3.936832809448242188e+02 9.591847229003906250e+02 2.319999885559082031e+02
3.934950256347656250e+02 9.585081481933593750e+02 2.314873886108398438e+02
3.938764572143554688e+02 9.589048767089843750e+02 2.310924339294433594e+02
3.943012237548828125e+02 9.590007781982421875e+02 2.300739288330078125e+02
3.943806076049804688e+02 9.597180938720703125e+02 2.309999847412109375e+02
3.936199188232421875e+02 9.583145904541015625e+02 2.308207321166992188e+02
3.937188339233398438e+02 9.579887390136718750e+02 2.299254989624023438e+02
3.935140609741210938e+02 9.574800872802734375e+02 2.295425224304199219e+02
3.934014892578125000e+02 9.576479339599609375e+02 2.302091789245605469e+02
3.940160751342773438e+02 9.580000305175781250e+02 2.289999961853027344e+02
3.935939407348632812e+02 9.573667144775390625e+02 2.289999961853027344e+02
3.942866134643554688e+02 9.580207824707031250e+02 2.280972099304199219e+02
3.944221496582031250e+02 9.586274719238281250e+02 2.289999961853027344e+02
3.944987487792968750e+02 9.585020446777343750e+02 2.284953498840332031e+02
3.947197723388671875e+02 9.591275024414062500e+02 2.289999961853027344e+02
3.948356246948242188e+02 9.589012145996093750e+02 2.280972099304199219e+02
3.945978164672851562e+02 9.593345642089843750e+02 2.297898864746093750e+02
3.952385711669921875e+02 9.600566864013671875e+02 2.289763069152832031e+02
3.953561019897460938e+02 9.597717285156250000e+02 2.279999923706054688e+02
3.948173904418945312e+02 9.599167633056640625e+02 2.300739288330078125e+02
3.955369567871093750e+02 9.604277801513671875e+02 2.286271858215332031e+02
3.954379272460937500e+02 9.606347656250000000e+02 2.292938423156738281e+02
3.956161117553710938e+02 9.602717590332031250e+02 2.279999923706054688e+02
3.959481048583984375e+02 9.610000610351562500e+02 2.279999923706054688e+02
3.957009124755859375e+02 9.599607849121093750e+02 2.269653701782226562e+02
3.955251693725585938e+02 9.594564056396484375e+02 2.266089439392089844e+02
3.954462432861328125e+02 9.596012115478515625e+02 2.272756195068359375e+02
3.959202957153320312e+02 9.600000000000000000e+02 2.259999847412109375e+02
3.962423324584960938e+02 9.610949707031250000e+02 2.269095993041992188e+02
3.963346862792968750e+02 9.608778381347656250e+02 2.259999847412109375e+02
3.964275360107421875e+02 9.617019653320312500e+02 2.271826553344726562e+02
3.965035247802734375e+02 9.614916229248046875e+02 2.265159988403320312e+02
3.965516662597656250e+02 9.613777923583984375e+02 2.259999847412109375e+02
3.965974426269531250e+02 9.620211791992187500e+02 2.269095993041992188e+02
3.967680358886718750e+02 9.620000457763671875e+02 2.259999847412109375e+02
3.969318771362304688e+02 9.620000457763671875e+02 2.250000000000000000e+02
3.970681381225585938e+02 9.630000305175781250e+02 2.259999847412109375e+02
3.972326660156250000e+02 9.630000305175781250e+02 2.250000000000000000e+02
3.972985458374023438e+02 9.640000152587890625e+02 2.259999847412109375e+02
3.974464797973632812e+02 9.639572906494140625e+02 2.250924491882324219e+02
3.974804687500000000e+02 9.635954284667968750e+02 2.243268966674804688e+02
3.974980926513671875e+02 9.645115661621093750e+02 2.254874038696289062e+02
3.975465774536132812e+02 9.642620849609375000e+02 2.248207473754882812e+02
3.975912094116210938e+02 9.639572906494140625e+02 2.239961433410644531e+02
3.975173187255859375e+02 9.634352874755859375e+02 2.236602401733398438e+02
3.977829360961914062e+02 9.650000000000000000e+02 2.239999961853027344e+02
3.976976013183593750e+02 9.640000152587890625e+02 2.229999923706054688e+02
3.977614593505859375e+02 9.640000152587890625e+02 2.219999885559082031e+02
3.975428771972656250e+02 9.633414459228515625e+02 2.229999923706054688e+02
3.978958892822265625e+02 9.650000000000000000e+02 2.229999923706054688e+02
3.979817199707031250e+02 9.650000000000000000e+02 2.219999885559082031e+02
3.980425643920898438e+02 9.650000000000000000e+02 2.209999847412109375e+02
3.980625534057617188e+02 9.650000000000000000e+02 2.200000000000000000e+02
3.978010559082031250e+02 9.640000152587890625e+02 2.209999847412109375e+02
3.982349777221679688e+02 9.660000610351562500e+02 2.209999847412109375e+02
3.982645416259765625e+02 9.660000610351562500e+02 2.200000000000000000e+02
3.982404327392578125e+02 9.660000610351562500e+02 2.189999961853027344e+02
3.984257888793945312e+02 9.669969940185546875e+02 2.200000000000000000e+02
3.984244155883789062e+02 9.670987701416015625e+02 2.190952110290527344e+02
3.985004425048828125e+02 9.674969482421875000e+02 2.200000000000000000e+02
3.985002899169921875e+02 9.674980163574218750e+02 2.194920349121093750e+02
3.985372543334960938e+02 9.679627990722656250e+02 2.190952110290527344e+02
3.984873962402343750e+02 9.676046752929687500e+02 2.188253784179687500e+02
3.985261535644531250e+02 9.682713317871093750e+02 2.181842231750488281e+02
3.986024475097656250e+02 9.690000152587890625e+02 2.189999961853027344e+02
3.985444259643554688e+02 9.689214324951171875e+02 2.179105377197265625e+02
3.984984588623046875e+02 9.685356903076171875e+02 2.175175666809082031e+02
3.985121917724609375e+02 9.692023468017578125e+02 2.174063110351562500e+02
3.985639190673828125e+02 9.700000000000000000e+02 2.179999923706054688e+02
3.985139846801757812e+02 9.700000000000000000e+02 2.173929977416992188e+02
3.985280227661132812e+02 9.707528686523437500e+02 2.179999923706054688e+02
3.984719085693359375e+02 9.712528991699218750e+02 2.179999923706054688e+02
3.985064315795898438e+02 9.705596923828125000e+02 2.174510192871093750e+02
3.984148025512695312e+02 9.709358215332031250e+02 2.170705986022949219e+02
3.982770538330078125e+02 9.720000457763671875e+02 2.169999885559082031e+02
3.984463119506835938e+02 9.700000000000000000e+02 2.168929862976074219e+02
3.982561874389648438e+02 9.710000610351562500e+02 2.159999847412109375e+02
3.983105087280273438e+02 9.700000000000000000e+02 2.159999847412109375e+02
3.980889129638671875e+02 9.710000610351562500e+02 2.150000000000000000e+02
3.981504821777343750e+02 9.720000457763671875e+02 2.159999847412109375e+02
3.979942321777343750e+02 9.720000457763671875e+02 2.150000000000000000e+02
3.980031585693359375e+02 9.730000305175781250e+02 2.159999847412109375e+02
3.978535461425781250e+02 9.730000305175781250e+02 2.150000000000000000e+02
3.977956008911132812e+02 9.740000152587890625e+02 2.159999847412109375e+02
3.981190872192382812e+02 9.730000305175781250e+02 2.169999885559082031e+02
3.979061508178710938e+02 9.740000152587890625e+02 2.169999885559082031e+02
3.976305007934570312e+02 9.740608978271484375e+02 2.149559974670410156e+02
3.975874328613281250e+02 9.748405456542968750e+02 2.159999847412109375e+02
3.975384521484375000e+02 9.746527862548828125e+02 2.152600097656250000e+02
3.974581146240234375e+02 9.753404998779296875e+02 2.159999847412109375e+02
3.974030303955078125e+02 9.749916839599609375e+02 2.149559974670410156e+02
3.974843597412109375e+02 9.744347381591796875e+02 2.145933532714843750e+02
3.972249221801757812e+02 9.750000000000000000e+02 2.139999961853027344e+02
3.971385574340820312e+02 9.760000610351562500e+02 2.150000000000000000e+02
3.969647216796875000e+02 9.760000610351562500e+02 2.139999961853027344e+02
3.968356323242187500e+02 9.770000457763671875e+02 2.150000000000000000e+02
3.966507720947265625e+02 9.770443725585937500e+02 2.139912414550781250e+02
3.965876388549804688e+02 9.777465057373046875e+02 2.150000000000000000e+02
3.965349197387695312e+02 9.775948333740234375e+02 2.143187522888183594e+02
3.964047241210937500e+02 9.782465362548828125e+02 2.150000000000000000e+02
3.966253662109375000e+02 9.780403137207031250e+02 2.160627555847167969e+02
3.964636230468750000e+02 9.784005737304687500e+02 2.157712745666503906e+02
3.963306427001953125e+02 9.779569244384765625e+02 2.139912414550781250e+02
3.960919189453125000e+02 9.790000152587890625e+02 2.150000000000000000e+02
3.959010696411132812e+02 9.790000152587890625e+02 2.139999961853027344e+02
3.956661987304687500e+02 9.790051269531250000e+02 2.130529022216796875e+02
3.955898284912109375e+02 9.796856689453125000e+02 2.139999961853027344e+02
3.953392410278320312e+02 9.801856994628906250e+02 2.139999961853027344e+02
3.955228042602539062e+02 9.795455932617187500e+02 2.134215164184570312e+02
3.952100753784179688e+02 9.799273681640625000e+02 2.130529022216796875e+02
3.954229354858398438e+02 9.793418884277343750e+02 2.127548408508300781e+02
3.947821807861328125e+02 9.800490570068359375e+02 2.119773864746093750e+02
3.946953582763671875e+02 9.808219146728515625e+02 2.129999923706054688e+02
3.945758056640625000e+02 9.806190490722656250e+02 2.122956466674804688e+02
3.943820953369140625e+02 9.813218688964843750e+02 2.129999923706054688e+02
3.948195648193359375e+02 9.810861206054687500e+02 2.139293861389160156e+02
3.944853591918945312e+02 9.814768218994140625e+02 2.135489845275878906e+02
3.945802688598632812e+02 9.816210937500000000e+02 2.142156410217285156e+02
3.942518234252929688e+02 9.819726562500000000e+02 2.139293861389160156e+02
3.938540649414062500e+02 9.820534515380859375e+02 2.129832458496093750e+02
3.937007522583007812e+02 9.827568817138671875e+02 2.139999961853027344e+02
3.943424224853515625e+02 9.822695922851562500e+02 2.150000000000000000e+02
3.935806655883789062e+02 9.826010131835937500e+02 2.133054351806640625e+02
3.934390258789062500e+02 9.824224090576171875e+02 2.126387596130371094e+02
3.936862182617187500e+02 9.817483520507812500e+02 2.119999885559082031e+02
3.942190170288085938e+02 9.809714508056640625e+02 2.119773864746093750e+02
3.932993698120117188e+02 9.822483825683593750e+02 2.119999885559082031e+02
3.935575485229492188e+02 9.815754699707031250e+02 2.113809394836425781e+02
3.937827682495117188e+02 9.810118865966796875e+02 2.110285568237304688e+02
3.930081939697265625e+02 9.820046997070312500e+02 2.109904289245605469e+02
3.933895874023437500e+02 9.813531494140625000e+02 2.107142639160156250e+02
3.926795196533203125e+02 9.817146301269531250e+02 2.100000000000000000e+02
3.926268386840820312e+02 9.826424407958984375e+02 2.112665748596191406e+02
3.924404907226562500e+02 9.824339294433593750e+02 2.105999183654785156e+02
3.922365951538085938e+02 9.822145843505859375e+02 2.100000000000000000e+02
3.920456314086914062e+02 9.830438232421875000e+02 2.109265136718750000e+02
3.914414596557617188e+02 9.834452819824218750e+02 2.105864334106445312e+02
3.917366027832031250e+02 9.827400207519531250e+02 2.100000000000000000e+02
3.916507720947265625e+02 9.836470794677734375e+02 2.112530899047851562e+02
3.923488235473632812e+02 9.833417510986328125e+02 2.119999885559082031e+02
3.927993774414062500e+02 9.828417205810546875e+02 2.119999885559082031e+02
3.910342788696289062e+02 9.840272521972656250e+02 2.109510612487792969e+02
3.903845596313476562e+02 9.844075012207031250e+02 2.106490135192871094e+02
3.907180023193359375e+02 9.836908721923828125e+02 2.100000000000000000e+02
3.913299942016601562e+02 9.843460083007812500e+02 2.119999885559082031e+02
3.906270980834960938e+02 9.846102142333984375e+02 2.113156700134277344e+02
3.899686050415039062e+02 9.849726104736328125e+02 2.110407066345214844e+02
3.895526504516601562e+02 9.855404663085937500e+02 2.114324188232421875e+02
3.902385711669921875e+02 9.852905273437500000e+02 2.119999885559082031e+02
3.892730712890625000e+02 9.853350830078125000e+02 2.107657432556152344e+02
3.897179031372070312e+02 9.846683502197265625e+02 2.102531814575195312e+02
3.900307464599609375e+02 9.842150878906250000e+02 2.099519157409667969e+02
3.890111923217773438e+02 9.850054931640625000e+02 2.099881553649902344e+02
3.887492752075195312e+02 9.846759033203125000e+02 2.092784118652343750e+02
3.894159317016601562e+02 9.844374084472656250e+02 2.095865249633789062e+02
3.882527923583984375e+02 9.853425598144531250e+02 2.097231292724609375e+02
3.886064147949218750e+02 9.855745697021484375e+02 2.103897857666015625e+02
3.879516601562500000e+02 9.857445526123046875e+02 2.100338745117187500e+02
3.889638519287109375e+02 9.857334899902343750e+02 2.110594558715820312e+02
3.880447006225585938e+02 9.862773132324218750e+02 2.109509658813476562e+02
3.874050140380859375e+02 9.864469146728515625e+02 2.105849456787109375e+02
3.870429992675781250e+02 9.862339019775390625e+02 2.099905014038085938e+02
3.862806320190429688e+02 9.863902282714843750e+02 2.096508598327636719e+02
3.870000076293945312e+02 9.857072448730468750e+02 2.092404174804687500e+02
3.867383575439453125e+02 9.866266632080078125e+02 2.103175163269042969e+02
3.859683609008789062e+02 9.867810821533203125e+02 2.099905014038085938e+02
3.856139755249023438e+02 9.865545654296875000e+02 2.094291305541992188e+02
3.850363922119140625e+02 9.872202301025390625e+02 2.100187492370605469e+02
3.860939025878906250e+02 9.873453521728515625e+02 2.109443092346191406e+02
3.853939819335937500e+02 9.874539947509765625e+02 2.105738449096679688e+02
3.850363922119140625e+02 9.878238677978515625e+02 2.109443092346191406e+02
3.840333175659179688e+02 9.882576751708984375e+02 2.110214424133300781e+02
3.847273254394531250e+02 9.875936889648437500e+02 2.103645896911621094e+02
3.839999771118164062e+02 9.877273559570312500e+02 2.101734924316406250e+02
3.839999771118164062e+02 9.873753356933593750e+02 2.096734809875488281e+02
3.830554199218750000e+02 9.878622436523437500e+02 2.099200439453125000e+02
3.827590560913085938e+02 9.875815582275390625e+02 2.093933677673339844e+02
3.820578765869140625e+02 9.882437896728515625e+02 2.100341033935546875e+02
3.829999923706054688e+02 9.883916473388671875e+02 2.106765174865722656e+02
3.834257125854492188e+02 9.874753570556640625e+02 2.095334053039550781e+02
3.830554199218750000e+02 9.872030639648437500e+02 2.090360260009765625e+02
3.829999923706054688e+02 9.866473388671875000e+02 2.083339309692382812e+02
3.820000076293945312e+02 9.872999572753906250e+02 2.087483406066894531e+02
3.839774703979492188e+02 9.868267822265625000e+02 2.089523506164550781e+02
3.836291503906250000e+02 9.865442657470703125e+02 2.084500503540039062e+02
3.842958068847656250e+02 9.864269256591796875e+02 2.085872650146484375e+02
3.850000000000000000e+02 9.866847229003906250e+02 2.092622947692871094e+02
3.850000000000000000e+02 9.862858581542968750e+02 2.087623023986816406e+02
3.860124206542968750e+02 9.860055541992187500e+02 2.089918899536132812e+02
3.850000000000000000e+02 9.857859039306640625e+02 2.081848144531250000e+02
3.850000000000000000e+02 9.853247833251953125e+02 2.076848030090332031e+02
3.857442092895507812e+02 9.856208801269531250e+02 2.083659934997558594e+02
3.840026855468750000e+02 9.859996032714843750e+02 2.079985618591308594e+02
3.843762207031250000e+02 9.854546356201171875e+02 2.075470733642578125e+02
3.837095642089843750e+02 9.855722045898437500e+02 2.074271202087402344e+02
3.829999923706054688e+02 9.861907196044921875e+02 2.078339385986328125e+02
3.820000076293945312e+02 9.863452911376953125e+02 2.076648139953613281e+02
3.829999923706054688e+02 9.856907653808593750e+02 2.073099136352539062e+02
3.820000076293945312e+02 9.858452606201171875e+02 2.071621131896972656e+02
3.829999923706054688e+02 9.851687622070312500e+02 2.068099212646484375e+02
3.820000076293945312e+02 9.853230285644531250e+02 2.066621208190917969e+02
3.829999923706054688e+02 9.846687316894531250e+02 2.063510513305664062e+02
3.840192794799804688e+02 9.850059509277343750e+02 2.069923210144042969e+02
3.836623382568359375e+02 9.845573425292968750e+02 2.064483833312988281e+02
3.843289947509765625e+02 9.844355773925781250e+02 2.065575218200683594e+02
3.850000000000000000e+02 9.848247528076171875e+02 2.071860694885253906e+02
3.857901000976562500e+02 9.846450805664062500e+02 2.073572158813476562e+02
3.850000000000000000e+02 9.842964935302734375e+02 2.066860580444335938e+02
3.850000000000000000e+02 9.837964630126953125e+02 2.062464332580566406e+02
3.861034393310546875e+02 9.840515899658203125e+02 2.069486808776855469e+02
3.864167404174804688e+02 9.834552764892578125e+02 2.065401458740234375e+02
3.857500839233398438e+02 9.836264038085937500e+02 2.063892936706542969e+02
3.870000076293945312e+02 9.838343811035156250e+02 2.071810913085937500e+02
3.864567565917968750e+02 9.844766998291015625e+02 2.075238227844238281e+02
3.870000076293945312e+02 9.843343353271484375e+02 2.076727104187011719e+02
3.861005020141601562e+02 9.850489807128906250e+02 2.079449081420898438e+02
3.870000076293945312e+02 9.848004913330078125e+02 2.081727027893066406e+02
3.864109039306640625e+02 9.854528808593750000e+02 2.085546684265136719e+02
3.870000076293945312e+02 9.853005218505859375e+02 2.087404060363769531e+02
3.879697418212890625e+02 9.849784851074218750e+02 2.090221405029296875e+02
3.875860977172851562e+02 9.855528259277343750e+02 2.094325447082519531e+02
3.883533859252929688e+02 9.844044494628906250e+02 2.086117362976074219e+02
3.876867294311523438e+02 9.846144104003906250e+02 2.083731079101562500e+02
3.880366134643554688e+02 9.840201568603515625e+02 2.079745674133300781e+02
3.877198410034179688e+02 9.836357879638671875e+02 2.073679733276367188e+02
3.889999771118164062e+02 9.836813354492187500e+02 2.083036994934082031e+02
3.883865356445312500e+02 9.834260559082031250e+02 2.075760078430175781e+02
3.880358886718750000e+02 9.830204010009765625e+02 2.069774818420410156e+02
3.889999771118164062e+02 9.832129669189453125e+02 2.078037071228027344e+02
3.898515319824218750e+02 9.828820037841796875e+02 2.081253433227539062e+02
3.889999771118164062e+02 9.827130126953125000e+02 2.072970962524414062e+02
3.890957641601562500e+02 9.820411682128906250e+02 2.067404747009277344e+02
3.895312118530273438e+02 9.825246429443359375e+02 2.074757957458496094e+02
3.899187469482421875e+02 9.819474029541015625e+02 2.072438621520996094e+02
3.900000000000000000e+02 9.812768554687500000e+02 2.066979789733886719e+02
3.901979064941406250e+02 9.822457122802734375e+02 2.077550888061523438e+02
3.905849456787109375e+02 9.815790557861328125e+02 2.074259757995605469e+02
3.908970642089843750e+02 9.808989715576171875e+02 2.070891761779785156e+02
3.909161376953125000e+02 9.819174194335937500e+02 2.080811309814453125e+02
3.912516021728515625e+02 9.812567901611328125e+02 2.077405166625976562e+02
3.905806350708007812e+02 9.825727081298828125e+02 2.084217453002929688e+02
3.915847015380859375e+02 9.815891265869140625e+02 2.084071922302246094e+02
3.912472915649414062e+02 9.822557830810546875e+02 2.087817573547363281e+02
3.908815765380859375e+02 9.828904724121093750e+02 2.091320037841796875e+02
3.918964767456054688e+02 9.818873596191406250e+02 2.091296958923339844e+02
3.922513580322265625e+02 9.812172698974609375e+02 2.088109588623046875e+02
3.915415954589843750e+02 9.825415039062500000e+02 2.094484138488769531e+02
3.925164031982421875e+02 9.815189361572265625e+02 2.094776153564453125e+02
3.926998138427734375e+02 9.809304046630859375e+02 2.090865707397460938e+02
3.925410079956054688e+02 9.805506134033203125e+02 2.084499168395996094e+02
3.932526779174804688e+02 9.800486755371093750e+02 2.089539909362792969e+02
3.932089614868164062e+02 9.810118865966796875e+02 2.099582099914550781e+02
3.934422302246093750e+02 9.804144287109375000e+02 2.095970153808593750e+02
3.936302947998046875e+02 9.806864929199218750e+02 2.102636718750000000e+02
3.938696289062500000e+02 9.800486755371093750e+02 2.099582099914550781e+02
3.943902587890625000e+02 9.790978240966796875e+02 2.099021720886230469e+02
3.936543273925781250e+02 9.797477722167968750e+02 2.092566680908203125e+02
3.943470764160156250e+02 9.800490570068359375e+02 2.109026145935058594e+02
3.944980239868164062e+02 9.794963836669921875e+02 2.105043601989746094e+02
3.944500732421875000e+02 9.804151153564453125e+02 2.116289901733398438e+02
3.946381759643554688e+02 9.797484588623046875e+02 2.111710357666015625e+02
3.948644638061523438e+02 9.790978240966796875e+02 2.109026145935058594e+02
3.946667480468750000e+02 9.788297271728515625e+02 2.101703071594238281e+02
3.953181457519531250e+02 9.790051269531250000e+02 2.119530105590820312e+02
3.953654479980468750e+02 9.780567169189453125e+02 2.109386634826660156e+02
3.954731750488281250e+02 9.774244689941406250e+02 2.105644416809082031e+02
3.948683929443359375e+02 9.780974578857421875e+02 2.099021720886230469e+02
3.954691314697265625e+02 9.784278106689453125e+02 2.115883445739746094e+02
3.956063842773437500e+02 9.777611541748046875e+02 2.112311172485351562e+02
3.957415390014648438e+02 9.780567169189453125e+02 2.119530105590820312e+02
3.957459259033203125e+02 9.770546722412109375e+02 2.109386634826660156e+02
3.955875015258789062e+02 9.767577362060546875e+02 2.103150367736816406e+02
3.961007308959960938e+02 9.760000610351562500e+02 2.109999847412109375e+02
3.961467742919921875e+02 9.770000457763671875e+02 2.119999885559082031e+02
3.964125442504882812e+02 9.760843658447265625e+02 2.119371223449707031e+02
3.964056396484375000e+02 9.770443725585937500e+02 2.129176139831542969e+02
3.964922714233398438e+02 9.764739990234375000e+02 2.125293540954589844e+02
3.960784530639648438e+02 9.780000305175781250e+02 2.129999923706054688e+02
3.964693832397460938e+02 9.774072265625000000e+02 2.136520767211914062e+02
3.965758514404296875e+02 9.767405700683593750e+02 2.131960296630859375e+02
3.966987609863281250e+02 9.760843658447265625e+02 2.129176139831542969e+02
3.969976806640625000e+02 9.750000000000000000e+02 2.129999923706054688e+02
3.965866470336914062e+02 9.758072662353515625e+02 2.122285461425781250e+02
3.966821670532226562e+02 9.750466156005859375e+02 2.119371223449707031e+02
3.965543746948242188e+02 9.747443389892578125e+02 2.113503456115722656e+02
3.964793014526367188e+02 9.754109954833984375e+02 2.115618705749511719e+02
3.969207000732421875e+02 9.740000152587890625e+02 2.119999885559082031e+02
3.970915603637695312e+02 9.730000305175781250e+02 2.119999885559082031e+02
3.966271972656250000e+02 9.740000152587890625e+02 2.111479949951171875e+02
3.972159576416015625e+02 9.740000152587890625e+02 2.129999923706054688e+02
3.973966979980468750e+02 9.730440521240234375e+02 2.130130767822265625e+02
3.974285888671875000e+02 9.740608978271484375e+02 2.139391517639160156e+02
3.974843597412109375e+02 9.734066772460937500e+02 2.135652542114257812e+02
3.975613403320312500e+02 9.737680816650390625e+02 2.142319297790527344e+02
3.976305007934570312e+02 9.730440521240234375e+02 2.139391517639160156e+02
3.977842330932617188e+02 9.720000457763671875e+02 2.139999961853027344e+02
3.975384521484375000e+02 9.727400207519531250e+02 2.133551406860351562e+02
3.975806045532226562e+02 9.720000457763671875e+02 2.131998825073242188e+02
3.976183319091796875e+02 9.710000610351562500e+02 2.130677032470703125e+02
3.974445343017578125e+02 9.720000457763671875e+02 2.126998710632324219e+02
3.974808120727539062e+02 9.710000610351562500e+02 2.125677108764648438e+02
3.972080612182617188e+02 9.720000457763671875e+02 2.119999885559082031e+02
3.972737884521484375e+02 9.710000610351562500e+02 2.119999885559082031e+02
3.968453979492187500e+02 9.720000457763671875e+02 2.109999847412109375e+02
3.969075393676757812e+02 9.710000610351562500e+02 2.109999847412109375e+02
3.965818405151367188e+02 9.720000457763671875e+02 2.103143692016601562e+02
3.966918945312500000e+02 9.730786895751953125e+02 2.109081840515136719e+02
3.964948272705078125e+02 9.734644317626953125e+02 2.105136299133300781e+02
3.965412139892578125e+02 9.727977752685546875e+02 2.104074478149414062e+02
3.963356399536132812e+02 9.730786895751953125e+02 2.100444602966308594e+02
3.957643890380859375e+02 9.730873870849609375e+02 2.089032173156738281e+02
3.961597442626953125e+02 9.740000152587890625e+02 2.100000000000000000e+02
3.963560485839843750e+02 9.720000457763671875e+02 2.098143768310546875e+02
3.963915634155273438e+02 9.710000610351562500e+02 2.097380828857421875e+02
3.959395599365234375e+02 9.720000457763671875e+02 2.089999961853027344e+02
3.955835342407226562e+02 9.720000457763671875e+02 2.083621597290039062e+02
3.960066604614257812e+02 9.710000610351562500e+02 2.089999961853027344e+02
3.956150817871093750e+02 9.710000610351562500e+02 2.083139419555664062e+02
3.960238647460937500e+02 9.700000000000000000e+02 2.089999961853027344e+02
3.956226348876953125e+02 9.700000000000000000e+02 2.083047485351562500e+02
3.959812927246093750e+02 9.690000152587890625e+02 2.089999961853027344e+02
3.964012527465820312e+02 9.700000000000000000e+02 2.097155952453613281e+02
3.963805389404296875e+02 9.690000152587890625e+02 2.097563171386718750e+02
3.966248321533203125e+02 9.700000000000000000e+02 2.102156066894531250e+02
3.969287490844726562e+02 9.700000000000000000e+02 2.109999847412109375e+02
3.966145706176757812e+02 9.710000610351562500e+02 2.102380752563476562e+02
3.966087341308593750e+02 9.690000152587890625e+02 2.102563285827636719e+02
3.965708923339843750e+02 9.680000305175781250e+02 2.103452110290527344e+02
3.969017410278320312e+02 9.690000152587890625e+02 2.109999847412109375e+02
3.972737884521484375e+02 9.690000152587890625e+02 2.119999885559082031e+02
3.968320846557617188e+02 9.680000305175781250e+02 2.109999847412109375e+02
3.972057342529296875e+02 9.680000305175781250e+02 2.119999885559082031e+02
3.966833877563476562e+02 9.669787597656250000e+02 2.109299468994140625e+02
3.964787673950195312e+02 9.666313171386718750e+02 2.105499076843261719e+02
3.965311050415039062e+02 9.672979736328125000e+02 2.104335975646972656e+02
3.970922088623046875e+02 9.670000457763671875e+02 2.119999885559082031e+02
3.966225433349609375e+02 9.660000610351562500e+02 2.111992454528808594e+02
3.965490722656250000e+02 9.653058624267578125e+02 2.113824081420898438e+02
3.964138412475585938e+02 9.660000610351562500e+02 2.106992340087890625e+02
3.969223022460937500e+02 9.660000610351562500e+02 2.119999885559082031e+02
3.972443389892578125e+02 9.660000610351562500e+02 2.129999923706054688e+02
3.966804122924804688e+02 9.649835205078125000e+02 2.119581413269042969e+02
3.970240783691406250e+02 9.650000000000000000e+02 2.129999923706054688e+02
3.964631271362304688e+02 9.646392059326171875e+02 2.115969085693359375e+02
3.965855789184570312e+02 9.642289733886718750e+02 2.122635841369628906e+02
3.967132949829101562e+02 9.639374542236328125e+02 2.129373741149902344e+02
3.963762283325195312e+02 9.639374542236328125e+02 2.119581413269042969e+02
3.960599899291992188e+02 9.630000305175781250e+02 2.119999885559082031e+02
3.959905242919921875e+02 9.640000152587890625e+02 2.109999847412109375e+02
3.964793014526367188e+02 9.635623168945312500e+02 2.125622940063476562e+02
3.963836288452148438e+02 9.629507446289062500e+02 2.129373741149902344e+02
3.964694595336914062e+02 9.625846099853515625e+02 2.136120986938476562e+02
3.965855789184570312e+02 9.632512664794921875e+02 2.132289695739746094e+02
3.960261154174804688e+02 9.620000457763671875e+02 2.129999923706054688e+02
3.956778717041015625e+02 9.620200347900390625e+02 2.120303916931152344e+02
3.963295745849609375e+02 9.620153808593750000e+02 2.139672470092773438e+02
3.956271743774414062e+02 9.610418701171875000e+02 2.130933952331542969e+02
3.955469894409179688e+02 9.614031219482421875e+02 2.123839759826660156e+02
3.955038833618164062e+02 9.604927062988281250e+02 2.134889984130859375e+02
3.958860015869140625e+02 9.610000610351562500e+02 2.139999961853027344e+02
3.953820800781250000e+02 9.607364654541015625e+02 2.128223419189453125e+02
3.951439285278320312e+02 9.600956726074218750e+02 2.130933952331542969e+02
3.952211761474609375e+02 9.610418701171875000e+02 2.120303916931152344e+02
3.946974182128906250e+02 9.600146484375000000e+02 2.120487594604492188e+02
3.947372436523437500e+02 9.610111236572265625e+02 2.110089874267578125e+02
3.954087066650390625e+02 9.617000579833984375e+02 2.117173194885253906e+02
3.952268981933593750e+02 9.620200347900390625e+02 2.110269165039062500e+02
3.947063446044921875e+02 9.620476531982421875e+02 2.100209808349609375e+02
3.953939437866210938e+02 9.627607727050781250e+02 2.107115173339843750e+02
3.955588531494140625e+02 9.623667144775390625e+02 2.113781929016113281e+02
3.956632232666015625e+02 9.630564880371093750e+02 2.110269165039062500e+02
3.955286026000976562e+02 9.634274291992187500e+02 2.104464721679687500e+02
3.956297302246093750e+02 9.640000152587890625e+02 2.102514839172363281e+02
3.951688385009765625e+02 9.630564880371093750e+02 2.100678825378417969e+02
3.946655654907226562e+02 9.630000305175781250e+02 2.092279815673828125e+02
3.953620529174804688e+02 9.640000152587890625e+02 2.097514915466308594e+02
3.954697799682617188e+02 9.645946502685546875e+02 2.095554924011230469e+02
3.948518753051757812e+02 9.639354705810546875e+02 2.089221191406250000e+02
3.944764709472656250e+02 9.635590362548828125e+02 2.085368728637695312e+02
3.946036911010742188e+02 9.642256927490234375e+02 2.083441734313964844e+02
3.952692794799804688e+02 9.649568176269531250e+02 2.090248107910156250e+02
3.953747177124023438e+02 9.660000610351562500e+02 2.087096405029296875e+02
3.955727005004882812e+02 9.652613067626953125e+02 2.093747138977050781e+02
3.947342681884765625e+02 9.650000000000000000e+02 2.081459045410156250e+02
3.943994140625000000e+02 9.650000000000000000e+02 2.076458930969238281e+02
3.948427200317382812e+02 9.659270477294921875e+02 2.079102134704589844e+02
3.945716094970703125e+02 9.662117004394531250e+02 2.074032211303710938e+02
3.944882202148437500e+02 9.655450439453125000e+02 2.075170135498046875e+02
3.951970291137695312e+02 9.670417785644531250e+02 2.080842590332031250e+02
3.946530532836914062e+02 9.670000457763671875e+02 2.072905158996582031e+02
3.952312088012695312e+02 9.680000305175781250e+02 2.079136848449707031e+02
3.955167007446289062e+02 9.674030303955078125e+02 2.084737777709960938e+02
3.954576110839843750e+02 9.667363739013671875e+02 2.085714721679687500e+02
3.957217407226562500e+02 9.670417785644531250e+02 2.089428901672363281e+02
3.962990188598632812e+02 9.669787597656250000e+02 2.100601577758789062e+02
3.958891677856445312e+02 9.680000305175781250e+02 2.089999961853027344e+02
3.956660461425781250e+02 9.660000610351562500e+02 2.092096519470214844e+02
3.960799026489257812e+02 9.660000610351562500e+02 2.100000000000000000e+02
3.957740402221679688e+02 9.649568176269531250e+02 2.099333000183105469e+02
3.963082885742187500e+02 9.649835205078125000e+02 2.110294342041015625e+02
3.963348770141601562e+02 9.680000305175781250e+02 2.098452186584472656e+02
3.955542755126953125e+02 9.680000305175781250e+02 2.084136772155761719e+02
3.956007766723632812e+02 9.690000152587890625e+02 2.083397674560546875e+02
3.952801513671875000e+02 9.690000152587890625e+02 2.078397560119628906e+02
3.947801589965820312e+02 9.690000152587890625e+02 2.070958900451660156e+02
3.953024673461914062e+02 9.700000000000000000e+02 2.078047370910644531e+02
3.948024749755859375e+02 9.700000000000000000e+02 2.070595359802246094e+02
3.952999877929687500e+02 9.710000610351562500e+02 2.078139305114746094e+02
3.947999954223632812e+02 9.710000610351562500e+02 2.070598793029785156e+02
3.952746200561523438e+02 9.720000457763671875e+02 2.078621673583984375e+02
3.947745895385742188e+02 9.720000457763671875e+02 2.070944023132324219e+02
3.952771759033203125e+02 9.730873870849609375e+02 2.080572319030761719e+02
3.947237396240234375e+02 9.730000305175781250e+02 2.071695327758789062e+02
3.950893783569335938e+02 9.740000152587890625e+02 2.079999923706054688e+02
3.955427169799804688e+02 9.728122711181640625e+02 2.084287452697753906e+02
3.954969787597656250e+02 9.734789276123046875e+02 2.085053825378417969e+02
3.954470062255859375e+02 9.740000152587890625e+02 2.085957145690917969e+02
3.953369522094726562e+02 9.750000000000000000e+02 2.087969589233398438e+02
3.957157135009765625e+02 9.740000152587890625e+02 2.090957069396972656e+02
3.956079483032226562e+02 9.750000000000000000e+02 2.092969703674316406e+02
3.959445571899414062e+02 9.750000000000000000e+02 2.100000000000000000e+02
3.955316543579101562e+02 9.756033325195312500e+02 2.094403839111328125e+02
3.956824111938476562e+02 9.759620666503906250e+02 2.099890136718750000e+02
3.952117156982421875e+02 9.759620666503906250e+02 2.090642166137695312e+02
3.946945571899414062e+02 9.760000610351562500e+02 2.081882476806640625e+02
3.954267883300781250e+02 9.762700653076171875e+02 2.096483612060546875e+02
3.947859954833984375e+02 9.770226287841796875e+02 2.089503479003906250e+02
3.945758056640625000e+02 9.767044067382812500e+02 2.083809661865234375e+02
3.953244018554687500e+02 9.770546722412109375e+02 2.099890136718750000e+02
3.946406936645507812e+02 9.778290557861328125e+02 2.092505836486816406e+02
3.944497299194335938e+02 9.773710632324218750e+02 2.085839271545410156e+02
3.942172622680664062e+02 9.770226287841796875e+02 2.080285835266113281e+02
3.943457031250000000e+02 9.780974578857421875e+02 2.089503479003906250e+02
3.937798309326171875e+02 9.779670715332031250e+02 2.079913330078125000e+02
3.938684844970703125e+02 9.790379333496093750e+02 2.089539909362792969e+02
3.944980239868164062e+02 9.784957122802734375e+02 2.095036315917968750e+02
3.936283874511718750e+02 9.787298583984375000e+02 2.083189010620117188e+02
3.934378814697265625e+02 9.793965148925781250e+02 2.085899925231933594e+02
3.931985855102539062e+02 9.790379333496093750e+02 2.079913330078125000e+02
3.926698303222656250e+02 9.790000152587890625e+02 2.073055458068847656e+02
3.926925659179687500e+02 9.799072265625000000e+02 2.080699348449707031e+02
3.933843994140625000e+02 9.782784271240234375e+02 2.076522254943847656e+02
3.929991912841796875e+02 9.779907989501953125e+02 2.070068168640136719e+02
3.932860183715820312e+02 9.770000457763671875e+02 2.067585945129394531e+02
3.926139450073242188e+02 9.777031707763671875e+02 2.063792991638183594e+02
3.924194717407226562e+02 9.783698272705078125e+02 2.065836334228515625e+02
3.935549163818359375e+02 9.776117706298828125e+02 2.074299812316894531e+02
3.936842346191406250e+02 9.770000457763671875e+02 2.072585868835449219e+02
3.938377761840820312e+02 9.760006713867187500e+02 2.069488906860351562e+02
3.934340667724609375e+02 9.763344573974609375e+02 2.065814781188964844e+02
3.942186737060546875e+02 9.750471496582031250e+02 2.070450592041015625e+02
3.935627746582031250e+02 9.756678009033203125e+02 2.064252853393554688e+02
3.943751144409179688e+02 9.760000610351562500e+02 2.076882362365722656e+02
3.944760513305664062e+02 9.754119110107421875e+02 2.075366783142089844e+02
3.948075485229492188e+02 9.750471496582031250e+02 2.079220008850097656e+02
3.945632934570312500e+02 9.747452545166015625e+02 2.074084472656250000e+02
3.946424102783203125e+02 9.740000152587890625e+02 2.072914695739746094e+02
3.942913055419921875e+02 9.740000152587890625e+02 2.067914581298828125e+02
3.937913131713867188e+02 9.740000152587890625e+02 2.061464309692382812e+02
3.943801116943359375e+02 9.730000305175781250e+02 2.066695404052734375e+02
3.944330596923828125e+02 9.720000457763671875e+02 2.065943908691406250e+02
3.938063812255859375e+02 9.729158782958984375e+02 2.059319305419921875e+02
3.934536361694335938e+02 9.731931304931640625e+02 2.055532264709472656e+02
3.939537429809570312e+02 9.720000457763671875e+02 2.059999847412109375e+02
3.935038375854492188e+02 9.725264739990234375e+02 2.054956626892089844e+02
3.929873657226562500e+02 9.729090118408203125e+02 2.050155448913574219e+02
3.935206985473632812e+02 9.720000457763671875e+02 2.054765319824218750e+02
3.930478668212890625e+02 9.720000457763671875e+02 2.049765396118164062e+02
3.935404968261718750e+02 9.710000610351562500e+02 2.054539871215820312e+02
3.930699157714843750e+02 9.710000610351562500e+02 2.049539947509765625e+02
3.935386657714843750e+02 9.700000000000000000e+02 2.054559326171875000e+02
3.939976119995117188e+02 9.710000610351562500e+02 2.059999847412109375e+02
3.944570922851562500e+02 9.710000610351562500e+02 2.065598678588867188e+02
3.939956283569335938e+02 9.700000000000000000e+02 2.059999847412109375e+02
3.938567733764648438e+02 9.689381408691406250e+02 2.059036254882812500e+02
3.944569396972656250e+02 9.700000000000000000e+02 2.065595436096191406e+02
3.944299697875976562e+02 9.690000152587890625e+02 2.065958976745605469e+02
3.943692779541015625e+02 9.680000305175781250e+02 2.066743469238281250e+02
3.942769241333007812e+02 9.670000457763671875e+02 2.067905235290527344e+02
3.938692855834960938e+02 9.680000305175781250e+02 2.060599899291992188e+02
3.947312164306640625e+02 9.680000305175781250e+02 2.071743392944335938e+02
3.937768936157226562e+02 9.670000457763671875e+02 2.061734199523925781e+02
3.934469223022460938e+02 9.680000305175781250e+02 2.055599784851074219e+02
3.933450698852539062e+02 9.670000457763671875e+02 2.056734275817871094e+02
3.928643035888671875e+02 9.680667114257812500e+02 2.049339485168457031e+02
3.934947204589843750e+02 9.685635375976562500e+02 2.055060386657714844e+02
3.931285858154296875e+02 9.689381408691406250e+02 2.050853919982910156e+02
3.925397109985351562e+02 9.690000152587890625e+02 2.044618225097656250e+02
3.930691146850585938e+02 9.700000000000000000e+02 2.049559402465820312e+02
3.935213470458984375e+02 9.692302703857421875e+02 2.054756546020507812e+02
3.925690841674804688e+02 9.700000000000000000e+02 2.044338417053222656e+02
3.920094680786132812e+02 9.700000000000000000e+02 2.039338493347167969e+02
3.925699234008789062e+02 9.710000610351562500e+02 2.044332504272460938e+02
3.919068908691406250e+02 9.710871124267578125e+02 2.038470268249511719e+02
3.925478744506835938e+02 9.720000457763671875e+02 2.044542312622070312e+02
3.920000076293945312e+02 9.720000457763671875e+02 2.039729118347167969e+02
3.925210571289062500e+02 9.726248168945312500e+02 2.044798278808593750e+02
3.920769882202148438e+02 9.729749298095703125e+02 2.041508483886718750e+02
3.918714523315429688e+02 9.740000152587890625e+02 2.041838264465332031e+02
3.924616622924804688e+02 9.732914733886718750e+02 2.045354461669921875e+02
3.913937759399414062e+02 9.730000305175781250e+02 2.035787010192871094e+02
3.914751815795898438e+02 9.720000457763671875e+02 2.035186767578125000e+02
3.908937454223632812e+02 9.730000305175781250e+02 2.032244491577148438e+02
3.912457275390625000e+02 9.740000152587890625e+02 2.036838150024414062e+02
3.909622573852539062e+02 9.750293731689453125e+02 2.037868499755859375e+02
3.907456970214843750e+02 9.740000152587890625e+02 2.033308982849121094e+02
3.899053955078125000e+02 9.739115905761718750e+02 2.028129005432128906e+02
3.906037521362304688e+02 9.747155761718750000e+02 2.034298324584960938e+02
3.900588607788085938e+02 9.750293731689453125e+02 2.032183074951171875e+02
3.897298431396484375e+02 9.760000610351562500e+02 2.033729171752929688e+02
3.904314422607421875e+02 9.753822326660156250e+02 2.035400199890136719e+02
3.889874267578125000e+02 9.750199127197265625e+02 2.026853561401367188e+02
3.893124008178710938e+02 9.741858673095703125e+02 2.025802803039550781e+02
3.886457443237304688e+02 9.746998596191406250e+02 2.024404144287109375e+02
3.883803176879882812e+02 9.753665924072265625e+02 2.025415802001953125e+02
3.889999771118164062e+02 9.760000610351562500e+02 2.030256271362304688e+02
3.889360809326171875e+02 9.769306182861328125e+02 2.033666038513183594e+02
3.880281829833984375e+02 9.760227966308593750e+02 2.026503181457519531e+02
3.873400878906250000e+02 9.763713073730468750e+02 2.025469207763671875e+02
3.877136611938476562e+02 9.757046508789062500e+02 2.024289321899414062e+02
3.879999923706054688e+02 9.770000457763671875e+02 2.030242729187011719e+02
3.879999923706054688e+02 9.777812957763671875e+02 2.033675765991210938e+02
3.870040512084960938e+02 9.769764709472656250e+02 2.026878547668457031e+02
3.866733932495117188e+02 9.766273498535156250e+02 2.024516296386718750e+02
3.870864486694335938e+02 9.780907440185546875e+02 2.032000350952148438e+02
3.861832427978515625e+02 9.772940826416015625e+02 2.025815391540527344e+02
3.859099578857421875e+02 9.769764709472656250e+02 2.023935890197753906e+02
3.859099578857421875e+02 9.779057312011718750e+02 2.027750968933105469e+02
3.855165863037109375e+02 9.775096130371093750e+02 2.024958801269531250e+02
3.850000000000000000e+02 9.781331634521484375e+02 2.026606369018554688e+02
3.859485626220703125e+02 9.790135955810546875e+02 2.033115577697753906e+02
3.850000000000000000e+02 9.790000152587890625e+02 2.030663108825683594e+02
3.855809783935546875e+02 9.795429229736328125e+02 2.034756278991699219e+02
3.862476348876953125e+02 9.793559265136718750e+02 2.035793685913085938e+02
3.868107604980468750e+02 9.786892700195312500e+02 2.034005737304687500e+02
3.870864486694335938e+02 9.790135955810546875e+02 2.036692047119140625e+02
3.874774169921875000e+02 9.784845733642578125e+02 2.035076522827148438e+02
3.869901275634765625e+02 9.800342559814453125e+02 2.042309761047363281e+02
3.880992507934570312e+02 9.790995025634765625e+02 2.041048240661621094e+02
3.879999923706054688e+02 9.782812500000000000e+02 2.036098098754882812e+02
3.878321075439453125e+02 9.797237396240234375e+02 2.043616294860839844e+02
3.884988021850585938e+02 9.794991302490234375e+02 2.045005226135253906e+02
3.889999771118164062e+02 9.787869262695312500e+02 2.043312263488769531e+02
3.889360809326171875e+02 9.779343414306640625e+02 2.038439559936523438e+02
3.889999771118164062e+02 9.792869567871093750e+02 2.046335983276367188e+02
3.895517349243164062e+02 9.785501098632812500e+02 2.044695472717285156e+02
3.899310302734375000e+02 9.779110717773437500e+02 2.043547630310058594e+02
3.899838638305664062e+02 9.789835357666015625e+02 2.050086593627929688e+02
3.902184295654296875e+02 9.781851196289062500e+02 2.046730613708496094e+02
3.897493362426757812e+02 9.797319793701171875e+02 2.053442573547363281e+02
3.904159927368164062e+02 9.794170379638671875e+02 2.055575180053710938e+02
3.907164382934570312e+02 9.787503051757812500e+02 2.053397369384765625e+02
3.909485626220703125e+02 9.779296112060546875e+02 2.050379562377929688e+02
3.910298538208007812e+02 9.790502166748046875e+02 2.057843780517578125e+02
3.909255218505859375e+02 9.799097442626953125e+02 2.063068389892578125e+02
3.916993713378906250e+02 9.790000152587890625e+02 2.063123130798339844e+02
3.913830947875976562e+02 9.783407592773437500e+02 2.055951690673828125e+02
3.920152282714843750e+02 9.780220031738281250e+02 2.059872245788574219e+02
3.923007583618164062e+02 9.770000457763671875e+02 2.056911659240722656e+02
3.916109466552734375e+02 9.776741027832031250e+02 2.054028320312500000e+02
3.918007659912109375e+02 9.770000457763671875e+02 2.052341461181640625e+02
3.911852264404296875e+02 9.770000457763671875e+02 2.047341537475585938e+02
3.920140838623046875e+02 9.760285186767578125e+02 2.049878883361816406e+02
3.922038269042968750e+02 9.750000000000000000e+02 2.047653198242187500e+02
3.915715026855468750e+02 9.756504821777343750e+02 2.044403457641601562e+02
3.924567031860351562e+02 9.764065551757812500e+02 2.055422592163085938e+02
3.926003646850585938e+02 9.757398986816406250e+02 2.053997421264648438e+02
3.913996124267578125e+02 9.763171386718750000e+02 2.045760154724121094e+02
3.910397720336914062e+02 9.759902954101562500e+02 2.041895103454589844e+02
3.906852340698242188e+02 9.770000457763671875e+02 2.043692016601562500e+02
3.902298355102539062e+02 9.760000610351562500e+02 2.036566352844238281e+02
3.899250030517578125e+02 9.769306182861328125e+02 2.038743209838867188e+02
3.895416641235351562e+02 9.765509796142578125e+02 2.034768486022949219e+02
3.892267990112304688e+02 9.772176361083984375e+02 2.036315917968750000e+02
3.905140686035156250e+02 9.775184631347656250e+02 2.044901084899902344e+02
3.927312088012695312e+02 9.750000000000000000e+02 2.052653312683105469e+02
3.930172348022460938e+02 9.760371398925781250e+02 2.059837722778320312e+02
3.932312011718750000e+02 9.750000000000000000e+02 2.058004760742187500e+02
3.927860260009765625e+02 9.770000457763671875e+02 2.061911582946777344e+02
3.933712005615234375e+02 9.740000152587890625e+02 2.056464195251464844e+02
3.936663055419921875e+02 9.750000000000000000e+02 2.063004684448242188e+02
3.928712081909179688e+02 9.740000152587890625e+02 2.051170921325683594e+02
3.923714447021484375e+02 9.740000152587890625e+02 2.046170806884765625e+02
3.917038345336914062e+02 9.750000000000000000e+02 2.043285369873046875e+02
3.921993637084960938e+02 9.790000152587890625e+02 2.068055534362792969e+02
3.915129852294921875e+02 9.795161437988281250e+02 2.064879226684570312e+02
3.918805313110351562e+02 9.798474121093750000e+02 2.071214103698730469e+02
3.915814208984375000e+02 9.805901336669921875e+02 2.074190521240234375e+02
3.922481155395507812e+02 9.801786804199218750e+02 2.077832412719726562e+02
3.925086593627929688e+02 9.795120239257812500e+02 2.074904251098632812e+02
3.912091827392578125e+02 9.801828765869140625e+02 2.067523765563964844e+02
3.919163894653320312e+02 9.809037017822265625e+02 2.080952072143554688e+02
3.905425262451171875e+02 9.805412292480468750e+02 2.064659500122070312e+02
3.900495910644531250e+02 9.800392150878906250e+02 2.057580757141113281e+02
3.893742370605468750e+02 9.803986358642578125e+02 2.055733108520507812e+02
3.900000000000000000e+02 9.807769012451171875e+02 2.062794494628906250e+02
3.891002655029296875e+02 9.810748291015625000e+02 2.059390449523925781e+02
3.882320404052734375e+02 9.813217163085937500e+02 2.056381225585937500e+02
3.887075805664062500e+02 9.806550598144531250e+02 2.053880691528320312e+02
3.888262939453125000e+02 9.817353057861328125e+02 2.063047790527343750e+02
3.894929504394531250e+02 9.814946746826171875e+02 2.065046501159667969e+02
3.879586791992187500e+02 9.819715881347656250e+02 2.060192871093750000e+02
3.875653839111328125e+02 9.815412139892578125e+02 2.054682731628417969e+02
3.876852798461914062e+02 9.826147460937500000e+02 2.064004707336425781e+02
3.883519363403320312e+02 9.824019622802734375e+02 2.065870094299316406e+02
3.870000076293945312e+02 9.821946716308593750e+02 2.057429504394531250e+02
3.862839508056640625e+02 9.823851013183593750e+02 2.055901145935058594e+02
3.870000076293945312e+02 9.816947174072265625e+02 2.053531646728515625e+02
3.870000076293945312e+02 9.828025054931640625e+02 2.062429428100585938e+02
3.860169982910156250e+02 9.830071258544921875e+02 2.059897041320800781e+02
3.870000076293945312e+02 9.833025360107421875e+02 2.066810989379882812e+02
3.856172943115234375e+02 9.825589752197265625e+02 2.054538345336914062e+02
3.850000000000000000e+02 9.831943511962890625e+02 2.057464218139648438e+02
3.839999771118164062e+02 9.833936309814453125e+02 2.055845260620117188e+02
3.850000000000000000e+02 9.826943206787109375e+02 2.053514671325683594e+02
3.850046920776367188e+02 9.819435882568359375e+02 2.048097229003906250e+02
3.839999771118164062e+02 9.828936004638671875e+02 2.052066230773925781e+02
3.830847930908203125e+02 9.830947875976562500e+02 2.051219940185546875e+02
3.839999771118164062e+02 9.822006988525390625e+02 2.047066307067871094e+02
3.829999923706054688e+02 9.823748779296875000e+02 2.045848083496093750e+02
3.839999771118164062e+02 9.817006683349609375e+02 2.043682670593261719e+02
3.829999923706054688e+02 9.818749237060546875e+02 2.042615699768066406e+02
3.839999771118164062e+02 9.810000610351562500e+02 2.039390563964843750e+02
3.846744918823242188e+02 9.815725708007812500e+02 2.044509315490722656e+02
3.850046920776367188e+02 9.810570526123046875e+02 2.042232322692871094e+02
3.850000000000000000e+02 9.801714324951171875e+02 2.036908340454101562e+02
3.853411483764648438e+02 9.814283752441406250e+02 2.045475769042968750e+02
3.859999847412109375e+02 9.807605743408203125e+02 2.043354988098144531e+02
3.859485626220703125e+02 9.799257659912109375e+02 2.038160324096679688e+02
3.859999847412109375e+02 9.812605285644531250e+02 2.046626281738281250e+02
3.866501998901367188e+02 9.805857086181640625e+02 2.044439697265625000e+02
3.869901275634765625e+02 9.809514617919921875e+02 2.048254776000976562e+02
3.873168563842773438e+02 9.803903961181640625e+02 2.045715713500976562e+02
3.879392242431640625e+02 9.809930419921875000e+02 2.052567481994628906e+02
3.880992507934570312e+02 9.800342559814453125e+02 2.046760940551757812e+02
3.890245437622070312e+02 9.800392150878906250e+02 2.051397132873535156e+02
3.859703826904296875e+02 9.820310974121093750e+02 2.052024078369140625e+02
3.839999771118164062e+02 9.803759765625000000e+02 2.035707855224609375e+02
3.850000000000000000e+02 9.796714019775390625e+02 2.034056663513183594e+02
3.839999771118164062e+02 9.798759460449218750e+02 2.032989311218261719e+02
3.830683898925781250e+02 9.800894165039062500e+02 2.032378005981445312e+02
3.839999771118164062e+02 9.790000152587890625e+02 2.028583145141601562e+02
3.830687713623046875e+02 9.789543151855468750e+02 2.026725006103515625e+02
3.839999771118164062e+02 9.783616638183593750e+02 2.025593757629394531e+02
3.834479904174804688e+02 9.784809112548828125e+02 2.025080108642578125e+02
3.839999771118164062e+02 9.778617095947265625e+02 2.023556709289550781e+02
3.830687713623046875e+02 9.780886077880859375e+02 2.023013877868652344e+02
3.839999771118164062e+02 9.770000457763671875e+02 2.020368766784667969e+02
3.850000000000000000e+02 9.776332092285156250e+02 2.024451828002929688e+02
3.850000000000000000e+02 9.770000457763671875e+02 2.022124481201171875e+02
3.850000000000000000e+02 9.760000610351562500e+02 2.018768692016601562e+02
3.850623321533203125e+02 9.750005340576171875e+02 2.015940475463867188e+02
3.839330291748046875e+02 9.759171295166015625e+02 2.016718673706054688e+02
3.859999847412109375e+02 9.760000610351562500e+02 2.020775032043457031e+02
3.859999847412109375e+02 9.750000000000000000e+02 2.017766952514648438e+02
3.870040512084960938e+02 9.760227966308593750e+02 2.023334884643554688e+02
3.870000076293945312e+02 9.750000000000000000e+02 2.020137214660644531e+02
3.880281829833984375e+02 9.750199127197265625e+02 2.023210144042968750e+02
3.869048690795898438e+02 9.739049530029296875e+02 2.016979598999023438e+02
3.871922302246093750e+02 9.730000305175781250e+02 2.015781784057617188e+02
3.865081024169921875e+02 9.735082244873046875e+02 2.014979934692382812e+02
3.859999847412109375e+02 9.742237091064453125e+02 2.015692710876464844e+02
3.879999923706054688e+02 9.740000152587890625e+02 2.020367050170898438e+02
3.889874267578125000e+02 9.739115905761718750e+02 2.023776054382324219e+02
3.879999923706054688e+02 9.730000305175781250e+02 2.018256568908691406e+02
3.879251861572265625e+02 9.719828033447265625e+02 2.016580009460449219e+02
3.889999771118164062e+02 9.730000305175781250e+02 2.021986198425292969e+02
3.889999771118164062e+02 9.720000457763671875e+02 2.020705223083496094e+02
3.895925521850585938e+02 9.730000305175781250e+02 2.024511528015136719e+02
3.897091293334960938e+02 9.720000457763671875e+02 2.023893165588378906e+02
3.900925445556640625e+02 9.730000305175781250e+02 2.027244567871093750e+02
3.895089721679687500e+02 9.735192108154296875e+02 2.024952316284179688e+02
3.902091217041015625e+02 9.720000457763671875e+02 2.026619720458984375e+02
3.902651596069335938e+02 9.710000610351562500e+02 2.026322174072265625e+02
3.909751510620117188e+02 9.720000457763671875e+02 2.031619644165039062e+02
3.910994338989257812e+02 9.710871124267578125e+02 2.031999015808105469e+02
3.909999847412109375e+02 9.700000000000000000e+02 2.031215286254882812e+02
3.914990615844726562e+02 9.714785003662109375e+02 2.035006904602050781e+02
3.915114974975585938e+02 9.708118438720703125e+02 2.034902000427246094e+02
3.915094757080078125e+02 9.700000000000000000e+02 2.034919357299804688e+02
3.915011215209960938e+02 9.694895172119140625e+02 2.034990310668945312e+02
3.919006729125976562e+02 9.690937042236328125e+02 2.038878440856933594e+02
3.910761642456054688e+02 9.690937042236328125e+02 2.032263183593750000e+02
3.908756256103515625e+02 9.680000305175781250e+02 2.032272720336914062e+02
3.914603042602539062e+02 9.688228607177734375e+02 2.035306549072265625e+02
3.902212142944335938e+02 9.690000152587890625e+02 2.026586341857910156e+02
3.901101303100585938e+02 9.680000305175781250e+02 2.027272796630859375e+02
3.897212219238281250e+02 9.690000152587890625e+02 2.023811149597167969e+02
3.902709579467773438e+02 9.700000000000000000e+02 2.026295852661132812e+02
3.897709655761718750e+02 9.700000000000000000e+02 2.023555183410644531e+02
3.897651672363281250e+02 9.710000610351562500e+02 2.023590469360351562e+02
3.889999771118164062e+02 9.700000000000000000e+02 2.019959068298339844e+02
3.889999771118164062e+02 9.710000610351562500e+02 2.020055961608886719e+02
3.881307983398437500e+02 9.700000000000000000e+02 2.016403770446777344e+02
3.889999771118164062e+02 9.690000152587890625e+02 2.020432853698730469e+02
3.889999771118164062e+02 9.680000305175781250e+02 2.021523475646972656e+02
3.880834197998046875e+02 9.690000152587890625e+02 2.016621780395507812e+02
3.875834274291992188e+02 9.690000152587890625e+02 2.014686584472656250e+02
3.879174804687500000e+02 9.680463409423828125e+02 2.016888999938964844e+02
3.879999923706054688e+02 9.670000457763671875e+02 2.018863296508789062e+02
3.874000930786132812e+02 9.677438354492187500e+02 2.015314865112304688e+02
3.875291442871093750e+02 9.684104919433593750e+02 2.014889144897460938e+02
3.870400619506835938e+02 9.680463409423828125e+02 2.013865470886230469e+02
3.870000076293945312e+02 9.690000152587890625e+02 2.012960243225097656e+02
3.859999847412109375e+02 9.680000305175781250e+02 2.011066627502441406e+02
3.867148208618164062e+02 9.670000457763671875e+02 2.014343070983886719e+02
3.859999847412109375e+02 9.670000457763671875e+02 2.012310409545898438e+02
3.865530014038085938e+02 9.664160919189453125e+02 2.014830207824707031e+02
3.872148132324218750e+02 9.670000457763671875e+02 2.015929412841796875e+02
3.869318008422851562e+02 9.660496520996093750e+02 2.016867637634277344e+02
3.870000076293945312e+02 9.650000000000000000e+02 2.019541358947753906e+02
3.879999923706054688e+02 9.660000610351562500e+02 2.020940971374511719e+02
3.863329315185546875e+02 9.657494354248046875e+02 2.015522766113281250e+02
3.859997558593750000e+02 9.649675750732421875e+02 2.016275978088378906e+02
3.859997558593750000e+02 9.660496520996093750e+02 2.013927650451660156e+02
3.850000000000000000e+02 9.660000610351562500e+02 2.011426734924316406e+02
3.856662750244140625e+02 9.652792358398437500e+02 2.014499092102050781e+02
3.850392532348632812e+02 9.649675750732421875e+02 2.013576126098632812e+02
3.847320938110351562e+02 9.642906951904296875e+02 2.014415168762207031e+02
3.839999771118164062e+02 9.650000000000000000e+02 2.011255836486816406e+02
3.853987503051757812e+02 9.646125793457031250e+02 2.015266609191894531e+02
3.850392532348632812e+02 9.639744567871093750e+02 2.016128921508789062e+02
3.843243026733398438e+02 9.636240386962890625e+02 2.015362167358398438e+02
3.859999847412109375e+02 9.640000152587890625e+02 2.018888664245605469e+02
3.850000000000000000e+02 9.630000305175781250e+02 2.019077301025390625e+02
3.850157546997070312e+02 9.619567871093750000e+02 2.022971916198730469e+02
3.839945983886718750e+02 9.630406951904296875e+02 2.016555023193359375e+02
3.860750961303710938e+02 9.629243469238281250e+02 2.022561645507812500e+02
3.857918548583984375e+02 9.622613525390625000e+02 2.024021720886230469e+02
3.864585113525390625e+02 9.625405120849609375e+02 2.025146865844726562e+02
3.867656326293945312e+02 9.632071685791015625e+02 2.023994827270507812e+02
3.870593643188476562e+02 9.629243469238281250e+02 2.026164436340332031e+02
3.870593643188476562e+02 9.639483642578125000e+02 2.022716903686523438e+02
3.874323272705078125e+02 9.635805511474609375e+02 2.025270271301269531e+02
3.876865005493164062e+02 9.642472076416015625e+02 2.024196052551269531e+02
3.880118942260742188e+02 9.639483642578125000e+02 2.026641273498535156e+02
3.880118942260742188e+02 9.650403594970703125e+02 2.023354339599609375e+02
3.883531570434570312e+02 9.647338867187500000e+02 2.025661659240722656e+02
3.885550689697265625e+02 9.654005432128906250e+02 2.024728965759277344e+02
3.889330291748046875e+02 9.650403594970703125e+02 2.027679061889648438e+02
3.887068176269531250e+02 9.660000610351562500e+02 2.023998451232910156e+02
3.892068099975585938e+02 9.660000610351562500e+02 2.026495361328125000e+02
3.890324020385742188e+02 9.670603942871093750e+02 2.023265266418457031e+02
3.893873596191406250e+02 9.667672729492187500e+02 2.025571823120117188e+02
3.895240020751953125e+02 9.674339294433593750e+02 2.024864006042480469e+02
3.899143981933593750e+02 9.670603942871093750e+02 2.027981758117675781e+02
3.896101379394531250e+02 9.680000305175781250e+02 2.024398231506347656e+02
3.900879287719726562e+02 9.659279632568359375e+02 2.031738471984863281e+02
3.907343292236328125e+02 9.670000457763671875e+02 2.033298492431640625e+02
3.912343215942382812e+02 9.670000457763671875e+02 2.037031173706054688e+02
3.906052017211914062e+02 9.662133026123046875e+02 2.034236907958984375e+02
3.909631347656250000e+02 9.659279632568359375e+02 2.037723541259765625e+02
3.910678482055664062e+02 9.649773406982421875e+02 2.041387939453125000e+02
3.904798507690429688e+02 9.655466461181640625e+02 2.035130119323730469e+02
3.916960906982421875e+02 9.660000610351562500e+02 2.043306922912597656e+02
3.921961212158203125e+02 9.660000610351562500e+02 2.047783660888671875e+02
3.918424224853515625e+02 9.670000457763671875e+02 2.042031288146972656e+02
3.915773391723632812e+02 9.652956390380859375e+02 2.044334983825683594e+02
3.920284271240234375e+02 9.649247741699218750e+02 2.049721527099609375e+02
3.918565368652343750e+02 9.640000152587890625e+02 2.051699638366699219e+02
3.914464187622070312e+02 9.646289062500000000e+02 2.045439529418945312e+02
3.924794769287109375e+02 9.645539093017578125e+02 2.055210113525390625e+02
3.925985717773437500e+02 9.652205657958984375e+02 2.054003524780273438e+02
3.930233764648437500e+02 9.649344635009765625e+02 2.059744453430175781e+02
3.927181243896484375e+02 9.660000610351562500e+02 2.052783584594726562e+02
3.932181549072265625e+02 9.660000610351562500e+02 2.058138656616210938e+02
3.928450775146484375e+02 9.670000457763671875e+02 2.051455307006835938e+02
3.923424530029296875e+02 9.670000457763671875e+02 2.046455192565917969e+02
3.924391174316406250e+02 9.677778625488281250e+02 2.045565795898437500e+02
3.920634841918945312e+02 9.680667114257812500e+02 2.041699409484863281e+02
3.913756179809570312e+02 9.680000305175781250e+02 2.035955619812011719e+02
3.925112533569335938e+02 9.684445190429687500e+02 2.044891548156738281e+02
3.936589050292968750e+02 9.660000610351562500e+02 2.063138771057128906e+02
3.935615921020507812e+02 9.653150939941406250e+02 2.064278793334960938e+02
3.942200469970703125e+02 9.659270477294921875e+02 2.070419311523437500e+02
3.938564682006835938e+02 9.649890899658203125e+02 2.069374275207519531e+02
3.937192153930664062e+02 9.640000152587890625e+02 2.072190856933593750e+02
3.934481430053710938e+02 9.646484375000000000e+02 2.065623664855957031e+02
3.933185958862304688e+02 9.640000152587890625e+02 2.067190742492675781e+02
3.928186035156250000e+02 9.640000152587890625e+02 2.061467170715332031e+02
3.930329513549804688e+02 9.629328918457031250e+02 2.069606208801269531e+02
3.924777221679687500e+02 9.625416564941406250e+02 2.065248489379882812e+02
3.927469253540039062e+02 9.620000457763671875e+02 2.072037887573242188e+02
3.926433181762695312e+02 9.632083129882812500e+02 2.063412857055664062e+02
3.934225463867187500e+02 9.626575469970703125e+02 2.076032829284667969e+02
3.935812759399414062e+02 9.633242034912109375e+02 2.073963928222656250e+02
3.938321304321289062e+02 9.629945373535156250e+02 2.079619598388671875e+02
3.936624145507812500e+02 9.621800231933593750e+02 2.082699584960937500e+02
3.942612457275390625e+02 9.639354705810546875e+02 2.080064964294433594e+02
3.943541717529296875e+02 9.630000305175781250e+02 2.087279891967773438e+02
3.940211868286132812e+02 9.619630432128906250e+02 2.089720153808593750e+02
3.943799591064453125e+02 9.617460632324218750e+02 2.097016334533691406e+02
3.945411300659179688e+02 9.624127197265625000e+02 2.094337654113769531e+02
3.936882019042968750e+02 9.610000610351562500e+02 2.092159271240234375e+02
3.934926605224609375e+02 9.615133666992187500e+02 2.085102844238281250e+02
3.932931518554687500e+02 9.619080352783203125e+02 2.079619598388671875e+02
3.933464431762695312e+02 9.610000610351562500e+02 2.087159347534179688e+02
3.929862594604492188e+02 9.600253295898437500e+02 2.090208816528320312e+02
3.928211593627929688e+02 9.610254669189453125e+02 2.079950904846191406e+02
3.925733566284179688e+02 9.613757324218750000e+02 2.074135398864746094e+02
3.926359176635742188e+02 9.602814483642578125e+02 2.083251380920410156e+02
3.923680877685546875e+02 9.607090759277343750e+02 2.076584815979003906e+02
3.920625305175781250e+02 9.599092102050781250e+02 2.079273986816406250e+02
3.919893646240234375e+02 9.610186004638671875e+02 2.070136833190917969e+02
3.917014312744140625e+02 9.602036285400390625e+02 2.072805023193359375e+02
3.913848876953125000e+02 9.606613922119140625e+02 2.066138458251953125e+02
3.916106414794921875e+02 9.613280487060546875e+02 2.063880348205566406e+02
3.923162841796875000e+02 9.620000457763671875e+02 2.067037963867187500e+02
3.918162918090820312e+02 9.620000457763671875e+02 2.061801338195800781e+02
3.913019180297851562e+02 9.620000457763671875e+02 2.056801223754882812e+02
3.920701217651367188e+02 9.628711700439453125e+02 2.059300422668457031e+02
3.914794540405273438e+02 9.625340270996093750e+02 2.055187988281250000e+02
3.916625595092773438e+02 9.632006835937500000e+02 2.053493118286132812e+02
3.923565292358398438e+02 9.640000152587890625e+02 2.056467247009277344e+02
3.910453033447265625e+02 9.629238128662109375e+02 2.049607467651367188e+02
3.912931823730468750e+02 9.640000152587890625e+02 2.046699714660644531e+02
3.908019256591796875e+02 9.620000457763671875e+02 2.052472877502441406e+02
3.904026412963867188e+02 9.626469421386718750e+02 2.045721817016601562e+02
3.906111526489257812e+02 9.633136749267578125e+02 2.044133186340332031e+02
3.900415802001953125e+02 9.629882049560546875e+02 2.041655921936035156e+02
3.907931900024414062e+02 9.640000152587890625e+02 2.042735862731933594e+02
3.899917984008789062e+02 9.639413452148437500e+02 2.037345886230468750e+02
3.896529769897460938e+02 9.642356109619140625e+02 2.034047889709472656e+02
3.894537734985351562e+02 9.635688781738281250e+02 2.035261726379394531e+02
3.903496551513671875e+02 9.650000000000000000e+02 2.035983657836914062e+02
3.898496627807617188e+02 9.650000000000000000e+02 2.032852554321289062e+02
3.890722656250000000e+02 9.639413452148437500e+02 2.031908035278320312e+02
3.892458343505859375e+02 9.630000305175781250e+02 2.036470031738281250e+02
3.890145492553710938e+02 9.619828796386718750e+02 2.039893341064453125e+02
3.887458419799804688e+02 9.630000305175781250e+02 2.033682441711425781e+02
3.879999923706054688e+02 9.630000305175781250e+02 2.030027961730957031e+02
3.885406494140625000e+02 9.624523925781250000e+02 2.034772872924804688e+02
3.879360198974609375e+02 9.620714569091796875e+02 2.033598709106445312e+02
3.882267379760742188e+02 9.617857360839843750e+02 2.036421966552734375e+02
3.870000076293945312e+02 9.620000457763671875e+02 2.029734802246093750e+02
3.875600814819335938e+02 9.614418792724609375e+02 2.034701156616210938e+02
3.869121170043945312e+02 9.610651397705078125e+02 2.033730697631835938e+02
3.879360198974609375e+02 9.610651397705078125e+02 2.038674354553222656e+02
3.887533569335937500e+02 9.610000610351562500e+02 2.043492698669433594e+02
3.871868515014648438e+02 9.607751464843750000e+02 2.036466979980468750e+02
3.879999923706054688e+02 9.602476501464843750e+02 2.043526458740234375e+02
3.870022964477539062e+02 9.599983215332031250e+02 2.039978027343750000e+02
3.879999923706054688e+02 9.597476196289062500e+02 2.046547698974609375e+02
3.885160064697265625e+02 9.604839324951171875e+02 2.044901466369628906e+02
3.889433288574218750e+02 9.600589752197265625e+02 2.050343132019042969e+02
3.893706512451171875e+02 9.596340179443359375e+02 2.055932426452636719e+02
3.896708679199218750e+02 9.603006744384765625e+02 2.053701400756835938e+02
3.892533493041992188e+02 9.610000610351562500e+02 2.046581077575683594e+02
3.887039947509765625e+02 9.593042755126953125e+02 2.053651237487792969e+02
3.880045700073242188e+02 9.589825439453125000e+02 2.051621818542480469e+02
3.891009902954101562e+02 9.589031219482421875e+02 2.059298896789550781e+02
3.894979858398437500e+02 9.585020446777343750e+02 2.065015602111816406e+02
3.897941207885742188e+02 9.591687011718750000e+02 2.062599182128906250e+02
3.883409500122070312e+02 9.586376190185546875e+02 2.055998611450195312e+02
3.888313293457031250e+02 9.581935882568359375e+02 2.062665367126464844e+02
3.880710220336914062e+02 9.579428100585937500e+02 2.059561538696289062e+02
3.890987777709960938e+02 9.579161834716796875e+02 2.066829872131347656e+02
3.884677505493164062e+02 9.575269317626953125e+02 2.065221595764160156e+02
3.889205932617187500e+02 9.570645904541015625e+02 2.072656822204589844e+02
3.899356842041015625e+02 9.580721282958984375e+02 2.072459411621093750e+02
3.902261352539062500e+02 9.577867889404296875e+02 2.077558135986328125e+02
3.900764846801757812e+02 9.589012145996093750e+02 2.066981124877929688e+02
3.905409622192382812e+02 9.584534454345703125e+02 2.074604225158691406e+02
3.895594787597656250e+02 9.574410247802734375e+02 2.074479103088378906e+02
3.899055480957031250e+02 9.570960998535156250e+02 2.080880928039550781e+02
3.892010116577148438e+02 9.567743682861328125e+02 2.077537155151367188e+02
3.895849990844726562e+02 9.564169311523437500e+02 2.084203720092773438e+02
3.905752563476562500e+02 9.574178314208984375e+02 2.084224700927734375e+02
3.902516555786132812e+02 9.567511749267578125e+02 2.087575531005859375e+02
3.909043884277343750e+02 9.571086120605468750e+02 2.091111755371093750e+02
3.899114990234375000e+02 9.560894775390625000e+02 2.090917968750000000e+02
3.892213058471679688e+02 9.557502746582031250e+02 2.087593650817871094e+02
3.895713424682617188e+02 9.554315185546875000e+02 2.094260215759277344e+02
3.902379989624023438e+02 9.557619476318359375e+02 2.098027992248535156e+02
3.905668640136718750e+02 9.564286041259765625e+02 2.094242286682128906e+02
3.907518386840820312e+02 9.560572052001953125e+02 2.100816726684570312e+02
3.912562179565429688e+02 9.559622192382812500e+02 2.109042549133300781e+02
3.912966537475585938e+02 9.567286682128906250e+02 2.100000000000000000e+02
3.905241775512695312e+02 9.554750823974609375e+02 2.104694747924804688e+02
3.898768234252929688e+02 9.551200103759765625e+02 2.101421928405761719e+02
3.906987762451171875e+02 9.552890014648437500e+02 2.109999847412109375e+02
3.902045059204101562e+02 9.547889709472656250e+02 2.109999847412109375e+02
3.910138320922851562e+02 9.549891662597656250e+02 2.119773483276367188e+02
3.904236602783203125e+02 9.545768737792968750e+02 2.116218757629394531e+02
3.912960815429687500e+02 9.547258758544921875e+02 2.129999923706054688e+02
3.914074707031250000e+02 9.556037139892578125e+02 2.116661643981933594e+02
3.915856170654296875e+02 9.554015350341796875e+02 2.123328208923339844e+02
3.906201934814453125e+02 9.543733978271484375e+02 2.122885322570800781e+02
3.900251007080078125e+02 9.539804840087890625e+02 2.119624328613281250e+02
3.907960510253906250e+02 9.541822052001953125e+02 2.129999923706054688e+02
3.910221481323242188e+02 9.539766693115234375e+02 2.139445495605468750e+02
3.903183364868164062e+02 9.536821746826171875e+02 2.129999923706054688e+02
3.904645919799804688e+02 9.535362243652343750e+02 2.135797500610351562e+02
3.898183441162109375e+02 9.531936645507812500e+02 2.129999923706054688e+02
3.896265029907226562e+02 9.533803558349609375e+02 2.123029899597167969e+02
3.892778778076171875e+02 9.526937103271484375e+02 2.129999923706054688e+02
3.900330734252929688e+02 9.529688262939453125e+02 2.139241218566894531e+02
3.894506072998046875e+02 9.525445556640625000e+02 2.136017990112304688e+02
3.902344131469726562e+02 9.527610015869140625e+02 2.150000000000000000e+02
3.906031036376953125e+02 9.533930969238281250e+02 2.142464256286621094e+02
3.896015930175781250e+02 9.524055480957031250e+02 2.142684745788574219e+02
3.890006256103515625e+02 9.520001983642578125e+02 2.139990425109863281e+02
3.897344207763671875e+02 9.522800445556640625e+02 2.150000000000000000e+02
3.891712188720703125e+02 9.517800140380859375e+02 2.150000000000000000e+02
3.898856735229492188e+02 9.521337890625000000e+02 2.159999847412109375e+02
3.893461227416992188e+02 9.516338348388671875e+02 2.159999847412109375e+02
3.900038146972656250e+02 9.519971466064453125e+02 2.169854164123535156e+02
3.903857040405273438e+02 9.526139068603515625e+02 2.159999847412109375e+02
3.908672332763671875e+02 9.531139373779296875e+02 2.159999847412109375e+02
3.904699325561523438e+02 9.525302886962890625e+02 2.166218185424804688e+02
3.910011291503906250e+02 9.529995727539062500e+02 2.169955444335937500e+02
3.911214065551757812e+02 9.529035949707031250e+02 2.179999923706054688e+02
3.914535522460937500e+02 9.535514068603515625e+02 2.167026138305664062e+02
3.915283584594726562e+02 9.534688568115234375e+02 2.173692703247070312e+02
3.905487442016601562e+02 9.524504089355468750e+02 2.172884941101074219e+02
3.906214141845703125e+02 9.523761749267578125e+02 2.179999923706054688e+02
3.901086425781250000e+02 9.518761444091796875e+02 2.179999923706054688e+02
3.907049179077148438e+02 9.522904205322265625e+02 2.189999961853027344e+02
3.901987457275390625e+02 9.517904663085937500e+02 2.189999961853027344e+02
3.907656478881835938e+02 9.522270965576171875e+02 2.200000000000000000e+02
3.912049102783203125e+02 9.528170776367187500e+02 2.189999961853027344e+02
3.912656402587890625e+02 9.527536773681640625e+02 2.200000000000000000e+02
3.916647338867187500e+02 9.533170318603515625e+02 2.189999961853027344e+02
3.917197418212890625e+02 9.532537078857421875e+02 2.200000000000000000e+02
3.921647262573242188e+02 9.539128112792968750e+02 2.189999961853027344e+02
3.915871810913085938e+02 9.534036254882812500e+02 2.179999923706054688e+02
3.921551132202148438e+02 9.540793609619140625e+02 2.179916000366210938e+02
3.918482971191406250e+02 9.539308166503906250e+02 2.170215606689453125e+02
3.924755859375000000e+02 9.545307159423828125e+02 2.176526641845703125e+02
3.925276184082031250e+02 9.544655609130859375e+02 2.183193397521972656e+02
3.925685501098632812e+02 9.544128417968750000e+02 2.189999961853027344e+02
3.928260040283203125e+02 9.549184417724609375e+02 2.179916000366210938e+02
3.928078842163085938e+02 9.551062774658203125e+02 2.169999885559082031e+02
3.930149459838867188e+02 9.550000000000000000e+02 2.189999961853027344e+02
3.933868026733398438e+02 9.556528472900390625e+02 2.179999923706054688e+02
3.933078765869140625e+02 9.557555389404296875e+02 2.169999885559082031e+02
3.934463882446289062e+02 9.555731964111328125e+02 2.189999961853027344e+02
3.937483596801757812e+02 9.561528015136718750e+02 2.179999923706054688e+02
3.936777114868164062e+02 9.562555694580078125e+02 2.169999885559082031e+02
3.938023757934570312e+02 9.560731506347656250e+02 2.189999961853027344e+02
3.942483520507812500e+02 9.568642425537109375e+02 2.179999923706054688e+02
3.942377471923828125e+02 9.570628356933593750e+02 2.169286346435546875e+02
3.943023681640625000e+02 9.567898559570312500e+02 2.189999961853027344e+02
3.945913696289062500e+02 9.573642730712890625e+02 2.179999923706054688e+02
3.945420837402343750e+02 9.574381256103515625e+02 2.172143936157226562e+02
3.946395874023437500e+02 9.572898101806640625e+02 2.189999961853027344e+02
3.949861145019531250e+02 9.580000305175781250e+02 2.179999923706054688e+02
3.947886657714843750e+02 9.579069519042968750e+02 2.169286346435546875e+02
3.950881195068359375e+02 9.580000305175781250e+02 2.189999961853027344e+02
3.953947448730468750e+02 9.586823272705078125e+02 2.179999923706054688e+02
3.953292846679687500e+02 9.587971496582031250e+02 2.169999885559082031e+02
3.954485321044921875e+02 9.585884094238281250e+02 2.189999961853027344e+02
3.956780624389648438e+02 9.591823577880859375e+02 2.179999923706054688e+02
3.956134414672851562e+02 9.592971038818359375e+02 2.169999885559082031e+02
3.957320785522460938e+02 9.590883636474609375e+02 2.189999961853027344e+02
3.961049270629882812e+02 9.600000000000000000e+02 2.179999923706054688e+02
3.959780502319335938e+02 9.600000000000000000e+02 2.169999885559082031e+02
3.962678146362304688e+02 9.600989532470703125e+02 2.190940284729003906e+02
3.964268875122070312e+02 9.606601715087890625e+02 2.179999923706054688e+02
3.963645935058593750e+02 9.607933807373046875e+02 2.169999885559082031e+02
3.964702606201171875e+02 9.605653381347656250e+02 2.188233757019042969e+02
3.966474533081054688e+02 9.611602020263671875e+02 2.179999923706054688e+02
3.966556930541992188e+02 9.609392547607421875e+02 2.190940284729003906e+02
3.969885635375976562e+02 9.620000457763671875e+02 2.179999923706054688e+02
3.965913009643554688e+02 9.612933349609375000e+02 2.169999885559082031e+02
3.965406417846679688e+02 9.614096069335937500e+02 2.162372970581054688e+02
3.968785858154296875e+02 9.620000457763671875e+02 2.169999885559082031e+02
3.967013168334960938e+02 9.619163513183593750e+02 2.159423828125000000e+02
3.972512435913085938e+02 9.630000305175781250e+02 2.169999885559082031e+02
3.971177673339843750e+02 9.630000305175781250e+02 2.159999847412109375e+02
3.973706054687500000e+02 9.630532073974609375e+02 2.179241180419921875e+02
3.974639129638671875e+02 9.636206817626953125e+02 2.169999885559082031e+02
3.973966217041015625e+02 9.638498687744140625e+02 2.159999847412109375e+02
3.974961853027343750e+02 9.635126495361328125e+02 2.175402069091796875e+02
3.976093673706054688e+02 9.641207122802734375e+02 2.169999885559082031e+02
3.976454162597656250e+02 9.639076232910156250e+02 2.179241180419921875e+02
3.978436660766601562e+02 9.650000000000000000e+02 2.169999885559082031e+02
3.975431442260742188e+02 9.643498992919921875e+02 2.159999847412109375e+02
3.975043106079101562e+02 9.644849395751953125e+02 2.154785919189453125e+02
3.977074813842773438e+02 9.650000000000000000e+02 2.159999847412109375e+02
3.979232025146484375e+02 9.660000610351562500e+02 2.159999847412109375e+02
3.975621032714843750e+02 9.650606536865234375e+02 2.150871467590332031e+02
3.974349594116210938e+02 9.647676849365234375e+02 2.148119163513183594e+02
3.975154113769531250e+02 9.654343414306640625e+02 2.144386291503906250e+02
3.977453613281250000e+02 9.660000610351562500e+02 2.150000000000000000e+02
3.975724792480468750e+02 9.660000610351562500e+02 2.142135238647460938e+02
3.979151153564453125e+02 9.670000457763671875e+02 2.150000000000000000e+02
3.976531982421875000e+02 9.669136810302734375e+02 2.139076423645019531e+02
3.980916976928710938e+02 9.670000457763671875e+02 2.159999847412109375e+02
3.980387878417968750e+02 9.680000305175781250e+02 2.150000000000000000e+02
3.978086090087890625e+02 9.680000305175781250e+02 2.139999961853027344e+02
3.982178497314453125e+02 9.680000305175781250e+02 2.159999847412109375e+02
3.981165313720703125e+02 9.690000152587890625e+02 2.150000000000000000e+02
3.978847503662109375e+02 9.690000152587890625e+02 2.139999961853027344e+02
3.982948684692382812e+02 9.690000152587890625e+02 2.159999847412109375e+02
3.981357955932617188e+02 9.700000000000000000e+02 2.150000000000000000e+02
3.979072570800781250e+02 9.700000000000000000e+02 2.139999961853027344e+02
3.976356506347656250e+02 9.700000000000000000e+02 2.130180549621582031e+02
3.978676986694335938e+02 9.710000610351562500e+02 2.139999961853027344e+02
3.976243591308593750e+02 9.690000152587890625e+02 2.130645561218261719e+02
3.974946594238281250e+02 9.700000000000000000e+02 2.125180435180664062e+02
3.974808120727539062e+02 9.690000152587890625e+02 2.125645637512207031e+02
3.972985839843750000e+02 9.700000000000000000e+02 2.119999885559082031e+02
3.974445343017578125e+02 9.680000305175781250e+02 2.126887702941894531e+02
3.975882339477539062e+02 9.680000305175781250e+02 2.131887626647949219e+02
3.974069976806640625e+02 9.669136810302734375e+02 2.130064392089843750e+02
3.974966049194335938e+02 9.665228271484375000e+02 2.135127449035644531e+02
3.975440216064453125e+02 9.671894836425781250e+02 2.133440780639648438e+02
3.974445343017578125e+02 9.660000610351562500e+02 2.137135314941406250e+02
3.973292541503906250e+02 9.650606536865234375e+02 2.140631675720214844e+02
3.970314025878906250e+02 9.640000152587890625e+02 2.139999961853027344e+02
3.966880035400390625e+02 9.629507446289062500e+02 2.139672470092773438e+02
3.973070144653320312e+02 9.640909576416015625e+02 2.150871467590332031e+02
3.969428253173828125e+02 9.630000305175781250e+02 2.150000000000000000e+02
3.966352462768554688e+02 9.621646881103515625e+02 2.150000000000000000e+02
3.964304351806640625e+02 9.616646575927734375e+02 2.150000000000000000e+02
3.965574645996093750e+02 9.623590087890625000e+02 2.142787551879882812e+02
3.961286544799804688e+02 9.610000610351562500e+02 2.150000000000000000e+02
3.964885330200195312e+02 9.615272521972656250e+02 2.155706214904785156e+02
3.963254165649414062e+02 9.610457611083984375e+02 2.159423828125000000e+02
3.957638549804687500e+02 9.599063110351562500e+02 2.159185028076171875e+02
3.956982421875000000e+02 9.601188659667968750e+02 2.150000000000000000e+02
3.954943466186523438e+02 9.595104980468750000e+02 2.155308341979980469e+02
3.955525970458984375e+02 9.594062042236328125e+02 2.161975097656250000e+02
3.952937316894531250e+02 9.590437316894531250e+02 2.159185028076171875e+02
3.947463989257812500e+02 9.580982208251953125e+02 2.159999847412109375e+02
3.950782394409179688e+02 9.590000152587890625e+02 2.150000000000000000e+02
3.946429061889648438e+02 9.582715606689453125e+02 2.150000000000000000e+02
3.947794723510742188e+02 9.589443969726562500e+02 2.139867019653320312e+02
3.954353332519531250e+02 9.596188354492187500e+02 2.150000000000000000e+02
3.953060150146484375e+02 9.598555755615234375e+02 2.139999961853027344e+02
3.955761718750000000e+02 9.603555297851562500e+02 2.139999961853027344e+02
3.944537734985351562e+02 9.585739898681640625e+02 2.136445045471191406e+02
3.946433258056640625e+02 9.592610168457031250e+02 2.129999923706054688e+02
3.945577621459960938e+02 9.584093475341796875e+02 2.143111610412597656e+02
3.942174911499023438e+02 9.580456542968750000e+02 2.139867019653320312e+02
3.938103485107421875e+02 9.579539489746093750e+02 2.129944229125976562e+02
3.943235397338867188e+02 9.577715301513671875e+02 2.150000000000000000e+02
3.936815261840820312e+02 9.572439575195312500e+02 2.139999961853027344e+02
3.935672378540039062e+02 9.574066925048828125e+02 2.133240509033203125e+02
3.937730026245117188e+02 9.569512176513671875e+02 2.150434494018554688e+02
3.933198165893554688e+02 9.567439270019531250e+02 2.139999961853027344e+02
3.927661514282226562e+02 9.559802246093750000e+02 2.140714645385742188e+02
3.931700897216796875e+02 9.570439910888671875e+02 2.129944229125976562e+02
3.934377288818359375e+02 9.565853118896484375e+02 2.147390937805175781e+02
3.931359863281250000e+02 9.560809326171875000e+02 2.150434494018554688e+02
3.932108306884765625e+02 9.558820343017578125e+02 2.159999847412109375e+02
3.935235977172851562e+02 9.564681243896484375e+02 2.154057502746582031e+02
3.925916671752929688e+02 9.553855133056640625e+02 2.150000000000000000e+02
3.925171279907226562e+02 9.554788208007812500e+02 2.144524383544921875e+02
3.927108383178710938e+02 9.552347564697265625e+02 2.159999847412109375e+02
3.921809768676757812e+02 9.548855590820312500e+02 2.150000000000000000e+02
3.916809844970703125e+02 9.542948913574218750e+02 2.150000000000000000e+02
3.919831466674804688e+02 9.550225830078125000e+02 2.140475654602050781e+02
3.923079681396484375e+02 9.547347259521484375e+02 2.159999847412109375e+02
3.924140930175781250e+02 9.546063232421875000e+02 2.169999885559082031e+02
3.918079757690429688e+02 9.541455841064453125e+02 2.159999847412109375e+02
3.913672256469726562e+02 9.536456298828125000e+02 2.159999847412109375e+02
3.912294006347656250e+02 9.537949371337890625e+02 2.150000000000000000e+02
3.907294082641601562e+02 9.532610321044921875e+02 2.150000000000000000e+02
3.914412307739257812e+02 9.545663452148437500e+02 2.136426925659179688e+02
3.915738677978515625e+02 9.544171142578125000e+02 2.143093490600585938e+02
3.917335891723632812e+02 9.552259063720703125e+02 2.129999923706054688e+02
3.923924636840820312e+02 9.556336975097656250e+02 2.137857818603515625e+02
3.922335815429687500e+02 9.558274841308593750e+02 2.129999923706054688e+02
3.919731521606445312e+02 9.560366821289062500e+02 2.120572090148925781e+02
3.926346588134765625e+02 9.563274383544921875e+02 2.129999923706054688e+02
3.925241088867187500e+02 9.564695739746093750e+02 2.124482536315917969e+02
3.927495193481445312e+02 9.570037841796875000e+02 2.120689392089843750e+02
3.923606872558593750e+02 9.566729736328125000e+02 2.117815780639648438e+02
3.926210784912109375e+02 9.573396301269531250e+02 2.112796211242675781e+02
3.932938003540039062e+02 9.577966308593750000e+02 2.119999885559082031e+02
3.929771041870117188e+02 9.580317687988281250e+02 2.110390472412109375e+02
3.934373092651367188e+02 9.575898742675781250e+02 2.126573944091796875e+02
3.936362457275390625e+02 9.582965850830078125e+02 2.119999885559082031e+02
3.935187530517578125e+02 9.584722900390625000e+02 2.114651489257812500e+02
3.941444015502929688e+02 9.590644073486328125e+02 2.120487594604492188e+02
3.943375015258789062e+02 9.587609863281250000e+02 2.129999923706054688e+02
3.943923187255859375e+02 9.596910095214843750e+02 2.117479324340820312e+02
3.945358276367187500e+02 9.594406890869140625e+02 2.124146080017089844e+02
3.936763763427734375e+02 9.590531158447265625e+02 2.110790824890136719e+02
3.935495376586914062e+02 9.594217681884765625e+02 2.104194641113281250e+02
3.933331680297851562e+02 9.587551116943359375e+02 2.107984924316406250e+02
3.942067718505859375e+02 9.600146484375000000e+02 2.110089874267578125e+02
3.936939620971679688e+02 9.600614929199218750e+02 2.100516700744628906e+02
3.945777893066406250e+02 9.603577423095703125e+02 2.113483238220214844e+02
3.944028091430664062e+02 9.606852722167968750e+02 2.106816482543945312e+02
3.941922378540039062e+02 9.610111236572265625e+02 2.100209808349609375e+02
3.945755004882812500e+02 9.613519287109375000e+02 2.103683090209960938e+02
3.933365631103515625e+02 9.597691345214843750e+02 2.097527885437011719e+02
3.935376358032226562e+02 9.604357910156250000e+02 2.094442939758300781e+02
3.930015182495117188e+02 9.589992523193359375e+02 2.099981307983398438e+02
3.926664733886718750e+02 9.582579040527343750e+02 2.102434730529785156e+02
3.924453353881835938e+02 9.585766601562500000e+02 2.095767974853515625e+02
3.926699066162109375e+02 9.592433166503906250e+02 2.092641448974609375e+02
3.922335815429687500e+02 9.589459991455078125e+02 2.089584922790527344e+02
3.917079544067382812e+02 9.590000152587890625e+02 2.082547187805175781e+02
3.916963958740234375e+02 9.580845642089843750e+02 2.090788650512695312e+02
3.924235916137695312e+02 9.596147918701171875e+02 2.085974884033203125e+02
3.912419128417968750e+02 9.578075408935546875e+02 2.087981224060058594e+02
3.922434616088867188e+02 9.579547882080078125e+02 2.099460792541503906e+02
3.915283203125000000e+02 9.574661254882812500e+02 2.094647979736328125e+02
3.915203475952148438e+02 9.584741973876953125e+02 2.084766387939453125e+02
3.908914566040039062e+02 9.581304931640625000e+02 2.081162261962890625e+02
3.912600326538085938e+02 9.590000152587890625e+02 2.077547264099121094e+02
3.907600402832031250e+02 9.590000152587890625e+02 2.072464752197265625e+02
3.914723968505859375e+02 9.595369720458984375e+02 2.075296592712402344e+02
3.910953140258789062e+02 9.598753356933593750e+02 2.069076919555664062e+02
3.907182312011718750e+02 9.602136993408203125e+02 2.063011360168457031e+02
3.904607772827148438e+02 9.595470428466796875e+02 2.065348625183105469e+02
3.900658035278320312e+02 9.599238586425781250e+02 2.059471893310546875e+02
3.903375244140625000e+02 9.607077026367187500e+02 2.056344795227050781e+02
3.900025177001953125e+02 9.610246276855468750e+02 2.051810264587402344e+02
3.909873199462890625e+02 9.610179138183593750e+02 2.060112571716308594e+02
3.905897521972656250e+02 9.613743591308593750e+02 2.054242134094238281e+02
3.900415802001953125e+02 9.619080352783203125e+02 2.047022438049316406e+02
3.897359466552734375e+02 9.621800231933593750e+02 2.043364715576171875e+02
3.894884490966796875e+02 9.615133666992187500e+02 2.045073318481445312e+02
3.917203140258789062e+02 9.572286224365234375e+02 2.100000000000000000e+02
3.920630645751953125e+02 9.569225311279296875e+02 2.108933639526367188e+02
3.916940307617187500e+02 9.562703704833984375e+02 2.111737823486328125e+02
3.914953231811523438e+02 9.565053558349609375e+02 2.105071067810058594e+02
3.924320983886718750e+02 9.575912475585937500e+02 2.106129455566406250e+02
3.935868835449218750e+02 9.563820648193359375e+02 2.159999847412109375e+02
3.940238189697265625e+02 9.570000457763671875e+02 2.159999847412109375e+02
3.944369125366210938e+02 9.575982666015625000e+02 2.159999847412109375e+02
3.944926452636718750e+02 9.575115966796875000e+02 2.165477371215820312e+02
3.984500885009765625e+02 9.689214324951171875e+02 2.170437812805175781e+02
3.983672332763671875e+02 9.680000305175781250e+02 2.169999885559082031e+02
3.982342910766601562e+02 9.670000457763671875e+02 2.169999885559082031e+02
3.984666824340820312e+02 9.679627990722656250e+02 2.179105377197265625e+02
3.983418273925781250e+02 9.670000457763671875e+02 2.179999923706054688e+02
3.981712341308593750e+02 9.660000610351562500e+02 2.179999923706054688e+02
3.980633926391601562e+02 9.660000610351562500e+02 2.169999885559082031e+02
3.979507064819335938e+02 9.650000000000000000e+02 2.179999923706054688e+02
3.980274200439453125e+02 9.650000000000000000e+02 2.189999961853027344e+02
3.977594757080078125e+02 9.640000152587890625e+02 2.189999961853027344e+02
3.975575256347656250e+02 9.633283233642578125e+02 2.189999961853027344e+02
3.978052902221679688e+02 9.640000152587890625e+02 2.200000000000000000e+02
3.975815200805664062e+02 9.632448577880859375e+02 2.200000000000000000e+02
3.974183654785156250e+02 9.627449035644531250e+02 2.200000000000000000e+02
3.975829315185546875e+02 9.632227325439453125e+02 2.209999847412109375e+02
3.974310684204101562e+02 9.627227020263671875e+02 2.209999847412109375e+02
3.975688934326171875e+02 9.632546234130859375e+02 2.219999885559082031e+02
3.974263381958007812e+02 9.627545928955078125e+02 2.219999885559082031e+02
3.971763610839843750e+02 9.620000457763671875e+02 2.219999885559082031e+02
3.974048233032226562e+02 9.628414154052734375e+02 2.229999923706054688e+02
3.971402359008789062e+02 9.620000457763671875e+02 2.229999923706054688e+02
3.973771667480468750e+02 9.630612182617187500e+02 2.239961433410644531e+02
3.970569229125976562e+02 9.620000457763671875e+02 2.239999961853027344e+02
3.966603469848632812e+02 9.609404754638671875e+02 2.239348983764648438e+02
3.965061569213867188e+02 9.604875946044921875e+02 2.235581588745117188e+02
3.967584609985351562e+02 9.610000610351562500e+02 2.229999923706054688e+02
3.964697265625000000e+02 9.605674743652343750e+02 2.242248153686523438e+02
3.966337585449218750e+02 9.611846923828125000e+02 2.250000000000000000e+02
3.964181137084960938e+02 9.606846618652343750e+02 2.250000000000000000e+02
3.960869216918945312e+02 9.600000000000000000e+02 2.250000000000000000e+02
3.956687927246093750e+02 9.592070007324218750e+02 2.250000000000000000e+02
3.962660217285156250e+02 9.600925445556640625e+02 2.239348983764648438e+02
3.962722015380859375e+02 9.599526977539062500e+02 2.229999923706054688e+02
3.957302474975585938e+02 9.591016387939453125e+02 2.239999961853027344e+02
3.954391098022460938e+02 9.586016082763671875e+02 2.239999961853027344e+02
3.957721710205078125e+02 9.590301513671875000e+02 2.229999923706054688e+02
3.957373428344726562e+02 9.589011383056640625e+02 2.220689201354980469e+02
3.954818344116210938e+02 9.585301971435546875e+02 2.229999923706054688e+02
3.951369094848632812e+02 9.580000305175781250e+02 2.229999923706054688e+02
3.954988479614257812e+02 9.585018920898437500e+02 2.224482154846191406e+02
3.952402114868164062e+02 9.580945587158203125e+02 2.220689201354980469e+02
3.951807403564453125e+02 9.579910278320312500e+02 2.209999847412109375e+02
3.946760940551757812e+02 9.572332000732421875e+02 2.219999885559082031e+02
3.955058670043945312e+02 9.584909057617187500e+02 2.217815589904785156e+02
3.955057907104492188e+02 9.584909820556640625e+02 2.209999847412109375e+02
3.955018234252929688e+02 9.584971618652343750e+02 2.204685401916503906e+02
3.957983016967773438e+02 9.590000152587890625e+02 2.209999847412109375e+02
3.962924957275390625e+02 9.599248504638671875e+02 2.209999847412109375e+02
3.957189559936523438e+02 9.589188385009765625e+02 2.200811195373535156e+02
3.954816436767578125e+02 9.585313415527343750e+02 2.198018646240234375e+02
3.962723159790039062e+02 9.599656677246093750e+02 2.200000000000000000e+02
3.965163040161132812e+02 9.604656982421875000e+02 2.200000000000000000e+02
3.965008544921875000e+02 9.604981994628906250e+02 2.194900512695312500e+02
3.965357589721679688e+02 9.604248809814453125e+02 2.209999847412109375e+02
3.967449569702148438e+02 9.610000610351562500e+02 2.200000000000000000e+02
3.967827606201171875e+02 9.610000610351562500e+02 2.209999847412109375e+02
3.971469879150390625e+02 9.620000457763671875e+02 2.200000000000000000e+02
3.970798110961914062e+02 9.620000457763671875e+02 2.189999961853027344e+02
3.971780395507812500e+02 9.620000457763671875e+02 2.209999847412109375e+02
3.973858642578125000e+02 9.628282928466796875e+02 2.189999961853027344e+02
3.967885589599609375e+02 9.610000610351562500e+02 2.219999885559082031e+02
3.965385437011718750e+02 9.604199218750000000e+02 2.219999885559082031e+02
3.962922668457031250e+02 9.599198913574218750e+02 2.219999885559082031e+02
3.965230560302734375e+02 9.604527282714843750e+02 2.229999923706054688e+02
3.952246093750000000e+02 9.580982971191406250e+02 2.200811195373535156e+02
3.946695327758789062e+02 9.572429656982421875e+02 2.200000000000000000e+02
3.943353652954101562e+02 9.567430114746093750e+02 2.200000000000000000e+02
3.946807479858398438e+02 9.572257232666015625e+02 2.209999847412109375e+02
3.943471527099609375e+02 9.567257690429687500e+02 2.209999847412109375e+02
3.938471603393554688e+02 9.560057067871093750e+02 2.209999847412109375e+02
3.943421173095703125e+02 9.567331695556640625e+02 2.219999885559082031e+02
3.938420867919921875e+02 9.560121917724609375e+02 2.219999885559082031e+02
3.943187713623046875e+02 9.567664337158203125e+02 2.229999923706054688e+02
3.938187789916992188e+02 9.560467529296875000e+02 2.229999923706054688e+02
3.942728042602539062e+02 9.568292236328125000e+02 2.239999961853027344e+02
3.946550750732421875e+02 9.572664642333984375e+02 2.229999923706054688e+02
3.946150970458984375e+02 9.573291778564453125e+02 2.239999961853027344e+02
3.950542449951171875e+02 9.580000305175781250e+02 2.239999961853027344e+02
3.945544815063476562e+02 9.574206542968750000e+02 2.250000000000000000e+02
3.945124053955078125e+02 9.574822235107421875e+02 2.255649185180664062e+02
3.949311065673828125e+02 9.580000305175781250e+02 2.250000000000000000e+02
3.942044830322265625e+02 9.569207000732421875e+02 2.250000000000000000e+02
3.937044525146484375e+02 9.562165069580078125e+02 2.250000000000000000e+02
3.941607284545898438e+02 9.570893859863281250e+02 2.259389495849609375e+02
3.936157608032226562e+02 9.563420104980468750e+02 2.259999847412109375e+02
3.938152313232421875e+02 9.569284820556640625e+02 2.270143508911132812e+02
3.944468688964843750e+02 9.575801086425781250e+02 2.262315750122070312e+02
3.943609237670898438e+02 9.577110290527343750e+02 2.269999885559082031e+02
3.947407913208007812e+02 9.579480743408203125e+02 2.259389495849609375e+02
3.946849441528320312e+02 9.582109832763671875e+02 2.269999885559082031e+02
3.952917098999023438e+02 9.588514709472656250e+02 2.259999847412109375e+02
3.953766250610351562e+02 9.587070465087890625e+02 2.250000000000000000e+02
3.952156829833984375e+02 9.590738677978515625e+02 2.269653701782226562e+02
3.955855941772460938e+02 9.593514251708984375e+02 2.259999847412109375e+02
3.945845413208007812e+02 9.583679199218750000e+02 2.278286743164062500e+02
3.935441589355468750e+02 9.564401245117187500e+02 2.266905975341796875e+02
3.934657669067382812e+02 9.565474700927734375e+02 2.273572731018066406e+02
3.937342071533203125e+02 9.571672821044921875e+02 2.279999923706054688e+02
3.933798599243164062e+02 9.566672515869140625e+02 2.279999923706054688e+02
3.928348541259765625e+02 9.559325408935546875e+02 2.280125427246093750e+02
3.932386779785156250e+02 9.568666839599609375e+02 2.289999961853027344e+02
3.931090164184570312e+02 9.570880126953125000e+02 2.299254989624023438e+02
3.927386856079101562e+02 9.561785125732421875e+02 2.289999961853027344e+02
3.925851440429687500e+02 9.563851165771484375e+02 2.300000000000000000e+02
3.923635101318359375e+02 9.556784820556640625e+02 2.289999961853027344e+02
3.918041992187500000e+02 9.549565124511718750e+02 2.289449501037597656e+02
3.924580383300781250e+02 9.555541992187500000e+02 2.283542633056640625e+02
3.922063827514648438e+02 9.558851623535156250e+02 2.300000000000000000e+02
3.919782638549804688e+02 9.560298919677734375e+02 2.309419441223144531e+02
3.917063903808593750e+02 9.552456665039062500e+02 2.300000000000000000e+02
3.912897109985351562e+02 9.547457122802734375e+02 2.300000000000000000e+02
3.915818405151367188e+02 9.554000854492187500e+02 2.307099342346191406e+02
3.910409164428710938e+02 9.549560546875000000e+02 2.310927772521972656e+02
3.904887008666992188e+02 9.545121002197265625e+02 2.314756011962890625e+02
3.906329345703125000e+02 9.543541717529296875e+02 2.308089447021484375e+02
3.908164596557617188e+02 9.551408386230468750e+02 2.319999885559082031e+02
3.914488983154296875e+02 9.555633544921875000e+02 2.313766098022460938e+02
3.913164520263671875e+02 9.557267761230468750e+02 2.319999885559082031e+02
3.917110061645507812e+02 9.562268066406250000e+02 2.319999885559082031e+02
3.910253143310546875e+02 9.559708404541015625e+02 2.330483818054199219e+02
3.906397247314453125e+02 9.553423309326171875e+02 2.327755165100097656e+02
3.904685974121093750e+02 9.555360412597656250e+02 2.334421920776367188e+02
3.907270431518554688e+02 9.562257385253906250e+02 2.339999961853027344e+02
3.914109039306640625e+02 9.566158294677734375e+02 2.333212471008300781e+02
3.915733718872070312e+02 9.564057159423828125e+02 2.326545715332031250e+02
3.902989196777343750e+02 9.557257080078125000e+02 2.339999961853027344e+02
3.899677276611328125e+02 9.560379791259765625e+02 2.349510383605957031e+02
3.897989273071289062e+02 9.551844787597656250e+02 2.339999961853027344e+02
3.893138504028320312e+02 9.546844482421875000e+02 2.339999961853027344e+02
3.900691604614257812e+02 9.549280548095703125e+02 2.331260871887207031e+02
3.895966339111328125e+02 9.553988647460937500e+02 2.346426582336425781e+02
3.889805221557617188e+02 9.550193023681640625e+02 2.349739265441894531e+02
3.886953353881835938e+02 9.553063964843750000e+02 2.357617187500000000e+02
3.893619918823242188e+02 9.556443023681640625e+02 2.353093338012695312e+02
3.883518218994140625e+02 9.546397399902343750e+02 2.353051948547363281e+02
3.885990524291992188e+02 9.544052886962890625e+02 2.346385192871093750e+02
3.879589843750000000e+02 9.540353393554687500e+02 2.349467086791992188e+02
3.888138580322265625e+02 9.542029571533203125e+02 2.339999961853027344e+02
3.882722854614257812e+02 9.537029266357421875e+02 2.339999961853027344e+02
3.890748596191406250e+02 9.539297485351562500e+02 2.331267356872558594e+02
3.884635543823242188e+02 9.535320281982421875e+02 2.334434890747070312e+02
3.893698883056640625e+02 9.536233520507812500e+02 2.319999885559082031e+02
3.886636352539062500e+02 9.533523559570312500e+02 2.327768135070800781e+02
3.894860839843750000e+02 9.545137786865234375e+02 2.334766578674316406e+02
3.896696853637695312e+02 9.543275451660156250e+02 2.328099822998046875e+02
3.898687744140625000e+02 9.541233825683593750e+02 2.319999885559082031e+02
3.903688049316406250e+02 9.546408843994140625e+02 2.319999885559082031e+02
3.900717544555664062e+02 9.539289093017578125e+02 2.311508369445800781e+02
3.894961929321289062e+02 9.535036468505859375e+02 2.314927101135253906e+02
3.896548080444335938e+02 9.533473205566406250e+02 2.308260536193847656e+02
3.903322601318359375e+02 9.536768341064453125e+02 2.300000000000000000e+02
3.898322677612304688e+02 9.531688690185546875e+02 2.300000000000000000e+02
3.904548645019531250e+02 9.535483551025390625e+02 2.293652915954589844e+02
3.907897186279296875e+02 9.541768646240234375e+02 2.300000000000000000e+02
3.909913253784179688e+02 9.540111541748046875e+02 2.289701080322265625e+02
3.914200210571289062e+02 9.545941925048828125e+02 2.292415809631347656e+02
3.915222930908203125e+02 9.544740295410156250e+02 2.285749053955078125e+02
3.905626296997070312e+02 9.534332275390625000e+02 2.286986351013183594e+02
3.911632919311523438e+02 9.538811492919921875e+02 2.279999923706054688e+02
3.906632995605468750e+02 9.533252716064453125e+02 2.279999923706054688e+02
3.912958526611328125e+02 9.537310028076171875e+02 2.269999885559082031e+02
3.916020584106445312e+02 9.543811798095703125e+02 2.279999923706054688e+02
3.917287445068359375e+02 9.542309570312500000e+02 2.269999885559082031e+02
3.921564865112304688e+02 9.550611877441406250e+02 2.280125427246093750e+02
3.922287368774414062e+02 9.548316955566406250e+02 2.269999885559082031e+02
3.925516128540039062e+02 9.554352569580078125e+02 2.276875877380371094e+02
3.926346206665039062e+02 9.553317260742187500e+02 2.269999885559082031e+02
3.927435302734375000e+02 9.551927947998046875e+02 2.259999847412109375e+02
3.931871414184570312e+02 9.560640716552734375e+02 2.270143508911132812e+02
3.932435226440429688e+02 9.558419799804687500e+02 2.259999847412109375e+02
3.933392715454101562e+02 9.557165527343750000e+02 2.250000000000000000e+02
3.934155273437500000e+02 9.556156921386718750e+02 2.239999961853027344e+02
3.927714157104492188e+02 9.549500274658203125e+02 2.249000549316406250e+02
3.929507446289062500e+02 9.550000000000000000e+02 2.239999961853027344e+02
3.925000000000000000e+02 9.544999694824218750e+02 2.245000839233398438e+02
3.924326705932617188e+02 9.545833587646484375e+02 2.251667594909667969e+02
3.919976043701171875e+02 9.540065765380859375e+02 2.249758148193359375e+02
3.923428726196289062e+02 9.546927642822265625e+02 2.259999847412109375e+02
3.918428802490234375e+02 9.540901184082031250e+02 2.259999847412109375e+02
3.914209747314453125e+02 9.535900878906250000e+02 2.259999847412109375e+02
3.908447265625000000e+02 9.529444885253906250e+02 2.259325408935546875e+02
3.914886093139648438e+02 9.535131072998046875e+02 2.254515457153320312e+02
3.911568832397460938e+02 9.530576324462890625e+02 2.250709152221679688e+02
3.905796432495117188e+02 9.524174499511718750e+02 2.250000000000000000e+02
3.911794281005859375e+02 9.528495788574218750e+02 2.239999961853027344e+02
3.915625381469726562e+02 9.534293365478515625e+02 2.247848701477050781e+02
3.916336059570312500e+02 9.533495330810546875e+02 2.239999961853027344e+02
3.917007827758789062e+02 9.532736968994140625e+02 2.229999923706054688e+02
3.921335983276367188e+02 9.539546966552734375e+02 2.239999961853027344e+02
3.922007751464843750e+02 9.538790130615234375e+02 2.229999923706054688e+02
3.925352096557617188e+02 9.544547271728515625e+02 2.239999961853027344e+02
3.925926208496093750e+02 9.543790435791015625e+02 2.229999923706054688e+02
3.926237106323242188e+02 9.543362426757812500e+02 2.219999885559082031e+02
3.930588150024414062e+02 9.550000000000000000e+02 2.229999923706054688e+02
3.931149673461914062e+02 9.550000000000000000e+02 2.219999885559082031e+02
3.934661865234375000e+02 9.555467987060546875e+02 2.229999923706054688e+02
3.934912490844726562e+02 9.555121612548828125e+02 2.219999885559082031e+02
3.934959030151367188e+02 9.555056762695312500e+02 2.209999847412109375e+02
3.934824371337890625e+02 9.555241394042968750e+02 2.200000000000000000e+02
3.931258010864257812e+02 9.550000000000000000e+02 2.209999847412109375e+02
3.930938720703125000e+02 9.550000000000000000e+02 2.200000000000000000e+02
3.926298904418945312e+02 9.543278503417968750e+02 2.209999847412109375e+02
3.922458267211914062e+02 9.538278198242187500e+02 2.209999847412109375e+02
3.926114654541015625e+02 9.543546295166015625e+02 2.200000000000000000e+02
3.922197723388671875e+02 9.538545989990234375e+02 2.200000000000000000e+02
3.917458343505859375e+02 9.532223510742187500e+02 2.209999847412109375e+02
3.922389984130859375e+02 9.538362121582031250e+02 2.219999885559082031e+02
3.917389678955078125e+02 9.532298278808593750e+02 2.219999885559082031e+02
3.912891387939453125e+02 9.527298736572265625e+02 2.219999885559082031e+02
3.907891082763671875e+02 9.522025299072265625e+02 2.219999885559082031e+02
3.912958908081054688e+02 9.527223205566406250e+02 2.209999847412109375e+02
3.912485504150390625e+02 9.527737426757812500e+02 2.229999923706054688e+02
3.907485198974609375e+02 9.522444915771484375e+02 2.229999923706054688e+02
3.902508926391601562e+02 9.517445373535156250e+02 2.229999923706054688e+02
3.906794357299804688e+02 9.523147583007812500e+02 2.239999961853027344e+02
3.901812744140625000e+02 9.518147277832031250e+02 2.239999961853027344e+02
3.896812820434570312e+02 9.513290405273437500e+02 2.239999961853027344e+02
3.900793457031250000e+02 9.519174957275390625e+02 2.250000000000000000e+02
3.899700546264648438e+02 9.520302581787109375e+02 2.258828926086425781e+02
3.895793533325195312e+02 9.514247131347656250e+02 2.250000000000000000e+02
3.889289474487304688e+02 9.508581542968750000e+02 2.250152015686035156e+02
3.895115661621093750e+02 9.514889526367187500e+02 2.255448722839355469e+02
3.890527343750000000e+02 9.511759948730468750e+02 2.259269142150878906e+02
3.883717346191406250e+02 9.506033325195312500e+02 2.259999847412109375e+02
3.888051986694335938e+02 9.512294006347656250e+02 2.269999885559082031e+02
3.894212341308593750e+02 9.515741729736328125e+02 2.262115478515625000e+02
3.893051910400390625e+02 9.516813659667968750e+02 2.269999885559082031e+02
3.891462326049804688e+02 9.518241119384765625e+02 2.279999923706054688e+02
3.898238372802734375e+02 9.521813201904296875e+02 2.269999885559082031e+02
3.896807861328125000e+02 9.523240661621093750e+02 2.279999923706054688e+02
3.903238677978515625e+02 9.526808929443359375e+02 2.269999885559082031e+02
3.901808166503906250e+02 9.528252410888671875e+02 2.279999923706054688e+02
3.907958221435546875e+02 9.531809234619140625e+02 2.269999885559082031e+02
3.904285430908203125e+02 9.525740814208984375e+02 2.262208938598632812e+02
3.900130081176757812e+02 9.529888916015625000e+02 2.290357780456542969e+02
3.895711135864257812e+02 9.524311828613281250e+02 2.287062644958496094e+02
3.894526290893554688e+02 9.525444793701171875e+02 2.293729400634765625e+02
3.889976119995117188e+02 9.520054626464843750e+02 2.289906120300292969e+02
3.893177413940429688e+02 9.526688385009765625e+02 2.300000000000000000e+02
3.888177490234375000e+02 9.522189331054687500e+02 2.300000000000000000e+02
3.890669631958007812e+02 9.529402160644531250e+02 2.311290550231933594e+02
3.884615325927734375e+02 9.525330352783203125e+02 2.314320564270019531e+02
3.886376953125000000e+02 9.523787689208984375e+02 2.307653999328613281e+02
3.888698959350585938e+02 9.531640625000000000e+02 2.319999885559082031e+02
3.883062744140625000e+02 9.526640319824218750e+02 2.319999885559082031e+02
3.878062820434570312e+02 9.522494506835937500e+02 2.319999885559082031e+02
3.880385589599609375e+02 9.529678344726562500e+02 2.330616378784179688e+02
3.876135253906250000e+02 9.524070739746093750e+02 2.326798057556152344e+02
3.873964309692382812e+02 9.525833129882812500e+02 2.333464813232421875e+02
3.877722930908203125e+02 9.532697296142578125e+02 2.339999961853027344e+02
3.870378494262695312e+02 9.527209472656250000e+02 2.340912246704101562e+02
3.875661468505859375e+02 9.534429931640625000e+02 2.345882415771484375e+02
3.869821548461914062e+02 9.532039642333984375e+02 2.349529457092285156e+02
3.862784957885742188e+02 9.526727294921875000e+02 2.350000000000000000e+02
3.866369628906250000e+02 9.533882904052734375e+02 2.356676483154296875e+02
3.873036193847656250e+02 9.536654663085937500e+02 2.352548980712890625e+02
3.870302200317382812e+02 9.539726257324218750e+02 2.360367584228515625e+02
3.867568206787109375e+02 9.542798614501953125e+02 2.368108558654785156e+02
3.874235153198242188e+02 9.545697784423828125e+02 2.364058876037597656e+02
3.876851654052734375e+02 9.543321228027343750e+02 2.357392120361328125e+02
3.863589859008789062e+02 9.536132049560546875e+02 2.363343238830566406e+02
3.859540557861328125e+02 9.530366516113281250e+02 2.359453964233398438e+02
3.860864639282226562e+02 9.539303588867187500e+02 2.370974922180175781e+02
3.853916168212890625e+02 9.535807800292968750e+02 2.373841094970703125e+02
3.856923294067382812e+02 9.533516693115234375e+02 2.367174530029296875e+02
3.857521057128906250e+02 9.542970275878906250e+02 2.379999923706054688e+02
3.864805984497070312e+02 9.545169830322265625e+02 2.374775314331054688e+02
3.862520980834960938e+02 9.547119140625000000e+02 2.379999923706054688e+02
3.870541000366210938e+02 9.547443389892578125e+02 2.370865058898925781e+02
3.869443893432617188e+02 9.552618408203125000e+02 2.379100990295410156e+02
3.877177047729492188e+02 9.552926635742187500e+02 2.369999885559082031e+02
3.880643463134765625e+02 9.549380493164062500e+02 2.360837936401367188e+02
3.875134658813476562e+02 9.554871368408203125e+02 2.375168228149414062e+02
3.882176971435546875e+02 9.557826232910156250e+02 2.369999885559082031e+02
3.884434890747070312e+02 9.555561828613281250e+02 2.364283752441406250e+02
3.878773880004882812e+02 9.561217498779296875e+02 2.378494262695312500e+02
3.887093734741210938e+02 9.562825775146484375e+02 2.369999885559082031e+02
3.890645980834960938e+02 9.559335327148437500e+02 2.360866737365722656e+02
3.885120010375976562e+02 9.564872741699218750e+02 2.375153541564941406e+02
3.875746917724609375e+02 9.564228820800781250e+02 2.385881805419921875e+02
3.882413482666015625e+02 9.567764282226562500e+02 2.381820106506347656e+02
3.872406387329101562e+02 9.557562255859375000e+02 2.381834983825683594e+02
3.869308090209960938e+02 9.560684204101562500e+02 2.389191627502441406e+02
3.866209411621093750e+02 9.563806152343750000e+02 2.396304321289062500e+02
3.872875976562500000e+02 9.567187500000000000e+02 2.392548561096191406e+02
3.862709045410156250e+02 9.557139587402343750e+02 2.392501449584960938e+02
3.865739822387695312e+02 9.554322814941406250e+02 2.385834693908691406e+02
3.858965682983398438e+02 9.550881195068359375e+02 2.388867568969726562e+02
3.856042480468750000e+02 9.554106140136718750e+02 2.396059799194335938e+02
3.851840972900390625e+02 9.547439575195312500e+02 2.391900253295898438e+02
3.855222320556640625e+02 9.544819641113281250e+02 2.385233497619628906e+02
3.849104309082031250e+02 9.543244171142578125e+02 2.389140129089355469e+02
3.840361022949218750e+02 9.537943267822265625e+02 2.390206146240234375e+02
3.850349807739257812e+02 9.537805938720703125e+02 2.380396270751953125e+02
3.845174026489257812e+02 9.544870758056640625e+02 2.395161819458007812e+02
3.839999771118164062e+02 9.543141937255859375e+02 2.397364044189453125e+02
3.848872756958007812e+02 9.550864410400390625e+02 2.398944282531738281e+02
3.839999771118164062e+02 9.547181701660156250e+02 2.402363967895507812e+02
3.852571487426757812e+02 9.557056427001953125e+02 2.402726554870605469e+02
3.845904922485351562e+02 9.554289245605468750e+02 2.405804443359375000e+02
3.839091110229492188e+02 9.552681732177734375e+02 2.409482574462890625e+02
3.849354171752929688e+02 9.560550689697265625e+02 2.409412002563476562e+02
3.841818237304687500e+02 9.557378387451171875e+02 2.412471199035644531e+02
3.846136856079101562e+02 9.564044952392578125e+02 2.415942764282226562e+02
3.852803421020507812e+02 9.566986083984375000e+02 2.413019371032714844e+02
3.856370544433593750e+02 9.563722991943359375e+02 2.406352806091308594e+02
3.859698486328125000e+02 9.570297241210937500e+02 2.409703063964843750e+02
3.859539794921875000e+02 9.560430908203125000e+02 2.399515342712402344e+02
3.863037109375000000e+02 9.566941833496093750e+02 2.402970886230468750e+02
3.869610214233398438e+02 9.570397949218750000e+02 2.399582290649414062e+02
3.876042938232421875e+02 9.573854064941406250e+02 2.396193504333496094e+02
3.873011398315429688e+02 9.577284240722656250e+02 2.402860260009765625e+02
3.866344451904296875e+02 9.573608398437500000e+02 2.406386756896972656e+02
3.869503021240234375e+02 9.580559539794921875e+02 2.409487915039062500e+02
3.863026046752929688e+02 9.577167510986328125e+02 2.413053321838378906e+02
3.859362411499023438e+02 9.580698394775390625e+02 2.419427299499511719e+02
3.852439498901367188e+02 9.577563476562500000e+02 2.422896957397460938e+02
3.856359481811523438e+02 9.573653411865234375e+02 2.416230201721191406e+02
3.855698394775390625e+02 9.584230041503906250e+02 2.425574493408203125e+02
3.849463653564453125e+02 9.580538177490234375e+02 2.427524185180664062e+02
3.859418869018554688e+02 9.590979003906250000e+02 2.427026176452636719e+02
3.850558471679687500e+02 9.589255523681640625e+02 2.432840919494628906e+02
3.860018539428710938e+02 9.599562072753906250e+02 2.431850624084472656e+02
3.844563293457031250e+02 9.585425567626953125e+02 2.434715270996093750e+02
3.840737915039062500e+02 9.579454040527343750e+02 2.432842826843261719e+02
3.840194702148437500e+02 9.589812469482421875e+02 2.440131187438964844e+02
3.837896728515625000e+02 9.582423400878906250e+02 2.436768722534179688e+02
3.832045364379882812e+02 9.587532806396484375e+02 2.443435287475585938e+02
3.829705810546875000e+02 9.580229187011718750e+02 2.439858245849609375e+02
3.829227066040039062e+02 9.590519714355468750e+02 2.446676063537597656e+02
3.819145584106445312e+02 9.590898132324218750e+02 2.451339721679687500e+02
3.825378799438476562e+02 9.584700775146484375e+02 2.445193862915039062e+02
3.820000076293945312e+02 9.582849884033203125e+02 2.446334266662597656e+02
3.820000076293945312e+02 9.577850341796875000e+02 2.443084907531738281e+02
3.810234451293945312e+02 9.579460144042968750e+02 2.448055076599121094e+02
3.807057571411132812e+02 9.573900604248046875e+02 2.445767402648925781e+02
3.813724517822265625e+02 9.575765991210937500e+02 2.444498825073242188e+02
3.799769592285156250e+02 9.580615997314453125e+02 2.452177238464355469e+02
3.809999847412109375e+02 9.588202667236328125e+02 2.453243255615234375e+02
3.809999847412109375e+02 9.593202972412109375e+02 2.455926513671875000e+02
3.802949142456054688e+02 9.586107635498046875e+02 2.454405784606933594e+02
3.799769592285156250e+02 9.589664459228515625e+02 2.457076835632324219e+02
3.796282577514648438e+02 9.584358978271484375e+02 2.455354881286621094e+02
3.789999771118164062e+02 9.590000152587890625e+02 2.459422302246093750e+02
3.799205398559570312e+02 9.600894927978515625e+02 2.462460708618164062e+02
3.789999771118164062e+02 9.598760223388671875e+02 2.463393974304199219e+02
3.795342254638671875e+02 9.604824829101562500e+02 2.465073966979980469e+02
3.809999847412109375e+02 9.600000000000000000e+02 2.459183120727539062e+02
3.802008819580078125e+02 9.606748962402343750e+02 2.464328002929687500e+02
3.799205398559570312e+02 9.610049438476562500e+02 2.466127014160156250e+02
3.810371780395507812e+02 9.610049438476562500e+02 2.463436317443847656e+02
3.807286453247070312e+02 9.613415527343750000e+02 2.465584754943847656e+02
3.813953018188476562e+02 9.615814971923828125e+02 2.464718246459960938e+02
3.820000076293945312e+02 9.610000610351562500e+02 2.460394668579101562e+02
3.819145584106445312e+02 9.600392913818359375e+02 2.456369972229003906e+02
3.815242767333984375e+02 9.594829559326171875e+02 2.455091667175292969e+02
3.821909713745117188e+02 9.597320556640625000e+02 2.453787040710449219e+02
3.826098632812500000e+02 9.603987884521484375e+02 2.455510711669921875e+02
3.810371780395507812e+02 9.619489288330078125e+02 2.466789245605468750e+02
3.800000000000000000e+02 9.620000457763671875e+02 2.469123268127441406e+02
3.789999771118164062e+02 9.620000457763671875e+02 2.470595550537109375e+02
3.779999923706054688e+02 9.620000457763671875e+02 2.471415710449218750e+02
3.789999771118164062e+02 9.610000610351562500e+02 2.467656898498535156e+02
3.789999771118164062e+02 9.603760528564453125e+02 2.465498352050781250e+02
3.779999923706054688e+02 9.610000610351562500e+02 2.468678855895996094e+02
3.779999923706054688e+02 9.602278137207031250e+02 2.466057586669921875e+02
3.770000076293945312e+02 9.610000610351562500e+02 2.469050979614257812e+02
3.759999847412109375e+02 9.610000610351562500e+02 2.468996810913085938e+02
3.770000076293945312e+02 9.601612091064453125e+02 2.466275978088378906e+02
3.770000076293945312e+02 9.620000457763671875e+02 2.471688270568847656e+02
3.770000076293945312e+02 9.630000305175781250e+02 2.473626899719238281e+02
3.759999847412109375e+02 9.620000457763671875e+02 2.471598052978515625e+02
3.750000000000000000e+02 9.620000457763671875e+02 2.471122932434082031e+02
3.759999847412109375e+02 9.630000305175781250e+02 2.473534584045410156e+02
3.750000000000000000e+02 9.630000305175781250e+02 2.473114967346191406e+02
3.759999847412109375e+02 9.637570190429687500e+02 2.474668312072753906e+02
3.759999847412109375e+02 9.642570495605468750e+02 2.475297355651855469e+02
3.770000076293945312e+02 9.637251281738281250e+02 2.474713516235351562e+02
3.750000000000000000e+02 9.638866424560546875e+02 2.474475479125976562e+02
3.750000000000000000e+02 9.643865966796875000e+02 2.475142478942871094e+02
3.740852737426757812e+02 9.640908050537109375e+02 2.474114990234375000e+02
3.739999771118164062e+02 9.630000305175781250e+02 2.472287559509277344e+02
3.729999923706054688e+02 9.640000152587890625e+02 2.472747421264648438e+02
3.738087844848632812e+02 9.647527313232421875e+02 2.474731826782226562e+02
3.744754409790039062e+02 9.644847106933593750e+02 2.475020408630371094e+02
3.720000076293945312e+02 9.640000152587890625e+02 2.471219062805175781e+02
3.729999923706054688e+02 9.630000305175781250e+02 2.471048545837402344e+02
3.720000076293945312e+02 9.630000305175781250e+02 2.469495582580566406e+02
3.729999923706054688e+02 9.620000457763671875e+02 2.468857002258300781e+02
3.739999771118164062e+02 9.620000457763671875e+02 2.470179367065429688e+02
3.720000076293945312e+02 9.620000457763671875e+02 2.467265892028808594e+02
3.730333328247070312e+02 9.609679412841796875e+02 2.466143035888671875e+02
3.720000076293945312e+02 9.613236236572265625e+02 2.465502548217773438e+02
3.727222442626953125e+02 9.606132507324218750e+02 2.464663887023925781e+02
3.733889389038085938e+02 9.604538726806640625e+02 2.465161705017089844e+02
3.739999771118164062e+02 9.610000610351562500e+02 2.467535591125488281e+02
3.750000000000000000e+02 9.610000610351562500e+02 2.468514823913574219e+02
3.739999771118164062e+02 9.603461456298828125e+02 2.465548896789550781e+02
3.739999771118164062e+02 9.598461151123046875e+02 2.463736152648925781e+02
3.750000000000000000e+02 9.602169036865234375e+02 2.466031455993652344e+02
3.750000000000000000e+02 9.597168731689453125e+02 2.464181709289550781e+02
3.759999847412109375e+02 9.601587677001953125e+02 2.466265106201171875e+02
3.759999847412109375e+02 9.596587371826171875e+02 2.464385414123535156e+02
3.759999847412109375e+02 9.590000152587890625e+02 2.461646461486816406e+02
3.770000076293945312e+02 9.596611785888671875e+02 2.464364433288574219e+02
3.770000076293945312e+02 9.590000152587890625e+02 2.461510276794433594e+02
3.779999923706054688e+02 9.597277832031250000e+02 2.464069175720214844e+02
3.779999923706054688e+02 9.590000152587890625e+02 2.460848426818847656e+02
3.779999923706054688e+02 9.581597137451171875e+02 2.456779289245605469e+02
3.770000076293945312e+02 9.580753326416015625e+02 2.457145881652832031e+02
3.779999923706054688e+02 9.576597595214843750e+02 2.454116630554199219e+02
3.789999771118164062e+02 9.583092498779296875e+02 2.456028175354003906e+02
3.789999771118164062e+02 9.578092193603515625e+02 2.453242301940917969e+02
3.789935302734375000e+02 9.569391632080078125e+02 2.447826385498046875e+02
3.786558914184570312e+02 9.564492034912109375e+02 2.445387649536132812e+02
3.793225479125976562e+02 9.565653228759765625e+02 2.444540023803710938e+02
3.779999923706054688e+02 9.570000457763671875e+02 2.450077438354492188e+02
3.800000000000000000e+02 9.572164916992187500e+02 2.446917152404785156e+02
3.800000000000000000e+02 9.567164611816406250e+02 2.443433380126953125e+02
3.799299621582031250e+02 9.559757995605468750e+02 2.437857818603515625e+02
3.810234451293945312e+02 9.570339965820312500e+02 2.441926002502441406e+02
3.809999847412109375e+02 9.563145446777343750e+02 2.436533355712890625e+02
3.819410705566406250e+02 9.570008087158203125e+02 2.437671852111816406e+02
3.815684509277343750e+02 9.564597320556640625e+02 2.435339927673339844e+02
3.822351074218750000e+02 9.566679382324218750e+02 2.433608055114746094e+02
3.827365875244140625e+02 9.573345947265625000e+02 2.436281013488769531e+02
3.830419540405273438e+02 9.570008087158203125e+02 2.431838989257812500e+02
3.829999923706054688e+02 9.563377380371093750e+02 2.426469612121582031e+02
3.834032440185546875e+02 9.575756835937500000e+02 2.434438705444335938e+02
3.839016342163085938e+02 9.570579528808593750e+02 2.427024459838867188e+02
3.845772933959960938e+02 9.574298858642578125e+02 2.425583839416503906e+02
3.835026931762695312e+02 9.564980316162109375e+02 2.425018119812011719e+02
3.841693496704101562e+02 9.567631530761718750e+02 2.422609329223632812e+02
3.838422775268554688e+02 9.561179351806640625e+02 2.418860626220703125e+02
3.849288177490234375e+02 9.570642089843750000e+02 2.419419860839843750e+02
3.835151672363281250e+02 9.554893493652343750e+02 2.415111923217773438e+02
3.829999923706054688e+02 9.558377838134765625e+02 2.421719551086425781e+02
3.823005294799804688e+02 9.556189727783203125e+02 2.423847389221191406e+02
3.829999923706054688e+02 9.553337860107421875e+02 2.416719627380371094e+02
3.830725097656250000e+02 9.547842407226562500e+02 2.410184478759765625e+02
3.819578552246093750e+02 9.550240325927734375e+02 2.419754600524902344e+02
3.809999847412109375e+02 9.547702789306640625e+02 2.422216796875000000e+02
3.816151809692382812e+02 9.544393157958984375e+02 2.415661621093750000e+02
3.822818374633789062e+02 9.546224212646484375e+02 2.413640975952148438e+02
3.816338729858398438e+02 9.554257202148437500e+02 2.425721740722656250e+02
3.819344711303710938e+02 9.560393524169921875e+02 2.429664993286132812e+02
3.809999847412109375e+02 9.552702331542968750e+02 2.427211761474609375e+02
3.799049377441406250e+02 9.550402069091796875e+02 2.429638481140136719e+02
3.809999847412109375e+02 9.558145141601562500e+02 2.432211685180664062e+02
3.802165985107421875e+02 9.556262969970703125e+02 2.433893775939941406e+02
3.802599716186523438e+02 9.546012878417968750e+02 2.423960876464843750e+02
3.789999771118164062e+02 9.548918151855468750e+02 2.431320571899414062e+02
3.795499038696289062e+02 9.554791259765625000e+02 2.435185050964355469e+02
3.795933151245117188e+02 9.544628143310546875e+02 2.425383377075195312e+02
3.798896408081054688e+02 9.540427398681640625e+02 2.419521903991699219e+02
3.789999771118164062e+02 9.543703460693359375e+02 2.426320648193359375e+02
3.779999923706054688e+02 9.542430877685546875e+02 2.427591133117675781e+02
3.789999771118164062e+02 9.538703918457031250e+02 2.420945549011230469e+02
3.789999771118164062e+02 9.534171295166015625e+02 2.415945625305175781e+02
3.779999923706054688e+02 9.537431335449218750e+02 2.422357749938964844e+02
3.770000076293945312e+02 9.536535644531250000e+02 2.423344993591308594e+02
3.779999923706054688e+02 9.532925415039062500e+02 2.417357826232910156e+02
3.779999923706054688e+02 9.527925109863281250e+02 2.411322021484375000e+02
3.770000076293945312e+02 9.532029724121093750e+02 2.418345069885253906e+02
3.770000076293945312e+02 9.527030181884765625e+02 2.412462806701660156e+02
3.759999847412109375e+02 9.531391143798828125e+02 2.419024467468261719e+02
3.750000000000000000e+02 9.531069946289062500e+02 2.419332885742187500e+02
3.759999847412109375e+02 9.526390838623046875e+02 2.413265991210937500e+02
3.759999847412109375e+02 9.535915374755859375e+02 2.424024391174316406e+02
3.759999847412109375e+02 9.540914916992187500e+02 2.429031753540039062e+02
3.750000000000000000e+02 9.535636901855468750e+02 2.424333000183105469e+02
3.750000000000000000e+02 9.540636444091796875e+02 2.429244613647460938e+02
3.739999771118164062e+02 9.535852050781250000e+02 2.424123191833496094e+02
3.739999771118164062e+02 9.531220245361328125e+02 2.419123268127441406e+02
3.739999771118164062e+02 9.540851593017578125e+02 2.428974723815917969e+02
3.729999923706054688e+02 9.536448669433593750e+02 2.423528480529785156e+02
3.729999923706054688e+02 9.531745147705078125e+02 2.418528556823730469e+02
3.729999923706054688e+02 9.541448974609375000e+02 2.428356933593750000e+02
3.720000076293945312e+02 9.537281036376953125e+02 2.422709846496582031e+02
3.720000076293945312e+02 9.532487487792968750e+02 2.417709732055664062e+02
3.720000076293945312e+02 9.542281341552734375e+02 2.427541542053222656e+02
3.709999847412109375e+02 9.538451385498046875e+02 2.421548652648925781e+02
3.709999847412109375e+02 9.533563995361328125e+02 2.416548728942871094e+02
3.700266647338867188e+02 9.540100860595703125e+02 2.419899177551269531e+02
3.709999847412109375e+02 9.543451690673828125e+02 2.426436614990234375e+02
3.703599929809570312e+02 9.544435882568359375e+02 2.425520324707031250e+02
3.709151458740234375e+02 9.550426483154296875e+02 2.432110786437988281e+02
3.705252456665039062e+02 9.555088806152343750e+02 2.434935760498046875e+02
3.711919021606445312e+02 9.554043579101562500e+02 2.435740661621093750e+02
3.720000076293945312e+02 9.548007202148437500e+02 2.432541656494140625e+02
3.700159835815429688e+02 9.549510192871093750e+02 2.428523635864257812e+02
3.696933364868164062e+02 9.545849609375000000e+02 2.424233818054199219e+02
3.689999771118164062e+02 9.552515411376953125e+02 2.427094459533691406e+02
3.700000000000000000e+02 9.556340789794921875e+02 2.434014129638671875e+02
3.689223098754882812e+02 9.560019683837890625e+02 2.432584381103515625e+02
3.700000000000000000e+02 9.561341094970703125e+02 2.437527847290039062e+02
3.692038345336914062e+02 9.563365936279296875e+02 2.436146545410156250e+02
3.699237442016601562e+02 9.570088958740234375e+02 2.442946052551269531e+02
3.709151458740234375e+02 9.559053039550781250e+02 2.438586616516113281e+02
3.709999847412109375e+02 9.566757965087890625e+02 2.443927764892578125e+02
3.720018386840820312e+02 9.560733795166015625e+02 2.442050933837890625e+02
3.716697311401367188e+02 9.565529632568359375e+02 2.444679641723632812e+02
3.723363876342773438e+02 9.564556121826171875e+02 2.445296859741210938e+02
3.729999923706054688e+02 9.558803558349609375e+02 2.442350387573242188e+02
3.720000076293945312e+02 9.553006744384765625e+02 2.436553955078125000e+02
3.729999923706054688e+02 9.552000427246093750e+02 2.437350273132324219e+02
3.729999923706054688e+02 9.547000122070312500e+02 2.433357048034667969e+02
3.739999771118164062e+02 9.551239013671875000e+02 2.437970924377441406e+02
3.739999771118164062e+02 9.546238708496093750e+02 2.433974647521972656e+02
3.739999771118164062e+02 9.557873535156250000e+02 2.442971038818359375e+02
3.750000000000000000e+02 9.550893402099609375e+02 2.438303184509277344e+02
3.750000000000000000e+02 9.545893096923828125e+02 2.434244537353515625e+02
3.750000000000000000e+02 9.557348632812500000e+02 2.443303298950195312e+02
3.759999847412109375e+02 9.551109313964843750e+02 2.438214302062988281e+02
3.759999847412109375e+02 9.546109008789062500e+02 2.434031677246093750e+02
3.759999847412109375e+02 9.557390594482421875e+02 2.443214225769042969e+02
3.770000076293945312e+02 9.551718139648437500e+02 2.437784957885742188e+02
3.770000076293945312e+02 9.546717834472656250e+02 2.433458328247070312e+02
3.770000076293945312e+02 9.557881164550781250e+02 2.442784881591796875e+02
3.779999923706054688e+02 9.552613830566406250e+02 2.437070083618164062e+02
3.779999923706054688e+02 9.547613525390625000e+02 2.432591056823730469e+02
3.779999923706054688e+02 9.558720397949218750e+02 2.442070007324218750e+02
3.789999771118164062e+02 9.553917694091796875e+02 2.435953903198242188e+02
3.789935302734375000e+02 9.560695648193359375e+02 2.441487121582031250e+02
3.779999923706054688e+02 9.563720703125000000e+02 2.445960807800292969e+02
3.770000076293945312e+02 9.562880706787109375e+02 2.446553611755371094e+02
3.759999847412109375e+02 9.562390899658203125e+02 2.446858978271484375e+02
3.770000076293945312e+02 9.570000457763671875e+02 2.451149940490722656e+02
3.759999847412109375e+02 9.570000457763671875e+02 2.451667213439941406e+02
3.770000076293945312e+02 9.575753021240234375e+02 2.454596328735351562e+02
3.759999847412109375e+02 9.575371551513671875e+02 2.454808235168457031e+02
3.750000000000000000e+02 9.575540161132812500e+02 2.454729843139648438e+02
3.759999847412109375e+02 9.580371093750000000e+02 2.457261085510253906e+02
3.750000000000000000e+02 9.580540466308593750e+02 2.457130622863769531e+02
3.750000000000000000e+02 9.590000152587890625e+02 2.461312484741210938e+02
3.739999771118164062e+02 9.581359863281250000e+02 2.456721878051757812e+02
3.739999771118164062e+02 9.576359558105468750e+02 2.454329109191894531e+02
3.739999771118164062e+02 9.590000152587890625e+02 2.460457992553710938e+02
3.729999923706054688e+02 9.582674407958984375e+02 2.456095886230468750e+02
3.729999923706054688e+02 9.577674102783203125e+02 2.453690147399902344e+02
3.729999923706054688e+02 9.590000152587890625e+02 2.459184837341308594e+02
3.722269821166992188e+02 9.583949279785156250e+02 2.455496215820312500e+02
3.719361877441406250e+02 9.580369567871093750e+02 2.453229713439941406e+02
3.719361877441406250e+02 9.589163970947265625e+02 2.457127952575683594e+02
3.709999847412109375e+02 9.591646575927734375e+02 2.456352424621582031e+02
3.715603256225585938e+02 9.585272216796875000e+02 2.454885292053222656e+02
3.720000076293945312e+02 9.600000000000000000e+02 2.461334037780761719e+02
3.730333328247070312e+02 9.600723266601562500e+02 2.463269424438476562e+02
3.720000076293945312e+02 9.608235931396484375e+02 2.464046096801757812e+02
3.709999847412109375e+02 9.600000000000000000e+02 2.459428024291992188e+02
3.710871505737304688e+02 9.610910034179687500e+02 2.463070297241210938e+02
3.699744796752929688e+02 9.599599456787109375e+02 2.456844711303710938e+02
3.702907562255859375e+02 9.593589782714843750e+02 2.455574607849121094e+02
3.696240997314453125e+02 9.595999145507812500e+02 2.454642868041992188e+02
3.692611694335937500e+02 9.602665710449218750e+02 2.455796623229980469e+02
3.700000000000000000e+02 9.610000610351562500e+02 2.460223388671875000e+02
3.689567184448242188e+02 9.609609985351562500e+02 2.456979370117187500e+02
3.700524902343750000e+02 9.620494079589843750e+02 2.463253784179687500e+02
3.689999771118164062e+02 9.620000457763671875e+02 2.460019302368164062e+02
3.696913528442382812e+02 9.630000305175781250e+02 2.464466667175292969e+02
3.704207992553710938e+02 9.624156188964843750e+02 2.465213203430175781e+02
3.708119201660156250e+02 9.617489624023437500e+02 2.464349555969238281e+02
3.710871505737304688e+02 9.620494079589843750e+02 2.465690231323242188e+02
3.709999847412109375e+02 9.630000305175781250e+02 2.467659568786621094e+02
3.714785766601562500e+02 9.614849090576171875e+02 2.465043067932128906e+02
3.709999847412109375e+02 9.640000152587890625e+02 2.469416809082031250e+02
3.701913452148437500e+02 9.630000305175781250e+02 2.465830230712890625e+02
3.699005889892578125e+02 9.639010620117187500e+02 2.466676139831542969e+02
3.700000000000000000e+02 9.650000000000000000e+02 2.468447494506835938e+02
3.693379974365234375e+02 9.641684722900390625e+02 2.465499305725097656e+02
3.695009994506835938e+02 9.635018157958984375e+02 2.464997100830078125e+02
3.690027999877929688e+02 9.639010620117187500e+02 2.464031028747558594e+02
3.689999771118164062e+02 9.630000305175781250e+02 2.462343025207519531e+02
3.686605834960937500e+02 9.650000000000000000e+02 2.464484977722167969e+02
3.679999923706054688e+02 9.640000152587890625e+02 2.460691070556640625e+02
3.669657897949218750e+02 9.640882110595703125e+02 2.456538963317871094e+02
3.679999923706054688e+02 9.630000305175781250e+02 2.458894920349121094e+02
3.679999923706054688e+02 9.650000000000000000e+02 2.462047958374023438e+02
3.670000076293945312e+02 9.650000000000000000e+02 2.457915878295898438e+02
3.680821228027343750e+02 9.660058593750000000e+02 2.463322830200195312e+02
3.670000076293945312e+02 9.660000610351562500e+02 2.458804702758789062e+02
3.679288482666015625e+02 9.670000457763671875e+02 2.463253211975097656e+02
3.684702301025390625e+02 9.663430786132812500e+02 2.465117073059082031e+02
3.685427856445312500e+02 9.656764221191406250e+02 2.464862442016601562e+02
3.689256668090820312e+02 9.660058593750000000e+02 2.466293907165527344e+02
3.691605758666992188e+02 9.650000000000000000e+02 2.466042900085449219e+02
3.684288406372070312e+02 9.670000457763671875e+02 2.465282821655273438e+02
3.679165649414062500e+02 9.680000305175781250e+02 2.463289451599121094e+02
3.670000076293945312e+02 9.670000457763671875e+02 2.459284591674804688e+02
3.662851333618164062e+02 9.670000457763671875e+02 2.456031227111816406e+02
3.670000076293945312e+02 9.680000305175781250e+02 2.459365463256835938e+02
3.662754821777343750e+02 9.680000305175781250e+02 2.456075859069824219e+02
3.670000076293945312e+02 9.690000152587890625e+02 2.458996391296386719e+02
3.670000076293945312e+02 9.700000000000000000e+02 2.458253860473632812e+02
3.663140106201171875e+02 9.690000152587890625e+02 2.455903625488281250e+02
3.658140182495117188e+02 9.690000152587890625e+02 2.453403282165527344e+02
3.663923645019531250e+02 9.700000000000000000e+02 2.455537414550781250e+02
3.658923721313476562e+02 9.700000000000000000e+02 2.452941703796386719e+02
3.664619064331054688e+02 9.706297302246093750e+02 2.455195617675781250e+02
3.660771179199218750e+02 9.709778594970703125e+02 2.452582550048828125e+02
3.669409561157226562e+02 9.709778594970703125e+02 2.456820487976074219e+02
3.665682601928710938e+02 9.712963867187500000e+02 2.454678726196289062e+02
3.672146987915039062e+02 9.720000457763671875e+02 2.456278419494628906e+02
3.667147064208984375e+02 9.720000457763671875e+02 2.453992080688476562e+02
3.673846817016601562e+02 9.726987457275390625e+02 2.455519866943359375e+02
3.679999923706054688e+02 9.720000457763671875e+02 2.459436416625976562e+02
3.679563522338867188e+02 9.730192565917968750e+02 2.456902885437011719e+02
3.675939178466796875e+02 9.733654022216796875e+02 2.454631423950195312e+02
3.682605743408203125e+02 9.737805175781250000e+02 2.455896568298339844e+02
3.670307922363281250e+02 9.730192565917968750e+02 2.453009414672851562e+02
3.659519958496093750e+02 9.729963684082031250e+02 2.447508621215820312e+02
3.670000076293945312e+02 9.740000152587890625e+02 2.449877738952636719e+02
3.662773132324218750e+02 9.740000152587890625e+02 2.446269798278808594e+02
3.657773208618164062e+02 9.740000152587890625e+02 2.443357849121093750e+02
3.664497756958007812e+02 9.745726013183593750e+02 2.445285987854003906e+02
3.660698699951171875e+02 9.749436187744140625e+02 2.441543960571289062e+02
3.660225296020507812e+02 9.759393310546875000e+02 2.437008857727050781e+02
3.667115402221679688e+02 9.752393341064453125e+02 2.443939399719238281e+02
3.652821350097656250e+02 9.750000000000000000e+02 2.436475372314453125e+02
3.649526596069335938e+02 9.739928436279296875e+02 2.438000679016113281e+02
3.647821426391601562e+02 9.750000000000000000e+02 2.433016204833984375e+02
3.654550933837890625e+02 9.755654907226562500e+02 2.435302925109863281e+02
3.649959945678710938e+02 9.760051727294921875e+02 2.430022239685058594e+02
3.643323135375976562e+02 9.757781982421875000e+02 2.426313018798828125e+02
3.645368576049804688e+02 9.764448547363281250e+02 2.424725532531738281e+02
3.657041931152343750e+02 9.762321472167968750e+02 2.433731651306152344e+02
3.652390670776367188e+02 9.770000457763671875e+02 2.426818656921386719e+02
3.647390365600585938e+02 9.770000457763671875e+02 2.423259353637695312e+02
3.654485321044921875e+02 9.775643920898437500e+02 2.425359916687011719e+02
3.660225296020507812e+02 9.769919586181640625e+02 2.431892395019531250e+02
3.650140762329101562e+02 9.779813385009765625e+02 2.419869422912597656e+02
3.645795822143554688e+02 9.783983612060546875e+02 2.414403343200683594e+02
3.652462387084960938e+02 9.787784576416015625e+02 2.416785240173339844e+02
3.657442474365234375e+02 9.782310485839843750e+02 2.423451995849609375e+02
3.643383789062500000e+02 9.777316284179687500e+02 2.416286849975585938e+02
3.640030288696289062e+02 9.769435119628906250e+02 2.417840385437011719e+02
3.640030288696289062e+02 9.780390167236328125e+02 2.411778450012207031e+02
3.633441162109375000e+02 9.780000305175781250e+02 2.406420516967773438e+02
3.636716842651367188e+02 9.772391510009765625e+02 2.413552665710449219e+02
3.640576553344726562e+02 9.789007568359375000e+02 2.406991767883300781e+02
3.634991073608398438e+02 9.785012817382812500e+02 2.405007934570312500e+02
3.637627792358398438e+02 9.791679382324218750e+02 2.402753639221191406e+02
3.644294738769531250e+02 9.795825195312500000e+02 2.405574798583984375e+02
3.649477386474609375e+02 9.790670776367187500e+02 2.412762641906738281e+02
3.650505065917968750e+02 9.799494934082031250e+02 2.407465553283691406e+02
3.655562591552734375e+02 9.794451904296875000e+02 2.414626121520996094e+02
3.659835815429687500e+02 9.790158081054687500e+02 2.420089340209960938e+02
3.659337615966796875e+02 9.800475311279296875e+02 2.412728500366210938e+02
3.662229156494140625e+02 9.797458648681640625e+02 2.416726875305175781e+02
3.660992431640625000e+02 9.809429931640625000e+02 2.406957626342773438e+02
3.666156387329101562e+02 9.804125976562500000e+02 2.414346504211425781e+02
3.670398712158203125e+02 9.799698638916015625e+02 2.419772529602050781e+02
3.669693756103515625e+02 9.809886169433593750e+02 2.411701774597167969e+02
3.672823333740234375e+02 9.806476593017578125e+02 2.416151428222656250e+02
3.670000076293945312e+02 9.816574859619140625e+02 2.406367301940917969e+02
3.678132629394531250e+02 9.813143157958984375e+02 2.413481903076171875e+02
3.664987564086914062e+02 9.815009307861328125e+02 2.405007934570312500e+02
3.670000076293945312e+02 9.821575164794921875e+02 2.401899528503417969e+02
3.677184677124023438e+02 9.823757171630859375e+02 2.403852844238281250e+02
3.667974090576171875e+02 9.792531585693359375e+02 2.423393440246582031e+02
3.674640655517578125e+02 9.795271301269531250e+02 2.425187683105468750e+02
3.679999923706054688e+02 9.801986694335937500e+02 2.422845840454101562e+02
3.654174804687500000e+02 9.805716705322265625e+02 2.405574798583984375e+02
3.658320617675781250e+02 9.812383270263671875e+02 2.402809524536132812e+02
3.650445556640625000e+02 9.809610748291015625e+02 2.399654579162597656e+02
3.647508239746093750e+02 9.802491760253906250e+02 2.403166389465332031e+02
3.643199920654296875e+02 9.806838989257812500e+02 2.396499633789062500e+02
3.640414047241210938e+02 9.799512481689453125e+02 2.399626731872558594e+02
3.639584350585937500e+02 9.810427093505859375e+02 2.390333938598632812e+02
3.636532974243164062e+02 9.803199768066406250e+02 2.393639373779296875e+02
3.632922744750976562e+02 9.807348632812500000e+02 2.386972618103027344e+02
3.635969161987304688e+02 9.814015197753906250e+02 2.384131050109863281e+02
3.629363250732421875e+02 9.810710906982421875e+02 2.380596733093261719e+02
3.626256179809570312e+02 9.803359985351562500e+02 2.383728981018066406e+02
3.623168563842773438e+02 9.807405853271484375e+02 2.377062416076660156e+02
3.625804138183593750e+02 9.814073181152343750e+02 2.374121284484863281e+02
3.632470703125000000e+02 9.817671966552734375e+02 2.377464294433593750e+02
3.629165649414062500e+02 9.820876312255859375e+02 2.370888710021972656e+02
3.623000335693359375e+02 9.817414093017578125e+02 2.367454528808593750e+02
3.625860595703125000e+02 9.824080657958984375e+02 2.364031219482421875e+02
3.619733047485351562e+02 9.820314788818359375e+02 2.360327720642089844e+02
3.629414367675781250e+02 9.830548858642578125e+02 2.360637474060058594e+02
3.626301193237304688e+02 9.833719635009765625e+02 2.353355407714843750e+02
3.623132705688476562e+02 9.827053070068359375e+02 2.357364654541015625e+02
3.620128250122070312e+02 9.829852294921875000e+02 2.349802970886230469e+02
3.614179611206054688e+02 9.825984191894531250e+02 2.346250534057617188e+02
3.616466140747070312e+02 9.823216247558593750e+02 2.352917289733886719e+02
3.617124176025390625e+02 9.832650756835937500e+02 2.341802787780761719e+02
3.623790740966796875e+02 9.836202239990234375e+02 2.346688842773437500e+02
3.621019363403320312e+02 9.838980865478515625e+02 2.338463973999023438e+02
3.630165863037109375e+02 9.839836120605468750e+02 2.349778366088867188e+02
3.627363967895507812e+02 9.842868804931640625e+02 2.341792106628417969e+02
3.634030532836914062e+02 9.845815277099609375e+02 2.346201324462890625e+02
3.630418395996093750e+02 9.847252655029296875e+02 2.339075279235839844e+02
3.624914169311523438e+02 9.845079803466796875e+02 2.335125350952148438e+02
3.630022430419921875e+02 9.851902770996093750e+02 2.330489921569824219e+02
3.637911605834960938e+02 9.852756500244140625e+02 2.339999961853027344e+02
3.626704025268554688e+02 9.853565979003906250e+02 2.321822166442871094e+02
3.623400878906250000e+02 9.846484375000000000e+02 2.329999923706054688e+02
3.618400955200195312e+02 9.841595458984375000e+02 2.329999923706054688e+02
3.620605468750000000e+02 9.849424743652343750e+02 2.318726348876953125e+02
3.614715957641601562e+02 9.845282745361328125e+02 2.315630340576171875e+02
3.618775558471679688e+02 9.851483154296875000e+02 2.309999847412109375e+02
3.624923706054687500e+02 9.855068206787109375e+02 2.315155601501464844e+02
3.616286849975585938e+02 9.843701171875000000e+02 2.322297096252441406e+02
3.610586166381835938e+02 9.839393615722656250e+02 2.318734169006347656e+02
3.604924011230468750e+02 9.835086059570312500e+02 2.315171241760253906e+02
3.608491134643554688e+02 9.841304779052734375e+02 2.309999847412109375e+02
3.613529205322265625e+02 9.836595153808593750e+02 2.329999923706054688e+02
3.606456756591796875e+02 9.833267211914062500e+02 2.321837997436523438e+02
3.602525329589843750e+02 9.829960632324218750e+02 2.319102859497070312e+02
3.608121490478515625e+02 9.829960632324218750e+02 2.330460929870605469e+02
3.605496597290039062e+02 9.824353027343750000e+02 2.334101486206054688e+02
3.603730010986328125e+02 9.826600646972656250e+02 2.327434921264648438e+02
3.612755203247070312e+02 9.829590606689453125e+02 2.339081573486328125e+02
3.614915084838867188e+02 9.835092163085937500e+02 2.335136032104492188e+02
3.607257461547851562e+02 9.822032928466796875e+02 2.339999961853027344e+02
3.603541183471679688e+02 9.817033386230468750e+02 2.339999961853027344e+02
3.610663986206054688e+02 9.819120788574218750e+02 2.348972892761230469e+02
3.607147979736328125e+02 9.811891937255859375e+02 2.351695251464843750e+02
3.604981994628906250e+02 9.815024566650390625e+02 2.345028686523437500e+02
3.613814544677734375e+02 9.816549682617187500e+02 2.356624412536621094e+02
3.610510635375976562e+02 9.809238433837890625e+02 2.359254837036132812e+02
3.604850769042968750e+02 9.805225372314453125e+02 2.355218696594238281e+02
3.613873672485351562e+02 9.806584930419921875e+02 2.366474914550781250e+02
3.616333389282226562e+02 9.813251495361328125e+02 2.363290977478027344e+02
3.606710433959960938e+02 9.800000000000000000e+02 2.362586402893066406e+02
3.605073547363281250e+02 9.794879150390625000e+02 2.364896202087402344e+02
3.603281021118164062e+02 9.800000000000000000e+02 2.357586288452148438e+02
3.611926651000976562e+02 9.799684143066406250e+02 2.369884872436523438e+02
3.606969833374023438e+02 9.790927124023437500e+02 2.370519638061523438e+02
3.614263534545898438e+02 9.796139526367187500e+02 2.375889205932617188e+02
3.616501998901367188e+02 9.802806091308593750e+02 2.373141479492187500e+02
3.620164108276367188e+02 9.799749755859375000e+02 2.379809188842773438e+02
3.619750976562500000e+02 9.810328674316406250e+02 2.370298004150390625e+02
3.616625976562500000e+02 9.790000152587890625e+02 2.383159828186035156e+02
3.623826217651367188e+02 9.796693420410156250e+02 2.386233520507812500e+02
3.622172546386718750e+02 9.789193725585937500e+02 2.389740180969238281e+02
3.630035018920898438e+02 9.799946594238281250e+02 2.389936447143554688e+02
3.633813858032226562e+02 9.796533203125000000e+02 2.396087074279785156e+02
3.627146911621093750e+02 9.791989135742187500e+02 2.392900276184082031e+02
3.631069183349609375e+02 9.788500976562500000e+02 2.398984146118164062e+02
3.624785995483398438e+02 9.785321807861328125e+02 2.395214653015136719e+02
3.628441238403320312e+02 9.780000305175781250e+02 2.401750946044921875e+02
3.623271179199218750e+02 9.780000305175781250e+02 2.396751022338867188e+02
3.626263809204101562e+02 9.772837829589843750e+02 2.403786659240722656e+02
3.630411529541015625e+02 9.769281005859375000e+02 2.409594726562500000e+02
3.620302963256835938e+02 9.769390106201171875e+02 2.399645423889160156e+02
3.616242218017578125e+02 9.772608947753906250e+02 2.393663597106933594e+02
3.617861938476562500e+02 9.760000610351562500e+02 2.401980590820312500e+02
3.624363708496093750e+02 9.766170501708984375e+02 2.405636978149414062e+02
3.614539337158203125e+02 9.765942382812500000e+02 2.395504188537597656e+02
3.610561752319335938e+02 9.768827056884765625e+02 2.389344024658203125e+02
3.613219070434570312e+02 9.760000610351562500e+02 2.396980476379394531e+02
3.611708831787109375e+02 9.749460601806640625e+02 2.400281906127929688e+02
3.608218765258789062e+02 9.760000610351562500e+02 2.391281318664550781e+02
3.606122970581054688e+02 9.750000000000000000e+02 2.393694305419921875e+02
3.603942489624023438e+02 9.760000610351562500e+02 2.386281394958496094e+02
3.601982116699218750e+02 9.750000000000000000e+02 2.388694381713867188e+02
3.598590850830078125e+02 9.759958648681640625e+02 2.379506683349609375e+02
3.604979324340820312e+02 9.765044403076171875e+02 2.385024261474609375e+02
3.602761840820312500e+02 9.769026947021484375e+02 2.379845046997070312e+02
3.597217559814453125e+02 9.770000457763671875e+02 2.371936035156250000e+02
3.603895568847656250e+02 9.777189636230468750e+02 2.376408386230468750e+02
3.606583786010742188e+02 9.771710968017578125e+02 2.383075141906738281e+02
3.609431457519531250e+02 9.781087493896484375e+02 2.380699539184570312e+02
3.613250732421875000e+02 9.778318786621093750e+02 2.386997032165527344e+02
3.612406921386718750e+02 9.790000152587890625e+02 2.378159904479980469e+02
3.615008163452148438e+02 9.784986114501953125e+02 2.384990501403808594e+02
3.605612182617187500e+02 9.783856201171875000e+02 2.374199485778808594e+02
3.600204849243164062e+02 9.779600524902343750e+02 2.369720840454101562e+02
3.596514511108398438e+02 9.782010650634765625e+02 2.362697219848632812e+02
3.603181076049804688e+02 9.788211822509765625e+02 2.367532730102539062e+02
3.594830322265625000e+02 9.775344085693359375e+02 2.365242385864257812e+02
3.593647384643554688e+02 9.770000457763671875e+02 2.366935920715332031e+02
3.593136978149414062e+02 9.779206848144531250e+02 2.359618377685546875e+02
3.588548660278320312e+02 9.769623565673828125e+02 2.359435844421386719e+02
3.587701416015625000e+02 9.780081939697265625e+02 2.349924087524414062e+02
3.594345855712890625e+02 9.786209869384765625e+02 2.356030654907226562e+02
3.592584228515625000e+02 9.789725494384765625e+02 2.349828147888183594e+02
3.599685668945312500e+02 9.790544128417968750e+02 2.360463523864746094e+02
3.596190643310546875e+02 9.792876434326171875e+02 2.353046989440917969e+02
3.598323440551757812e+02 9.799843597412109375e+02 2.349828147888183594e+02
3.596163940429687500e+02 9.803071594238281250e+02 2.342999649047851562e+02
3.603598403930664062e+02 9.809135437011718750e+02 2.349017143249511719e+02
3.594189453125000000e+02 9.796405029296875000e+02 2.346380233764648438e+02
3.592493438720703125e+02 9.799843597412109375e+02 2.339799880981445312e+02
3.587401199340820312e+02 9.790226745605468750e+02 2.340186309814453125e+02
3.587524414062500000e+02 9.800063323974609375e+02 2.330183029174804688e+02
3.594258499145507812e+02 9.806181335449218750e+02 2.336333084106445312e+02
3.592895507812500000e+02 9.809709167480468750e+02 2.329397583007812500e+02
3.598531341552734375e+02 9.809709167480468750e+02 2.339799880981445312e+02
3.596406173706054688e+02 9.812847900390625000e+02 2.332329368591308594e+02
3.600067901611328125e+02 9.819919586181640625e+02 2.329882049560546875e+02
3.594660186767578125e+02 9.815486145019531250e+02 2.325662612915039062e+02
3.596963882446289062e+02 9.822320556640625000e+02 2.319999885559082031e+02
3.595555114746093750e+02 9.824274444580078125e+02 2.313787841796875000e+02
3.593335723876953125e+02 9.817320251464843750e+02 2.319999885559082031e+02
3.588212966918945312e+02 9.809673309326171875e+02 2.319896507263183594e+02
3.590266036987304688e+02 9.819662475585937500e+02 2.309434509277343750e+02
3.587645339965820312e+02 9.821431732177734375e+02 2.300000000000000000e+02
3.594078445434570312e+02 9.826148986816406250e+02 2.307121086120605469e+02
3.584964370727539062e+02 9.815049743652343750e+02 2.305081176757812500e+02
3.586454010009765625e+02 9.812788391113281250e+02 2.311747741699218750e+02
3.583244705200195312e+02 9.809673309326171875e+02 2.309048652648925781e+02
3.577693557739257812e+02 9.799822998046875000e+02 2.310068321228027344e+02
3.578861236572265625e+02 9.809196472167968750e+02 2.299313735961914062e+02
3.584286880493164062e+02 9.806121826171875000e+02 2.316494178771972656e+02
3.582406616210937500e+02 9.800063323974609375e+02 2.319896507263183594e+02
3.577188873291015625e+02 9.790219879150390625e+02 2.320308494567871094e+02
3.585906982421875000e+02 9.803438568115234375e+02 2.323160743713378906e+02
3.584011840820312500e+02 9.796772003173828125e+02 2.326971817016601562e+02
3.582114791870117188e+02 9.790226745605468750e+02 2.330183029174804688e+02
3.577096939086914062e+02 9.780296325683593750e+02 2.330249023437500000e+02
3.583922195434570312e+02 9.787044525146484375e+02 2.336977195739746094e+02
3.585708236694335938e+02 9.793711853027343750e+02 2.333638572692871094e+02
3.582216644287109375e+02 9.780081939697265625e+02 2.340186309814453125e+02
3.584123229980468750e+02 9.776803588867187500e+02 2.346540260314941406e+02
3.585771179199218750e+02 9.783470153808593750e+02 2.343643951416015625e+02
3.577440261840820312e+02 9.770156097412109375e+02 2.339955902099609375e+02
3.574145507812500000e+02 9.766927337646484375e+02 2.336593246459960938e+02
3.575648498535156250e+02 9.773593902587890625e+02 2.333748435974121094e+02
3.575961685180664062e+02 9.762701416015625000e+02 2.343260002136230469e+02
3.582773590087890625e+02 9.769623565673828125e+02 2.349924087524414062e+02
3.584537506103515625e+02 9.766038513183593750e+02 2.355726242065429688e+02
3.586051559448242188e+02 9.772705078125000000e+02 2.353207015991210938e+02
3.578231811523437500e+02 9.759620666503906250e+02 2.349432754516601562e+02
3.574579620361328125e+02 9.756034851074218750e+02 2.345721244812011719e+02
3.576454925537109375e+02 9.750000000000000000e+02 2.352565383911132812e+02
3.583318328857421875e+02 9.760000610351562500e+02 2.357628059387207031e+02
3.586552429199218750e+02 9.760000610351562500e+02 2.362627983093261719e+02
3.581678771972656250e+02 9.750390625000000000e+02 2.360666656494140625e+02
3.577697753906250000e+02 9.740225982666015625e+02 2.359548950195312500e+02
3.584191131591796875e+02 9.747317504882812500e+02 2.366180419921875000e+02
3.585371017456054688e+02 9.753984069824218750e+02 2.364444351196289062e+02
3.587743759155273438e+02 9.750390625000000000e+02 2.369708251953125000e+02
3.593151473999023438e+02 9.750000000000000000e+02 2.377458763122558594e+02
3.591856384277343750e+02 9.759958648681640625e+02 2.370403289794921875e+02
3.586541366577148438e+02 9.740000152587890625e+02 2.372806549072265625e+02
3.585543441772460938e+02 9.732825469970703125e+02 2.374228286743164062e+02
3.583082580566406250e+02 9.740000152587890625e+02 2.367806625366210938e+02
3.592050552368164062e+02 9.739622497558593750e+02 2.380460166931152344e+02
3.588469314575195312e+02 9.729695129394531250e+02 2.379228019714355469e+02
3.594696044921875000e+02 9.736036682128906250e+02 2.385382652282714844e+02
3.595698928833007812e+02 9.742704010009765625e+02 2.384100341796875000e+02
3.599882888793945312e+02 9.740396881103515625e+02 2.390145492553710938e+02
3.596981811523437500e+02 9.750000000000000000e+02 2.382458686828613281e+02
3.604066848754882812e+02 9.738090515136718750e+02 2.396081161499023438e+02
3.605078125000000000e+02 9.744757080078125000e+02 2.394908523559570312e+02
3.597945404052734375e+02 9.730000305175781250e+02 2.391362190246582031e+02
3.593928527832031250e+02 9.730000305175781250e+02 2.386362266540527344e+02
3.596844863891601562e+02 9.720000457763671875e+02 2.392702484130859375e+02
3.602945327758789062e+02 9.730000305175781250e+02 2.397420310974121094e+02
3.601845169067382812e+02 9.720000457763671875e+02 2.398773384094238281e+02
3.607266235351562500e+02 9.730000305175781250e+02 2.402420234680175781e+02
3.608052062988281250e+02 9.740854644775390625e+02 2.399648666381835938e+02
3.612266159057617188e+02 9.730000305175781250e+02 2.407975959777832031e+02
3.606062698364257812e+02 9.720000457763671875e+02 2.403773498535156250e+02
3.605386352539062500e+02 9.712685394287109375e+02 2.404552078247070312e+02
3.611062622070312500e+02 9.720000457763671875e+02 2.409344482421875000e+02
3.609912109375000000e+02 9.710369110107421875e+02 2.410063743591308594e+02
3.615630340576171875e+02 9.720000457763671875e+02 2.414344406127929688e+02
3.615055847167968750e+02 9.714719390869140625e+02 2.414940643310546875e+02
3.621501541137695312e+02 9.719011688232421875e+02 2.420520973205566406e+02
3.616960906982421875e+02 9.730000305175781250e+02 2.412976074218750000e+02
3.621960830688476562e+02 9.730000305175781250e+02 2.418013000488281250e+02
3.618560028076171875e+02 9.740000152587890625e+02 2.411342620849609375e+02
3.623559951782226562e+02 9.740000152587890625e+02 2.416415214538574219e+02
3.620351028442382812e+02 9.749192047119140625e+02 2.409633255004882812e+02
3.613756179809570312e+02 9.740000152587890625e+02 2.406342697143554688e+02
3.614684295654296875e+02 9.745767974853515625e+02 2.405340957641601562e+02
3.616119003295898438e+02 9.752434539794921875e+02 2.403803062438964844e+02
3.624583435058593750e+02 9.745950317382812500e+02 2.415404510498046875e+02
3.622861862182617188e+02 9.760000610351562500e+02 2.407171821594238281e+02
3.626132583618164062e+02 9.752616882324218750e+02 2.413925361633300781e+02
3.630509567260742188e+02 9.748925018310546875e+02 2.419518852233886719e+02
3.628018951416015625e+02 9.760000610351562500e+02 2.412171936035156250e+02
3.633018875122070312e+02 9.760000610351562500e+02 2.416765975952148438e+02
3.639993667602539062e+02 9.760668945312500000e+02 2.422248077392578125e+02
3.634559249877929688e+02 9.765724945068359375e+02 2.415388107299804688e+02
3.636656188964843750e+02 9.751899719238281250e+02 2.423633003234863281e+02
3.639993667602539062e+02 9.749140167236328125e+02 2.427472686767578125e+02
3.640593719482421875e+02 9.739928436279296875e+02 2.431403350830078125e+02
3.634886932373046875e+02 9.745233154296875000e+02 2.425099372863769531e+02
3.633906555175781250e+02 9.740000152587890625e+02 2.425972747802734375e+02
3.632123565673828125e+02 9.730000305175781250e+02 2.427569389343261719e+02
3.628906631469726562e+02 9.740000152587890625e+02 2.421415138244628906e+02
3.627123641967773438e+02 9.730000305175781250e+02 2.423013114929199219e+02
3.625843048095703125e+02 9.721685791015625000e+02 2.424201583862304688e+02
3.629505920410156250e+02 9.719011688232421875e+02 2.428149414062500000e+02
3.624995422363281250e+02 9.715019226074218750e+02 2.425004386901855469e+02
3.630745315551757812e+02 9.710094451904296875e+02 2.431227493286132812e+02
3.636312103271484375e+02 9.720000457763671875e+02 2.433933448791503906e+02
3.635383987426757812e+02 9.713491058349609375e+02 2.434683036804199219e+02
3.641312026977539062e+02 9.720000457763671875e+02 2.437874794006347656e+02
3.638016128540039062e+02 9.730000305175781250e+02 2.432569503784179688e+02
3.643016052246093750e+02 9.730000305175781250e+02 2.436535835266113281e+02
3.644322967529296875e+02 9.736547088623046875e+02 2.435524177551269531e+02
3.650579833984375000e+02 9.729963684082031250e+02 2.441916275024414062e+02
3.654299926757812500e+02 9.726605987548828125e+02 2.445463371276855469e+02
3.655866241455078125e+02 9.733272552490234375e+02 2.444479560852050781e+02
3.648099517822265625e+02 9.720000457763671875e+02 2.442874908447265625e+02
3.646540832519531250e+02 9.710000610351562500e+02 2.443954086303710938e+02
3.653099441528320312e+02 9.720000457763671875e+02 2.446244430541992188e+02
3.651540756225585938e+02 9.710000610351562500e+02 2.447219085693359375e+02
3.659999847412109375e+02 9.720000457763671875e+02 2.450236511230468750e+02
3.649332809448242188e+02 9.699388122558593750e+02 2.447404670715332031e+02
3.650000000000000000e+02 9.690000152587890625e+02 2.448738288879394531e+02
3.645555114746093750e+02 9.702313232421875000e+02 2.444629287719726562e+02
3.644886398315429688e+02 9.695646667480468750e+02 2.445085334777832031e+02
3.644553756713867188e+02 9.690000152587890625e+02 2.445335197448730469e+02
3.640931701660156250e+02 9.699388122558593750e+02 2.441477775573730469e+02
3.639553833007812500e+02 9.690000152587890625e+02 2.441414642333984375e+02
3.633986282348632812e+02 9.700000000000000000e+02 2.435875320434570312e+02
3.639230346679687500e+02 9.710094451904296875e+02 2.438382720947265625e+02
3.634575653076171875e+02 9.706823730468750000e+02 2.435365676879882812e+02
3.633357238769531250e+02 9.690000152587890625e+02 2.436414718627929688e+02
3.628986358642578125e+02 9.700000000000000000e+02 2.431368255615234375e+02
3.628357315063476562e+02 9.690000152587890625e+02 2.431926727294921875e+02
3.623641204833984375e+02 9.700000000000000000e+02 2.426368331909179688e+02
3.623116302490234375e+02 9.690000152587890625e+02 2.426926803588867188e+02
3.618641281127929688e+02 9.700000000000000000e+02 2.421198463439941406e+02
3.624474716186523438e+02 9.710000610351562500e+02 2.425522041320800781e+02
3.618613433837890625e+02 9.710831451416015625e+02 2.419361686706542969e+02
3.614437866210937500e+02 9.708052825927734375e+02 2.415602874755859375e+02
3.613893127441406250e+02 9.700000000000000000e+02 2.416198348999023438e+02
3.613452911376953125e+02 9.690000152587890625e+02 2.416693878173828125e+02
3.608893203735351562e+02 9.700000000000000000e+02 2.410547447204589844e+02
3.608452987670898438e+02 9.690000152587890625e+02 2.410989570617675781e+02
3.604528427124023438e+02 9.700000000000000000e+02 2.405547523498535156e+02
3.599982833862304688e+02 9.700000000000000000e+02 2.400000000000000000e+02
3.604154968261718750e+02 9.690000152587890625e+02 2.405989456176757812e+02
3.604838562011718750e+02 9.706018829345703125e+02 2.405186653137207031e+02
3.601731872558593750e+02 9.709611511230468750e+02 2.400731277465820312e+02
3.596035766601562500e+02 9.710000610351562500e+02 2.393705177307128906e+02
3.592110824584960938e+02 9.710000610351562500e+02 2.388705253601074219e+02
3.595454406738281250e+02 9.700000000000000000e+02 2.394430351257324219e+02
3.591540145874023438e+02 9.700000000000000000e+02 2.389430236816406250e+02
3.595127487182617188e+02 9.690000152587890625e+02 2.394840812683105469e+02
3.591210174560546875e+02 9.690000152587890625e+02 2.389840888977050781e+02
3.595009231567382812e+02 9.680000305175781250e+02 2.394988250732421875e+02
3.599282455444335938e+02 9.690000152587890625e+02 2.400000000000000000e+02
3.598999023437500000e+02 9.680000305175781250e+02 2.400000000000000000e+02
3.599032592773437500e+02 9.670000457763671875e+02 2.400000000000000000e+02
3.603989791870117188e+02 9.680000305175781250e+02 2.406194114685058594e+02
3.604001617431640625e+02 9.670000457763671875e+02 2.406184005737304688e+02
3.608238601684570312e+02 9.680000305175781250e+02 2.411194229125976562e+02
3.608238601684570312e+02 9.670000457763671875e+02 2.411184120178222656e+02
3.613238525390625000e+02 9.680000305175781250e+02 2.416941070556640625e+02
3.613238525390625000e+02 9.670000457763671875e+02 2.416941070556640625e+02
3.617859268188476562e+02 9.680000305175781250e+02 2.421940994262695312e+02
3.617869567871093750e+02 9.670000457763671875e+02 2.421940994262695312e+02
3.622859191894531250e+02 9.680000305175781250e+02 2.427205848693847656e+02
3.618116378784179688e+02 9.690000152587890625e+02 2.421693801879882812e+02
3.622869491577148438e+02 9.670000457763671875e+02 2.427184677124023438e+02
3.628050231933593750e+02 9.680000305175781250e+02 2.432205772399902344e+02
3.628083419799804688e+02 9.670000457763671875e+02 2.432184791564941406e+02
3.633050155639648438e+02 9.680000305175781250e+02 2.436672592163085938e+02
3.633083724975585938e+02 9.670000457763671875e+02 2.436638641357421875e+02
3.639205551147460938e+02 9.680000305175781250e+02 2.441672515869140625e+02
3.639263534545898438e+02 9.670000457763671875e+02 2.441638565063476562e+02
3.644205856323242188e+02 9.680000305175781250e+02 2.445599365234375000e+02
3.644263458251953125e+02 9.670000457763671875e+02 2.445554733276367188e+02
3.650000000000000000e+02 9.680000305175781250e+02 2.449220657348632812e+02
3.650000000000000000e+02 9.670000457763671875e+02 2.449127006530761719e+02
3.657754516601562500e+02 9.680000305175781250e+02 2.453621292114257812e+02
3.657851028442382812e+02 9.670000457763671875e+02 2.453572082519531250e+02
3.658363723754882812e+02 9.660000610351562500e+02 2.453286933898925781e+02
3.650000000000000000e+02 9.660000610351562500e+02 2.448516845703125000e+02
3.659290695190429688e+02 9.650000000000000000e+02 2.452749443054199219e+02
3.663363647460937500e+02 9.660000610351562500e+02 2.455797767639160156e+02
3.664290618896484375e+02 9.650000000000000000e+02 2.455353164672851562e+02
3.664938735961914062e+02 9.644803619384765625e+02 2.455031585693359375e+02
3.660963058471679688e+02 9.640882110595703125e+02 2.452244949340820312e+02
3.659999847412109375e+02 9.630000305175781250e+02 2.449632453918457031e+02
3.666096496582031250e+02 9.638137054443359375e+02 2.454477500915527344e+02
3.651926040649414062e+02 9.640000152587890625e+02 2.446947860717773438e+02
3.653532028198242188e+02 9.630000305175781250e+02 2.445947456359863281e+02
3.646926116943359375e+02 9.640000152587890625e+02 2.443716621398925781e+02
3.649474716186523438e+02 9.650983428955078125e+02 2.447202110290527344e+02
3.645790863037109375e+02 9.648305511474609375e+02 2.444479942321777344e+02
3.644994354248046875e+02 9.654972076416015625e+02 2.445004272460937500e+02
3.640996551513671875e+02 9.650983428955078125e+02 2.441289710998535156e+02
3.644692611694335938e+02 9.660000610351562500e+02 2.445229721069335938e+02
3.639692306518554688e+02 9.660000610351562500e+02 2.441334915161132812e+02
3.633437728881835938e+02 9.660000610351562500e+02 2.436334991455078125e+02
3.634117507934570312e+02 9.650000000000000000e+02 2.435752105712890625e+02
3.628437805175781250e+02 9.660000610351562500e+02 2.431877899169921875e+02
3.629117584228515625e+02 9.650000000000000000e+02 2.431308746337890625e+02
3.623143386840820312e+02 9.660000610351562500e+02 2.426877975463867188e+02
3.623681640625000000e+02 9.650000000000000000e+02 2.426308631896972656e+02
3.618143081665039062e+02 9.660000610351562500e+02 2.421693801879882812e+02
3.613452911376953125e+02 9.660000610351562500e+02 2.416693878173828125e+02
3.618681716918945312e+02 9.650000000000000000e+02 2.421198463439941406e+02
3.619696044921875000e+02 9.638565063476562500e+02 2.420281600952148438e+02
3.613893127441406250e+02 9.650000000000000000e+02 2.416198348999023438e+02
3.614437866210937500e+02 9.641947937011718750e+02 2.415602874755859375e+02
3.608893203735351562e+02 9.650000000000000000e+02 2.410486412048339844e+02
3.609942245483398438e+02 9.639768218994140625e+02 2.410042572021484375e+02
3.608452987670898438e+02 9.660000610351562500e+02 2.410949707031250000e+02
3.604588699340820312e+02 9.650000000000000000e+02 2.405486297607421875e+02
3.604876708984375000e+02 9.644255065917968750e+02 2.405144882202148438e+02
3.600174331665039062e+02 9.650000000000000000e+02 2.400000000000000000e+02
3.604198455810546875e+02 9.660000610351562500e+02 2.405949783325195312e+02
3.599404144287109375e+02 9.660000610351562500e+02 2.400000000000000000e+02
3.595205688476562500e+02 9.660000610351562500e+02 2.394737052917480469e+02
3.595030593872070312e+02 9.670000457763671875e+02 2.394960975646972656e+02
3.595585632324218750e+02 9.650000000000000000e+02 2.394243049621582031e+02
3.591369628906250000e+02 9.660000610351562500e+02 2.389737129211425781e+02
3.591789627075195312e+02 9.650000000000000000e+02 2.389242935180664062e+02
3.586369323730468750e+02 9.660000610351562500e+02 2.383246612548828125e+02
3.591157531738281250e+02 9.670000457763671875e+02 2.389961051940917969e+02
3.586157608032226562e+02 9.670000457763671875e+02 2.383555793762207031e+02
3.591106033325195312e+02 9.680000305175781250e+02 2.389988327026367188e+02
3.586105728149414062e+02 9.680000305175781250e+02 2.383631515502929688e+02
3.582160949707031250e+02 9.680000305175781250e+02 2.378631401062011719e+02
3.586209869384765625e+02 9.690000152587890625e+02 2.383490180969238281e+02
3.586540222167968750e+02 9.700000000000000000e+02 2.383034133911132812e+02
3.582288360595703125e+02 9.690000152587890625e+02 2.378490066528320312e+02
3.577288436889648438e+02 9.690000152587890625e+02 2.371829223632812500e+02
3.582683181762695312e+02 9.700000000000000000e+02 2.378034019470214844e+02
3.577683258056640625e+02 9.700000000000000000e+02 2.371232414245605469e+02
3.583310317993164062e+02 9.710000610351562500e+02 2.377251434326171875e+02
3.577722549438476562e+02 9.710522460937500000e+02 2.369328498840332031e+02
3.584125518798828125e+02 9.720000457763671875e+02 2.376177024841308594e+02
3.587110900878906250e+02 9.710000610351562500e+02 2.382251548767089844e+02
3.587884521484375000e+02 9.720000457763671875e+02 2.381176948547363281e+02
3.592884445190429688e+02 9.720000457763671875e+02 2.387702369689941406e+02
3.579797363281250000e+02 9.720000457763671875e+02 2.369999885559082031e+02
3.584720993041992188e+02 9.726158905029296875e+02 2.375380134582519531e+02
3.582246780395507812e+02 9.729695129394531250e+02 2.370536994934082031e+02
3.576767730712890625e+02 9.730000305175781250e+02 2.362312126159667969e+02
3.573511123657226562e+02 9.730000305175781250e+02 2.357312202453613281e+02
3.575671768188476562e+02 9.720000457763671875e+02 2.363987541198730469e+02
3.572409057617187500e+02 9.720000457763671875e+02 2.358987617492675781e+02
3.575124359130859375e+02 9.714204406738281250e+02 2.364815711975097656e+02
3.571994018554687500e+02 9.710522460937500000e+02 2.360889434814453125e+02
3.569958114624023438e+02 9.700000000000000000e+02 2.359999847412109375e+02
3.566527557373046875e+02 9.710000610351562500e+02 2.352540206909179688e+02
3.574620056152343750e+02 9.707537841796875000e+02 2.365547561645507812e+02
3.574137496948242188e+02 9.700000000000000000e+02 2.366232299804687500e+02
3.573713302612304688e+02 9.690000152587890625e+02 2.366829109191894531e+02
3.573581695556640625e+02 9.680000305175781250e+02 2.367014884948730469e+02
3.569053649902343750e+02 9.690000152587890625e+02 2.359999847412109375e+02
3.568738937377929688e+02 9.680000305175781250e+02 2.359999847412109375e+02
3.565340423583984375e+02 9.690000152587890625e+02 2.354456329345703125e+02
3.562309646606445312e+02 9.690000152587890625e+02 2.349456405639648438e+02
3.565156936645507812e+02 9.680000305175781250e+02 2.354748344421386719e+02
3.565820312500000000e+02 9.700000000000000000e+02 2.353685951232910156e+02
3.562764358520507812e+02 9.700000000000000000e+02 2.348685836791992188e+02
3.557279205322265625e+02 9.700502777099609375e+02 2.339338302612304688e+02
3.563460540771484375e+02 9.710000610351562500e+02 2.347540283203125000e+02
3.564340972900390625e+02 9.720000457763671875e+02 2.346087074279785156e+02
3.559052658081054688e+02 9.710000610351562500e+02 2.339999961853027344e+02
3.555591964721679688e+02 9.710000610351562500e+02 2.333908653259277344e+02
3.560879898071289062e+02 9.720000457763671875e+02 2.339999961853027344e+02
3.556538772583007812e+02 9.720000457763671875e+02 2.332105445861816406e+02
3.563102722167968750e+02 9.729251861572265625e+02 2.340199470520019531e+02
3.557493591308593750e+02 9.729831695556640625e+02 2.329435920715332031e+02
3.564893722534179688e+02 9.725419616699218750e+02 2.345175552368164062e+02
3.564106369018554688e+02 9.740000152587890625e+02 2.336629295349121094e+02
3.565757751464843750e+02 9.732086181640625000e+02 2.343665695190429688e+02
3.568263244628906250e+02 9.729251861572265625e+02 2.349105262756347656e+02
3.566877365112304688e+02 9.740000152587890625e+02 2.341629409790039062e+02
3.572149276733398438e+02 9.740225982666015625e+02 2.350619506835937500e+02
3.568465042114257812e+02 9.749159240722656250e+02 2.339103889465332031e+02
3.564905929565429688e+02 9.745265197753906250e+02 2.335173416137695312e+02
3.566117095947265625e+02 9.751931762695312500e+02 2.332813453674316406e+02
3.573493576049804688e+02 9.750000000000000000e+02 2.347565269470214844e+02
3.572905349731445312e+02 9.759620666503906250e+02 2.339955902099609375e+02
3.567639923095703125e+02 9.759848022460937500e+02 2.329688072204589844e+02
3.572343063354492188e+02 9.770156097412109375e+02 2.330249023437500000e+02
3.564426803588867188e+02 9.756414031982421875e+02 2.326146888732910156e+02
3.565803527832031250e+02 9.763080596923828125e+02 2.323386764526367188e+02
3.562835693359375000e+02 9.759848022460937500e+02 2.320031929016113281e+02
3.567247390747070312e+02 9.770139312744140625e+02 2.320031929016113281e+02
3.564164733886718750e+02 9.766899108886718750e+02 2.316720008850097656e+02
3.565653228759765625e+02 9.773565673828125000e+02 2.313579368591308594e+02
3.572118759155273438e+02 9.780296325683593750e+02 2.320308494567871094e+02
3.567195510864257812e+02 9.780077362060546875e+02 2.310147666931152344e+02
3.573922348022460938e+02 9.787033081054687500e+02 2.317181015014648438e+02
3.575590515136718750e+02 9.783826446533203125e+02 2.323847770690917969e+02
3.573955917358398438e+02 9.777159881591796875e+02 2.327081680297851562e+02
3.572330474853515625e+02 9.790219879150390625e+02 2.310068321228027344e+02
3.567682647705078125e+02 9.789718627929687500e+02 2.299938201904296875e+02
3.574211502075195312e+02 9.796371459960937500e+02 2.306780433654785156e+02
3.575712585449218750e+02 9.793699645996093750e+02 2.313447189331054688e+02
3.573106002807617188e+02 9.799822998046875000e+02 2.299313735961914062e+02
3.568749618530273438e+02 9.799048614501953125e+02 2.289079475402832031e+02
3.574789428710937500e+02 9.805327606201171875e+02 2.295522880554199219e+02
3.576156616210937500e+02 9.803038024902343750e+02 2.302189636230468750e+02
3.573805236816406250e+02 9.806821441650390625e+02 2.289999961853027344e+02
3.577116775512695312e+02 9.811820983886718750e+02 2.289999961853027344e+02
3.572636795043945312e+02 9.810260772705078125e+02 2.279338264465332031e+02
3.567170715332031250e+02 9.801406097412109375e+02 2.279999923706054688e+02
3.569977951049804688e+02 9.810000610351562500e+02 2.269999885559082031e+02
3.574833297729492188e+02 9.815225219726562500e+02 2.275563812255859375e+02
3.575841522216796875e+02 9.813768005371093750e+02 2.282230377197265625e+02
3.578909301757812500e+02 9.819135284423828125e+02 2.279338264465332031e+02
3.577979278564453125e+02 9.821098327636718750e+02 2.269999885559082031e+02
3.582680130004882812e+02 9.820115661621093750e+02 2.289039421081542969e+02
3.584255218505859375e+02 9.825910949707031250e+02 2.279999923706054688e+02
3.582979202270507812e+02 9.827445983886718750e+02 2.269999885559082031e+02
3.584977722167968750e+02 9.825027465820312500e+02 2.285065841674804688e+02
3.588415145874023438e+02 9.830910491943359375e+02 2.279999923706054688e+02
3.590263748168945312e+02 9.829721069335937500e+02 2.289286994934082031e+02
3.593415069580078125e+02 9.836751556396484375e+02 2.279999923706054688e+02
3.587166976928710938e+02 9.832445526123046875e+02 2.269999885559082031e+02
3.586105346679687500e+02 9.833711242675781250e+02 2.259999847412109375e+02
3.592166900634765625e+02 9.838109588623046875e+02 2.269999885559082031e+02
3.591105270385742188e+02 9.839273834228515625e+02 2.259999847412109375e+02
3.596802520751953125e+02 9.843109893798828125e+02 2.269999885559082031e+02
3.595698547363281250e+02 9.844274139404296875e+02 2.259999847412109375e+02
3.598057556152343750e+02 9.841751861572265625e+02 2.279999923706054688e+02
3.601802444458007812e+02 9.848170471191406250e+02 2.269999885559082031e+02
3.600698471069335938e+02 9.849246978759765625e+02 2.259999847412109375e+02
3.603057479858398438e+02 9.846939086914062500e+02 2.279999923706054688e+02
3.606931686401367188e+02 9.853170776367187500e+02 2.269999885559082031e+02
3.605796813964843750e+02 9.854247283935546875e+02 2.259999847412109375e+02
3.608217620849609375e+02 9.851939392089843750e+02 2.279999923706054688e+02
3.611931991577148438e+02 9.857785034179687500e+02 2.269999885559082031e+02
3.610796737670898438e+02 9.858773040771484375e+02 2.259999847412109375e+02
3.613217544555664062e+02 9.856632232666015625e+02 2.279999923706054688e+02
3.617602539062500000e+02 9.862784576416015625e+02 2.269999885559082031e+02
3.616451644897460938e+02 9.863773345947265625e+02 2.259999847412109375e+02
3.618942642211914062e+02 9.861632537841796875e+02 2.279999923706054688e+02
3.622602462768554688e+02 9.866971588134765625e+02 2.269999885559082031e+02
3.621451568603515625e+02 9.867884826660156250e+02 2.259999847412109375e+02
3.623942565917968750e+02 9.865869903564453125e+02 2.279999923706054688e+02
3.629041290283203125e+02 9.871971130371093750e+02 2.269999885559082031e+02
3.630863952636718750e+02 9.871305847167968750e+02 2.279418563842773438e+02
3.634041213989257812e+02 9.875694274902343750e+02 2.269999885559082031e+02
3.627858352661132812e+02 9.872885131835937500e+02 2.259999847412109375e+02
3.626810455322265625e+02 9.873696899414062500e+02 2.250000000000000000e+02
3.632858276367187500e+02 9.876523590087890625e+02 2.259999847412109375e+02
3.631810379028320312e+02 9.877191162109375000e+02 2.250000000000000000e+02
3.640842056274414062e+02 9.882025146484375000e+02 2.259716606140136719e+02
3.639223098754882812e+02 9.882191467285156250e+02 2.250000000000000000e+02
3.639999771118164062e+02 9.879757690429687500e+02 2.269999885559082031e+02
3.644736480712890625e+02 9.885173034667968750e+02 2.256194305419921875e+02
3.645526123046875000e+02 9.884677886962890625e+02 2.262860870361328125e+02
3.646525955200195312e+02 9.884063720703125000e+02 2.269999885559082031e+02
3.649315643310546875e+02 9.887369537353515625e+02 2.259716606140136719e+02
3.650000000000000000e+02 9.888898468017578125e+02 2.250000000000000000e+02
3.657998275756835938e+02 9.893395996093750000e+02 2.250000000000000000e+02
3.644223022460937500e+02 9.885502624511718750e+02 2.250000000000000000e+02
3.650000000000000000e+02 9.889699554443359375e+02 2.239999961853027344e+02
3.643552780151367188e+02 9.885923767089843750e+02 2.239999961853027344e+02
3.650000000000000000e+02 9.890159606933593750e+02 2.229999923706054688e+02
3.657286071777343750e+02 9.893776702880859375e+02 2.239999961853027344e+02
3.643137359619140625e+02 9.886164093017578125e+02 2.229999923706054688e+02
3.650000000000000000e+02 9.890355682373046875e+02 2.219999885559082031e+02
3.642922973632812500e+02 9.886272430419921875e+02 2.219999885559082031e+02
3.650000000000000000e+02 9.890355682373046875e+02 2.209999847412109375e+02
3.642913818359375000e+02 9.886272430419921875e+02 2.209999847412109375e+02
3.650000000000000000e+02 9.889950561523437500e+02 2.200000000000000000e+02
3.657103729248046875e+02 9.893888092041015625e+02 2.200000000000000000e+02
3.657863998413085938e+02 9.893497467041015625e+02 2.189999961853027344e+02
3.662863922119140625e+02 9.896090698242187500e+02 2.189999961853027344e+02
3.664024734497070312e+02 9.895495605468750000e+02 2.179999923706054688e+02
3.664819717407226562e+02 9.895092010498046875e+02 2.174571418762207031e+02
3.670000076293945312e+02 9.898244476318359375e+02 2.179999923706054688e+02
3.669814300537109375e+02 9.896553802490234375e+02 2.170742797851562500e+02
3.680780029296875000e+02 9.902980041503906250e+02 2.180396652221679688e+02
3.679999923706054688e+02 9.900795745849609375e+02 2.169999885559082031e+02
3.684633636474609375e+02 9.905152130126953125e+02 2.183994483947753906e+02
3.686029052734375000e+02 9.904634857177734375e+02 2.177327919006347656e+02
3.687971878051757812e+02 9.903923034667968750e+02 2.169999885559082031e+02
3.689617538452148438e+02 9.906322479248046875e+02 2.180396652221679688e+02
3.692971801757812500e+02 9.905694580078125000e+02 2.169999885559082031e+02
3.700000000000000000e+02 9.909613800048828125e+02 2.179999923706054688e+02
3.700000000000000000e+02 9.907918548583984375e+02 2.169999885559082031e+02
3.700356292724609375e+02 9.905991363525390625e+02 2.160675239562988281e+02
3.694599914550781250e+02 9.905142211914062500e+02 2.164458847045898438e+02
3.673023986816406250e+02 9.895906829833984375e+02 2.161733818054199219e+02
3.666357421875000000e+02 9.894355773925781250e+02 2.167904853820800781e+02
3.637913894653320312e+02 9.883180999755859375e+02 2.209999847412109375e+02
3.629999923706054688e+02 9.878262329101562500e+02 2.209999847412109375e+02
3.637923049926757812e+02 9.883165740966796875e+02 2.219999885559082031e+02
3.629045867919921875e+02 9.877582550048828125e+02 2.220266342163085938e+02
3.638137435913085938e+02 9.882990264892578125e+02 2.229999923706054688e+02
3.630361938476562500e+02 9.877989959716796875e+02 2.229999923706054688e+02
3.638552856445312500e+02 9.882677459716796875e+02 2.239999961853027344e+02
3.630968475341796875e+02 9.877677917480468750e+02 2.239999961853027344e+02
3.625968170166015625e+02 9.874326324462890625e+02 2.239999961853027344e+02
3.620000076293945312e+02 9.869763183593750000e+02 2.239999961853027344e+02
3.625362014770507812e+02 9.874753570556640625e+02 2.229999923706054688e+02
3.620000076293945312e+02 9.870699310302734375e+02 2.229999923706054688e+02
3.625076675415039062e+02 9.874949645996093750e+02 2.223777389526367188e+02
3.620930099487304688e+02 9.872026824951171875e+02 2.220266342163085938e+02
3.613344573974609375e+02 9.866321563720703125e+02 2.219999885559082031e+02
3.624883651733398438e+02 9.875083923339843750e+02 2.217110824584960938e+02
3.624887466430664062e+02 9.875081634521484375e+02 2.209999847412109375e+02
3.613834762573242188e+02 9.865946197509765625e+02 2.229999923706054688e+02
3.614471054077148438e+02 9.865436553955078125e+02 2.239999961853027344e+02
3.608834838867187500e+02 9.861739349365234375e+02 2.229999923706054688e+02
3.609471130371093750e+02 9.861128234863281250e+02 2.239999961853027344e+02
3.603156280517578125e+02 9.856739044189453125e+02 2.229999923706054688e+02
3.598156356811523438e+02 9.851895141601562500e+02 2.229999923706054688e+02
3.603805160522460938e+02 9.856127929687500000e+02 2.239999961853027344e+02
3.598805236816406250e+02 9.851248931884765625e+02 2.239999961853027344e+02
3.604443740844726562e+02 9.855526733398437500e+02 2.247672462463378906e+02
3.599769592285156250e+02 9.850225830078125000e+02 2.251109886169433594e+02
3.610011672973632812e+02 9.860019683837890625e+02 2.249970436096191406e+02
3.605146408081054688e+02 9.854861450195312500e+02 2.254339027404785156e+02
3.614877319335937500e+02 9.865103149414062500e+02 2.245601844787597656e+02
3.615584564208984375e+02 9.864511871337890625e+02 2.252268409729003906e+02
3.619350814819335938e+02 9.868019104003906250e+02 2.249361038208007812e+02
3.594432449340820312e+02 9.845590209960937500e+02 2.247880554199218750e+02
3.595095825195312500e+02 9.844901275634765625e+02 2.254547309875488281e+02
3.589912414550781250e+02 9.840081787109375000e+02 2.250405502319335938e+02
3.588794326782226562e+02 9.840798950195312500e+02 2.239999961853027344e+02
3.584771728515625000e+02 9.835263061523437500e+02 2.246263694763183594e+02
3.585392379760742188e+02 9.834541320800781250e+02 2.252930450439453125e+02
3.581701278686523438e+02 9.830724334716796875e+02 2.249758148193359375e+02
3.578695678710937500e+02 9.829033660888671875e+02 2.239194297790527344e+02
3.581938171386718750e+02 9.828711700439453125e+02 2.259999847412109375e+02
3.576047897338867188e+02 9.823632812500000000e+02 2.250000000000000000e+02
3.575422668457031250e+02 9.824443054199218750e+02 2.241990661621093750e+02
3.576938247680664062e+02 9.822480010986328125e+02 2.259999847412109375e+02
3.572307205200195312e+02 9.818633270263671875e+02 2.250000000000000000e+02
3.573148727416992188e+02 9.817480468750000000e+02 2.259999847412109375e+02
3.567307281494140625e+02 9.811674499511718750e+02 2.250000000000000000e+02
3.572247314453125000e+02 9.820665740966796875e+02 2.239194297790527344e+02
3.570748901367187500e+02 9.820000457763671875e+02 2.229999923706054688e+02
3.566592407226562500e+02 9.812704467773437500e+02 2.239999961853027344e+02
3.574956130981445312e+02 9.825056457519531250e+02 2.235323905944824219e+02
3.574712753295898438e+02 9.825373077392578125e+02 2.229999923706054688e+02
3.578678131103515625e+02 9.830372619628906250e+02 2.229999923706054688e+02
3.583678054809570312e+02 9.836511230468750000e+02 2.229999923706054688e+02
3.584302520751953125e+02 9.835798645019531250e+02 2.239999961853027344e+02
3.588164138793945312e+02 9.841511535644531250e+02 2.229999923706054688e+02
3.593164062500000000e+02 9.846895599365234375e+02 2.229999923706054688e+02
3.593794631958007812e+02 9.846248626708984375e+02 2.239999961853027344e+02
3.563183593750000000e+02 9.807704925537109375e+02 2.239999961853027344e+02
3.566036224365234375e+02 9.813501739501953125e+02 2.229999923706054688e+02
3.562669372558593750e+02 9.808501434326171875e+02 2.229999923706054688e+02
3.557669448852539062e+02 9.800857543945312500e+02 2.229999923706054688e+02
3.557696533203125000e+02 9.799210357666015625e+02 2.239954376220703125e+02
3.554781341552734375e+02 9.795350646972656250e+02 2.236590576171875000e+02
3.555249023437500000e+02 9.794564056396484375e+02 2.243257331848144531e+02
3.559636688232421875e+02 9.800000000000000000e+02 2.250000000000000000e+02
3.555764389038085938e+02 9.793646240234375000e+02 2.250000000000000000e+02
3.562022018432617188e+02 9.800887298583984375e+02 2.260637855529785156e+02
3.563871765136718750e+02 9.806674957275390625e+02 2.250000000000000000e+02
3.564488601684570312e+02 9.805757141113281250e+02 2.257729911804199219e+02
3.567589569091796875e+02 9.809454345703125000e+02 2.260637855529785156e+02
3.565117645263671875e+02 9.804812622070312500e+02 2.264396476745605469e+02
3.565795898437500000e+02 9.803704833984375000e+02 2.269999885559082031e+02
3.562785339355468750e+02 9.798704528808593750e+02 2.269999885559082031e+02
3.564166641235351562e+02 9.796405792236328125e+02 2.279999923706054688e+02
3.557507705688476562e+02 9.789434051513671875e+02 2.269929695129394531e+02
3.556660842895507812e+02 9.792015075683593750e+02 2.259999847412109375e+02
3.560634994506835938e+02 9.790000152587890625e+02 2.279999923706054688e+02
3.555465698242187500e+02 9.784056854248046875e+02 2.273216247558593750e+02
3.554609680175781250e+02 9.785723114013671875e+02 2.266549491882324219e+02
3.552888488769531250e+02 9.780434417724609375e+02 2.269929695129394531e+02
3.553907394409179688e+02 9.787015533447265625e+02 2.259999847412109375e+02
3.550411224365234375e+02 9.780000305175781250e+02 2.259999847412109375e+02
3.553011322021484375e+02 9.788645935058593750e+02 2.250000000000000000e+02
3.552683258056640625e+02 9.790738677978515625e+02 2.239954376220703125e+02
3.548612976074218750e+02 9.780000305175781250e+02 2.250000000000000000e+02
3.545601654052734375e+02 9.773680877685546875e+02 2.250000000000000000e+02
3.546897125244140625e+02 9.779388427734375000e+02 2.240386009216308594e+02
3.545138168334960938e+02 9.774698638916015625e+02 2.243976783752441406e+02
3.544701766967773438e+02 9.775646972656250000e+02 2.237310218811035156e+02
3.546503829956054688e+02 9.771675109863281250e+02 2.259999847412109375e+02
3.543387603759765625e+02 9.768681335449218750e+02 2.250000000000000000e+02
3.539809417724609375e+02 9.760000610351562500e+02 2.250000000000000000e+02
3.544264984130859375e+02 9.766674804687500000e+02 2.259999847412109375e+02
3.541600036621093750e+02 9.760000610351562500e+02 2.259999847412109375e+02
3.544842910766601562e+02 9.765357971191406250e+02 2.265590667724609375e+02
3.547574996948242188e+02 9.769214630126953125e+02 2.269354438781738281e+02
3.543722152709960938e+02 9.759855651855468750e+02 2.269354438781738281e+02
3.540317535400390625e+02 9.750000000000000000e+02 2.269999885559082031e+02
3.544455718994140625e+02 9.756425476074218750e+02 2.276821136474609375e+02
3.545753479003906250e+02 9.763092041015625000e+02 2.272257423400878906e+02
3.546800613403320312e+02 9.759855651855468750e+02 2.280092620849609375e+02
3.550140380859375000e+02 9.760000610351562500e+02 2.289999961853027344e+02
3.550953674316406250e+02 9.770000457763671875e+02 2.279999923706054688e+02
3.545471191406250000e+02 9.753705596923828125e+02 2.283487892150878906e+02
3.543234252929687500e+02 9.750223541259765625e+02 2.280092620849609375e+02
3.546570587158203125e+02 9.750223541259765625e+02 2.290198898315429688e+02
3.545495223999023438e+02 9.743384552001953125e+02 2.293664932250976562e+02
3.544286727905273438e+02 9.747039031982421875e+02 2.286998176574707031e+02
3.550208282470703125e+02 9.750000000000000000e+02 2.300000000000000000e+02
3.546875381469726562e+02 9.740030670166015625e+02 2.299783515930175781e+02
3.553837585449218750e+02 9.749117279052734375e+02 2.309486579895019531e+02
3.553549957275390625e+02 9.759526062011718750e+02 2.299550056457519531e+02
3.554643630981445312e+02 9.755876922607421875e+02 2.305810928344726562e+02
3.556027984619140625e+02 9.762543487548828125e+02 2.302583312988281250e+02
3.554621124267578125e+02 9.765871429443359375e+02 2.295916748046875000e+02
3.553765487670898438e+02 9.769522857666015625e+02 2.289205169677734375e+02
3.557765197753906250e+02 9.769522857666015625e+02 2.299550056457519531e+02
3.562605285644531250e+02 9.770139312744140625e+02 2.310147666931152344e+02
3.562763214111328125e+02 9.780077362060546875e+02 2.299938201904296875e+02
3.556098175048828125e+02 9.772537994384765625e+02 2.292008590698242188e+02
3.558169174194335938e+02 9.779154205322265625e+02 2.289205169677734375e+02
3.554877853393554688e+02 9.775257110595703125e+02 2.285342025756835938e+02
3.556468200683593750e+02 9.781984710693359375e+02 2.279999923706054688e+02
3.563481521606445312e+02 9.789718627929687500e+02 2.289079475402832031e+02
3.564358139038085938e+02 9.786197662353515625e+02 2.296563529968261719e+02
3.564952468872070312e+02 9.795081329345703125e+02 2.285132408142089844e+02
3.566175842285156250e+02 9.792864227294921875e+02 2.291799163818359375e+02
3.554056167602539062e+02 9.776985168457031250e+02 2.279999923706054688e+02
3.564149093627929688e+02 9.776795959472656250e+02 2.306912612915039062e+02
3.565750122070312500e+02 9.783462524414062500e+02 2.303230285644531250e+02
3.557796478271484375e+02 9.759526062011718750e+02 2.309486579895019531e+02
3.556134414672851562e+02 9.751861572265625000e+02 2.312477493286132812e+02
3.558279418945312500e+02 9.749117279052734375e+02 2.319084739685058594e+02
3.556586837768554688e+02 9.740000152587890625e+02 2.321784019470214844e+02
3.554931259155273438e+02 9.745195007324218750e+02 2.315141487121582031e+02
3.563542175292968750e+02 9.749159240722656250e+02 2.329688072204589844e+02
3.560693359375000000e+02 9.740000152587890625e+02 2.329999923706054688e+02
3.554141998291015625e+02 9.740000152587890625e+02 2.316784095764160156e+02
3.552962112426757812e+02 9.729831695556640625e+02 2.320342254638671875e+02
3.551115036010742188e+02 9.740000152587890625e+02 2.309999847412109375e+02
3.547673416137695312e+02 9.729163360595703125e+02 2.309097480773925781e+02
3.546547698974609375e+02 9.720000457763671875e+02 2.311466026306152344e+02
3.545810317993164062e+02 9.731938171386718750e+02 2.302972793579101562e+02
3.544930267333984375e+02 9.725271606445312500e+02 2.305162620544433594e+02
3.544377899169921875e+02 9.720000457763671875e+02 2.306466102600097656e+02
3.543846130371093750e+02 9.729163360595703125e+02 2.299783515930175781e+02
3.541817092895507812e+02 9.720000457763671875e+02 2.300000000000000000e+02
3.540469741821289062e+02 9.730000305175781250e+02 2.289999961853027344e+02
3.544494247436523438e+02 9.736717987060546875e+02 2.296306037902832031e+02
3.543267822265625000e+02 9.740030670166015625e+02 2.290198898315429688e+02
3.539957046508789062e+02 9.740000152587890625e+02 2.279999923706054688e+02
3.536843109130859375e+02 9.739516448974609375e+02 2.269556427001953125e+02
3.536893463134765625e+02 9.729479217529296875e+02 2.279414367675781250e+02
3.535675811767578125e+02 9.732465362548828125e+02 2.272594261169433594e+02
3.534793472290039062e+02 9.725798797607421875e+02 2.275690841674804688e+02
3.535681915283203125e+02 9.720000457763671875e+02 2.282789039611816406e+02
3.534169769287109375e+02 9.720000457763671875e+02 2.277789115905761719e+02
3.535095214843750000e+02 9.714447784423828125e+02 2.284694671630859375e+02
3.538121032714843750e+02 9.720000457763671875e+02 2.289999961853027344e+02
3.536229705810546875e+02 9.710668945312500000e+02 2.289814186096191406e+02
3.539900588989257812e+02 9.710000610351562500e+02 2.300000000000000000e+02
3.534542846679687500e+02 9.707781219482421875e+02 2.286357116699218750e+02
3.535708236694335938e+02 9.700000000000000000e+02 2.292957115173339844e+02
3.534018325805664062e+02 9.700000000000000000e+02 2.287957000732421875e+02
3.535256576538085938e+02 9.692405700683593750e+02 2.294252204895019531e+02
3.538407897949218750e+02 9.700000000000000000e+02 2.300000000000000000e+02
3.542945480346679688e+02 9.700652313232421875e+02 2.310892486572265625e+02
3.536897277832031250e+02 9.689443206787109375e+02 2.299103546142578125e+02
3.536906051635742188e+02 9.680000305175781250e+02 2.300337028503417969e+02
3.534929656982421875e+02 9.685739135742187500e+02 2.295172691345214844e+02
3.541460418701171875e+02 9.690000152587890625e+02 2.309999847412109375e+02
3.540944290161132812e+02 9.680000305175781250e+02 2.309999847412109375e+02
3.544281387329101562e+02 9.690000152587890625e+02 2.316595077514648438e+02
3.544038009643554688e+02 9.680000305175781250e+02 2.317142677307128906e+02
3.544642639160156250e+02 9.697753906250000000e+02 2.315788269042968750e+02
3.546587753295898438e+02 9.690000152587890625e+02 2.321595001220703125e+02
3.546330642700195312e+02 9.680000305175781250e+02 2.322142601013183594e+02
3.546760559082031250e+02 9.700652313232421875e+02 2.319472885131835938e+02
3.550936126708984375e+02 9.690000152587890625e+02 2.329999923706054688e+02
3.550465011596679688e+02 9.680000305175781250e+02 2.329999923706054688e+02
3.554348373413085938e+02 9.690000152587890625e+02 2.336114120483398438e+02
3.552517318725585938e+02 9.700502777099609375e+02 2.330878448486328125e+02
3.554673767089843750e+02 9.697504425048828125e+02 2.335563850402832031e+02
3.552935409545898438e+02 9.710000610351562500e+02 2.328908729553222656e+02
3.555112457275390625e+02 9.704170989990234375e+02 2.334797286987304688e+02
3.548501968383789062e+02 9.710000610351562500e+02 2.319999885559082031e+02
3.553904342651367188e+02 9.720000457763671875e+02 2.327105522155761719e+02
3.550452041625976562e+02 9.720000457763671875e+02 2.319999885559082031e+02
3.554624938964843750e+02 9.726386260986328125e+02 2.325726509094238281e+02
3.545566177368164062e+02 9.710000610351562500e+02 2.313709640502929688e+02
3.545079040527343750e+02 9.704420471191406250e+02 2.314820671081542969e+02
3.543434906005859375e+02 9.710000610351562500e+02 2.308709716796875000e+02
3.554134368896484375e+02 9.680000305175781250e+02 2.336462020874023438e+02
3.557309722900390625e+02 9.690000152587890625e+02 2.341114234924316406e+02
3.557136154174804688e+02 9.680000305175781250e+02 2.341461944580078125e+02
3.557229232788085938e+02 9.670000457763671875e+02 2.341340446472167969e+02
3.562136077880859375e+02 9.680000305175781250e+02 2.349748420715332031e+02
3.562229156494140625e+02 9.670000457763671875e+02 2.349578666687011719e+02
3.562664031982421875e+02 9.660000610351562500e+02 2.348871803283691406e+02
3.565262985229492188e+02 9.670000457763671875e+02 2.354578590393066406e+02
3.565698242187500000e+02 9.660000610351562500e+02 2.353871726989746094e+02
3.568941116333007812e+02 9.670000457763671875e+02 2.359999847412109375e+02
3.573678207397460938e+02 9.670000457763671875e+02 2.366885375976562500e+02
3.569729995727539062e+02 9.660000610351562500e+02 2.359999847412109375e+02
3.571025848388671875e+02 9.650000000000000000e+02 2.359999847412109375e+02
3.574031829833984375e+02 9.660000610351562500e+02 2.366399192810058594e+02
3.574642562866210938e+02 9.650000000000000000e+02 2.365524101257324219e+02
3.577537536621093750e+02 9.660000610351562500e+02 2.371399116516113281e+02
3.578064727783203125e+02 9.650000000000000000e+02 2.370524215698242188e+02
3.582537460327148438e+02 9.660000610351562500e+02 2.378246498107910156e+02
3.577241516113281250e+02 9.670000457763671875e+02 2.371885490417480469e+02
3.582241439819335938e+02 9.670000457763671875e+02 2.378555870056152344e+02
3.577160644531250000e+02 9.680000305175781250e+02 2.372014999389648438e+02
3.583064651489257812e+02 9.650000000000000000e+02 2.377627944946289062e+02
3.583805847167968750e+02 9.640000152587890625e+02 2.376662635803222656e+02
3.586789703369140625e+02 9.650000000000000000e+02 2.382628059387207031e+02
3.587438583374023438e+02 9.640000152587890625e+02 2.381662750244140625e+02
3.587802124023437500e+02 9.629595184326171875e+02 2.379432868957519531e+02
3.592438888549804688e+02 9.640000152587890625e+02 2.388417816162109375e+02
3.593334579467773438e+02 9.630000305175781250e+02 2.387233924865722656e+02
3.596217727661132812e+02 9.640000152587890625e+02 2.393417930603027344e+02
3.597111129760742188e+02 9.630000305175781250e+02 2.392234039306640625e+02
3.601900482177734375e+02 9.640553283691406250e+02 2.400679016113281250e+02
3.602111053466796875e+02 9.630000305175781250e+02 2.398576164245605469e+02
3.605446624755859375e+02 9.637588500976562500e+02 2.404465103149414062e+02
3.606187820434570312e+02 9.630000305175781250e+02 2.403576278686523438e+02
3.607428741455078125e+02 9.620000457763671875e+02 2.402111434936523438e+02
3.611187744140625000e+02 9.630000305175781250e+02 2.409307861328125000e+02
3.612428665161132812e+02 9.620000457763671875e+02 2.407877349853515625e+02
3.615654373168945312e+02 9.630000305175781250e+02 2.414307975769042969e+02
3.617014694213867188e+02 9.620000457763671875e+02 2.412877273559570312e+02
3.620654296875000000e+02 9.630000305175781250e+02 2.419343566894531250e+02
3.615055847167968750e+02 9.635281372070312500e+02 2.414940071105957031e+02
3.622014617919921875e+02 9.620000457763671875e+02 2.417959976196289062e+02
3.625708389282226562e+02 9.630000305175781250e+02 2.424343490600585938e+02
3.627223205566406250e+02 9.620000457763671875e+02 2.422959899902343750e+02
3.630708312988281250e+02 9.630000305175781250e+02 2.428759384155273438e+02
3.625041961669921875e+02 9.635182952880859375e+02 2.424960136413574219e+02
3.629865264892578125e+02 9.639448547363281250e+02 2.430106735229492188e+02
3.624336242675781250e+02 9.641849517822265625e+02 2.425649261474609375e+02
3.634688186645507812e+02 9.643713378906250000e+02 2.435262489318847656e+02
3.635539627075195312e+02 9.637046813964843750e+02 2.434564399719238281e+02
3.636559677124023438e+02 9.630000305175781250e+02 2.433759498596191406e+02
3.639323806762695312e+02 9.640228271484375000e+02 2.438130760192871094e+02
3.641559600830078125e+02 9.630000305175781250e+02 2.437624931335449219e+02
3.643282699584960938e+02 9.620000457763671875e+02 2.436300468444824219e+02
3.648532104492187500e+02 9.630000305175781250e+02 2.442624855041503906e+02
3.650759506225585938e+02 9.620448303222656250e+02 2.441613769531250000e+02
3.649636459350585938e+02 9.610314178466796875e+02 2.437708473205566406e+02
3.654599380493164062e+02 9.624079895019531250e+02 2.445261383056640625e+02
3.656196212768554688e+02 9.617413330078125000e+02 2.444289016723632812e+02
3.658232879638671875e+02 9.610000610351562500e+02 2.443103218078613281e+02
3.659717941284179688e+02 9.620448303222656250e+02 2.447146415710449219e+02
3.670556259155273438e+02 9.620217132568359375e+02 2.452660369873046875e+02
3.663232803344726562e+02 9.610000610351562500e+02 2.446003341674804688e+02
3.664780426025390625e+02 9.604663848876953125e+02 2.445124244689941406e+02
3.670000076293945312e+02 9.610000610351562500e+02 2.449364471435546875e+02
3.670370101928710938e+02 9.600798797607421875e+02 2.446397590637207031e+02
3.679843139648437500e+02 9.609609985351562500e+02 2.453490447998046875e+02
3.679999923706054688e+02 9.600000000000000000e+02 2.450283813476562500e+02
3.676404953002929688e+02 9.617028808593750000e+02 2.454451370239257812e+02
3.683071899414062500e+02 9.612682342529296875e+02 2.455720710754394531e+02
3.685945129394531250e+02 9.606015777587890625e+02 2.454669380187988281e+02
3.689567184448242188e+02 9.599599456787109375e+02 2.453689956665039062e+02
3.689999771118164062e+02 9.590000152587890625e+02 2.450059127807617188e+02
3.680441665649414062e+02 9.590321350097656250e+02 2.446637153625488281e+02
3.699744796752929688e+02 9.590154266357421875e+02 2.453227424621582031e+02
3.689999771118164062e+02 9.582121276855468750e+02 2.446448898315429688e+02
3.684069824218750000e+02 9.584255218505859375e+02 2.445382881164550781e+02
3.689999771118164062e+02 9.577121734619140625e+02 2.443870353698730469e+02
3.699237442016601562e+02 9.579144287109375000e+02 2.447976112365722656e+02
3.702062606811523438e+02 9.573481750488281250e+02 2.445890808105468750e+02
3.695396041870117188e+02 9.575240325927734375e+02 2.444872856140136719e+02
3.709999847412109375e+02 9.580000305175781250e+02 2.451182746887207031e+02
3.709999847412109375e+02 9.571758270263671875e+02 2.446878242492675781e+02
3.709999847412109375e+02 9.586646270751953125e+02 2.454304313659667969e+02
3.720018386840820312e+02 9.569317626953125000e+02 2.447476577758789062e+02
3.729999923706054688e+02 9.570000457763671875e+02 2.449495506286621094e+02
3.729999923706054688e+02 9.563803100585937500e+02 2.445805358886718750e+02
3.739999771118164062e+02 9.570000457763671875e+02 2.450773811340332031e+02
3.750000000000000000e+02 9.570000457763671875e+02 2.451567268371582031e+02
3.739999771118164062e+02 9.562873840332031250e+02 2.446444511413574219e+02
3.750000000000000000e+02 9.562348175048828125e+02 2.446837234497070312e+02
3.680441665649414062e+02 9.580553436279296875e+02 2.441879081726074219e+02
3.689223098754882812e+02 9.569136047363281250e+02 2.438784217834472656e+02
3.685371780395507812e+02 9.565227508544921875e+02 2.434848022460937500e+02
3.679999923706054688e+02 9.572048950195312500e+02 2.436865997314453125e+02
3.679999923706054688e+02 9.567048645019531250e+02 2.433612251281738281e+02
3.673963165283203125e+02 9.574171447753906250e+02 2.435533714294433594e+02
3.669638824462890625e+02 9.569709014892578125e+02 2.430202102661132812e+02
3.670378112792968750e+02 9.580297088623046875e+02 2.437089157104492188e+02
3.663940811157226562e+02 9.583827972412109375e+02 2.435637855529785156e+02
3.667296600341796875e+02 9.577161407470703125e+02 2.433769035339355469e+02
3.670370101928710938e+02 9.590321350097656250e+02 2.442082977294921875e+02
3.660364532470703125e+02 9.590710449218750000e+02 2.436836624145507812e+02
3.667283248901367188e+02 9.597997283935546875e+02 2.443856620788574219e+02
3.673949813842773438e+02 9.593868255615234375e+02 2.445508193969726562e+02
3.677402877807617188e+02 9.587201690673828125e+02 2.443977165222167969e+02
3.660868453979492188e+02 9.600798797607421875e+02 2.441362953186035156e+02
3.653034210205078125e+02 9.600000000000000000e+02 2.436311149597167969e+02
3.654651260375976562e+02 9.594517517089843750e+02 2.435232925415039062e+02
3.648034286499023438e+02 9.600000000000000000e+02 2.432891082763671875e+02
3.640022659301757812e+02 9.600959777832031250e+02 2.427329444885253906e+02
3.650131225585937500e+02 9.590181732177734375e+02 2.429919815063476562e+02
3.646060943603515625e+02 9.607189178466796875e+02 2.434257888793945312e+02
3.640702056884765625e+02 9.610314178466796875e+02 2.431232452392578125e+02
3.634022140502929688e+02 9.610000610351562500e+02 2.425847244262695312e+02
3.638282394409179688e+02 9.620000457763671875e+02 2.432412528991699219e+02
3.644503021240234375e+02 9.613856506347656250e+02 2.435376358032226562e+02
3.632223129272460938e+02 9.620000457763671875e+02 2.427412605285644531e+02
3.634967422485351562e+02 9.604933166503906250e+02 2.425027656555175781e+02
3.629022216796875000e+02 9.610000610351562500e+02 2.421338081359863281e+02
3.630588531494140625e+02 9.601249694824218750e+02 2.419467544555664062e+02
3.623648834228515625e+02 9.610000610351562500e+02 2.416338157653808594e+02
3.624662017822265625e+02 9.604232788085937500e+02 2.415335464477539062e+02
3.618648910522460938e+02 9.610000610351562500e+02 2.411145210266113281e+02
3.620496368408203125e+02 9.601113891601562500e+02 2.409483718872070312e+02
3.613967514038085938e+02 9.610000610351562500e+02 2.406145286560058594e+02
3.608423995971679688e+02 9.609729003906250000e+02 2.399507141113281250e+02
3.614855957031250000e+02 9.604661560058593750e+02 2.405161094665527344e+02
3.612265777587890625e+02 9.600797271728515625e+02 2.400082588195800781e+02
3.616330718994140625e+02 9.597994995117187500e+02 2.403470993041992188e+02
3.613503265380859375e+02 9.592027282714843750e+02 2.396804237365722656e+02
3.606690216064453125e+02 9.600000000000000000e+02 2.392844963073730469e+02
3.602856826782226562e+02 9.600000000000000000e+02 2.387844848632812500e+02
3.609711456298828125e+02 9.589411926269531250e+02 2.390375328063964844e+02
3.605416870117187500e+02 9.606214904785156250e+02 2.394472694396972656e+02
3.601374816894531250e+02 9.609729003906250000e+02 2.390683555603027344e+02
3.595988845825195312e+02 9.610000610351562500e+02 2.383608627319335938e+02
3.597683715820312500e+02 9.619209289550781250e+02 2.389626502990722656e+02
3.604306030273437500e+02 9.612881469726562500e+02 2.395845413208007812e+02
3.603283309936523438e+02 9.620000457763671875e+02 2.397111511230468750e+02
3.594227218627929688e+02 9.622015380859375000e+02 2.386044311523437500e+02
3.595095062255859375e+02 9.615348815917968750e+02 2.384868240356445312e+02
3.591340255737304688e+02 9.619209289550781250e+02 2.380920982360839844e+02
3.592502593994140625e+02 9.610000610351562500e+02 2.378608703613281250e+02
3.586004638671875000e+02 9.620000457763671875e+02 2.373461341857910156e+02
3.582788848876953125e+02 9.620000457763671875e+02 2.368461227416992188e+02
3.587062454223632812e+02 9.609170532226562500e+02 2.369972991943359375e+02
3.585224533081054688e+02 9.625992584228515625e+02 2.374660110473632812e+02
3.581921768188476562e+02 9.629595184326171875e+02 2.370796012878417969e+02
3.576534652709960938e+02 9.630000305175781250e+02 2.362586402893066406e+02
3.578422164916992188e+02 9.640991210937500000e+02 2.369002342224121094e+02
3.584490203857421875e+02 9.632659149169921875e+02 2.375721549987792969e+02
3.574997329711914062e+02 9.644985961914062500e+02 2.365003967285156250e+02
3.575629043579101562e+02 9.638319396972656250e+02 2.364028358459472656e+02
3.572804641723632812e+02 9.640991210937500000e+02 2.360416984558105469e+02
3.573368835449218750e+02 9.630000305175781250e+02 2.357586479187011719e+02
3.567258071899414062e+02 9.640000152587890625e+02 2.351276016235351562e+02
3.564234924316406250e+02 9.640000152587890625e+02 2.346276092529296875e+02
3.568117904663085938e+02 9.630596923828125000e+02 2.349174118041992188e+02
3.566383361816406250e+02 9.650000000000000000e+02 2.352744483947753906e+02
3.563350677490234375e+02 9.650000000000000000e+02 2.347744560241699219e+02
3.557975769042968750e+02 9.650849151611328125e+02 2.339038848876953125e+02
3.560505676269531250e+02 9.640000152587890625e+02 2.339999961853027344e+02
3.554961013793945312e+02 9.654748535156250000e+02 2.335064888000488281e+02
3.555492019653320312e+02 9.648081970214843750e+02 2.334140968322753906e+02
3.557664108276367188e+02 9.660000610351562500e+02 2.340618515014648438e+02
3.554629135131835938e+02 9.660000610351562500e+02 2.335618400573730469e+02
3.551451873779296875e+02 9.660000610351562500e+02 2.329999923706054688e+02
3.554199218750000000e+02 9.670000457763671875e+02 2.336340522766113281e+02
3.550577163696289062e+02 9.670000457763671875e+02 2.329999923706054688e+02
3.546377944946289062e+02 9.670000457763671875e+02 2.322082519531250000e+02
3.544054412841796875e+02 9.670000457763671875e+02 2.317082595825195312e+02
3.546822738647460938e+02 9.660000610351562500e+02 2.321239471435546875e+02
3.547242355346679688e+02 9.650259399414062500e+02 2.319236564636230469e+02
3.544424438476562500e+02 9.660000610351562500e+02 2.316239547729492188e+02
3.544812011718750000e+02 9.653765106201171875e+02 2.315394210815429688e+02
3.541670989990234375e+02 9.660000610351562500e+02 2.309999847412109375e+02
3.537561035156250000e+02 9.660000610351562500e+02 2.300000000000000000e+02
3.540960311889648438e+02 9.670000457763671875e+02 2.309999847412109375e+02
3.543204498291015625e+02 9.650259399414062500e+02 2.310567283630371094e+02
3.543787765502929688e+02 9.640000152587890625e+02 2.307738113403320312e+02
3.538898468017578125e+02 9.650000000000000000e+02 2.300000000000000000e+02
3.545332717895507812e+02 9.647098541259765625e+02 2.314278793334960938e+02
3.546037673950195312e+02 9.640000152587890625e+02 2.312738037109375000e+02
3.549523162841796875e+02 9.640000152587890625e+02 2.319999885559082031e+02
3.547074890136718750e+02 9.629966735839843750e+02 2.309623146057128906e+02
3.544538497924804688e+02 9.633277130126953125e+02 2.306038475036621094e+02
3.550283050537109375e+02 9.620000457763671875e+02 2.309999847412109375e+02
3.545449447631835938e+02 9.626610565185546875e+02 2.303845405578613281e+02
3.552414321899414062e+02 9.629602050781250000e+02 2.320661163330078125e+02
3.553755950927734375e+02 9.620000457763671875e+02 2.317504882812500000e+02
3.555291748046875000e+02 9.626002502441406250e+02 2.324435234069824219e+02
3.554347991943359375e+02 9.632669067382812500e+02 2.326189422607421875e+02
3.553485488891601562e+02 9.640000152587890625e+02 2.327747726440429688e+02
3.557149505615234375e+02 9.629602050781250000e+02 2.329713630676269531e+02
3.560187530517578125e+02 9.620000457763671875e+02 2.329999923706054688e+02
3.562870407104492188e+02 9.630596923828125000e+02 2.340290451049804688e+02
3.556270980834960938e+02 9.640000152587890625e+02 2.332747840881347656e+02
3.563920211791992188e+02 9.620000457763671875e+02 2.336875724792480469e+02
3.564826583862304688e+02 9.634327697753906250e+02 2.345290184020996094e+02
3.565704345703125000e+02 9.627661132812500000e+02 2.343817520141601562e+02
3.566791534423828125e+02 9.620000457763671875e+02 2.341875648498535156e+02
3.572027206420898438e+02 9.619555664062500000e+02 2.350726318359375000e+02
3.568377685546875000e+02 9.610686492919921875e+02 2.339209938049316406e+02
3.564805221557617188e+02 9.614477539062500000e+02 2.335349845886230469e+02
3.566071701049804688e+02 9.607810974121093750e+02 2.332958602905273438e+02
3.572835159301757812e+02 9.600315093994140625e+02 2.339999961853027344e+02
3.573418426513671875e+02 9.610000610351562500e+02 2.347767257690429688e+02
3.574540328979492188e+02 9.603858947753906250e+02 2.345812225341796875e+02
3.576293945312500000e+02 9.610000610351562500e+02 2.352767181396484375e+02
3.578092193603515625e+02 9.600315093994140625e+02 2.349487304687500000e+02
3.581415939331054688e+02 9.609170532226562500e+02 2.360901641845703125e+02
3.575270843505859375e+02 9.615925598144531250e+02 2.354543876647949219e+02
3.577393722534179688e+02 9.619555664062500000e+02 2.359652137756347656e+02
3.574323272705078125e+02 9.622592163085937500e+02 2.356086921691894531e+02
3.583183670043945312e+02 9.600000000000000000e+02 2.358063125610351562e+02
3.583967971801757812e+02 9.611950683593750000e+02 2.366621589660644531e+02
3.585100936889648438e+02 9.605284118652343750e+02 2.364836120605468750e+02
3.586171340942382812e+02 9.600000000000000000e+02 2.363063049316406250e+02
3.588287353515625000e+02 9.590287780761718750e+02 2.359548759460449219e+02
3.591270065307617188e+02 9.599351501464843750e+02 2.370773696899414062e+02
3.593348312377929688e+02 9.590000152587890625e+02 2.367602539062500000e+02
3.595249938964843750e+02 9.595584869384765625e+02 2.374622917175292969e+02
3.593888092041015625e+02 9.602251434326171875e+02 2.376609802246093750e+02
3.597435379028320312e+02 9.599351501464843750e+02 2.379965972900390625e+02
3.601815795898437500e+02 9.590078735351562500e+02 2.380251121520996094e+02
3.603524017333984375e+02 9.582371520996093750e+02 2.377085113525390625e+02
3.596580505371093750e+02 9.590000152587890625e+02 2.372602462768554688e+02
3.604252243041992188e+02 9.593463897705078125e+02 2.385987091064453125e+02
3.605919647216796875e+02 9.586797332763671875e+02 2.383751869201660156e+02
3.607534027099609375e+02 9.579422760009765625e+02 2.380251121520996094e+02
3.605420684814453125e+02 9.575704956054687500e+02 2.374399757385253906e+02
3.612852096557617188e+02 9.580000305175781250e+02 2.387749290466308594e+02
3.612578201293945312e+02 9.570598602294921875e+02 2.379542732238769531e+02
3.614326858520507812e+02 9.564134979248046875e+02 2.375904464721679688e+02
3.607041168212890625e+02 9.569284057617187500e+02 2.370639801025390625e+02
3.614549636840820312e+02 9.574330139160156250e+02 2.385569000244140625e+02
3.616909790039062500e+02 9.567663574218750000e+02 2.382571220397949219e+02
3.620331192016601562e+02 9.560391235351562500e+02 2.379561614990234375e+02
3.620420837402343750e+02 9.570573425292968750e+02 2.389483451843261719e+02
3.616845321655273438e+02 9.580000305175781250e+02 2.392749404907226562e+02
3.623932266235351562e+02 9.573483276367187500e+02 2.396222305297851562e+02
3.626435470581054688e+02 9.566816711425781250e+02 2.393398094177246094e+02
3.623576354980468750e+02 9.563314056396484375e+02 2.386731338500976562e+02
3.629828262329101562e+02 9.559814453125000000e+02 2.390172576904296875e+02
3.633221054077148438e+02 9.553244018554687500e+02 2.386947059631347656e+02
3.626554489135742188e+02 9.556647491455078125e+02 2.383218765258789062e+02
3.633102035522460938e+02 9.562980651855468750e+02 2.396966552734375000e+02
3.636332702636718750e+02 9.556314086914062500e+02 2.393613624572753906e+02
3.639856338500976562e+02 9.549872589111328125e+02 2.390126609802246094e+02
3.639706039428710938e+02 9.559709167480468750e+02 2.400277900695800781e+02
3.642999267578125000e+02 9.553168487548828125e+02 2.396922683715820312e+02
3.636412429809570312e+02 9.566650390625000000e+02 2.403633117675781250e+02
3.646607589721679688e+02 9.556437683105468750e+02 2.403589439392089844e+02
3.643079376220703125e+02 9.563105010986328125e+02 2.406659507751464844e+02
3.640214920043945312e+02 9.570258331298828125e+02 2.409790611267089844e+02
3.650195312500000000e+02 9.560160827636718750e+02 2.409853744506835938e+02
3.653274154663085938e+02 9.553571319580078125e+02 2.406381416320800781e+02
3.647116088867187500e+02 9.567200469970703125e+02 2.413326072692871094e+02
3.653783035278320312e+02 9.563883209228515625e+02 2.415914535522460938e+02
3.657695770263671875e+02 9.557216644287109375e+02 2.413047981262207031e+02
3.660983657836914062e+02 9.550711822509765625e+02 2.409287643432617188e+02
3.660617446899414062e+02 9.560330200195312500e+02 2.417701911926269531e+02
3.664362335205078125e+02 9.554519653320312500e+02 2.415437507629394531e+02
3.659018325805664062e+02 9.569148254394531250e+02 2.423427009582519531e+02
3.669188308715820312e+02 9.559719848632812500e+02 2.422564506530761719e+02
3.665314102172851562e+02 9.565247344970703125e+02 2.424817848205566406e+02
3.671980667114257812e+02 9.562866210937500000e+02 2.426634979248046875e+02
3.676891708374023438e+02 9.556199645996093750e+02 2.424018669128417969e+02
3.670000076293945312e+02 9.552704620361328125e+02 2.417092132568359375e+02
3.670000076293945312e+02 9.547704315185546875e+02 2.412333106994628906e+02
3.679943084716796875e+02 9.549961853027343750e+02 2.420033645629882812e+02
3.682994842529296875e+02 9.543957519531250000e+02 2.416048812866210938e+02
3.676328277587890625e+02 9.545752716064453125e+02 2.414250183105468750e+02
3.683558273315429688e+02 9.554170227050781250e+02 2.425709533691406250e+02
3.689999771118164062e+02 9.547515106201171875e+02 2.422711944580078125e+02
3.689999771118164062e+02 9.542292785644531250e+02 2.417712020874023438e+02
3.689999771118164062e+02 9.537292480468750000e+02 2.412493705749511719e+02
3.679936981201171875e+02 9.539966583251953125e+02 2.410040855407714844e+02
3.689999771118164062e+02 9.532875823974609375e+02 2.407493782043457031e+02
3.696933364868164062e+02 9.535766601562500000e+02 2.414159965515136719e+02
3.700159835815429688e+02 9.531440734863281250e+02 2.410495948791503906e+02
3.703599929809570312e+02 9.534479522705078125e+02 2.415564346313476562e+02
3.709092330932617188e+02 9.527875518798828125e+02 2.409602355957031250e+02
3.700000000000000000e+02 9.525941467285156250e+02 2.403786849975585938e+02
3.700000000000000000e+02 9.522214508056640625e+02 2.398786926269531250e+02
3.689999771118164062e+02 9.527875518798828125e+02 2.401327705383300781e+02
3.705154037475585938e+02 9.525041198730468750e+02 2.404946517944335938e+02
3.709092330932617188e+02 9.521157073974609375e+02 2.400967979431152344e+02
3.719402694702148438e+02 9.517780303955078125e+02 2.399379348754882812e+02
3.711820602416992188e+02 9.524201965332031250e+02 2.406004142761230469e+02
3.709999847412109375e+02 9.515794372558593750e+02 2.393797302246093750e+02
3.700000000000000000e+02 9.517214965820312500e+02 2.391685104370117188e+02
3.709999847412109375e+02 9.512589263916015625e+02 2.388797187805175781e+02
3.715671157836914062e+02 9.515119171142578125e+02 2.394820785522460938e+02
3.719402694702148438e+02 9.511962890625000000e+02 2.390892410278320312e+02
3.720000076293945312e+02 9.506540679931640625e+02 2.382373428344726562e+02
3.722337722778320312e+02 9.514550018310546875e+02 2.395632171630859375e+02
3.729999923706054688e+02 9.509870910644531250e+02 2.389999961853027344e+02
3.729999923706054688e+02 9.505810546875000000e+02 2.383640480041503906e+02
3.729999923706054688e+02 9.514060974121093750e+02 2.396326255798339844e+02
3.739999771118164062e+02 9.509093475341796875e+02 2.389999961853027344e+02
3.739999771118164062e+02 9.505422973632812500e+02 2.384295082092285156e+02
3.739999771118164062e+02 9.513670349121093750e+02 2.396901130676269531e+02
3.750000000000000000e+02 9.508962249755859375e+02 2.389999961853027344e+02
3.750000000000000000e+02 9.513604736328125000e+02 2.397004890441894531e+02
3.759999847412109375e+02 9.509481811523437500e+02 2.389999961853027344e+02
3.750000000000000000e+02 9.505357360839843750e+02 2.384411048889160156e+02
3.750000000000000000e+02 9.502419281005859375e+02 2.379411125183105469e+02
3.759999847412109375e+02 9.505601501464843750e+02 2.384025192260742188e+02
3.759999847412109375e+02 9.502610015869140625e+02 2.379025077819824219e+02
3.770000076293945312e+02 9.506161499023437500e+02 2.383121299743652344e+02
3.770000076293945312e+02 9.503131103515625000e+02 2.378121376037597656e+02
3.770000076293945312e+02 9.510617065429687500e+02 2.389999961853027344e+02
3.779999923706054688e+02 9.507041931152343750e+02 2.381707954406738281e+02
3.779999923706054688e+02 9.503972625732421875e+02 2.376707839965820312e+02
3.779365921020507812e+02 9.512559509277343750e+02 2.390490913391113281e+02
3.789836883544921875e+02 9.507901000976562500e+02 2.379355621337890625e+02
3.793061447143554688e+02 9.505521392822265625e+02 2.374105834960937500e+02
3.789999771118164062e+02 9.513235473632812500e+02 2.387685966491699219e+02
3.800318145751953125e+02 9.511830902099609375e+02 2.380645179748535156e+02
3.786394882202148438e+02 9.504640197753906250e+02 2.375592803955078125e+02
3.789836883544921875e+02 9.502661132812500000e+02 2.370463371276855469e+02
3.790556335449218750e+02 9.496986389160156250e+02 2.359701156616210938e+02
3.800000000000000000e+02 9.503688049316406250e+02 2.367323875427246094e+02
3.779999923706054688e+02 9.500245666503906250e+02 2.369999885559082031e+02
3.770000076293945312e+02 9.498605346679687500e+02 2.369999885559082031e+02
3.779999923706054688e+02 9.496273040771484375e+02 2.362633705139160156e+02
3.770000076293945312e+02 9.495475006103515625e+02 2.364123535156250000e+02
3.779999923706054688e+02 9.493625640869140625e+02 2.357633781433105469e+02
3.770000076293945312e+02 9.492855834960937500e+02 2.359123611450195312e+02
3.779999923706054688e+02 9.489978790283203125e+02 2.350000000000000000e+02
3.787594223022460938e+02 9.494388580322265625e+02 2.356168746948242188e+02
3.790556335449218750e+02 9.492517089843750000e+02 2.350776481628417969e+02
3.789808654785156250e+02 9.487147521972656250e+02 2.339393424987792969e+02
3.794260787963867188e+02 9.495182800292968750e+02 2.354627418518066406e+02
3.800000000000000000e+02 9.493611145019531250e+02 2.347938156127929688e+02
3.800000000000000000e+02 9.496014404296875000e+02 2.352938079833984375e+02
3.806369781494140625e+02 9.494541168212890625e+02 2.345956611633300781e+02
3.800000000000000000e+02 9.489945983886718750e+02 2.339999961853027344e+02
3.800000000000000000e+02 9.486335754394531250e+02 2.331807899475097656e+02
3.809821701049804688e+02 9.492982482910156250e+02 2.340158843994140625e+02
3.809108352661132812e+02 9.487857055664062500e+02 2.329081153869628906e+02
3.813036346435546875e+02 9.495685577392578125e+02 2.343597984313964844e+02
3.817257690429687500e+02 9.494088745117187500e+02 2.336931419372558594e+02
3.820354461669921875e+02 9.492430877685546875e+02 2.330408096313476562e+02
3.820354461669921875e+02 9.496941375732421875e+02 2.340158843994140625e+02
3.823924255371093750e+02 9.495454406738281250e+02 2.334013748168945312e+02
3.820363616943359375e+02 9.502076721191406250e+02 2.350454902648925781e+02
3.830588150024414062e+02 9.501715087890625000e+02 2.340616035461425781e+02
3.830434417724609375e+02 9.496713256835937500e+02 2.330408096313476562e+02
3.827647018432617188e+02 9.503763580322265625e+02 2.347424888610839844e+02
3.834313583374023438e+02 9.505335998535156250e+02 2.344360160827636719e+02
3.837505722045898438e+02 9.503640747070312500e+02 2.337693405151367188e+02
3.840503311157226562e+02 9.501763916015625000e+02 2.330428123474121094e+02
3.840503311157226562e+02 9.506809234619140625e+02 2.340616035461425781e+02
3.844172286987304688e+02 9.505471801757812500e+02 2.334046936035156250e+02
3.840257644653320312e+02 9.511796569824218750e+02 2.350218391418457031e+02
3.850088882446289062e+02 9.512133026123046875e+02 2.339908599853515625e+02
3.850119781494140625e+02 9.507361602783203125e+02 2.330428123474121094e+02
3.846814727783203125e+02 9.513874816894531250e+02 2.347030639648437500e+02
3.853481292724609375e+02 9.515985870361328125e+02 2.343181037902832031e+02
3.856144332885742188e+02 9.514209747314453125e+02 2.336514282226562500e+02
3.859686660766601562e+02 9.512997436523437500e+02 2.329162597656250000e+02
3.860516738891601562e+02 9.519610595703125000e+02 2.340683937072753906e+02
3.862811279296875000e+02 9.516568756103515625e+02 2.331937599182128906e+02
3.857785034179687500e+02 9.522962188720703125e+02 2.350000000000000000e+02
3.867297363281250000e+02 9.523235321044921875e+02 2.338187026977539062e+02
3.864888763427734375e+02 9.525086975097656250e+02 2.344853591918945312e+02
3.869572830200195312e+02 9.520319366455078125e+02 2.329367828369140625e+02
3.871751785278320312e+02 9.517494964599609375e+02 2.319999885559082031e+02
3.865181732177734375e+02 9.514864349365234375e+02 2.325270843505859375e+02
3.866751861572265625e+02 9.513681793212890625e+02 2.319999885559082031e+02
3.859504699707031250e+02 9.508498382568359375e+02 2.319768905639648438e+02
3.870292282104492188e+02 9.511804962158203125e+02 2.309822082519531250e+02
3.862855911254882812e+02 9.506469726562500000e+02 2.309999847412109375e+02
3.869829177856445312e+02 9.507640838623046875e+02 2.300613212585449219e+02
3.873820877075195312e+02 9.515922546386718750e+02 2.313036918640136719e+02
3.875768280029296875e+02 9.514382171630859375e+02 2.306370162963867188e+02
3.877357482910156250e+02 9.513114166259765625e+02 2.300000000000000000e+02
3.880191802978515625e+02 9.519855499267578125e+02 2.310345458984375000e+02
3.882357406616210938e+02 9.517189788818359375e+02 2.300000000000000000e+02
3.884041595458984375e+02 9.515798187255859375e+02 2.292749595642089844e+02
3.880424880981445312e+02 9.511820983886718750e+02 2.289649772644042969e+02
3.879521179199218750e+02 9.508151245117187500e+02 2.280400276184082031e+02
3.885426330566406250e+02 9.514627838134765625e+02 2.286082839965820312e+02
3.873230361938476562e+02 9.506305694580078125e+02 2.289999961853027344e+02
3.868230056762695312e+02 9.502705383300781250e+02 2.289999961853027344e+02
3.874591064453125000e+02 9.505303192138671875e+02 2.284000587463378906e+02
3.870754623413085938e+02 9.501513671875000000e+02 2.280400276184082031e+02
3.869494628906250000e+02 9.497822570800781250e+02 2.270367622375488281e+02
3.875868606567382812e+02 9.504322052001953125e+02 2.277333831787109375e+02
3.863182067871093750e+02 9.496150207519531250e+02 2.279999923706054688e+02
3.858181762695312500e+02 9.493084716796875000e+02 2.279999923706054688e+02
3.864566802978515625e+02 9.495273590087890625e+02 2.273946189880371094e+02
3.859805679321289062e+02 9.497303771972656250e+02 2.290574073791503906e+02
3.856342697143554688e+02 9.494181823730468750e+02 2.287623405456542969e+02
3.860779953002929688e+02 9.501400756835937500e+02 2.300613212585449219e+02
3.854602813720703125e+02 9.495232391357421875e+02 2.294290161132812500e+02
3.850761413574218750e+02 9.491959381103515625e+02 2.290574073791503906e+02
3.852907943725585938e+02 9.496240234375000000e+02 2.300000000000000000e+02
3.849564743041992188e+02 9.497975158691406250e+02 2.309847831726074219e+02
3.847908020019531250e+02 9.493368530273437500e+02 2.300000000000000000e+02
3.839999771118164062e+02 9.489329528808593750e+02 2.300000000000000000e+02
3.845941162109375000e+02 9.494459533691406250e+02 2.306413078308105469e+02
3.840135192871093750e+02 9.492801666259765625e+02 2.309847831726074219e+02
3.836892318725585938e+02 9.494042205810546875e+02 2.317336082458496094e+02
3.843558883666992188e+02 9.495763397216796875e+02 2.313079833984375000e+02
3.829366302490234375e+02 9.487699127197265625e+02 2.309430503845214844e+02
3.822580718994140625e+02 9.485955810546875000e+02 2.312384223937988281e+02
3.825610733032226562e+02 9.484745788574218750e+02 2.305717468261718750e+02
3.832759094238281250e+02 9.485961151123046875e+02 2.300000000000000000e+02
3.830434417724609375e+02 9.492377471923828125e+02 2.320401573181152344e+02
3.819548416137695312e+02 9.487551116943359375e+02 2.319530677795410156e+02
3.834057617187500000e+02 9.495427703857421875e+02 2.324002647399902344e+02
3.827391052246093750e+02 9.493964385986328125e+02 2.327346992492675781e+02
3.840135192871093750e+02 9.497037506103515625e+02 2.320401573181152344e+02
3.850119781494140625e+02 9.502445220947265625e+02 2.319768905639648438e+02
3.855841445922851562e+02 9.504441070556640625e+02 2.316281509399414062e+02
3.853532791137695312e+02 9.505921936035156250e+02 2.322948074340820312e+02
3.846866226196289062e+02 9.503871917724609375e+02 2.327380180358886719e+02
3.857855987548828125e+02 9.503146362304687500e+02 2.309999847412109375e+02
3.811847305297851562e+02 9.485999298095703125e+02 2.322551155090332031e+02
3.815914154052734375e+02 9.484650421142578125e+02 2.315884399414062500e+02
3.809108352661132812e+02 9.483943176269531250e+02 2.319530677795410156e+02
3.819548416137695312e+02 9.483751678466796875e+02 2.309430503845214844e+02
3.809999847412109375e+02 9.480765533447265625e+02 2.309999847412109375e+02
3.820000076293945312e+02 9.480925750732421875e+02 2.300000000000000000e+02
3.809250259399414062e+02 9.477168273925781250e+02 2.299254798889160156e+02
3.820000076293945312e+02 9.478128051757812500e+02 2.289999961853027344e+02
3.827759170532226562e+02 9.483868408203125000e+02 2.300000000000000000e+02
3.830840682983398438e+02 9.482482910156250000e+02 2.290761566162109375e+02
3.829999923706054688e+02 9.479364776611328125e+02 2.279999923706054688e+02
3.834734725952148438e+02 9.485114288330078125e+02 2.294602775573730469e+02
3.836794662475585938e+02 9.484197235107421875e+02 2.287936210632324219e+02
3.840076828002929688e+02 9.483428955078125000e+02 2.279410934448242188e+02
3.840076828002929688e+02 9.486518859863281250e+02 2.290761566162109375e+02
3.843461227416992188e+02 9.485717773437500000e+02 2.282351493835449219e+02
3.849206924438476562e+02 9.487898254394531250e+02 2.279410934448242188e+02
3.851555633544921875e+02 9.486826324462890625e+02 2.269999885559082031e+02
3.845344924926757812e+02 9.484821319580078125e+02 2.275684928894042969e+02
3.846555709838867188e+02 9.484214782714843750e+02 2.269999885559082031e+02
3.839999771118164062e+02 9.481283569335937500e+02 2.269999885559082031e+02
3.848431015014648438e+02 9.483286285400390625e+02 2.259999847412109375e+02
3.839999771118164062e+02 9.479470825195312500e+02 2.259999847412109375e+02
3.850706863403320312e+02 9.482939910888671875e+02 2.249892234802246094e+02
3.853430938720703125e+02 9.485820007324218750e+02 2.259999847412109375e+02
3.854511642456054688e+02 9.485255432128906250e+02 2.253153800964355469e+02
3.859999847412109375e+02 9.489505767822265625e+02 2.259999847412109375e+02
3.859224700927734375e+02 9.487404632568359375e+02 2.249892234802246094e+02
3.860739898681640625e+02 9.492123413085937500e+02 2.270367622375488281e+02
3.866949081420898438e+02 9.493685913085937500e+02 2.259999847412109375e+02
3.868323898315429688e+02 9.492813873291015625e+02 2.250000000000000000e+02
3.865824508666992188e+02 9.494436645507812500e+02 2.267279434204101562e+02
3.871949005126953125e+02 9.497148132324218750e+02 2.259999847412109375e+02
3.873323822021484375e+02 9.496161651611328125e+02 2.250000000000000000e+02
3.878717422485351562e+02 9.502148437500000000e+02 2.259999847412109375e+02
3.880769348144531250e+02 9.501691436767578125e+02 2.250152015686035156e+02
3.877157211303710938e+02 9.503323364257812500e+02 2.269999885559082031e+02
3.882157516479492188e+02 9.507294464111328125e+02 2.269999885559082031e+02
3.879999923706054688e+02 9.499518585205078125e+02 2.239999961853027344e+02
3.884615707397460938e+02 9.505306243896484375e+02 2.253586769104003906e+02
3.885482406616210938e+02 9.504604339599609375e+02 2.246920204162597656e+02
3.886104965209960938e+02 9.504109191894531250e+02 2.239999961853027344e+02
3.886787796020507812e+02 9.503591918945312500e+02 2.229999923706054688e+02
3.891105270385742188e+02 9.508290863037109375e+02 2.239999961853027344e+02
3.891787719726562500e+02 9.507646179199218750e+02 2.229999923706054688e+02
3.892206192016601562e+02 9.507262420654296875e+02 2.219999885559082031e+02
3.897509002685546875e+02 9.512646484375000000e+02 2.229999923706054688e+02
3.897932052612304688e+02 9.512261962890625000e+02 2.219999885559082031e+02
3.898000717163085938e+02 9.512216186523437500e+02 2.209999847412109375e+02
3.902931976318359375e+02 9.517025756835937500e+02 2.219999885559082031e+02
3.903000640869140625e+02 9.516950225830078125e+02 2.209999847412109375e+02
3.907958984375000000e+02 9.521950531005859375e+02 2.209999847412109375e+02
3.902656173706054688e+02 9.517270660400390625e+02 2.200000000000000000e+02
3.897655868530273438e+02 9.512547302246093750e+02 2.200000000000000000e+02
3.891858291625976562e+02 9.507546997070312500e+02 2.200000000000000000e+02
3.896987533569335938e+02 9.513169097900390625e+02 2.189999961853027344e+02
3.891138076782226562e+02 9.508168792724609375e+02 2.189999961853027344e+02
3.896086120605468750e+02 9.514002227783203125e+02 2.179999923706054688e+02
3.889288330078125000e+02 9.508338928222656250e+02 2.179727745056152344e+02
3.895377349853515625e+02 9.514654541015625000e+02 2.173489952087402344e+02
3.890703201293945312e+02 9.511505126953125000e+02 2.170093917846679688e+02
3.883812332153320312e+02 9.505891418457031250e+02 2.169999885559082031e+02
3.894505310058593750e+02 9.515438842773437500e+02 2.166823387145996094e+02
3.888461303710937500e+02 9.512128448486328125e+02 2.159999847412109375e+02
3.886712265014648438e+02 9.513601684570312500e+02 2.150000000000000000e+02
3.882145309448242188e+02 9.507128906250000000e+02 2.159999847412109375e+02
3.877145385742187500e+02 9.503466033935546875e+02 2.159999847412109375e+02
3.879483795166015625e+02 9.508180236816406250e+02 2.149906539916992188e+02
3.875806808471679688e+02 9.504423522949218750e+02 2.153177452087402344e+02
3.874226379394531250e+02 9.505497741699218750e+02 2.146510887145996094e+02
3.880248641967773438e+02 9.512155914306640625e+02 2.140377807617187500e+02
3.872244644165039062e+02 9.506751251220703125e+02 2.139999961853027344e+02
3.877080917358398438e+02 9.513504028320312500e+02 2.132012557983398438e+02
3.883747482299804688e+02 9.515947723388671875e+02 2.137296295166015625e+02
3.885506439208984375e+02 9.514591217041015625e+02 2.143963050842285156e+02
3.880248641967773438e+02 9.517251586914062500e+02 2.129207611083984375e+02
3.874724197387695312e+02 9.515184783935546875e+02 2.125345993041992188e+02
3.879919433593750000e+02 9.522016143798828125e+02 2.120294952392578125e+02
3.887778854370117188e+02 9.522676086425781250e+02 2.129999923706054688e+02
3.885865783691406250e+02 9.524287414550781250e+02 2.123824882507324219e+02
3.889940261840820312e+02 9.530087280273437500e+02 2.120094108581542969e+02
3.887348175048828125e+02 9.533036804199218750e+02 2.112163162231445312e+02
3.894014739990234375e+02 9.535875701904296875e+02 2.116363334655761719e+02
3.883199310302734375e+02 9.526370239257812500e+02 2.117158317565917969e+02
3.880530929565429688e+02 9.529641723632812500e+02 2.109442520141601562e+02
3.876532745361328125e+02 9.523889160156250000e+02 2.113388633728027344e+02
3.873117446899414062e+02 9.526245880126953125e+02 2.106721878051757812e+02
3.877862167358398438e+02 9.532913208007812500e+02 2.102359962463378906e+02
3.884529113769531250e+02 9.535367584228515625e+02 2.105496406555175781e+02
3.880717468261718750e+02 9.537409210205078125e+02 2.099415969848632812e+02
3.890408706665039062e+02 9.537659454345703125e+02 2.109297943115234375e+02
3.889200210571289062e+02 9.542969512939453125e+02 2.100889396667480469e+02
3.897045135498046875e+02 9.543048858642578125e+02 2.109999847412109375e+02
3.895156478881835938e+02 9.544856262207031250e+02 2.104815864562988281e+02
3.885333633422851562e+02 9.544725799560546875e+02 2.094689750671386719e+02
3.892000579833984375e+02 9.547648620605468750e+02 2.098149108886718750e+02
3.888773345947265625e+02 9.551089477539062500e+02 2.091141700744628906e+02
3.885546493530273438e+02 9.554530334472656250e+02 2.084538841247558594e+02
3.879999923706054688e+02 9.547338867187500000e+02 2.087465858459472656e+02
3.879999923706054688e+02 9.542735290527343750e+02 2.092465782165527344e+02
3.879999923706054688e+02 9.552339172363281250e+02 2.082447052001953125e+02
3.874629974365234375e+02 9.545255279541015625e+02 2.085264587402343750e+02
3.871043395996093750e+02 9.539353179931640625e+02 2.089248657226562500e+02
3.871179199218750000e+02 9.549222564697265625e+02 2.079248428344726562e+02
3.862610626220703125e+02 9.546523284912109375e+02 2.076439857482910156e+02
3.867963409423828125e+02 9.543118286132812500e+02 2.083106422424316406e+02
3.867728805541992188e+02 9.553189849853515625e+02 2.073374557495117188e+02
3.874395370483398438e+02 9.555420684814453125e+02 2.075390434265136719e+02
3.870733642578125000e+02 9.559516143798828125e+02 2.069570159912109375e+02
3.879999923706054688e+02 9.557589721679687500e+02 2.077447128295898438e+02
3.879999923706054688e+02 9.562590026855468750e+02 2.072869873046875000e+02
3.888778305053710938e+02 9.561100769042968750e+02 2.081038093566894531e+02
3.885343551635742188e+02 9.564698791503906250e+02 2.074727439880371094e+02
3.880806732177734375e+02 9.569549560546875000e+02 2.067428779602050781e+02
3.873738098144531250e+02 9.565915679931640625e+02 2.065765762329101562e+02
3.878010940551757812e+02 9.572582244873046875e+02 2.063124465942382812e+02
3.869718933105468750e+02 9.570207977294921875e+02 2.060150909423828125e+02
3.865699768066406250e+02 9.574500274658203125e+02 2.054627799987792969e+02
3.872366333007812500e+02 9.576920318603515625e+02 2.056457710266113281e+02
3.859999847412109375e+02 9.567620086669921875e+02 2.057008361816406250e+02
3.867071533203125000e+02 9.563611602783203125e+02 2.063844108581542969e+02
3.859151077270507812e+02 9.560166931152343750e+02 2.062527465820312500e+02
3.861918258666992188e+02 9.556944274902343750e+02 2.066707992553710938e+02
3.850349807739257812e+02 9.560239410400390625e+02 2.058194541931152344e+02
3.855251693725585938e+02 9.554844665527343750e+02 2.064867782592773438e+02
3.850000000000000000e+02 9.553329467773437500e+02 2.063617897033691406e+02
3.858930969238281250e+02 9.550684356689453125e+02 2.070588684082031250e+02
3.850000000000000000e+02 9.548329925537109375e+02 2.067923545837402344e+02
3.855943679809570312e+02 9.544436645507812500e+02 2.074469566345214844e+02
3.859297943115234375e+02 9.540444183349609375e+02 2.080420112609863281e+02
3.850000000000000000e+02 9.542763519287109375e+02 2.072923660278320312e+02
3.839319229125976562e+02 9.540313720703125000e+02 2.070269203186035156e+02
3.850000000000000000e+02 9.537763214111328125e+02 2.077724075317382812e+02
3.842992782592773438e+02 9.535915374755859375e+02 2.075898551940917969e+02
3.850000000000000000e+02 9.532794952392578125e+02 2.082724189758300781e+02
3.839556121826171875e+02 9.530200195312500000e+02 2.080198287963867188e+02
3.855985260009765625e+02 9.534420013427734375e+02 2.084400367736816406e+02
3.850000000000000000e+02 9.527794647216796875e+02 2.088134956359863281e+02
3.850000000000000000e+02 9.523412322998046875e+02 2.093135070800781250e+02
3.858996963500976562e+02 9.530601501464843750e+02 2.090667343139648438e+02
3.842786407470703125e+02 9.525972747802734375e+02 2.086077880859375000e+02
3.839671707153320312e+02 9.521579742431640625e+02 2.089646720886230469e+02
3.836119461059570312e+02 9.524534606933593750e+02 2.084498023986816406e+02
3.839999771118164062e+02 9.516073608398437500e+02 2.096346664428710938e+02
3.830971527099609375e+02 9.517712402343750000e+02 2.090128898620605469e+02
3.829999923706054688e+02 9.523376464843750000e+02 2.083267402648925781e+02
3.828285980224609375e+02 9.513791656494140625e+02 2.093548393249511719e+02
3.834952545166015625e+02 9.515018463134765625e+02 2.095022773742675781e+02
3.820000076293945312e+02 9.516572570800781250e+02 2.086802291870117188e+02
3.820000076293945312e+02 9.521572875976562500e+02 2.081387710571289062e+02
3.820000076293945312e+02 9.512326812744140625e+02 2.091802406311035156e+02
3.813495635986328125e+02 9.515463256835937500e+02 2.085521316528320312e+02
3.810097503662109375e+02 9.511270141601562500e+02 2.089312744140625000e+02
3.810374069213867188e+02 9.519907379150390625e+02 2.079872512817382812e+02
3.800000000000000000e+02 9.518390655517578125e+02 2.078467178344726562e+02
3.806829071044921875e+02 9.514461517333984375e+02 2.084420204162597656e+02
3.807252502441406250e+02 9.524351501464843750e+02 2.074372673034667969e+02
3.813919067382812500e+02 9.525331878662109375e+02 2.075325012207031250e+02
3.809994888305664062e+02 9.530015563964843750e+02 2.069974136352539062e+02
3.820000076293945312e+02 9.526386260986328125e+02 2.076387786865234375e+02
3.820000076293945312e+02 9.531385803222656250e+02 2.071638679504394531e+02
3.829999923706054688e+02 9.528208160400390625e+02 2.078267478942871094e+02
3.829999923706054688e+02 9.533207702636718750e+02 2.073289680480957031e+02
3.829999923706054688e+02 9.538643646240234375e+02 2.068289566040039062e+02
3.836325836181640625e+02 9.534427642822265625e+02 2.074443244934082031e+02
3.829999923706054688e+02 9.543643951416015625e+02 2.063838577270507812e+02
3.820000076293945312e+02 9.536859893798828125e+02 2.066638755798339844e+02
3.812737655639648438e+02 9.535667419433593750e+02 2.065575408935546875e+02
3.820000076293945312e+02 9.541859436035156250e+02 2.062379837036132812e+02
3.820000076293945312e+02 9.548003387451171875e+02 2.057379913330078125e+02
3.809642410278320312e+02 9.539400482177734375e+02 2.061767387390136719e+02
3.806071090698242188e+02 9.534698486328125000e+02 2.064740753173828125e+02
3.799633789062500000e+02 9.540859985351562500e+02 2.058525466918945312e+02
3.809999847412109375e+02 9.546481323242187500e+02 2.056153678894042969e+02
3.802723312377929688e+02 9.545523834228515625e+02 2.055401420593261719e+02
3.809999847412109375e+02 9.551481628417968750e+02 2.052367973327636719e+02
3.809999847412109375e+02 9.558369445800781250e+02 2.047367858886718750e+02
3.820000076293945312e+02 9.553002929687500000e+02 2.053475952148437500e+02
3.799633789062500000e+02 9.549314880371093750e+02 2.052104949951171875e+02
3.789999771118164062e+02 9.550000000000000000e+02 2.050473022460937500e+02
3.796056747436523438e+02 9.544766235351562500e+02 2.054822540283203125e+02
3.800000000000000000e+02 9.557217407226562500e+02 2.046514129638671875e+02
3.800000000000000000e+02 9.562216949462890625e+02 2.043169403076171875e+02
3.789999771118164062e+02 9.556478881835937500e+02 2.045971298217773438e+02
3.789999771118164062e+02 9.561479187011718750e+02 2.042767524719238281e+02
3.779999923706054688e+02 9.556164550781250000e+02 2.045738983154296875e+02
3.779999923706054688e+02 9.550000000000000000e+02 2.049894332885742188e+02
3.779999923706054688e+02 9.561164855957031250e+02 2.042643165588378906e+02
3.770000076293945312e+02 9.556150054931640625e+02 2.045705223083496094e+02
3.759999847412109375e+02 9.556448364257812500e+02 2.045875358581542969e+02
3.770000076293945312e+02 9.550000000000000000e+02 2.049689292907714844e+02
3.770000076293945312e+02 9.561149597167968750e+02 2.042703247070312500e+02
3.770000076293945312e+02 9.569665527343750000e+02 2.037703323364257812e+02
3.759999847412109375e+02 9.561448669433593750e+02 2.042910957336425781e+02
3.750000000000000000e+02 9.562138366699218750e+02 2.043319129943847656e+02
3.760514450073242188e+02 9.570938873291015625e+02 2.037440490722656250e+02
3.764191055297851562e+02 9.574897766113281250e+02 2.034942436218261719e+02
3.750000000000000000e+02 9.570000457763671875e+02 2.038902473449707031e+02
3.757524108886718750e+02 9.575341796875000000e+02 2.035186195373535156e+02
3.760514450073242188e+02 9.579205322265625000e+02 2.032912635803222656e+02
3.750000000000000000e+02 9.576099395751953125e+02 2.035583305358886719e+02
3.750000000000000000e+02 9.581099700927734375e+02 2.032984352111816406e+02
3.739999771118164062e+02 9.577394866943359375e+02 2.036237525939941406e+02
3.739999771118164062e+02 9.570000457763671875e+02 2.040157318115234375e+02
3.739999771118164062e+02 9.582394409179687500e+02 2.033685684204101562e+02
3.729999923706054688e+02 9.578962707519531250e+02 2.036985969543457031e+02
3.729185485839843750e+02 9.569057464599609375e+02 2.042289924621582031e+02
3.729999923706054688e+02 9.583963012695312500e+02 2.034484291076660156e+02
3.720842361450195312e+02 9.580929565429687500e+02 2.037759780883789062e+02
3.720000076293945312e+02 9.571179962158203125e+02 2.042927360534667969e+02
3.724737548828125000e+02 9.584882354736328125e+02 2.034942626953125000e+02
3.718070983886718750e+02 9.586511993408203125e+02 2.035696601867675781e+02
3.709999847412109375e+02 9.580000305175781250e+02 2.040954780578613281e+02
3.700910949707031250e+02 9.580381011962890625e+02 2.043645668029785156e+02
3.709999847412109375e+02 9.573534393310546875e+02 2.044194793701171875e+02
3.709302520751953125e+02 9.589907073974609375e+02 2.036498832702636719e+02
3.712170791625976562e+02 9.593178558349609375e+02 2.034194374084472656e+02
3.705504226684570312e+02 9.595365142822265625e+02 2.035151481628417969e+02
3.700000000000000000e+02 9.590000152587890625e+02 2.039441108703613281e+02
3.690238571166992188e+02 9.590102386474609375e+02 2.043058967590332031e+02
3.700000000000000000e+02 9.597639465332031250e+02 2.036093521118164062e+02
3.700000000000000000e+02 9.602639770507812500e+02 2.034066581726074219e+02
3.690889739990234375e+02 9.600892639160156250e+02 2.038140678405761719e+02
3.694816589355468750e+02 9.604821014404296875e+02 2.034927368164062500e+02
3.688150024414062500e+02 9.608150482177734375e+02 2.036282730102539062e+02
3.680067062377929688e+02 9.600106048583984375e+02 2.042974090576171875e+02
3.683444976806640625e+02 9.593504333496093750e+02 2.044311523437500000e+02
3.676778411865234375e+02 9.596842956542968750e+02 2.045822143554687500e+02
3.673720169067382812e+02 9.603509521484375000e+02 2.044362449645996094e+02
3.680896759033203125e+02 9.610890197753906250e+02 2.038212585449218750e+02
3.684828186035156250e+02 9.614817047119140625e+02 2.034927368164062500e+02
3.670232009887695312e+02 9.610508728027343750e+02 2.043241500854492188e+02
3.677742767333984375e+02 9.620000457763671875e+02 2.036194992065429688e+02
3.670000076293945312e+02 9.620000457763671875e+02 2.039806175231933594e+02
3.675495529174804688e+02 9.625688171386718750e+02 2.035217666625976562e+02
3.682742691040039062e+02 9.620000457763671875e+02 2.034066581726074219e+02
3.679297256469726562e+02 9.629412841796875000e+02 2.032546424865722656e+02
3.689999771118164062e+02 9.620000457763671875e+02 2.031279563903808594e+02
3.690889739990234375e+02 9.610890197753906250e+02 2.034114456176757812e+02
3.689999771118164062e+02 9.630000305175781250e+02 2.028237915039062500e+02
3.700791931152343750e+02 9.620792388916015625e+02 2.027339172363281250e+02
3.700000000000000000e+02 9.610000610351562500e+02 2.031279563903808594e+02
3.704653167724609375e+02 9.624653625488281250e+02 2.024892997741699219e+02
3.697250366210937500e+02 9.630000305175781250e+02 2.025714492797851562e+02
3.709999847412109375e+02 9.617250823974609375e+02 2.025714492797851562e+02
3.709999847412109375e+02 9.610000610351562500e+02 2.028237915039062500e+02
3.709999847412109375e+02 9.622251129150390625e+02 2.024167442321777344e+02
3.715019226074218750e+02 9.615014648437500000e+02 2.025004577636718750e+02
3.719011306762695312e+02 9.609707641601562500e+02 2.025982284545898438e+02
3.719011306762695312e+02 9.619008636474609375e+02 2.022870063781738281e+02
3.721685791015625000e+02 9.612845611572265625e+02 2.024249267578125000e+02
3.720000076293945312e+02 9.630000305175781250e+02 2.019482421875000000e+02
3.729999923706054688e+02 9.620000457763671875e+02 2.020216560363769531e+02
3.730342483520507812e+02 9.609707641601562500e+02 2.023603439331054688e+02
3.730871582031250000e+02 9.630904388427734375e+02 2.016839218139648438e+02
3.739999771118164062e+02 9.620000457763671875e+02 2.018465423583984375e+02
3.739999771118164062e+02 9.610000610351562500e+02 2.021862030029296875e+02
3.739999771118164062e+02 9.628302001953125000e+02 2.015916633605957031e+02
3.750677490234375000e+02 9.620881652832031250e+02 2.016692733764648438e+02
3.750000000000000000e+02 9.610000610351562500e+02 2.020489692687988281e+02
3.754462432861328125e+02 9.624802398681640625e+02 2.014936065673828125e+02
3.747795867919921875e+02 9.626229858398437500e+02 2.015344429016113281e+02
3.759999847412109375e+02 9.619035339355468750e+02 2.016328620910644531e+02
3.759999847412109375e+02 9.624035644531250000e+02 2.014692687988281250e+02
3.770000076293945312e+02 9.617895507812500000e+02 2.015943717956542969e+02
3.759999847412109375e+02 9.610000610351562500e+02 2.019466972351074219e+02
3.760542297363281250e+02 9.599327850341796875e+02 2.023471450805664062e+02
3.770000076293945312e+02 9.610000610351562500e+02 2.018746757507324219e+02
3.770000076293945312e+02 9.600000000000000000e+02 2.022553253173828125e+02
3.779999923706054688e+02 9.610000610351562500e+02 2.018375587463378906e+02
3.779999923706054688e+02 9.600000000000000000e+02 2.022209167480468750e+02
3.779999923706054688e+02 9.617276000976562500e+02 2.015736389160156250e+02
3.789999771118164062e+02 9.610000610351562500e+02 2.018350219726562500e+02
3.789999771118164062e+02 9.617182922363281250e+02 2.015711021423339844e+02
3.800000000000000000e+02 9.610000610351562500e+02 2.018619728088378906e+02
3.789999771118164062e+02 9.600000000000000000e+02 2.022219085693359375e+02
3.800000000000000000e+02 9.600000000000000000e+02 2.022560119628906250e+02
3.789999771118164062e+02 9.594088745117187500e+02 2.024579811096191406e+02
3.779999923706054688e+02 9.594058227539062500e+02 2.024569892883300781e+02
3.789999771118164062e+02 9.589089202880859375e+02 2.026939964294433594e+02
3.800000000000000000e+02 9.594524383544921875e+02 2.024776649475097656e+02
3.800000000000000000e+02 9.589524078369140625e+02 2.027211761474609375e+02
3.805319213867187500e+02 9.594911193847656250e+02 2.024956703186035156e+02
3.809191513061523438e+02 9.590946960449218750e+02 2.027505302429199219e+02
3.809191513061523438e+02 9.599555206298828125e+02 2.023502731323242188e+02
3.811985778808593750e+02 9.595925140380859375e+02 2.025426101684570312e+02
3.820000076293945312e+02 9.602359771728515625e+02 2.023820686340332031e+02
3.809999847412109375e+02 9.610000610351562500e+02 2.019338417053222656e+02
3.809999847412109375e+02 9.618362426757812500e+02 2.016177177429199219e+02
3.820000076293945312e+02 9.610000610351562500e+02 2.020606231689453125e+02
3.820097732543945312e+02 9.620595550537109375e+02 2.016548538208007812e+02
3.830573272705078125e+02 9.609196472167968750e+02 2.022771072387695312e+02
3.834288787841796875e+02 9.605326843261718750e+02 2.025149154663085938e+02
3.829999923706054688e+02 9.620000457763671875e+02 2.018326377868652344e+02
3.839999771118164062e+02 9.611851501464843750e+02 2.023624801635742188e+02
3.827622222900390625e+02 9.603887939453125000e+02 2.024480438232421875e+02
3.830573272705078125e+02 9.600332641601562500e+02 2.026810836791992188e+02
3.830286026000976562e+02 9.589304351806640625e+02 2.032423591613769531e+02
3.820000076293945312e+02 9.597360229492187500e+02 2.026127815246582031e+02
3.839999771118164062e+02 9.600000000000000000e+02 2.029220390319824219e+02
3.839999771118164062e+02 9.592041778564453125e+02 2.033362007141113281e+02
3.839999771118164062e+02 9.606851959228515625e+02 2.025858306884765625e+02
3.850187301635742188e+02 9.599494171142578125e+02 2.032406806945800781e+02
3.846979141235351562e+02 9.593881988525390625e+02 2.034358024597167969e+02
3.853645706176757812e+02 9.595822906494140625e+02 2.035462570190429688e+02
3.859999847412109375e+02 9.602995300292968750e+02 2.033925056457519531e+02
3.850157546997070312e+02 9.610285186767578125e+02 2.027037811279296875e+02
3.846929168701171875e+02 9.613808441162109375e+02 2.024465179443359375e+02
3.853595733642578125e+02 9.615946960449218750e+02 2.025409507751464844e+02
3.859999847412109375e+02 9.610000610351562500e+02 2.030438232421875000e+02
3.860750961303710938e+02 9.619567871093750000e+02 2.026298713684082031e+02
3.859999847412109375e+02 9.597995758056640625e+02 2.036713790893554688e+02
3.865201568603515625e+02 9.604837799072265625e+02 2.034908485412597656e+02
3.860180664062500000e+02 9.589560699462890625e+02 2.041862487792968750e+02
3.863634490966796875e+02 9.585934448242187500e+02 2.045619201660156250e+02
3.868177413940429688e+02 9.592601013183593750e+02 2.043489074707031250e+02
3.850187301635742188e+02 9.590329742431640625e+02 2.037553405761718750e+02
3.856967926025390625e+02 9.583731842041015625e+02 2.044152450561523438e+02
3.850000000000000000e+02 9.581652069091796875e+02 2.042844772338867188e+02
3.860180664062500000e+02 9.580239105224609375e+02 2.048002243041992188e+02
3.859999847412109375e+02 9.572620391845703125e+02 2.053288459777832031e+02
3.850000000000000000e+02 9.576651763916015625e+02 2.046135711669921875e+02
3.869419860839843750e+02 9.580152893066406250e+02 2.052531814575195312e+02
3.870906448364257812e+02 9.589560699462890625e+02 2.046802711486816406e+02
3.876742935180664062e+02 9.583587646484375000e+02 2.053972816467285156e+02
3.874843978881835938e+02 9.595128631591796875e+02 2.045079040527343750e+02
3.844734191894531250e+02 9.575137329101562500e+02 2.045090866088867188e+02
3.850349807739257812e+02 9.569396209716796875e+02 2.051329231262207031e+02
3.840840530395507812e+02 9.570080566406250000e+02 2.047195053100585938e+02
3.847249984741210938e+02 9.563731384277343750e+02 2.054034233093261719e+02
3.853916549682617188e+02 9.565660095214843750e+02 2.055500221252441406e+02
3.839999771118164062e+02 9.561901855468750000e+02 2.052675628662109375e+02
3.830266189575195312e+02 9.559282684326171875e+02 2.051550674438476562e+02
3.839999771118164062e+02 9.556901550292968750e+02 2.056494140625000000e+02
3.839387512207031250e+02 9.549756622314453125e+02 2.062044334411621094e+02
3.833777236938476562e+02 9.555471038818359375e+02 2.055369186401367188e+02
3.830266189575195312e+02 9.550531768798828125e+02 2.058292579650878906e+02
3.827110671997070312e+02 9.554219818115234375e+02 2.054395866394042969e+02
3.835645675659179688e+02 9.544712829589843750e+02 2.064748382568359375e+02
3.842312240600585938e+02 9.546261596679687500e+02 2.066095352172851562e+02
3.829999923706054688e+02 9.566712951660156250e+02 2.046141433715820312e+02
3.820186996459960938e+02 9.560612487792968750e+02 2.047974014282226562e+02
3.816978073120117188e+02 9.564354705810546875e+02 2.044552612304687500e+02
3.823645019531250000e+02 9.565483093261718750e+02 2.045322227478027344e+02
3.820186996459960938e+02 9.569290161132812500e+02 2.042104530334472656e+02
3.809999847412109375e+02 9.570000457763671875e+02 2.039615058898925781e+02
3.820000076293945312e+02 9.577833557128906250e+02 2.036716270446777344e+02
3.829999923706054688e+02 9.571713256835937500e+02 2.042901611328125000e+02
3.830286026000976562e+02 9.580500793457031250e+02 2.037495040893554688e+02
3.838067245483398438e+02 9.573468017578125000e+02 2.044013023376464844e+02
3.840840530395507812e+02 9.579082489013671875e+02 2.041365814208984375e+02
3.839999771118164062e+02 9.587041473388671875e+02 2.036197662353515625e+02
3.833810043334960938e+02 9.585506439208984375e+02 2.035289573669433594e+02
3.827143478393554688e+02 9.584167480468750000e+02 2.034503746032714844e+02
3.820000076293945312e+02 9.582833862304687500e+02 2.033730697631835938e+02
3.820000076293945312e+02 9.590000152587890625e+02 2.029858589172363281e+02
3.809999847412109375e+02 9.581208801269531250e+02 2.032811927795410156e+02
3.799800109863281250e+02 9.579200744628906250e+02 2.032692909240722656e+02
3.809999847412109375e+02 9.576208496093750000e+02 2.035724067687988281e+02
3.802999877929687500e+02 9.575334167480468750e+02 2.035199546813964844e+02
3.799800109863281250e+02 9.570874023437500000e+02 2.037655258178710938e+02
3.796333312988281250e+02 9.574789428710937500e+02 2.034872627258300781e+02
3.789999771118164062e+02 9.569550323486328125e+02 2.037767601013183594e+02
3.789999771118164062e+02 9.574550628662109375e+02 2.034733009338378906e+02
3.779999923706054688e+02 9.569450378417968750e+02 2.037643241882324219e+02
3.779999923706054688e+02 9.574450683593750000e+02 2.034679412841796875e+02
3.770000076293945312e+02 9.574665069580078125e+02 2.034807777404785156e+02
3.779999923706054688e+02 9.580000305175781250e+02 2.031581306457519531e+02
3.770000076293945312e+02 9.580000305175781250e+02 2.031879997253417969e+02
3.779999923706054688e+02 9.589057922363281250e+02 2.026901817321777344e+02
3.789999771118164062e+02 9.580000305175781250e+02 2.031673049926757812e+02
3.770000076293945312e+02 9.589452362060546875e+02 2.027072334289550781e+02
3.760542297363281250e+02 9.590914154052734375e+02 2.027084541320800781e+02
3.770000076293945312e+02 9.594451904296875000e+02 2.024750137329101562e+02
3.764236831665039062e+02 9.594856262207031250e+02 2.024934577941894531e+02
3.750000000000000000e+02 9.590000152587890625e+02 2.028670501708984375e+02
3.757570266723632812e+02 9.595546722412109375e+02 2.025228881835937500e+02
3.750000000000000000e+02 9.596609497070312500e+02 2.025685882568359375e+02
3.739999771118164062e+02 9.598332214355468750e+02 2.026414680480957031e+02
3.750000000000000000e+02 9.601609039306640625e+02 2.023632240295410156e+02
3.739999771118164062e+02 9.603332519531250000e+02 2.024313354492187500e+02
3.733904647827148438e+02 9.604511260986328125e+02 2.024798774719238281e+02
3.730342483520507812e+02 9.600706481933593750e+02 2.027052307128906250e+02
3.720000076293945312e+02 9.600000000000000000e+02 2.029463195800781250e+02
3.727237701416015625e+02 9.606179046630859375e+02 2.025429534912109375e+02
3.729999923706054688e+02 9.590000152587890625e+02 2.031727790832519531e+02
3.720842361450195312e+02 9.589907073974609375e+02 2.033556556701660156e+02
3.739999771118164062e+02 9.590000152587890625e+02 2.030100250244140625e+02
3.709302520751953125e+02 9.599218750000000000e+02 2.032535362243652344e+02
3.809999847412109375e+02 9.563368988037109375e+02 2.043890953063964844e+02
3.839999771118164062e+02 9.620000457763671875e+02 2.020297050476074219e+02
3.829999923706054688e+02 9.627224731445312500e+02 2.015722656250000000e+02
3.823496246337890625e+02 9.625621032714843750e+02 2.015200233459472656e+02
3.829999923706054688e+02 9.632224273681640625e+02 2.014138793945312500e+02
3.820097732543945312e+02 9.629373168945312500e+02 2.013619804382324219e+02
3.829999923706054688e+02 9.640000152587890625e+02 2.011923408508300781e+02
3.836576461791992188e+02 9.634011840820312500e+02 2.014688110351562500e+02
3.839945983886718750e+02 9.639744567871093750e+02 2.013723564147949219e+02
3.829999923706054688e+02 9.650000000000000000e+02 2.009590721130371094e+02
3.820000076293945312e+02 9.640000152587890625e+02 2.010595893859863281e+02
3.820000076293945312e+02 9.650000000000000000e+02 2.008349037170410156e+02
3.809999847412109375e+02 9.640000152587890625e+02 2.009725761413574219e+02
3.800000000000000000e+02 9.640000152587890625e+02 2.009311103820800781e+02
3.809999847412109375e+02 9.630000305175781250e+02 2.012430000305175781e+02
3.809999847412109375e+02 9.650000000000000000e+02 2.007595634460449219e+02
3.809047698974609375e+02 9.660987854003906250e+02 2.005755805969238281e+02
3.800000000000000000e+02 9.650000000000000000e+02 2.007262992858886719e+02
3.789999771118164062e+02 9.650000000000000000e+02 2.007171821594238281e+02
3.800000000000000000e+02 9.659713745117187500e+02 2.005697250366210938e+02
3.800000000000000000e+02 9.664714050292968750e+02 2.004959678649902344e+02
3.789999771118164062e+02 9.659458160400390625e+02 2.005652427673339844e+02
3.779999923706054688e+02 9.659713745117187500e+02 2.005697250366210938e+02
3.789999771118164062e+02 9.664457702636718750e+02 2.004923629760742188e+02
3.779999923706054688e+02 9.664714050292968750e+02 2.004959678649902344e+02
3.789999771118164062e+02 9.670000457763671875e+02 2.004337120056152344e+02
3.779999923706054688e+02 9.670000457763671875e+02 2.004398918151855469e+02
3.789999771118164062e+02 9.680000305175781250e+02 2.003826522827148438e+02
3.800000000000000000e+02 9.670000457763671875e+02 2.004398918151855469e+02
3.800000000000000000e+02 9.680000305175781250e+02 2.003852462768554688e+02
3.809047698974609375e+02 9.669628143310546875e+02 2.004627227783203125e+02
3.805079269409179688e+02 9.664979553222656250e+02 2.004997062683105469e+02
3.809999847412109375e+02 9.680000305175781250e+02 2.003975486755371094e+02
3.820000076293945312e+02 9.673162841796875000e+02 2.004788208007812500e+02
3.811746215820312500e+02 9.666046905517578125e+02 2.005125808715820312e+02
3.820000076293945312e+02 9.668163299560546875e+02 2.005404853820800781e+02
3.820000076293945312e+02 9.660000610351562500e+02 2.006607437133789062e+02
3.829091644287109375e+02 9.670902252197265625e+02 2.006043815612792969e+02
3.825152969360351562e+02 9.674837493896484375e+02 2.004979515075683594e+02
3.831134033203125000e+02 9.680000305175781250e+02 2.005524444580078125e+02
3.839999771118164062e+02 9.670000457763671875e+02 2.007863426208496094e+02
3.829999923706054688e+02 9.660000610351562500e+02 2.007780075073242188e+02
3.839999771118164062e+02 9.660000610351562500e+02 2.009386253356933594e+02
3.839999771118164062e+02 9.680000305175781250e+02 2.006884765625000000e+02
3.850000000000000000e+02 9.670000457763671875e+02 2.009836387634277344e+02
3.850000000000000000e+02 9.680000305175781250e+02 2.008761978149414062e+02
3.850000000000000000e+02 9.690000152587890625e+02 2.008235740661621094e+02
3.850000000000000000e+02 9.700000000000000000e+02 2.008254051208496094e+02
3.859999847412109375e+02 9.690000152587890625e+02 2.010375595092773438e+02
3.839999771118164062e+02 9.690000152587890625e+02 2.006465148925781250e+02
3.832429885864257812e+02 9.690000152587890625e+02 2.005331420898437500e+02
3.839999771118164062e+02 9.700000000000000000e+02 2.006557273864746094e+02
3.832077789306640625e+02 9.700000000000000000e+02 2.005379486083984375e+02
3.839999771118164062e+02 9.710000610351562500e+02 2.007219886779785156e+02
3.829533767700195312e+02 9.709774780273437500e+02 2.005686569213867188e+02
3.839999771118164062e+02 9.720000457763671875e+02 2.008351707458496094e+02
3.850000000000000000e+02 9.710000610351562500e+02 2.008837509155273438e+02
3.850000000000000000e+02 9.720000457763671875e+02 2.009889793395996094e+02
3.859999847412109375e+02 9.710000610351562500e+02 2.010711097717285156e+02
3.859999847412109375e+02 9.700000000000000000e+02 2.010263824462890625e+02
3.859999847412109375e+02 9.720000457763671875e+02 2.011651802062988281e+02
3.870000076293945312e+02 9.710000610351562500e+02 2.013014984130859375e+02
3.870000076293945312e+02 9.700000000000000000e+02 2.012707710266113281e+02
3.870489120483398438e+02 9.719828033447265625e+02 2.013961410522460938e+02
3.876007461547851562e+02 9.710000610351562500e+02 2.014640426635742188e+02
3.876308059692382812e+02 9.700000000000000000e+02 2.014520263671875000e+02
3.881007385253906250e+02 9.710000610351562500e+02 2.016465377807617188e+02
3.875419998168945312e+02 9.716379547119140625e+02 2.014852905273437500e+02
3.866922378540039062e+02 9.730000305175781250e+02 2.014530944824218750e+02
3.874148559570312500e+02 9.723046112060546875e+02 2.015217399597167969e+02
3.859999847412109375e+02 9.730000305175781250e+02 2.013099098205566406e+02
3.850000000000000000e+02 9.730000305175781250e+02 2.011375236511230469e+02
3.859999847412109375e+02 9.737236785888671875e+02 2.014478492736816406e+02
3.850623321533203125e+02 9.740740203857421875e+02 2.013627433776855469e+02
3.839999771118164062e+02 9.740000152587890625e+02 2.011838722229003906e+02
3.847705459594726562e+02 9.746675109863281250e+02 2.014564323425292969e+02
3.854372024536132812e+02 9.744567108154296875e+02 2.015105819702148438e+02
3.839330291748046875e+02 9.750005340576171875e+02 2.014119338989257812e+02
3.835550308227539062e+02 9.755285644531250000e+02 2.014914512634277344e+02
3.842217254638671875e+02 9.753342437744140625e+02 2.015448570251464844e+02
3.829999923706054688e+02 9.750000000000000000e+02 2.012837219238281250e+02
3.820000076293945312e+02 9.750000000000000000e+02 2.011681938171386719e+02
3.829999923706054688e+02 9.740000152587890625e+02 2.010472679138183594e+02
3.829999923706054688e+02 9.756445312500000000e+02 2.014570999145507812e+02
3.820000076293945312e+02 9.758313751220703125e+02 2.014015197753906250e+02
3.829999923706054688e+02 9.761445617675781250e+02 2.016092491149902344e+02
3.820000076293945312e+02 9.763314056396484375e+02 2.015519905090332031e+02
3.829999923706054688e+02 9.770000457763671875e+02 2.018914794921875000e+02
3.820000076293945312e+02 9.770000457763671875e+02 2.017771720886230469e+02
3.809620666503906250e+02 9.769131469726562500e+02 2.016561126708984375e+02
3.820000076293945312e+02 9.780000305175781250e+02 2.021384429931640625e+02
3.809999847412109375e+02 9.780000305175781250e+02 2.020499801635742188e+02
3.820000076293945312e+02 9.786998748779296875e+02 2.024132537841796875e+02
3.809999847412109375e+02 9.788201141357421875e+02 2.023678779602050781e+02
3.820000076293945312e+02 9.791999053955078125e+02 2.026372909545898438e+02
3.827813339233398438e+02 9.785904693603515625e+02 2.024593353271484375e+02
3.809999847412109375e+02 9.793201446533203125e+02 2.025793075561523438e+02
3.820000076293945312e+02 9.800000000000000000e+02 2.030253028869628906e+02
3.809999847412109375e+02 9.800000000000000000e+02 2.028994750976562500e+02
3.820000076293945312e+02 9.807017517089843750e+02 2.033880233764648438e+02
3.809999847412109375e+02 9.808295440673828125e+02 2.033201789855957031e+02
3.820000076293945312e+02 9.812017059326171875e+02 2.036714363098144531e+02
3.827806854248046875e+02 9.805881500244140625e+02 2.034501838684082031e+02
3.830683898925781250e+02 9.809529113769531250e+02 2.037152481079101562e+02
3.834473419189453125e+02 9.804823303222656250e+02 2.035099601745605469e+02
3.809999847412109375e+02 9.813294982910156250e+02 2.035967826843261719e+02
3.820426177978515625e+02 9.820829772949218750e+02 2.042104530334472656e+02
3.817377090454101562e+02 9.825650024414062500e+02 2.044554901123046875e+02
3.824044036865234375e+02 9.824715423583984375e+02 2.045190238952636719e+02
3.809999847412109375e+02 9.820000457763671875e+02 2.039917564392089844e+02
3.800000000000000000e+02 9.820000457763671875e+02 2.038586807250976562e+02
3.809999847412109375e+02 9.826564025878906250e+02 2.043949699401855469e+02
3.809999847412109375e+02 9.831564331054687500e+02 2.047389221191406250e+02
3.800000000000000000e+02 9.827719116210937500e+02 2.043232345581054688e+02
3.789999771118164062e+02 9.828573608398437500e+02 2.042753028869628906e+02
3.800000000000000000e+02 9.832719421386718750e+02 2.046541976928710938e+02
3.789999771118164062e+02 9.833573150634765625e+02 2.045932197570800781e+02
3.799728012084960938e+02 9.840680694580078125e+02 2.052102088928222656e+02
3.789999771118164062e+02 9.840000152587890625e+02 2.050358963012695312e+02
3.809999847412109375e+02 9.838551330566406250e+02 2.052389335632324219e+02
3.802880096435546875e+02 9.844467926025390625e+02 2.055401420593261719e+02
3.796213150024414062e+02 9.845283508300781250e+02 2.054780769348144531e+02
3.799728012084960938e+02 9.849169921875000000e+02 2.058599472045898438e+02
3.789999771118164062e+02 9.845758056640625000e+02 2.054426574707031250e+02
3.789999771118164062e+02 9.850757598876953125e+02 2.058342552185058594e+02
3.779999923706054688e+02 9.846271514892578125e+02 2.054059219360351562e+02
3.779999923706054688e+02 9.840000152587890625e+02 2.049716186523437500e+02
3.779999923706054688e+02 9.851271820068359375e+02 2.057850837707519531e+02
3.770000076293945312e+02 9.846460723876953125e+02 2.053932189941406250e+02
3.759999847412109375e+02 9.846298980712890625e+02 2.054043388366699219e+02
3.770000076293945312e+02 9.851461029052734375e+02 2.057671356201171875e+02
3.770000076293945312e+02 9.840000152587890625e+02 2.049531555175781250e+02
3.770000076293945312e+02 9.834036254882812500e+02 2.045599365234375000e+02
3.759999847412109375e+02 9.840000152587890625e+02 2.049773979187011719e+02
3.750000000000000000e+02 9.840000152587890625e+02 2.050517654418945312e+02
3.759999847412109375e+02 9.833825683593750000e+02 2.045730590820312500e+02
3.750000000000000000e+02 9.833215332031250000e+02 2.046106719970703125e+02
3.759999847412109375e+02 9.828825378417968750e+02 2.042701721191406250e+02
3.750000000000000000e+02 9.828215026855468750e+02 2.043067932128906250e+02
3.760339355468750000e+02 9.819055938720703125e+02 2.037224769592285156e+02
3.770000076293945312e+02 9.829035949707031250e+02 2.042572021484375000e+02
3.770000076293945312e+02 9.820216369628906250e+02 2.037572097778320312e+02
3.779999923706054688e+02 9.828964233398437500e+02 2.042575836181640625e+02
3.779999923706054688e+02 9.820267486572265625e+02 2.037575912475585938e+02
3.779999923706054688e+02 9.833963775634765625e+02 2.045656776428222656e+02
3.779999923706054688e+02 9.815267181396484375e+02 2.034858894348144531e+02
3.790309524536132812e+02 9.819096374511718750e+02 2.037231254577636719e+02
3.787182235717773438e+02 9.815161132812500000e+02 2.034914398193359375e+02
3.793848800659179688e+02 9.814915466308593750e+02 2.035047912597656250e+02
3.790309524536132812e+02 9.810949707031250000e+02 2.032807731628417969e+02
3.800000000000000000e+02 9.814375305175781250e+02 2.035354423522949219e+02
3.800000000000000000e+02 9.809375762939453125e+02 2.032650947570800781e+02
3.800000000000000000e+02 9.800000000000000000e+02 2.027981758117675781e+02
3.789999771118164062e+02 9.800000000000000000e+02 2.027401161193847656e+02
3.800000000000000000e+02 9.794223785400390625e+02 2.025330734252929688e+02
3.789999771118164062e+02 9.794811248779296875e+02 2.025077247619628906e+02
3.800000000000000000e+02 9.789223480224609375e+02 2.023352432250976562e+02
3.789999771118164062e+02 9.789811706542968750e+02 2.023198509216308594e+02
3.800000000000000000e+02 9.780000305175781250e+02 2.019878196716308594e+02
3.789999771118164062e+02 9.780000305175781250e+02 2.019598007202148438e+02
3.800000000000000000e+02 9.770603942871093750e+02 2.016525650024414062e+02
3.789999771118164062e+02 9.770889282226562500e+02 2.016399383544921875e+02
3.800000000000000000e+02 9.765603637695312500e+02 2.014796257019042969e+02
3.789999771118164062e+02 9.765888977050781250e+02 2.014704513549804688e+02
3.800000000000000000e+02 9.760000610351562500e+02 2.013114929199218750e+02
3.806034851074218750e+02 9.765218353271484375e+02 2.014925193786621094e+02
3.809620666503906250e+02 9.760666656494140625e+02 2.013826179504394531e+02
3.812701416015625000e+02 9.764443969726562500e+02 2.015173912048339844e+02
3.809999847412109375e+02 9.750000000000000000e+02 2.010794639587402344e+02
3.800000000000000000e+02 9.750000000000000000e+02 2.010250091552734375e+02
3.809999847412109375e+02 9.740000152587890625e+02 2.008452224731445312e+02
3.809999847412109375e+02 9.730000305175781250e+02 2.006685638427734375e+02
3.820000076293945312e+02 9.740000152587890625e+02 2.009309196472167969e+02
3.800000000000000000e+02 9.740000152587890625e+02 2.007960128784179688e+02
3.800000000000000000e+02 9.730000305175781250e+02 2.006271743774414062e+02
3.789999771118164062e+02 9.740000152587890625e+02 2.007784843444824219e+02
3.779999923706054688e+02 9.740000152587890625e+02 2.007934188842773438e+02
3.789999771118164062e+02 9.730000305175781250e+02 2.006126213073730469e+02
3.789999771118164062e+02 9.750000000000000000e+02 2.010052108764648438e+02
3.789999771118164062e+02 9.760000610351562500e+02 2.012924575805664062e+02
3.779999923706054688e+02 9.750000000000000000e+02 2.010188293457031250e+02
3.779999923706054688e+02 9.760000610351562500e+02 2.013035011291503906e+02
3.770000076293945312e+02 9.750000000000000000e+02 2.010647201538085938e+02
3.770000076293945312e+02 9.740000152587890625e+02 2.008444213867187500e+02
3.770000076293945312e+02 9.760000610351562500e+02 2.013387680053710938e+02
3.759999847412109375e+02 9.750000000000000000e+02 2.011412811279296875e+02
3.759999847412109375e+02 9.740000152587890625e+02 2.009321022033691406e+02
3.750000000000000000e+02 9.750000000000000000e+02 2.012406349182128906e+02
3.760924530029296875e+02 9.760560607910156250e+02 2.014065933227539062e+02
3.758207321166992188e+02 9.764266967773437500e+02 2.015192222595214844e+02
3.764874267578125000e+02 9.765023803710937500e+02 2.014992713928222656e+02
3.750000000000000000e+02 9.757930755615234375e+02 2.014286422729492188e+02
3.742496871948242188e+02 9.756307983398437500e+02 2.014691925048828125e+02
3.750000000000000000e+02 9.762931060791015625e+02 2.015517234802246094e+02
3.750000000000000000e+02 9.770000457763671875e+02 2.017535972595214844e+02
3.739498138427734375e+02 9.759784698486328125e+02 2.015895080566406250e+02
3.735830307006835938e+02 9.754506683349609375e+02 2.015108299255371094e+02
3.739999771118164062e+02 9.770000457763671875e+02 2.018555068969726562e+02
3.729999923706054688e+02 9.760000610351562500e+02 2.017222404479980469e+02
3.720000076293945312e+02 9.760000610351562500e+02 2.018887901306152344e+02
3.729999923706054688e+02 9.752483367919921875e+02 2.015530967712402344e+02
3.729999923706054688e+02 9.770000457763671875e+02 2.019867324829101562e+02
3.720000076293945312e+02 9.770000457763671875e+02 2.021515464782714844e+02
3.729643249511718750e+02 9.780697631835937500e+02 2.023322868347167969e+02
3.726072311401367188e+02 9.784496307373046875e+02 2.025184822082519531e+02
3.732738876342773438e+02 9.785891723632812500e+02 2.024636840820312500e+02
3.739999771118164062e+02 9.780000305175781250e+02 2.021684265136718750e+02
3.720000076293945312e+02 9.777926635742187500e+02 2.024001884460449219e+02
3.713341140747070312e+02 9.776072692871093750e+02 2.024632453918457031e+02
3.720000076293945312e+02 9.782926940917968750e+02 2.025748443603515625e+02
3.720000076293945312e+02 9.790000152587890625e+02 2.028565025329589844e+02
3.710004425048828125e+02 9.779644012451171875e+02 2.026672554016113281e+02
3.706674194335937500e+02 9.773779296875000000e+02 2.025394821166992188e+02
3.700000000000000000e+02 9.780000305175781250e+02 2.029339981079101562e+02
3.709999847412109375e+02 9.790000152587890625e+02 2.030604362487792969e+02
3.709999847412109375e+02 9.797644042968750000e+02 2.033809661865234375e+02
3.700088882446289062e+02 9.790259552001953125e+02 2.033186149597167969e+02
3.692382049560546875e+02 9.787099456787109375e+02 2.034149932861328125e+02
3.696815109252929688e+02 9.793766021728515625e+02 2.035528182983398438e+02
3.703481674194335938e+02 9.795928955078125000e+02 2.034580421447753906e+02
3.700088882446289062e+02 9.799557495117187500e+02 2.037242126464843750e+02
3.689999771118164062e+02 9.800000000000000000e+02 2.040600585937500000e+02
3.699946975708007812e+02 9.810449981689453125e+02 2.042609214782714844e+02
3.709999847412109375e+02 9.802643585205078125e+02 2.036106681823730469e+02
3.709999847412109375e+02 9.810000610351562500e+02 2.039741516113281250e+02
3.716852569580078125e+02 9.804263305664062500e+02 2.035350227355957031e+02
3.720111465454101562e+02 9.800558471679687500e+02 2.033094215393066406e+02
3.720111465454101562e+02 9.809312438964843750e+02 2.037314224243164062e+02
3.720817184448242188e+02 9.820387268066406250e+02 2.043069458007812500e+02
3.729999923706054688e+02 9.811624145507812500e+02 2.036772155761718750e+02
3.723519515991210938e+02 9.805520629882812500e+02 2.034735298156738281e+02
3.729999923706054688e+02 9.806624603271484375e+02 2.034175109863281250e+02
3.729999923706054688e+02 9.800000000000000000e+02 2.031141281127929688e+02
3.739999771118164062e+02 9.808068847656250000e+02 2.033441543579101562e+02
3.739999771118164062e+02 9.800000000000000000e+02 2.029685020446777344e+02
3.739999771118164062e+02 9.813068389892578125e+02 2.036031532287597656e+02
3.750000000000000000e+02 9.809192657470703125e+02 2.032853698730468750e+02
3.750000000000000000e+02 9.800000000000000000e+02 2.028508949279785156e+02
3.750000000000000000e+02 9.814192199707031250e+02 2.035438728332519531e+02
3.760339355468750000e+02 9.810886383056640625e+02 2.032920837402343750e+02
3.757232284545898438e+02 9.814810180664062500e+02 2.035105514526367188e+02
3.763899230957031250e+02 9.815093231201171875e+02 2.034951591491699219e+02
3.770000076293945312e+02 9.810000610351562500e+02 2.032148933410644531e+02
3.759999847412109375e+02 9.800000000000000000e+02 2.027667427062988281e+02
3.759999847412109375e+02 9.794438934326171875e+02 2.025230026245117188e+02
3.770000076293945312e+02 9.800000000000000000e+02 2.027310943603515625e+02
3.779999923706054688e+02 9.800000000000000000e+02 2.027248954772949219e+02
3.770000076293945312e+02 9.794879150390625000e+02 2.025048828125000000e+02
3.770000076293945312e+02 9.789878845214843750e+02 2.023198509216308594e+02
3.779999923706054688e+02 9.794956970214843750e+02 2.025017356872558594e+02
3.779999923706054688e+02 9.789956665039062500e+02 2.023175048828125000e+02
3.779999923706054688e+02 9.780000305175781250e+02 2.019573593139648438e+02
3.779999923706054688e+02 9.770765686035156250e+02 2.016398239135742188e+02
3.770000076293945312e+02 9.780000305175781250e+02 2.019672775268554688e+02
3.759999847412109375e+02 9.780000305175781250e+02 2.019995117187500000e+02
3.770000076293945312e+02 9.770334625244140625e+02 2.016474151611328125e+02
3.760924530029296875e+02 9.769014739990234375e+02 2.016448783874511719e+02
3.770000076293945312e+02 9.765334320068359375e+02 2.014894485473632812e+02
3.779999923706054688e+02 9.765765380859375000e+02 2.014752006530761719e+02
3.759999847412109375e+02 9.789439392089843750e+02 2.023328399658203125e+02
3.750000000000000000e+02 9.780000305175781250e+02 2.020675277709960938e+02
3.750000000000000000e+02 9.788442993164062500e+02 2.023656654357910156e+02
3.750000000000000000e+02 9.793443298339843750e+02 2.025655174255371094e+02
3.739999771118164062e+02 9.787064361572265625e+02 2.024166870117187500e+02
3.739999771118164062e+02 9.792063903808593750e+02 2.026243209838867188e+02
3.729643249511718750e+02 9.789535522460937500e+02 2.026683807373046875e+02
3.779999923706054688e+02 9.810000610351562500e+02 2.032090377807617188e+02
3.770000076293945312e+02 9.815216827392578125e+02 2.034886741638183594e+02
3.750000000000000000e+02 9.820000457763671875e+02 2.038506698608398438e+02
3.739999771118164062e+02 9.820000457763671875e+02 2.039702033996582031e+02
3.729999923706054688e+02 9.820000457763671875e+02 2.041233253479003906e+02
3.739999771118164062e+02 9.827217102050781250e+02 2.043670463562011719e+02
3.739999771118164062e+02 9.832216644287109375e+02 2.046720123291015625e+02
3.729999923706054688e+02 9.825894927978515625e+02 2.044461059570312500e+02
3.724695587158203125e+02 9.825094604492187500e+02 2.044942474365234375e+02
3.729999923706054688e+02 9.830895233154296875e+02 2.047548484802246094e+02
3.720817184448242188e+02 9.829057312011718750e+02 2.048192024230957031e+02
3.729999923706054688e+02 9.838664245605468750e+02 2.052548599243164062e+02
3.720000076293945312e+02 9.837150573730468750e+02 2.053537559509277344e+02
3.729999923706054688e+02 9.843663787841796875e+02 2.055939102172851562e+02
3.740086746215820312e+02 9.840760803222656250e+02 2.052241325378417969e+02
3.736811065673828125e+02 9.844600677490234375e+02 2.055278778076171875e+02
3.743477630615234375e+02 9.845298767089843750e+02 2.054775428771972656e+02
3.740086746215820312e+02 9.849179840087890625e+02 2.058316421508789062e+02
3.750000000000000000e+02 9.845789337158203125e+02 2.054410934448242188e+02
3.750000000000000000e+02 9.850788879394531250e+02 2.058254814147949219e+02
3.750000000000000000e+02 9.857022857666015625e+02 2.063254737854003906e+02
3.759999847412109375e+02 9.851299285888671875e+02 2.057818794250488281e+02
3.759999847412109375e+02 9.857538604736328125e+02 2.062818717956542969e+02
3.759999847412109375e+02 9.862538909912109375e+02 2.067234992980957031e+02
3.770000076293945312e+02 9.857717132568359375e+02 2.062671279907226562e+02
3.770000076293945312e+02 9.862717437744140625e+02 2.067069435119628906e+02
3.779999923706054688e+02 9.857492065429687500e+02 2.062850761413574219e+02
3.779999923706054688e+02 9.862492370605468750e+02 2.067290496826171875e+02
3.789999771118164062e+02 9.856896972656250000e+02 2.063342475891113281e+02
3.789999771118164062e+02 9.861897277832031250e+02 2.067876243591308594e+02
3.800000000000000000e+02 9.855905914306640625e+02 2.064198112487792969e+02
3.800000000000000000e+02 9.860906219482421875e+02 2.068848991394042969e+02
3.805757904052734375e+02 9.855198669433593750e+02 2.064821815490722656e+02
3.809392166137695312e+02 9.859824371337890625e+02 2.070131492614746094e+02
3.809454727172851562e+02 9.850578308105468750e+02 2.061786460876464844e+02
3.809999847412109375e+02 9.843551635742187500e+02 2.056116676330566406e+02
3.812424850463867188e+02 9.854296875000000000e+02 2.065633773803710938e+02
3.820000076293945312e+02 9.848229980468750000e+02 2.062213134765625000e+02
3.820000076293945312e+02 9.842198181152343750e+02 2.057213211059570312e+02
3.820000076293945312e+02 9.837198638916015625e+02 2.053340911865234375e+02
3.830847930908203125e+02 9.839598083496093750e+02 2.057849121093750000e+02
3.828079605102539062e+02 9.835997009277343750e+02 2.054235649108886719e+02
3.839973831176757812e+02 9.840613555908203125e+02 2.061366653442382812e+02
3.834746551513671875e+02 9.834913635253906250e+02 2.055067634582519531e+02
3.820426177978515625e+02 9.829389953613281250e+02 2.047786903381347656e+02
3.806359481811523438e+02 9.865364837646484375e+02 2.074629402160644531e+02
3.813026428222656250e+02 9.864449310302734375e+02 2.075578880310058594e+02
3.809138107299804688e+02 9.869754028320312500e+02 2.080250740051269531e+02
3.800000000000000000e+02 9.871138000488281250e+02 2.079216766357421875e+02
3.805250167846679688e+02 9.875067901611328125e+02 2.084922409057617188e+02
3.820000076293945312e+02 9.867999267578125000e+02 2.081648063659667969e+02
3.811916732788085938e+02 9.874143218994140625e+02 2.086044120788574219e+02
3.809149932861328125e+02 9.877722167968750000e+02 2.089626502990722656e+02
3.799279785156250000e+02 9.881158447265625000e+02 2.090918540954589844e+02
3.809999847412109375e+02 9.883352661132812500e+02 2.097378349304199219e+02
3.820000076293945312e+02 9.876951599121093750e+02 2.092483329772949219e+02
3.802133178710937500e+02 9.884350585937500000e+02 2.095936012268066406e+02
3.809999847412109375e+02 9.886746215820312500e+02 2.102378273010253906e+02
3.799279785156250000e+02 9.887380218505859375e+02 2.099561500549316406e+02
3.809558868408203125e+02 9.892012786865234375e+02 2.110751152038574219e+02
3.817631149291992188e+02 9.885734558105468750e+02 2.103901672363281250e+02
3.820578765869140625e+02 9.888122558593750000e+02 2.109197616577148438e+02
3.824297714233398438e+02 9.884794616699218750e+02 2.105329322814941406e+02
3.829999923706054688e+02 9.886913299560546875e+02 2.111765098571777344e+02
3.837222290039062500e+02 9.885772705078125000e+02 2.113690757751464844e+02
3.800000000000000000e+02 9.892899322509765625e+02 2.108542251586914062e+02
3.789999771118164062e+02 9.893756866455078125e+02 2.107113075256347656e+02
3.779999923706054688e+02 9.894326782226562500e+02 2.106142807006835938e+02
3.789999771118164062e+02 9.889288330078125000e+02 2.100000000000000000e+02
3.789999771118164062e+02 9.885531616210937500e+02 2.094290542602539062e+02
3.779999923706054688e+02 9.890467834472656250e+02 2.100000000000000000e+02
3.770000076293945312e+02 9.890943145751953125e+02 2.100000000000000000e+02
3.779999923706054688e+02 9.886141204833984375e+02 2.093480491638183594e+02
3.770000076293945312e+02 9.886383056640625000e+02 2.093160438537597656e+02
3.779999923706054688e+02 9.882284545898437500e+02 2.088480377197265625e+02
3.779999923706054688e+02 9.877285003662109375e+02 2.082430267333984375e+02
3.770000076293945312e+02 9.882529449462890625e+02 2.088160324096679688e+02
3.789999771118164062e+02 9.881661224365234375e+02 2.089290618896484375e+02
3.789999771118164062e+02 9.876661682128906250e+02 2.083115005493164062e+02
3.789999771118164062e+02 9.872116851806640625e+02 2.078114891052246094e+02
3.800000000000000000e+02 9.875685119628906250e+02 2.084216880798339844e+02
3.789999771118164062e+02 9.867116546630859375e+02 2.072876358032226562e+02
3.779999923706054688e+02 9.872725677490234375e+02 2.077430343627929688e+02
3.770000076293945312e+02 9.872957611083984375e+02 2.077168655395507812e+02
3.779999923706054688e+02 9.867725372314453125e+02 2.072290420532226562e+02
3.770000076293945312e+02 9.867958068847656250e+02 2.072069358825683594e+02
3.759999847412109375e+02 9.867785644531250000e+02 2.072235107421875000e+02
3.759999847412109375e+02 9.872785186767578125e+02 2.077347183227539062e+02
3.750000000000000000e+02 9.867292785644531250e+02 2.072715187072753906e+02
3.750000000000000000e+02 9.862022399902343750e+02 2.067715072631835938e+02
3.750000000000000000e+02 9.872293090820312500e+02 2.077876853942871094e+02
3.739999771118164062e+02 9.866552734375000000e+02 2.073447799682617188e+02
3.739999771118164062e+02 9.861231231689453125e+02 2.068447875976562500e+02
3.739999771118164062e+02 9.871552276611328125e+02 2.078676605224609375e+02
3.731846618652343750e+02 9.865747833251953125e+02 2.074252510070800781e+02
3.729103088378906250e+02 9.860231781005859375e+02 2.069784927368164062e+02
3.728970718383789062e+02 9.870241546630859375e+02 2.079735374450683594e+02
3.732761383056640625e+02 9.875514221191406250e+02 2.084424781799316406e+02
3.726094818115234375e+02 9.874735260009765625e+02 2.085308456420898438e+02
3.720000076293945312e+02 9.868894195556640625e+02 2.080818367004394531e+02
3.725180053710937500e+02 9.864954376220703125e+02 2.075045967102050781e+02
3.720000076293945312e+02 9.864186859130859375e+02 2.075818252563476562e+02
3.709999847412109375e+02 9.862597656250000000e+02 2.077439880371093750e+02
3.720000076293945312e+02 9.859187316894531250e+02 2.071133422851562500e+02
3.709999847412109375e+02 9.857597351074218750e+02 2.072567176818847656e+02
3.720000076293945312e+02 9.853672790527343750e+02 2.066133308410644531e+02
3.709999847412109375e+02 9.852024078369140625e+02 2.067567062377929688e+02
3.720000076293945312e+02 9.848672485351562500e+02 2.062038040161132812e+02
3.726359176635742188e+02 9.854621887207031250e+02 2.065317344665527344e+02
3.729815673828125000e+02 9.850773620605468750e+02 2.061486625671386719e+02
3.733025741577148438e+02 9.855509185791015625e+02 2.064558792114257812e+02
3.739999771118164062e+02 9.856230926513671875e+02 2.063936424255371094e+02
3.709999847412109375e+02 9.847024536132812500e+02 2.063336944580078125e+02
3.720000076293945312e+02 9.842150878906250000e+02 2.057038116455078125e+02
3.709528732299804688e+02 9.839549255371093750e+02 2.057815551757812500e+02
3.699887466430664062e+02 9.840599060058593750e+02 2.061574935913085938e+02
3.705881118774414062e+02 9.834642028808593750e+02 2.055243301391601562e+02
3.712547683715820312e+02 9.835916137695312500e+02 2.054366683959960938e+02
3.709528732299804688e+02 9.830785369873046875e+02 2.051836967468261719e+02
3.700000000000000000e+02 9.828256225585937500e+02 2.052901840209960938e+02
3.709999847412109375e+02 9.822425079345703125e+02 2.046520996093750000e+02
3.699946975708007812e+02 9.819553375244140625e+02 2.047622299194335938e+02
3.709999847412109375e+02 9.817424774169921875e+02 2.043634796142578125e+02
3.718029022216796875e+02 9.823978424072265625e+02 2.045603370666503906e+02
3.703245162963867188e+02 9.815921783447265625e+02 2.044473457336425781e+02
3.696578598022460938e+02 9.814083862304687500e+02 2.045501327514648438e+02
3.689551162719726562e+02 9.820655059814453125e+02 2.051785850524902344e+02
3.689999771118164062e+02 9.811988067626953125e+02 2.046648979187011719e+02
3.685918426513671875e+02 9.824425506591796875e+02 2.055358886718750000e+02
3.692584991455078125e+02 9.826366424560546875e+02 2.054111099243164062e+02
3.679999923706054688e+02 9.817485809326171875e+02 2.053516769409179688e+02
3.674263381958007812e+02 9.815555572509765625e+02 2.054658508300781250e+02
3.680798339843750000e+02 9.809140777587890625e+02 2.048503875732421875e+02
3.679999923706054688e+02 9.822485351562500000e+02 2.056597709655761719e+02
3.669731140136718750e+02 9.820201873779296875e+02 2.059846687316894531e+02
3.680055999755859375e+02 9.830323028564453125e+02 2.061849784851074219e+02
3.671865463256835938e+02 9.827204895019531250e+02 2.063438034057617188e+02
3.676759719848632812e+02 9.833871459960937500e+02 2.065843009948730469e+02
3.683426284790039062e+02 9.835935974121093750e+02 2.064285850524902344e+02
3.689551162719726562e+02 9.829820251464843750e+02 2.057592773437500000e+02
3.689999771118164062e+02 9.837701416015625000e+02 2.062971687316894531e+02
3.700000000000000000e+02 9.833256530761718750e+02 2.056189727783203125e+02
3.689999771118164062e+02 9.842700958251953125e+02 2.066832351684570312e+02
3.696479034423828125e+02 9.844332122802734375e+02 2.065528678894042969e+02
3.689999771118164062e+02 9.848608398437500000e+02 2.071832466125488281e+02
3.679452133178710938e+02 9.840322113037109375e+02 2.069712066650390625e+02
3.670000076293945312e+02 9.837873077392578125e+02 2.072627067565917969e+02
3.675477981567382812e+02 9.844707489013671875e+02 2.075261497497558594e+02
3.682144927978515625e+02 9.846604156494140625e+02 2.073581123352050781e+02
3.678742599487304688e+02 9.850704193115234375e+02 2.079295349121093750e+02
3.670000076293945312e+02 9.848118591308593750e+02 2.081938743591308594e+02
3.675340270996093750e+02 9.854803466796875000e+02 2.085211753845214844e+02
3.682007217407226562e+02 9.856593322753906250e+02 2.083329200744628906e+02
3.689999771118164062e+02 9.853608703613281250e+02 2.076337242126464844e+02
3.689999771118164062e+02 9.858531951904296875e+02 2.081337356567382812e+02
3.695300292968750000e+02 9.854873657226562500e+02 2.075120544433593750e+02
3.699222946166992188e+02 9.850315856933593750e+02 2.069712257385253906e+02
3.698755645751953125e+02 9.860475158691406250e+02 2.079497528076171875e+02
3.701966857910156250e+02 9.856168365478515625e+02 2.073895645141601562e+02
3.702210617065429688e+02 9.866034698486328125e+02 2.083874702453613281e+02
3.695544052124023438e+02 9.864782714843750000e+02 2.085246467590332031e+02
3.689999771118164062e+02 9.863531494140625000e+02 2.086695480346679688e+02
3.699645996093750000e+02 9.870115661621093750e+02 2.089833641052246094e+02
3.689999771118164062e+02 9.867704010009765625e+02 2.091695404052734375e+02
3.697080993652343750e+02 9.874195861816406250e+02 2.096080017089843750e+02
3.703747558593750000e+02 9.875462341308593750e+02 2.094420814514160156e+02
3.709999847412109375e+02 9.872369384765625000e+02 2.088134574890136719e+02
3.709999847412109375e+02 9.876498413085937500e+02 2.093134498596191406e+02
3.720000076293945312e+02 9.873894500732421875e+02 2.086300086975097656e+02
3.709999847412109375e+02 9.867369079589843750e+02 2.082439804077148438e+02
3.720000076293945312e+02 9.877992248535156250e+02 2.091300201416015625e+02
3.720000076293945312e+02 9.882991790771484375e+02 2.097798538208007812e+02
3.729656600952148438e+02 9.878690338134765625e+02 2.089184951782226562e+02
3.729999923706054688e+02 9.884226989746093750e+02 2.096081352233886719e+02
3.739564132690429688e+02 9.881855773925781250e+02 2.090713119506835938e+02
3.739999771118164062e+02 9.876183319091796875e+02 2.083676528930664062e+02
3.735940170288085938e+02 9.884849548339843750e+02 2.095213890075683594e+02
3.742606735229492188e+02 9.885368347167968750e+02 2.094522094726562500e+02
3.750000000000000000e+02 9.881907653808593750e+02 2.088888740539550781e+02
3.750000000000000000e+02 9.885853576660156250e+02 2.093888854980468750e+02
3.759999847412109375e+02 9.882381439208984375e+02 2.088319587707519531e+02
3.750000000000000000e+02 9.876908111572265625e+02 2.082876777648925781e+02
3.759999847412109375e+02 9.877381134033203125e+02 2.082347106933593750e+02
3.770000076293945312e+02 9.877529144287109375e+02 2.082168579101562500e+02
3.759999847412109375e+02 9.886274719238281250e+02 2.093319511413574219e+02
3.759999847412109375e+02 9.890769958496093750e+02 2.100000000000000000e+02
3.759999847412109375e+02 9.894495391845703125e+02 2.105834007263183594e+02
3.750000000000000000e+02 9.889995574951171875e+02 2.100000000000000000e+02
3.739564132690429688e+02 9.888024139404296875e+02 2.099128341674804688e+02
3.750000000000000000e+02 9.894142150878906250e+02 2.106409645080566406e+02
3.739999771118164062e+02 9.893504333496093750e+02 2.107459640502929688e+02
3.729999923706054688e+02 9.892652893066406250e+02 2.108839035034179688e+02
3.720640182495117188e+02 9.891780090332031250e+02 2.110846519470214844e+02
3.729999923706054688e+02 9.887652587890625000e+02 2.101081275939941406e+02
3.720000076293945312e+02 9.886515808105468750e+02 2.102798461914062500e+02
3.713177490234375000e+02 9.885576629638671875e+02 2.104170036315917969e+02
3.709906387329101562e+02 9.881900024414062500e+02 2.100502014160156250e+02
3.709906387329101562e+02 9.887858581542968750e+02 2.109464073181152344e+02
3.709052276611328125e+02 9.893495178222656250e+02 2.119816207885742188e+02
3.706510925292968750e+02 9.884502410888671875e+02 2.105773353576660156e+02
3.700000000000000000e+02 9.886434936523437500e+02 2.112664794921875000e+02
3.694206619262695312e+02 9.885338592529296875e+02 2.114446258544921875e+02
3.700000000000000000e+02 9.883315277099609375e+02 2.107664871215820312e+02
3.700000000000000000e+02 9.890458679199218750e+02 2.119999885559082031e+02
3.700000000000000000e+02 9.894023895263671875e+02 2.127089500427246094e+02
3.690523910522460938e+02 9.886845397949218750e+02 2.120227050781250000e+02
3.683474731445312500e+02 9.885677337646484375e+02 2.123711776733398438e+02
3.687540054321289062e+02 9.883886718750000000e+02 2.117045021057128906e+02
3.690591812133789062e+02 9.891980743408203125e+02 2.130634880065917969e+02
3.687652969360351562e+02 9.893897247314453125e+02 2.137697792053222656e+02
3.694319534301757812e+02 9.895275115966796875e+02 2.134391403198242188e+02
3.680084991455078125e+02 9.887232208251953125e+02 2.129990577697753906e+02
3.676808166503906250e+02 9.884163665771484375e+02 2.126651000976562500e+02
3.673324203491210938e+02 9.885811614990234375e+02 2.133317565917968750e+02
3.669994735717773438e+02 9.882505035400390625e+02 2.129990577697753906e+02
3.670248794555664062e+02 9.877394104003906250e+02 2.120124816894531250e+02
3.666657638549804688e+02 9.884172058105468750e+02 2.136941909790039062e+02
3.660060882568359375e+02 9.877451324462890625e+02 2.130114936828613281e+02
3.656768417358398438e+02 9.874021911621093750e+02 2.126858329772949219e+02
3.663434982299804688e+02 9.875839233398437500e+02 2.123541450500488281e+02
3.660339355468750000e+02 9.882231903076171875e+02 2.140165138244628906e+02
3.653657150268554688e+02 9.875740814208984375e+02 2.133525085449218750e+02
3.650194549560546875e+02 9.872032165527343750e+02 2.130114936828613281e+02
3.650194549560546875e+02 9.876914978027343750e+02 2.140559387207031250e+02
3.646990585327148438e+02 9.873870086669921875e+02 2.137599182128906250e+02
3.644498062133789062e+02 9.875309753417968750e+02 2.144265937805175781e+02
3.640699005126953125e+02 9.871324157714843750e+02 2.140559387207031250e+02
3.642824172973632812e+02 9.876360321044921875e+02 2.150000000000000000e+02
3.637823867797851562e+02 9.873202514648437500e+02 2.150000000000000000e+02
3.629671096801757812e+02 9.867809295654296875e+02 2.150311470031738281e+02
3.635933685302734375e+02 9.874392700195312500e+02 2.157045745849609375e+02
3.630672836303710938e+02 9.871726226806640625e+02 2.160227394104003906e+02
3.634454727172851562e+02 9.875368499755859375e+02 2.163712501525878906e+02
3.628404235839843750e+02 9.872655487060546875e+02 2.169999885559082031e+02
3.623182678222656250e+02 9.866363525390625000e+02 2.159999847412109375e+02
3.618182754516601562e+02 9.862519073486328125e+02 2.159999847412109375e+02
3.624457931518554688e+02 9.865412902832031250e+02 2.153852653503417969e+02
3.621424865722656250e+02 9.867655181884765625e+02 2.169999885559082031e+02
3.616424942016601562e+02 9.863902282714843750e+02 2.169999885559082031e+02
3.615447616577148438e+02 9.864657592773437500e+02 2.176695060729980469e+02
3.609449005126953125e+02 9.858238220214843750e+02 2.170539093017578125e+02
3.604787063598632812e+02 9.855194854736328125e+02 2.174231719970703125e+02
3.612065505981445312e+02 9.857518768310546875e+02 2.159999847412109375e+02
3.605747985839843750e+02 9.854319000244140625e+02 2.167565155029296875e+02
3.610760879516601562e+02 9.861456298828125000e+02 2.180016899108886719e+02
3.604092025756835938e+02 9.855827331542968750e+02 2.179999923706054688e+02
3.614601516723632812e+02 9.865316009521484375e+02 2.183361625671386719e+02
3.599092102050781250e+02 9.851107788085937500e+02 2.179999923706054688e+02
3.603146743774414062e+02 9.856690979003906250e+02 2.189999961853027344e+02
3.598146820068359375e+02 9.851995086669921875e+02 2.189999961853027344e+02
3.593030548095703125e+02 9.846994781494140625e+02 2.189999961853027344e+02
3.593900680541992188e+02 9.846107482910156250e+02 2.179999923706054688e+02
3.588030624389648438e+02 9.841736602783203125e+02 2.189999961853027344e+02
3.583462905883789062e+02 9.836736297607421875e+02 2.189999961853027344e+02
3.588900756835937500e+02 9.840806579589843750e+02 2.179999923706054688e+02
3.584287261962890625e+02 9.835807037353515625e+02 2.179999923706054688e+02
3.590211868286132812e+02 9.839787292480468750e+02 2.170745468139648438e+02
3.585791015625000000e+02 9.834072113037109375e+02 2.167850875854492188e+02
3.584871292114257812e+02 9.835146331787109375e+02 2.174517440795898438e+02
3.595562362670898438e+02 9.844429016113281250e+02 2.166973495483398438e+02
3.594632720947265625e+02 9.845368194580078125e+02 2.173640251159667969e+02
3.592024230957031250e+02 9.838226318359375000e+02 2.159999847412109375e+02
3.587024307250976562e+02 9.832630157470703125e+02 2.159999847412109375e+02
3.593812179565429688e+02 9.836283874511718750e+02 2.150000000000000000e+02
3.596744918823242188e+02 9.843226623535156250e+02 2.159999847412109375e+02
3.598643875122070312e+02 9.841284179687500000e+02 2.150000000000000000e+02
3.601744842529296875e+02 9.848122406005859375e+02 2.159999847412109375e+02
3.603643798828125000e+02 9.846306610107421875e+02 2.150000000000000000e+02
3.600174713134765625e+02 9.849843597412109375e+02 2.170602607727050781e+02
3.607065582275390625e+02 9.853121948242187500e+02 2.159999847412109375e+02
3.610203552246093750e+02 9.851998138427734375e+02 2.149119949340820312e+02
3.613672256469726562e+02 9.856146240234375000e+02 2.151866722106933594e+02
3.615094757080078125e+02 9.854920959472656250e+02 2.145200157165527344e+02
3.609834289550781250e+02 9.848142242431640625e+02 2.140690612792968750e+02
3.606390380859375000e+02 9.843667602539062500e+02 2.137817764282226562e+02
3.604760742187500000e+02 9.845231628417968750e+02 2.144484519958496094e+02
3.613056945800781250e+02 9.846751403808593750e+02 2.131831932067871094e+02
3.616516113281250000e+02 9.853754425048828125e+02 2.139999961853027344e+02
3.619353866577148438e+02 9.850514984130859375e+02 2.129051399230957031e+02
3.621516036987304688e+02 9.857708740234375000e+02 2.139999961853027344e+02
3.623593521118164062e+02 9.856092071533203125e+02 2.132937622070312500e+02
3.619776153564453125e+02 9.860166931152343750e+02 2.149526405334472656e+02
3.628202438354492188e+02 9.862709045410156250e+02 2.139999961853027344e+02
3.630392456054687500e+02 9.859712219238281250e+02 2.130514144897460938e+02
3.626118850708007812e+02 9.864186859130859375e+02 2.147185897827148438e+02
3.633202362060546875e+02 9.866252136230468750e+02 2.139999961853027344e+02
3.634817886352539062e+02 9.865126037597656250e+02 2.134757423400878906e+02
3.640530395507812500e+02 9.866695404052734375e+02 2.130854415893554688e+02
3.637550735473632812e+02 9.863331604003906250e+02 2.128090667724609375e+02
3.644217681884765625e+02 9.865495300292968750e+02 2.124194526672363281e+02
3.639963150024414062e+02 9.860023498535156250e+02 2.119957923889160156e+02
3.650614547729492188e+02 9.866936492919921875e+02 2.120516777038574219e+02
3.654357910156250000e+02 9.865377044677734375e+02 2.114442825317382812e+02
3.660060882568359375e+02 9.871958923339843750e+02 2.120124816894531250e+02
3.647691345214843750e+02 9.863381958007812500e+02 2.117527961730957031e+02
3.650219345092773438e+02 9.859880065917968750e+02 2.110180091857910156e+02
3.646080780029296875e+02 9.854296112060546875e+02 2.105917549133300781e+02
3.652747344970703125e+02 9.856378936767578125e+02 2.103241348266601562e+02
3.659999847412109375e+02 9.863523864746093750e+02 2.107096862792968750e+02
3.642375564575195312e+02 9.856715393066406250e+02 2.112584114074707031e+02
3.639425277709960938e+02 9.852500152587890625e+02 2.109550476074218750e+02
3.630706405639648438e+02 9.847171020507812500e+02 2.110665702819824219e+02
3.639999771118164062e+02 9.847243499755859375e+02 2.102342605590820312e+02
3.635708999633789062e+02 9.854508972167968750e+02 2.115721321105957031e+02
3.629579925537109375e+02 9.852520751953125000e+02 2.119432830810546875e+02
3.625966644287109375e+02 9.854278564453125000e+02 2.126270866394042969e+02
3.632633590698242188e+02 9.856665039062500000e+02 2.122387886047363281e+02
3.622202682495117188e+02 9.847269439697265625e+02 2.119999885559082031e+02
3.624489212036132812e+02 9.845413970947265625e+02 2.114443016052246094e+02
3.617202758789062500e+02 9.843084716796875000e+02 2.119999885559082031e+02
3.610437011718750000e+02 9.837490081787109375e+02 2.120967674255371094e+02
3.620772933959960938e+02 9.839326477050781250e+02 2.110833930969238281e+02
3.615114212036132812e+02 9.844899749755859375e+02 2.125165176391601562e+02
3.609834289550781250e+02 9.842163085937500000e+02 2.129099082946777344e+02
3.603506851196289062e+02 9.836528778076171875e+02 2.129999923706054688e+02
3.598024368286132812e+02 9.830065917968750000e+02 2.129369163513183594e+02
3.604963684082031250e+02 9.835037231445312500e+02 2.124946403503417969e+02
3.600569534301757812e+02 9.839419555664062500e+02 2.141228485107421875e+02
3.594841766357421875e+02 9.835171508789062500e+02 2.144639396667480469e+02
3.596378326416015625e+02 9.833442687988281250e+02 2.137972640991210938e+02
3.592253112792968750e+02 9.830065917968750000e+02 2.140783500671386719e+02
3.586685180664062500e+02 9.822805023193359375e+02 2.139999961853027344e+02
3.593524169921875000e+02 9.826776123046875000e+02 2.132281875610351562e+02
3.588283538818359375e+02 9.829661560058593750e+02 2.149575233459472656e+02
3.584091186523437500e+02 9.826102447509765625e+02 2.152625656127929688e+02
3.585389328002929688e+02 9.824507141113281250e+02 2.145958900451660156e+02
3.580166625976562500e+02 9.819789886474609375e+02 2.150410079956054688e+02
3.574946975708007812e+02 9.815073394775390625e+02 2.154861450195312500e+02
3.576241683959960938e+02 9.813119506835937500e+02 2.148194694519042969e+02
3.582940292358398438e+02 9.817804718017578125e+02 2.139999961853027344e+02
3.577850723266601562e+02 9.821157836914062500e+02 2.159999847412109375e+02
3.574171447753906250e+02 9.816157531738281250e+02 2.159999847412109375e+02
3.582850646972656250e+02 9.827629852294921875e+02 2.159999847412109375e+02
3.576424407958984375e+02 9.823074340820312500e+02 2.169999885559082031e+02
3.575522613525390625e+02 9.824295806884765625e+02 2.177648735046386719e+02
3.582062149047851562e+02 9.830442810058593750e+02 2.170710372924804688e+02
3.572801589965820312e+02 9.818074035644531250e+02 2.169999885559082031e+02
3.567308425903320312e+02 9.809678649902343750e+02 2.169257545471191406e+02
3.572283554077148438e+02 9.820577239990234375e+02 2.180589294433593750e+02
3.566701889038085938e+02 9.812423706054687500e+02 2.179999923706054688e+02
3.570447921752929688e+02 9.820000457763671875e+02 2.189999961853027344e+02
3.574870300292968750e+02 9.825167846679687500e+02 2.184315490722656250e+02
3.574521636962890625e+02 9.825621032714843750e+02 2.189999961853027344e+02
3.578743362426757812e+02 9.829100799560546875e+02 2.180589294433593750e+02
3.578462982177734375e+02 9.830621337890625000e+02 2.189999961853027344e+02
3.565926361083984375e+02 9.813603210449218750e+02 2.189999961853027344e+02
3.562692260742187500e+02 9.808602905273437500e+02 2.189999961853027344e+02
3.557692337036132812e+02 9.800632476806640625e+02 2.189999961853027344e+02
3.563449096679687500e+02 9.807423400878906250e+02 2.179999923706054688e+02
3.564275360107421875e+02 9.806130218505859375e+02 2.172096061706542969e+02
3.558153152465820312e+02 9.799037170410156250e+02 2.180890655517578125e+02
3.555656433105468750e+02 9.793793487548828125e+02 2.178151321411132812e+02
3.554963302612304688e+02 9.795062255859375000e+02 2.184817886352539062e+02
3.561869812011718750e+02 9.800888824462890625e+02 2.169257545471191406e+02
3.556630706787109375e+02 9.791927337646484375e+02 2.169999885559082031e+02
3.563046264648437500e+02 9.798413848876953125e+02 2.159999847412109375e+02
3.565111923217773438e+02 9.804814910888671875e+02 2.165429306030273438e+02
3.565927124023437500e+02 9.803414154052734375e+02 2.159999847412109375e+02
3.567436599731445312e+02 9.799842071533203125e+02 2.149783515930175781e+02
3.570098876953125000e+02 9.810000610351562500e+02 2.159999847412109375e+02
3.573088073730468750e+02 9.809871673583984375e+02 2.150916862487792969e+02
3.574074935913085938e+02 9.806452941894531250e+02 2.142858886718750000e+02
3.571955871582031250e+02 9.800446319580078125e+02 2.139715385437011719e+02
3.577677154541015625e+02 9.809871673583984375e+02 2.139715385437011719e+02
3.582306671142578125e+02 9.809976196289062500e+02 2.130254364013671875e+02
3.575541305541992188e+02 9.804077148437500000e+02 2.136192321777343750e+02
3.576950836181640625e+02 9.800446319580078125e+02 2.129456901550292969e+02
3.573656082153320312e+02 9.797410583496093750e+02 2.132428169250488281e+02
3.575418853759765625e+02 9.794171142578125000e+02 2.125761604309082031e+02
3.582043075561523438e+02 9.800050354003906250e+02 2.119913864135742188e+02
3.577143478393554688e+02 9.790502929687500000e+02 2.119773483276367188e+02
3.584028244018554688e+02 9.796750640869140625e+02 2.113543319702148438e+02
3.583957672119140625e+02 9.806626129150390625e+02 2.123189926147460938e+02
3.585923767089843750e+02 9.803417968750000000e+02 2.116523361206054688e+02
3.588296508789062500e+02 9.800050354003906250e+02 2.110125923156738281e+02
3.588109588623046875e+02 9.809976196289062500e+02 2.119913864135742188e+02
3.593372344970703125e+02 9.809076690673828125e+02 2.110812568664550781e+02
3.586143112182617188e+02 9.813292694091796875e+02 2.127090644836425781e+02
3.593194198608398438e+02 9.817385864257812500e+02 2.119999885559082031e+02
3.594782257080078125e+02 9.815284729003906250e+02 2.114687728881835938e+02
3.589833831787109375e+02 9.820231628417968750e+02 2.129686164855957031e+02
3.597183990478515625e+02 9.822385406494140625e+02 2.119999885559082031e+02
3.600771713256835938e+02 9.819065856933593750e+02 2.111005210876464844e+02
3.595364761352539062e+02 9.824562835693359375e+02 2.125615310668945312e+02
3.602725601196289062e+02 9.829522705078125000e+02 2.120967674255371094e+02
3.604213714599609375e+02 9.825871276855468750e+02 2.113989448547363281e+02
3.607394790649414062e+02 9.832537841796875000e+02 2.118279647827148438e+02
3.610516357421875000e+02 9.829463958740234375e+02 2.110607147216796875e+02
3.606970977783203125e+02 9.822846221923828125e+02 2.107322883605957031e+02
3.613637542724609375e+02 9.826389312744140625e+02 2.103592872619628906e+02
3.614061355590820312e+02 9.835880279541015625e+02 2.113891410827636719e+02
3.617056274414062500e+02 9.833055877685546875e+02 2.107224845886230469e+02
3.620369720458984375e+02 9.829649353027343750e+02 2.100352859497070312e+02
3.623682785034179688e+02 9.826242828369140625e+02 2.093843841552734375e+02
3.623722839355468750e+02 9.836105346679687500e+02 2.103779411315917969e+02
3.627444458007812500e+02 9.832909393310546875e+02 2.097112846374511719e+02
3.617016220092773438e+02 9.823009490966796875e+02 2.096926116943359375e+02
3.610356903076171875e+02 9.819594573974609375e+02 2.100393295288085938e+02
3.620583724975585938e+02 9.819423675537109375e+02 2.090491104125976562e+02
3.624151229858398438e+02 9.815837097167968750e+02 2.084333801269531250e+02
3.613742828369140625e+02 9.816342926025390625e+02 2.093805122375488281e+02
3.617484664916992188e+02 9.812213134765625000e+02 2.087138557434082031e+02
3.627757644653320312e+02 9.822503662109375000e+02 2.087177085876464844e+02
3.630934524536132812e+02 9.829203033447265625e+02 2.090732383728027344e+02
3.630654525756835938e+02 9.819502258300781250e+02 2.082541465759277344e+02
3.629285049438476562e+02 9.810724639892578125e+02 2.076996040344238281e+02
3.639299011230468750e+02 9.820453643798828125e+02 2.077363586425781250e+02
3.634424209594726562e+02 9.825495910644531250e+02 2.084578323364257812e+02
3.639999771118164062e+02 9.827708435058593750e+02 2.082711791992187500e+02
3.649022293090820312e+02 9.830763244628906250e+02 2.079351997375488281e+02
3.639999771118164062e+02 9.832708740234375000e+02 2.087116050720214844e+02
3.639999771118164062e+02 9.837876892089843750e+02 2.092115974426269531e+02
3.645284271240234375e+02 9.834782409667968750e+02 2.085200309753417969e+02
3.648617553710937500e+02 9.840982818603515625e+02 2.089017105102539062e+02
3.651950836181640625e+02 9.837166595458984375e+02 2.082999801635742188e+02
3.645284271240234375e+02 9.844799804687500000e+02 2.095217704772949219e+02
3.656721115112304688e+02 9.843833160400390625e+02 2.086167144775390625e+02
3.651950836181640625e+02 9.847000122070312500e+02 2.092833900451660156e+02
3.649015808105468750e+02 9.850648498535156250e+02 2.099229431152343750e+02
3.660253524780273438e+02 9.849844360351562500e+02 2.090166091918945312e+02
3.663388061523437500e+02 9.846021270751953125e+02 2.083990097045898438e+02
3.657118988037109375e+02 9.853666687011718750e+02 2.096574592590332031e+02
3.663785552978515625e+02 9.855722045898437500e+02 2.094165039062500000e+02
3.670000076293945312e+02 9.853118133544921875e+02 2.087032699584960938e+02
3.670000076293945312e+02 9.857550048828125000e+02 2.092032623291015625e+02
3.669013977050781250e+02 9.863031768798828125e+02 2.099504089355468750e+02
3.679111099243164062e+02 9.860469055175781250e+02 2.089446258544921875e+02
3.676215362548828125e+02 9.864344024658203125e+02 2.095840263366699219e+02
3.682881927490234375e+02 9.866075897216796875e+02 2.093680763244628906e+02
3.680464553833007812e+02 9.869780731201171875e+02 2.100320625305175781e+02
3.671689987182617188e+02 9.866819000244140625e+02 2.102507019042968750e+02
3.678046798706054688e+02 9.873485565185546875e+02 2.107302474975585938e+02
3.684713363647460938e+02 9.875138092041015625e+02 2.104800987243652344e+02
3.689999771118164062e+02 9.872703552246093750e+02 2.098160934448242188e+02
3.689999771118164062e+02 9.876292419433593750e+02 2.103160858154296875e+02
3.690523910522460938e+02 9.881365203857421875e+02 2.110667800903320312e+02
3.700248718261718750e+02 9.877929687500000000e+02 2.099648094177246094e+02
3.680828094482421875e+02 9.876807403564453125e+02 2.110381507873535156e+02
3.673748397827148438e+02 9.875654602050781250e+02 2.113969230651855469e+02
3.680084991455078125e+02 9.882222747802734375e+02 2.120227050781250000e+02
3.669385910034179688e+02 9.870343017578125000e+02 2.109494400024414062e+02
3.665023422241210938e+02 9.864986419677734375e+02 2.105019569396972656e+02
3.667081451416015625e+02 9.873866271972656250e+02 2.116874694824218750e+02
3.659999847412109375e+02 9.866931915283203125e+02 2.112096786499023438e+02
3.660271453857421875e+02 9.858252716064453125e+02 2.099944686889648438e+02
3.660275268554687500e+02 9.839811706542968750e+02 2.080161666870117188e+02
3.657162857055664062e+02 9.833410644531250000e+02 2.076333236694335938e+02
3.663829803466796875e+02 9.835790252685546875e+02 2.074326324462890625e+02
3.670000076293945312e+02 9.842873382568359375e+02 2.076938629150390625e+02
3.660297775268554688e+02 9.830046844482421875e+02 2.071841430664062500e+02
3.652760314941406250e+02 9.826744079589843750e+02 2.073635292053222656e+02
3.659999847412109375e+02 9.822803497314453125e+02 2.066557121276855469e+02
3.669119262695312500e+02 9.830323028564453125e+02 2.067166137695312500e+02
3.665198898315429688e+02 9.824847412109375000e+02 2.065107345581054688e+02
3.659999847412109375e+02 9.817803955078125000e+02 2.063159179687500000e+02
3.650218963623046875e+02 9.819822692871093750e+02 2.070112419128417969e+02
3.642164993286132812e+02 9.817421722412109375e+02 2.073256111145019531e+02
3.647677612304687500e+02 9.812613677978515625e+02 2.066589355468750000e+02
3.654344177246093750e+02 9.815557098388671875e+02 2.064623451232910156e+02
3.646093750000000000e+02 9.824088287353515625e+02 2.075704002380371094e+02
3.650606536865234375e+02 9.809568023681640625e+02 2.062976837158203125e+02
3.649984741210937500e+02 9.799992370605468750e+02 2.057736206054687500e+02
3.660126495361328125e+02 9.809735870361328125e+02 2.058090782165527344e+02
3.643984985351562500e+02 9.805947113037109375e+02 2.064398956298828125e+02
3.640391159057617188e+02 9.799587249755859375e+02 2.062833786010742188e+02
3.639741897583007812e+02 9.810243988037109375e+02 2.069842338562011719e+02
3.632141494750976562e+02 9.807874298095703125e+02 2.073095321655273438e+02
3.637318420410156250e+02 9.802645111083984375e+02 2.066428756713867188e+02
3.635498428344726562e+02 9.814541625976562500e+02 2.075323486328125000e+02
3.629795837402343750e+02 9.800228881835937500e+02 2.069865417480468750e+02
3.634116363525390625e+02 9.795977783203125000e+02 2.064434814453125000e+02
3.625474929809570312e+02 9.804479217529296875e+02 2.075336074829101562e+02
3.622703933715820312e+02 9.797812652587890625e+02 2.073302078247070312e+02
3.627449798583984375e+02 9.791913604736328125e+02 2.066635513305664062e+02
3.620428466796875000e+02 9.789406585693359375e+02 2.070305061340332031e+02
3.630469894409179688e+02 9.789148712158203125e+02 2.063266944885253906e+02
3.624819946289062500e+02 9.785247039794921875e+02 2.064873313903808594e+02
3.630708312988281250e+02 9.779419708251953125e+02 2.058661842346191406e+02
3.640214920043945312e+02 9.789909362792968750e+02 2.057876396179199219e+02
3.637025070190429688e+02 9.782366180419921875e+02 2.056136894226074219e+02
3.643691635131835938e+02 9.786515045166015625e+02 2.054292106628417969e+02
3.646641159057617188e+02 9.793181610107421875e+02 2.055888938903808594e+02
3.649984741210937500e+02 9.789909362792968750e+02 2.052625846862792969e+02
3.653307723999023438e+02 9.796654510498046875e+02 2.054119873046875000e+02
3.660247802734375000e+02 9.789765930175781250e+02 2.047613334655761719e+02
3.650542831420898438e+02 9.779568481445312500e+02 2.047921562194824219e+02
3.640214920043945312e+02 9.779419708251953125e+02 2.053169059753417969e+02
3.647028732299804688e+02 9.770000457763671875e+02 2.046009445190429688e+02
3.654238128662109375e+02 9.775947570800781250e+02 2.044632530212402344e+02
3.657080078125000000e+02 9.782614135742187500e+02 2.045964050292968750e+02
3.660247802734375000e+02 9.779568481445312500e+02 2.043366050720214844e+02
3.659999847412109375e+02 9.770000457763671875e+02 2.040046501159667969e+02
3.663746643066406250e+02 9.786276245117187500e+02 2.044440841674804688e+02
3.670000076293945312e+02 9.780000305175781250e+02 2.039476585388183594e+02
3.669583511352539062e+02 9.770642852783203125e+02 2.036283302307128906e+02
3.670279312133789062e+02 9.789765930175781250e+02 2.043228149414062500e+02
3.679339218139648438e+02 9.780609893798828125e+02 2.036144065856933594e+02
3.675565338134765625e+02 9.774404907226562500e+02 2.035210037231445312e+02
3.682231903076171875e+02 9.777683258056640625e+02 2.034042739868164062e+02
3.679999923706054688e+02 9.790000152587890625e+02 2.039626884460449219e+02
3.685715484619140625e+02 9.784349822998046875e+02 2.035249137878417969e+02
3.689429092407226562e+02 9.780609893798828125e+02 2.032712745666503906e+02
3.689429092407226562e+02 9.790259552001953125e+02 2.036454772949218750e+02
3.689999771118164062e+02 9.770000457763671875e+02 2.028964042663574219e+02
3.699555587768554688e+02 9.770267486572265625e+02 2.026190376281738281e+02
3.679339218139648438e+02 9.770642852783203125e+02 2.032678222656250000e+02
3.689847183227539062e+02 9.760407257080078125e+02 2.026217651367187500e+02
3.686411666870117188e+02 9.752816772460937500e+02 2.025448608398437500e+02
3.693078231811523438e+02 9.757345581054687500e+02 2.024417495727539062e+02
3.695926284790039062e+02 9.764012145996093750e+02 2.025260543823242188e+02
3.679999923706054688e+02 9.760000610351562500e+02 2.029324913024902344e+02
3.680577850341796875e+02 9.749690246582031250e+02 2.026728630065917969e+02
3.669583511352539062e+02 9.760166168212890625e+02 2.033088493347167969e+02
3.663777542114257812e+02 9.756943511962890625e+02 2.034483146667480469e+02
3.670000076293945312e+02 9.750000000000000000e+02 2.030537796020507812e+02
3.665972518920898438e+02 9.763610076904296875e+02 2.035391998291015625e+02
3.672639083862304688e+02 9.767738342285156250e+02 2.034100723266601562e+02
3.660266494750976562e+02 9.760166168212890625e+02 2.036887741088867188e+02
3.656936645507812500e+02 9.750000000000000000e+02 2.035845565795898438e+02
3.649080276489257812e+02 9.760868072509765625e+02 2.042124748229980469e+02
3.650000000000000000e+02 9.750000000000000000e+02 2.038996887207031250e+02
3.645133590698242188e+02 9.764779663085937500e+02 2.045066452026367188e+02
3.652028656005859375e+02 9.770000457763671875e+02 2.043599891662597656e+02
3.643344879150390625e+02 9.758113098144531250e+02 2.044120216369628906e+02
3.641541290283203125e+02 9.750000000000000000e+02 2.043151283264160156e+02
3.640007019042968750e+02 9.760868072509765625e+02 2.046707153320312500e+02
3.636541366577148438e+02 9.750000000000000000e+02 2.045848655700683594e+02
3.639999771118164062e+02 9.770000457763671875e+02 2.049685668945312500e+02
3.629527664184570312e+02 9.759850311279296875e+02 2.052431678771972656e+02
3.624432754516601562e+02 9.756416320800781250e+02 2.054607391357421875e+02
3.629999923706054688e+02 9.750000000000000000e+02 2.049783325195312500e+02
3.625879287719726562e+02 9.763083648681640625e+02 2.055555915832519531e+02
3.632794570922851562e+02 9.770000457763671875e+02 2.053676223754882812e+02
3.627794647216796875e+02 9.770000457763671875e+02 2.056736564636230469e+02
3.634513473510742188e+02 9.775699615478515625e+02 2.054710006713867188e+02
3.619660186767578125e+02 9.769710540771484375e+02 2.062129783630371094e+02
3.620659637451171875e+02 9.759850311279296875e+02 2.058268356323242188e+02
3.614467620849609375e+02 9.766184234619140625e+02 2.064567565917968750e+02
3.616100311279296875e+02 9.772850799560546875e+02 2.065826988220214844e+02
3.623189926147460938e+02 9.780000305175781250e+02 2.063724517822265625e+02
3.618190002441406250e+02 9.780000305175781250e+02 2.067351341247558594e+02
3.611867141723632812e+02 9.780000305175781250e+02 2.072351264953613281e+02
3.606867218017578125e+02 9.780000305175781250e+02 2.076711654663085938e+02
3.613782882690429688e+02 9.786900329589843750e+02 2.073974609375000000e+02
3.609920501708984375e+02 9.770171356201171875e+02 2.069945526123046875e+02
3.608375167846679688e+02 9.760000610351562500e+02 2.067902565002441406e+02
3.604012298583984375e+02 9.767491149902343750e+02 2.074064064025878906e+02
3.605373382568359375e+02 9.774157714843750000e+02 2.075344085693359375e+02
3.599704360961914062e+02 9.770748901367187500e+02 2.079701614379882812e+02
3.597794723510742188e+02 9.760000610351562500e+02 2.077850914001464844e+02
3.595396041870117188e+02 9.774007415771484375e+02 2.085433197021484375e+02
3.601758956909179688e+02 9.780000305175781250e+02 2.081711578369140625e+02
3.594141006469726562e+02 9.767340087890625000e+02 2.084059143066406250e+02
3.593029785156250000e+02 9.760000610351562500e+02 2.082850837707519531e+02
3.589997863769531250e+02 9.769998168945312500e+02 2.090007400512695312e+02
3.584656524658203125e+02 9.765989685058593750e+02 2.094581413269042969e+02
3.585854721069335938e+02 9.772656250000000000e+02 2.096093940734863281e+02
3.592337417602539062e+02 9.780000305175781250e+02 2.091902732849121094e+02
3.588029861450195312e+02 9.760000610351562500e+02 2.088558197021484375e+02
3.583809280395507812e+02 9.760000610351562500e+02 2.093558120727539062e+02
3.586898040771484375e+02 9.750000000000000000e+02 2.087203598022460938e+02
3.591897964477539062e+02 9.750000000000000000e+02 2.081638526916503906e+02
3.586087036132812500e+02 9.740000152587890625e+02 2.086238288879394531e+02
3.582662200927734375e+02 9.750000000000000000e+02 2.092203712463378906e+02
3.581801223754882812e+02 9.740000152587890625e+02 2.091238403320312500e+02
3.577662277221679688e+02 9.750000000000000000e+02 2.098459625244140625e+02
3.573829650878906250e+02 9.750000000000000000e+02 2.103459548950195312e+02
3.576801300048828125e+02 9.740000152587890625e+02 2.097262001037597656e+02
3.578351593017578125e+02 9.759938812255859375e+02 2.100652122497558594e+02
3.575506973266601562e+02 9.763231658935546875e+02 2.105726623535156250e+02
3.582096099853515625e+02 9.769593811035156250e+02 2.099656295776367188e+02
3.574569320678710938e+02 9.756565093994140625e+02 2.104420280456542969e+02
3.572068405151367188e+02 9.759938812255859375e+02 2.109436035156250000e+02
3.566658782958984375e+02 9.760000610351562500e+02 2.117663955688476562e+02
3.573249435424804688e+02 9.770000457763671875e+02 2.112379837036132812e+02
3.568440628051757812e+02 9.749425506591796875e+02 2.110858154296875000e+02
3.564834976196289062e+02 9.745708465576171875e+02 2.114763450622558594e+02
3.567860412597656250e+02 9.740000152587890625e+02 2.108978271484375000e+02
3.565628433227539062e+02 9.752375793457031250e+02 2.115986633300781250e+02
3.562677764892578125e+02 9.749425506591796875e+02 2.119591903686523438e+02
3.556784439086914062e+02 9.750971984863281250e+02 2.130098724365234375e+02
3.563572692871093750e+02 9.760000610351562500e+02 2.122663879394531250e+02
3.560361099243164062e+02 9.740000152587890625e+02 2.119999885559082031e+02
3.557987213134765625e+02 9.729512786865234375e+02 2.120884132385253906e+02
3.564277648925781250e+02 9.740000152587890625e+02 2.113978195190429688e+02
3.556083297729492188e+02 9.740000152587890625e+02 2.126848030090332031e+02
3.553214263916015625e+02 9.740000152587890625e+02 2.131847953796386719e+02
3.555374908447265625e+02 9.732521057128906250e+02 2.125632667541503906e+02
3.552797698974609375e+02 9.729512786865234375e+02 2.129379653930664062e+02
3.551380920410156250e+02 9.720000457763671875e+02 2.129999923706054688e+02
3.554875564575195312e+02 9.725853729248046875e+02 2.124806785583496094e+02
3.546976470947265625e+02 9.730284118652343750e+02 2.140621566772460938e+02
3.544701766967773438e+02 9.727140045166015625e+02 2.144369316101074219e+02
3.546769714355468750e+02 9.720000457763671875e+02 2.138646125793457031e+02
3.545174026489257812e+02 9.733806610107421875e+02 2.145405769348144531e+02
3.548991394042968750e+02 9.740000152587890625e+02 2.139999961853027344e+02
3.545777130126953125e+02 9.740000152587890625e+02 2.146832275390625000e+02
3.552058410644531250e+02 9.750971984863281250e+02 2.139015197753906250e+02
3.554150772094726562e+02 9.748286437988281250e+02 2.133497810363769531e+02
3.546798324584960938e+02 9.750177764892578125e+02 2.150222396850585938e+02
3.553406906127929688e+02 9.760000610351562500e+02 2.141654396057128906e+02
3.555012512207031250e+02 9.754953002929687500e+02 2.135025215148925781e+02
3.555802154541015625e+02 9.760000610351562500e+02 2.136654281616210938e+02
3.559375000000000000e+02 9.760000610351562500e+02 2.129999923706054688e+02
3.557437515258789062e+02 9.769863891601562500e+02 2.140308189392089844e+02
3.562718582153320312e+02 9.769779205322265625e+02 2.129808044433593750e+02
3.554458236694335938e+02 9.766439056396484375e+02 2.143847084045410156e+02
3.555736541748046875e+02 9.773105621337890625e+02 2.146799278259277344e+02
3.562107467651367188e+02 9.780538177490234375e+02 2.139431953430175781e+02
3.563935470581054688e+02 9.777562713623046875e+02 2.133013343811035156e+02
3.557257080078125000e+02 9.779846954345703125e+02 2.150079536437988281e+02
3.563840484619140625e+02 9.787316131591796875e+02 2.142386436462402344e+02
3.565333175659179688e+02 9.784229278564453125e+02 2.135719871520996094e+02
3.566925048828125000e+02 9.780538177490234375e+02 2.129808044433593750e+02
3.566710662841796875e+02 9.790390014648437500e+02 2.139431953430175781e+02
3.571670150756835938e+02 9.790502929687500000e+02 2.129456901550292969e+02
3.565528488159179688e+02 9.793982696533203125e+02 2.146306037902832031e+02
3.562341690063476562e+02 9.790390014648437500e+02 2.149783515930175781e+02
3.557947921752929688e+02 9.789266204833984375e+02 2.160569381713867188e+02
3.564210510253906250e+02 9.796403503417968750e+02 2.152972602844238281e+02
3.555851745605468750e+02 9.783077239990234375e+02 2.157615661621093750e+02
3.554772567749023438e+02 9.785443115234375000e+02 2.164282417297363281e+02
3.553994369506835938e+02 9.786927795410156250e+02 2.169999885559082031e+02
3.553498840332031250e+02 9.779846954345703125e+02 2.160569381713867188e+02
3.549681854248046875e+02 9.770000457763671875e+02 2.159999847412109375e+02
3.554393768310546875e+02 9.776410675048828125e+02 2.153466033935546875e+02
3.550808715820312500e+02 9.780000305175781250e+02 2.169999885559082031e+02
3.546681976318359375e+02 9.769815063476562500e+02 2.169849395751953125e+02
3.548421096801757812e+02 9.780000305175781250e+02 2.179999923706054688e+02
3.545603942871093750e+02 9.773416137695312500e+02 2.179999923706054688e+02
3.546598815917968750e+02 9.779566192626953125e+02 2.189213371276855469e+02
3.553231811523437500e+02 9.790276336669921875e+02 2.180890655517578125e+02
3.551576614379882812e+02 9.790000152587890625e+02 2.189999961853027344e+02
3.550628280639648438e+02 9.790000152587890625e+02 2.200000000000000000e+02
3.554616928100585938e+02 9.795632171630859375e+02 2.189999961853027344e+02
3.546453094482421875e+02 9.781802368164062500e+02 2.200000000000000000e+02
3.544205856323242188e+02 9.776802062988281250e+02 2.200000000000000000e+02
3.544587707519531250e+02 9.775943756103515625e+02 2.192022323608398438e+02
3.541547012329101562e+02 9.770000457763671875e+02 2.200000000000000000e+02
3.543080902099609375e+02 9.770918273925781250e+02 2.189213371276855469e+02
3.537859725952148438e+02 9.760000610351562500e+02 2.200000000000000000e+02
3.539084243774414062e+02 9.760000610351562500e+02 2.189999961853027344e+02
3.535519027709960938e+02 9.753237915039062500e+02 2.200000000000000000e+02
3.537213897705078125e+02 9.760000610351562500e+02 2.209999847412109375e+02
3.535153198242187500e+02 9.754491424560546875e+02 2.209999847412109375e+02
3.533692550659179688e+02 9.749491119384765625e+02 2.209999847412109375e+02
3.531032180786132812e+02 9.740000152587890625e+02 2.209999847412109375e+02
3.534075164794921875e+02 9.748237609863281250e+02 2.200000000000000000e+02
3.531887054443359375e+02 9.740000152587890625e+02 2.200000000000000000e+02
3.534559631347656250e+02 9.746559143066406250e+02 2.192237854003906250e+02
3.535996246337890625e+02 9.749935913085937500e+02 2.189342689514160156e+02
3.533566665649414062e+02 9.740768432617187500e+02 2.189342689514160156e+02
3.531200408935546875e+02 9.730000305175781250e+02 2.189999961853027344e+02
3.534305191040039062e+02 9.737947845458984375e+02 2.181988525390625000e+02
3.535095214843750000e+02 9.744614410400390625e+02 2.185571289062500000e+02
3.535597991943359375e+02 9.740768432617187500e+02 2.179193115234375000e+02
3.537686538696289062e+02 9.740000152587890625e+02 2.169999885559082031e+02
3.537777328491210938e+02 9.750000000000000000e+02 2.179999923706054688e+02
3.535078048706054688e+02 9.734549713134765625e+02 2.175321960449218750e+02
3.535903167724609375e+02 9.730729675292968750e+02 2.169944000244140625e+02
3.533531570434570312e+02 9.730729675292968750e+02 2.179193115234375000e+02
3.534523773193359375e+02 9.727883148193359375e+02 2.173240089416503906e+02
3.531772994995117188e+02 9.720000457763671875e+02 2.179999923706054688e+02
3.534009170532226562e+02 9.720000457763671875e+02 2.171409225463867188e+02
3.530727005004882812e+02 9.710000610351562500e+02 2.179999923706054688e+02
3.529666519165039062e+02 9.720000457763671875e+02 2.189999961853027344e+02
3.528503036499023438e+02 9.710000610351562500e+02 2.189999961853027344e+02
3.528142929077148438e+02 9.720000457763671875e+02 2.200000000000000000e+02
3.529731369018554688e+02 9.730000305175781250e+02 2.200000000000000000e+02
3.528736877441406250e+02 9.730000305175781250e+02 2.209999847412109375e+02
3.527793121337890625e+02 9.700000000000000000e+02 2.189999961853027344e+02
3.530105972290039062e+02 9.700000000000000000e+02 2.179999923706054688e+02
3.527748107910156250e+02 9.690000152587890625e+02 2.189999961853027344e+02
3.530128860473632812e+02 9.690000152587890625e+02 2.179999923706054688e+02
3.528364944458007812e+02 9.680000305175781250e+02 2.189999961853027344e+02
3.530846023559570312e+02 9.680000305175781250e+02 2.179999923706054688e+02
3.529556274414062500e+02 9.670000457763671875e+02 2.189999961853027344e+02
3.532159805297851562e+02 9.670000457763671875e+02 2.179999923706054688e+02
3.531218338012695312e+02 9.660000610351562500e+02 2.189999961853027344e+02
3.533858489990234375e+02 9.660465240478515625e+02 2.179955673217773438e+02
3.533473587036132812e+02 9.649639892578125000e+02 2.189563941955566406e+02
3.529146957397460938e+02 9.660000610351562500e+02 2.200000000000000000e+02
3.531071090698242188e+02 9.650000000000000000e+02 2.200000000000000000e+02
3.529443740844726562e+02 9.650000000000000000e+02 2.209999847412109375e+02
3.533584213256835938e+02 9.639569854736328125e+02 2.199732398986816406e+02
3.534358978271484375e+02 9.642617034912109375e+02 2.192606735229492188e+02
3.531661224365234375e+02 9.640000152587890625e+02 2.209999847412109375e+02
3.535266494750976562e+02 9.635949707031250000e+02 2.196220588684082031e+02
3.534558868408203125e+02 9.633441925048828125e+02 2.202887153625488281e+02
3.534121704101562500e+02 9.630065155029296875e+02 2.210824966430664062e+02
3.536237335205078125e+02 9.630065155029296875e+02 2.199732398986816406e+02
3.538797760009765625e+02 9.630000305175781250e+02 2.189999961853027344e+02
3.539328384399414062e+02 9.620000457763671875e+02 2.200000000000000000e+02
3.535520553588867188e+02 9.626775360107421875e+02 2.208041763305664062e+02
3.536854553222656250e+02 9.620905303955078125e+02 2.210824966430664062e+02
3.536212539672851562e+02 9.618920898437500000e+02 2.219999885559082031e+02
3.540650558471679688e+02 9.610000610351562500e+02 2.209999847412109375e+02
3.534951782226562500e+02 9.624841308593750000e+02 2.214708328247070312e+02
3.534677124023437500e+02 9.623921203613281250e+02 2.219999885559082031e+02
3.532959747314453125e+02 9.630000305175781250e+02 2.219999885559082031e+02
3.534334564208984375e+02 9.622753143310546875e+02 2.229999923706054688e+02
3.532267761230468750e+02 9.630000305175781250e+02 2.229999923706054688e+02
3.534265518188476562e+02 9.622502136230468750e+02 2.239999961853027344e+02
3.535843276977539062e+02 9.617752838134765625e+02 2.229999923706054688e+02
3.535759353637695312e+02 9.617501831054687500e+02 2.239999961853027344e+02
3.538489913940429688e+02 9.610000610351562500e+02 2.229999923706054688e+02
3.542046356201171875e+02 9.600000000000000000e+02 2.229999923706054688e+02
3.539220809936523438e+02 9.610000610351562500e+02 2.219999885559082031e+02
3.538313674926757812e+02 9.610000610351562500e+02 2.239999961853027344e+02
3.541807556152343750e+02 9.600000000000000000e+02 2.239999961853027344e+02
3.538634490966796875e+02 9.610000610351562500e+02 2.250000000000000000e+02
3.539521408081054688e+02 9.610000610351562500e+02 2.259999847412109375e+02
3.535940170288085938e+02 9.618102264404296875e+02 2.250000000000000000e+02
3.542087554931640625e+02 9.600000000000000000e+02 2.250000000000000000e+02
3.544393157958984375e+02 9.593609619140625000e+02 2.250000000000000000e+02
3.543306732177734375e+02 9.599236297607421875e+02 2.260376930236816406e+02
3.544686889648437500e+02 9.594287872314453125e+02 2.257294845581054688e+02
3.545148086547851562e+02 9.595393371582031250e+02 2.263961601257324219e+02
3.543860626220703125e+02 9.601879882812500000e+02 2.269999885559082031e+02
3.545733642578125000e+02 9.596879577636718750e+02 2.269999885559082031e+02
3.544536972045898438e+02 9.603779602050781250e+02 2.276788902282714844e+02
3.541028213500976562e+02 9.610000610351562500e+02 2.269999885559082031e+02
3.543329620361328125e+02 9.609703063964843750e+02 2.280073356628417969e+02
3.537792205810546875e+02 9.620000457763671875e+02 2.269999885559082031e+02
3.536193084716796875e+02 9.620450592041015625e+02 2.260411262512207031e+02
3.539956665039062500e+02 9.620000457763671875e+02 2.279999923706054688e+02
3.535624313354492188e+02 9.627289581298828125e+02 2.269999885559082031e+02
3.535117721557617188e+02 9.625424957275390625e+02 2.264018821716308594e+02
3.534281539916992188e+02 9.632289123535156250e+02 2.269999885559082031e+02
3.536759185791015625e+02 9.630576324462890625e+02 2.279447937011718750e+02
3.534813690185546875e+02 9.634294128417968750e+02 2.275746536254882812e+02
3.539793395996093750e+02 9.630000305175781250e+02 2.289999961853027344e+02
3.535669326782226562e+02 9.637931060791015625e+02 2.282413291931152344e+02
3.534273147583007812e+02 9.640759277343750000e+02 2.279447937011718750e+02
3.536948394775390625e+02 9.640759277343750000e+02 2.289179611206054688e+02
3.534910964965820312e+02 9.644597625732421875e+02 2.285299301147460938e+02
3.540721893310546875e+02 9.640000152587890625e+02 2.300000000000000000e+02
3.536001968383789062e+02 9.650000000000000000e+02 2.291732597351074219e+02
3.535314178466796875e+02 9.660000610351562500e+02 2.293983650207519531e+02
3.534484863281250000e+02 9.650000000000000000e+02 2.286732482910156250e+02
3.532688140869140625e+02 9.650000000000000000e+02 2.279999923706054688e+02
3.533813476562500000e+02 9.660000610351562500e+02 2.288983726501464844e+02
3.531314849853515625e+02 9.660000610351562500e+02 2.279999923706054688e+02
3.533671569824218750e+02 9.669164276123046875e+02 2.290980339050292969e+02
3.533177566528320312e+02 9.680000305175781250e+02 2.289999961853027344e+02
3.534891510009765625e+02 9.671940612792968750e+02 2.295276641845703125e+02
3.535010147094726562e+02 9.665273284912109375e+02 2.294967460632324219e+02
3.530465316772460938e+02 9.670000457763671875e+02 2.279999923706054688e+02
3.528158569335937500e+02 9.670000457763671875e+02 2.269999885559082031e+02
3.530191040039062500e+02 9.680000305175781250e+02 2.279999923706054688e+02
3.527774047851562500e+02 9.680000305175781250e+02 2.269999885559082031e+02
3.530574417114257812e+02 9.690000152587890625e+02 2.279999923706054688e+02
3.528070831298828125e+02 9.690000152587890625e+02 2.269999885559082031e+02
3.533768844604492188e+02 9.689443206787109375e+02 2.290551376342773438e+02
3.531573486328125000e+02 9.700000000000000000e+02 2.279999923706054688e+02
3.533325958251953125e+02 9.710668945312500000e+02 2.280816841125488281e+02
3.528969192504882812e+02 9.700000000000000000e+02 2.269999885559082031e+02
3.526945877075195312e+02 9.700000000000000000e+02 2.259999847412109375e+02
3.530283355712890625e+02 9.710000610351562500e+02 2.269999885559082031e+02
3.528132247924804688e+02 9.710000610351562500e+02 2.259999847412109375e+02
3.532052230834960938e+02 9.720000457763671875e+02 2.269999885559082031e+02
3.529803085327148438e+02 9.720000457763671875e+02 2.259999847412109375e+02
3.534072875976562500e+02 9.729479217529296875e+02 2.269556427001953125e+02
3.531993865966796875e+02 9.730000305175781250e+02 2.259999847412109375e+02
3.534748077392578125e+02 9.735860443115234375e+02 2.265927505493164062e+02
3.534111404418945312e+02 9.738031005859375000e+02 2.259999847412109375e+02
3.535596084594726562e+02 9.743031311035156250e+02 2.259999847412109375e+02
3.533306503295898438e+02 9.740908813476562500e+02 2.250821685791015625e+02
3.530259323120117188e+02 9.730000305175781250e+02 2.250000000000000000e+02
3.534542846679687500e+02 9.746357727050781250e+02 2.248036384582519531e+02
3.535046768188476562e+02 9.744847869873046875e+02 2.254702949523925781e+02
3.536165618896484375e+02 9.749814605712890625e+02 2.250821685791015625e+02
3.537931060791015625e+02 9.750000000000000000e+02 2.259999847412109375e+02
3.528132247924804688e+02 9.720000457763671875e+02 2.250000000000000000e+02
3.526507186889648438e+02 9.710000610351562500e+02 2.250000000000000000e+02
3.525451278686523438e+02 9.700666809082031250e+02 2.250014495849609375e+02
3.524795532226562500e+02 9.697777557373046875e+02 2.246690750122070312e+02
3.525043106079101562e+02 9.704444122314453125e+02 2.244351387023925781e+02
3.525205230712890625e+02 9.690000152587890625e+02 2.253349494934082031e+02
3.524614715576171875e+02 9.690000152587890625e+02 2.248349380493164062e+02
3.525129699707031250e+02 9.680000305175781250e+02 2.253902816772460938e+02
3.526215744018554688e+02 9.690000152587890625e+02 2.259999847412109375e+02
3.526024627685546875e+02 9.680000305175781250e+02 2.259999847412109375e+02
3.526508712768554688e+02 9.670000457763671875e+02 2.259999847412109375e+02
3.527596664428710938e+02 9.660000610351562500e+02 2.259999847412109375e+02
3.525354766845703125e+02 9.669370269775390625e+02 2.250457191467285156e+02
3.524725341796875000e+02 9.672283172607421875e+02 2.247428512573242188e+02
3.525084304809570312e+02 9.665766906738281250e+02 2.239999961853027344e+02
3.526454544067382812e+02 9.660000610351562500e+02 2.250000000000000000e+02
3.528038787841796875e+02 9.650000000000000000e+02 2.250000000000000000e+02
3.525931930541992188e+02 9.660000610351562500e+02 2.239999961853027344e+02
3.526024627685546875e+02 9.660000610351562500e+02 2.229999923706054688e+02
3.527569961547851562e+02 9.650000000000000000e+02 2.239999961853027344e+02
3.527686691284179688e+02 9.650000000000000000e+02 2.229999923706054688e+02
3.529584503173828125e+02 9.640000152587890625e+02 2.239999961853027344e+02
3.529724884033203125e+02 9.640000152587890625e+02 2.229999923706054688e+02
3.530018615722656250e+02 9.640000152587890625e+02 2.250000000000000000e+02
3.532127380371093750e+02 9.630000305175781250e+02 2.239999961853027344e+02
3.532513427734375000e+02 9.630000305175781250e+02 2.250000000000000000e+02
3.533678436279296875e+02 9.629254913330078125e+02 2.260411262512207031e+02
3.534441757202148438e+02 9.623101806640625000e+02 2.250000000000000000e+02
3.534730148315429688e+02 9.624084472656250000e+02 2.257352066040039062e+02
3.530999755859375000e+02 9.640000152587890625e+02 2.259999847412109375e+02
3.532451248168945312e+02 9.640000152587890625e+02 2.269999885559082031e+02
3.529080581665039062e+02 9.650000000000000000e+02 2.259999847412109375e+02
3.530546569824218750e+02 9.650000000000000000e+02 2.269999885559082031e+02
3.529124450683593750e+02 9.660000610351562500e+02 2.269999885559082031e+02
3.530403518676757812e+02 9.640000152587890625e+02 2.219999885559082031e+02
3.528286361694335938e+02 9.650000000000000000e+02 2.219999885559082031e+02
3.526525878906250000e+02 9.660000610351562500e+02 2.219999885559082031e+02
3.525129699707031250e+02 9.666089630126953125e+02 2.229999923706054688e+02
3.524562072753906250e+02 9.671089935302734375e+02 2.229999923706054688e+02
3.524001312255859375e+02 9.680000305175781250e+02 2.229999923706054688e+02
3.524552536010742188e+02 9.670767211914062500e+02 2.239999961853027344e+02
3.524027252197265625e+02 9.680000305175781250e+02 2.239999961853027344e+02
3.524562072753906250e+02 9.680000305175781250e+02 2.248902702331542969e+02
3.524053955078125000e+02 9.690000152587890625e+02 2.239999961853027344e+02
3.523878479003906250e+02 9.690000152587890625e+02 2.229999923706054688e+02
3.524561691284179688e+02 9.700666809082031250e+02 2.240610885620117188e+02
3.524001312255859375e+02 9.690000152587890625e+02 2.219999885559082031e+02
3.524278640747070312e+02 9.680000305175781250e+02 2.219999885559082031e+02
3.536530685424804688e+02 9.669164276123046875e+02 2.299165916442871094e+02
3.534865951538085938e+02 9.680000305175781250e+02 2.295337104797363281e+02
3.543227386474609375e+02 9.629966735839843750e+02 2.300307273864746094e+02
3.544189453125000000e+02 9.622521972656250000e+02 2.297178840637207031e+02
3.542998886108398438e+02 9.619513702392578125e+02 2.290452575683593750e+02
3.546397399902343750e+02 9.619513702392578125e+02 2.300307273864746094e+02
3.545292663574218750e+02 9.615855407714843750e+02 2.294087791442871094e+02
3.549650192260742188e+02 9.610000610351562500e+02 2.300000000000000000e+02
3.553317260742187500e+02 9.600287628173828125e+02 2.299667358398437500e+02
3.546324157714843750e+02 9.609703063964843750e+02 2.290452575683593750e+02
3.553477096557617188e+02 9.610549926757812500e+02 2.309683990478515625e+02
3.554491806030273438e+02 9.603813171386718750e+02 2.306140136718750000e+02
3.554716491699218750e+02 9.614250183105468750e+02 2.315571212768554688e+02
3.556004333496093750e+02 9.607582855224609375e+02 2.312806892395019531e+02
3.557626342773437500e+02 9.600287628173828125e+02 2.309683990478515625e+02
3.558042526245117188e+02 9.610549926757812500e+02 2.319342613220214844e+02
3.556267547607421875e+02 9.620000457763671875e+02 2.322504997253417969e+02
3.563322830200195312e+02 9.610686492919921875e+02 2.329775238037109375e+02
3.562660217285156250e+02 9.600045776367187500e+02 2.320106506347656250e+02
3.565750122070312500e+02 9.596742248535156250e+02 2.323510932922363281e+02
3.564334869384765625e+02 9.603408813476562500e+02 2.326292037963867188e+02
3.564094161987304688e+02 9.593025207519531250e+02 2.316844367980957031e+02
3.562511444091796875e+02 9.589815521240234375e+02 2.310156059265136719e+02
3.567190170288085938e+02 9.589815521240234375e+02 2.320106506347656250e+02
3.572154617309570312e+02 9.579737854003906250e+02 2.320215225219726562e+02
3.565644073486328125e+02 9.586358642578125000e+02 2.313593292236328125e+02
3.572271347045898438e+02 9.589827728271484375e+02 2.330262184143066406e+02
3.573922348022460938e+02 9.582896423339843750e+02 2.327103805541992188e+02
3.567560958862304688e+02 9.600045776367187500e+02 2.329775238037109375e+02
3.574113082885742188e+02 9.593045806884765625e+02 2.336666679382324219e+02
3.575650024414062500e+02 9.586379241943359375e+02 2.333770370483398438e+02
3.577188110351562500e+02 9.579737854003906250e+02 2.330262184143066406e+02
3.577395629882812500e+02 9.589827728271484375e+02 2.339999961853027344e+02
3.582258605957031250e+02 9.579954528808593750e+02 2.340088653564453125e+02
3.582680130004882812e+02 9.590287780761718750e+02 2.349955558776855469e+02
3.575908279418945312e+02 9.597192382812500000e+02 2.343333435058593750e+02
3.584100723266601562e+02 9.583257293701171875e+02 2.346592712402343750e+02
3.584457778930664062e+02 9.593813323974609375e+02 2.355914497375488281e+02
3.586014175415039062e+02 9.587145996093750000e+02 2.353259468078613281e+02
3.587790679931640625e+02 9.579954528808593750e+02 2.349955558776855469e+02
3.592870330810546875e+02 9.570458984375000000e+02 2.349513816833496094e+02
3.585852432250976562e+02 9.576590728759765625e+02 2.343481254577636719e+02
3.593081283569335938e+02 9.580631256103515625e+02 2.359544563293457031e+02
3.594450759887695312e+02 9.574097442626953125e+02 2.355907630920410156e+02
3.594670104980468750e+02 9.584384918212890625e+02 2.365513610839843750e+02
3.596512222290039062e+02 9.577718353271484375e+02 2.362574195861816406e+02
3.599861145019531250e+02 9.569785308837890625e+02 2.360211372375488281e+02
3.600017929077148438e+02 9.580045318603515625e+02 2.369956779479980469e+02
3.603178787231445312e+02 9.572139739990234375e+02 2.367733192443847656e+02
3.605321121215820312e+02 9.565473175048828125e+02 2.364515113830566406e+02
3.603209686279296875e+02 9.562522125244140625e+02 2.357848358154296875e+02
3.596543121337890625e+02 9.567430877685546875e+02 2.352523040771484375e+02
3.600027465820312500e+02 9.560047149658203125e+02 2.349931335449218750e+02
3.594480895996093750e+02 9.564238739013671875e+02 2.345856475830078125e+02
3.603511810302734375e+02 9.553184509277343750e+02 2.347339630126953125e+02
3.596844863891601562e+02 9.557572174072265625e+02 2.341904067993164062e+02
3.605665588378906250e+02 9.555855560302734375e+02 2.354006195068359375e+02
3.607330322265625000e+02 9.559513092041015625e+02 2.360708999633789062e+02
3.609339523315429688e+02 9.549230957031250000e+02 2.350984954833984375e+02
3.613013839721679688e+02 9.542968750000000000e+02 2.347963714599609375e+02
3.606346893310546875e+02 9.546517944335937500e+02 2.342894744873046875e+02
3.612672042846679688e+02 9.552332305908203125e+02 2.359999847412109375e+02
3.615263366699218750e+02 9.545276641845703125e+02 2.354630279541015625e+02
3.617216110229492188e+02 9.547332763671875000e+02 2.359999847412109375e+02
3.619159698486328125e+02 9.539173126220703125e+02 2.351196670532226562e+02
3.623055648803710938e+02 9.533325195312500000e+02 2.347762870788574219e+02
3.616389083862304688e+02 9.536302185058593750e+02 2.342934799194335938e+02
3.622216033935546875e+02 9.542316436767578125e+02 2.359999847412109375e+02
3.625428009033203125e+02 9.535377502441406250e+02 2.354429626464843750e+02
3.629598999023437500e+02 9.529650878906250000e+02 2.350547790527343750e+02
3.627620697021484375e+02 9.537316894531250000e+02 2.359999847412109375e+02
3.632620620727539062e+02 9.533065795898437500e+02 2.359999847412109375e+02
3.630891418457031250e+02 9.540784454345703125e+02 2.368910408020019531e+02
3.634732818603515625e+02 9.534777832031250000e+02 2.365319442749023438e+02
3.627050399780273438e+02 9.546999359130859375e+02 2.372501373291015625e+02
3.633717346191406250e+02 9.543856811523437500e+02 2.376476097106933594e+02
3.637659454345703125e+02 9.537190246582031250e+02 2.371986198425292969e+02
3.624357604980468750e+02 9.544378662109375000e+02 2.365834617614746094e+02
3.620721817016601562e+02 9.550749969482421875e+02 2.369052314758300781e+02
3.614564132690429688e+02 9.554500579833984375e+02 2.365603446960449219e+02
3.617086029052734375e+02 9.557467651367187500e+02 2.372270011901855469e+02
3.623752975463867188e+02 9.553665924072265625e+02 2.376552200317382812e+02
3.630135726928710938e+02 9.550121307373046875e+02 2.379847335815429688e+02
3.636713409423828125e+02 9.546576690673828125e+02 2.383142662048339844e+02
3.640519714355468750e+02 9.540429687500000000e+02 2.379426574707031250e+02
3.644326019287109375e+02 9.534480285644531250e+02 2.375710678100585938e+02
3.643380355834960938e+02 9.543669891357421875e+02 2.386639595031738281e+02
3.647726058959960938e+02 9.537003326416015625e+02 2.382377243041992188e+02
3.650635528564453125e+02 9.532769775390625000e+02 2.379426383972167969e+02
3.650616836547851562e+02 9.540452575683593750e+02 2.389427375793457031e+02
3.654392623901367188e+02 9.534577941894531250e+02 2.385548591613769531e+02
3.646841430664062500e+02 9.546501922607421875e+02 2.393306159973144531e+02
3.653507995605468750e+02 9.543901824951171875e+02 2.396291923522949219e+02
3.659999847412109375e+02 9.536697387695312500e+02 2.392885208129882812e+02
3.659999847412109375e+02 9.532826995849609375e+02 2.387885284423828125e+02
3.660562896728515625e+02 9.542065429687500000e+02 2.399775123596191406e+02
3.665048599243164062e+02 9.535028076171875000e+02 2.394965171813964844e+02
3.669169616699218750e+02 9.529557037353515625e+02 2.390583229064941406e+02
3.669029235839843750e+02 9.537310028076171875e+02 2.400306892395019531e+02
3.671715164184570312e+02 9.533255767822265625e+02 2.397178077697753906e+02
3.676878738403320312e+02 9.535974884033203125e+02 2.403844833374023438e+02
3.670000076293945312e+02 9.542866516113281250e+02 2.407333183288574219e+02
3.664271545410156250e+02 9.544513702392578125e+02 2.405527114868164062e+02
3.680938720703125000e+02 9.530437469482421875e+02 2.399422836303710938e+02
3.684998321533203125e+02 9.525000000000000000e+02 2.395000839233398438e+02
3.678331756591796875e+02 9.526589202880859375e+02 2.392867851257324219e+02
3.683545684814453125e+02 9.534286499023437500e+02 2.405831718444824219e+02
3.680998992919921875e+02 9.523103332519531250e+02 2.389720726013183594e+02
3.673290634155273438e+02 9.524140167236328125e+02 2.386201286315917969e+02
3.679412078857421875e+02 9.517279052734375000e+02 2.380034828186035156e+02
3.690637588500976562e+02 9.518827056884765625e+02 2.389202690124511719e+02
3.694396209716796875e+02 9.514780426025390625e+02 2.385338020324707031e+02
3.687729644775390625e+02 9.516032409667968750e+02 2.383391571044921875e+02
3.689999771118164062e+02 9.524008941650390625e+02 2.396327590942382812e+02
3.690637588500976562e+02 9.512913513183593750e+02 2.380034828186035156e+02
3.689675521850585938e+02 9.507266998291015625e+02 2.369765090942382812e+02
3.700000000000000000e+02 9.509912872314453125e+02 2.379999923706054688e+02
3.682353591918945312e+02 9.513932037353515625e+02 2.376724815368652344e+02
3.679412078857421875e+02 9.511581420898437500e+02 2.370712471008300781e+02
3.670000076293945312e+02 9.513651275634765625e+02 2.367305374145507812e+02
3.679999923706054688e+02 9.506527709960937500e+02 2.362109184265136719e+02
3.675687026977539062e+02 9.515292358398437500e+02 2.374520874023437500e+02
3.670000076293945312e+02 9.516664886474609375e+02 2.372305297851562500e+02
3.669974136352539062e+02 9.521816253662109375e+02 2.380262184143066406e+02
3.660332489013671875e+02 9.520169830322265625e+02 2.369692420959472656e+02
3.664757156372070312e+02 9.514867401123046875e+02 2.365219497680664062e+02
3.658090209960937500e+02 9.516744995117187500e+02 2.361988830566406250e+02
3.652511978149414062e+02 9.523411560058593750e+02 2.367498588562011719e+02
3.662574386596679688e+02 9.523595428466796875e+02 2.377103614807128906e+02
3.655907821655273438e+02 9.525558471679687500e+02 2.374165344238281250e+02
3.649507141113281250e+02 9.527369689941406250e+02 2.370499229431152344e+02
3.659544372558593750e+02 9.527597045898437500e+02 2.380262184143066406e+02
3.666623687744140625e+02 9.525858306884765625e+02 2.383770370483398438e+02
3.645845031738281250e+02 9.525577545166015625e+02 2.364086341857910156e+02
3.640595626831054688e+02 9.532901000976562500e+02 2.369191741943359375e+02
3.639778518676757812e+02 9.527799224853515625e+02 2.360451889038085938e+02
3.636297607421875000e+02 9.525976562500000000e+02 2.353332519531250000e+02
3.642964172363281250e+02 9.523562622070312500e+02 2.357419776916503906e+02
3.639778518676757812e+02 9.521657562255859375e+02 2.349999427795410156e+02
3.650272369384765625e+02 9.520153808593750000e+02 2.359704399108886719e+02
3.654699325561523438e+02 9.514819335937500000e+02 2.355322265625000000e+02
3.647420120239257812e+02 9.516513824462890625e+02 2.350000000000000000e+02
3.652420425415039062e+02 9.513472747802734375e+02 2.350000000000000000e+02
3.645194244384765625e+02 9.515122222900390625e+02 2.344750785827636719e+02
3.650059509277343750e+02 9.510020446777343750e+02 2.339922523498535156e+02
3.639663696289062500e+02 9.516968536376953125e+02 2.340850448608398438e+02
3.642773056030273438e+02 9.513562011718750000e+02 2.338084030151367188e+02
3.636106109619140625e+02 9.515748596191406250e+02 2.333398628234863281e+02
3.630261611938476562e+02 9.522792053222656250e+02 2.339196014404296875e+02
3.624781417846679688e+02 9.524827575683593750e+02 2.335326766967773438e+02
3.630318832397460938e+02 9.518264007568359375e+02 2.330039215087890625e+02
3.633769607543945312e+02 9.524076843261718750e+02 2.346665954589843750e+02
3.627103042602539062e+02 9.526658630371093750e+02 2.341993331909179688e+02
3.620585250854492188e+02 9.530458831787109375e+02 2.339130783081054688e+02
3.618022918701171875e+02 9.527491760253906250e+02 2.329999923706054688e+02
3.614194107055664062e+02 9.534259033203125000e+02 2.336268043518066406e+02
3.612209701538085938e+02 9.532491302490234375e+02 2.329999923706054688e+02
3.610270690917968750e+02 9.540246582031250000e+02 2.339581489562988281e+02
3.604244995117187500e+02 9.544190979003906250e+02 2.336228179931640625e+02
3.607209777832031250e+02 9.537202453613281250e+02 2.329999923706054688e+02
3.605418777465820312e+02 9.535412597656250000e+02 2.324267387390136719e+02
3.602381134033203125e+02 9.542201995849609375e+02 2.329999923706054688e+02
3.599594497680664062e+02 9.539550018310546875e+02 2.320752716064453125e+02
3.597381210327148438e+02 9.547905731201171875e+02 2.329999923706054688e+02
3.600545120239257812e+02 9.550669097900390625e+02 2.339066123962402344e+02
3.595596313476562500e+02 9.545720672607421875e+02 2.323904800415039062e+02
3.593404006958007812e+02 9.552906036376953125e+02 2.329999923706054688e+02
3.588297653198242188e+02 9.560219573974609375e+02 2.329943466186523438e+02
3.594862365722656250e+02 9.554820251464843750e+02 2.335237312316894531e+02
3.590098190307617188e+02 9.550126647949218750e+02 2.319795799255371094e+02
3.584661102294921875e+02 9.554533386230468750e+02 2.315686798095703125e+02
3.593853378295898438e+02 9.543687438964843750e+02 2.317238235473632812e+02
3.587178039550781250e+02 9.547834014892578125e+02 2.309999847412109375e+02
3.586343002319335938e+02 9.557032012939453125e+02 2.322353363037109375e+02
3.582843017578125000e+02 9.560219573974609375e+02 2.319412040710449219e+02
3.578265380859375000e+02 9.560441589355468750e+02 2.309800529479980469e+02
3.577436447143554688e+02 9.569943237304687500e+02 2.320215225219726562e+02
3.584178543090820312e+02 9.563699340820312500e+02 2.326572418212890625e+02
3.582305145263671875e+02 9.569963836669921875e+02 2.329943466186523438e+02
3.584013366699218750e+02 9.573272705078125000e+02 2.336814498901367188e+02
3.585957336425781250e+02 9.566605377197265625e+02 2.333239173889160156e+02
3.587774276733398438e+02 9.569963836669921875e+02 2.340088653564453125e+02
3.593180465698242188e+02 9.560543823242187500e+02 2.339142417907714844e+02
3.574024581909179688e+02 9.573239135742187500e+02 2.317025566101074219e+02
3.575898742675781250e+02 9.566572570800781250e+02 2.313000869750976562e+02
3.575650024414062500e+02 9.576229858398437500e+02 2.323692131042480469e+02
3.572595977783203125e+02 9.569943237304687500e+02 2.309800529479980469e+02
3.568040847778320312e+02 9.570476531982421875e+02 2.299731826782226562e+02
3.567331695556640625e+02 9.580004882812500000e+02 2.310156059265136719e+02
3.574418258666992188e+02 9.564068603515625000e+02 2.306334304809570312e+02
3.573138046264648438e+02 9.562101745605468750e+02 2.300000000000000000e+02
3.571553039550781250e+02 9.559240722656250000e+02 2.290509986877441406e+02
3.576365661621093750e+02 9.557102203369140625e+02 2.300000000000000000e+02
3.575271606445312500e+02 9.555400848388671875e+02 2.294183158874511719e+02
3.581761550903320312e+02 9.549547576904296875e+02 2.299889755249023438e+02
3.584448242187500000e+02 9.544351959228515625e+02 2.296482849121093750e+02
3.577898406982421875e+02 9.550360107421875000e+02 2.290509986877441406e+02
3.583407592773437500e+02 9.552834320068359375e+02 2.309999847412109375e+02
3.585717391967773438e+02 9.545912170410156250e+02 2.303149604797363281e+02
3.589905548095703125e+02 9.539864349365234375e+02 2.300286483764648438e+02
3.587890625000000000e+02 9.538169097900390625e+02 2.289999961853027344e+02
3.592177963256835938e+02 9.541798400878906250e+02 2.309999847412109375e+02
3.595364379882812500e+02 9.535377502441406250e+02 2.304090309143066406e+02
3.594094085693359375e+02 9.534089660644531250e+02 2.297423553466796875e+02
3.592890548706054688e+02 9.532912445068359375e+02 2.289999961853027344e+02
3.599826431274414062e+02 9.529824829101562500e+02 2.300444030761718750e+02
3.598164367675781250e+02 9.527912139892578125e+02 2.289999961853027344e+02
3.604288482666015625e+02 9.524384307861328125e+02 2.296797943115234375e+02
3.601717758178710938e+02 9.531919097900390625e+02 2.309999847412109375e+02
3.605653762817382812e+02 9.525559997558593750e+02 2.303464508056640625e+02
3.609392166137695312e+02 9.521405792236328125e+02 2.300078773498535156e+02
3.607218551635742188e+02 9.526918792724609375e+02 2.309999847412109375e+02
3.609694671630859375e+02 9.529697418212890625e+02 2.320549011230468750e+02
3.612218475341796875e+02 9.522771453857421875e+02 2.309999847412109375e+02
3.620012283325195312e+02 9.517279052734375000e+02 2.310840797424316406e+02
3.613970565795898438e+02 9.524166107177734375e+02 2.316830635070800781e+02
3.619549560546875000e+02 9.521479034423828125e+02 2.320098304748535156e+02
3.626762008666992188e+02 9.516224670410156250e+02 2.319999885559082031e+02
3.623022842407226562e+02 9.523518371582031250e+02 2.329999923706054688e+02
3.615915679931640625e+02 9.525730133056640625e+02 2.323497200012207031e+02
3.631761932373046875e+02 9.512877655029296875e+02 2.319999885559082031e+02
3.625151062011718750e+02 9.515102386474609375e+02 2.314734649658203125e+02
3.629090499877929688e+02 9.511143493652343750e+02 2.310840797424316406e+02
3.630102157592773438e+02 9.507079315185546875e+02 2.300830650329589844e+02
3.623353958129882812e+02 9.513878631591796875e+02 2.308067893981933594e+02
3.636677932739257812e+02 9.506021118164062500e+02 2.309999847412109375e+02
3.640252685546875000e+02 9.507609558105468750e+02 2.320199012756347656e+02
3.641677856445312500e+02 9.503078460693359375e+02 2.309999847412109375e+02
3.635149383544921875e+02 9.505089569091796875e+02 2.304717826843261719e+02
3.639089584350585938e+02 9.501653289794921875e+02 2.300830650329589844e+02
3.633503341674804688e+02 9.504077148437500000e+02 2.298051261901855469e+02
3.640575408935546875e+02 9.497669982910156250e+02 2.289910125732421875e+02
3.647799301147460938e+02 9.496509552001953125e+02 2.300000000000000000e+02
3.652799224853515625e+02 9.493858337402343750e+02 2.300000000000000000e+02
3.645936965942382812e+02 9.495503997802734375e+02 2.293183517456054688e+02
3.650677108764648438e+02 9.497930908203125000e+02 2.309544944763183594e+02
3.654462051391601562e+02 9.494717407226562500e+02 2.305908203125000000e+02
3.649538040161132812e+02 9.502227783203125000e+02 2.320199012756347656e+02
3.656588745117187500e+02 9.495780181884765625e+02 2.312574768066406250e+02
3.659953308105468750e+02 9.493230438232421875e+02 2.309544944763183594e+02
3.659953308105468750e+02 9.496897888183593750e+02 2.320386123657226562e+02
3.663255691528320312e+02 9.494174194335937500e+02 2.317310333251953125e+02
3.665870666503906250e+02 9.495379638671875000e+02 2.323976898193359375e+02
3.659999847412109375e+02 9.500494384765625000e+02 2.329999923706054688e+02
3.653116226196289062e+02 9.503971099853515625e+02 2.329999923706054688e+02
3.660715103149414062e+02 9.503823089599609375e+02 2.339056587219238281e+02
3.669522476196289062e+02 9.496345520019531250e+02 2.330671119689941406e+02
3.672537231445312500e+02 9.493972778320312500e+02 2.327785110473632812e+02
3.670000076293945312e+02 9.499959564208984375e+02 2.339999961853027344e+02
3.675561904907226562e+02 9.495211029052734375e+02 2.334451866149902344e+02
3.679337310791015625e+02 9.492458343505859375e+02 2.330671119689941406e+02
3.679337310791015625e+02 9.496372985839843750e+02 2.340419769287109375e+02
3.682228851318359375e+02 9.494004058837890625e+02 2.337366294860839844e+02
3.679999923706054688e+02 9.500497436523437500e+02 2.350000000000000000e+02
3.686338806152343750e+02 9.495423126220703125e+02 2.344033050537109375e+02
3.689803314208984375e+02 9.492824554443359375e+02 2.340419769287109375e+02
3.689803314208984375e+02 9.497049713134765625e+02 2.349777793884277344e+02
3.693005371093750000e+02 9.494393920898437500e+02 2.346296310424804688e+02
3.689675521850585938e+02 9.502382659912109375e+02 2.360577011108398438e+02
3.700000000000000000e+02 9.495787811279296875e+02 2.353364181518554688e+02
3.700000000000000000e+02 9.493440246582031250e+02 2.348364067077636719e+02
3.700000000000000000e+02 9.499092102050781250e+02 2.359999847412109375e+02
3.705296325683593750e+02 9.495069885253906250e+02 2.354855728149414062e+02
3.709177780151367188e+02 9.496720123291015625e+02 2.359805107116699219e+02
3.709177780151367188e+02 9.492398834228515625e+02 2.350913429260253906e+02
3.710326004028320312e+02 9.487080383300781250e+02 2.339332389831542969e+02
3.711962890625000000e+02 9.494320678710937500e+02 2.356341934204101562e+02
3.720000076293945312e+02 9.489785766601562500e+02 2.350000000000000000e+02
3.720000076293945312e+02 9.486272430419921875e+02 2.341906929016113281e+02
3.720000076293945312e+02 9.493514251708984375e+02 2.357934379577636719e+02
3.729999923706054688e+02 9.488304901123046875e+02 2.350000000000000000e+02
3.729999923706054688e+02 9.485538482666015625e+02 2.343669700622558594e+02
3.729999923706054688e+02 9.492767333984375000e+02 2.359360313415527344e+02
3.739999771118164062e+02 9.487487792968750000e+02 2.350000000000000000e+02
3.739999771118164062e+02 9.485134124755859375e+02 2.344666671752929688e+02
3.739623641967773438e+02 9.492822265625000000e+02 2.360945892333984375e+02
3.750000000000000000e+02 9.487248992919921875e+02 2.350000000000000000e+02
3.750000000000000000e+02 9.485017395019531250e+02 2.344958114624023438e+02
3.750000000000000000e+02 9.492090606689453125e+02 2.359999847412109375e+02
3.759999847412109375e+02 9.487553405761718750e+02 2.350000000000000000e+02
3.759999847412109375e+02 9.485161590576171875e+02 2.344607543945312500e+02
3.759960174560546875e+02 9.492862701416015625e+02 2.360893058776855469e+02
3.770000076293945312e+02 9.488458251953125000e+02 2.350000000000000000e+02
3.770000076293945312e+02 9.485602569580078125e+02 2.343575668334960938e+02
3.770000076293945312e+02 9.483569335937500000e+02 2.338575553894042969e+02
3.779999923706054688e+02 9.486353302001953125e+02 2.341929817199707031e+02
3.779999923706054688e+02 9.484194183349609375e+02 2.336929702758789062e+02
3.779999923706054688e+02 9.481407928466796875e+02 2.329999923706054688e+02
3.786347961425781250e+02 9.484713745117187500e+02 2.335655784606933594e+02
3.789808654785156250e+02 9.483311462402343750e+02 2.330364990234375000e+02
3.789999771118164062e+02 9.479294586181640625e+02 2.319999885559082031e+02
3.793014526367187500e+02 9.485439300537109375e+02 2.333941841125488281e+02
3.800000000000000000e+02 9.484275054931640625e+02 2.326807975769042969e+02
3.800000000000000000e+02 9.481616210937500000e+02 2.319999885559082031e+02
3.805180740356445312e+02 9.484944915771484375e+02 2.325135421752929688e+02
3.800000000000000000e+02 9.478019714355468750e+02 2.309999847412109375e+02
3.800000000000000000e+02 9.475679016113281250e+02 2.302731895446777344e+02
3.790903854370117188e+02 9.475973510742187500e+02 2.310212135314941406e+02
3.788173294067382812e+02 9.474345397949218750e+02 2.307020378112792969e+02
3.781692123413085938e+02 9.475443267822265625e+02 2.313687133789062500e+02
3.794839859008789062e+02 9.475035095214843750e+02 2.304884338378906250e+02
3.790903854370117188e+02 9.473100280761718750e+02 2.300930595397949219e+02
3.789999771118164062e+02 9.470139312744140625e+02 2.289999961853027344e+02
3.800000000000000000e+02 9.474218750000000000e+02 2.297731781005859375e+02
3.779999923706054688e+02 9.470996856689453125e+02 2.300000000000000000e+02
3.770000076293945312e+02 9.469912719726562500e+02 2.300000000000000000e+02
3.779999923706054688e+02 9.468573760986328125e+02 2.289999961853027344e+02
3.779015350341796875e+02 9.473961639404296875e+02 2.310212135314941406e+02
3.775025558471679688e+02 9.474996948242187500e+02 2.315008926391601562e+02
3.770000076293945312e+02 9.472933197021484375e+02 2.309999847412109375e+02
3.770000076293945312e+02 9.474768066406250000e+02 2.315651512145996094e+02
3.759999847412109375e+02 9.472288513183593750e+02 2.309999847412109375e+02
3.750000000000000000e+02 9.472183227539062500e+02 2.309999847412109375e+02
3.759999847412109375e+02 9.469299316406250000e+02 2.300000000000000000e+02
3.759999847412109375e+02 9.474432373046875000e+02 2.316615295410156250e+02
3.750000000000000000e+02 9.474362945556640625e+02 2.316839218139648438e+02
3.759999847412109375e+02 9.476226043701171875e+02 2.321615409851074219e+02
3.759999847412109375e+02 9.479434204101562500e+02 2.329999923706054688e+02
3.770000076293945312e+02 9.476604461669921875e+02 2.320651435852050781e+02
3.750000000000000000e+02 9.476125335693359375e+02 2.321839332580566406e+02
3.739999771118164062e+02 9.476298522949218750e+02 2.321295547485351562e+02
3.750000000000000000e+02 9.479223632812500000e+02 2.329999923706054688e+02
3.739999771118164062e+02 9.479515075683593750e+02 2.329999923706054688e+02
3.750000000000000000e+02 9.483098602294921875e+02 2.339958000183105469e+02
3.759999847412109375e+02 9.483208465576171875e+02 2.339607429504394531e+02
3.739999771118164062e+02 9.483216857910156250e+02 2.339666748046875000e+02
3.729999923706054688e+02 9.483583831787109375e+02 2.338669776916503906e+02
3.720000076293945312e+02 9.484249877929687500e+02 2.336907005310058594e+02
3.729999923706054688e+02 9.480284118652343750e+02 2.329999923706054688e+02
3.720000076293945312e+02 9.481624603271484375e+02 2.329999923706054688e+02
3.729837417602539062e+02 9.476447296142578125e+02 2.319341468811035156e+02
3.733062362670898438e+02 9.474806976318359375e+02 2.315569114685058594e+02
3.726395416259765625e+02 9.475145721435546875e+02 2.314551353454589844e+02
3.720000076293945312e+02 9.478007507324218750e+02 2.319999885559082031e+02
3.720000076293945312e+02 9.475632476806640625e+02 2.313028717041015625e+02
3.709999847412109375e+02 9.479839324951171875e+02 2.319999885559082031e+02
3.709898376464843750e+02 9.476414489746093750e+02 2.309692001342773438e+02
3.699077987670898438e+02 9.482643890380859375e+02 2.320945167541503906e+02
3.710326004028320312e+02 9.483505249023437500e+02 2.330287933349609375e+02
3.707209777832031250e+02 9.485456848144531250e+02 2.333813095092773438e+02
3.713876342773437500e+02 9.484777069091796875e+02 2.335554122924804688e+02
3.701797103881835938e+02 9.484204101562500000e+02 2.327146530151367188e+02
3.699077987670898438e+02 9.486080169677734375e+02 2.330287933349609375e+02
3.689999771118164062e+02 9.488600921630859375e+02 2.329999923706054688e+02
3.695130157470703125e+02 9.485034179687500000e+02 2.324908828735351562e+02
3.700000000000000000e+02 9.489764404296875000e+02 2.339999961853027344e+02
3.689999771118164062e+02 9.485866546630859375e+02 2.322627449035644531e+02
3.680845260620117188e+02 9.487738800048828125e+02 2.319156646728515625e+02
3.689999771118164062e+02 9.484066009521484375e+02 2.317627525329589844e+02
3.684742355346679688e+02 9.484907531738281250e+02 2.315261268615722656e+02
3.689999771118164062e+02 9.481604003906250000e+02 2.309999847412109375e+02
3.682506942749023438e+02 9.484098815917968750e+02 2.309999847412109375e+02
3.689999771118164062e+02 9.478656005859375000e+02 2.300000000000000000e+02
3.700000000000000000e+02 9.478749847412109375e+02 2.309999847412109375e+02
3.699468612670898438e+02 9.476001739501953125e+02 2.300375175476074219e+02
3.702447891235351562e+02 9.474359130859375000e+02 2.297291946411132812e+02
3.695781326293945312e+02 9.475205993652343750e+02 2.294159126281738281e+02
3.706497192382812500e+02 9.475304412841796875e+02 2.303958511352539062e+02
3.709898376464843750e+02 9.473635101318359375e+02 2.300375175476074219e+02
3.713163757324218750e+02 9.474642944335937500e+02 2.306153488159179688e+02
3.720000076293945312e+02 9.471742248535156250e+02 2.300000000000000000e+02
3.709999847412109375e+02 9.471071624755859375e+02 2.289999961853027344e+02
3.709999847412109375e+02 9.469084167480468750e+02 2.279999923706054688e+02
3.699468612670898438e+02 9.473447418212890625e+02 2.290495491027832031e+02
3.720000076293945312e+02 9.469364166259765625e+02 2.289999961853027344e+02
3.720000076293945312e+02 9.467498779296875000e+02 2.279999923706054688e+02
3.729999923706054688e+02 9.468096923828125000e+02 2.289999961853027344e+02
3.729999923706054688e+02 9.466374969482421875e+02 2.279999923706054688e+02
3.729999923706054688e+02 9.470424652099609375e+02 2.300000000000000000e+02
3.739999771118164062e+02 9.467353057861328125e+02 2.289999961853027344e+02
3.740087890625000000e+02 9.465637207031250000e+02 2.279265403747558594e+02
3.739999771118164062e+02 9.469625091552734375e+02 2.300000000000000000e+02
3.750000000000000000e+02 9.466987609863281250e+02 2.289999961853027344e+02
3.750000000000000000e+02 9.465571594238281250e+02 2.280961227416992188e+02
3.750000000000000000e+02 9.469236755371093750e+02 2.300000000000000000e+02
3.759999847412109375e+02 9.467013549804687500e+02 2.289999961853027344e+02
3.759999847412109375e+02 9.465571594238281250e+02 2.280961227416992188e+02
3.770000076293945312e+02 9.467555999755859375e+02 2.289999961853027344e+02
3.769623947143554688e+02 9.465731811523437500e+02 2.279265403747558594e+02
3.766039657592773438e+02 9.464939880371093750e+02 2.275442314147949219e+02
3.772706604003906250e+02 9.465140533447265625e+02 2.273929405212402344e+02
3.779999923706054688e+02 9.466735839843750000e+02 2.279999923706054688e+02
3.780833816528320312e+02 9.465379333496093750e+02 2.270357704162597656e+02
3.789999771118164062e+02 9.468148040771484375e+02 2.279999923706054688e+02
3.789999771118164062e+02 9.466575622558593750e+02 2.269999885559082031e+02
3.800000000000000000e+02 9.470079803466796875e+02 2.279999923706054688e+02
3.800000000000000000e+02 9.468396759033203125e+02 2.269999885559082031e+02
3.800000000000000000e+02 9.472244262695312500e+02 2.289999961853027344e+02
3.810979461669921875e+02 9.473018646240234375e+02 2.280972862243652344e+02
3.809999847412109375e+02 9.470706939697265625e+02 2.269999885559082031e+02
3.807787322998046875e+02 9.474192810058593750e+02 2.289999961853027344e+02
3.814965820312500000e+02 9.475010681152343750e+02 2.284954833984375000e+02
3.817179489135742188e+02 9.474280548095703125e+02 2.278288269042968750e+02
3.820307540893554688e+02 9.473699188232421875e+02 2.269667625427246094e+02
3.820307540893554688e+02 9.475962066650390625e+02 2.280972862243652344e+02
3.823846435546875000e+02 9.475397491455078125e+02 2.272779464721679688e+02
3.829312896728515625e+02 9.476893615722656250e+02 2.269667625427246094e+02
3.825521850585937500e+02 9.474808502197265625e+02 2.266112899780273438e+02
3.831824493408203125e+02 9.476184082031250000e+02 2.259999847412109375e+02
3.826824188232421875e+02 9.474353790283203125e+02 2.259999847412109375e+02
3.833691406250000000e+02 9.475473022460937500e+02 2.250000000000000000e+02
3.828691482543945312e+02 9.473744964599609375e+02 2.250000000000000000e+02
3.839999771118164062e+02 9.478045654296875000e+02 2.250000000000000000e+02
3.834677505493164062e+02 9.475112915039062500e+02 2.243512153625488281e+02
3.830806732177734375e+02 9.473593902587890625e+02 2.240107345581054688e+02
3.839194488525390625e+02 9.476736450195312500e+02 2.240107345581054688e+02
3.840781402587890625e+02 9.476776885986328125e+02 2.229999923706054688e+02
3.835324096679687500e+02 9.474867248535156250e+02 2.236845588684082031e+02
3.850000000000000000e+02 9.481615447998046875e+02 2.239999961853027344e+02
3.850000000000000000e+02 9.481018066406250000e+02 2.229999923706054688e+02
3.855920410156250000e+02 9.484529113769531250e+02 2.239999961853027344e+02
3.856519699096679688e+02 9.484241485595703125e+02 2.229999923706054688e+02
3.860920333862304688e+02 9.487184906005859375e+02 2.239999961853027344e+02
3.855374526977539062e+02 9.484803771972656250e+02 2.246487045288085938e+02
3.861519622802734375e+02 9.486813354492187500e+02 2.229999923706054688e+02
3.869396209716796875e+02 9.492185211181640625e+02 2.239999961853027344e+02
3.870922470092773438e+02 9.492351531982421875e+02 2.230340003967285156e+02
3.874396133422851562e+02 9.495409393310546875e+02 2.239999961853027344e+02
3.874871063232421875e+02 9.495085906982421875e+02 2.233900070190429688e+02
3.879140472412109375e+02 9.497924804687500000e+02 2.230340003967285156e+02
3.875233840942382812e+02 9.494834136962890625e+02 2.227233505249023438e+02
3.880422973632812500e+02 9.498293304443359375e+02 2.219999885559082031e+02
3.875423049926757812e+02 9.494702911376953125e+02 2.219999885559082031e+02
3.880363464355468750e+02 9.498278045654296875e+02 2.209999847412109375e+02
3.887206268310546875e+02 9.503293609619140625e+02 2.219999885559082031e+02
3.887242889404296875e+02 9.503278350830078125e+02 2.209999847412109375e+02
3.886857986450195312e+02 9.503562164306640625e+02 2.200000000000000000e+02
3.892242813110351562e+02 9.507216644287109375e+02 2.209999847412109375e+02
3.879092788696289062e+02 9.497950744628906250e+02 2.200207328796386719e+02
3.886137771606445312e+02 9.504105377197265625e+02 2.189999961853027344e+02
3.879999923706054688e+02 9.499684906005859375e+02 2.189999961853027344e+02
3.885480880737304688e+02 9.504619598388671875e+02 2.182879638671875000e+02
3.880817413330078125e+02 9.501839447021484375e+02 2.179727745056152344e+02
3.872846603393554688e+02 9.496334838867187500e+02 2.179999923706054688e+02
3.878812408447265625e+02 9.502280426025390625e+02 2.169999885559082031e+02
3.884695816040039062e+02 9.505228424072265625e+02 2.176213073730468750e+02
3.871316146850585938e+02 9.497280120849609375e+02 2.169999885559082031e+02
3.866316223144531250e+02 9.494213104248046875e+02 2.169999885559082031e+02
3.869192504882812500e+02 9.498205566406250000e+02 2.160566520690917969e+02
3.870536041259765625e+02 9.502142333984375000e+02 2.149906539916992188e+02
3.863679122924804688e+02 9.495721435546875000e+02 2.157610893249511719e+02
3.865320968627929688e+02 9.494807434082031250e+02 2.164277458190917969e+02
3.860207366943359375e+02 9.493081665039062500e+02 2.160566520690917969e+02
3.859999847412109375e+02 9.490798950195312500e+02 2.169999885559082031e+02
3.849253845214843750e+02 9.487633514404296875e+02 2.160562896728515625e+02
3.856539916992187500e+02 9.494192504882812500e+02 2.150000000000000000e+02
3.850000000000000000e+02 9.491069793701171875e+02 2.150000000000000000e+02
3.855040359497070312e+02 9.494979095458984375e+02 2.144946670532226562e+02
3.861539840698242188e+02 9.496859741210937500e+02 2.150000000000000000e+02
3.859024047851562500e+02 9.498697662353515625e+02 2.140967941284179688e+02
3.859444427490234375e+02 9.503406524658203125e+02 2.130675506591796875e+02
3.867244720458984375e+02 9.503620147705078125e+02 2.139999961853027344e+02
3.852235412597656250e+02 9.496336364746093750e+02 2.138279914855957031e+02
3.849341201782226562e+02 9.493893432617187500e+02 2.140967941284179688e+02
3.849341201782226562e+02 9.498361968994140625e+02 2.130655670166015625e+02
3.845568847656250000e+02 9.494733428955078125e+02 2.134426116943359375e+02
3.849145889282226562e+02 9.503488159179687500e+02 2.120587348937988281e+02
3.839999771118164062e+02 9.495998382568359375e+02 2.127075767517089844e+02
3.834988784790039062e+02 9.495004272460937500e+02 2.125008010864257812e+02
3.839999771118164062e+02 9.493660736083984375e+02 2.132075691223144531e+02
3.839999771118164062e+02 9.499848937988281250e+02 2.119999885559082031e+02
3.830993270874023438e+02 9.496610260009765625e+02 2.119788360595703125e+02
3.839999771118164062e+02 9.503850555419921875e+02 2.113261222839355469e+02
3.839999771118164062e+02 9.507225036621093750e+02 2.108261108398437500e+02
3.845243453979492188e+02 9.504879760742187500e+02 2.114818191528320312e+02
3.829659271240234375e+02 9.502371978759765625e+02 2.109717941284179688e+02
3.819586944580078125e+02 9.498337554931640625e+02 2.110712432861328125e+02
3.826098632812500000e+02 9.504608154296875000e+02 2.104463577270507812e+02
3.832765579223632812e+02 9.505823516845703125e+02 2.106196594238281250e+02
3.830525588989257812e+02 9.509807586669921875e+02 2.099743080139160156e+02
3.839999771118164062e+02 9.512224578857421875e+02 2.101346588134765625e+02
3.820000076293945312e+02 9.507326507568359375e+02 2.098069572448730469e+02
3.820000076293945312e+02 9.503603363037109375e+02 2.103069686889648438e+02
3.809999847412109375e+02 9.505741119384765625e+02 2.095982933044433594e+02
3.804953384399414062e+02 9.505011749267578125e+02 2.095014762878417969e+02
3.809999847412109375e+02 9.502120971679687500e+02 2.100983047485351562e+02
3.809999847412109375e+02 9.497120666503906250e+02 2.108268165588378906e+02
3.800971984863281250e+02 9.501295471191406250e+02 2.099008750915527344e+02
3.789972686767578125e+02 9.497965240478515625e+02 2.100785255432128906e+02
3.798286437988281250e+02 9.504259490966796875e+02 2.094056701660156250e+02
3.800000000000000000e+02 9.495924377441406250e+02 2.106447982788085938e+02
3.793288040161132812e+02 9.495268249511718750e+02 2.105427169799804688e+02
3.800000000000000000e+02 9.492854309082031250e+02 2.111448097229003906e+02
3.799536132812500000e+02 9.487549591064453125e+02 2.120817565917968750e+02
3.809999847412109375e+02 9.493927764892578125e+02 2.113268280029296875e+02
3.789972686767578125e+02 9.492487335205078125e+02 2.109256362915039062e+02
3.786621475219726562e+02 9.494757843017578125e+02 2.104642295837402344e+02
3.789999771118164062e+02 9.487041473388671875e+02 2.118869400024414062e+02
3.779999923706054688e+02 9.490868377685546875e+02 2.109999847412109375e+02
3.770000076293945312e+02 9.490154266357421875e+02 2.109999847412109375e+02
3.779999923706054688e+02 9.494390869140625000e+02 2.104095268249511719e+02
3.779999923706054688e+02 9.486477661132812500e+02 2.117801094055175781e+02
3.770000076293945312e+02 9.486148834228515625e+02 2.117165565490722656e+02
3.779999923706054688e+02 9.483874511718750000e+02 2.122801017761230469e+02
3.779999923706054688e+02 9.480465698242187500e+02 2.129999923706054688e+02
3.789999771118164062e+02 9.484420013427734375e+02 2.123869323730468750e+02
3.770000076293945312e+02 9.483538818359375000e+02 2.122165489196777344e+02
3.759999847412109375e+02 9.483404541015625000e+02 2.121964454650878906e+02
3.770000076293945312e+02 9.479753112792968750e+02 2.129999923706054688e+02
3.759999847412109375e+02 9.479438018798828125e+02 2.129999923706054688e+02
3.770000076293945312e+02 9.476214599609375000e+02 2.137720108032226562e+02
3.779999923706054688e+02 9.476591491699218750e+02 2.138669013977050781e+02
3.759999847412109375e+02 9.476033782958984375e+02 2.137292480468750000e+02
3.770000076293945312e+02 9.474018096923828125e+02 2.142720031738281250e+02
3.770000076293945312e+02 9.471424102783203125e+02 2.150000000000000000e+02
3.779999923706054688e+02 9.474435424804687500e+02 2.143668937683105469e+02
3.759999847412109375e+02 9.473828125000000000e+02 2.142292594909667969e+02
3.750000000000000000e+02 9.473828125000000000e+02 2.142292594909667969e+02
3.759999847412109375e+02 9.471061706542968750e+02 2.150000000000000000e+02
3.750000000000000000e+02 9.471061706542968750e+02 2.150000000000000000e+02
3.759999847412109375e+02 9.468080902099609375e+02 2.159999847412109375e+02
3.750000000000000000e+02 9.468080902099609375e+02 2.159999847412109375e+02
3.759999847412109375e+02 9.465932464599609375e+02 2.169999885559082031e+02
3.770000076293945312e+02 9.468416595458984375e+02 2.159999847412109375e+02
3.779999923706054688e+02 9.469164276123046875e+02 2.159999847412109375e+02
3.770000076293945312e+02 9.466216278076171875e+02 2.169999885559082031e+02
3.770000076293945312e+02 9.465205383300781250e+02 2.176512718200683594e+02
3.779999923706054688e+02 9.466864776611328125e+02 2.169999885559082031e+02
3.779999923706054688e+02 9.465487670898437500e+02 2.178524208068847656e+02
3.789999771118164062e+02 9.467942047119140625e+02 2.169999885559082031e+02
3.789097595214843750e+02 9.466043853759765625e+02 2.180908012390136719e+02
3.800000000000000000e+02 9.469564819335937500e+02 2.169999885559082031e+02
3.789999771118164062e+02 9.470305633544921875e+02 2.159999847412109375e+02
3.789897155761718750e+02 9.473557281494140625e+02 2.149467086791992188e+02
3.800000000000000000e+02 9.471958160400390625e+02 2.159999847412109375e+02
3.800000000000000000e+02 9.474182891845703125e+02 2.152580833435058594e+02
3.809550094604492188e+02 9.473965454101562500e+02 2.160281753540039062e+02
3.805916976928710938e+02 9.474774169921875000e+02 2.154329299926757812e+02
3.812583923339843750e+02 9.475617218017578125e+02 2.157136344909667969e+02
3.816130828857421875e+02 9.474666595458984375e+02 2.163803100585937500e+02
3.809999847412109375e+02 9.471729278564453125e+02 2.169999885559082031e+02
3.809999847412109375e+02 9.469956207275390625e+02 2.179999923706054688e+02
3.819678497314453125e+02 9.474152374267578125e+02 2.170864677429199219e+02
3.820000076293945312e+02 9.472619628906250000e+02 2.179999923706054688e+02
3.822797393798828125e+02 9.475672149658203125e+02 2.168107795715332031e+02
3.825136184692382812e+02 9.474952697753906250e+02 2.174774551391601562e+02
3.826319503784179688e+02 9.474547576904296875e+02 2.179999923706054688e+02
3.829081726074218750e+02 9.477192687988281250e+02 2.170864677429199219e+02
3.829999923706054688e+02 9.480148315429687500e+02 2.159999847412109375e+02
3.831319427490234375e+02 9.476306152343750000e+02 2.179999923706054688e+02
3.839999771118164062e+02 9.481435394287109375e+02 2.169999885559082031e+02
3.839908599853515625e+02 9.483640289306640625e+02 2.160562896728515625e+02
3.839999771118164062e+02 9.479616546630859375e+02 2.179999923706054688e+02
3.846700668334960938e+02 9.484198760986328125e+02 2.169999885559082031e+02
3.845423126220703125e+02 9.484803771972656250e+02 2.164271545410156250e+02
3.848596191406250000e+02 9.483310699462890625e+02 2.179999923706054688e+02
3.851700592041015625e+02 9.486586761474609375e+02 2.169999885559082031e+02
3.853596115112304688e+02 9.485688781738281250e+02 2.179999923706054688e+02
3.854616928100585938e+02 9.485188293457031250e+02 2.186544227600097656e+02
3.859999847412109375e+02 9.488992309570312500e+02 2.179999923706054688e+02
3.859250259399414062e+02 9.487171173095703125e+02 2.189926528930664062e+02
3.867846679687500000e+02 9.493302917480468750e+02 2.179999923706054688e+02
3.869068527221679688e+02 9.492573547363281250e+02 2.189999961853027344e+02
3.870838165283203125e+02 9.492582702636718750e+02 2.200207328796386719e+02
3.874068450927734375e+02 9.495579528808593750e+02 2.189999961853027344e+02
3.874729919433593750e+02 9.495169067382812500e+02 2.197012329101562500e+02
3.860987091064453125e+02 9.487057495117187500e+02 2.200000000000000000e+02
3.870000076293945312e+02 9.491498565673828125e+02 2.209999847412109375e+02
3.875154876708984375e+02 9.494894409179687500e+02 2.203679084777832031e+02
3.875363540649414062e+02 9.494747924804687500e+02 2.209999847412109375e+02
3.861566543579101562e+02 9.486750793457031250e+02 2.209999847412109375e+02
3.870000076293945312e+02 9.491357421875000000e+02 2.219999885559082031e+02
3.861772155761718750e+02 9.486654663085937500e+02 2.219999885559082031e+02
3.856772232055664062e+02 9.484127807617187500e+02 2.219999885559082031e+02
3.850000000000000000e+02 9.480778503417968750e+02 2.219999885559082031e+02
3.856566238403320312e+02 9.484231567382812500e+02 2.209999847412109375e+02
3.850000000000000000e+02 9.481008148193359375e+02 2.209999847412109375e+02
3.855987167358398438e+02 9.484513092041015625e+02 2.200000000000000000e+02
3.850000000000000000e+02 9.481620025634765625e+02 2.200000000000000000e+02
3.855416870117187500e+02 9.484792327880859375e+02 2.193210983276367188e+02
3.850770187377929688e+02 9.482971191406250000e+02 2.189926528930664062e+02
3.839999771118164062e+02 9.478208923339843750e+02 2.189999961853027344e+02
3.833334732055664062e+02 9.475588989257812500e+02 2.189999961853027344e+02
3.839194488525390625e+02 9.476792907714843750e+02 2.200122451782226562e+02
3.835324096679687500e+02 9.474867248535156250e+02 2.203537559509277344e+02
3.840781402587890625e+02 9.476776885986328125e+02 2.209999847412109375e+02
3.834490203857421875e+02 9.475178527832031250e+02 2.196870803833007812e+02
3.830694198608398438e+02 9.473628234863281250e+02 2.200122451782226562e+02
3.820000076293945312e+02 9.470306396484375000e+02 2.200000000000000000e+02
3.828334808349609375e+02 9.473874664306640625e+02 2.189999961853027344e+02
3.829999923706054688e+02 9.472776794433593750e+02 2.209999847412109375e+02
3.820000076293945312e+02 9.469750213623046875e+02 2.209999847412109375e+02
3.829999923706054688e+02 9.472563934326171875e+02 2.219999885559082031e+02
3.835781478881835938e+02 9.474679565429687500e+02 2.209999847412109375e+02
3.836076736450195312e+02 9.474559783935546875e+02 2.219999885559082031e+02
3.835781478881835938e+02 9.474679565429687500e+02 2.229999923706054688e+02
3.841077041625976562e+02 9.476651763916015625e+02 2.219999885559082031e+02
3.829999923706054688e+02 9.472776794433593750e+02 2.229999923706054688e+02
3.820000076293945312e+02 9.469750213623046875e+02 2.229999923706054688e+02
3.820000076293945312e+02 9.469576263427734375e+02 2.219999885559082031e+02
3.820000076293945312e+02 9.470227050781250000e+02 2.239999961853027344e+02
3.809999847412109375e+02 9.467350769042968750e+02 2.229999923706054688e+02
3.809999847412109375e+02 9.467224121093750000e+02 2.219999885559082031e+02
3.800286483764648438e+02 9.465697479248046875e+02 2.229999923706054688e+02
3.809999847412109375e+02 9.467736053466796875e+02 2.239999961853027344e+02
3.799012374877929688e+02 9.465756225585937500e+02 2.239047622680664062e+02
3.809999847412109375e+02 9.468374633789062500e+02 2.250000000000000000e+02
3.809999847412109375e+02 9.469345855712890625e+02 2.259999847412109375e+02
3.820000076293945312e+02 9.470996856689453125e+02 2.250000000000000000e+02
3.800000000000000000e+02 9.466434478759765625e+02 2.250000000000000000e+02
3.800000000000000000e+02 9.467202758789062500e+02 2.259999847412109375e+02
3.792973709106445312e+02 9.465312957763671875e+02 2.250000000000000000e+02
3.787973785400390625e+02 9.464566040039062500e+02 2.250000000000000000e+02
3.789877700805664062e+02 9.465534973144531250e+02 2.260789108276367188e+02
3.794168853759765625e+02 9.465126037597656250e+02 2.241746139526367188e+02
3.790501403808593750e+02 9.464500427246093750e+02 2.239047622680664062e+02
3.789999771118164062e+02 9.464230346679687500e+02 2.229999923706054688e+02
3.795020294189453125e+02 9.464997100830078125e+02 2.235079383850097656e+02
3.779999923706054688e+02 9.463380432128906250e+02 2.239999961853027344e+02
3.770000076293945312e+02 9.462854003906250000e+02 2.239999961853027344e+02
3.779999923706054688e+02 9.463208770751953125e+02 2.229999923706054688e+02
3.779999923706054688e+02 9.463726043701171875e+02 2.250000000000000000e+02
3.780833816528320312e+02 9.464403533935546875e+02 2.260789108276367188e+02
3.770000076293945312e+02 9.463136291503906250e+02 2.250000000000000000e+02
3.770000076293945312e+02 9.463604736328125000e+02 2.259999847412109375e+02
3.759999847412109375e+02 9.462892913818359375e+02 2.250000000000000000e+02
3.759999847412109375e+02 9.462622833251953125e+02 2.239999961853027344e+02
3.750000000000000000e+02 9.462831115722656250e+02 2.250000000000000000e+02
3.759999847412109375e+02 9.463317108154296875e+02 2.259999847412109375e+02
3.759999847412109375e+02 9.464151000976562500e+02 2.269999885559082031e+02
3.750000000000000000e+02 9.463284301757812500e+02 2.259999847412109375e+02
3.739999771118164062e+02 9.463439941406250000e+02 2.259999847412109375e+02
3.750000000000000000e+02 9.464141082763671875e+02 2.269999885559082031e+02
3.750000000000000000e+02 9.464870452880859375e+02 2.275961303710937500e+02
3.740087890625000000e+02 9.464466094970703125e+02 2.270666694641113281e+02
3.729999923706054688e+02 9.464609527587890625e+02 2.267943572998046875e+02
3.736812973022460938e+02 9.465076446533203125e+02 2.274444580078125000e+02
3.743479537963867188e+02 9.464939880371093750e+02 2.275442314147949219e+02
3.729999923706054688e+02 9.465295410156250000e+02 2.272943496704101562e+02
3.720166778564453125e+02 9.465792846679687500e+02 2.269688034057617188e+02
3.723611450195312500e+02 9.464840698242187500e+02 2.266146850585937500e+02
3.716944885253906250e+02 9.465234375000000000e+02 2.262683868408203125e+02
3.709999847412109375e+02 9.467350006103515625e+02 2.269999885559082031e+02
3.710623168945312500e+02 9.465885925292968750e+02 2.259610176086425781e+02
3.700000000000000000e+02 9.469265747070312500e+02 2.269999885559082031e+02
3.689999771118164062e+02 9.471805572509765625e+02 2.269999885559082031e+02
3.700000000000000000e+02 9.467852783203125000e+02 2.259999847412109375e+02
3.700000000000000000e+02 9.471082305908203125e+02 2.279999923706054688e+02
3.689847183227539062e+02 9.473715972900390625e+02 2.279798698425292969e+02
3.686411666870117188e+02 9.475446319580078125e+02 2.282997703552246094e+02
3.693078231811523438e+02 9.474417877197265625e+02 2.287492561340332031e+02
3.684160995483398438e+02 9.474714660644531250e+02 2.276331138610839844e+02
3.682454681396484375e+02 9.474138641357421875e+02 2.269999885559082031e+02
3.680496597290039062e+02 9.476766967773437500e+02 2.279798698425292969e+02
3.677454757690429688e+02 9.475864410400390625e+02 2.269999885559082031e+02
3.679999923706054688e+02 9.479376983642578125e+02 2.289999961853027344e+02
3.670000076293945312e+02 9.480757141113281250e+02 2.279999923706054688e+02
3.670000076293945312e+02 9.478777313232421875e+02 2.269999885559082031e+02
3.669740295410156250e+02 9.483235931396484375e+02 2.289862442016601562e+02
3.662644577026367188e+02 9.483882904052734375e+02 2.279999923706054688e+02
3.659597778320312500e+02 9.483271026611328125e+02 2.269346427917480469e+02
3.657644653320312500e+02 9.486293792724609375e+02 2.279999923706054688e+02
3.664196395874023438e+02 9.484620666503906250e+02 2.286437606811523438e+02
3.660517883300781250e+02 9.487306976318359375e+02 2.289862442016601562e+02
3.659999847412109375e+02 9.490367889404296875e+02 2.300000000000000000e+02
3.666234207153320312e+02 9.485520172119140625e+02 2.293104171752929688e+02
3.649562072753906250e+02 9.492751312255859375e+02 2.289910125732421875e+02
3.650000000000000000e+02 9.490132141113281250e+02 2.279999923706054688e+02
3.644292449951171875e+02 9.494594573974609375e+02 2.286516761779785156e+02
3.642968368530273438e+02 9.493839263916015625e+02 2.279999923706054688e+02
3.641248321533203125e+02 9.492863464355468750e+02 2.269999885559082031e+02
3.637968444824218750e+02 9.496740722656250000e+02 2.279999923706054688e+02
3.636248397827148438e+02 9.495735931396484375e+02 2.269999885559082031e+02
3.629256820678710938e+02 9.502125549316406250e+02 2.280254936218261719e+02
3.624349975585937500e+02 9.504555511474609375e+02 2.277091789245605469e+02
3.629999923706054688e+02 9.499658203125000000e+02 2.269999885559082031e+02
3.625428390502929688e+02 9.505274963378906250e+02 2.283758354187011719e+02
3.631698989868164062e+02 9.502960205078125000e+02 2.289999961853027344e+02
3.626698684692382812e+02 9.506079101562500000e+02 2.289999961853027344e+02
3.619080352783203125e+02 9.511399841308593750e+02 2.290790748596191406e+02
3.613983154296875000e+02 9.514227294921875000e+02 2.287984657287597656e+02
3.620610046386718750e+02 9.507832336425781250e+02 2.280254936218261719e+02
3.615133666992187500e+02 9.515095520019531250e+02 2.294651412963867188e+02
3.621365737915039062e+02 9.512532043457031250e+02 2.300000000000000000e+02
3.616365814208984375e+02 9.515969085693359375e+02 2.300000000000000000e+02
3.610389709472656250e+02 9.517786407470703125e+02 2.290790748596191406e+02
3.607844161987304688e+02 9.517266845703125000e+02 2.279999923706054688e+02
3.603164291381835938e+02 9.523411560058593750e+02 2.289999961853027344e+02
3.601854705810546875e+02 9.522267150878906250e+02 2.279999923706054688e+02
3.600922775268554688e+02 9.521423339843750000e+02 2.269999885559082031e+02
3.596854782104492188e+02 9.526698303222656250e+02 2.279999923706054688e+02
3.595922470092773438e+02 9.525850677490234375e+02 2.269999885559082031e+02
3.591630172729492188e+02 9.531698608398437500e+02 2.279999923706054688e+02
3.590748977661132812e+02 9.530850219726562500e+02 2.269999885559082031e+02
3.586630249023437500e+02 9.536746978759765625e+02 2.279999923706054688e+02
3.582137680053710938e+02 9.541746520996093750e+02 2.279999923706054688e+02
3.585749053955078125e+02 9.535787963867187500e+02 2.269999885559082031e+02
3.581226730346679688e+02 9.540788269042968750e+02 2.269999885559082031e+02
3.585251617431640625e+02 9.535262298583984375e+02 2.261728477478027344e+02
3.589151000976562500e+02 9.531243133544921875e+02 2.259037017822265625e+02
3.581500625610351562e+02 9.539157867431640625e+02 2.259037017822265625e+02
3.584995269775390625e+02 9.534996032714843750e+02 2.255061912536621094e+02
3.580289077758789062e+02 9.540000152587890625e+02 2.250000000000000000e+02
3.575629043579101562e+02 9.545739746093750000e+02 2.259999847412109375e+02
3.575353240966796875e+02 9.545404815673828125e+02 2.250000000000000000e+02
3.576226806640625000e+02 9.546488189697265625e+02 2.269999885559082031e+02
3.571490478515625000e+02 9.550739288330078125e+02 2.259999847412109375e+02
3.571126174926757812e+02 9.550405120849609375e+02 2.250000000000000000e+02
3.566490554809570312e+02 9.557014465332031250e+02 2.259999847412109375e+02
3.572191619873046875e+02 9.551487731933593750e+02 2.269999885559082031e+02
3.567191696166992188e+02 9.558059692382812500e+02 2.269999885559082031e+02
3.573212051391601562e+02 9.552687072753906250e+02 2.279999923706054688e+02
3.567745208740234375e+02 9.560486602783203125e+02 2.280351638793945312e+02
3.574197006225585938e+02 9.553933715820312500e+02 2.287516593933105469e+02
3.577137756347656250e+02 9.547687530517578125e+02 2.279999923706054688e+02
3.565292358398437500e+02 9.565487670898437500e+02 2.283919525146484375e+02
3.564412689208984375e+02 9.564143371582031250e+02 2.277252960205078125e+02
3.563650131225585938e+02 9.563059997558593750e+02 2.269999885559082031e+02
3.562132263183593750e+02 9.569292449951171875e+02 2.280351638793945312e+02
3.559293746948242188e+02 9.570000457763671875e+02 2.269999885559082031e+02
3.556855773925781250e+02 9.578470611572265625e+02 2.279999923706054688e+02
3.563400268554687500e+02 9.572210693359375000e+02 2.289999961853027344e+02
3.558382034301757812e+02 9.580920410156250000e+02 2.289121055603027344e+02
3.564503479003906250e+02 9.574126434326171875e+02 2.296219825744628906e+02
3.566293334960937500e+02 9.567210388183593750e+02 2.289999961853027344e+02
3.562851333618164062e+02 9.580004882812500000e+02 2.299731826782226562e+02
3.557716369628906250e+02 9.590401458740234375e+02 2.299667358398437500e+02
3.564145660400390625e+02 9.583341217041015625e+02 2.306926727294921875e+02
3.565884017944335938e+02 9.576674652099609375e+02 2.302886581420898438e+02
3.556102752685546875e+02 9.587335205078125000e+02 2.291868400573730469e+02
3.554541397094726562e+02 9.594001770019531250e+02 2.296112251281738281e+02
3.555945587158203125e+02 9.597145843505859375e+02 2.302779006958007812e+02
3.553740310668945312e+02 9.590401458740234375e+02 2.289121055603027344e+02
3.551140975952148438e+02 9.590000152587890625e+02 2.279999923706054688e+02
3.549913024902343750e+02 9.600000000000000000e+02 2.289999961853027344e+02
3.554930877685546875e+02 9.584867858886718750e+02 2.285201835632324219e+02
3.554197311401367188e+02 9.583470916748046875e+02 2.279999923706054688e+02
3.552988052368164062e+02 9.581179046630859375e+02 2.269999885559082031e+02
3.552478408813476562e+02 9.579087066650390625e+02 2.260660934448242188e+02
3.548721694946289062e+02 9.590000152587890625e+02 2.269999885559082031e+02
3.555643463134765625e+02 9.576178741455078125e+02 2.269999885559082031e+02
3.555080032348632812e+02 9.575144958496093750e+02 2.264434814453125000e+02
3.557349777221679688e+02 9.570630645751953125e+02 2.260660934448242188e+02
3.554624938964843750e+02 9.574384307861328125e+02 2.257768249511718750e+02
3.562876892089843750e+02 9.562014770507812500e+02 2.259999847412109375e+02
3.557461929321289062e+02 9.568873596191406250e+02 2.250000000000000000e+02
3.554309082031250000e+02 9.573873138427734375e+02 2.250000000000000000e+02
3.562461853027343750e+02 9.561485290527343750e+02 2.250000000000000000e+02
3.557368850708007812e+02 9.568691253662109375e+02 2.239999961853027344e+02
3.562369155883789062e+02 9.561368560791015625e+02 2.239999961853027344e+02
3.554191207885742188e+02 9.573690795898437500e+02 2.239999961853027344e+02
3.557561111450195312e+02 9.568996429443359375e+02 2.229999923706054688e+02
3.557537078857421875e+02 9.570713043212890625e+02 2.219631576538085938e+02
3.562561035156250000e+02 9.561613464355468750e+02 2.229999923706054688e+02
3.554378509521484375e+02 9.573996734619140625e+02 2.229999923706054688e+02
3.554703140258789062e+02 9.574520874023437500e+02 2.222719192504882812e+02
3.551044464111328125e+02 9.580000305175781250e+02 2.229999923706054688e+02
3.552562332153320312e+02 9.579151916503906250e+02 2.219631576538085938e+02
3.550669097900390625e+02 9.580000305175781250e+02 2.239999961853027344e+02
3.546665954589843750e+02 9.588640594482421875e+02 2.229999923706054688e+02
3.546809005737304688e+02 9.590599060058593750e+02 2.219533348083496094e+02
3.546477508544921875e+02 9.588285064697265625e+02 2.239999961853027344e+02
3.544400024414062500e+02 9.593640899658203125e+02 2.229999923706054688e+02
3.544699478149414062e+02 9.594332122802734375e+02 2.222555732727050781e+02
3.544253158569335938e+02 9.593284606933593750e+02 2.239999961853027344e+02
3.543226242065429688e+02 9.599172210693359375e+02 2.219533348083496094e+02
3.543723297119140625e+02 9.601688385009765625e+02 2.209999847412109375e+02
3.545114517211914062e+02 9.595286560058593750e+02 2.215888977050781250e+02
3.545695495605468750e+02 9.596688079833984375e+02 2.209999847412109375e+02
3.546704101562500000e+02 9.600178527832031250e+02 2.199695205688476562e+02
3.548713302612304688e+02 9.590000152587890625e+02 2.209999847412109375e+02
3.551139831542968750e+02 9.590000152587890625e+02 2.200000000000000000e+02
3.553017425537109375e+02 9.581327056884765625e+02 2.209999847412109375e+02
3.554238128662109375e+02 9.583583068847656250e+02 2.200000000000000000e+02
3.555739593505859375e+02 9.576327514648437500e+02 2.209999847412109375e+02
3.556967163085937500e+02 9.578582763671875000e+02 2.200000000000000000e+02
3.559603500366210938e+02 9.570000457763671875e+02 2.209999847412109375e+02
3.555143356323242188e+02 9.575253295898437500e+02 2.216052627563476562e+02
3.562308120727539062e+02 9.569454956054687500e+02 2.200017166137695312e+02
3.563864135742187500e+02 9.563373565673828125e+02 2.209999847412109375e+02
3.564556884765625000e+02 9.564357757568359375e+02 2.203362083435058594e+02
3.563063812255859375e+02 9.562273406982421875e+02 2.219999885559082031e+02
3.567418670654296875e+02 9.558373260498046875e+02 2.209999847412109375e+02
3.568074798583984375e+02 9.560614776611328125e+02 2.200017166137695312e+02
3.572418975830078125e+02 9.551762390136718750e+02 2.209999847412109375e+02
3.566675186157226562e+02 9.557273101806640625e+02 2.219999885559082031e+02
3.571675109863281250e+02 9.550932312011718750e+02 2.219999885559082031e+02
3.566216659545898438e+02 9.556613159179687500e+02 2.229999923706054688e+02
3.571216964721679688e+02 9.550484466552734375e+02 2.229999923706054688e+02
3.566042709350585938e+02 9.556368255615234375e+02 2.239999961853027344e+02
3.571043014526367188e+02 9.550346374511718750e+02 2.239999961853027344e+02
3.566125869750976562e+02 9.556484985351562500e+02 2.250000000000000000e+02
3.575304794311523438e+02 9.545346069335937500e+02 2.239999961853027344e+02
3.580189514160156250e+02 9.540000152587890625e+02 2.239999961853027344e+02
3.575419235229492188e+02 9.545484924316406250e+02 2.229999923706054688e+02
3.575786972045898438e+02 9.545932769775390625e+02 2.219999885559082031e+02
3.581291961669921875e+02 9.539007568359375000e+02 2.229261398315429688e+02
3.584927368164062500e+02 9.534925842285156250e+02 2.232102584838867188e+02
3.580786895751953125e+02 9.540277862548828125e+02 2.219999885559082031e+02
3.585011672973632812e+02 9.535012817382812500e+02 2.225435829162597656e+02
3.585258483886718750e+02 9.535278320312500000e+02 2.219999885559082031e+02
3.588961029052734375e+02 9.530955505371093750e+02 2.229261398315429688e+02
3.591191482543945312e+02 9.529154968261718750e+02 2.220810890197753906e+02
3.589936065673828125e+02 9.529882049560546875e+02 2.239999961853027344e+02
3.594942855834960938e+02 9.524945068359375000e+02 2.229999923706054688e+02
3.594974136352539062e+02 9.524974822998046875e+02 2.224685096740722656e+02
3.600000000000000000e+02 9.520327758789062500e+02 2.229999923706054688e+02
3.594935989379882812e+02 9.524938964843750000e+02 2.239999961853027344e+02
3.600000000000000000e+02 9.520343017578125000e+02 2.239999961853027344e+02
3.594965362548828125e+02 9.524967193603515625e+02 2.246015357971191406e+02
3.599050903320312500e+02 9.521405029296875000e+02 2.249609184265136719e+02
3.590979003906250000e+02 9.528996276855468750e+02 2.249609184265136719e+02
3.595085144042968750e+02 9.525080871582031250e+02 2.252681922912597656e+02
3.584935379028320312e+02 9.534934234619140625e+02 2.250000000000000000e+02
3.584884262084960938e+02 9.534882354736328125e+02 2.239999961853027344e+02
3.595330047607421875e+02 9.525307464599609375e+02 2.259999847412109375e+02
3.600329971313476562e+02 9.520846557617187500e+02 2.259999847412109375e+02
3.606016159057617188e+02 9.515847015380859375e+02 2.259999847412109375e+02
3.611016464233398438e+02 9.511789703369140625e+02 2.259999847412109375e+02
3.605619049072265625e+02 9.515530395507812500e+02 2.250000000000000000e+02
3.606748199462890625e+02 9.516423034667968750e+02 2.269999885559082031e+02
3.611748123168945312e+02 9.512438964843750000e+02 2.269999885559082031e+02
3.612844085693359375e+02 9.513334655761718750e+02 2.279999923706054688e+02
3.618439102172851562e+02 9.507439422607421875e+02 2.269999885559082031e+02
3.617457199096679688e+02 9.506790161132812500e+02 2.259999847412109375e+02
3.623439407348632812e+02 9.503922271728515625e+02 2.269999885559082031e+02
3.622457122802734375e+02 9.503208923339843750e+02 2.259999847412109375e+02
3.621830368041992188e+02 9.502729034423828125e+02 2.250000000000000000e+02
3.630752563476562500e+02 9.497685241699218750e+02 2.260172653198242188e+02
3.634587860107421875e+02 9.494732666015625000e+02 2.256954383850097656e+02
3.629072189331054688e+02 9.497728729248046875e+02 2.250000000000000000e+02
3.635332107543945312e+02 9.495197296142578125e+02 2.263621139526367188e+02
3.639199447631835938e+02 9.492516326904296875e+02 2.260172653198242188e+02
3.639999771118164062e+02 9.490940093994140625e+02 2.250000000000000000e+02
3.649030685424804688e+02 9.487096405029296875e+02 2.259999847412109375e+02
3.654030609130859375e+02 9.484506988525390625e+02 2.259999847412109375e+02
3.647959518432617188e+02 9.486548614501953125e+02 2.250000000000000000e+02
3.650882339477539062e+02 9.487586975097656250e+02 2.269346427917480469e+02
3.654803848266601562e+02 9.484900665283203125e+02 2.265577507019042969e+02
3.655996322631835938e+02 9.485494232177734375e+02 2.272244262695312500e+02
3.647343826293945312e+02 9.486237335205078125e+02 2.239999961853027344e+02
3.652959442138671875e+02 9.483959197998046875e+02 2.250000000000000000e+02
3.652343750000000000e+02 9.483635711669921875e+02 2.239999961853027344e+02
3.659999847412109375e+02 9.480551147460937500e+02 2.250000000000000000e+02
3.659999847412109375e+02 9.481653594970703125e+02 2.259999847412109375e+02
3.668669128417968750e+02 9.476591491699218750e+02 2.250000000000000000e+02
3.659999847412109375e+02 9.479885101318359375e+02 2.239999961853027344e+02
3.659999847412109375e+02 9.479632568359375000e+02 2.229999923706054688e+02
3.667808914184570312e+02 9.476249694824218750e+02 2.239999961853027344e+02
3.667502593994140625e+02 9.476116180419921875e+02 2.229999923706054688e+02
3.672808837890625000e+02 9.474060821533203125e+02 2.239999961853027344e+02
3.672502517700195312e+02 9.473929595947265625e+02 2.229999923706054688e+02
3.679999923706054688e+02 9.471513366699218750e+02 2.239999961853027344e+02
3.673669052124023438e+02 9.474435424804687500e+02 2.250000000000000000e+02
3.674481582641601562e+02 9.474785614013671875e+02 2.256495285034179688e+02
3.679999923706054688e+02 9.472221374511718750e+02 2.250000000000000000e+02
3.679467010498046875e+02 9.473557281494140625e+02 2.259897041320800781e+02
3.689999771118164062e+02 9.469164276123046875e+02 2.250000000000000000e+02
3.689999771118164062e+02 9.468507385253906250e+02 2.239999961853027344e+02
3.689999771118164062e+02 9.470278930664062500e+02 2.259999847412109375e+02
3.700000000000000000e+02 9.466864776611328125e+02 2.250000000000000000e+02
3.700000000000000000e+02 9.466297912597656250e+02 2.239999961853027344e+02
3.707957458496093750e+02 9.465487670898437500e+02 2.250000000000000000e+02
3.712957382202148438e+02 9.464673614501953125e+02 2.250000000000000000e+02
3.706436538696289062e+02 9.465243530273437500e+02 2.239999961853027344e+02
3.706007766723632812e+02 9.465174102783203125e+02 2.229999923706054688e+02
3.711436462402343750e+02 9.464423370361328125e+02 2.239999961853027344e+02
3.711007690429687500e+02 9.464344787597656250e+02 2.229999923706054688e+02
3.720000076293945312e+02 9.463404846191406250e+02 2.239999961853027344e+02
3.720000076293945312e+02 9.463255310058593750e+02 2.229999923706054688e+02
3.729999923706054688e+02 9.462815856933593750e+02 2.239999961853027344e+02
3.720000076293945312e+02 9.463859558105468750e+02 2.250000000000000000e+02
3.720166778564453125e+02 9.464577484130859375e+02 2.259610176086425781e+02
3.729999923706054688e+02 9.463181304931640625e+02 2.250000000000000000e+02
3.729999923706054688e+02 9.463829803466796875e+02 2.259999847412109375e+02
3.739999771118164062e+02 9.462908935546875000e+02 2.250000000000000000e+02
3.739999771118164062e+02 9.462599945068359375e+02 2.239999961853027344e+02
3.739999771118164062e+02 9.462482452392578125e+02 2.229999923706054688e+02
3.750000000000000000e+02 9.462537384033203125e+02 2.239999961853027344e+02
3.750000000000000000e+02 9.462415313720703125e+02 2.229999923706054688e+02
3.759999847412109375e+02 9.462511444091796875e+02 2.229999923706054688e+02
3.750000000000000000e+02 9.462448883056640625e+02 2.219999885559082031e+02
3.739999771118164062e+02 9.462511444091796875e+02 2.219999885559082031e+02
3.750000000000000000e+02 9.462625885009765625e+02 2.209999847412109375e+02
3.759999847412109375e+02 9.462545013427734375e+02 2.219999885559082031e+02
3.759999847412109375e+02 9.462711334228515625e+02 2.209999847412109375e+02
3.770000076293945312e+02 9.462767028808593750e+02 2.219999885559082031e+02
3.770000076293945312e+02 9.462737274169921875e+02 2.229999923706054688e+02
3.779999923706054688e+02 9.463205718994140625e+02 2.219999885559082031e+02
3.770000076293945312e+02 9.462906646728515625e+02 2.209999847412109375e+02
3.770000076293945312e+02 9.463226318359375000e+02 2.200000000000000000e+02
3.779999923706054688e+02 9.463318634033203125e+02 2.209999847412109375e+02
3.779999923706054688e+02 9.463619995117187500e+02 2.200000000000000000e+02
3.789999771118164062e+02 9.464266204833984375e+02 2.209999847412109375e+02
3.790421676635742188e+02 9.464560699462890625e+02 2.200952148437500000e+02
3.789999771118164062e+02 9.464178466796875000e+02 2.219999885559082031e+02
3.795286560058593750e+02 9.464959716796875000e+02 2.209999847412109375e+02
3.795020294189453125e+02 9.464997100830078125e+02 2.204920387268066406e+02
3.795542144775390625e+02 9.464923858642578125e+02 2.219999885559082031e+02
3.800286483764648438e+02 9.465697479248046875e+02 2.209999847412109375e+02
3.799012374877929688e+02 9.465776824951171875e+02 2.200952148437500000e+02
3.800542068481445312e+02 9.465653228759765625e+02 2.219999885559082031e+02
3.809999847412109375e+02 9.467350769042968750e+02 2.209999847412109375e+02
3.809999847412109375e+02 9.467797851562500000e+02 2.200000000000000000e+02
3.809999847412109375e+02 9.468663024902343750e+02 2.189999961853027344e+02
3.800000000000000000e+02 9.466669464111328125e+02 2.189999961853027344e+02
3.820000076293945312e+02 9.471273040771484375e+02 2.189999961853027344e+02
3.800000000000000000e+02 9.467858886718750000e+02 2.179999923706054688e+02
3.791899490356445312e+02 9.465405273437500000e+02 2.189999961853027344e+02
3.786899185180664062e+02 9.464763641357421875e+02 2.189999961853027344e+02
3.794036483764648438e+02 9.465126037597656250e+02 2.198253631591796875e+02
3.785162734985351562e+02 9.464979553222656250e+02 2.184846687316894531e+02
3.779999923706054688e+02 9.464225769042968750e+02 2.189999961853027344e+02
3.770000076293945312e+02 9.463782501220703125e+02 2.189999961853027344e+02
3.779999923706054688e+02 9.464807128906250000e+02 2.183524131774902344e+02
3.770000076293945312e+02 9.464556884765625000e+02 2.181512641906738281e+02
3.759999847412109375e+02 9.464452362060546875e+02 2.180639266967773438e+02
3.750000000000000000e+02 9.464442443847656250e+02 2.180628204345703125e+02
3.759999847412109375e+02 9.463604736328125000e+02 2.189999961853027344e+02
3.759999847412109375e+02 9.465084838867187500e+02 2.175639343261718750e+02
3.750000000000000000e+02 9.465084838867187500e+02 2.175628280639648438e+02
3.739999771118164062e+02 9.465205383300781250e+02 2.176448631286621094e+02
3.750000000000000000e+02 9.465932464599609375e+02 2.169999885559082031e+02
3.739999771118164062e+02 9.466216278076171875e+02 2.169999885559082031e+02
3.729999923706054688e+02 9.466926574707031250e+02 2.169999885559082031e+02
3.739999771118164062e+02 9.468416595458984375e+02 2.159999847412109375e+02
3.739999771118164062e+02 9.471424102783203125e+02 2.150000000000000000e+02
3.729999923706054688e+02 9.469242858886718750e+02 2.159999847412109375e+02
3.729999923706054688e+02 9.472312164306640625e+02 2.150000000000000000e+02
3.720000076293945312e+02 9.470493316650390625e+02 2.159999847412109375e+02
3.709999847412109375e+02 9.472257995605468750e+02 2.159999847412109375e+02
3.720396804809570312e+02 9.473677825927734375e+02 2.149617385864257812e+02
3.720000076293945312e+02 9.468088531494140625e+02 2.169999885559082031e+02
3.720668792724609375e+02 9.466051483154296875e+02 2.180749320983886719e+02
3.709999847412109375e+02 9.469776153564453125e+02 2.169999885559082031e+02
3.700000000000000000e+02 9.472059631347656250e+02 2.169999885559082031e+02
3.709999847412109375e+02 9.467848968505859375e+02 2.179999923706054688e+02
3.700000000000000000e+02 9.469990539550781250e+02 2.179999923706054688e+02
3.710859298706054688e+02 9.466118621826171875e+02 2.190780830383300781e+02
3.708590698242187500e+02 9.465640258789062500e+02 2.200000000000000000e+02
3.714765167236328125e+02 9.464959716796875000e+02 2.194634628295898438e+02
3.717781066894531250e+02 9.465344238281250000e+02 2.187968063354492188e+02
3.700000000000000000e+02 9.468392944335937500e+02 2.189999961853027344e+02
3.700000000000000000e+02 9.467281341552734375e+02 2.200000000000000000e+02
3.689999771118164062e+02 9.470974731445312500e+02 2.189999961853027344e+02
3.689117431640625000e+02 9.473109436035156250e+02 2.179173469543457031e+02
3.689999771118164062e+02 9.469736480712890625e+02 2.200000000000000000e+02
3.681423187255859375e+02 9.473722076416015625e+02 2.189999961853027344e+02
3.683297348022460938e+02 9.474384307861328125e+02 2.181955718994140625e+02
3.676423263549804688e+02 9.475534820556640625e+02 2.189999961853027344e+02
3.679159927368164062e+02 9.473287963867187500e+02 2.199466133117675781e+02
3.674273681640625000e+02 9.474687194824218750e+02 2.202443504333496094e+02
3.679999923706054688e+02 9.471974182128906250e+02 2.209999847412109375e+02
3.675266647338867188e+02 9.475099945068359375e+02 2.195776939392089844e+02
3.670564270019531250e+02 9.476683044433593750e+02 2.199466133117675781e+02
3.670000076293945312e+02 9.478226470947265625e+02 2.189999961853027344e+02
3.659999847412109375e+02 9.481487274169921875e+02 2.200000000000000000e+02
3.668440628051757812e+02 9.476532745361328125e+02 2.209999847412109375e+02
3.673440551757812500e+02 9.474326324462890625e+02 2.209999847412109375e+02
3.659999847412109375e+02 9.480492401123046875e+02 2.209999847412109375e+02
3.667736434936523438e+02 9.476224517822265625e+02 2.219999885559082031e+02
3.672736740112304688e+02 9.474025726318359375e+02 2.219999885559082031e+02
3.659999847412109375e+02 9.479859924316406250e+02 2.219999885559082031e+02
3.652363967895507812e+02 9.483635711669921875e+02 2.219999885559082031e+02
3.647364044189453125e+02 9.486260986328125000e+02 2.219999885559082031e+02
3.652124404907226562e+02 9.483516693115234375e+02 2.229999923706054688e+02
3.652998352050781250e+02 9.483959197998046875e+02 2.209999847412109375e+02
3.653960800170898438e+02 9.484458923339843750e+02 2.200000000000000000e+02
3.647998428344726562e+02 9.486604309082031250e+02 2.209999847412109375e+02
3.639999771118164062e+02 9.491152954101562500e+02 2.209999847412109375e+02
3.648960876464843750e+02 9.487123107910156250e+02 2.200000000000000000e+02
3.639306259155273438e+02 9.492618560791015625e+02 2.200399971008300781e+02
3.650811386108398438e+02 9.487509155273437500e+02 2.190363502502441406e+02
3.641518020629882812e+02 9.492861175537109375e+02 2.189999961853027344e+02
3.650000000000000000e+02 9.490000152587890625e+02 2.179999923706054688e+02
3.654685974121093750e+02 9.484835815429687500e+02 2.193939208984375000e+02
3.655712509155273438e+02 9.485367584228515625e+02 2.187272644042968750e+02
3.657178497314453125e+02 9.486116027832031250e+02 2.179999923706054688e+02
3.659427261352539062e+02 9.483055114746093750e+02 2.190363502502441406e+02
3.662178421020507812e+02 9.483606719970703125e+02 2.179999923706054688e+02
3.663858795166015625e+02 9.484435272216796875e+02 2.172958183288574219e+02
3.670000076293945312e+02 9.480065155029296875e+02 2.179999923706054688e+02
3.669486999511718750e+02 9.482793426513671875e+02 2.169774818420410156e+02
3.679978561401367188e+02 9.476204681396484375e+02 2.179173469543457031e+02
3.679999923706054688e+02 9.478394317626953125e+02 2.169999885559082031e+02
3.685195541381835938e+02 9.475061798095703125e+02 2.175289154052734375e+02
3.687271881103515625e+02 9.475729370117187500e+02 2.169999885559082031e+02
3.692271804809570312e+02 9.474179840087890625e+02 2.169999885559082031e+02
3.690700149536132812e+02 9.477238464355468750e+02 2.160690689086914062e+02
3.694499969482421875e+02 9.474844360351562500e+02 2.164484405517578125e+02
3.689999771118164062e+02 9.481082916259765625e+02 2.150000000000000000e+02
3.679999923706054688e+02 9.481275177001953125e+02 2.159999847412109375e+02
3.698038864135742188e+02 9.475878906250000000e+02 2.157817840576171875e+02
3.700823211669921875e+02 9.474225616455078125e+02 2.160690689086914062e+02
3.700823211669921875e+02 9.477454376220703125e+02 2.150859451293945312e+02
3.699413681030273438e+02 9.482453918457031250e+02 2.139284324645996094e+02
3.709999847412109375e+02 9.476115417480468750e+02 2.148096275329589844e+02
3.704705429077148438e+02 9.474917602539062500e+02 2.154765701293945312e+02
3.709999847412109375e+02 9.474350738525390625e+02 2.153096199035644531e+02
3.709999847412109375e+02 9.479361724853515625e+02 2.139999961853027344e+02
3.717327880859375000e+02 9.475365447998046875e+02 2.146029090881347656e+02
3.720396804809570312e+02 9.477066040039062500e+02 2.140784454345703125e+02
3.719555664062500000e+02 9.482618713378906250e+02 2.129171752929687500e+02
3.729999923706054688e+02 9.476660156250000000e+02 2.138788414001464844e+02
3.723994445800781250e+02 9.474848175048828125e+02 2.144640922546386719e+02
3.729999923706054688e+02 9.474482727050781250e+02 2.143788337707519531e+02
3.739999771118164062e+02 9.474018096923828125e+02 2.142720031738281250e+02
3.739999771118164062e+02 9.476214599609375000e+02 2.137720108032226562e+02
3.750000000000000000e+02 9.476033782958984375e+02 2.137292480468750000e+02
3.739999771118164062e+02 9.479887390136718750e+02 2.129999923706054688e+02
3.729999923706054688e+02 9.480796051025390625e+02 2.129999923706054688e+02
3.739999771118164062e+02 9.483673095703125000e+02 2.122591590881347656e+02
3.750000000000000000e+02 9.479487609863281250e+02 2.129999923706054688e+02
3.750000000000000000e+02 9.483454132080078125e+02 2.122138977050781250e+02
3.750000000000000000e+02 9.486194610595703125e+02 2.117139053344726562e+02
3.759999847412109375e+02 9.486064910888671875e+02 2.116964530944824219e+02
3.739999771118164062e+02 9.486477661132812500e+02 2.117591476440429688e+02
3.750000000000000000e+02 9.490359497070312500e+02 2.109999847412109375e+02
3.739999771118164062e+02 9.491041564941406250e+02 2.109999847412109375e+02
3.750000000000000000e+02 9.494165039062500000e+02 2.103799247741699219e+02
3.759999847412109375e+02 9.490002441406250000e+02 2.109999847412109375e+02
3.759999847412109375e+02 9.493937683105468750e+02 2.103430175781250000e+02
3.759999847412109375e+02 9.497401428222656250e+02 2.098430252075195312e+02
3.770000076293945312e+02 9.494005584716796875e+02 2.103515434265136719e+02
3.770000076293945312e+02 9.497434997558593750e+02 2.098515510559082031e+02
3.770000076293945312e+02 9.502435302734375000e+02 2.091647720336914062e+02
3.779999923706054688e+02 9.497855377197265625e+02 2.099095344543457031e+02
3.779999923706054688e+02 9.502855682373046875e+02 2.092230415344238281e+02
3.779999923706054688e+02 9.506832122802734375e+02 2.087230491638183594e+02
3.789999771118164062e+02 9.503506469726562500e+02 2.093090248107910156e+02
3.789999771118164062e+02 9.507548522949218750e+02 2.088090324401855469e+02
3.800971984863281250e+02 9.507866668701171875e+02 2.090434074401855469e+02
3.789999771118164062e+02 9.512548065185546875e+02 2.082384681701660156e+02
3.779999923706054688e+02 9.511832427978515625e+02 2.081658935546875000e+02
3.789999771118164062e+02 9.517353820800781250e+02 2.077384757995605469e+02
3.800000000000000000e+02 9.513574981689453125e+02 2.083467292785644531e+02
3.789999771118164062e+02 9.522354125976562500e+02 2.072488784790039062e+02
3.779999923706054688e+02 9.516660308837890625e+02 2.076658821105957031e+02
3.770000076293945312e+02 9.516186523437500000e+02 2.076170158386230469e+02
3.779999923706054688e+02 9.521659851074218750e+02 2.071869277954101562e+02
3.770000076293945312e+02 9.521186065673828125e+02 2.071460914611816406e+02
3.779999923706054688e+02 9.527260589599609375e+02 2.066869163513183594e+02
3.779999923706054688e+02 9.532260894775390625e+02 2.062828063964843750e+02
3.770000076293945312e+02 9.526814270019531250e+02 2.066460800170898438e+02
3.789999771118164062e+02 9.527921295166015625e+02 2.067488670349121094e+02
3.789999771118164062e+02 9.532920837402343750e+02 2.063303375244140625e+02
3.800000000000000000e+02 9.528929138183593750e+02 2.068457031250000000e+02
3.800000000000000000e+02 9.533929443359375000e+02 2.064105796813964844e+02
3.800000000000000000e+02 9.523390960693359375e+02 2.073457145690917969e+02
3.789999771118164062e+02 9.539325714111328125e+02 2.058303451538085938e+02
3.789999771118164062e+02 9.544325256347656250e+02 2.054501533508300781e+02
3.779999923706054688e+02 9.538824462890625000e+02 2.057827949523925781e+02
3.779999923706054688e+02 9.543824005126953125e+02 2.054155158996582031e+02
3.770000076293945312e+02 9.538545227050781250e+02 2.057542037963867188e+02
3.770000076293945312e+02 9.531813812255859375e+02 2.062541961669921875e+02
3.759999847412109375e+02 9.538647460937500000e+02 2.057596397399902344e+02
3.770000076293945312e+02 9.543545532226562500e+02 2.053984069824218750e+02
3.759999847412109375e+02 9.543647766113281250e+02 2.054061698913574219e+02
3.759999847412109375e+02 9.550000000000000000e+02 2.049937057495117188e+02
3.750000000000000000e+02 9.544195556640625000e+02 2.054436874389648438e+02
3.743502044677734375e+02 9.544692993164062500e+02 2.054784774780273438e+02
3.750000000000000000e+02 9.539195251464843750e+02 2.058008384704589844e+02
3.750000000000000000e+02 9.550000000000000000e+02 2.050720977783203125e+02
3.740101242065429688e+02 9.549250030517578125e+02 2.052379989624023438e+02
3.750000000000000000e+02 9.557138061523437500e+02 2.046284103393554688e+02
3.739999771118164062e+02 9.558155059814453125e+02 2.046886444091796875e+02
3.739999771118164062e+02 9.563154602050781250e+02 2.043919754028320312e+02
3.729185485839843750e+02 9.560491943359375000e+02 2.047169303894042969e+02
3.731975936889648438e+02 9.564153289794921875e+02 2.044502067565917969e+02
3.720000076293945312e+02 9.560000610351562500e+02 2.049374961853027344e+02
3.725309371948242188e+02 9.565094757080078125e+02 2.045053672790527344e+02
3.729999923706054688e+02 9.551355743408203125e+02 2.052671432495117188e+02
3.720000076293945312e+02 9.553017425537109375e+02 2.053704833984375000e+02
3.729999923706054688e+02 9.546356201171875000e+02 2.055908393859863281e+02
3.736835479736328125e+02 9.545417022705078125e+02 2.055274772644042969e+02
3.720000076293945312e+02 9.548017883300781250e+02 2.057057380676269531e+02
3.729158020019531250e+02 9.539047241210937500e+02 2.061327934265136719e+02
3.731929779052734375e+02 9.534149169921875000e+02 2.064335250854492188e+02
3.725263214111328125e+02 9.535078430175781250e+02 2.065060234069824219e+02
3.740101242065429688e+02 9.540815734863281250e+02 2.058069229125976562e+02
3.720000076293945312e+02 9.541022491455078125e+02 2.062057304382324219e+02
3.720000076293945312e+02 9.536022186279296875e+02 2.065789413452148438e+02
3.709999847412109375e+02 9.542989349365234375e+02 2.063494682312011719e+02
3.703808975219726562e+02 9.544367980957031250e+02 2.064519309997558594e+02
3.709999847412109375e+02 9.537989044189453125e+02 2.067332649230957031e+02
3.710057067871093750e+02 9.550579833984375000e+02 2.058126449584960938e+02
3.713428497314453125e+02 9.554299163818359375e+02 2.054531669616699219e+02
3.700285339355468750e+02 9.549733734130859375e+02 2.062149620056152344e+02
3.706761932373046875e+02 9.555856323242187500e+02 2.055551338195800781e+02
3.710057067871093750e+02 9.559513854980468750e+02 2.052307319641113281e+02
3.700000000000000000e+02 9.557805633544921875e+02 2.056797409057617188e+02
3.690613174438476562e+02 9.560730743408203125e+02 2.058824920654296875e+02
3.700000000000000000e+02 9.562805938720703125e+02 2.053644752502441406e+02
3.694355392456054688e+02 9.564551544189453125e+02 2.054718971252441406e+02
3.700910949707031250e+02 9.570941162109375000e+02 2.048637771606445312e+02
3.690613174438476562e+02 9.570237731933593750e+02 2.053122901916503906e+02
3.704851531982421875e+02 9.574901580810546875e+02 2.044945907592773438e+02
3.698184967041015625e+02 9.577301025390625000e+02 2.046203041076660156e+02
3.709999847412109375e+02 9.568534851074218750e+02 2.046985435485839844e+02
3.720000076293945312e+02 9.566179656982421875e+02 2.045669937133789062e+02
3.690238571166992188e+02 9.580381011962890625e+02 2.047819709777832031e+02
3.687064361572265625e+02 9.586837768554687500e+02 2.045880317687988281e+02
3.680094146728515625e+02 9.579962158203125000e+02 2.052536582946777344e+02
3.693730926513671875e+02 9.583968353271484375e+02 2.044480133056640625e+02
3.683490371704101562e+02 9.573729705810546875e+02 2.054282760620117188e+02
3.676823806762695312e+02 9.576602935791015625e+02 2.055904388427734375e+02
3.673269271850585938e+02 9.583269500732421875e+02 2.054064369201660156e+02
3.680067062377929688e+02 9.590102386474609375e+02 2.047460174560546875e+02
3.669961547851562500e+02 9.590059661865234375e+02 2.052468490600585938e+02
3.666602706909179688e+02 9.586765289306640625e+02 2.055904388427734375e+02
3.670232009887695312e+02 9.600106048583984375e+02 2.047670364379882812e+02
3.663638687133789062e+02 9.593431854248046875e+02 2.054227638244628906e+02
3.660182952880859375e+02 9.600466156005859375e+02 2.052930259704589844e+02
3.660182952880859375e+02 9.590059661865234375e+02 2.057965278625488281e+02
3.656971740722656250e+02 9.597443389892578125e+02 2.056164741516113281e+02
3.650580978393554688e+02 9.590982818603515625e+02 2.063413429260253906e+02
3.660415267944335938e+02 9.580518341064453125e+02 2.062908935546875000e+02
3.664025878906250000e+02 9.574026489257812500e+02 2.064404106140136719e+02
3.657358932495117188e+02 9.577529907226562500e+02 2.066504096984863281e+02
3.669961547851562500e+02 9.579962158203125000e+02 2.057727813720703125e+02
3.654301834106445312e+02 9.584196472167968750e+02 2.064539718627929688e+02
3.649969863891601562e+02 9.579965209960937500e+02 2.069985771179199219e+02
3.645637893676757812e+02 9.575733184814453125e+02 2.075458526611328125e+02
3.647635269165039062e+02 9.588304901123046875e+02 2.066800880432128906e+02
3.642940902709960938e+02 9.582399749755859375e+02 2.073467445373535156e+02
3.652304458618164062e+02 9.572097015380859375e+02 2.073170661926269531e+02
3.649382781982421875e+02 9.569258117675781250e+02 2.077043342590332031e+02
3.659727859497070312e+02 9.569728088378906250e+02 2.069837379455566406e+02
3.662096786499023438e+02 9.562235260009765625e+02 2.073170661926269531e+02
3.655430221557617188e+02 9.565430450439453125e+02 2.075286674499511719e+02
3.667529296875000000e+02 9.567359161376953125e+02 2.066504096984863281e+02
3.670517730712890625e+02 9.570415496826171875e+02 2.062908935546875000e+02
3.669921112060546875e+02 9.559929656982421875e+02 2.069968795776367188e+02
3.672312545776367188e+02 9.552829742431640625e+02 2.073433494567871094e+02
3.674196243286132812e+02 9.564289855957031250e+02 2.064539718627929688e+02
3.665645980834960938e+02 9.555568695068359375e+02 2.075397109985351562e+02
3.678303909301757812e+02 9.557623291015625000e+02 2.066766929626464844e+02
3.680762481689453125e+02 9.550570678710937500e+02 2.070409011840820312e+02
3.680982208251953125e+02 9.560574340820312500e+02 2.063441467285156250e+02
3.684970474243164062e+02 9.554978942871093750e+02 2.064984703063964844e+02
3.680094146728515625e+02 9.570237731933593750e+02 2.057993316650390625e+02
3.687688446044921875e+02 9.567063140869140625e+02 2.056211280822753906e+02
3.689999771118164062e+02 9.553400421142578125e+02 2.063872528076171875e+02
3.689999771118164062e+02 9.548400878906250000e+02 2.067466735839843750e+02
3.697142028808593750e+02 9.546222686767578125e+02 2.065904426574707031e+02
3.689999771118164062e+02 9.541758728027343750e+02 2.072466659545898438e+02
3.683221054077148438e+02 9.543785858154296875e+02 2.074051094055175781e+02
3.689999771118164062e+02 9.536759185791015625e+02 2.076446533203125000e+02
3.699613189697265625e+02 9.539797210693359375e+02 2.069844436645507812e+02
3.695417404174804688e+02 9.535225677490234375e+02 2.075187492370605469e+02
3.702083969116210938e+02 9.533576965332031250e+02 2.073784446716308594e+02
3.699250411987304688e+02 9.530146789550781250e+02 2.077995109558105469e+02
3.709999847412109375e+02 9.531842041015625000e+02 2.072332572937011719e+02
3.709999847412109375e+02 9.526842498779296875e+02 2.076631736755371094e+02
3.719952392578125000e+02 9.529327392578125000e+02 2.071327972412109375e+02
3.723254394531250000e+02 9.524446105957031250e+02 2.074493980407714844e+02
3.716587448120117188e+02 9.525545501708984375e+02 2.075481796264648438e+02
3.729158020019531250e+02 9.530490112304687500e+02 2.067943382263183594e+02
3.739999771118164062e+02 9.528237152099609375e+02 2.067624855041503906e+02
3.729999923706054688e+02 9.523502349853515625e+02 2.073634147644042969e+02
3.729999923706054688e+02 9.518502807617187500e+02 2.078357505798339844e+02
3.739999771118164062e+02 9.522412109375000000e+02 2.072624778747558594e+02
3.739999771118164062e+02 9.517412567138671875e+02 2.077327728271484375e+02
3.750000000000000000e+02 9.521682739257812500e+02 2.071940994262695312e+02
3.750000000000000000e+02 9.516682434082031250e+02 2.076636886596679688e+02
3.759999847412109375e+02 9.521191406250000000e+02 2.071482658386230469e+02
3.750000000000000000e+02 9.527413177490234375e+02 2.066940879821777344e+02
3.750000000000000000e+02 9.532412719726562500e+02 2.063008308410644531e+02
3.759999847412109375e+02 9.526856994628906250e+02 2.066482543945312500e+02
3.759999847412109375e+02 9.531857299804687500e+02 2.062596511840820312e+02
3.739999771118164062e+02 9.533236694335937500e+02 2.063630485534667969e+02
3.759999847412109375e+02 9.516191864013671875e+02 2.076165199279785156e+02
3.759999847412109375e+02 9.511320495605468750e+02 2.081165122985839844e+02
3.750000000000000000e+02 9.511759185791015625e+02 2.081636810302734375e+02
3.759999847412109375e+02 9.506320953369140625e+02 2.086614227294921875e+02
3.770000076293945312e+02 9.511342620849609375e+02 2.081170082092285156e+02
3.770000076293945312e+02 9.506343078613281250e+02 2.086647605895996094e+02
3.750000000000000000e+02 9.506758880615234375e+02 2.087115478515625000e+02
3.759999847412109375e+02 9.502400970458984375e+02 2.091614151000976562e+02
3.750000000000000000e+02 9.502741241455078125e+02 2.092115402221679688e+02
3.750000000000000000e+02 9.497740936279296875e+02 2.098799324035644531e+02
3.739999771118164062e+02 9.503256225585937500e+02 2.092827415466308594e+02
3.739999771118164062e+02 9.498255920410156250e+02 2.099390411376953125e+02
3.739999771118164062e+02 9.507410430908203125e+02 2.087827301025390625e+02
3.729999923706054688e+02 9.504053497314453125e+02 2.093851470947265625e+02
3.730544281005859375e+02 9.498513793945312500e+02 2.100895690917968750e+02
3.729999923706054688e+02 9.508395385742187500e+02 2.088851356506347656e+02
3.723767089843750000e+02 9.504705810546875000e+02 2.094653701782226562e+02
3.719881439208984375e+02 9.509933471679687500e+02 2.089979171752929688e+02
3.720260238647460938e+02 9.501789093017578125e+02 2.099375343322753906e+02
3.709999847412109375e+02 9.502500915527343750e+02 2.101922607421875000e+02
3.720000076293945312e+02 9.496206665039062500e+02 2.106699562072753906e+02
3.717100143432617188e+02 9.505528259277343750e+02 2.095625495910644531e+02
3.709999847412109375e+02 9.506657409667968750e+02 2.096922492980957031e+02
3.709999847412109375e+02 9.511657714843750000e+02 2.091422653198242188e+02
3.699116516113281250e+02 9.507888793945312500e+02 2.100162696838378906e+02
3.701860809326171875e+02 9.503842926025390625e+02 2.103604507446289062e+02
3.690629196166992188e+02 9.511808013916015625e+02 2.099807739257812500e+02
3.700000000000000000e+02 9.513552856445312500e+02 2.093478775024414062e+02
3.695193862915039062e+02 9.505077362060546875e+02 2.105094146728515625e+02
3.699669265747070312e+02 9.499855804443359375e+02 2.109845924377441406e+02
3.689999771118164062e+02 9.506219482421875000e+02 2.106497001647949219e+02
3.689999771118164062e+02 9.502323150634765625e+02 2.111496925354003906e+02
3.678963088989257812e+02 9.509435272216796875e+02 2.109304237365722656e+02
3.682866668701171875e+02 9.503895568847656250e+02 2.113568496704101562e+02
3.670000076293945312e+02 9.512478637695312500e+02 2.111912918090820312e+02
3.681726074218750000e+02 9.513214874267578125e+02 2.103013038635253906e+02
3.676200103759765625e+02 9.505654907226562500e+02 2.115864944458007812e+02
3.675059509277343750e+02 9.515036010742187500e+02 2.105039978027343750e+02
3.679035568237304688e+02 9.517745208740234375e+02 2.099807739257812500e+02
3.670000076293945312e+02 9.516709136962890625e+02 2.106912803649902344e+02
3.670912551879882812e+02 9.522308349609375000e+02 2.100325012207031250e+02
3.660373306274414062e+02 9.520255279541015625e+02 2.110285186767578125e+02
3.663453674316406250e+02 9.523909759521484375e+02 2.103874969482421875e+02
3.657292938232421875e+02 9.516600036621093750e+02 2.116947364807128906e+02
3.656787109375000000e+02 9.526354217529296875e+02 2.106393051147460938e+02
3.652764892578125000e+02 9.523267364501953125e+02 2.113059806823730469e+02
3.663959503173828125e+02 9.514317321777343750e+02 2.114177131652832031e+02
3.660375595092773438e+02 9.512014007568359375e+02 2.120168304443359375e+02
3.659001922607421875e+02 9.506425476074218750e+02 2.129100608825683594e+02
3.669112777709960938e+02 9.507051086425781250e+02 2.119518852233886719e+02
3.653530120849609375e+02 9.513926696777343750e+02 2.123613929748535156e+02
3.649814224243164062e+02 9.519852447509765625e+02 2.119822311401367188e+02
3.650117874145507812e+02 9.511762237548828125e+02 2.130150985717773438e+02
3.649278259277343750e+02 9.506596374511718750e+02 2.139002037048339844e+02
3.646863555908203125e+02 9.516438293457031250e+02 2.126918220520019531e+02
3.643711090087890625e+02 9.514007568359375000e+02 2.133584976196289062e+02
3.639875793457031250e+02 9.519892120361328125e+02 2.129861450195312500e+02
3.640226745605468750e+02 9.512281036376953125e+02 2.140500831604003906e+02
3.634360885620117188e+02 9.514476776123046875e+02 2.144167900085449219e+02
3.639888381958007812e+02 9.507531738281250000e+02 2.149371528625488281e+02
3.637044525146484375e+02 9.516679382324218750e+02 2.137501335144042969e+02
3.630415344238281250e+02 9.520349121093750000e+02 2.140535736083984375e+02
3.633136749267578125e+02 9.523345947265625000e+02 2.132804679870605469e+02
3.627405548095703125e+02 9.517095184326171875e+02 2.150000000000000000e+02
3.623974227905273438e+02 9.524019622802734375e+02 2.143569946289062500e+02
3.626470184326171875e+02 9.526406860351562500e+02 2.136903381347656250e+02
3.620216369628906250e+02 9.530219268798828125e+02 2.140295219421386719e+02
3.629491043090820312e+02 9.529498291015625000e+02 2.129400444030761719e+02
3.623125076293945312e+02 9.533073425292968750e+02 2.132662773132324219e+02
3.632512283325195312e+02 9.532589721679687500e+02 2.122205924987792969e+02
3.625845718383789062e+02 9.535904693603515625e+02 2.125996208190917969e+02
3.636040115356445312e+02 9.525922393798828125e+02 2.126137924194335938e+02
3.639124679565429688e+02 9.529254150390625000e+02 2.119118309020996094e+02
3.642209625244140625e+02 9.532585906982421875e+02 2.112506484985351562e+02
3.635542678833007812e+02 9.535515594482421875e+02 2.115539169311523438e+02
3.646098327636718750e+02 9.525919342041015625e+02 2.116030693054199219e+02
3.642706680297851562e+02 9.523104858398437500e+02 2.122697448730468750e+02
3.649370956420898438e+02 9.529470062255859375e+02 2.109449768066406250e+02
3.652643585205078125e+02 9.533021545410156250e+02 2.103089141845703125e+02
3.645977020263671875e+02 9.535894012451171875e+02 2.105839920043945312e+02
3.649523925781250000e+02 9.539572143554687500e+02 2.099621391296386719e+02
3.638991928100585938e+02 9.539038085937500000e+02 2.109099006652832031e+02
3.632358169555664062e+02 9.542182159423828125e+02 2.112358093261718750e+02
3.642441558837890625e+02 9.542560577392578125e+02 2.102820205688476562e+02
3.635774612426757812e+02 9.545804595947265625e+02 2.105691528320312500e+02
3.639442825317382812e+02 9.549423217773437500e+02 2.099538993835449219e+02
3.629239654541015625e+02 9.549137878417968750e+02 2.109239768981933594e+02
3.632788085937500000e+02 9.552471160888671875e+02 2.102924346923828125e+02
3.625691604614257812e+02 9.545804595947265625e+02 2.115774726867675781e+02
3.626121139526367188e+02 9.556332397460937500e+02 2.106121253967285156e+02
3.622924423217773438e+02 9.552471160888671875e+02 2.112788009643554688e+02
3.619845199584960938e+02 9.559806823730468750e+02 2.109844970703125000e+02
3.619538879394531250e+02 9.549416351318359375e+02 2.119436264038085938e+02
3.616153717041015625e+02 9.546361541748046875e+02 2.126404380798339844e+02
3.613440322875976562e+02 9.553028106689453125e+02 2.123097801208496094e+02
3.616257858276367188e+02 9.556613922119140625e+02 2.116431045532226562e+02
3.622820281982421875e+02 9.542571258544921875e+02 2.122441291809082031e+02
3.619639205932617188e+02 9.539591217041015625e+02 2.129533576965332031e+02
3.629101943969726562e+02 9.539043426513671875e+02 2.118990325927734375e+02
3.613529586791992188e+02 9.543277740478515625e+02 2.133071136474609375e+02
3.616458511352539062e+02 9.536611175537109375e+02 2.137020301818847656e+02
3.610479736328125000e+02 9.540544128417968750e+02 2.140687370300292969e+02
3.614096450805664062e+02 9.534031677246093750e+02 2.143686866760253906e+02
3.607149124145507812e+02 9.537475585937500000e+02 2.150000000000000000e+02
3.606862640380859375e+02 9.547358703613281250e+02 2.137687873840332031e+02
3.604572296142578125e+02 9.544477081298828125e+02 2.144354438781738281e+02
3.602539443969726562e+02 9.550415039062500000e+02 2.140612602233886719e+02
3.602912902832031250e+02 9.542475891113281250e+02 2.150000000000000000e+02
3.597568511962890625e+02 9.549760437011718750e+02 2.149393653869628906e+02
3.599801635742187500e+02 9.539740753173828125e+02 2.159605026245117188e+02
3.595978164672851562e+02 9.546267700195312500e+02 2.156783103942871094e+02
3.596787261962890625e+02 9.537109375000000000e+02 2.169999885559082031e+02
3.605435562133789062e+02 9.535490417480468750e+02 2.155760383605957031e+02
3.594183731079101562e+02 9.543991088867187500e+02 2.163449668884277344e+02
3.603625106811523438e+02 9.533499908447265625e+02 2.162427139282226562e+02
3.601787185668945312e+02 9.531578063964843750e+02 2.169999885559082031e+02
3.609441375732421875e+02 9.529373168945312500e+02 2.158927726745605469e+02
3.612149047851562500e+02 9.531958770751953125e+02 2.150000000000000000e+02
3.615240859985351562e+02 9.525247192382812500e+02 2.155428504943847656e+02
3.606539154052734375e+02 9.526577758789062500e+02 2.169999885559082031e+02
3.613446807861328125e+02 9.523508453369140625e+02 2.162095069885253906e+02
3.611539077758789062e+02 9.521742248535156250e+02 2.169999885559082031e+02
3.619462585449218750e+02 9.519474792480468750e+02 2.158987236022949219e+02
3.625513076782226562e+02 9.515441131591796875e+02 2.155879211425781250e+02
3.616917037963867188e+02 9.516741943359375000e+02 2.169999885559082031e+02
3.623683929443359375e+02 9.513864135742187500e+02 2.162545967102050781e+02
3.621911239624023438e+02 9.522095489501953125e+02 2.150000000000000000e+02
3.616911315917968750e+02 9.526959228515625000e+02 2.150000000000000000e+02
3.630017471313476562e+02 9.509978485107421875e+02 2.160018730163574219e+02
3.621917343139648438e+02 9.512382507324218750e+02 2.169999885559082031e+02
3.619323348999023438e+02 9.511218261718750000e+02 2.179844665527343750e+02
3.628115081787109375e+02 9.507382202148437500e+02 2.169999885559082031e+02
3.633115386962890625e+02 9.503630065917968750e+02 2.169999885559082031e+02
3.625978088378906250e+02 9.505737304687500000e+02 2.179999923706054688e+02
3.630978012084960938e+02 9.502136993408203125e+02 2.179999923706054688e+02
3.625004959106445312e+02 9.505004119873046875e+02 2.185016632080078125e+02
3.629003143310546875e+02 9.501359558105468750e+02 2.189009857177734375e+02
3.620438385009765625e+02 9.507772064208984375e+02 2.189009857177734375e+02
3.618120193481445312e+02 9.507456970214843750e+02 2.200000000000000000e+02
3.624064254760742188e+02 9.504288482666015625e+02 2.191683197021484375e+02
3.613223648071289062e+02 9.513462066650390625e+02 2.189999961853027344e+02
3.614293670654296875e+02 9.514380645751953125e+02 2.183074569702148438e+02
3.608223342895507812e+02 9.517906951904296875e+02 2.189999961853027344e+02
3.612030792236328125e+02 9.512457275390625000e+02 2.200000000000000000e+02
3.607030868530273438e+02 9.516805267333984375e+02 2.200000000000000000e+02
3.611195373535156250e+02 9.511753845214843750e+02 2.209999847412109375e+02
3.606195449829101562e+02 9.516055297851562500e+02 2.209999847412109375e+02
3.610634994506835938e+02 9.511277008056640625e+02 2.219999885559082031e+02
3.617263412475585938e+02 9.506754302978515625e+02 2.209999847412109375e+02
3.622263717651367188e+02 9.502975463867187500e+02 2.209999847412109375e+02
3.616665649414062500e+02 9.506277465820312500e+02 2.219999885559082031e+02
3.621665573120117188e+02 9.502565002441406250e+02 2.219999885559082031e+02
3.616448593139648438e+02 9.506106567382812500e+02 2.229999923706054688e+02
3.621448516845703125e+02 9.502417755126953125e+02 2.229999923706054688e+02
3.616524124145507812e+02 9.506157684326171875e+02 2.239999961853027344e+02
3.610434341430664062e+02 9.511106109619140625e+02 2.229999923706054688e+02
3.605434417724609375e+02 9.515383911132812500e+02 2.229999923706054688e+02
3.610461425781250000e+02 9.511157989501953125e+02 2.239999961853027344e+02
3.605461502075195312e+02 9.515404510498046875e+02 2.239999961853027344e+02
3.610618972778320312e+02 9.511370086669921875e+02 2.250000000000000000e+02
3.616830444335937500e+02 9.506369781494140625e+02 2.250000000000000000e+02
3.605634689331054688e+02 9.515560913085937500e+02 2.219999885559082031e+02
3.599157333374023438e+02 9.521433258056640625e+02 2.220810890197753906e+02
3.600754928588867188e+02 9.521055603027343750e+02 2.209999847412109375e+02
3.595262145996093750e+02 9.525257873535156250e+02 2.218018341064453125e+02
3.595755004882812500e+02 9.525746154785156250e+02 2.209999847412109375e+02
3.590872573852539062e+02 9.530745697021484375e+02 2.209999847412109375e+02
3.596606826782226562e+02 9.526607513427734375e+02 2.200000000000000000e+02
3.597813415527343750e+02 9.527867889404296875e+02 2.189999961853027344e+02
3.601606750488281250e+02 9.521804809570312500e+02 2.200000000000000000e+02
3.591762924194335938e+02 9.531607818603515625e+02 2.200000000000000000e+02
3.593006515502929688e+02 9.532868194580078125e+02 2.189999961853027344e+02
3.586763000488281250e+02 9.536991882324218750e+02 2.200000000000000000e+02
3.582413482666015625e+02 9.541992187500000000e+02 2.200000000000000000e+02
3.588006591796875000e+02 9.538504791259765625e+02 2.189999961853027344e+02
3.585872650146484375e+02 9.535954284667968750e+02 2.209999847412109375e+02
3.581446075439453125e+02 9.540954589843750000e+02 2.209999847412109375e+02
3.576446151733398438e+02 9.546762084960937500e+02 2.209999847412109375e+02
3.577413558959960938e+02 9.548047637939453125e+02 2.200000000000000000e+02
3.578296661376953125e+02 9.550531005859375000e+02 2.189898300170898438e+02
3.573486328125000000e+02 9.553047180175781250e+02 2.200000000000000000e+02
3.574407577514648438e+02 9.554218292236328125e+02 2.193163871765136719e+02
3.571897506713867188e+02 9.559438323974609375e+02 2.189898300170898438e+02
3.573421478271484375e+02 9.562606048583984375e+02 2.179999923706054688e+02
3.566566467285156250e+02 9.567563629150390625e+02 2.189999961853027344e+02
3.575502014160156250e+02 9.555729675292968750e+02 2.186497306823730469e+02
3.576744079589843750e+02 9.557605743408203125e+02 2.179999923706054688e+02
3.579842376708984375e+02 9.559728240966796875e+02 2.169617271423339844e+02
3.582196044921875000e+02 9.549771118164062500e+02 2.180484771728515625e+02
3.583490371704101562e+02 9.552951812744140625e+02 2.171728134155273438e+02
3.584667205810546875e+02 9.544597625732421875e+02 2.184141349792480469e+02
3.585993194580078125e+02 9.546285247802734375e+02 2.177474784851074219e+02
3.587124633789062500e+02 9.549771118164062500e+02 2.169036865234375000e+02
3.590074157714843750e+02 9.540043640136718750e+02 2.180104827880859375e+02
3.592632675170898438e+02 9.542109680175781250e+02 2.169999885559082031e+02
3.594154739379882812e+02 9.534084320068359375e+02 2.182734680175781250e+02
3.595424652099609375e+02 9.535488891601562500e+02 2.176068115234375000e+02
3.599722290039062500e+02 9.529677581787109375e+02 2.179211807250976562e+02
3.604020309448242188e+02 9.524051666259765625e+02 2.182355499267578125e+02
3.605271911621093750e+02 9.525271606445312500e+02 2.175688743591308594e+02
3.609782791137695312e+02 9.519766235351562500e+02 2.179381561279296875e+02
3.615538787841796875e+02 9.515481567382812500e+02 2.176407814025878906e+02
3.602813720703125000e+02 9.522907257080078125e+02 2.189999961853027344e+02
3.585030364990234375e+02 9.555044555664062500e+02 2.165061378479003906e+02
3.591613769531250000e+02 9.549760437011718750e+02 2.160069847106933594e+02
3.593475723266601562e+02 9.552934265136718750e+02 2.152322769165039062e+02
3.586379623413085938e+02 9.557050323486328125e+02 2.159999847412109375e+02
3.583080291748046875e+02 9.562049865722656250e+02 2.159999847412109375e+02
3.589984512329101562e+02 9.559959411621093750e+02 2.149953079223632812e+02
3.584579086303710938e+02 9.564356231689453125e+02 2.154250144958496094e+02
3.593160247802734375e+02 9.562229919433593750e+02 2.142147827148437500e+02
3.586493301391601562e+02 9.567359161376953125e+02 2.147583389282226562e+02
3.595397186279296875e+02 9.555562591552734375e+02 2.145656013488769531e+02
3.596994400024414062e+02 9.559337615966796875e+02 2.139288520812988281e+02
3.602385711669921875e+02 9.560465240478515625e+02 2.130392074584960938e+02
3.595330047607421875e+02 9.565494537353515625e+02 2.135481071472167969e+02
3.589854049682617188e+02 9.569760131835937500e+02 2.139765357971191406e+02
3.597151565551757812e+02 9.569297027587890625e+02 2.129442405700683594e+02
3.593214416503906250e+02 9.572161102294921875e+02 2.132403945922851562e+02
3.602843093872070312e+02 9.570832061767578125e+02 2.120528030395507812e+02
3.595539474487304688e+02 9.575895690917968750e+02 2.125737380981445312e+02
3.590080261230468750e+02 9.580126190185546875e+02 2.130101203918457031e+02
3.597925567626953125e+02 9.579537963867187500e+02 2.119895744323730469e+02
3.593612670898437500e+02 9.582562255859375000e+02 2.123159599304199219e+02
3.603252029418945312e+02 9.580000305175781250e+02 2.112894058227539062e+02
3.596186828613281250e+02 9.587103271484375000e+02 2.116493034362792969e+02
3.591864395141601562e+02 9.590261840820312500e+02 2.119895744323730469e+02
3.599975585937500000e+02 9.589936828613281250e+02 2.109961128234863281e+02
3.603763961791992188e+02 9.592770385742187500e+02 2.103606986999511719e+02
3.596868896484375000e+02 9.600000000000000000e+02 2.107237434387207031e+02
3.605654525756835938e+02 9.586103820800781250e+02 2.105745124816894531e+02
3.594333267211914062e+02 9.593769836425781250e+02 2.114177131652832031e+02
3.592792510986328125e+02 9.600000000000000000e+02 2.112237548828125000e+02
3.587330627441406250e+02 9.599193572998046875e+02 2.119828414916992188e+02
3.589907836914062500e+02 9.609796142578125000e+02 2.109886932373046875e+02
3.593759155273437500e+02 9.612426757812500000e+02 2.103505897521972656e+02
3.586056518554687500e+02 9.607164764404296875e+02 2.116380691528320312e+02
3.587114334106445312e+02 9.620000457763671875e+02 2.107653999328613281e+02
3.595394515991210938e+02 9.605760192871093750e+02 2.105472755432128906e+02
3.584458923339843750e+02 9.613831329345703125e+02 2.114301109313964844e+02
3.583188629150390625e+02 9.620000457763671875e+02 2.112654113769531250e+02
3.582077407836914062e+02 9.610298919677734375e+02 2.119828414916992188e+02
3.583581924438476562e+02 9.601988220214843750e+02 2.123047447204589844e+02
3.576752471923828125e+02 9.610000610351562500e+02 2.127578735351562500e+02
3.577803802490234375e+02 9.619603729248046875e+02 2.120206642150878906e+02
3.575421142578125000e+02 9.616005706787109375e+02 2.125611877441406250e+02
3.574069595336914062e+02 9.622672271728515625e+02 2.123677635192871094e+02
3.576210784912109375e+02 9.630000305175781250e+02 2.116666984558105469e+02
3.581604003906250000e+02 9.630065917968750000e+02 2.109542465209960938e+02
3.572679901123046875e+02 9.630000305175781250e+02 2.121666908264160156e+02
3.575154876708984375e+02 9.635435485839843750e+02 2.115211486816406250e+02
3.577673721313476562e+02 9.639261627197265625e+02 2.110225868225097656e+02
3.571139144897460938e+02 9.639261627197265625e+02 2.119126892089843750e+02
3.574028396606445312e+02 9.642102813720703125e+02 2.113709831237792969e+02
3.565902328491210938e+02 9.640000152587890625e+02 2.126334762573242188e+02
3.567229843139648438e+02 9.649061584472656250e+02 2.120132064819335938e+02
3.565032958984375000e+02 9.645102691650390625e+02 2.125048065185546875e+02
3.566281127929687500e+02 9.660000610351562500e+02 2.116825675964355469e+02
3.572762680053710938e+02 9.650000000000000000e+02 2.112021064758300781e+02
3.564011001586914062e+02 9.651769256591796875e+02 2.123553466796875000e+02
3.562831115722656250e+02 9.660000610351562500e+02 2.121825790405273438e+02
3.561206817626953125e+02 9.649061584472656250e+02 2.129028892517089844e+02
3.556000137329101562e+02 9.650000000000000000e+02 2.136656188964843750e+02
3.557356262207031250e+02 9.659336090087890625e+02 2.130317115783691406e+02
3.562598037719726562e+02 9.640000152587890625e+02 2.131334686279296875e+02
3.563949584960937500e+02 9.632169342041015625e+02 2.133398056030273438e+02
3.557263565063476562e+02 9.639537811279296875e+02 2.140171432495117188e+02
3.561473083496093750e+02 9.629301452636718750e+02 2.139187240600585938e+02
3.554191207885742188e+02 9.642562866210937500e+02 2.143619155883789062e+02
3.555308914184570312e+02 9.635896301269531250e+02 2.145571327209472656e+02
3.556379318237304688e+02 9.630000305175781250e+02 2.147544097900390625e+02
3.552145004272460938e+02 9.639537811279296875e+02 2.149342727661132812e+02
3.553723907470703125e+02 9.630000305175781250e+02 2.152544021606445312e+02
3.546849060058593750e+02 9.639669036865234375e+02 2.160058021545410156e+02
3.547951507568359375e+02 9.650699615478515625e+02 2.150833892822265625e+02
3.545813369750976562e+02 9.647832489013671875e+02 2.156763458251953125e+02
3.546762847900390625e+02 9.660000610351562500e+02 2.148415756225585938e+02
3.544860458374023438e+02 9.654499053955078125e+02 2.154723167419433594e+02
3.553079223632812500e+02 9.650000000000000000e+02 2.141656112670898438e+02
3.551977920532226562e+02 9.659336090087890625e+02 2.139153289794921875e+02
3.554278945922851562e+02 9.662226867675781250e+02 2.133861923217773438e+02
3.548984146118164062e+02 9.670000457763671875e+02 2.139999961853027344e+02
3.555152511596679688e+02 9.655560302734375000e+02 2.135255622863769531e+02
3.553358459472656250e+02 9.670000457763671875e+02 2.132369232177734375e+02
3.545625686645507812e+02 9.670000457763671875e+02 2.146220397949218750e+02
3.546952438354492188e+02 9.679270935058593750e+02 2.140528678894042969e+02
3.552391815185546875e+02 9.680000305175781250e+02 2.130739593505859375e+02
3.545064926147460938e+02 9.675450897216796875e+02 2.145129394531250000e+02
3.546758270263671875e+02 9.690000152587890625e+02 2.138438224792480469e+02
3.544606781005859375e+02 9.682117462158203125e+02 2.144214630126953125e+02
3.542693710327148438e+02 9.679270935058593750e+02 2.149077606201171875e+02
3.544236755371093750e+02 9.690000152587890625e+02 2.143438148498535156e+02
3.541204452514648438e+02 9.690000152587890625e+02 2.150000000000000000e+02
3.544011688232421875e+02 9.700000000000000000e+02 2.142913246154785156e+02
3.540805816650390625e+02 9.700000000000000000e+02 2.150000000000000000e+02
3.544070434570312500e+02 9.710000610351562500e+02 2.143005180358886719e+02
3.546439361572265625e+02 9.700000000000000000e+02 2.137913131713867188e+02
3.550799560546875000e+02 9.700000000000000000e+02 2.129999923706054688e+02
3.546454238891601562e+02 9.710000610351562500e+02 2.138005065917968750e+02
3.550775146484375000e+02 9.710000610351562500e+02 2.129999923706054688e+02
3.554320907592773438e+02 9.710000610351562500e+02 2.123973464965820312e+02
3.554360198974609375e+02 9.700000000000000000e+02 2.124048233032226562e+02
3.554611206054687500e+02 9.720000457763671875e+02 2.124402046203613281e+02
3.557693481445312500e+02 9.710000610351562500e+02 2.118973541259765625e+02
3.557921981811523438e+02 9.720000457763671875e+02 2.119402122497558594e+02
3.557791519165039062e+02 9.700000000000000000e+02 2.119048309326171875e+02
3.562693405151367188e+02 9.710000610351562500e+02 2.111812210083007812e+02
3.562791824340820312e+02 9.700000000000000000e+02 2.111963653564453125e+02
3.562922286987304688e+02 9.720000457763671875e+02 2.112115097045898438e+02
3.566369247436523438e+02 9.710000610351562500e+02 2.106812095642089844e+02
3.566487884521484375e+02 9.700000000000000000e+02 2.106963729858398438e+02
3.571369171142578125e+02 9.710000610351562500e+02 2.100666999816894531e+02
3.566584777832031250e+02 9.720000457763671875e+02 2.107114982604980469e+02
3.571584701538085938e+02 9.720000457763671875e+02 2.100858116149902344e+02
3.567090606689453125e+02 9.730000305175781250e+02 2.107837867736816406e+02
3.572090911865234375e+02 9.730000305175781250e+02 2.101385307312011719e+02
3.563452911376953125e+02 9.730000305175781250e+02 2.112837791442871094e+02
3.572860336303710938e+02 9.740000152587890625e+02 2.102261924743652344e+02
3.576141357421875000e+02 9.730000305175781250e+02 2.096385192871093750e+02
3.575728988647460938e+02 9.720000457763671875e+02 2.095858001708984375e+02
3.581141662597656250e+02 9.730000305175781250e+02 2.090557289123535156e+02
3.580728912353515625e+02 9.720000457763671875e+02 2.090179634094238281e+02
3.585501480102539062e+02 9.730000305175781250e+02 2.085557174682617188e+02
3.585166168212890625e+02 9.720000457763671875e+02 2.085179710388183594e+02
3.590501403808593750e+02 9.730000305175781250e+02 2.080247116088867188e+02
3.591083526611328125e+02 9.720487976074218750e+02 2.079018211364746094e+02
3.595243835449218750e+02 9.730000305175781250e+02 2.075247192382812500e+02
3.591086959838867188e+02 9.740000152587890625e+02 2.080806350708007812e+02
3.595792770385742188e+02 9.740000152587890625e+02 2.075806236267089844e+02
3.600793075561523438e+02 9.740000152587890625e+02 2.071006965637207031e+02
3.596607589721679688e+02 9.750000000000000000e+02 2.076638412475585938e+02
3.601607513427734375e+02 9.750000000000000000e+02 2.071771812438964844e+02
3.602794647216796875e+02 9.760000610351562500e+02 2.072902679443359375e+02
3.607032394409179688e+02 9.750000000000000000e+02 2.066771888732910156e+02
3.606141662597656250e+02 9.740000152587890625e+02 2.066007041931152344e+02
3.612032699584960938e+02 9.750000000000000000e+02 2.062527275085449219e+02
3.611141586303710938e+02 9.740000152587890625e+02 2.061740684509277344e+02
3.613375091552734375e+02 9.760000610351562500e+02 2.063668441772460938e+02
3.618478393554687500e+02 9.750000000000000000e+02 2.057527351379394531e+02
3.617347717285156250e+02 9.740000152587890625e+02 2.056740570068359375e+02
3.623478698730468750e+02 9.750000000000000000e+02 2.053934478759765625e+02
3.622347640991210938e+02 9.740000152587890625e+02 2.053120803833007812e+02
3.621639251708984375e+02 9.730000305175781250e+02 2.052585601806640625e+02
3.630732727050781250e+02 9.740157318115234375e+02 2.047623443603515625e+02
3.628961944580078125e+02 9.730000305175781250e+02 2.047585678100585938e+02
3.634554672241210938e+02 9.736928558349609375e+02 2.044721984863281250e+02
3.635376739501953125e+02 9.743595123291015625e+02 2.045211219787597656e+02
3.639226150512695312e+02 9.740157318115234375e+02 2.042631530761718750e+02
3.639999771118164062e+02 9.730000305175781250e+02 2.040934944152832031e+02
3.650610351562500000e+02 9.740196990966796875e+02 2.036922645568847656e+02
3.648443222045898438e+02 9.730000305175781250e+02 2.036595916748046875e+02
3.654351043701171875e+02 9.736995697021484375e+02 2.034706306457519531e+02
3.655471038818359375e+02 9.743662261962890625e+02 2.035207176208496094e+02
3.659282684326171875e+02 9.740196990966796875e+02 2.033095550537109375e+02
3.659999847412109375e+02 9.730000305175781250e+02 2.031527137756347656e+02
3.661936569213867188e+02 9.750000000000000000e+02 2.033713340759277344e+02
3.670000076293945312e+02 9.740000152587890625e+02 2.028755760192871094e+02
3.670944595336914062e+02 9.729194641113281250e+02 2.026989746093750000e+02
3.677770614624023438e+02 9.740000152587890625e+02 2.025915908813476562e+02
3.682770538330078125e+02 9.740000152587890625e+02 2.024289512634277344e+02
3.676064682006835938e+02 9.731990814208984375e+02 2.025352287292480469e+02
3.679638671875000000e+02 9.729194641113281250e+02 2.023895645141601562e+02
3.679999923706054688e+02 9.720000457763671875e+02 2.023019981384277344e+02
3.689999771118164062e+02 9.730000305175781250e+02 2.020845985412597656e+02
3.674908065795898438e+02 9.725323486328125000e+02 2.024963569641113281e+02
3.674472808837890625e+02 9.720000457763671875e+02 2.024786949157714844e+02
3.673892974853515625e+02 9.710000610351562500e+02 2.024549865722656250e+02
3.669472885131835938e+02 9.720000457763671875e+02 2.026834297180175781e+02
3.659999847412109375e+02 9.720000457763671875e+02 2.030746650695800781e+02
3.668893051147460938e+02 9.710000610351562500e+02 2.026627922058105469e+02
3.668812561035156250e+02 9.700000000000000000e+02 2.026603317260742188e+02
3.659999847412109375e+02 9.710000610351562500e+02 2.030360984802246094e+02
3.652140426635742188e+02 9.710000610351562500e+02 2.033733177185058594e+02
3.659999847412109375e+02 9.700000000000000000e+02 2.030370140075683594e+02
3.659999847412109375e+02 9.690000152587890625e+02 2.030763626098632812e+02
3.652234649658203125e+02 9.700000000000000000e+02 2.033766746520996094e+02
3.652763366699218750e+02 9.690000152587890625e+02 2.033986854553222656e+02
3.647234725952148438e+02 9.700000000000000000e+02 2.036039543151855469e+02
3.639999771118164062e+02 9.700000000000000000e+02 2.039898490905761719e+02
3.647763442993164062e+02 9.690000152587890625e+02 2.036306190490722656e+02
3.647140502929687500e+02 9.710000610351562500e+02 2.035988998413085938e+02
3.647543334960937500e+02 9.720000457763671875e+02 2.036171340942382812e+02
3.639999771118164062e+02 9.710000610351562500e+02 2.039785385131835938e+02
3.639999771118164062e+02 9.720000457763671875e+02 2.040128517150878906e+02
3.633182525634765625e+02 9.710000610351562500e+02 2.043796348571777344e+02
3.633280944824218750e+02 9.700000000000000000e+02 2.043858909606933594e+02
3.628182601928710938e+02 9.710000610351562500e+02 2.047182655334472656e+02
3.633397674560546875e+02 9.720000457763671875e+02 2.043957138061523438e+02
3.628397369384765625e+02 9.720000457763671875e+02 2.047284889221191406e+02
3.633961868286132812e+02 9.730000305175781250e+02 2.044338989257812500e+02
3.621271133422851562e+02 9.720000457763671875e+02 2.052284812927246094e+02
3.616271209716796875e+02 9.720000457763671875e+02 2.055974197387695312e+02
3.621150970458984375e+02 9.710000610351562500e+02 2.052182579040527344e+02
3.621236801147460938e+02 9.700000000000000000e+02 2.052250480651855469e+02
3.616151046752929688e+02 9.710000610351562500e+02 2.055888938903808594e+02
3.616236877441406250e+02 9.700000000000000000e+02 2.055951690673828125e+02
3.610251998901367188e+02 9.710000610351562500e+02 2.060888862609863281e+02
3.610323333740234375e+02 9.700000000000000000e+02 2.060951805114746094e+02
3.605252075195312500e+02 9.710000610351562500e+02 2.065225982666015625e+02
3.610324859619140625e+02 9.720000457763671875e+02 2.060974311828613281e+02
3.605324935913085938e+02 9.720000457763671875e+02 2.065290069580078125e+02
3.610582351684570312e+02 9.730000305175781250e+02 2.061235809326171875e+02
3.605582427978515625e+02 9.730000305175781250e+02 2.065516662597656250e+02
3.616639328002929688e+02 9.730000305175781250e+02 2.056235885620117188e+02
3.600243759155273438e+02 9.730000305175781250e+02 2.070516777038574219e+02
3.599018096923828125e+02 9.720487976074218750e+02 2.071182823181152344e+02
3.594917678833007812e+02 9.717480468750000000e+02 2.074917793273925781e+02
3.600000000000000000e+02 9.710000610351562500e+02 2.070102691650390625e+02
3.595030212402343750e+02 9.724147033691406250e+02 2.075030517578125000e+02
3.594876480102539062e+02 9.710000610351562500e+02 2.074876594543457031e+02
3.599018096923828125e+02 9.699512481689453125e+02 2.071182823181152344e+02
3.594917678833007812e+02 9.702519989013671875e+02 2.074917793273925781e+02
3.600354385375976562e+02 9.690000152587890625e+02 2.070621299743652344e+02
3.595030212402343750e+02 9.695853424072265625e+02 2.075030517578125000e+02
3.605323410034179688e+02 9.700000000000000000e+02 2.065290069580078125e+02
3.605690765380859375e+02 9.690000152587890625e+02 2.065621376037597656e+02
3.610690689086914062e+02 9.690000152587890625e+02 2.061265754699707031e+02
3.606394577026367188e+02 9.680000305175781250e+02 2.066253852844238281e+02
3.601052856445312500e+02 9.680000305175781250e+02 2.071253776550292969e+02
3.607347106933593750e+02 9.670000457763671875e+02 2.067114448547363281e+02
3.611394500732421875e+02 9.680000305175781250e+02 2.061872482299804688e+02
3.612347030639648438e+02 9.670000457763671875e+02 2.062697219848632812e+02
3.617405319213867188e+02 9.680000305175781250e+02 2.056872558593750000e+02
3.618446350097656250e+02 9.670000457763671875e+02 2.057697105407714844e+02
3.622405242919921875e+02 9.680000305175781250e+02 2.053069686889648438e+02
3.616640472412109375e+02 9.690000152587890625e+02 2.056265830993652344e+02
3.621640396118164062e+02 9.690000152587890625e+02 2.052534866333007812e+02
3.628715896606445312e+02 9.690000152587890625e+02 2.047534942626953125e+02
3.629495239257812500e+02 9.680000305175781250e+02 2.048069763183593750e+02
3.633715820312500000e+02 9.690000152587890625e+02 2.044151687622070312e+02
3.628281021118164062e+02 9.700000000000000000e+02 2.047250556945800781e+02
3.639999771118164062e+02 9.690000152587890625e+02 2.040457916259765625e+02
3.634495162963867188e+02 9.680000305175781250e+02 2.044665908813476562e+02
3.634972763061523438e+02 9.674897003173828125e+02 2.044981956481933594e+02
3.639999771118164062e+02 9.680000305175781250e+02 2.041418647766113281e+02
3.639556884765625000e+02 9.670938110351562500e+02 2.042927551269531250e+02
3.648589706420898438e+02 9.680000305175781250e+02 2.036752700805664062e+02
3.650626754760742188e+02 9.669699859619140625e+02 2.037040519714355469e+02
3.653590011596679688e+02 9.680000305175781250e+02 2.034341049194335938e+02
3.654378128051757812e+02 9.672833251953125000e+02 2.034700965881347656e+02
3.659999847412109375e+02 9.680000305175781250e+02 2.031427192687988281e+02
3.659204483032226562e+02 9.669699859619140625e+02 2.032878303527832031e+02
3.670805358886718750e+02 9.679711914062500000e+02 2.026715278625488281e+02
3.670000076293945312e+02 9.670000457763671875e+02 2.027983474731445312e+02
3.674675750732421875e+02 9.682853698730468750e+02 2.024866485595703125e+02
3.675218582153320312e+02 9.676187133789062500e+02 2.025077247619628906e+02
3.669218444824218750e+02 9.690000152587890625e+02 2.026776695251464844e+02
3.674218368530273438e+02 9.690000152587890625e+02 2.024679565429687500e+02
3.673812866210937500e+02 9.700000000000000000e+02 2.024515151977539062e+02
3.679999923706054688e+02 9.690000152587890625e+02 2.022776031494140625e+02
3.679999923706054688e+02 9.700000000000000000e+02 2.022483825683593750e+02
3.689999771118164062e+02 9.690000152587890625e+02 2.019749832153320312e+02
3.679130935668945312e+02 9.679711914062500000e+02 2.023565101623535156e+02
3.681118011474609375e+02 9.670000457763671875e+02 2.023661231994628906e+02
3.689999771118164062e+02 9.680000305175781250e+02 2.020148277282714844e+02
3.700000000000000000e+02 9.680000305175781250e+02 2.017234420776367188e+02
3.689999771118164062e+02 9.670000457763671875e+02 2.020810890197753906e+02
3.689999771118164062e+02 9.660000610351562500e+02 2.021909523010253906e+02
3.700000000000000000e+02 9.670000457763671875e+02 2.017829513549804688e+02
3.700000000000000000e+02 9.660000610351562500e+02 2.018834495544433594e+02
3.707504272460937500e+02 9.670000457763671875e+02 2.015679931640625000e+02
3.712504196166992188e+02 9.670000457763671875e+02 2.014342117309570312e+02
3.706404876708984375e+02 9.680000305175781250e+02 2.015392494201660156e+02
3.710290527343750000e+02 9.659440612792968750e+02 2.015993309020996094e+02
3.709999847412109375e+02 9.650000000000000000e+02 2.017520713806152344e+02
3.713817977905273438e+02 9.662401580810546875e+02 2.014690971374511719e+02
3.715346145629882812e+02 9.655735015869140625e+02 2.015091896057128906e+02
3.717299652099609375e+02 9.650000000000000000e+02 2.015597915649414062e+02
3.719207763671875000e+02 9.659440612792968750e+02 2.013667869567871094e+02
3.720000076293945312e+02 9.670000457763671875e+02 2.012382125854492188e+02
3.729999923706054688e+02 9.660000610351562500e+02 2.011144828796386719e+02
3.722299575805664062e+02 9.650000000000000000e+02 2.014319610595703125e+02
3.724386215209960938e+02 9.644343566894531250e+02 2.014845657348632812e+02
3.729999923706054688e+02 9.650000000000000000e+02 2.012633323669433594e+02
3.739999771118164062e+02 9.650000000000000000e+02 2.010846519470214844e+02
3.730871582031250000e+02 9.640605926513671875e+02 2.014378738403320312e+02
3.734785842895507812e+02 9.634839630126953125e+02 2.014956665039062500e+02
3.728119277954101562e+02 9.637677001953125000e+02 2.015650177001953125e+02
3.739999771118164062e+02 9.640000152587890625e+02 2.012898635864257812e+02
3.739999771118164062e+02 9.633302307128906250e+02 2.014542007446289062e+02
3.750000000000000000e+02 9.640000152587890625e+02 2.011500549316406250e+02
3.750000000000000000e+02 9.650000000000000000e+02 2.009428596496582031e+02
3.759999847412109375e+02 9.640000152587890625e+02 2.010413551330566406e+02
3.750677490234375000e+02 9.629737854003906250e+02 2.014036560058593750e+02
3.759999847412109375e+02 9.630000305175781250e+02 2.012995338439941406e+02
3.770000076293945312e+02 9.630000305175781250e+02 2.012254905700683594e+02
3.770000076293945312e+02 9.640000152587890625e+02 2.009663009643554688e+02
3.779999923706054688e+02 9.630000305175781250e+02 2.011866950988769531e+02
3.770000076293945312e+02 9.622895050048828125e+02 2.014337348937988281e+02
3.779999923706054688e+02 9.622276306152343750e+02 2.014148521423339844e+02
3.789999771118164062e+02 9.622182464599609375e+02 2.014113807678222656e+02
3.789999771118164062e+02 9.630000305175781250e+02 2.011789321899414062e+02
3.800000000000000000e+02 9.622486114501953125e+02 2.014186096191406250e+02
3.800000000000000000e+02 9.617485809326171875e+02 2.015836143493652344e+02
3.800000000000000000e+02 9.630000305175781250e+02 2.011931610107421875e+02
3.809999847412109375e+02 9.623362731933593750e+02 2.014449501037597656e+02
3.816829681396484375e+02 9.624326324462890625e+02 2.014767265319824219e+02
3.789999771118164062e+02 9.640000152587890625e+02 2.009194755554199219e+02
3.779999923706054688e+02 9.640000152587890625e+02 2.009284019470214844e+02
3.779999923706054688e+02 9.650000000000000000e+02 2.007262992858886719e+02
3.770000076293945312e+02 9.650000000000000000e+02 2.007595634460449219e+02
3.759999847412109375e+02 9.650000000000000000e+02 2.008314132690429688e+02
3.770952224731445312e+02 9.660987854003906250e+02 2.005755805969238281e+02
3.774920272827148438e+02 9.664979553222656250e+02 2.004997062683105469e+02
3.768253707885742188e+02 9.666046905517578125e+02 2.005125808715820312e+02
3.759999847412109375e+02 9.660000610351562500e+02 2.006672286987304688e+02
3.759627914428710938e+02 9.669628143310546875e+02 2.005450820922851562e+02
3.750000000000000000e+02 9.660000610351562500e+02 2.007870101928710938e+02
3.739999771118164062e+02 9.660000610351562500e+02 2.009350013732910156e+02
3.750000000000000000e+02 9.670000457763671875e+02 2.006672286987304688e+02
3.750987625122070312e+02 9.680952453613281250e+02 2.005755805969238281e+02
3.739999771118164062e+02 9.670000457763671875e+02 2.008252716064453125e+02
3.739999771118164062e+02 9.680000305175781250e+02 2.007569694519042969e+02
3.729999923706054688e+02 9.670000457763671875e+02 2.010089492797851562e+02
3.729999923706054688e+02 9.680000305175781250e+02 2.009407997131347656e+02
3.729999923706054688e+02 9.690000152587890625e+02 2.009145736694335938e+02
3.720000076293945312e+02 9.680000305175781250e+02 2.011714172363281250e+02
3.720000076293945312e+02 9.690000152587890625e+02 2.011401176452636719e+02
3.711404800415039062e+02 9.680000305175781250e+02 2.014025688171386719e+02
3.710872650146484375e+02 9.690000152587890625e+02 2.013867759704589844e+02
3.705872344970703125e+02 9.690000152587890625e+02 2.015249633789062500e+02
3.710870742797851562e+02 9.700000000000000000e+02 2.013904571533203125e+02
3.705870819091796875e+02 9.700000000000000000e+02 2.015239334106445312e+02
3.711413192749023438e+02 9.710000610351562500e+02 2.014104652404785156e+02
3.720000076293945312e+02 9.700000000000000000e+02 2.011505699157714844e+02
3.720000076293945312e+02 9.710000610351562500e+02 2.011968994140625000e+02
3.729999923706054688e+02 9.700000000000000000e+02 2.009320449829101562e+02
3.729999923706054688e+02 9.710000610351562500e+02 2.009888076782226562e+02
3.739999771118164062e+02 9.700000000000000000e+02 2.007569694519042969e+02
3.739999771118164062e+02 9.690000152587890625e+02 2.007354354858398438e+02
3.739999771118164062e+02 9.710000610351562500e+02 2.008200073242187500e+02
3.750987625122070312e+02 9.699047851562500000e+02 2.005755805969238281e+02
3.750000000000000000e+02 9.710000610351562500e+02 2.006581497192382812e+02
3.756046295166015625e+02 9.701746368408203125e+02 2.005125808715820312e+02
3.754979324340820312e+02 9.695079803466796875e+02 2.004997062683105469e+02
3.749969100952148438e+02 9.690000152587890625e+02 2.005741882324218750e+02
3.754969024658203125e+02 9.690000152587890625e+02 2.004995536804199219e+02
3.759999847412109375e+02 9.690000152587890625e+02 2.004460716247558594e+02
3.754979324340820312e+02 9.684920501708984375e+02 2.004997062683105469e+02
3.759627914428710938e+02 9.680952453613281250e+02 2.004627227783203125e+02
3.762712860107421875e+02 9.672713470458984375e+02 2.004738235473632812e+02
3.756046295166015625e+02 9.678253936767578125e+02 2.005125808715820312e+02
3.770000076293945312e+02 9.680000305175781250e+02 2.003975486755371094e+02
3.770952224731445312e+02 9.669628143310546875e+02 2.004627227783203125e+02
3.779999923706054688e+02 9.680000305175781250e+02 2.003852462768554688e+02
3.770000076293945312e+02 9.690000152587890625e+02 2.003878402709960938e+02
3.770000076293945312e+02 9.700000000000000000e+02 2.003975486755371094e+02
3.779999923706054688e+02 9.690000152587890625e+02 2.003826522827148438e+02
3.779999923706054688e+02 9.700000000000000000e+02 2.003852462768554688e+02
3.789999771118164062e+02 9.690000152587890625e+02 2.003826522827148438e+02
3.789999771118164062e+02 9.700000000000000000e+02 2.003826522827148438e+02
3.800000000000000000e+02 9.690000152587890625e+02 2.003826522827148438e+02
3.800000000000000000e+02 9.700000000000000000e+02 2.003852462768554688e+02
3.809999847412109375e+02 9.690000152587890625e+02 2.003852462768554688e+02
3.809999847412109375e+02 9.700000000000000000e+02 2.003913879394531250e+02
3.820000076293945312e+02 9.690000152587890625e+02 2.004141616821289062e+02
3.820000076293945312e+02 9.680000305175781250e+02 2.004393577575683594e+02
3.820000076293945312e+02 9.700000000000000000e+02 2.004220390319824219e+02
3.827429962158203125e+02 9.690000152587890625e+02 2.004702377319335938e+02
3.826134109497070312e+02 9.680000305175781250e+02 2.004857444763183594e+02
3.827077865600585938e+02 9.700000000000000000e+02 2.004745483398437500e+02
3.825889205932617188e+02 9.706290435791015625e+02 2.004887771606445312e+02
3.819610595703125000e+02 9.709774780273437500e+02 2.004700279235839844e+02
3.809999847412109375e+02 9.710000610351562500e+02 2.004288673400878906e+02
3.816017913818359375e+02 9.715592193603515625e+02 2.004921913146972656e+02
3.822684478759765625e+02 9.712957763671875000e+02 2.005185890197753906e+02
3.819610595703125000e+02 9.719355010986328125e+02 2.005745887756347656e+02
3.820000076293945312e+02 9.730000305175781250e+02 2.007435417175292969e+02
3.829999923706054688e+02 9.720000457763671875e+02 2.006950759887695312e+02
3.809999847412109375e+02 9.721712493896484375e+02 2.005439376831054688e+02
3.800000000000000000e+02 9.723053741455078125e+02 2.005242919921875000e+02
3.809999847412109375e+02 9.716712188720703125e+02 2.004788017272949219e+02
3.800000000000000000e+02 9.718053436279296875e+02 2.004640769958496094e+02
3.789999771118164062e+02 9.718570709228515625e+02 2.004588127136230469e+02
3.800000000000000000e+02 9.710000610351562500e+02 2.004080009460449219e+02
3.789999771118164062e+02 9.710000610351562500e+02 2.004001426696777344e+02
3.779999923706054688e+02 9.710000610351562500e+02 2.004080009460449219e+02
3.770000076293945312e+02 9.710000610351562500e+02 2.004367446899414062e+02
3.779999923706054688e+02 9.718053436279296875e+02 2.004640769958496094e+02
3.770000076293945312e+02 9.716383361816406250e+02 2.004831314086914062e+02
3.779999923706054688e+02 9.723053741455078125e+02 2.005242919921875000e+02
3.779999923706054688e+02 9.730000305175781250e+02 2.006271743774414062e+02
3.789999771118164062e+02 9.723571014404296875e+02 2.005173301696777344e+02
3.770000076293945312e+02 9.721383666992187500e+02 2.005487060546875000e+02
3.770000076293945312e+02 9.730000305175781250e+02 2.006777381896972656e+02
3.760902404785156250e+02 9.719092559814453125e+02 2.006023025512695312e+02
3.764837265014648438e+02 9.715153503417968750e+02 2.004979515075683594e+02
3.758162689208984375e+02 9.710000610351562500e+02 2.005404853820800781e+02
3.750000000000000000e+02 9.720000457763671875e+02 2.007631111145019531e+02
3.759999847412109375e+02 9.730000305175781250e+02 2.007714462280273438e+02
3.750000000000000000e+02 9.730000305175781250e+02 2.008959960937500000e+02
3.739999771118164062e+02 9.730000305175781250e+02 2.010375595092773438e+02
3.750000000000000000e+02 9.740000152587890625e+02 2.010456466674804688e+02
3.739999771118164062e+02 9.740000152587890625e+02 2.011788940429687500e+02
3.729999923706054688e+02 9.740000152587890625e+02 2.013240242004394531e+02
3.739498138427734375e+02 9.750704193115234375e+02 2.013831329345703125e+02
3.729999923706054688e+02 9.747483062744140625e+02 2.014489364624023438e+02
3.724528884887695312e+02 9.745471191406250000e+02 2.014905166625976562e+02
3.722517013549804688e+02 9.740000152587890625e+02 2.014489364624023438e+02
3.720717239379882812e+02 9.749282836914062500e+02 2.016459274291992188e+02
3.709999847412109375e+02 9.750000000000000000e+02 2.018798637390136719e+02
3.717517089843750000e+02 9.740000152587890625e+02 2.015530967712402344e+02
3.709999847412109375e+02 9.740000152587890625e+02 2.017143630981445312e+02
3.715493774414062500e+02 9.734041595458984375e+02 2.015108299255371094e+02
3.710317993164062500e+02 9.730425262451171875e+02 2.015871429443359375e+02
3.719296264648437500e+02 9.730425262451171875e+02 2.013899993896484375e+02
3.713863372802734375e+02 9.727375030517578125e+02 2.014747047424316406e+02
3.720000076293945312e+02 9.720000457763671875e+02 2.012697601318359375e+02
3.729999923706054688e+02 9.730000305175781250e+02 2.011876106262207031e+02
3.729999923706054688e+02 9.720000457763671875e+02 2.010752487182617188e+02
3.739999771118164062e+02 9.720000457763671875e+02 2.009164428710937500e+02
3.712548828125000000e+02 9.720000457763671875e+02 2.014426422119140625e+02
3.707548904418945312e+02 9.720000457763671875e+02 2.015604209899902344e+02
3.706413269042968750e+02 9.710000610351562500e+02 2.015362358093261719e+02
3.700000000000000000e+02 9.720000457763671875e+02 2.017411041259765625e+02
3.700000000000000000e+02 9.710000610351562500e+02 2.016954231262207031e+02
3.689999771118164062e+02 9.720000457763671875e+02 2.020039749145507812e+02
3.700000000000000000e+02 9.730000305175781250e+02 2.018206977844238281e+02
3.700000000000000000e+02 9.740000152587890625e+02 2.019424819946289062e+02
3.689999771118164062e+02 9.740000152587890625e+02 2.022101783752441406e+02
3.700000000000000000e+02 9.750000000000000000e+02 2.021075439453125000e+02
3.689847183227539062e+02 9.749690246582031250e+02 2.023785209655761719e+02
3.699555587768554688e+02 9.760407257080078125e+02 2.023419761657714844e+02
3.709999847412109375e+02 9.760000610351562500e+02 2.020872879028320312e+02
3.702592849731445312e+02 9.767112731933593750e+02 2.024361228942871094e+02
3.710004425048828125e+02 9.770267486572265625e+02 2.023585700988769531e+02
3.684296417236328125e+02 9.746150207519531250e+02 2.024773979187011719e+02
3.689999771118164062e+02 9.710000610351562500e+02 2.019603157043457031e+02
3.689999771118164062e+02 9.700000000000000000e+02 2.019513702392578125e+02
3.679999923706054688e+02 9.710000610351562500e+02 2.022561264038085938e+02
3.700000000000000000e+02 9.700000000000000000e+02 2.016784477233886719e+02
3.700000000000000000e+02 9.690000152587890625e+02 2.016902923583984375e+02
3.763162612915039062e+02 9.710000610351562500e+02 2.004788208007812500e+02
3.759627914428710938e+02 9.699047851562500000e+02 2.004627227783203125e+02
3.829999923706054688e+02 9.730000305175781250e+02 2.008540534973144531e+02
3.839999771118164062e+02 9.730000305175781250e+02 2.009889411926269531e+02
3.720631790161132812e+02 9.640605926513671875e+02 2.016688728332519531e+02
3.709999847412109375e+02 9.640000152587890625e+02 2.019555854797363281e+02
3.699008560180664062e+02 9.639011383056640625e+02 2.022891998291015625e+02
3.709999847412109375e+02 9.630000305175781250e+02 2.022009277343750000e+02
3.702250671386718750e+02 9.630000305175781250e+02 2.024167442321777344e+02
3.695014190673828125e+02 9.635018920898437500e+02 2.025004577636718750e+02
3.700000000000000000e+02 9.650000000000000000e+02 2.020341300964355469e+02
3.692741775512695312e+02 9.641686248779296875e+02 2.024243164062500000e+02
3.689645004272460938e+02 9.650147247314453125e+02 2.023573875427246094e+02
3.689645004272460938e+02 9.639011383056640625e+02 2.025951576232910156e+02
3.679999923706054688e+02 9.640000152587890625e+02 2.029363441467285156e+02
3.686075210571289062e+02 9.646912384033203125e+02 2.025378227233886719e+02
3.680569458007812500e+02 9.650147247314453125e+02 2.026844787597656250e+02
3.670000076293945312e+02 9.650000000000000000e+02 2.031263160705566406e+02
3.684282302856445312e+02 9.653578948974609375e+02 2.024731636047363281e+02
3.677915954589843750e+02 9.660000610351562500e+02 2.026107978820800781e+02
3.682915878295898438e+02 9.660000610351562500e+02 2.024247932434082031e+02
3.676118087768554688e+02 9.670000457763671875e+02 2.025411224365234375e+02
3.670000076293945312e+02 9.660000610351562500e+02 2.029394149780273438e+02
3.661431121826171875e+02 9.660000610351562500e+02 2.033286094665527344e+02
3.656431198120117188e+02 9.660000610351562500e+02 2.035728454589843750e+02
3.663459777832031250e+02 9.650000000000000000e+02 2.034240722656250000e+02
3.664712524414062500e+02 9.644455718994140625e+02 2.034855651855468750e+02
3.658459854125976562e+02 9.650000000000000000e+02 2.036779785156250000e+02
3.660827636718750000e+02 9.640673828125000000e+02 2.037891578674316406e+02
3.649092102050781250e+02 9.649201965332031250e+02 2.041969490051269531e+02
3.643781661987304688e+02 9.652002716064453125e+02 2.044242477416992188e+02
3.651502227783203125e+02 9.640000152587890625e+02 2.043037033081054688e+02
3.645153427124023438e+02 9.645336151123046875e+02 2.045090484619140625e+02
3.650000000000000000e+02 9.660000610351562500e+02 2.039074325561523438e+02
3.642282485961914062e+02 9.660000610351562500e+02 2.043345832824707031e+02
3.637282562255859375e+02 9.660000610351562500e+02 2.046453094482421875e+02
3.640269088745117188e+02 9.649201965332031250e+02 2.047225379943847656e+02
3.629294967651367188e+02 9.659829711914062500e+02 2.051873207092285156e+02
3.635927963256835938e+02 9.668230438232421875e+02 2.045581436157226562e+02
3.630983734130859375e+02 9.670938110351562500e+02 2.048414993286132812e+02
3.623446273803710938e+02 9.670000457763671875e+02 2.053832626342773438e+02
3.624360275268554688e+02 9.663049316406250000e+02 2.054517936706542969e+02
3.620616149902343750e+02 9.659829711914062500e+02 2.058281707763671875e+02
3.613657760620117188e+02 9.660000610351562500e+02 2.063831901550292969e+02
3.625491714477539062e+02 9.656382751464843750e+02 2.055360031127929688e+02
3.619498443603515625e+02 9.650339508056640625e+02 2.061810111999511719e+02
3.622314834594726562e+02 9.640000152587890625e+02 2.062832069396972656e+02
3.614616012573242188e+02 9.653898620605468750e+02 2.064665031433105469e+02
3.615830612182617188e+02 9.647232055664062500e+02 2.065712547302246094e+02
3.626729965209960938e+02 9.650000000000000000e+02 2.056263732910156250e+02
3.628832626342773438e+02 9.640000152587890625e+02 2.057832145690917969e+02
3.631729888916015625e+02 9.650000000000000000e+02 2.052713966369628906e+02
3.633832550048828125e+02 9.640000152587890625e+02 2.054176139831542969e+02
3.634961700439453125e+02 9.634925079345703125e+02 2.054972267150878906e+02
3.639999771118164062e+02 9.640000152587890625e+02 2.050077247619628906e+02
3.640050888061523438e+02 9.630954742431640625e+02 2.053007316589355469e+02
3.646502304077148438e+02 9.640000152587890625e+02 2.045900917053222656e+02
3.650109481811523438e+02 9.629430389404296875e+02 2.047172355651855469e+02
3.649198532104492188e+02 9.619317626953125000e+02 2.051406288146972656e+02
3.653516006469726562e+02 9.632383728027343750e+02 2.044143867492675781e+02
3.655446243286132812e+02 9.625717163085937500e+02 2.045247268676757812e+02
3.657367706298828125e+02 9.620000457763671875e+02 2.046310997009277344e+02
3.659267807006835938e+02 9.629430389404296875e+02 2.042038536071777344e+02
3.662367630004882812e+02 9.620000457763671875e+02 2.043611145019531250e+02
3.669966888427734375e+02 9.629412841796875000e+02 2.036682891845703125e+02
3.673278427124023438e+02 9.632354736328125000e+02 2.034212684631347656e+02
3.666611480712890625e+02 9.637789154052734375e+02 2.035769844055175781e+02
3.669966888427734375e+02 9.640673828125000000e+02 2.033455276489257812e+02
3.664376831054687500e+02 9.614181518554687500e+02 2.044664382934570312e+02
3.660626220703125000e+02 9.610508728027343750e+02 2.048294067382812500e+02
3.652251434326171875e+02 9.610000610351562500e+02 2.053317070007324219e+02
3.667053604125976562e+02 9.607514953613281250e+02 2.046067428588867188e+02
3.654337692260742188e+02 9.604109954833984375e+02 2.054588699340820312e+02
3.647251510620117188e+02 9.610000610351562500e+02 2.056441688537597656e+02
3.645330810546875000e+02 9.615528869628906250e+02 2.055213165283203125e+02
3.639619827270507812e+02 9.609945678710937500e+02 2.061665534973144531e+02
3.650602340698242188e+02 9.600466156005859375e+02 2.058715057373046875e+02
3.643258666992187500e+02 9.600000000000000000e+02 2.063770294189453125e+02
3.638258361816406250e+02 9.600000000000000000e+02 2.067423820495605469e+02
3.644978332519531250e+02 9.594971466064453125e+02 2.064984512329101562e+02
3.640626144409179688e+02 9.590857696533203125e+02 2.070462417602539062e+02
3.633929443359375000e+02 9.593409729003906250e+02 2.074123954772949219e+02
3.636273956298828125e+02 9.586743164062500000e+02 2.076006507873535156e+02
3.639764404296875000e+02 9.579440307617187500e+02 2.077713584899902344e+02
3.629758834838867188e+02 9.589641571044921875e+02 2.079803466796875000e+02
3.623482894897460938e+02 9.592539978027343750e+02 2.083600425720214844e+02
3.632698059082031250e+02 9.580000305175781250e+02 2.083048057556152344e+02
3.626801300048828125e+02 9.600000000000000000e+02 2.076539230346679688e+02
3.625587844848632812e+02 9.585873413085937500e+02 2.085533142089843750e+02
3.619454193115234375e+02 9.589115142822265625e+02 2.089489746093750000e+02
3.627698135375976562e+02 9.580000305175781250e+02 2.087435150146484375e+02
3.622333908081054688e+02 9.580000305175781250e+02 2.092435073852539062e+02
3.630765914916992188e+02 9.571009063720703125e+02 2.090703010559082031e+02
3.626855468750000000e+02 9.567430877685546875e+02 2.096756172180175781e+02
3.637472915649414062e+02 9.567919921875000000e+02 2.087025642395019531e+02
3.634676361083984375e+02 9.574586486816406250e+02 2.084724235534667969e+02
3.624353408813476562e+02 9.574098205566406250e+02 2.094380378723144531e+02
3.633522033691406250e+02 9.563243103027343750e+02 2.093692398071289062e+02
3.629821777343750000e+02 9.559787750244140625e+02 2.099840354919433594e+02
3.640291976928710938e+02 9.560314178466796875e+02 2.090239906311035156e+02
3.636444473266601562e+02 9.556576538085937500e+02 2.096257781982421875e+02
3.644139480590820312e+02 9.564052581787109375e+02 2.084326934814453125e+02
3.647320175170898438e+02 9.557386016845703125e+02 2.086787414550781250e+02
3.643111419677734375e+02 9.553041839599609375e+02 2.093454170227050781e+02
3.650195693969726562e+02 9.550199890136718750e+02 2.090158462524414062e+02
3.653071212768554688e+02 9.543250274658203125e+02 2.093529510498046875e+02
3.646404266357421875e+02 9.546375274658203125e+02 2.096153640747070312e+02
3.653986740112304688e+02 9.554025268554687500e+02 2.084263038635253906e+02
3.657687759399414062e+02 9.547358703613281250e+02 2.086862754821777344e+02
3.660655593872070312e+02 9.540530395507812500e+02 2.090464401245117188e+02
3.660612487792968750e+02 9.550415039062500000e+02 2.082539367675781250e+02
3.664354324340820312e+02 9.544477081298828125e+02 2.084572219848632812e+02
3.659258270263671875e+02 9.559341430664062500e+02 2.076968193054199219e+02
3.669387435913085938e+02 9.549697875976562500e+02 2.077509689331054688e+02
3.670000076293945312e+02 9.542340087890625000e+02 2.082839202880859375e+02
3.676554489135742188e+02 9.546163177490234375e+02 2.075880050659179688e+02
3.679335403442382812e+02 9.539547729492187500e+02 2.079644012451171875e+02
3.682116317749023438e+02 9.533171081542968750e+02 2.083407783508300781e+02
3.675449752807617188e+02 9.535309600830078125e+02 2.085264778137207031e+02
3.679269790649414062e+02 9.529902648925781250e+02 2.087922477722167969e+02
3.670000076293945312e+02 9.537339782714843750e+02 2.086997985839843750e+02
3.670912551879882812e+02 9.530379486083984375e+02 2.092541313171386719e+02
3.663623809814453125e+02 9.533965301513671875e+02 2.094065856933593750e+02
3.668187713623046875e+02 9.527298736572265625e+02 2.097208213806152344e+02
3.674854278564453125e+02 9.524901580810546875e+02 2.094904708862304688e+02
3.679999923706054688e+02 9.523404693603515625e+02 2.093454360961914062e+02
3.691113662719726562e+02 9.520533752441406250e+02 2.090540313720703125e+02
3.694382095336914062e+02 9.514720916748046875e+02 2.094712638854980469e+02
3.687715530395507812e+02 9.516304779052734375e+02 2.096346282958984375e+02
3.700000000000000000e+02 9.518520355224609375e+02 2.088478660583496094e+02
3.687845611572265625e+02 9.526504516601562500e+02 2.086367797851562500e+02
3.694512176513671875e+02 9.524762725830078125e+02 2.084776878356933594e+02
3.700000000000000000e+02 9.523519897460937500e+02 2.083603096008300781e+02
3.690707397460937500e+02 9.529902648925781250e+02 2.082023429870605469e+02
3.709999847412109375e+02 9.521426391601562500e+02 2.081631660461425781e+02
3.709999847412109375e+02 9.516426849365234375e+02 2.086422538757324219e+02
3.719625091552734375e+02 9.519875335693359375e+02 2.079904365539550781e+02
3.722662734985351562e+02 9.514338684082031250e+02 2.084327125549316406e+02
3.715996170043945312e+02 9.515304565429687500e+02 2.085304450988769531e+02
3.729999923706054688e+02 9.513394927978515625e+02 2.083357620239257812e+02
3.739999771118164062e+02 9.512409973144531250e+02 2.082327651977539062e+02
3.660205459594726562e+02 9.530159759521484375e+02 2.100148773193359375e+02
3.656956863403320312e+02 9.536583709716796875e+02 2.096422576904296875e+02
3.650392150878906250e+02 9.560431671142578125e+02 2.082326126098632812e+02
3.640483856201171875e+02 9.570751953125000000e+02 2.082705879211425781e+02
3.623432540893554688e+02 9.562998962402343750e+02 2.103422927856445312e+02
3.620559692382812500e+02 9.570782470703125000e+02 2.100566101074218750e+02
3.616765975952148438e+02 9.567467498779296875e+02 2.106901931762695312e+02
3.614411926269531250e+02 9.574134063720703125e+02 2.104376029968261719e+02
3.617333984375000000e+02 9.580000305175781250e+02 2.097359275817871094e+02
3.612549972534179688e+02 9.580000305175781250e+02 2.102359199523925781e+02
3.615425491333007812e+02 9.585690307617187500e+02 2.095436286926269531e+02
3.609566497802734375e+02 9.589230346679687500e+02 2.099521636962890625e+02
3.613478851318359375e+02 9.592356872558593750e+02 2.093446350097656250e+02
3.606812286376953125e+02 9.598291015625000000e+02 2.096940231323242188e+02
3.602481460571289062e+02 9.600974273681640625e+02 2.100164222717285156e+02
3.610847854614257812e+02 9.601540374755859375e+02 2.090877723693847656e+02
3.614883422851562500e+02 9.604790496826171875e+02 2.084884643554687500e+02
3.604977416992187500e+02 9.604957580566406250e+02 2.094975852966308594e+02
3.616816329956054688e+02 9.598123168945312500e+02 2.086779594421386719e+02
3.608465576171875000e+02 9.610000610351562500e+02 2.088566207885742188e+02
3.606403732299804688e+02 9.618083190917968750e+02 2.086445808410644531e+02
3.613465499877929688e+02 9.610000610351562500e+02 2.083499526977539062e+02
3.603673934936523438e+02 9.610000610351562500e+02 2.093566131591796875e+02
3.598175811767578125e+02 9.609455871582031250e+02 2.100103569030761719e+02
3.601979446411132812e+02 9.620850372314453125e+02 2.089867401123046875e+02
3.596306610107421875e+02 9.620000457763671875e+02 2.096512794494628906e+02
3.604890441894531250e+02 9.624750518798828125e+02 2.084887313842773438e+02
3.598116683959960938e+02 9.629216766357421875e+02 2.090189361572265625e+02
3.603779983520507812e+02 9.630000305175781250e+02 2.083746528625488281e+02
3.595154190063476562e+02 9.625360870361328125e+02 2.095177841186523438e+02
3.596740341186523438e+02 9.640000152587890625e+02 2.086902427673339844e+02
3.593814086914062500e+02 9.632027435302734375e+02 2.093649101257324219e+02
3.592314529418945312e+02 9.640000152587890625e+02 2.091902542114257812e+02
3.589770126342773438e+02 9.629402160644531250e+02 2.099713897705078125e+02
3.584392166137695312e+02 9.633443450927734375e+02 2.104249954223632812e+02
3.592114257812500000e+02 9.620000457763671875e+02 2.101512908935546875e+02
3.585726165771484375e+02 9.626776885986328125e+02 2.105904197692871094e+02
3.587314224243164062e+02 9.640000152587890625e+02 2.097790145874023438e+02
3.585938644409179688e+02 9.647846984863281250e+02 2.096136856079101562e+02
3.583225631713867188e+02 9.640000152587890625e+02 2.102790260314941406e+02
3.582156753540039062e+02 9.650708007812500000e+02 2.099682044982910156e+02
3.584844207763671875e+02 9.654513549804687500e+02 2.094815826416015625e+02
3.576562500000000000e+02 9.650000000000000000e+02 2.107020950317382812e+02
3.578561019897460938e+02 9.660031890869140625e+02 2.100657844543457031e+02
3.584070587158203125e+02 9.660000610351562500e+02 2.093906021118164062e+02
3.575508117675781250e+02 9.656719970703125000e+02 2.105651473999023438e+02
3.574543762207031250e+02 9.663386535644531250e+02 2.104430007934570312e+02
3.577819442749023438e+02 9.670000457763671875e+02 2.098428916931152344e+02
3.582819366455078125e+02 9.670000457763671875e+02 2.092462348937988281e+02
3.573724746704101562e+02 9.670000457763671875e+02 2.103429031372070312e+02
3.576842117309570312e+02 9.680000305175781250e+02 2.097192573547363281e+02
3.572690582275390625e+02 9.680000305175781250e+02 2.102192497253417969e+02
3.581842041015625000e+02 9.680000305175781250e+02 2.091378784179687500e+02
3.576121902465820312e+02 9.690000152587890625e+02 2.096317291259765625e+02
3.571944427490234375e+02 9.690000152587890625e+02 2.101317214965820312e+02
3.581121826171875000e+02 9.690000152587890625e+02 2.090595626831054688e+02
3.575695800781250000e+02 9.700000000000000000e+02 2.095807838439941406e+02
3.571488189697265625e+02 9.700000000000000000e+02 2.100807762145996094e+02
3.580696105957031250e+02 9.700000000000000000e+02 2.090158462524414062e+02
3.575577163696289062e+02 9.710000610351562500e+02 2.095666885375976562e+02
3.580577087402343750e+02 9.710000610351562500e+02 2.090052604675292969e+02
3.585049438476562500e+02 9.710000610351562500e+02 2.085052490234375000e+02
3.589926147460937500e+02 9.710000610351562500e+02 2.079999923706054688e+02
3.585147476196289062e+02 9.700000000000000000e+02 2.085158538818359375e+02
3.591068649291992188e+02 9.699512481689453125e+02 2.079018211364746094e+02
3.585548400878906250e+02 9.690000152587890625e+02 2.085595703125000000e+02
3.586246871948242188e+02 9.680000305175781250e+02 2.086378669738769531e+02
3.590548324584960938e+02 9.690000152587890625e+02 2.080357360839843750e+02
3.591246795654296875e+02 9.680000305175781250e+02 2.081064033508300781e+02
3.595354080200195312e+02 9.690000152587890625e+02 2.075357437133789062e+02
3.596052932739257812e+02 9.680000305175781250e+02 2.076064109802246094e+02
3.596975326538085938e+02 9.670000457763671875e+02 2.077006530761718750e+02
3.598236465454101562e+02 9.660000610351562500e+02 2.078299140930175781e+02
3.592181396484375000e+02 9.670000457763671875e+02 2.082006454467773438e+02
3.601975250244140625e+02 9.670000457763671875e+02 2.072114372253417969e+02
3.603236389160156250e+02 9.660000610351562500e+02 2.073303794860839844e+02
3.604309844970703125e+02 9.652915191650390625e+02 2.074332046508789062e+02
3.608657836914062500e+02 9.660000610351562500e+02 2.068303871154785156e+02
3.610031127929687500e+02 9.650073242187500000e+02 2.070022392272949219e+02
3.611706542968750000e+02 9.640000152587890625e+02 2.071990394592285156e+02
3.605446243286132812e+02 9.646247863769531250e+02 2.075427436828613281e+02
3.606706237792968750e+02 9.640000152587890625e+02 2.076651573181152344e+02
3.599906921386718750e+02 9.649698638916015625e+02 2.079895210266113281e+02
3.601740264892578125e+02 9.640000152587890625e+02 2.081651496887207031e+02
3.594405364990234375e+02 9.653149414062500000e+02 2.084362792968750000e+02
3.595504379272460938e+02 9.646482849121093750e+02 2.085554313659667969e+02
3.590171813964843750e+02 9.650498199462890625e+02 2.090184974670410156e+02
3.588411331176757812e+02 9.660000610351562500e+02 2.088906097412109375e+02
3.587181472778320312e+02 9.670000457763671875e+02 2.087462425231933594e+02
3.593411636352539062e+02 9.660000610351562500e+02 2.083299255371093750e+02
3.608856201171875000e+02 9.630000305175781250e+02 2.078746414184570312e+02
3.610691452026367188e+02 9.621519470214843750e+02 2.080667495727539062e+02
3.613856124877929688e+02 9.630000305175781250e+02 2.073941421508789062e+02
3.614979171752929688e+02 9.624954986572265625e+02 2.074980545043945312e+02
3.620353317260742188e+02 9.629622650146484375e+02 2.068406867980957031e+02
3.619944763183593750e+02 9.620973205566406250e+02 2.072321701049804688e+02
3.623922348022460938e+02 9.632704162597656250e+02 2.064117813110351562e+02
3.617314529418945312e+02 9.640000152587890625e+02 2.066990470886230469e+02
3.625532150268554688e+02 9.626037597656250000e+02 2.065422821044921875e+02
3.627096557617187500e+02 9.620000457763671875e+02 2.066666603088378906e+02
3.630246734619140625e+02 9.630480957031250000e+02 2.060174751281738281e+02
3.632096481323242188e+02 9.620000457763671875e+02 2.062814140319824219e+02
3.636751174926757812e+02 9.628258514404296875e+02 2.056231880187988281e+02
3.640050888061523438e+02 9.619317626953125000e+02 2.057379341125488281e+02
3.643417739868164062e+02 9.622195434570312500e+02 2.053928947448730469e+02
3.633930206298828125e+02 9.613242340087890625e+02 2.064187049865722656e+02
3.629534530639648438e+02 9.609232330322265625e+02 2.069620132446289062e+02
3.625138854980468750e+02 9.605222320556640625e+02 2.075118446350097656e+02
3.631801223754882812e+02 9.600000000000000000e+02 2.072423744201660156e+02
3.636032867431640625e+02 9.606575012207031250e+02 2.065774345397949219e+02
3.623241424560546875e+02 9.611888885498046875e+02 2.073465919494628906e+02
3.619944763183593750e+02 9.609133911132812500e+02 2.077870559692382812e+02
3.616574859619140625e+02 9.618288421630859375e+02 2.076447868347167969e+02
3.620089721679687500e+02 9.600874328613281250e+02 2.082162094116210938e+02
3.566944503784179688e+02 9.690000152587890625e+02 2.107558822631835938e+02
3.567690658569335938e+02 9.680000305175781250e+02 2.108549118041992188e+02
3.563212203979492188e+02 9.690000152587890625e+02 2.112558746337890625e+02
3.563929748535156250e+02 9.680000305175781250e+02 2.113549041748046875e+02
3.557578277587890625e+02 9.689076995849609375e+02 2.120697212219238281e+02
3.554658508300781250e+02 9.691794586181640625e+02 2.124495506286621094e+02
3.559405517578125000e+02 9.680000305175781250e+02 2.119999885559082031e+02
3.555014419555664062e+02 9.685128021240234375e+02 2.125022506713867188e+02
3.552201461791992188e+02 9.689076995849609375e+02 2.129013442993164062e+02
3.555475616455078125e+02 9.680000305175781250e+02 2.125739479064941406e+02
3.556538009643554688e+02 9.670000457763671875e+02 2.127369117736816406e+02
3.561979293823242188e+02 9.669940948486328125e+02 2.119328498840332031e+02
3.564581680297851562e+02 9.673234558105468750e+02 2.114432716369628906e+02
3.565386199951171875e+02 9.666567993164062500e+02 2.115547561645507812e+02
3.568211746215820312e+02 9.669940948486328125e+02 2.110659599304199219e+02
3.571751022338867188e+02 9.660031890869140625e+02 2.109390830993652344e+02
3.607549667358398438e+02 9.580000305175781250e+02 2.107894134521484375e+02
3.610749816894531250e+02 9.571093750000000000e+02 2.110841178894042969e+02
3.604815673828125000e+02 9.574720764160156250e+02 2.114780426025390625e+02
3.613754272460937500e+02 9.563280487060546875e+02 2.113568496704101562e+02
3.607087707519531250e+02 9.568053436279296875e+02 2.117546653747558594e+02
3.610264205932617188e+02 9.560361480712890625e+02 2.120322227478027344e+02
3.606773757934570312e+02 9.557442474365234375e+02 2.127320098876953125e+02
3.604382705688476562e+02 9.564109039306640625e+02 2.124213409423828125e+02
3.610151672363281250e+02 9.550193786621093750e+02 2.130195617675781250e+02
3.604262924194335938e+02 9.554025268554687500e+02 2.133986854553222656e+02
3.655340957641601562e+02 9.666166687011718750e+02 2.035170364379882812e+02
3.652543258666992188e+02 9.720000457763671875e+02 2.033912277221679688e+02
3.653443145751953125e+02 9.730000305175781250e+02 2.034304046630859375e+02
3.540977478027343750e+02 9.710000610351562500e+02 2.150000000000000000e+02
3.544366836547851562e+02 9.720000457763671875e+02 2.143646240234375000e+02
3.541626739501953125e+02 9.720000457763671875e+02 2.150000000000000000e+02
3.537659072875976562e+02 9.720000457763671875e+02 2.159999847412109375e+02
3.543093872070312500e+02 9.730284118652343750e+02 2.149243354797363281e+02
3.538911819458007812e+02 9.730000305175781250e+02 2.159999847412109375e+02
3.543709182739257812e+02 9.740000152587890625e+02 2.151832199096679688e+02
3.540719604492187500e+02 9.740000152587890625e+02 2.159999847412109375e+02
3.544472503662109375e+02 9.746962738037109375e+02 2.153704071044921875e+02
3.543269729614257812e+02 9.750177764892578125e+02 2.159677696228027344e+02
3.545384216308593750e+02 9.753629302978515625e+02 2.156129646301269531e+02
3.544281387329101562e+02 9.757203674316406250e+02 2.162796401977539062e+02
3.540154647827148438e+02 9.750000000000000000e+02 2.169999885559082031e+02
3.543312835693359375e+02 9.760322570800781250e+02 2.169849395751953125e+02
3.540850448608398438e+02 9.760000610351562500e+02 2.179999923706054688e+02
3.545384216308593750e+02 9.763870239257812500e+02 2.166415786743164062e+02
3.544501495361328125e+02 9.766358184814453125e+02 2.173082351684570312e+02
3.543761825561523438e+02 9.768416595458984375e+02 2.179999923706054688e+02
3.546340942382812500e+02 9.760322570800781250e+02 2.159677696228027344e+02
3.549794387817382812e+02 9.760000610351562500e+02 2.150000000000000000e+02
3.553190612792968750e+02 9.769863891601562500e+02 2.150079536437988281e+02
3.536579513549804688e+02 9.710276031494140625e+02 2.160767745971679688e+02
3.535399246215820312e+02 9.720000457763671875e+02 2.166409301757812500e+02
3.535089111328125000e+02 9.713793182373046875e+02 2.165305519104003906e+02
3.533734512329101562e+02 9.710276031494140625e+02 2.169183349609375000e+02
3.533013534545898438e+02 9.700000000000000000e+02 2.169999885559082031e+02
3.534849166870117188e+02 9.707126617431640625e+02 2.164613151550292969e+02
3.534761047363281250e+02 9.700000000000000000e+02 2.164399337768554688e+02
3.534832000732421875e+02 9.691849517822265625e+02 2.164585876464843750e+02
3.536793899536132812e+02 9.700000000000000000e+02 2.159399223327636719e+02
3.536580276489257812e+02 9.689109802246093750e+02 2.160751533508300781e+02
3.537728118896484375e+02 9.680000305175781250e+02 2.159999847412109375e+02
3.535010147094726562e+02 9.685182952880859375e+02 2.165029525756835938e+02
3.533519744873046875e+02 9.689109802246093750e+02 2.169017601013183594e+02
3.535315704345703125e+02 9.680000305175781250e+02 2.165905380249023438e+02
3.536073303222656250e+02 9.670000457763671875e+02 2.167998313903808594e+02
3.533646774291992188e+02 9.680000305175781250e+02 2.170905494689941406e+02
3.534323883056640625e+02 9.670000457763671875e+02 2.172998237609863281e+02
3.534819793701171875e+02 9.664108276367187500e+02 2.174486541748046875e+02
3.536967086791992188e+02 9.660465240478515625e+02 2.170691871643066406e+02
3.539694213867187500e+02 9.650000000000000000e+02 2.169999885559082031e+02
3.541290664672851562e+02 9.660000610351562500e+02 2.159999847412109375e+02
3.535512161254882812e+02 9.657441711425781250e+02 2.176592826843261719e+02
3.536284255981445312e+02 9.649639892578125000e+02 2.179955673217773438e+02
3.535263824462890625e+02 9.646065521240234375e+02 2.185939979553222656e+02
3.538927078247070312e+02 9.640000152587890625e+02 2.179999923706054688e+02
3.534462356567382812e+02 9.652732849121093750e+02 2.183259391784667969e+02
3.542526245117187500e+02 9.629167175292968750e+02 2.179153823852539062e+02
3.542813491821289062e+02 9.639669036865234375e+02 2.169525718688964844e+02
3.536069869995117188e+02 9.639569854736328125e+02 2.189563941955566406e+02
3.545364761352539062e+02 9.636115264892578125e+02 2.165876197814941406e+02
3.544303131103515625e+02 9.642781829833984375e+02 2.163430023193359375e+02
3.544021606445312500e+02 9.631944274902343750e+02 2.172542953491210938e+02
3.546170806884765625e+02 9.629167175292968750e+02 2.169525718688964844e+02
3.550117492675781250e+02 9.630000305175781250e+02 2.159999847412109375e+02
3.549299240112304688e+02 9.620000457763671875e+02 2.169999885559082031e+02
3.545093154907226562e+02 9.625277709960937500e+02 2.175256347656250000e+02
3.545949172973632812e+02 9.619192504882812500e+02 2.179153823852539062e+02
3.549207305908203125e+02 9.610000610351562500e+02 2.179999923706054688e+02
3.543935394287109375e+02 9.621987152099609375e+02 2.181923103332519531e+02
3.545118713378906250e+02 9.615319824218750000e+02 2.185354804992675781e+02
3.546110534667968750e+02 9.609472656250000000e+02 2.189212799072265625e+02
3.542559814453125000e+02 9.619192504882812500e+02 2.189212799072265625e+02
3.544055557250976562e+02 9.612454223632812500e+02 2.192021560668945312e+02
3.543057632446289062e+02 9.609472656250000000e+02 2.199695205688476562e+02
3.544454574584960938e+02 9.603630828857421875e+02 2.202825546264648438e+02
3.545305252075195312e+02 9.605787658691406250e+02 2.196158790588378906e+02
3.549738693237304688e+02 9.600000000000000000e+02 2.189999961853027344e+02
3.553728103637695312e+02 9.590411376953125000e+02 2.190932846069335938e+02
3.553190612792968750e+02 9.600125885009765625e+02 2.180272102355957031e+02
3.554360580444335938e+02 9.603543090820312500e+02 2.173542785644531250e+02
3.554529953002929688e+02 9.594018554687500000e+02 2.183786964416503906e+02
3.555850219726562500e+02 9.596876525878906250e+02 2.177120208740234375e+02
3.557413864135742188e+02 9.600125885009765625e+02 2.170125579833984375e+02
3.557690048217773438e+02 9.590411376953125000e+02 2.180272102355957031e+02
3.562941360473632812e+02 9.580044555664062500e+02 2.180401992797851562e+02
3.562390899658203125e+02 9.589781188964843750e+02 2.169860649108886719e+02
3.556154251098632812e+02 9.587351226806640625e+02 2.188221359252929688e+02
3.558522033691406250e+02 9.580956268310546875e+02 2.190932846069335938e+02
3.554961013793945312e+02 9.584927368164062500e+02 2.194887924194335938e+02
3.563536834716796875e+02 9.572563171386718750e+02 2.189999961853027344e+02
3.564602279663085938e+02 9.574327087402343750e+02 2.184003257751464844e+02
3.568314361572265625e+02 9.570596313476562500e+02 2.180401992797851562e+02
3.572843933105468750e+02 9.570159149169921875e+02 2.170503807067871094e+02
3.565961837768554688e+02 9.576740264892578125e+02 2.177336692810058594e+02
3.567475128173828125e+02 9.580044555664062500e+02 2.169860649108886719e+02
3.564145660400390625e+02 9.583406829833984375e+02 2.173101043701171875e+02
3.572296524047851562e+02 9.579917907714843750e+02 2.160008621215820312e+02
3.565668106079101562e+02 9.586301422119140625e+02 2.166434478759765625e+02
3.567200469970703125e+02 9.589781188964843750e+02 2.159780693054199219e+02
3.572296524047851562e+02 9.590009307861328125e+02 2.149917793273925781e+02
3.565668106079101562e+02 9.596434783935546875e+02 2.156301307678222656e+02
3.563988876342773438e+02 9.592968750000000000e+02 2.162968063354492188e+02
3.562390899658203125e+02 9.599861145019531250e+02 2.159780693054199219e+02
3.564145660400390625e+02 9.603101348876953125e+02 2.153406524658203125e+02
3.557636642456054688e+02 9.610193634033203125e+02 2.160300827026367188e+02
3.562838363647460938e+02 9.610321807861328125e+02 2.150043869018554688e+02
3.556065368652343750e+02 9.617643737792968750e+02 2.157168197631835938e+02
3.555850219726562500e+02 9.606988525390625000e+02 2.166876029968261719e+02
3.554442977905273438e+02 9.613655090332031250e+02 2.163834953308105469e+02
3.553398513793945312e+02 9.620586395263671875e+02 2.160300827026367188e+02
3.553104019165039062e+02 9.610193634033203125e+02 2.170125579833984375e+02
3.554728317260742188e+02 9.624310302734375000e+02 2.154487228393554688e+02
3.558269119262695312e+02 9.620586395263671875e+02 2.150692367553710938e+02
3.563287353515625000e+02 9.620000457763671875e+02 2.142130088806152344e+02
3.564519500732421875e+02 9.613869476318359375e+02 2.144194602966308594e+02
3.566310882568359375e+02 9.620000457763671875e+02 2.137130165100097656e+02
3.565196990966796875e+02 9.625502014160156250e+02 2.135312080383300781e+02
3.568306732177734375e+02 9.610321807861328125e+02 2.140516662597656250e+02
3.571490478515625000e+02 9.619603729248046875e+02 2.129367065429687500e+02
3.573411941528320312e+02 9.610000610351562500e+02 2.132578659057617188e+02
3.567262268066406250e+02 9.629301452636718750e+02 2.130038833618164062e+02
3.574665069580078125e+02 9.604283905029296875e+02 2.134492874145507812e+02
3.572873306274414062e+02 9.600569915771484375e+02 2.140180397033691406e+02
3.579917907714843750e+02 9.599802398681640625e+02 2.129859542846679688e+02
3.576253890991210938e+02 9.597616577148437500e+02 2.136967277526855469e+02
3.585160827636718750e+02 9.595321655273437500e+02 2.125226020812988281e+02
3.583170318603515625e+02 9.590000152587890625e+02 2.132268333435058594e+02
3.584639739990234375e+02 9.584356689453125000e+02 2.134465026855468750e+02
3.578068923950195312e+02 9.590009307861328125e+02 2.140180397033691406e+02
3.586580276489257812e+02 9.590000152587890625e+02 2.127268409729003906e+02
3.582958984375000000e+02 9.580614471435546875e+02 2.140429687500000000e+02
3.574161911010742188e+02 9.593347930908203125e+02 2.143634033203125000e+02
3.575887680053710938e+02 9.586681365966796875e+02 2.146529769897460938e+02
3.577707672119140625e+02 9.579917907714843750e+02 2.149917793273925781e+02
3.575887680053710938e+02 9.576530456542968750e+02 2.156681251525878906e+02
3.573997879028320312e+02 9.583197021484375000e+02 2.153196525573730469e+02
3.582922744750976562e+02 9.570415496826171875e+02 2.150550079345703125e+02
3.584403991699218750e+02 9.574026489257812500e+02 2.144049644470214844e+02
3.577996826171875000e+02 9.570159149169921875e+02 2.160008621215820312e+02
3.576194763183593750e+02 9.566931152343750000e+02 2.167506408691406250e+02
3.574161911010742188e+02 9.573597717285156250e+02 2.163347816467285156e+02
3.586547851562500000e+02 9.577690124511718750e+02 2.137382888793945312e+02
3.567475128173828125e+02 9.599861145019531250e+02 2.150043869018554688e+02
3.565961837768554688e+02 9.607202911376953125e+02 2.146739959716796875e+02
3.574616241455078125e+02 9.564411926269531250e+02 2.174173164367675781e+02
3.543545913696289062e+02 9.650699615478515625e+02 2.160058021545410156e+02
3.544215774536132812e+02 9.660000610351562500e+02 2.153415679931640625e+02
3.539248657226562500e+02 9.670000457763671875e+02 2.159999847412109375e+02
3.543175506591796875e+02 9.670000457763671875e+02 2.151220321655273438e+02
3.583744049072265625e+02 9.543505096435546875e+02 2.189999961853027344e+02
3.565475845336914062e+02 9.565757751464843750e+02 2.196695518493652344e+02
3.621524429321289062e+02 9.502484130859375000e+02 2.239999961853027344e+02
3.628630065917968750e+02 9.497483825683593750e+02 2.239999961853027344e+02
3.628497314453125000e+02 9.497418212890625000e+02 2.229999923706054688e+02
3.633629989624023438e+02 9.494087982177734375e+02 2.239999961853027344e+02
3.633497238159179688e+02 9.493991088867187500e+02 2.229999923706054688e+02
3.639999771118164062e+02 9.490325164794921875e+02 2.239999961853027344e+02
3.634072113037109375e+02 9.494391632080078125e+02 2.250000000000000000e+02
3.639999771118164062e+02 9.490119934082031250e+02 2.229999923706054688e+02
3.639999771118164062e+02 9.490405273437500000e+02 2.219999885559082031e+02
3.647124099731445312e+02 9.486129760742187500e+02 2.229999923706054688e+02
3.633723068237304688e+02 9.494144439697265625e+02 2.219999885559082031e+02
3.634325790405273438e+02 9.494548797607421875e+02 2.209999847412109375e+02
3.628723144531250000e+02 9.497564697265625000e+02 2.219999885559082031e+02
3.629325866699218750e+02 9.497975921630859375e+02 2.209999847412109375e+02
3.630881118774414062e+02 9.498063659667968750e+02 2.200399971008300781e+02
3.634801864624023438e+02 9.494866943359375000e+02 2.204000091552734375e+02
3.635510635375976562e+02 9.495324707031250000e+02 2.197333335876464844e+02
3.623120117187500000e+02 9.503585815429687500e+02 2.200000000000000000e+02
3.636518096923828125e+02 9.495983123779296875e+02 2.189999961853027344e+02
3.638227462768554688e+02 9.497136688232421875e+02 2.179999923706054688e+02
3.640673828125000000e+02 9.498336791992187500e+02 2.170328521728515625e+02
3.643227386474609375e+02 9.493884277343750000e+02 2.179999923706054688e+02
3.644456481933593750e+02 9.494651031494140625e+02 2.173881149291992188e+02
3.649708175659179688e+02 9.492707061767578125e+02 2.170328521728515625e+02
3.653313446044921875e+02 9.494010925292968750e+02 2.159999847412109375e+02
3.646180343627929688e+02 9.495720672607421875e+02 2.167214393615722656e+02
3.660315322875976562e+02 9.487141418457031250e+02 2.169774818420410156e+02
3.659999847412109375e+02 9.490443420410156250e+02 2.159999847412109375e+02
3.665811538696289062e+02 9.485375213623046875e+02 2.166291427612304688e+02
3.668044281005859375e+02 9.486432647705078125e+02 2.159999847412109375e+02
3.673044204711914062e+02 9.484136199951171875e+02 2.159999847412109375e+02
3.670948410034179688e+02 9.488464355468750000e+02 2.150939559936523438e+02
3.674913787841796875e+02 9.484960937500000000e+02 2.154899406433105469e+02
3.670521545410156250e+02 9.493297576904296875e+02 2.140521621704101562e+02
3.660551071166992188e+02 9.493640136718750000e+02 2.150920104980468750e+02
3.678015136718750000e+02 9.486314392089843750e+02 2.148232841491699219e+02
3.680809020996093750e+02 9.484060668945312500e+02 2.150939559936523438e+02
3.680809020996093750e+02 9.488398742675781250e+02 2.140822601318359375e+02
3.684681701660156250e+02 9.484865570068359375e+02 2.144704246520996094e+02
3.680925369262695312e+02 9.493574523925781250e+02 2.130574989318847656e+02
3.689999771118164062e+02 9.486231994628906250e+02 2.137633705139160156e+02
3.689999771118164062e+02 9.483967590332031250e+02 2.142633819580078125e+02
3.689999771118164062e+02 9.490196990966796875e+02 2.129999923706054688e+02
3.695689392089843750e+02 9.485217285156250000e+02 2.135474014282226562e+02
3.699413681030273438e+02 9.486923217773437500e+02 2.130083274841308594e+02
3.702355957031250000e+02 9.484210968017578125e+02 2.133472251892089844e+02
3.700486755371093750e+02 9.492620849609375000e+02 2.119765281677246094e+02
3.709999847412109375e+02 9.485846710205078125e+02 2.126568984985351562e+02
3.709999847412109375e+02 9.483247375488281250e+02 2.131568908691406250e+02
3.709999847412109375e+02 9.489752197265625000e+02 2.119999885559082031e+02
3.715925979614257812e+02 9.485153961181640625e+02 2.125286293029785156e+02
3.719555664062500000e+02 9.487328338623046875e+02 2.120599174499511719e+02
3.722592544555664062e+02 9.484620666503906250e+02 2.124331855773925781e+02
3.720000076293945312e+02 9.492795562744140625e+02 2.111699676513671875e+02
3.729999923706054688e+02 9.487007904052734375e+02 2.118454360961914062e+02
3.729999923706054688e+02 9.484136962890625000e+02 2.123454284667968750e+02
3.730544281005859375e+02 9.492530822753906250e+02 2.109390068054199219e+02
3.734240722656250000e+02 9.494873809814453125e+02 2.104826164245605469e+02
3.727573776245117188e+02 9.495451354980468750e+02 2.105650138854980469e+02
3.739999771118164062e+02 9.494564819335937500e+02 2.104390525817871094e+02
3.709999847412109375e+02 9.493905639648437500e+02 2.113410186767578125e+02
3.704144668579101562e+02 9.494713592529296875e+02 2.114597702026367188e+02
3.709999847412109375e+02 9.497500610351562500e+02 2.108410263061523438e+02
3.689999771118164062e+02 9.493965148925781250e+02 2.123388862609863281e+02
3.697478103637695312e+02 9.495868682861328125e+02 2.116275405883789062e+02
3.689999771118164062e+02 9.497322845458984375e+02 2.118388938903808594e+02
3.680537796020507812e+02 9.500238800048828125e+02 2.120387268066406250e+02
3.671854782104492188e+02 9.503248596191406250e+02 2.122531509399414062e+02
3.678208923339843750e+02 9.496582031250000000e+02 2.127624893188476562e+02
3.684875488281250000e+02 9.494940948486328125e+02 2.124909591674804688e+02
3.669695663452148438e+02 9.499803161621093750e+02 2.129729652404785156e+02
3.661669921875000000e+02 9.503025054931640625e+02 2.131834602355957031e+02
3.667536163330078125e+02 9.496358489990234375e+02 2.137536239624023438e+02
3.665188217163085938e+02 9.505113220214843750e+02 2.125167846679687500e+02
3.674202728271484375e+02 9.494590759277343750e+02 2.134291648864746094e+02
3.659627532958984375e+02 9.499746704101562500e+02 2.139603233337402344e+02
3.657585144042968750e+02 9.496468353271484375e+02 2.148200225830078125e+02
3.655003356933593750e+02 9.505002593994140625e+02 2.135003471374511719e+02
3.652130126953125000e+02 9.503134918212890625e+02 2.141670227050781250e+02
3.664251708984375000e+02 9.494590759277343750e+02 2.144202995300292969e+02
3.650183868408203125e+02 9.500082397460937500e+02 2.150242996215820312e+02
3.643147659301757812e+02 9.503696441650390625e+02 2.152285957336425781e+02
3.654903793334960938e+02 9.494941711425781250e+02 2.154866981506347656e+02
3.648313140869140625e+02 9.497062683105468750e+02 2.159999847412109375e+02
3.645463562011718750e+02 9.505317687988281250e+02 2.145619201660156250e+02
3.639888381958007812e+02 9.502436828613281250e+02 2.160494804382324219e+02
3.634521484375000000e+02 9.504644775390625000e+02 2.164158058166503906e+02
3.636480712890625000e+02 9.506092834472656250e+02 2.157491302490234375e+02
3.632405471801757812e+02 9.512926483154296875e+02 2.150000000000000000e+02
3.679999923706054688e+02 9.471434783935546875e+02 2.219999885559082031e+02
3.679999923706054688e+02 9.471272277832031250e+02 2.229999923706054688e+02
3.689999771118164062e+02 9.468416595458984375e+02 2.219999885559082031e+02
3.689999771118164062e+02 9.468871307373046875e+02 2.209999847412109375e+02
3.689999771118164062e+02 9.468296051025390625e+02 2.229999923706054688e+02
3.700000000000000000e+02 9.466205596923828125e+02 2.219999885559082031e+02
3.700000000000000000e+02 9.466555786132812500e+02 2.209999847412109375e+02
3.700000000000000000e+02 9.466126251220703125e+02 2.229999923706054688e+02
3.706140899658203125e+02 9.465197753906250000e+02 2.219999885559082031e+02
3.706908035278320312e+02 9.465332794189453125e+02 2.209999847412109375e+02
3.711140823364257812e+02 9.464362335205078125e+02 2.219999885559082031e+02
3.711907958984375000e+02 9.464485931396484375e+02 2.209999847412109375e+02
3.720000076293945312e+02 9.463282012939453125e+02 2.219999885559082031e+02
3.720000076293945312e+02 9.463493347167968750e+02 2.209999847412109375e+02
3.729999923706054688e+02 9.462711334228515625e+02 2.219999885559082031e+02
3.729999923706054688e+02 9.462688446044921875e+02 2.229999923706054688e+02
3.729999923706054688e+02 9.462877655029296875e+02 2.209999847412109375e+02
3.729999923706054688e+02 9.463300323486328125e+02 2.200000000000000000e+02
3.739999771118164062e+02 9.462678527832031250e+02 2.209999847412109375e+02
3.739999771118164062e+02 9.463060760498046875e+02 2.200000000000000000e+02
3.739999771118164062e+02 9.463695526123046875e+02 2.189999961853027344e+02
3.750000000000000000e+02 9.463002014160156250e+02 2.200000000000000000e+02
3.750000000000000000e+02 9.463571929931640625e+02 2.189999961853027344e+02
3.759999847412109375e+02 9.463063812255859375e+02 2.200000000000000000e+02
3.739999771118164062e+02 9.464530944824218750e+02 2.181448554992675781e+02
3.729999923706054688e+02 9.464057922363281250e+02 2.189999961853027344e+02
3.729999923706054688e+02 9.464756774902343750e+02 2.183272743225097656e+02
3.720668792724609375e+02 9.464695739746093750e+02 2.190780830383300781e+02
3.724448013305664062e+02 9.464934539794921875e+02 2.184582328796386719e+02
3.720000076293945312e+02 9.463999176025390625e+02 2.200000000000000000e+02
3.713590621948242188e+02 9.464762878417968750e+02 2.200000000000000000e+02
3.729999923706054688e+02 9.465513610839843750e+02 2.178272819519042969e+02
3.795286560058593750e+02 9.464959716796875000e+02 2.229999923706054688e+02
3.714372253417968750e+02 9.464901733398437500e+02 2.256017112731933594e+02
3.675778579711914062e+02 9.475276184082031250e+02 2.263161849975585938e+02
3.670689010620117188e+02 9.476882934570312500e+02 2.259897041320800781e+02
3.546627044677734375e+02 9.588609313964843750e+02 2.250000000000000000e+02
3.550936126708984375e+02 9.580000305175781250e+02 2.250000000000000000e+02
3.546792221069335938e+02 9.590573120117187500e+02 2.260376930236816406e+02
3.546805953979492188e+02 9.600267791748046875e+02 2.280073356628417969e+02
3.545418548583984375e+02 9.606171417236328125e+02 2.283455467224121094e+02
3.583419418334960938e+02 9.543169403076171875e+02 2.289999961853027344e+02
3.669740295410156250e+02 9.486268615722656250e+02 2.300795173645019531e+02
3.672900772094726562e+02 9.484150695800781250e+02 2.297992134094238281e+02
3.670000076293945312e+02 9.488930511474609375e+02 2.309999847412109375e+02
3.675267028808593750e+02 9.485101318359375000e+02 2.304658699035644531e+02
3.679160308837890625e+02 9.482595825195312500e+02 2.300795173645019531e+02
3.677507019042968750e+02 9.485929870605468750e+02 2.309999847412109375e+02
3.669522476196289062e+02 9.492571258544921875e+02 2.320386123657226562e+02
3.689847183227539062e+02 9.476161956787109375e+02 2.290495491027832031e+02
3.759999847412109375e+02 9.464870452880859375e+02 2.275961303710937500e+02
3.769623947143554688e+02 9.464521026611328125e+02 2.270357704162597656e+02
3.778056335449218750e+02 9.464717864990234375e+02 2.267262840270996094e+02
3.784723281860351562e+02 9.465026855468750000e+02 2.264648628234863281e+02
3.786462783813476562e+02 9.464782714843750000e+02 2.257981872558593750e+02
3.820000076293945312e+02 9.472145080566406250e+02 2.259999847412109375e+02
3.843181228637695312e+02 9.485726165771484375e+02 2.157604980468750000e+02
3.836514663696289062e+02 9.484416198730468750e+02 2.153185844421386719e+02
3.830150604248046875e+02 9.483208465576171875e+02 2.149911499023437500e+02
3.839908599853515625e+02 9.486807250976562500e+02 2.149911499023437500e+02
3.839999771118164062e+02 9.490374755859375000e+02 2.139999961853027344e+02
3.833584213256835938e+02 9.485508728027343750e+02 2.146519279479980469e+02
3.830150604248046875e+02 9.486796569824218750e+02 2.139985275268554688e+02
3.822732162475585938e+02 9.485671234130859375e+02 2.136642074584960938e+02
3.830993270874023438e+02 9.491822052001953125e+02 2.129004859924316406e+02
3.826917648315429688e+02 9.484336090087890625e+02 2.143308639526367188e+02
3.819639205932617188e+02 9.483454132080078125e+02 2.139985275268554688e+02
3.816065597534179688e+02 9.484696197509765625e+02 2.134326171875000000e+02
3.820000076293945312e+02 9.479955291748046875e+02 2.150000000000000000e+02
3.809999847412109375e+02 9.480953979492187500e+02 2.139999961853027344e+02
3.800000000000000000e+02 9.478841400146484375e+02 2.139999961853027344e+02
3.809999847412109375e+02 9.483966064453125000e+02 2.132704162597656250e+02
3.809550094604492188e+02 9.476960754394531250e+02 2.150597572326660156e+02
3.800000000000000000e+02 9.475901794433593750e+02 2.147580909729003906e+02
3.793161773681640625e+02 9.475276184082031250e+02 2.145778465270996094e+02
3.789897155761718750e+02 9.476882934570312500e+02 2.140689086914062500e+02
3.789999771118164062e+02 9.481566619873046875e+02 2.129999923706054688e+02
3.786495208740234375e+02 9.474785614013671875e+02 2.144481849670410156e+02
3.799536132812500000e+02 9.483258056640625000e+02 2.129567527770996094e+02
3.795893478393554688e+02 9.484843444824218750e+02 2.124696159362792969e+02
3.802560424804687500e+02 9.485444641113281250e+02 2.125946044921875000e+02
3.809999847412109375e+02 9.486261749267578125e+02 2.127704048156738281e+02
3.809999847412109375e+02 9.490189361572265625e+02 2.119999885559082031e+02
3.819639205932617188e+02 9.487476348876953125e+02 2.130595588684082031e+02
3.819586944580078125e+02 9.492891693115234375e+02 2.119788360595703125e+02
3.815978240966796875e+02 9.494696807861328125e+02 2.114520835876464844e+02
3.822645187377929688e+02 9.495758056640625000e+02 2.116313934326171875e+02
3.828322219848632812e+02 9.493885040283203125e+02 2.122980690002441406e+02
3.819678497314453125e+02 9.476731109619140625e+02 2.160281753540039062e+02
3.779999923706054688e+02 9.472221374511718750e+02 2.150000000000000000e+02
3.847373199462890625e+02 9.513809967041015625e+02 2.103439521789550781e+02
3.849641799926757812e+02 9.510189819335937500e+02 2.110266876220703125e+02
3.850423812866210938e+02 9.518038177490234375e+02 2.100063705444335938e+02
3.854039764404296875e+02 9.515513610839843750e+02 2.105715751647949219e+02
3.859205245971679688e+02 9.522636413574218750e+02 2.100296211242675781e+02
3.855342102050781250e+02 9.524803924560546875e+02 2.094768714904785156e+02
3.860931396484375000e+02 9.516794586181640625e+02 2.109429359436035156e+02
3.866450500488281250e+02 9.524076843261718750e+02 2.103826904296875000e+02
3.862009048461914062e+02 9.526782989501953125e+02 2.097160339355468750e+02
3.870287322998046875e+02 9.529847717285156250e+02 2.099760055541992188e+02
3.867457199096679688e+02 9.533450317382812500e+02 2.093232727050781250e+02
3.874123764038085938e+02 9.535588836669921875e+02 2.095693206787109375e+02
3.869870376586914062e+02 9.521819305419921875e+02 2.110033226013183594e+02
3.870834732055664062e+02 9.516484069824218750e+02 2.119062232971191406e+02
3.868057632446289062e+02 9.513080596923828125e+02 2.121770477294921875e+02
3.864885711669921875e+02 9.515067291259765625e+02 2.115103912353515625e+02
3.860313415527343750e+02 9.509825134277343750e+02 2.119708061218261719e+02
3.855740737915039062e+02 9.504607391357421875e+02 2.124312210083007812e+02
3.851910018920898438e+02 9.506570434570312500e+02 2.117645454406738281e+02
3.858219146728515625e+02 9.513236999511718750e+02 2.112382507324218750e+02
3.862407302856445312e+02 9.506414031982421875e+02 2.127792549133300781e+02
3.870078659057617188e+02 9.509958648681640625e+02 2.129902648925781250e+02
3.865432739257812500e+02 9.504734802246093750e+02 2.134459114074707031e+02
3.812787246704101562e+02 9.475672912597656250e+02 2.289999961853027344e+02
3.805417251586914062e+02 9.474877166748046875e+02 2.295424652099609375e+02
3.739999771118164062e+02 9.472566986083984375e+02 2.309999847412109375e+02
3.729837417602539062e+02 9.473609924316406250e+02 2.310730743408203125e+02
3.739999771118164062e+02 9.474556732177734375e+02 2.316295433044433594e+02
3.720000076293945312e+02 9.474062347412109375e+02 2.308028602600097656e+02
3.779015350341796875e+02 9.477037048339843750e+02 2.319005393981933594e+02
3.770000076293945312e+02 9.480174255371093750e+02 2.329999923706054688e+02
3.756600570678710938e+02 9.494915008544921875e+02 2.365170097351074219e+02
3.763267135620117188e+02 9.495097351074218750e+02 2.364821815490722656e+02
3.759960174560546875e+02 9.497145843505859375e+02 2.369101905822753906e+02
3.750000000000000000e+02 9.497419738769531250e+02 2.370281791687011719e+02
3.739623641967773438e+02 9.497037506103515625e+02 2.369123268127441406e+02
3.750000000000000000e+02 9.494859313964843750e+02 2.365281677246093750e+02
3.742706298828125000e+02 9.494897460937500000e+02 2.365205574035644531e+02
3.736039733886718750e+02 9.495049285888671875e+02 2.364909934997558594e+02
3.739999771118164062e+02 9.502510833740234375e+02 2.379294967651367188e+02
3.729999923706054688e+02 9.498236083984375000e+02 2.369999885559082031e+02
3.729999923706054688e+02 9.495338439941406250e+02 2.364360237121582031e+02
3.729999923706054688e+02 9.502897644042968750e+02 2.378640556335449219e+02
3.720000076293945312e+02 9.499716949462890625e+02 2.369999885559082031e+02
3.709436416625976562e+02 9.502320861816406250e+02 2.370808219909667969e+02
3.720000076293945312e+02 9.496077728271484375e+02 2.362934303283691406e+02
3.720000076293945312e+02 9.503639984130859375e+02 2.377373504638671875e+02
3.712393951416015625e+02 9.504405212402343750e+02 2.376045417785644531e+02
3.709436416625976562e+02 9.507175445556640625e+02 2.379627227783203125e+02
3.705727386474609375e+02 9.505173492431640625e+02 2.374680328369140625e+02
3.700000000000000000e+02 9.505988311767578125e+02 2.373216629028320312e+02
3.700000000000000000e+02 9.503304290771484375e+02 2.368216705322265625e+02
3.692792892456054688e+02 9.504310607910156250e+02 2.366275215148925781e+02
3.679999923706054688e+02 9.503939056396484375e+02 2.357109069824218750e+02
3.686126327514648438e+02 9.505369567871093750e+02 2.364295196533203125e+02
3.674784851074218750e+02 9.504905700683593750e+02 2.355183601379394531e+02
3.670870971679687500e+02 9.503794097900390625e+02 2.349294853210449219e+02
3.670870971679687500e+02 9.508769226074218750e+02 2.359110069274902344e+02
3.660854339599609375e+02 9.513660430908203125e+02 2.359193229675292969e+02
3.668118286132812500e+02 9.506414794921875000e+02 2.352158164978027344e+02
3.660715103149414062e+02 9.508627319335937500e+02 2.349294853210449219e+02
3.664524841308593750e+02 9.504762268066406250e+02 2.345491409301757812e+02
3.657858276367187500e+02 9.506478118896484375e+02 2.341760826110839844e+02
3.654925155639648438e+02 9.504958343505859375e+02 2.335094261169433594e+02
3.648116302490234375e+02 9.506805419921875000e+02 2.329999923706054688e+02
3.645896530151367188e+02 9.505512237548828125e+02 2.323665237426757812e+02
3.639663696289062500e+02 9.511984252929687500e+02 2.330039215087890625e+02
3.633864593505859375e+02 9.514232635498046875e+02 2.326732063293457031e+02
3.643754196166992188e+02 9.504262542724609375e+02 2.316998481750488281e+02
3.603592681884765625e+02 9.533665466308593750e+02 2.317600822448730469e+02
3.596717834472656250e+02 9.536798095703125000e+02 2.309999847412109375e+02
3.700000000000000000e+02 9.513924407958984375e+02 2.386684989929199219e+02
3.657604980468750000e+02 9.546904754638671875e+02 2.402958679199218750e+02
3.650057601928710938e+02 9.550036621093750000e+02 2.399940681457519531e+02
3.612527465820312500e+02 9.560481262207031250e+02 2.369362068176269531e+02
3.544260406494140625e+02 9.612837982177734375e+02 2.287421035766601562e+02
3.545051574707031250e+02 9.774864196777343750e+02 2.185355567932128906e+02
3.573793792724609375e+02 9.787504577636718750e+02 2.122955703735351562e+02
3.572374725341796875e+02 9.779867553710937500e+02 2.119773483276367188e+02
3.574416351318359375e+02 9.776445770263671875e+02 2.114113044738769531e+02
3.575791931152343750e+02 9.783112335205078125e+02 2.116289138793945312e+02
3.568048095703125000e+02 9.769779205322265625e+02 2.120539093017578125e+02
3.564538192749023438e+02 9.766297912597656250e+02 2.124231910705566406e+02
3.565747451782226562e+02 9.772964477539062500e+02 2.126346588134765625e+02
3.578281784057617188e+02 9.779867553710937500e+02 2.110467910766601562e+02
3.576627731323242188e+02 9.770000457763671875e+02 2.107379913330078125e+02
3.583508682250976562e+02 9.780000305175781250e+02 2.103000259399414062e+02
3.582701110839843750e+02 9.789401245117187500e+02 2.110125923156738281e+02
3.584681701660156250e+02 9.785668182373046875e+02 2.104573059082031250e+02
3.586322402954101562e+02 9.792334747314453125e+02 2.106876564025878906e+02
3.590125274658203125e+02 9.789730072021484375e+02 2.100173377990722656e+02
3.587337112426757812e+02 9.780000305175781250e+02 2.098000335693359375e+02
3.593928146362304688e+02 9.787125396728515625e+02 2.093770408630371094e+02
3.593428039550781250e+02 9.800000000000000000e+02 2.103000068664550781e+02
3.595663833618164062e+02 9.793791961669921875e+02 2.095773506164550781e+02
3.599639511108398438e+02 9.790633392333984375e+02 2.089645004272460938e+02
3.597590637207031250e+02 9.800000000000000000e+02 2.098000144958496094e+02
3.602590560913085938e+02 9.800000000000000000e+02 2.092467117309570312e+02
3.600893402099609375e+02 9.808764648437500000e+02 2.101043510437011719e+02
3.604457092285156250e+02 9.805734252929687500e+02 2.094436454772949219e+02
3.597329711914062500e+02 9.811794281005859375e+02 2.108020973205566406e+02
3.603996276855468750e+02 9.816179656982421875e+02 2.103860282897949219e+02
3.607076263427734375e+02 9.812400817871093750e+02 2.097193717956542969e+02
3.594914627075195312e+02 9.805127716064453125e+02 2.104893302917480469e+02
3.610816955566406250e+02 9.808973693847656250e+02 2.090787506103515625e+02
3.607568359375000000e+02 9.800000000000000000e+02 2.087467002868652344e+02
3.614557647705078125e+02 9.805546569824218750e+02 2.084612083435058594e+02
3.612568664550781250e+02 9.800000000000000000e+02 2.082830619812011719e+02
3.620490646362304688e+02 9.809327697753906250e+02 2.082569313049316406e+02
3.619622421264648438e+02 9.800687408447265625e+02 2.077466201782226562e+02
3.616037368774414062e+02 9.793566894531250000e+02 2.075828742980957031e+02
3.609658050537109375e+02 9.790520477294921875e+02 2.079716682434082031e+02
3.603615570068359375e+02 9.787474060058593750e+02 2.083604621887207031e+02
3.605533599853515625e+02 9.794140625000000000e+02 2.085519599914550781e+02
3.596758651733398438e+02 9.780000305175781250e+02 2.086902618408203125e+02
3.680798339843750000e+02 9.799629974365234375e+02 2.043608665466308594e+02
3.673798751831054688e+02 9.796050262451171875e+02 2.044491577148437500e+02
3.677997207641601562e+02 9.802716827392578125e+02 2.046150779724121094e+02
3.684663772583007812e+02 9.805233764648437500e+02 2.044875526428222656e+02
3.689999771118164062e+02 9.806987762451171875e+02 2.043968963623046875e+02
3.670279312133789062e+02 9.799629974365234375e+02 2.047833442687988281e+02
3.660126495361328125e+02 9.799992370605468750e+02 2.052614974975585938e+02
3.670557785034179688e+02 9.809735870361328125e+02 2.053065681457519531e+02
3.667132186889648438e+02 9.792942810058593750e+02 2.045937919616699219e+02
3.667596435546875000e+02 9.812892913818359375e+02 2.056255531311035156e+02
3.663544082641601562e+02 9.806226348876953125e+02 2.054300117492675781e+02
3.656877517700195312e+02 9.803321075439453125e+02 2.055938911437988281e+02
3.639999771118164062e+02 9.842876434326171875e+02 2.097342491149902344e+02
3.630977630615234375e+02 9.839237213134765625e+02 2.100842666625976562e+02
3.634111022949218750e+02 9.835702514648437500e+02 2.094287490844726562e+02
3.627843856811523438e+02 9.842771911621093750e+02 2.107776260375976562e+02
3.634510803222656250e+02 9.845362091064453125e+02 2.104572296142578125e+02
3.584345245361328125e+02 9.815899658203125000e+02 2.133757209777832031e+02
3.633404159545898438e+02 9.876063537597656250e+02 2.169999885559082031e+02
3.700000000000000000e+02 9.896278381347656250e+02 2.132089424133300781e+02
3.709052276611328125e+02 9.897924804687500000e+02 2.129036712646484375e+02
3.705086898803710938e+02 9.894972229003906250e+02 2.125061225891113281e+02
3.711753463745117188e+02 9.896001434326171875e+02 2.123026847839355469e+02
3.717733764648437500e+02 9.894279479980468750e+02 2.116360282897949219e+02
3.724400329589843750e+02 9.895153045654296875e+02 2.114744186401367188e+02
3.770000076293945312e+02 9.894560241699218750e+02 2.105736351013183594e+02
3.703145980834960938e+02 9.845757293701171875e+02 2.064371871948242188e+02
3.800000000000000000e+02 9.866138458251953125e+02 2.073848915100097656e+02
3.795466613769531250e+02 9.885102081298828125e+02 2.094864463806152344e+02
3.862652206420898438e+02 9.536451721191406250e+02 2.086566162109375000e+02
3.864633178710937500e+02 9.505248260498046875e+02 2.304355239868164062e+02
3.866382217407226562e+02 9.504013824462890625e+02 2.297688674926757812e+02
3.886462020874023438e+02 9.513711547851562500e+02 2.279999923706054688e+02
3.850088882446289062e+02 9.517821502685546875e+02 2.350218391418457031e+02
3.855491256713867188e+02 9.524629974365234375e+02 2.355564689636230469e+02
3.849447250366210938e+02 9.522921752929687500e+02 2.359338760375976562e+02
3.840257644653320312e+02 9.517633056640625000e+02 2.360213661193847656e+02
3.845745086669921875e+02 9.524486541748046875e+02 2.365767288208007812e+02
3.852412033081054688e+02 9.526850128173828125e+02 2.362231254577636719e+02
3.849830627441406250e+02 9.530126190185546875e+02 2.369804191589355469e+02
3.842309188842773438e+02 9.526735687255859375e+02 2.372434043884277344e+02
3.847249603271484375e+02 9.533402252197265625e+02 2.377327346801757812e+02
3.839788818359375000e+02 9.530145263671875000e+02 2.379792594909667969e+02
3.829999923706054688e+02 9.526420593261718750e+02 2.382937622070312500e+02
3.835642623901367188e+02 9.524600219726562500e+02 2.375591278076171875e+02
3.837268447875976562e+02 9.533554840087890625e+02 2.387010192871093750e+02
3.843935012817382812e+02 9.535716247558593750e+02 2.383993911743164062e+02
3.830006408691406250e+02 9.531561279296875000e+02 2.390206146240234375e+02
3.820993804931640625e+02 9.526863098144531250e+02 2.390394210815429688e+02
3.826677703857421875e+02 9.534042358398437500e+02 2.396247291564941406e+02
3.833344268798828125e+02 9.535984802246093750e+02 2.393676948547363281e+02
3.830609512329101562e+02 9.539653015136718750e+02 2.400452041625976562e+02
3.821866989135742188e+02 9.536655426025390625e+02 2.402914047241210938e+02
3.834541702270507812e+02 9.545286560058593750e+02 2.404656791687011719e+02
3.827875137329101562e+02 9.543321990966796875e+02 2.406974411010742188e+02
3.819009399414062500e+02 9.540524291992187500e+02 2.409382438659667969e+02
3.815200042724609375e+02 9.534899139404296875e+02 2.405123901367187500e+02
3.809999847412109375e+02 9.537964630126953125e+02 2.411502075195312500e+02
3.801859664916992188e+02 9.536226654052734375e+02 2.413545417785644531e+02
3.809999847412109375e+02 9.533787536621093750e+02 2.406502151489257812e+02
3.809999847412109375e+02 9.542964172363281250e+02 2.417216873168945312e+02
3.809999465942382812e+02 9.528464508056640625e+02 2.399559593200683594e+02
3.799115753173828125e+02 9.532419586181640625e+02 2.410127258300781250e+02
3.795193099975585938e+02 9.534928131103515625e+02 2.415083122253417969e+02
3.789715194702148438e+02 9.528710174560546875e+02 2.409259986877441406e+02
3.800000000000000000e+02 9.526829528808593750e+02 2.402577590942382812e+02
3.800000000000000000e+02 9.523116302490234375e+02 2.397577667236328125e+02
3.792858886718750000e+02 9.525621795654296875e+02 2.404170608520507812e+02
3.789715194702148438e+02 9.522052764892578125e+02 2.400502395629882812e+02
3.789999771118164062e+02 9.516565704345703125e+02 2.392686080932617188e+02
3.786191940307617188e+02 9.524666595458984375e+02 2.405433464050292969e+02
3.779365921020507812e+02 9.518527984619140625e+02 2.399103927612304688e+02
3.770000076293945312e+02 9.518090057373046875e+02 2.400764465332031250e+02
3.775609970092773438e+02 9.514876556396484375e+02 2.395173454284667969e+02
3.782276535034179688e+02 9.515575408935546875e+02 2.394151496887207031e+02
3.779999923706054688e+02 9.523978424072265625e+02 2.406322097778320312e+02
3.770000076293945312e+02 9.523090362548828125e+02 2.407462692260742188e+02
3.759999847412109375e+02 9.522472381591796875e+02 2.408266067504882812e+02
3.750000000000000000e+02 9.522149658203125000e+02 2.408673667907714844e+02
3.759999847412109375e+02 9.517472076416015625e+02 2.401589965820312500e+02
3.750000000000000000e+02 9.517150115966796875e+02 2.402004814147949219e+02
3.759999847412109375e+02 9.513881683349609375e+02 2.396590042114257812e+02
3.770000076293945312e+02 9.514455413818359375e+02 2.395764541625976562e+02
3.739999771118164062e+02 9.517239379882812500e+02 2.401901245117187500e+02
3.729999923706054688e+02 9.517684173583984375e+02 2.401326179504394531e+02
3.739999771118164062e+02 9.522238922119140625e+02 2.408513832092285156e+02
3.729999923706054688e+02 9.522683715820312500e+02 2.407903861999511719e+02
3.739999771118164062e+02 9.526219940185546875e+02 2.413513755798339844e+02
3.750000000000000000e+02 9.526069641113281250e+02 2.413673591613769531e+02
3.729999923706054688e+02 9.526744842529296875e+02 2.412903976440429688e+02
3.720000076293945312e+02 9.527487945556640625e+02 2.412016677856445312e+02
3.720000076293945312e+02 9.523386383056640625e+02 2.407016754150390625e+02
3.800318145751953125e+02 9.517727661132812500e+02 2.389657783508300781e+02
3.809999465942382812e+02 9.521862030029296875e+02 2.390394210815429688e+02
3.797197341918945312e+02 9.514276123046875000e+02 2.386096382141113281e+02
3.803863906860351562e+02 9.515391540527343750e+02 2.384408760070800781e+02
3.809999847412109375e+02 9.516596221923828125e+02 2.382591438293457031e+02
3.809999847412109375e+02 9.513341522216796875e+02 2.377591323852539062e+02
3.820485687255859375e+02 9.519773101806640625e+02 2.380352592468261719e+02
3.815981674194335938e+02 9.514534759521484375e+02 2.375712966918945312e+02
3.822648239135742188e+02 9.516142272949218750e+02 2.373171615600585938e+02
3.818322753906250000e+02 9.523403167724609375e+02 2.387323760986328125e+02
3.829999923706054688e+02 9.523056793212890625e+02 2.377937698364257812e+02
3.824989318847656250e+02 9.525005340576171875e+02 2.384992218017578125e+02
3.830082321166992188e+02 9.517934417724609375e+02 2.369902992248535156e+02
3.833470916748046875e+02 9.515815734863281250e+02 2.363689422607421875e+02
3.839385604858398438e+02 9.522941589355468750e+02 2.369460296630859375e+02
3.826803970336914062e+02 9.514075469970703125e+02 2.366505050659179688e+02
3.819588851928710938e+02 9.512698364257812500e+02 2.369902992248535156e+02
3.830082321166992188e+02 9.512004852294921875e+02 2.360213661193847656e+02
3.830588150024414062e+02 9.506760406494140625e+02 2.350454902648925781e+02
3.837096023559570312e+02 9.513784027099609375e+02 2.357022857666015625e+02
3.820363616943359375e+02 9.507266998291015625e+02 2.360069847106933594e+02
3.812697982788085938e+02 9.505887603759765625e+02 2.363449668884277344e+02
3.817272567749023438e+02 9.504013061523437500e+02 2.356782913208007812e+02
3.823939514160156250e+02 9.505481719970703125e+02 2.354091644287109375e+02
3.809618759155273438e+02 9.502880096435546875e+02 2.360069847106933594e+02
3.806031417846679688e+02 9.504618072509765625e+02 2.365659332275390625e+02
3.800000000000000000e+02 9.499702453613281250e+02 2.359999847412109375e+02
3.809821701049804688e+02 9.497521209716796875e+02 2.349573898315429688e+02
3.809618759155273438e+02 9.508205413818359375e+02 2.369395637512207031e+02
3.800000000000000000e+02 9.506581878662109375e+02 2.372323799133300781e+02
3.806665420532226562e+02 9.524309539794921875e+02 2.395932769775390625e+02
3.813332366943359375e+02 9.525724792480468750e+02 2.393990516662597656e+02
3.819120025634765625e+02 9.532798767089843750e+02 2.399748420715332031e+02
3.843762588500976562e+02 9.515753173828125000e+02 2.353697395324707031e+02
3.680134963989257812e+02 9.559719848632812500e+02 2.428315544128417969e+02
3.655030441284179688e+02 9.575033569335937500e+02 2.424979209899902344e+02
3.661697006225585938e+02 9.571913909912109375e+02 2.427102470397949219e+02
3.650269699096679688e+02 9.570320129394531250e+02 2.418023490905761719e+02
3.644017410278320312e+02 9.573867034912109375e+02 2.415811920166015625e+02
3.649366760253906250e+02 9.579019927978515625e+02 2.423200798034667969e+02
3.645611190795898438e+02 9.585846710205078125e+02 2.424543380737304688e+02
3.652278137207031250e+02 9.581700134277343750e+02 2.426909446716308594e+02
3.640410614013671875e+02 9.580854034423828125e+02 2.417305755615234375e+02
3.634829711914062500e+02 9.584757232666015625e+02 2.415154266357421875e+02
3.637350845336914062e+02 9.578090667724609375e+02 2.412921524047851562e+02
3.640022659301757812e+02 9.589508056640625000e+02 2.421978378295898438e+02
3.633279418945312500e+02 9.590000152587890625e+02 2.416565322875976562e+02
3.636704254150390625e+02 9.598266601562500000e+02 2.423599624633789062e+02
3.643371200561523438e+02 9.592513275146484375e+02 2.426263618469238281e+02
3.628279495239257812e+02 9.590000152587890625e+02 2.411796569824218750e+02
3.630924606323242188e+02 9.581352233886718750e+02 2.409088706970214844e+02
3.626209640502929688e+02 9.597565460205078125e+02 2.413806152343750000e+02
3.623316955566406250e+02 9.590000152587890625e+02 2.406796455383300781e+02
3.617770385742187500e+02 9.589216613769531250e+02 2.400082588195800781e+02
3.624758529663085938e+02 9.584613800048828125e+02 2.405255699157714844e+02
3.622331237792968750e+02 9.580768585205078125e+02 2.399733352661132812e+02
3.627019882202148438e+02 9.577947235107421875e+02 2.402888870239257812e+02
3.630060958862304688e+02 9.570066833496093750e+02 2.399927711486816406e+02
3.633686447143554688e+02 9.573316955566406250e+02 2.406254959106445312e+02
3.615194702148437500e+02 9.585360717773437500e+02 2.394763374328613281e+02
3.659485626220703125e+02 9.579430389404296875e+02 2.430339241027832031e+02
3.657274246215820312e+02 9.587850952148437500e+02 2.433576011657714844e+02
3.553019332885742188e+02 9.650849151611328125e+02 2.330484580993652344e+02
3.679843139648437500e+02 9.620217132568359375e+02 2.456575202941894531e+02
3.674260711669921875e+02 9.623695373535156250e+02 2.455339622497558594e+02
3.672768020629882812e+02 9.630000305175781250e+02 2.456018447875976562e+02
3.667768096923828125e+02 9.630000305175781250e+02 2.453684997558593750e+02
3.555545043945312500e+02 9.733053588867187500e+02 2.323903846740722656e+02
3.574182128906250000e+02 9.816098022460937500e+02 2.269999885559082031e+02
3.639554214477539062e+02 9.877521514892578125e+02 2.279418563842773438e+02
3.634772872924804688e+02 9.875166320800781250e+02 2.275697708129882812e+02
3.635923385620117188e+02 9.874350738525390625e+02 2.282364463806152344e+02
3.637352752685546875e+02 9.873352050781250000e+02 2.289999961853027344e+02
3.629586791992187500e+02 9.867778778076171875e+02 2.289353752136230469e+02
3.624804687500000000e+02 9.865161895751953125e+02 2.285589790344238281e+02
3.625977706909179688e+02 9.864224243164062500e+02 2.292256355285644531e+02
3.632600402832031250e+02 9.866825103759765625e+02 2.300000000000000000e+02
3.627600479125976562e+02 9.862934112548828125e+02 2.300000000000000000e+02
3.621606826782226562e+02 9.857934570312500000e+02 2.300000000000000000e+02
3.630493545532226562e+02 9.861485290527343750e+02 2.310052108764648438e+02
3.623775482177734375e+02 9.856066894531250000e+02 2.309999847412109375e+02
3.630022430419921875e+02 9.857448577880859375e+02 2.319093322753906250e+02
3.620085144042968750e+02 9.859936523437500000e+02 2.289749717712402344e+02
3.616606903076171875e+02 9.853517913818359375e+02 2.300000000000000000e+02
3.615365600585937500e+02 9.854662322998046875e+02 2.293909645080566406e+02
3.611380767822265625e+02 9.848518371582031250e+02 2.300000000000000000e+02
3.606380844116210938e+02 9.843560028076171875e+02 2.300000000000000000e+02
3.609766006469726562e+02 9.850244140625000000e+02 2.290771484375000000e+02
3.613491439819335938e+02 9.846483612060546875e+02 2.309999847412109375e+02
3.605235290527343750e+02 9.844760131835937500e+02 2.294299888610839844e+02
3.604175567626953125e+02 9.845825958251953125e+02 2.287633132934570312e+02
3.614297103881835938e+02 9.855649566650390625e+02 2.287243080139160156e+02
3.599836730957031250e+02 9.840206909179687500e+02 2.290570640563964844e+02
3.594412231445312500e+02 9.835653686523437500e+02 2.286841583251953125e+02
3.595498275756835938e+02 9.834413909912109375e+02 2.293508338928222656e+02
3.601745986938476562e+02 9.838560485839843750e+02 2.300000000000000000e+02
3.596746063232421875e+02 9.832922363281250000e+02 2.300000000000000000e+02
3.603815460205078125e+02 9.836304473876953125e+02 2.309999847412109375e+02
3.598385238647460938e+02 9.829689788818359375e+02 2.310272598266601562e+02
3.592645263671875000e+02 9.827922058105468750e+02 2.300000000000000000e+02
3.586115646362304688e+02 9.823525238037109375e+02 2.291732597351074219e+02
3.583958816528320312e+02 9.816431427001953125e+02 2.300000000000000000e+02
3.574412155151367188e+02 9.737042999267578125e+02 2.355915069580078125e+02
3.575386047363281250e+02 9.743710327148437500e+02 2.354365730285644531e+02
3.567409133911132812e+02 9.720000457763671875e+02 2.351086997985839844e+02
3.645877456665039062e+02 9.743213653564453125e+02 2.434375381469726562e+02
3.594357299804687500e+02 9.756597900390625000e+02 2.375844573974609375e+02
3.595728302001953125e+02 9.763264465332031250e+02 2.374005508422851562e+02
3.617621994018554688e+02 9.780991363525390625e+02 2.390198135375976562e+02
3.664109039306640625e+02 9.785865020751953125e+02 2.425544166564941406e+02
3.709999847412109375e+02 9.650000000000000000e+02 2.470780944824218750e+02
3.720000076293945312e+02 9.650000000000000000e+02 2.472560310363769531e+02
3.770000076293945312e+02 9.541535949707031250e+02 2.428458213806152344e+02
3.770000076293945312e+02 9.642251586914062500e+02 2.475333213806152344e+02
3.779999923706054688e+02 9.630000305175781250e+02 2.473424148559570312e+02
3.879228210449218750e+02 9.570809173583984375e+02 2.389078140258789062e+02
3.905132293701171875e+02 9.524863433837890625e+02 2.255542182922363281e+02
3.938353729248046875e+02 9.560241699218750000e+02 2.200000000000000000e+02
3.937728118896484375e+02 9.561156463623046875e+02 2.239999961853027344e+02
3.922559356689453125e+02 9.570034027099609375e+02 2.320693588256835938e+02
3.923746490478515625e+02 9.566723632812500000e+02 2.311739540100097656e+02
3.927104187011718750e+02 9.570034027099609375e+02 2.309043693542480469e+02
3.925027084350585938e+02 9.564964294433593750e+02 2.305072784423828125e+02
3.975265884399414062e+02 9.634220123291015625e+02 2.182068634033203125e+02
3.885601425170898438e+02 9.775571441650390625e+02 2.034721565246582031e+02
3.963568496704101562e+02 9.750466156005859375e+02 2.110102081298828125e+02
3.964440536499023438e+02 9.740000152587890625e+02 2.106480026245117188e+02
3.955818176269531250e+02 9.786752319335937500e+02 2.122550010681152344e+02
3.905158615112304688e+02 9.835136413574218750e+02 2.094822311401367188e+02
3.912179946899414062e+02 9.832400512695312500e+02 2.100000000000000000e+02
3.901718521118164062e+02 9.832393646240234375e+02 2.088155746459960938e+02
3.899031066894531250e+02 9.836730194091796875e+02 2.090893363952636719e+02
3.890495681762695312e+02 9.842074584960937500e+02 2.089670372009277344e+02
3.895051956176757812e+02 9.835039520263671875e+02 2.084955978393554688e+02
3.843888854980468750e+02 9.884596252441406250e+02 2.115751647949218750e+02
3.954503631591796875e+02 9.804007720947265625e+02 2.150000000000000000e+02
3.983690643310546875e+02 9.720000457763671875e+02 2.179999923706054688e+02
3.984934234619140625e+02 9.714442443847656250e+02 2.188183593750000000e+02
3.944847106933593750e+02 9.595278930664062500e+02 2.304565429687500000e+02
3.941876602172851562e+02 9.600578308105468750e+02 2.319562721252441406e+02
3.937285614013671875e+02 9.599987792968750000e+02 2.329763412475585938e+02
3.934084701538085938e+02 9.596646118164062500e+02 2.332938957214355469e+02
3.935549545288085938e+02 9.594048309326171875e+02 2.326272392272949219e+02
3.927228927612304688e+02 9.590163421630859375e+02 2.339587020874023438e+02
3.868384933471679688e+02 9.650000000000000000e+02 2.447510147094726562e+02
3.874607849121093750e+02 9.656168365478515625e+02 2.444695854187011719e+02
3.870764541625976562e+02 9.659700775146484375e+02 2.448295211791992188e+02
3.869022750854492188e+02 9.670909118652343750e+02 2.451734542846679688e+02
3.875651550292968750e+02 9.662834930419921875e+02 2.445535659790039062e+02
3.863001632690429688e+02 9.660000610351562500e+02 2.453717231750488281e+02
3.861304473876953125e+02 9.650000000000000000e+02 2.452510070800781250e+02
3.858001708984375000e+02 9.660000610351562500e+02 2.456806564331054688e+02
3.864164733886718750e+02 9.668181610107421875e+02 2.454482078552246094e+02
3.856304550170898438e+02 9.650000000000000000e+02 2.455819129943847656e+02
3.850000000000000000e+02 9.660000610351562500e+02 2.461157608032226562e+02
3.843504714965820312e+02 9.660000610351562500e+02 2.464350891113281250e+02
3.850000000000000000e+02 9.650000000000000000e+02 2.459343910217285156e+02
3.841786956787109375e+02 9.650000000000000000e+02 2.463524627685546875e+02
3.850161743164062500e+02 9.640689086914062500e+02 2.456996917724609375e+02
3.846485519409179688e+02 9.630000305175781250e+02 2.455884933471679688e+02
3.839316558837890625e+02 9.640370941162109375e+02 2.462578201293945312e+02
3.853602600097656250e+02 9.637814331054687500e+02 2.454124641418457031e+02
3.855235290527343750e+02 9.644480895996093750e+02 2.455155372619628906e+02
3.859141159057617188e+02 9.640689086914062500e+02 2.451246833801269531e+02
3.859972381591796875e+02 9.630883026123046875e+02 2.447246551513671875e+02
3.866254425048828125e+02 9.640000152587890625e+02 2.445965003967285156e+02
3.851485443115234375e+02 9.630000305175781250e+02 2.452747726440429688e+02
3.856620407104492188e+02 9.622196197509765625e+02 2.446205711364746094e+02
3.849851989746093750e+02 9.620230865478515625e+02 2.449926376342773438e+02
3.835527801513671875e+02 9.643951416015625000e+02 2.465238189697265625e+02
3.836787033081054688e+02 9.650000000000000000e+02 2.465766143798828125e+02
3.829999923706054688e+02 9.650000000000000000e+02 2.468211364746093750e+02
3.838504409790039062e+02 9.660000610351562500e+02 2.466409683227539062e+02
3.829999923706054688e+02 9.660000610351562500e+02 2.469399833679199219e+02
3.820000076293945312e+02 9.660000610351562500e+02 2.472113800048828125e+02
3.809012222290039062e+02 9.660952758789062500e+02 2.474223327636718750e+02
3.805020523071289062e+02 9.664920806884765625e+02 2.475002861022949219e+02
3.803953552246093750e+02 9.658254241943359375e+02 2.474873924255371094e+02
3.800371932983398438e+02 9.660952758789062500e+02 2.475372695922851562e+02
3.800000000000000000e+02 9.670000457763671875e+02 2.475601005554199219e+02
3.789999771118164062e+02 9.670000457763671875e+02 2.476147270202636719e+02
3.800000000000000000e+02 9.680000305175781250e+02 2.475662803649902344e+02
3.805286407470703125e+02 9.670000457763671875e+02 2.475040245056152344e+02
3.789999771118164062e+02 9.680000305175781250e+02 2.476173210144042969e+02
3.800000000000000000e+02 9.690000152587890625e+02 2.475601005554199219e+02
3.789999771118164062e+02 9.690000152587890625e+02 2.476147270202636719e+02
3.779999923706054688e+02 9.690000152587890625e+02 2.476173210144042969e+02
3.789999771118164062e+02 9.700000000000000000e+02 2.475768280029296875e+02
3.779999923706054688e+02 9.700000000000000000e+02 2.475892639160156250e+02
3.770000076293945312e+02 9.700000000000000000e+02 2.475919723510742188e+02
3.770000076293945312e+02 9.690000152587890625e+02 2.476173210144042969e+02
3.759999847412109375e+02 9.700000000000000000e+02 2.475858116149902344e+02
3.770000076293945312e+02 9.707749176025390625e+02 2.475333213806152344e+02
3.759999847412109375e+02 9.707430267333984375e+02 2.475297355651855469e+02
3.759999847412109375e+02 9.712430572509765625e+02 2.474668312072753906e+02
3.750000000000000000e+02 9.706462860107421875e+02 2.475185775756835938e+02
3.743981933593750000e+02 9.705592346191406250e+02 2.475078010559082031e+02
3.750000000000000000e+02 9.700000000000000000e+02 2.475685119628906250e+02
3.750000000000000000e+02 9.711463165283203125e+02 2.474523162841796875e+02
3.740389251708984375e+02 9.709355163574218750e+02 2.474254035949707031e+02
3.729999923706054688e+02 9.710000610351562500e+02 2.473023223876953125e+02
3.737315368652343750e+02 9.703177642822265625e+02 2.474814033508300781e+02
3.740389251708984375e+02 9.699906921386718750e+02 2.475320434570312500e+02
3.730277633666992188e+02 9.699906921386718750e+02 2.474343109130859375e+02
3.720000076293945312e+02 9.700000000000000000e+02 2.472835350036621094e+02
3.727015686035156250e+02 9.690000152587890625e+02 2.474746513366699219e+02
3.733796310424804688e+02 9.696511077880859375e+02 2.475147056579589844e+02
3.732015991210937500e+02 9.690000152587890625e+02 2.475342178344726562e+02
3.739999771118164062e+02 9.690000152587890625e+02 2.475867271423339844e+02
3.730723571777343750e+02 9.680000305175781250e+02 2.475473213195800781e+02
3.739999771118164062e+02 9.680000305175781250e+02 2.476059913635253906e+02
3.750000000000000000e+02 9.680000305175781250e+02 2.476173210144042969e+02
3.759999847412109375e+02 9.680000305175781250e+02 2.476173210144042969e+02
3.750000000000000000e+02 9.690000152587890625e+02 2.476085853576660156e+02
3.759999847412109375e+02 9.690000152587890625e+02 2.476147270202636719e+02
3.770000076293945312e+02 9.680000305175781250e+02 2.476173210144042969e+02
3.779999923706054688e+02 9.680000305175781250e+02 2.476173210144042969e+02
3.720000076293945312e+02 9.690000152587890625e+02 2.473718070983886719e+02
3.709999847412109375e+02 9.690000152587890625e+02 2.471988868713378906e+02
3.709999847412109375e+02 9.700000000000000000e+02 2.471050834655761719e+02
3.720000076293945312e+02 9.710000610351562500e+02 2.471525001525878906e+02
3.720000076293945312e+02 9.720000457763671875e+02 2.469796752929687500e+02
3.844484710693359375e+02 9.667400360107421875e+02 2.464788818359375000e+02
3.876634597778320312e+02 9.670000457763671875e+02 2.446306419372558594e+02
3.885869216918945312e+02 9.660000610351562500e+02 2.435831069946289062e+02
3.710634994506835938e+02 9.729709625244140625e+02 2.465852928161621094e+02
3.703189468383789062e+02 9.795809936523437500e+02 2.435525894165039062e+02
3.709999847412109375e+02 9.797100067138671875e+02 2.436338424682617188e+02
3.845174026489257812e+02 9.674067687988281250e+02 2.465078163146972656e+02
3.820000076293945312e+02 9.742922973632812500e+02 2.464404296875000000e+02
3.820000076293945312e+02 9.750000000000000000e+02 2.462105751037597656e+02
3.813774108886718750e+02 9.744471740722656250e+02 2.464845085144042969e+02
3.810264587402343750e+02 9.749462890625000000e+02 2.463615226745605469e+02
3.807107543945312500e+02 9.745771026611328125e+02 2.465254974365234375e+02
3.809999847412109375e+02 9.760000610351562500e+02 2.459920310974121094e+02
3.800000000000000000e+02 9.751843261718750000e+02 2.463928222656250000e+02
3.800000000000000000e+02 9.760000610351562500e+02 2.460953712463378906e+02
3.789999771118164062e+02 9.752954864501953125e+02 2.464310646057128906e+02
3.799131774902343750e+02 9.770710754394531250e+02 2.456629180908203125e+02
3.809999847412109375e+02 9.768614959716796875e+02 2.456535148620605469e+02
3.820000076293945312e+02 9.767045593261718750e+02 2.455861854553222656e+02
3.820000076293945312e+02 9.760000610351562500e+02 2.458563423156738281e+02
3.829869461059570312e+02 9.760332489013671875e+02 2.456626319885253906e+02
3.829999923706054688e+02 9.750000000000000000e+02 2.460292243957519531e+02
3.800000000000000000e+02 9.794345855712890625e+02 2.444620132446289062e+02
3.809999847412109375e+02 9.793547821044921875e+02 2.444163131713867188e+02
3.914659881591796875e+02 9.635955810546875000e+02 2.394575119018554688e+02
3.925526809692382812e+02 9.613908386230468750e+02 2.365834045410156250e+02
3.923704147338867188e+02 9.620000457763671875e+02 2.373009109497070312e+02
3.921364593505859375e+02 9.610344696044921875e+02 2.369500350952148438e+02
3.916294479370117188e+02 9.610000610351562500e+02 2.376820945739746094e+02
3.983534622192382812e+02 9.690000152587890625e+02 2.229999923706054688e+02
3.984668350219726562e+02 9.700000000000000000e+02 2.222430038452148438e+02
3.984379196166992188e+02 9.709967041015625000e+02 2.219815254211425781e+02
3.984809875488281250e+02 9.713278198242187500e+02 2.211719703674316406e+02
3.985169601440429688e+02 9.706611633300781250e+02 2.216358757019042969e+02
3.945399856567382812e+02 9.815666961669921875e+02 2.266424942016601562e+02
3.953749465942382812e+02 9.802371215820312500e+02 2.259999847412109375e+02
3.955379486083984375e+02 9.795822143554687500e+02 2.266437530517578125e+02
3.956827545166015625e+02 9.790284729003906250e+02 2.269862556457519531e+02
3.964192581176757812e+02 9.750830841064453125e+02 2.290563964843750000e+02
3.961518478393554688e+02 9.750000000000000000e+02 2.300000000000000000e+02
3.964790725708007812e+02 9.744031524658203125e+02 2.294273185729980469e+02
3.963815307617187500e+02 9.740419006347656250e+02 2.299984359741210938e+02
3.958217620849609375e+02 9.750000000000000000e+02 2.309999847412109375e+02
3.955872344970703125e+02 9.759096527099609375e+02 2.309326362609863281e+02
3.953984832763671875e+02 9.761827087402343750e+02 2.312210655212402344e+02
3.955049514770507812e+02 9.755160522460937500e+02 2.315134429931640625e+02
3.952310562133789062e+02 9.759096527099609375e+02 2.319080734252929688e+02
3.947695541381835938e+02 9.770707702636718750e+02 2.320711517333984375e+02
3.946098327636718750e+02 9.777600860595703125e+02 2.317852592468261719e+02
3.945428085327148438e+02 9.717878723144531250e+02 2.355825805664062500e+02
3.912739562988281250e+02 9.690000152587890625e+02 2.411989021301269531e+02
3.926322555541992188e+02 9.750000000000000000e+02 2.377356338500976562e+02
3.925346755981445312e+02 9.755979156494140625e+02 2.375603866577148438e+02
3.923457336425781250e+02 9.750000000000000000e+02 2.382356262207031250e+02
3.670000076293945312e+02 9.841967010498046875e+02 2.381712722778320312e+02
3.670000076293945312e+02 9.846497344970703125e+02 2.376712799072265625e+02
3.661262512207031250e+02 9.839192962646484375e+02 2.379113006591796875e+02
3.658131027221679688e+02 9.842989349365234375e+02 2.372666168212890625e+02
3.664797592163085938e+02 9.845124816894531250e+02 2.375140953063964844e+02
3.660878372192382812e+02 9.847268676757812500e+02 2.369599723815917969e+02
3.669551086425781250e+02 9.851899719238281250e+02 2.369933319091796875e+02
3.665918731689453125e+02 9.854503631591796875e+02 2.364352416992187500e+02
3.644939422607421875e+02 9.855044555664062500e+02 2.345068359375000000e+02
3.660044097900390625e+02 9.872422790527343750e+02 2.330076599121093750e+02
3.656739807128906250e+02 9.874038696289062500e+02 2.322797012329101562e+02
3.729999923706054688e+02 9.910305023193359375e+02 2.150000000000000000e+02
3.739999771118164062e+02 9.908863830566406250e+02 2.139999961853027344e+02
3.739999771118164062e+02 9.906113433837890625e+02 2.132322502136230469e+02
3.750000000000000000e+02 9.906698608398437500e+02 2.130903244018554688e+02
3.674425125122070312e+02 9.865284729003906250e+02 2.355408287048339844e+02
3.703160476684570312e+02 9.905526733398437500e+02 2.287112045288085938e+02
3.732137298583984375e+02 9.915466308593750000e+02 2.267379379272460938e+02
3.729282379150390625e+02 9.916147613525390625e+02 2.260708808898925781e+02
3.800000000000000000e+02 9.921988677978515625e+02 2.200000000000000000e+02
3.800000000000000000e+02 9.922705078125000000e+02 2.209999847412109375e+02
3.842604064941406250e+02 9.904194641113281250e+02 2.279999923706054688e+02
3.850000000000000000e+02 9.901371765136718750e+02 2.279999923706054688e+02
3.884033203125000000e+02 9.874385070800781250e+02 2.136446380615234375e+02
3.877366638183593750e+02 9.876432800292968750e+02 2.131951141357421875e+02
3.897044754028320312e+02 9.866566467285156250e+02 2.139999961853027344e+02
3.856962585449218750e+02 9.895954895019531250e+02 2.287784194946289062e+02
3.891752624511718750e+02 9.862021636962890625e+02 2.309999847412109375e+02
3.889319229125976562e+02 9.859370422363281250e+02 2.318903160095214844e+02
3.885203933715820312e+02 9.865177917480468750e+02 2.315321731567382812e+02
3.886767578125000000e+02 9.856606292724609375e+02 2.327820587158203125e+02
3.882975769042968750e+02 9.863272857666015625e+02 2.321988487243652344e+02
3.879785537719726562e+02 9.867426300048828125e+02 2.319193077087402344e+02
3.880479812622070312e+02 9.860368347167968750e+02 2.330676460266113281e+02
3.873871231079101562e+02 9.864130401611328125e+02 2.333532333374023438e+02
3.876309204101562500e+02 9.866051483154296875e+02 2.326865768432617188e+02
3.869524383544921875e+02 9.869652557373046875e+02 2.329378509521484375e+02
3.872099685668945312e+02 9.872900390625000000e+02 2.319999885559082031e+02
3.862150955200195312e+02 9.873252868652343750e+02 2.331891441345214844e+02
3.867204284667968750e+02 9.866586303710937500e+02 2.337628936767578125e+02
3.865177917480468750e+02 9.875123596191406250e+02 2.325224876403808594e+02
3.867099761962890625e+02 9.876428985595703125e+02 2.319999885559082031e+02
3.859290695190429688e+02 9.876486206054687500e+02 2.329134941101074219e+02
3.859381866455078125e+02 9.881382751464843750e+02 2.319445228576660156e+02
3.855484390258789062e+02 9.875286865234375000e+02 2.335494804382324219e+02
3.849512100219726562e+02 9.881620025634765625e+02 2.329493331909179688e+02
3.841873931884765625e+02 9.883679962158203125e+02 2.332488822937011719e+02
3.852519989013671875e+02 9.883733367919921875e+02 2.322408676147460938e+02
3.849161911010742188e+02 9.876466369628906250e+02 2.339296722412109375e+02
3.845853424072265625e+02 9.885419464111328125e+02 2.325822067260742188e+02
3.839124298095703125e+02 9.886327362060546875e+02 2.329493331909179688e+02
3.849512100219726562e+02 9.886610412597656250e+02 2.319445228576660156e+02
3.839999771118164062e+02 9.890415954589843750e+02 2.319999885559082031e+02
3.855636215209960938e+02 9.885353088378906250e+02 2.315741920471191406e+02
3.840970611572265625e+02 9.894045257568359375e+02 2.310781097412109375e+02
3.830724716186523438e+02 9.893621826171875000e+02 2.320284271240234375e+02
3.829999923706054688e+02 9.889392089843750000e+02 2.329999923706054688e+02
3.823104095458984375e+02 9.894480133056640625e+02 2.323807334899902344e+02
3.819862365722656250e+02 9.892751312255859375e+02 2.329508590698242188e+02
3.820052719116210938e+02 9.887379455566406250e+02 2.340449905395507812e+02
3.816437530517578125e+02 9.895379638671875000e+02 2.325847625732421875e+02
3.809999847412109375e+02 9.893831634521484375e+02 2.332458305358886719e+02
3.809999847412109375e+02 9.890196990966796875e+02 2.339999961853027344e+02
3.802574539184570312e+02 9.894586944580078125e+02 2.334096908569335938e+02
3.809999847412109375e+02 9.896086120605468750e+02 2.327458381652832031e+02
3.799544906616210938e+02 9.896672058105468750e+02 2.330458068847656250e+02
3.789999771118164062e+02 9.898169708251953125e+02 2.329999923706054688e+02
3.795907974243164062e+02 9.895148468017578125e+02 2.335315132141113281e+02
3.789999771118164062e+02 9.895526123046875000e+02 2.336147499084472656e+02
3.799544906616210938e+02 9.892653656005859375e+02 2.339188957214355469e+02
3.799176406860351562e+02 9.886933135986328125e+02 2.350416946411132812e+02
3.789999771118164062e+02 9.893157958984375000e+02 2.341147422790527344e+02
3.779999923706054688e+02 9.893653106689453125e+02 2.342124938964843750e+02
3.789999771118164062e+02 9.888553619384765625e+02 2.350000000000000000e+02
3.789999771118164062e+02 9.885396575927734375e+02 2.355618476867675781e+02
3.779999923706054688e+02 9.889511108398437500e+02 2.350000000000000000e+02
3.779999923706054688e+02 9.885858154296875000e+02 2.356319999694824219e+02
3.770000076293945312e+02 9.889925384521484375e+02 2.350000000000000000e+02
3.770000076293945312e+02 9.893874359130859375e+02 2.342591857910156250e+02
3.770000076293945312e+02 9.896164703369140625e+02 2.337591934204101562e+02
3.759999847412109375e+02 9.893776702880859375e+02 2.342438316345214844e+02
3.759999847412109375e+02 9.896115112304687500e+02 2.337438392639160156e+02
3.759999847412109375e+02 9.899392700195312500e+02 2.329999923706054688e+02
3.750000000000000000e+02 9.895822906494140625e+02 2.336742973327636719e+02
3.750000000000000000e+02 9.898829650878906250e+02 2.329999923706054688e+02
3.770000076293945312e+02 9.899475860595703125e+02 2.329999923706054688e+02
3.759999847412109375e+02 9.903278350830078125e+02 2.320849418640136719e+02
3.770000076293945312e+02 9.903311157226562500e+02 2.320961380004882812e+02
3.779999923706054688e+02 9.903079986572265625e+02 2.320435905456542969e+02
3.789128875732421875e+02 9.902896881103515625e+02 2.319034957885742188e+02
3.779999923706054688e+02 9.899037933349609375e+02 2.329999923706054688e+02
3.779999923706054688e+02 9.895957946777343750e+02 2.337124824523925781e+02
3.795293807983398438e+02 9.885051727294921875e+02 2.355082321166992188e+02
3.789999771118164062e+02 9.882157897949218750e+02 2.360618400573730469e+02
3.799176406860351562e+02 9.881845855712890625e+02 2.359049415588378906e+02
3.801960372924804688e+02 9.884449005126953125e+02 2.354028320312500000e+02
3.800000000000000000e+02 9.876470947265625000e+02 2.367213821411132812e+02
3.808179473876953125e+02 9.875701904296875000e+02 2.366070175170898438e+02
3.809999847412109375e+02 9.883584594726562500e+02 2.352488517761230469e+02
3.809999847412109375e+02 9.886365509033203125e+02 2.347488403320312500e+02
3.816754531860351562e+02 9.885527038574218750e+02 2.345956230163574219e+02
3.823421096801757812e+02 9.884506988525390625e+02 2.344083213806152344e+02
3.829999923706054688e+02 9.886001586914062500e+02 2.336930656433105469e+02
3.835207366943359375e+02 9.885084533691406250e+02 2.335157585144042969e+02
3.839124298095703125e+02 9.881250000000000000e+02 2.339094543457031250e+02
3.859904098510742188e+02 9.869951629638671875e+02 2.339895057678222656e+02
3.862303161621093750e+02 9.883448028564453125e+02 2.311679458618164062e+02
3.874288558959960938e+02 9.874481964111328125e+02 2.313987922668457031e+02
3.879887771606445312e+02 9.871901702880859375e+02 2.310392761230468750e+02
3.795196151733398438e+02 9.835015106201171875e+02 2.415012931823730469e+02
3.860332870483398438e+02 9.800243377685546875e+02 2.422070693969726562e+02
3.867481613159179688e+02 9.800000000000000000e+02 2.417021560668945312e+02
3.854196929931640625e+02 9.844497680664062500e+02 2.384346580505371094e+02
3.890521240234375000e+02 9.830565643310546875e+02 2.360729408264160156e+02
3.904893493652343750e+02 9.774803924560546875e+02 2.394854354858398438e+02
3.906573867797851562e+02 9.768137359619140625e+02 2.397250747680664062e+02
3.924134063720703125e+02 9.762645721435546875e+02 2.373571014404296875e+02
3.944675445556640625e+02 9.784267425537109375e+02 2.314182662963867188e+02
3.943326950073242188e+02 9.790277099609375000e+02 2.310509490966796875e+02
3.936090469360351562e+02 9.797137451171875000e+02 2.319999885559082031e+02
3.933458709716796875e+02 9.802136993408203125e+02 2.319999885559082031e+02
3.934718322753906250e+02 9.804476165771484375e+02 2.314354515075683594e+02
3.928427124023437500e+02 9.810543823242187500e+02 2.320408821105957031e+02
3.924515533447265625e+02 9.814239501953125000e+02 2.324014663696289062e+02
3.933027267456054688e+02 9.810197448730468750e+02 2.310612678527832031e+02
3.926100158691406250e+02 9.816680145263671875e+02 2.317348098754882812e+02
3.926559829711914062e+02 9.807572937011718750e+02 2.328143119812011719e+02
