Set,Tomogram name,Alignment directory,Included AZs,Notes,Vesicles segmented?,Best residual,MTs,Actin,Fusing vesicles,Recycling receptors,Clathrin,Ribosomes,Presynaptic receptor,Flotillin,Rod in presynaptic vesicle,Tissue Quality (group rankings),Tissue Quality (CJS initial rankings; 1=intact tissue; 2=slightly dissociated tissue or unsure; 3=synaptosome-like),Initial Scoring,Etomo image rotation input (degrees),Etomo estimated image rotation (degrees),Excluded views,PT residual error mean (automated IMOD patch tracking),"PT residual error mean (manually analyzed; initial, unweighted)",PT residual cutoff,"PT residual error mean (final after editing, unweighted)",#Fids used,Erased Fiducials?,Fid residual error mean,Best alignment (patch/fiducial),Thickness estimate measured in IMOD (nm),Physical pixel size,Super-resolution?,Data pixel size,Cs,Defocus target (¬µm),Amplitude contrast,# of tilts (intended),# of tilts (actual),Tilt range,Image rotation (degrees),Scope,Detector,Energy filter,Movie format,Total dose (e/√Ö2),Dose per tilt (e/√Ö2),Exposure time (s),# of frames,Sample,Grid prep date,Grid name,Milling date,Milling location,Milled grid name,Lamella ID,Data collection date,Data collection location,15F1Fab-AuNP,Antagonists,Cryoprotectant conditions,Fiducials added?
11B8,20250206_AMmilled27-2_100,liza_az0,0,,,0.89,,,,,,,,,,semi-tissue,2,5,98,-,-,-,0.89,-,0.89,-,-,-,patch,,2.038,Y,1.019,0.01,-5,0.1,33,33,-68 to 28,98,Krios1@Janelia,K3,Gatan Image Filter (GIF) BioContinuum HD,.tif,120.00,3.64,0.69,10,vGlut1mScarletxPSD95GFP mouse Schaffer collateral,20241217,20241217AM#9,20250130,OHSU,AMmilled#27-2,,20250206,Janelia,40 nM,1 ¬µM ZK; 100 nM RR2b,20% dextran; 5% sucrose,yes
11B8,20250206_AMmilled27-2_100,liza_az2,0,,,0.89,,,,,,,,,,semi-tissue,2,5,98,-,-,-,0.89,-,0.89,-,-,-,patch,,2.038,Y,1.019,0.01,-5,0.1,33,33,-68 to 28,98,Krios1@Janelia,K3,Gatan Image Filter (GIF) BioContinuum HD,.tif,120.00,3.64,0.69,10,vGlut1mScarletxPSD95GFP mouse Schaffer collateral,20241217,20241217AM#9,20250130,OHSU,AMmilled#27-2,,20250206,Janelia,40 nM,1 ¬µM ZK; 100 nM RR2b,20% dextran; 5% sucrose,yes
11B8,20250206_AMmilled27-2_101,liza_az0,0,,,0.90,,,,,,,,,,synaptosome,2,5,98,-,-,-,0.9,-,0.9,-,-,-,patch,,2.038,Y,1.019,0.01,-5,0.1,33,33,-68 to 28,98,Krios1@Janelia,K3,Gatan Image Filter (GIF) BioContinuum HD,.tif,120.00,3.64,0.69,10,vGlut1mScarletxPSD95GFP mouse Schaffer collateral,20241217,20241217AM#9,20250130,OHSU,AMmilled#27-2,,20250206,Janelia,40 nM,1 ¬µM ZK; 100 nM RR2b,20% dextran; 5% sucrose,yes
11B8,20250206_AMmilled27-2_112,liza_az0,0,,,1.08,,,,,,,,,,semi-tissue,2,5,98,-,-,-,1.08,-,1.08,-,-,-,patch,,2.038,Y,1.019,0.01,-5,0.1,33,33,-68 to 28,98,Krios1@Janelia,K3,Gatan Image Filter (GIF) BioContinuum HD,.tif,120.00,3.64,0.69,10,vGlut1mScarletxPSD95GFP mouse Schaffer collateral,20241217,20241217AM#9,20250130,OHSU,AMmilled#27-2,,20250206,Janelia,40 nM,1 ¬µM ZK; 100 nM RR2b,20% dextran; 5% sucrose,yes
11B8,20250206_AMmilled27-2_140,liza_az0,0,,,0.83,,,,,,,,,,semi-tissue,1,5,98,-,-,-,0.83,-,0.83,-,-,-,patch,,2.038,Y,1.019,0.01,-5,0.1,33,33,-68 to 28,98,Krios1@Janelia,K3,Gatan Image Filter (GIF) BioContinuum HD,.tif,120.00,3.64,0.69,10,vGlut1mScarletxPSD95GFP mouse Schaffer collateral,20241217,20241217AM#9,20250130,OHSU,AMmilled#27-2,,20250206,Janelia,40 nM,1 ¬µM ZK; 100 nM RR2b,20% dextran; 5% sucrose,yes
11B8,20250206_AMmilled27-2_205,liza_az0,0,,,1.86,,,,,,,,,,synaptosome,3,5,98,-,-,-,1.86,-,1.86,-,-,-,patch,,2.038,Y,1.019,0.01,-5,0.1,33,33,-68 to 28,98,Krios1@Janelia,K3,Gatan Image Filter (GIF) BioContinuum HD,.tif,120.00,3.64,0.69,10,vGlut1mScarletxPSD95GFP mouse Schaffer collateral,20241217,20241217AM#9,20250130,OHSU,AMmilled#27-2,,20250206,Janelia,40 nM,1 ¬µM ZK; 100 nM RR2b,20% dextran; 5% sucrose,yes
11B8,20250206_AMmilled27-2_274,best_alignment,0,,,0.57,,,,,,,,,,synaptosome,3,5,98,-,-,-,1.75,-,1.75,8,Y,0.57,fiducial,,2.038,Y,1.019,0.01,-5,0.1,33,33,-68 to 28,98,Krios1@Janelia,K3,Gatan Image Filter (GIF) BioContinuum HD,.tif,120.00,3.64,0.69,10,vGlut1mScarletxPSD95GFP mouse Schaffer collateral,20241217,20241217AM#9,20250130,OHSU,AMmilled#27-2,,20250206,Janelia,40 nM,1 ¬µM ZK; 100 nM RR2b,20% dextran; 5% sucrose,yes
11B8,20250206_AMmilled27-2_287,liza_az0,0,,,0.57,,,,,,,,,,semi-tissue,2,5,98,-,-,-,-,-,-,15,Y,0.57,fiducial,,2.038,Y,1.019,0.01,-5,0.1,33,33,-68 to 28,98,Krios1@Janelia,K3,Gatan Image Filter (GIF) BioContinuum HD,.tif,120.00,3.64,0.69,10,vGlut1mScarletxPSD95GFP mouse Schaffer collateral,20241217,20241217AM#9,20250130,OHSU,AMmilled#27-2,,20250206,Janelia,40 nM,1 ¬µM ZK; 100 nM RR2b,20% dextran; 5% sucrose,yes
11B8,20250206_AMmilled27-2_287,best_alignment,1,,,0.57,,,,,,,,,,semi-tissue,2,5,98,-,-,-,-,-,-,15,Y,0.57,fiducial,,2.038,Y,1.019,0.01,-5,0.1,33,33,-68 to 28,98,Krios1@Janelia,K3,Gatan Image Filter (GIF) BioContinuum HD,.tif,120.00,3.64,0.69,10,vGlut1mScarletxPSD95GFP mouse Schaffer collateral,20241217,20241217AM#9,20250130,OHSU,AMmilled#27-2,,20250206,Janelia,40 nM,1 ¬µM ZK; 100 nM RR2b,20% dextran; 5% sucrose,yes
11B8,20250206_AMmilled27-2_289,liza_az1,0,,,0.74,,,,,,,,,,synaptosome,3,5,98,-,-,-,-,-,-,10,Y,0.743,fiducial,,2.038,Y,1.019,0.01,-5,0.1,33,33,-68 to 28,98,Krios1@Janelia,K3,Gatan Image Filter (GIF) BioContinuum HD,.tif,120.00,3.64,0.69,10,vGlut1mScarletxPSD95GFP mouse Schaffer collateral,20241217,20241217AM#9,20250130,OHSU,AMmilled#27-2,,20250206,Janelia,40 nM,1 ¬µM ZK; 100 nM RR2b,20% dextran; 5% sucrose,yes
15F1,20230509_CryoProDexSucB_51,liza_az0,0,,,1.84,,,,,,,,,,semi-tissue,2,5,99,99,"1,2",,1.8,3.00,1.45,-,-,-,patch,200.000,2.06,Y,1.03,0.01,-2.5,0.07,33,33,-68 to 28,98,Krios1@Janelia,K3,Gatan Image Filter (GIF) BioContinuum HD,.tif,150.00,4.55,1.48,8,PSD95GFP mouse hippocampus,20230423,AM 041923 #5-4,20230427,Janelia,EGmilled#19-2,,20230509,Janelia,40 nM,1 ¬µM ZK; 100 nM RR2b,20% dextran; 5% sucrose,No
15F1,20230509_CryoProDexSucB_92,liza_az0,0,,,1.93,Other,,,,,,,Post (1); Pre (1),,semi-tissue,2,5,98,100,1.0,5.20,1.9,-,1.93,-,-,-,patch,,2.06,Y,1.03,0.01,-2.5,0.07,33,33,-68 to 28,98,Krios1@Janelia,K3,Gatan Image Filter (GIF) BioContinuum HD,.tif,150.00,4.55,1.48,8,PSD95GFP mouse hippocampus,20230423,AM 041923 #5-4,20230427,Janelia,EGmilled#19-2,,20230509,Janelia,40 nM,1 ¬µM ZK; 100 nM RR2b,20% dextran; 5% sucrose,No
15F1,20230509_CryoProDexSucB_95,liza_az0,0,,,2.62,,,,,,,,,,tissue,1,5,87,99,-,6.00,2.6,5.00,2.55,0,-,-,patch,310.000,2.06,Y,1.03,0.01,-2.5,0.07,33,33,-68 to 28,87,Krios1@Janelia,K3,Gatan Image Filter (GIF) BioContinuum HD,.tif,150.00,4.55,1.48,8,PSD95GFP mouse hippocampus,20230423,AM 041923 #5-4,20230427,Janelia,EGmilled#19-2,,20230509,Janelia,40 nM,1 ¬µM ZK; 100 nM RR2b,20% dextran; 5% sucrose,No
15F1,20230512-EG18pos2_80,best_alignment,0,,,2.79,Other,,,,,,,Pre (2),,synaptosome,2,5,99,99,1.0,7.70,2.8,-,2.79,-,-,-,patch,250.000,2.06,Y,1.03,0.01,-2.5,0.07,33,33,-68 to 28,98,Krios1@Janelia,K3,Gatan Image Filter (GIF) BioContinuum HD,.tif,150.00,4.55,1.48,8,PSD95GFP mouse hippocampus,20230417,AM2023.4.18 #2-3,20230424,Janelia,EGmilled#18-2,,20230512,Janelia,40 nM,1 ¬µM ZK; 100 nM RR2b,20% PVP,No
15F1,20230629_CryoPro_157,liza_az0,0,,,2.44,,Post,,,,,,,,semi-tissue,2,5,99,99,-,6.10,2.4,-,2.44,-,-,-,patch,,2.06,Y,1.03,0.01,-2.5,0.07,33,33,-66 to 30,98,Krios1@Janelia,K3,Gatan Image Filter (GIF) BioContinuum HD,.tif,150.00,4.55,1.65,10,vGlut1mScarletxPSD95GFP mouse Schaffer collateral,20230620,20230620Green#3,20230627,Janelia,EGmilled#21-2,,20230629,Janelia,40 nM,1 ¬µM ZK; 100 nM RR2b,15% dextran 5% sucrose,No
15F1,20231017_EGmilled24-2_60,best_alignment,0,,,0.95,Other (heading towards synapse though),,,,,,,Other (2),,tissue,1,5,98,99,"1,2",2.20,1.0,2.00,0.85,1,-,-,patch,170.000,2.06,Y,1.03,0.01,-2.5,0.07,33,33,-68 to 28,98,Krios1@Janelia,K3,Gatan Image Filter (GIF) BioContinuum HD,.tif,150.00,4.55,1.35,8,vGlut1mScarletxPSD95GFP mouse Schaffer collateral,20231003,20231003AM#1-2,20231012,Janelia,EGmilled#24-2,,20231017,Janelia,40 nM,1 ¬µM ZK; 100 nM RR2b,20% dextran; 5% sucrose,yes
15F1,20231017_EGmilled24-2_68,liza_az2,0,$,,0.81,Pre (2),Post,,,,,,Pre (2); Post (1),,tissue,1,5,98,99,-,1.80,0.8,2.00,0.77,0,-,-,patch,150.000,2.06,Y,1.03,0.01,-2.5,0.07,33,33,-68 to 28,98,Krios1@Janelia,K3,Gatan Image Filter (GIF) BioContinuum HD,.tif,150.00,4.55,1.35,8,vGlut1mScarletxPSD95GFP mouse Schaffer collateral,20231003,20231003AM#1-2,20231012,Janelia,EGmilled#24-2,,20231017,Janelia,40 nM,1 ¬µM ZK; 100 nM RR2b,20% dextran; 5% sucrose,yes
15F1,20231017_EGmilled24-2_77,liza_az0,0,"only small portion of post segments, but still good for sta and overall quality really nice",,0.42,Other,,,,,,,Post (many top?),,semi-tissue,2,5,98,100,-,1.10,0.4,1.00,0.38,17 (not 10 nm ones),Y,1.06,patch,100.000,2.06,Y,1.03,0.01,-2.5,0.07,33,33,-68 to 28,98,Krios1@Janelia,K3,Gatan Image Filter (GIF) BioContinuum HD,.tif,150.00,4.55,1.35,8,vGlut1mScarletxPSD95GFP mouse Schaffer collateral,20231003,20231003AM#1-2,20231012,Janelia,EGmilled#24-2,,20231017,Janelia,40 nM,1 ¬µM ZK; 100 nM RR2b,20% dextran; 5% sucrose,yes
15F1,20231017_HippAu_132,best_alignment,"0,2",,,0.64,Other,Post,1,,,,,Post (2; interacting with AMPAR?); Other (1),,tissue,1,5,98,98,-,5.60,2.4,6.00,2.23,35,N,0.64,fiducial,260.000,2.06,Y,1.03,0.01,-2.5,0.07,33,33,-68 to 28,98,Krios1@Janelia,K3,Gatan Image Filter (GIF) BioContinuum HD,.tif,150.00,4.55,1.35,8,vGlut1mScarletxPSD95GFP mouse Schaffer collateral,20231003,20231003AM#1-1,20231010,Janelia,EGmilled#24-1,,20231018,Janelia,40 nM,1 ¬µM ZK; 100 nM RR2b,20% dextran; 5% sucrose,yes
15F1,20231017_HippAu_141,best_alignment,2,a lot of non-specific(?) aunps around?; sta useful particles perhaps,,0.61,Other,Post,,,,Post,,Other (1),,semi-tissue,2,4,98,99,-,6.50,-,-,-,47,Y,0.61,fiducial,250.000,2.06,Y,1.03,0.01,-2.5,0.07,33,33,-68 to 28,98,Krios1@Janelia,K3,Gatan Image Filter (GIF) BioContinuum HD,.tif,150.00,4.55,1.35,8,vGlut1mScarletxPSD95GFP mouse Schaffer collateral,20231003,20231003AM#1-1,20231010,Janelia,EGmilled#24-1,,20231018,Janelia,40 nM,1 ¬µM ZK; 100 nM RR2b,20% dextran; 5% sucrose,yes
15F1,20231017_HippAu_141,liza_az0,0,sta useful particles perhaps,,0.61,Other,Post,,,,Post,,Other (1),,semi-tissue,2,4,98,99,-,6.50,-,-,-,47,Y,0.61,fiducial,250.000,2.06,Y,1.03,0.01,-2.5,0.07,33,33,-68 to 28,98,Krios1@Janelia,K3,Gatan Image Filter (GIF) BioContinuum HD,.tif,150.00,4.55,1.35,8,vGlut1mScarletxPSD95GFP mouse Schaffer collateral,20231003,20231003AM#1-1,20231010,Janelia,EGmilled#24-1,,20231018,Janelia,40 nM,1 ¬µM ZK; 100 nM RR2b,20% dextran; 5% sucrose,yes
15F1,20231017_HippAu_144,liza_az0,0,,,0.65,Other,Post,,,,,,,,tissue,1,5,98,99,-,1.60,,,,31,Y,0.65,fiducial,170.000,2.06,Y,1.03,0.01,-2.5,0.07,33,33,-68 to 28,98,Krios1@Janelia,K3,Gatan Image Filter (GIF) BioContinuum HD,.tif,150.00,4.55,1.35,8,vGlut1mScarletxPSD95GFP mouse Schaffer collateral,20231003,20231003AM#1-1,20231010,Janelia,EGmilled#24-1,,20231018,Janelia,40 nM,1 ¬µM ZK; 100 nM RR2b,20% dextran; 5% sucrose,yes
15F1,20231017_HippAu_150,liza_az0,0,,,0.51,Other (NICE top view!),,,,,Other,,,,semi-tissue,1,5,98,99,-,,0.7,1.50,0.58,20,Y,0.51,fiducial,130.000,2.06,Y,1.03,0.01,-2.5,0.07,33,33,-68 to 28,98,Krios1@Janelia,K3,Gatan Image Filter (GIF) BioContinuum HD,.tif,150.00,4.55,1.35,8,vGlut1mScarletxPSD95GFP mouse Schaffer collateral,20231003,20231003AM#1-1,20231010,Janelia,EGmilled#24-1,,20231018,Janelia,40 nM,1 ¬µM ZK; 100 nM RR2b,20% dextran; 5% sucrose,yes
15F1,20231017_HippAu_159,liza_az0,0,,,,,,,,,,,,,tissue,,,,,,,,,,,,,,,,,,,,,,,,,,,,,,,,,,,,,,,,,,,,,
15F1,20231026_HippAu_14,best_alignment,0,,,0.39,Pre (3); Other,,,,,,,,,tissue,2,5,-93,-96,-,4.90,2.1,4.00,1.66,26,N,0.39,fiducial,200.000,2.296,N,2.296,2.7,-3.5,0.1,33,33,-68 to 28,-93,Krios3@Janelia,Falcon4,Thermo Scientific Selectris X,.eer,150.00,4.55,1.2,378,vGlut1mScarletxPSD95GFP mouse Schaffer collateral,20231003,20231003AM#1-1,20231010,Janelia,EGmilled#24-1,,20231026,Janelia,40 nM,1 ¬µM ZK; 100 nM RR2b,20% dextran; 5% sucrose,yes
15F1,20231026_HippAu_26,liza_az0,0,$ FIG4,,0.63,,Post,2,,,,,,,tissue,1,5,-93,-96,-,2.00,1.2,2.00,1.09,8,Y,0.63,fiducial,180.000,2.296,N,2.296,2.7,-3.5,0.1,33,33,-68 to 28,-93,Krios3@Janelia,Falcon4,Thermo Scientific Selectris X,.eer,150.00,4.55,1.2,378,vGlut1mScarletxPSD95GFP mouse Schaffer collateral,20231003,20231003AM#1-1,20231010,Janelia,EGmilled#24-1,,20231026,Janelia,40 nM,1 ¬µM ZK; 100 nM RR2b,20% dextran; 5% sucrose,yes
15F1,20231026_HippAu_30,liza_az0,0,"big chunk missing of post membrane, good for sta still for portion that's there",,0.46,,Post,,,,,,,,tissue,2,5,-93,-95,-,2.80,1.5,3.00,1.39,14,Y,0.46,fiducial,200.000,2.296,N,2.296,2.7,-3.5,0.1,33,33,-68 to 28,-93,Krios3@Janelia,Falcon4,Thermo Scientific Selectris X,.eer,150.00,4.55,1.2,378,vGlut1mScarletxPSD95GFP mouse Schaffer collateral,20231003,20231003AM#1-1,20231010,Janelia,EGmilled#24-1,,20231026,Janelia,40 nM,1 ¬µM ZK; 100 nM RR2b,20% dextran; 5% sucrose,yes
15F1,20240111_WaffleHipp_116,best_alignment,0,$; CAMKII in postsynaptic region? (rightish side see slice 213 in flat SIRT),,0.45,Other,Post,5,,,,,,,tissue,1,5,-96,-96,,5.50,-,-,-,11,Y,0.45,fiducial,250.000,2.296,N,2.296,2.7,-3.5,0.1,33,33,-68 to 28,-93,Krios3@Janelia,Falcon4,Thermo Scientific Selectris X,.eer,120.00,3.64,2.1,675,vGlut1mScarletxPSD95GFP mouse Schaffer collateral,20231020,20231020AM#1-2,20231121,OHSU,AMmilled#4-2,,20240111,Janelia,40 nM,1 ¬µM ZK; 1 ¬µM RR2b,20% dextran; 5% sucrose,yes
15F1,20240111_WaffleHipp_127,best_alignment,0,"good for sta particles, only a few",,1.04,,,,,,,,,,synaptosome,3,4,-93,-96,-,2.50,1.0,2.00,0.86,11,Y,1.1,patch,150.000,2.296,N,2.296,2.7,-3.5,0.1,33,33,-68 to 28,-93,Krios3@Janelia,Falcon4,Thermo Scientific Selectris X,.eer,120.00,3.64,2.1,675,vGlut1mScarletxPSD95GFP mouse Schaffer collateral,20231020,20231020AM#1-2,20231121,OHSU,AMmilled#4-2,,20240111,Janelia,40 nM,1 ¬µM ZK; 1 ¬µM RR2b,20% dextran; 5% sucrose,yes
15F1,20240111_WaffleHipp_128,best_alignment,0,probably good particles for sta,,0.51,Other,,,,,,,,,semi-tissue,2,4,-96,-96,-,9.60,-,-,-,62,Y,0.51,fiducial,250.000,2.296,N,2.296,2.7,-3.5,0.1,33,33,-68 to 28,-93,Krios3@Janelia,Falcon4,Thermo Scientific Selectris X,.eer,120.00,3.64,2.1,675,vGlut1mScarletxPSD95GFP mouse Schaffer collateral,20231020,20231020AM#1-2,20231121,OHSU,AMmilled#4-2,,20240111,Janelia,40 nM,1 ¬µM ZK; 1 ¬µM RR2b,20% dextran; 5% sucrose,yes
15F1,20240111_WaffleHipp_129,liza_az0,0,probably good for some sta,,0.66,,,,,,,,,,tissue,2,4,-96,-96,-,5.10,-,-,-,10,Y,0.66,fiducial,250.000,2.296,N,2.296,2.7,-3.5,0.1,33,33,-68 to 28,-93,Krios3@Janelia,Falcon4,Thermo Scientific Selectris X,.eer,120.00,3.64,2.1,675,vGlut1mScarletxPSD95GFP mouse Schaffer collateral,20231020,20231020AM#1-2,20231121,OHSU,AMmilled#4-2,,20240111,Janelia,40 nM,1 ¬µM ZK; 1 ¬µM RR2b,20% dextran; 5% sucrose,yes
15F1,20240111_WaffleHipp_132,liza_az0,0,,,0.48,,Post,,,,,,,,semi-tissue,2,4,-96,-96,-,4.40,-,-,-,7,Y,0.48,fiducial,260.000,2.296,N,2.296,2.7,-3.5,0.1,33,33,-68 to 28,-93,Krios3@Janelia,Falcon4,Thermo Scientific Selectris X,.eer,120.00,3.64,2.1,675,vGlut1mScarletxPSD95GFP mouse Schaffer collateral,20231020,20231020AM#1-2,20231121,OHSU,AMmilled#4-2,,20240111,Janelia,40 nM,1 ¬µM ZK; 1 ¬µM RR2b,20% dextran; 5% sucrose,yes
15F1,20240111_WaffleHipp_133,liza_az0,0,,,0.55,,,,,,,,Pre (1),,tissue,1,5,-96,-96,-,7.40,-,-,-,16,Y,0.55,fiducial,250.000,2.296,N,2.296,2.7,-3.5,0.1,33,33,-68 to 28,-93,Krios3@Janelia,Falcon4,Thermo Scientific Selectris X,.eer,120.00,3.64,2.1,675,vGlut1mScarletxPSD95GFP mouse Schaffer collateral,20231020,20231020AM#1-2,20231121,OHSU,AMmilled#4-2,,20240111,Janelia,40 nM,1 ¬µM ZK; 1 ¬µM RR2b,20% dextran; 5% sucrose,yes
15F1,20240111_WaffleHipp_134,best_alignment,0,,,0.54,,Post,,,,Other,,,,semi-tissue,2,5,-93,-96,-,2.70,1.3,3.00,1.1,17,Y,0.54,fiducial,180.000,2.296,N,2.296,2.7,-3.5,0.1,33,33,-68 to 28,-93,Krios3@Janelia,Falcon4,Thermo Scientific Selectris X,.eer,120.00,3.64,2.1,675,vGlut1mScarletxPSD95GFP mouse Schaffer collateral,20231020,20231020AM#1-2,20231121,OHSU,AMmilled#4-2,,20240111,Janelia,40 nM,1 ¬µM ZK; 1 ¬µM RR2b,20% dextran; 5% sucrose,yes
15F1,20240111_WaffleHipp_135,best_alignment,0,,,0.47,Pre (4),,,,,,,Pre (1); Other (1),,semi-tissue,2,4,-96,-96,-,,-,-,-,21,Y,0.47,fiducial,200.000,2.296,N,2.296,2.7,-3.5,0.1,33,33,-68 to 28,-93,Krios3@Janelia,Falcon4,Thermo Scientific Selectris X,.eer,120.00,3.64,2.1,675,vGlut1mScarletxPSD95GFP mouse Schaffer collateral,20231020,20231020AM#1-2,20231121,OHSU,AMmilled#4-2,,20240111,Janelia,40 nM,1 ¬µM ZK; 1 ¬µM RR2b,20% dextran; 5% sucrose,yes
15F1,20240111_WaffleHipp_150,liza_az0,0,AuNPs clear even with higher residual,,2.96,,,,,,,,,,semi-tissue,1,5,-96,-96,-,5.40,2.96,-,2.96,-,-,-,patch,290.000,2.296,N,2.296,2.7,-3.5,0.1,33,33,-68 to 28,-93,Krios3@Janelia,Falcon4,Thermo Scientific Selectris X,.eer,120.00,3.64,2.1,675,vGlut1mScarletxPSD95GFP mouse Schaffer collateral,20231020,20231020AM#1-2,20231121,OHSU,AMmilled#4-2,,20240111,Janelia,40 nM,1 ¬µM ZK; 1 ¬µM RR2b,20% dextran; 5% sucrose,yes
15F1,20240111_WaffleHipp_154,best_alignment,0,,,0.56,,,,,,,,Pre (1),,semi-tissue,2,4,-96,-96,-,3.40,-,-,-,15,Y,0.56,fiducial,190.000,2.296,N,2.296,2.7,-3.5,0.1,33,33,-68 to 28,-93,Krios3@Janelia,Falcon4,Thermo Scientific Selectris X,.eer,120.00,3.64,2.1,675,vGlut1mScarletxPSD95GFP mouse Schaffer collateral,20231020,20231020AM#1-2,20231121,OHSU,AMmilled#4-2,,20240111,Janelia,40 nM,1 ¬µM ZK; 1 ¬µM RR2b,20% dextran; 5% sucrose,yes
15F1,20240111_WaffleHipp_176,liza_az0,0,"cleft with good segmentation has no aunps, cleft with aunps has big holes in segmentation, but good particles for sta",,0.83,Other,Post,,,,,,,,tissue,1,5,-93,-97,-,4.10,2.1,4.00,1.97,6,Y,0.83,fiducial,,2.296,N,2.296,2.7,-3.5,0.1,33,33,-68 to 28,-93,Krios3@Janelia,Falcon4,Thermo Scientific Selectris X,.eer,120.00,3.64,2.1,675,vGlut1mScarletxPSD95GFP mouse Schaffer collateral,20231020,20231020AM#1-2,20231121,OHSU,AMmilled#4-2,,20240111,Janelia,40 nM,1 ¬µM ZK; 1 ¬µM RR2b,20% dextran; 5% sucrose,yes
15F1,20240111_WaffleHipp_179,best_alignment,0,,,0.48,,Post,,,,,,,,semi-tissue,2,4,-96,-96,-,4.30,2.15,-,2.15,3,Y,0.48,fiducial,220.000,2.296,N,2.296,2.7,-3.5,0.1,33,33,-68 to 28,-93,Krios3@Janelia,Falcon4,Thermo Scientific Selectris X,.eer,120.00,3.64,2.1,675,vGlut1mScarletxPSD95GFP mouse Schaffer collateral,20231020,20231020AM#1-2,20231121,OHSU,AMmilled#4-2,,20240111,Janelia,40 nM,1 ¬µM ZK; 1 ¬µM RR2b,20% dextran; 5% sucrose,yes
15F1,20240111_WaffleHipp_183,best_alignment,0,$,,1.50,,Post,,,,,,Pre (1),,tissue,1,5,-93,-96,-,2.30,1.5,3.00,1.39,0,-,-,patch,210.000,2.296,N,2.296,2.7,-3.5,0.1,33,33,-68 to 28,-93,Krios3@Janelia,Falcon4,Thermo Scientific Selectris X,.eer,120.00,3.64,2.1,675,vGlut1mScarletxPSD95GFP mouse Schaffer collateral,20231020,20231020AM#1-2,20231121,OHSU,AMmilled#4-2,,20240111,Janelia,40 nM,1 ¬µM ZK; 1 ¬µM RR2b,20% dextran; 5% sucrose,yes
15F1,20240111_WaffleHipp_195,liza_az0,0,,,1.66,,Post,3,,,,,Post (1; top),,synaptosome,3,5,-93,-96,-,4.20,1.7,4.00,1.44,2,-,-,patch,,2.296,N,2.296,2.7,-3.5,0.1,33,32,-65 to 28,-93,Krios3@Janelia,Falcon4,Thermo Scientific Selectris X,.eer,120.00,3.64,2.1,675,vGlut1mScarletxPSD95GFP mouse Schaffer collateral,20231020,20231020AM#1-2,20231121,OHSU,AMmilled#4-2,,20240111,Janelia,40 nM,1 ¬µM ZK; 1 ¬µM RR2b,20% dextran; 5% sucrose,yes
15F1,20240111_WaffleHipp_198,best_alignment,0,$,,0.84,Other,,,,,,,Pre (1),,tissue,1,5,-93,-97,-,1.60,0.8,2.00,0.57,0,-,-,patch,150.000,2.296,N,2.296,2.7,-3.5,0.1,33,32,-65 to 28,-93,Krios3@Janelia,Falcon4,Thermo Scientific Selectris X,.eer,120.00,3.64,2.1,675,vGlut1mScarletxPSD95GFP mouse Schaffer collateral,20231020,20231020AM#1-2,20231121,OHSU,AMmilled#4-2,,20240111,Janelia,40 nM,1 ¬µM ZK; 1 ¬µM RR2b,20% dextran; 5% sucrose,yes
15F1,20240111_WaffleHipp_227,best_alignment,0,"aunp picking very bad, segmentation missing large chunks",,0.54,,Post,1,,,,,,,semi-tissue,2,5,-93,-96,28-33,11.70,1.0,2.00,0.83,38,N,0.54,fiducial,170.000,2.296,N,2.296,2.7,-3.5,0.1,33,33,-68 to 28,-93,Krios3@Janelia,Falcon4,Thermo Scientific Selectris X,.eer,120.00,3.64,2.1,675,vGlut1mScarletxPSD95GFP mouse Schaffer collateral,20231020,20231020AM#1-2,20231121,OHSU,AMmilled#4-2,,20240111,Janelia,40 nM,1 ¬µM ZK; 1 ¬µM RR2b,20% dextran; 5% sucrose,yes
15F1,20240111_WaffleHipp_69,liza_az2,0,confusing synapse shape but probably lots of good particles for sta,,0.68,Pre,,,,,,,Pre (5),,semi-tissue,2,5,-96,-96,-,5.30,-,-,-,16,Y,0.68,fiducial,260.000,2.296,N,2.296,2.7,-3.5,0.1,33,33,-68 to 28,-93,Krios3@Janelia,Falcon4,Thermo Scientific Selectris X,.eer,120.00,3.64,2.1,675,vGlut1mScarletxPSD95GFP mouse Schaffer collateral,20231020,20231020AM#1-2,20231121,OHSU,AMmilled#4-2,,20240111,Janelia,40 nM,1 ¬µM ZK; 1 ¬µM RR2b,20% dextran; 5% sucrose,yes
15F1,20240111_WaffleHipp_87,liza_az0,0,,,2.28,Other,,,,,,,,,semi-tissue,2,4,-96,-96,-,5.20,2.28,-,2.28,-,-,-,patch,,2.296,N,2.296,2.7,-3.5,0.1,33,33,-68 to 28,-93,Krios3@Janelia,Falcon4,Thermo Scientific Selectris X,.eer,120.00,3.64,2.1,675,vGlut1mScarletxPSD95GFP mouse Schaffer collateral,20231020,20231020AM#1-2,20231121,OHSU,AMmilled#4-2,,20240111,Janelia,40 nM,1 ¬µM ZK; 1 ¬µM RR2b,20% dextran; 5% sucrose,yes
15F1,20240111_WaffleHipp_91,best_alignment,0,very few AuNPs but nicely aligned and good quality fusion example; good for adding some to subtomo,,0.46,,,1,,,,,Pre (1); Other (1),,synaptosome,2,4,-96,-96,-,5.10,-,-,-,21,Y,0.46,fiducial,270.000,2.296,N,2.296,2.7,-3.5,0.1,33,33,-68 to 28,-93,Krios3@Janelia,Falcon4,Thermo Scientific Selectris X,.eer,120.00,3.64,2.1,675,vGlut1mScarletxPSD95GFP mouse Schaffer collateral,20231020,20231020AM#1-2,20231121,OHSU,AMmilled#4-2,,20240111,Janelia,40 nM,1 ¬µM ZK; 1 ¬µM RR2b,20% dextran; 5% sucrose,yes
15F1,20240111_WaffleHipp_96,liza_az0,0,large chunks of pre and postsynaptic membrane missing at cleft,,0.50,Other,,1,,,,,Other (2),,tissue,1,4,-96,-96,-,5.30,-,-,-,20,Y,0.5,fiducial,220.000,2.296,N,2.296,2.7,-3.5,0.1,33,33,-68 to 28,-93,Krios3@Janelia,Falcon4,Thermo Scientific Selectris X,.eer,120.00,3.64,2.1,675,vGlut1mScarletxPSD95GFP mouse Schaffer collateral,20231020,20231020AM#1-2,20231121,OHSU,AMmilled#4-2,,20240111,Janelia,40 nM,1 ¬µM ZK; 1 ¬µM RR2b,20% dextran; 5% sucrose,yes
15F1,20240112_AMmilled4-2_89,liza_az0,0,no active zonogram since top view where no membrane segmentations,,0.90,,,,,,,,Pre (2; top); Other (1),,tissue,1,4,-85,-85,-,2.70,,,,9,Y,0.9,fiducial,220.000,2.06,Y,1.03,2.7,-3.5,0.1,33,33,-68 to 28,-96,Krios2@PNCC,K3,Gatan Image Filter (GIF) BioContinuum HD,.tif,150.00,4.55,1.01,10,vGlut1mScarletxPSD95GFP mouse Schaffer collateral,20240109,20240109AM#1-1,20240110,OHSU,AMmilled#4-2,,20240112,PNCC,40 nM,1 ¬µM ZK; 1 ¬µM RR2b,20% dextran; 5% sucrose,yes
15F1,20240209_waffleHip_165,best_alignment,0,,,0.66,,,,,,,,,,semi-tissue,2,4,-96,-96,"1,2,3",11.40,-,-,-,6,Y,0.66,fiducial,200.000,2.296,N,2.296,2.7,-3.5,0.1,33,33,-68 to 28,-93,Krios3@Janelia,Falcon4,Thermo Scientific Selectris X,.eer,150.00,4.55,2.1,675,vGlut1mScarletxPSD95GFP mouse Schaffer collateral,20240109,20240109AM#2,20240124,OHSU,AMmilled#5-1,,20240209,Janelia,40 nM,1 ¬µM ZK; 1 ¬µM RR2b,20% dextran; 5% sucrose,yes
15F1,20240209_waffleHip_35,best_alignment,0,"only a few, good for sta particles",,1.12,Pre,Post,,,,,,,,synaptosome,3,4,-96,-96,-,2.50,1.1,3.00,1.05,-,-,-,patch,150.000,2.296,N,2.296,2.7,-3.5,0.1,33,33,-68 to 28,-93,Krios3@Janelia,Falcon4,Thermo Scientific Selectris X,.eer,150.00,4.55,2.1,675,vGlut1mScarletxPSD95GFP mouse Schaffer collateral,20240109,20240109AM#2,20240124,OHSU,AMmilled#5-1,,20240209,Janelia,40 nM,1 ¬µM ZK; 1 ¬µM RR2b,20% dextran; 5% sucrose,yes
15F1,20240209_waffleHip_71,liza_az0,0,few presynaptic vesicles but still plenty of good aunps and probably good for sta particles,,1.21,,Post,,,,,,Other (1),,semi-tissue,2,4,-96,-97,-,2.80,1.2,4.00,1.17,-,-,-,patch,150.000,2.296,N,2.296,2.7,-3.5,0.1,33,33,-68 to 28,-93,Krios3@Janelia,Falcon4,Thermo Scientific Selectris X,.eer,150.00,4.55,2.1,675,vGlut1mScarletxPSD95GFP mouse Schaffer collateral,20240109,20240109AM#2,20240124,OHSU,AMmilled#5-1,,20240209,Janelia,40 nM,1 ¬µM ZK; 1 ¬µM RR2b,20% dextran; 5% sucrose,yes
15F1,20240209_waffleHip_78,best_alignment,0,no vesicles but otherwise pretty nice,,0.79,,Post,,Post (good fig option; dozen? need go count; inside spherical compartment),,,,Other (2),,semi-tissue,2,4,-96,-95,-,7.00,-,-,-,10,Y,0.79,fiducial,220.000,2.296,N,2.296,2.7,-3.5,0.1,33,33,-68 to 28,-93,Krios3@Janelia,Falcon4,Thermo Scientific Selectris X,.eer,150.00,4.55,2.1,675,vGlut1mScarletxPSD95GFP mouse Schaffer collateral,20240109,20240109AM#2,20240124,OHSU,AMmilled#5-1,,20240209,Janelia,40 nM,1 ¬µM ZK; 1 ¬µM RR2b,20% dextran; 5% sucrose,yes
15F1,20240307_AMmilled6_252,liza_az0,0,,,1.80,,,,,,,,,,semi-tissue,2,5,-93,-94,-,3.20,1.8,4.00,1.67,0,-,-,patch,180.000,2.296,N,2.296,2.7,-3.5,0.1,33,33,-68 to 28,-93,Krios3@Janelia,Falcon4,Thermo Scientific Selectris X,.eer,120.00,3.64,2.1,675,vGlut1mScarletxPSD95GFP mouse Schaffer collateral,20240109,20240109AM#9,20240227,OHSU,AMmilled#6-1,,20240307,Janelia,40 nM,1 ¬µM ZK; 1 ¬µM RR2b,20% dextran; 5% sucrose,yes
15F1,20240523_HippWaffle_168,liza_az0,0,good for sta; a lot of top views hard to pick; clearly broken membranes,,0.63,,,,Post,,,,,,semi-tissue,2,5,-96,-96,-,1.40,0.63,-,0.63,-,-,-,patch,130.000,2.296,N,2.296,2.7,-3.5,0.1,33,33,-68 to 28,-93,Krios3@Janelia,Falcon4,Thermo Scientific Selectris X,.eer,120.00,3.64,1.92,612,vGlut1mScarletxPSD95GFP mouse Schaffer collateral,20240402,AM 20240402#5,20240425,OHSU,AMmilled#8-1,,20240523-4,Janelia,40 nM,1 ¬µM ZK; 1 ¬µM RR2b,20% dextran; 5% sucrose,yes
15F1,20240523_HippWaffle_197,best_alignment,"0,1",good for sta particles,,0.40,,Post,1,,,,,Pre (1); very clear density (good for snapshot),,synaptosome,3,5,-96,-95,"1,2",4.50,0.4,-,0.4,-,-,-,patch,100.000,2.296,N,2.296,2.7,-3.5,0.1,33,33,-68 to 28,-93,Krios3@Janelia,Falcon4,Thermo Scientific Selectris X,.eer,120.00,3.64,1.92,612,vGlut1mScarletxPSD95GFP mouse Schaffer collateral,20240402,AM 20240402#5,20240425,OHSU,AMmilled#8-1,,20240523-4,Janelia,40 nM,1 ¬µM ZK; 1 ¬µM RR2b,20% dextran; 5% sucrose,yes
15F1,20240523_HippWaffle_65,liza_az0,0,good for sta particles possibly,,1.74,,,,,,,,,,synaptosome,2,5,-96,-95,"1,2",6.00,1.7,10.00,1.71,,,,patch,,2.296,N,2.296,2.7,-3.5,0.1,33,33,-68 to 28,-93,Krios3@Janelia,Falcon4,Thermo Scientific Selectris X,.eer,120.00,3.64,1.92,612,vGlut1mScarletxPSD95GFP mouse Schaffer collateral,20240402,AM 20240402#5,20240425,OHSU,AMmilled#8-1,,20240523-4,Janelia,40 nM,1 ¬µM ZK; 1 ¬µM RR2b,20% dextran; 5% sucrose,yes
15F1,20240523_HippWaffle_71,liza_az0,0,,,1.24,,Post,,,,,,"Pre (5 in same terminal, 2 sets of 2); Other (1)",,tissue,1,5,-96,-97,-,2.80,1.2,3.00,1.24,-,-,-,patch,160.000,2.296,N,2.296,2.7,-3.5,0.1,33,33,-68 to 28,-93,Krios3@Janelia,Falcon4,Thermo Scientific Selectris X,.eer,120.00,3.64,1.92,612,vGlut1mScarletxPSD95GFP mouse Schaffer collateral,20240402,AM 20240402#5,20240425,OHSU,AMmilled#8-1,,20240523-4,Janelia,40 nM,1 ¬µM ZK; 1 ¬µM RR2b,20% dextran; 5% sucrose,yes
15F1,20240523_HippWaffle_91,best_alignment,0,good for sta particles,,0.75,,Post,,,,Post?,,Pre (1),,synaptosome,3,5,-96,-96,-,1.80,0.8,3.00,0.72,,,,patch,140.000,2.296,N,2.296,2.7,-3.5,0.1,33,33,-68 to 28,-93,Krios3@Janelia,Falcon4,Thermo Scientific Selectris X,.eer,120.00,3.64,1.92,612,vGlut1mScarletxPSD95GFP mouse Schaffer collateral,20240402,AM 20240402#5,20240425,OHSU,AMmilled#8-1,,20240523-4,Janelia,40 nM,1 ¬µM ZK; 1 ¬µM RR2b,20% dextran; 5% sucrose,yes
15F1,20240523_HippWaffle_99,liza_az0,0,,,1.00,,Post,,,Post (empty),Post (1-2 maybe?),,,,tissue,1,5,-96,-96,-,2.40,1.0,2.00,0.96,-,-,-,patch,,2.296,N,2.296,2.7,-3.5,0.1,33,33,-68 to 28,-93,Krios3@Janelia,Falcon4,Thermo Scientific Selectris X,.eer,120.00,3.64,1.92,612,vGlut1mScarletxPSD95GFP mouse Schaffer collateral,20240402,AM 20240402#5,20240425,OHSU,AMmilled#8-1,,20240523-4,Janelia,40 nM,1 ¬µM ZK; 1 ¬µM RR2b,20% dextran; 5% sucrose,yes
15F1,20240624_HippWaffle_17,liza_az0,0,,,0.96,,Post,,,,Post (1 maybe?),,Pre (1),,tissue,1,5,-96,-96,-,1.90,1.0,3.00,0.96,-,-,-,patch,,2.296,N,2.296,2.7,-3.5,0.1,33,33,-68 to 28,-93,Krios3@Janelia,Falcon4,Thermo Scientific Selectris X,.eer,120.00,3.64,1.92,612,vGlut1mScarletxPSD95GFP mouse Schaffer collateral,20240402,AM 20240402#5,20240425,OHSU,AMmilled#8-1,,20240624,Janelia,40 nM,1 ¬µM ZK; 1 ¬µM RR2b,20% dextran; 5% sucrose,yes
15F1,20240624_HippWaffle_18,liza_az0,0,,,1.31,,Post,,,,Post?,,,,semi-tissue,2,5,-96,-96,-,3.00,1.3,4.00,1.05,,,,patch,150.000,2.296,N,2.296,2.7,-3.5,0.1,33,33,-68 to 28,-93,Krios3@Janelia,Falcon4,Thermo Scientific Selectris X,.eer,120.00,3.64,1.92,612,vGlut1mScarletxPSD95GFP mouse Schaffer collateral,20240402,AM 20240402#5,20240425,OHSU,AMmilled#8-1,,20240624,Janelia,40 nM,1 ¬µM ZK; 1 ¬µM RR2b,20% dextran; 5% sucrose,yes
15F1,20240624_HippWaffle_21,liza_az0,0,,,0.87,Other,Post,,,,,,Pre (2),,tissue,1,5,-96,-96,-,1.90,0.9,2.00,0.75,-,-,-,patch,150.000,2.296,N,2.296,2.7,-3.5,0.1,33,33,-68 to 28,-93,Krios3@Janelia,Falcon4,Thermo Scientific Selectris X,.eer,120.00,3.64,1.92,612,vGlut1mScarletxPSD95GFP mouse Schaffer collateral,20240402,AM 20240402#5,20240425,OHSU,AMmilled#8-1,,20240624,Janelia,40 nM,1 ¬µM ZK; 1 ¬µM RR2b,20% dextran; 5% sucrose,yes
15F1,20240624_HippWaffle_22,liza_az0,0,hole in post membrane but not near pre so still pretty good,,0.83,,Post,1,,,Post; Other,,Pre (2); Other (1),,tissue,1,5,-96,-96,-,1.70,0.8,2.00,0.82,-,-,-,patch,130.000,2.296,N,2.296,2.7,-3.5,0.1,33,33,-68 to 28,-93,Krios3@Janelia,Falcon4,Thermo Scientific Selectris X,.eer,120.00,3.64,1.92,612,vGlut1mScarletxPSD95GFP mouse Schaffer collateral,20240402,AM 20240402#5,20240425,OHSU,AMmilled#8-1,,20240624,Janelia,40 nM,1 ¬µM ZK; 1 ¬µM RR2b,20% dextran; 5% sucrose,yes
15F1,20240624_HippWaffle_76,liza_az1_rerun,"0,1",,,0.85,,Post,,"Other post (good example, a few dozen in?)",Pre (empty); other (empty),Other post,,,,tissue,2,5,-96,-95,-,2.00,0.9,-,0.85,,,,patch,,2.296,N,2.296,2.7,-3.5,0.1,33,33,-68 to 28,-93,Krios3@Janelia,Falcon4,Thermo Scientific Selectris X,.eer,120.00,3.64,1.92,612,vGlut1mScarletxPSD95GFP mouse Schaffer collateral,20240402,AM 20240402#5,20240425,OHSU,AMmilled#8-1,,20240624,Janelia,40 nM,1 ¬µM ZK; 1 ¬µM RR2b,20% dextran; 5% sucrose,yes
15F1,20240624_HippWaffle_83,best_alignment,0,good for sta particles,,1.08,,Post,,,,,,Post (many top); Other (2),,tissue,2,5,-96,-96,-,2.30,1.1,3.00,1.05,-,-,-,patch,190.000,2.296,N,2.296,2.7,-3.5,0.1,33,33,-68 to 28,-93,Krios3@Janelia,Falcon4,Thermo Scientific Selectris X,.eer,120.00,3.64,1.92,612,vGlut1mScarletxPSD95GFP mouse Schaffer collateral,20240402,AM 20240402#5,20240425,OHSU,AMmilled#8-1,,20240624,Janelia,40 nM,1 ¬µM ZK; 1 ¬µM RR2b,20% dextran; 5% sucrose,yes
15F1,20240624_HippWaffle_86,liza_az0_rerun,0,,,1.09,Pre; Other,Post,,,,,,Pre (1),,tissue,1,5,-96,-96,-,2.40,1.1,-,1.09,-,-,-,patch,170.000,2.296,N,2.296,2.7,-3.5,0.1,33,33,-68 to 28,-93,Krios3@Janelia,Falcon4,Thermo Scientific Selectris X,.eer,120.00,3.64,1.92,612,vGlut1mScarletxPSD95GFP mouse Schaffer collateral,20240402,AM 20240402#5,20240425,OHSU,AMmilled#8-1,,20240624,Janelia,40 nM,1 ¬µM ZK; 1 ¬µM RR2b,20% dextran; 5% sucrose,yes
15F1,20240624_HippWaffle_88,best_alignment,0,"ONLY for endocytosing patch (not in normal AuNPs analysis set, other alignments are)",,1.34,Pre; Other,Post,,insertion or recycling?,Other(good fig example),,,Pre (1),,tissue,1,5,-96,-96,-,3.10,1.3,4.00,1.24,-,-,-,patch,190.000,2.296,N,2.296,2.7,-3.5,0.1,33,33,-68 to 28,-93,Krios3@Janelia,Falcon4,Thermo Scientific Selectris X,.eer,120.00,3.64,1.92,612,vGlut1mScarletxPSD95GFP mouse Schaffer collateral,20240402,AM 20240402#5,20240425,OHSU,AMmilled#8-1,,20240624,Janelia,40 nM,1 ¬µM ZK; 1 ¬µM RR2b,20% dextran; 5% sucrose,yes
15F1,20240624_HippWaffle_88,liza_az0_rerun,0,best for az0 other aunps (non-endocytosing patch),,1.34,Pre; Other,Post,,"Recyling patch (good example, looks like in process of recycling)",Other(good fig example),,,Pre (1),,tissue,1,5,-96,-96,-,3.10,1.3,4.00,1.24,-,-,-,patch,190.000,2.296,N,2.296,2.7,-3.5,0.1,33,33,-68 to 28,-93,Krios3@Janelia,Falcon4,Thermo Scientific Selectris X,.eer,120.00,3.64,1.92,612,vGlut1mScarletxPSD95GFP mouse Schaffer collateral,20240402,AM 20240402#5,20240425,OHSU,AMmilled#8-1,,20240624,Janelia,40 nM,1 ¬µM ZK; 1 ¬µM RR2b,20% dextran; 5% sucrose,yes
15F1,20240624_HippWaffle_88,liza_az1_rerun,0,best for az1 (edge of tomogram),,1.34,Pre; Other,Post,,,Other(good fig example),,,Pre (1),,tissue,1,5,-96,-96,-,3.10,1.3,4.00,1.24,-,-,-,patch,190.000,2.296,N,2.296,2.7,-3.5,0.1,33,33,-68 to 28,-93,Krios3@Janelia,Falcon4,Thermo Scientific Selectris X,.eer,120.00,3.64,1.92,612,vGlut1mScarletxPSD95GFP mouse Schaffer collateral,20240402,AM 20240402#5,20240425,OHSU,AMmilled#8-1,,20240624,Janelia,40 nM,1 ¬µM ZK; 1 ¬µM RR2b,20% dextran; 5% sucrose,yes
15F1,20240901_AMmilled13-1_43,best_alignment,0,weird invagitation at presynaptic membrane looks too big for normal fusion,,0.48,,Post,1,,,Post,,,,tissue,1,5,-85,-85,-,,-,-,-,13,Y,0.48,fiducial,150.000,2.06,Y,1.03,2.7,-3.5,0.1,33,33,-68 to 28,-96,Krios2@PNCC,K3,Gatan Image Filter (GIF) BioContinuum HD,.tif,120.00,3.64,0.72,10,vGlut1mScarletxPSD95GFP mouse Schaffer collateral,20240718,20240718AM1 (PVP),20240801,OHSU,AMmilled#13-1,,20240901,PNCC,40 nM,1 ¬µM ZK; 1 ¬µM RR2b,20% PVP,yes
15F1,20241030_AMmilled12-1_12,liza_az0,0,large chunks of postsynaptic membrane missing at cleft,,0.98,Other,Post,,,,Post (1 maybe?),,,,tissue,1,5,-85,-,-,-,1.0,-,0.979,-,-,-,patch,,2.089,Y,1.0445,2.7,-5,0.1,33,33,-68 to 28,-85,Krios4@PNCC,K3,BioContinuum HD,.tif,120.00,3.64,0.76,10.000,vGlut1mScarletxPSD95GFP mouse Schaffer collateral,20240430,20240430AM3,20240710,OHSU,AMmilled#12-1,,20241030,PNCC,40 nM,1 ¬µM ZK; 1 ¬µM RR2b,20% dextran; 5% sucrose,yes
15F1,20241030_AMmilled12-1_15,best_alignment,0,only including the central synapse face in analysis (the side one is not well segmented near the aunps),,0.50,Other,Post,1,,,Post,,Pre (2),,tissue,1,5,-85,-,-,-,0.5,-,0.503,-,-,-,patch,,2.089,Y,1.0445,2.7,-5,0.1,33,33,-68 to 28,-85,Krios4@PNCC,K3,BioContinuum HD,.tif,120.00,3.64,0.76,10.000,vGlut1mScarletxPSD95GFP mouse Schaffer collateral,20240430,20240430AM3,20240710,OHSU,AMmilled#12-1,,20241030,PNCC,40 nM,1 ¬µM ZK; 1 ¬µM RR2b,20% dextran; 5% sucrose,yes
15F1,20241030_AMmilled12-1_15,liza_az2,2,only including the central synapse face in analysis (the side one is not well segmented near the aunps),,0.50,Other,Post,,,,Post,,Pre (2),,tissue,1,5,-85,-,-,-,0.5,-,0.503,-,-,-,patch,,2.089,Y,1.0445,2.7,-5,0.1,33,33,-68 to 28,-85,Krios4@PNCC,K3,BioContinuum HD,.tif,120.00,3.64,0.76,10.000,vGlut1mScarletxPSD95GFP mouse Schaffer collateral,20240430,20240430AM3,20240710,OHSU,AMmilled#12-1,,20241030,PNCC,40 nM,1 ¬µM ZK; 1 ¬µM RR2b,20% dextran; 5% sucrose,yes
15F1,20241030_AMmilled12-2_30,liza_az0_rerun,0,,,1.08,Pre,,3,,,,,,,tissue,1,5,-85,-,-,-,1.083,-,1.083,28,Y,1.181,patch,,2.089,Y,1.0445,2.7,-5,0.1,33,33,-68 to 28,-85,Krios4@PNCC,K3,BioContinuum HD,.tif,120.00,3.64,0.76,10.000,vGlut1mScarletxPSD95GFP mouse Schaffer collateral,20240430,20240430AM2,20240710,OHSU,AMmilled#12-2,,20241030,PNCC,40 nM,1 ¬µM ZK; 1 ¬µM RR2b,20% dextran; 5% sucrose,yes
15F1,20241030_AMmilled12-2_41,liza_az1_rerun,0,,,0.90,,Post,,,,Post,,,,tissue,1,5,-85,-,-,-,1.478,-,1.478,24,Y,0.901,patch,,2.089,Y,1.0445,2.7,-5,0.1,33,32,-65 to 28,-85,Krios4@PNCC,K3,BioContinuum HD,.tif,120.00,3.64,0.76,10.000,vGlut1mScarletxPSD95GFP mouse Schaffer collateral,20240430,20240430AM2,20240710,OHSU,AMmilled#12-2,,20241030,PNCC,40 nM,1 ¬µM ZK; 1 ¬µM RR2b,20% dextran; 5% sucrose,yes
15F1,20241030_AMmilled12-2_53,liza_az0_rerun,0,astrocytic AMPAR?,,0.80,Other,Post,,,,Post,,Other (3?; top),,tissue,1,5,-85,-,-,-,-,-,-,19,Y,0.799,fiducial,,2.089,Y,1.0445,2.7,-5,0.1,33,32,-65 to 28,-85,Krios4@PNCC,K3,BioContinuum HD,.tif,120.00,3.64,0.76,10.000,vGlut1mScarletxPSD95GFP mouse Schaffer collateral,20240430,20240430AM2,20240710,OHSU,AMmilled#12-2,,20241030,PNCC,40 nM,1 ¬µM ZK; 1 ¬µM RR2b,20% dextran; 5% sucrose,yes
15F1,20241030_AMmilled12-2_62,liza_az0_rerun,0,,,0.83,Pre,,,,,,,,,tissue,1,5,-85,-,1.00,-,-,-,-,22,Y,0.827,fiducial,,2.089,Y,1.0445,2.7,-5,0.1,33,32,-65 to 28,-85,Krios4@PNCC,K3,BioContinuum HD,.tif,120.00,3.64,0.76,10.000,vGlut1mScarletxPSD95GFP mouse Schaffer collateral,20240430,20240430AM2,20240710,OHSU,AMmilled#12-2,,20241030,PNCC,40 nM,1 ¬µM ZK; 1 ¬µM RR2b,20% dextran; 5% sucrose,yes
15F1,20241030_AMmilled12-2_78,liza_az0_rerun,0,,,0.79,,,,,,,,,,tissue,1,5,-85,-,-,-,1.866,-,1.866,13,Y,0.791,patch,,2.089,Y,1.0445,2.7,-5,0.1,33,32,-65 to 28,-85,Krios4@PNCC,K3,BioContinuum HD,.tif,120.00,3.64,0.76,10.000,vGlut1mScarletxPSD95GFP mouse Schaffer collateral,20240430,20240430AM2,20240710,OHSU,AMmilled#12-2,,20241030,PNCC,40 nM,1 ¬µM ZK; 1 ¬µM RR2b,20% dextran; 5% sucrose,yes
15F1-H12Cys,20251028_AMmilled32-1_Position_104,liza_az0,0,,,0.38,Other,,3,,Pre (?),,,,,semi-tissue,2,5,-96,-,"1,2",-,0.38,-,0.38,-,-,-,patch,,1.9,N,1.9,2.7,-5 to -3.5,0.1,33,33,-68 to 28,-96,Krios1@CZII,Falcon4i,Selectris,.eer,120.00,3.64,,378,vGlut1mScarletxPSD95GFP mouse Schaffer collateral,20250429,20250429AM2,20250430,OHSU,AMmilled32-1,,20251028,CZII,40 nM,1 ¬µM ZK; 100 nM RR2b,20% dextran; 5% sucrose,yes
15F1-H12Cys,20251028_AMmilled32-1_Position_104_2,best_alignment,0,$$; great docking and MT examples for snapshots,,0.35,Pre,Post,,,Empty on presynaptic side,,,Other (3),,tissue,1,5,-96,-,"1,33",-,0.35,-,0.35,-,-,-,patch,,1.9,N,1.9,2.7,-5 to -3.5,0.1,33,33,-68 to 28,-96,Krios1@CZII,Falcon4i,Selectris,.eer,120.00,3.64,,378,vGlut1mScarletxPSD95GFP mouse Schaffer collateral,20250429,20250429AM2,20250430,OHSU,AMmilled32-1,,20251028,CZII,40 nM,1 ¬µM ZK; 100 nM RR2b,20% dextran; 5% sucrose,yes
15F1-H12Cys,20251028_AMmilled32-1_Position_19,best_alignment,0,,,0.89,,,,,,,,,,semi-tissue,2,5,-96,-,1.0,-,0.89,-,0.89,-,-,-,patch,,1.9,N,1.9,2.7,-5 to -3.5,0.1,33,33,-68 to 28,-96,Krios1@CZII,Falcon4i,Selectris,.eer,120.00,3.64,,378,vGlut1mScarletxPSD95GFP mouse Schaffer collateral,20250429,20250429AM2,20250430,OHSU,AMmilled32-1,,20251028,CZII,40 nM,1 ¬µM ZK; 100 nM RR2b,20% dextran; 5% sucrose,yes
15F1-H12Cys,20251028_AMmilled32-1_Position_31_3,liza_az0,0,,,0.75,,,,,,,,Pre (1; top),,semi-tissue,2,5,-96,-,1.0,-,0.75,-,0.75,-,-,-,patch,,1.9,N,1.9,2.7,-5 to -3.5,0.1,33,33,-68 to 28,-96,Krios1@CZII,Falcon4i,Selectris,.eer,120.00,3.64,,378,vGlut1mScarletxPSD95GFP mouse Schaffer collateral,20250429,20250429AM2,20250430,OHSU,AMmilled32-1,,20251028,CZII,40 nM,1 ¬µM ZK; 100 nM RR2b,20% dextran; 5% sucrose,yes
15F1-H12Cys,20251028_AMmilled32-1_Position_31_5,best_alignment,0,,,0.59,,,,,,,,,,tissue,2,5,-96,-,-,-,0.59,-,0.59,-,-,-,patch,,1.9,N,1.9,2.7,-5 to -3.5,0.1,33,33,-68 to 28,-96,Krios1@CZII,Falcon4i,Selectris,.eer,120.00,3.64,,378,vGlut1mScarletxPSD95GFP mouse Schaffer collateral,20250429,20250429AM2,20250430,OHSU,AMmilled32-1,,20251028,CZII,40 nM,1 ¬µM ZK; 100 nM RR2b,20% dextran; 5% sucrose,yes
15F1-H12Cys,20251028_AMmilled32-1_Position_36_4,best_alignment,0,,,0.42,,,,,,,,,,semi-tissue,2,5,-96,-,-,-,0.42,-,0.42,-,-,-,patch,,1.9,N,1.9,2.7,-5 to -3.5,0.1,33,33,-68 to 28,-96,Krios1@CZII,Falcon4i,Selectris,.eer,120.00,3.64,,378,vGlut1mScarletxPSD95GFP mouse Schaffer collateral,20250429,20250429AM2,20250430,OHSU,AMmilled32-1,,20251028,CZII,40 nM,1 ¬µM ZK; 100 nM RR2b,20% dextran; 5% sucrose,yes
15F1-H12Cys,20251028_AMmilled32-1_Position_42,liza_az0,0,,,0.88,"Pre, Other",,1,,,,,,,synaptosome,2,5,-96,-,"1,2,3,4,5,6",-,0.88,-,0.88,-,-,-,patch,,1.9,N,1.9,2.7,-5 to -3.5,0.1,33,33,-68 to 28,-96,Krios1@CZII,Falcon4i,Selectris,.eer,120.00,3.64,,378,vGlut1mScarletxPSD95GFP mouse Schaffer collateral,20250429,20250429AM2,20250430,OHSU,AMmilled32-1,,20251028,CZII,40 nM,1 ¬µM ZK; 100 nM RR2b,20% dextran; 5% sucrose,yes
15F1-H12Cys,20251028_AMmilled32-1_Position_43,liza_az0,0,,,0.58,,Post,,,,,,,,synaptosome,3,5,-96,-,-,-,0.58,-,0.58,-,-,-,patch,,1.9,N,1.9,2.7,-5 to -3.5,0.1,33,33,-68 to 28,-96,Krios1@CZII,Falcon4i,Selectris,.eer,120.00,3.64,,378,vGlut1mScarletxPSD95GFP mouse Schaffer collateral,20250429,20250429AM2,20250430,OHSU,AMmilled32-1,,20251028,CZII,40 nM,1 ¬µM ZK; 100 nM RR2b,20% dextran; 5% sucrose,yes
15F1-H12Cys,20251028_AMmilled32-1_Position_44,liza_az0,0,,,0.72,,Post,,,,,,Pre (4; top),,semi-tissue,2,5,-96,-,"1,2,3",-,0.72,-,0.72,-,-,-,patch,,1.9,N,1.9,2.7,-5 to -3.5,0.1,33,33,-68 to 28,-96,Krios1@CZII,Falcon4i,Selectris,.eer,120.00,3.64,,378,vGlut1mScarletxPSD95GFP mouse Schaffer collateral,20250429,20250429AM2,20250430,OHSU,AMmilled32-1,,20251028,CZII,40 nM,1 ¬µM ZK; 100 nM RR2b,20% dextran; 5% sucrose,yes
15F1-H12Cys,20251028_AMmilled32-1_Position_56_7,liza_az0,0,,,1.40,,,,,,,,,,synaptosome,2,5,-96,-,-,-,1.4,-,1.4,-,-,-,patch,,1.9,N,1.9,2.7,-5 to -3.5,0.1,33,33,-68 to 28,-96,Krios1@CZII,Falcon4i,Selectris,.eer,120.00,3.64,,378,vGlut1mScarletxPSD95GFP mouse Schaffer collateral,20250429,20250429AM2,20250430,OHSU,AMmilled32-1,,20251028,CZII,40 nM,1 ¬µM ZK; 100 nM RR2b,20% dextran; 5% sucrose,yes
15F1-H12Cys,20251028_AMmilled32-1_Position_57_4,best_alignment,0,$ try docking,,0.39,,,,,Y,,,Y (presynaptic),,tissue,1,5,-96,-,-,-,0.39,-,0.39,-,-,-,patch,,1.9,N,1.9,2.7,-5 to -3.5,0.1,33,33,-68 to 28,-96,Krios1@CZII,Falcon4i,Selectris,.eer,120.00,3.64,,378,vGlut1mScarletxPSD95GFP mouse Schaffer collateral,20250429,20250429AM2,20250430,OHSU,AMmilled32-1,,20251028,CZII,40 nM,1 ¬µM ZK; 100 nM RR2b,20% dextran; 5% sucrose,yes
15F1-H12Cys,20251028_AMmilled32-1_Position_65,best_alignment,0,$ try docking,,0.46,,,1,,,,,,,semi-tissue,2,5,-96,-,1.0,-,0.46,-,0.46,-,-,-,patch,,1.9,N,1.9,2.7,-5 to -3.5,0.1,33,33,-68 to 28,-96,Krios1@CZII,Falcon4i,Selectris,.eer,120.00,3.64,,378,vGlut1mScarletxPSD95GFP mouse Schaffer collateral,20250429,20250429AM2,20250430,OHSU,AMmilled32-1,,20251028,CZII,40 nM,1 ¬µM ZK; 100 nM RR2b,20% dextran; 5% sucrose,yes
15F1-H12Cys,20251028_AMmilled32-1_Position_70_4,liza_az0,0,,,0.67,Other,Post,1,,,,,,,semi-tissue,3,5,-96,-,1.0,-,0.67,-,0.67,-,-,-,patch,,1.9,N,1.9,2.7,-5 to -3.5,0.1,33,33,-68 to 28,-96,Krios1@CZII,Falcon4i,Selectris,.eer,120.00,3.64,,378,vGlut1mScarletxPSD95GFP mouse Schaffer collateral,20250429,20250429AM2,20250430,OHSU,AMmilled32-1,,20251028,CZII,40 nM,1 ¬µM ZK; 100 nM RR2b,20% dextran; 5% sucrose,yes
15F1-H12Cys,20251028_AMmilled32-1_Position_71_4,liza_az0,0,,,0.37,Pre,,,,Other (1; empty),,,Other (2; top and side),,semi-tissue,3,5,-96,-,1,-,0.37,-,0.37,-,-,-,patch,,1.9,N,1.9,2.7,-5 to -3.5,0.1,33,33,-68 to 28,-96,Krios1@CZII,Falcon4i,Selectris,.eer,120.00,3.64,,378,vGlut1mScarletxPSD95GFP mouse Schaffer collateral,20250429,20250429AM2,20250430,OHSU,AMmilled32-1,,20251028,CZII,40 nM,1 ¬µM ZK; 100 nM RR2b,20% dextran; 5% sucrose,yes
15F1-H12Cys,20251028_AMmilled32-1_Position_77_2,best_alignment,0,$ try docking AZ0,,0.68,,,,,,,,,,tissue,2,5,-96,-,"1,2,3",-,0.68,-,0.68,-,-,-,patch,,1.9,N,1.9,2.7,-5 to -3.5,0.1,33,33,-68 to 28,-96,Krios1@CZII,Falcon4i,Selectris,.eer,120.00,3.64,,378,vGlut1mScarletxPSD95GFP mouse Schaffer collateral,20250429,20250429AM2,20250430,OHSU,AMmilled32-1,,20251028,CZII,40 nM,1 ¬µM ZK; 100 nM RR2b,20% dextran; 5% sucrose,yes
15F1-H12Cys,20251028_AMmilled32-1_Position_79,liza_az0,0,,,0.59,,Post,,,,,,,,synaptosome,3,5,-96,-,-,-,0.59,-,0.59,-,-,-,patch,,1.9,N,1.9,2.7,-5 to -3.5,0.1,33,33,-68 to 28,-96,Krios1@CZII,Falcon4i,Selectris,.eer,120.00,3.64,,378,vGlut1mScarletxPSD95GFP mouse Schaffer collateral,20250429,20250429AM2,20250430,OHSU,AMmilled32-1,,20251028,CZII,40 nM,1 ¬µM ZK; 100 nM RR2b,20% dextran; 5% sucrose,yes
15F1-H12Cys,20251028_AMmilled32-1_Position_79_2,liza_az0,0,,,0.57,,Post,,,,Post (1?),,,,synaptosome,3,5,-96,-,-,-,0.57,-,0.57,-,-,-,patch,,1.9,N,1.9,2.7,-5 to -3.5,0.1,33,33,-68 to 28,-96,Krios1@CZII,Falcon4i,Selectris,.eer,120.00,3.64,,378,vGlut1mScarletxPSD95GFP mouse Schaffer collateral,20250429,20250429AM2,20250430,OHSU,AMmilled32-1,,20251028,CZII,40 nM,1 ¬µM ZK; 100 nM RR2b,20% dextran; 5% sucrose,yes
15F1-H12Cys,20251028_AMmilled32-1_Position_82,best_alignment,0,$ try docking AZ0,,0.78,,,,,,,,,,semi-tissue,2,5,-96,-,-,-,0.78,-,0.78,-,-,-,patch,,1.9,N,1.9,2.7,-5 to -3.5,0.1,33,33,-68 to 28,-96,Krios1@CZII,Falcon4i,Selectris,.eer,120.00,3.64,,378,vGlut1mScarletxPSD95GFP mouse Schaffer collateral,20250429,20250429AM2,20250430,OHSU,AMmilled32-1,,20251028,CZII,40 nM,1 ¬µM ZK; 100 nM RR2b,20% dextran; 5% sucrose,yes
15F1-H12Cys,20251028_AMmilled32-1_Position_85,liza_az0,0,"$ great contrast; clear actin, ribosome?, receptor density right across from fusing vesicle",,0.40,Pre,Post,3,,,Post,,,,synaptosome,3,5,-96,-,-,-,0.4,-,0.4,-,-,-,patch,,1.9,N,1.9,2.7,-5 to -3.5,0.1,33,33,-68 to 28,-96,Krios1@CZII,Falcon4i,Selectris,.eer,120.00,3.64,,378,vGlut1mScarletxPSD95GFP mouse Schaffer collateral,20250429,20250429AM2,20250430,OHSU,AMmilled32-1,,20251028,CZII,40 nM,1 ¬µM ZK; 100 nM RR2b,20% dextran; 5% sucrose,yes
15F1-H12Cys,20251028_AMmilled32-1_Position_85_2,liza_az0,0,,,0.50,,Post,,,,Post,,,,synaptosome,3,5,-96,-,1.0,-,0.5,-,0.5,-,-,-,patch,,1.9,N,1.9,2.7,-5 to -3.5,0.1,33,33,-68 to 28,-96,Krios1@CZII,Falcon4i,Selectris,.eer,120.00,3.64,,378,vGlut1mScarletxPSD95GFP mouse Schaffer collateral,20250429,20250429AM2,20250430,OHSU,AMmilled32-1,,20251028,CZII,40 nM,1 ¬µM ZK; 100 nM RR2b,20% dextran; 5% sucrose,yes
15F1-H12Cys,20251028_AMmilled32-1_Position_86_3,liza_az0,0,,,0.40,,Post,,,,,,Pre (7; top),,synaptosome,3,5,-96,-,1.0,-,0.4,-,0.4,-,-,-,patch,,1.9,N,1.9,2.7,-5 to -3.5,0.1,33,33,-68 to 28,-96,Krios1@CZII,Falcon4i,Selectris,.eer,120.00,3.64,,378,vGlut1mScarletxPSD95GFP mouse Schaffer collateral,20250429,20250429AM2,20250430,OHSU,AMmilled32-1,,20251028,CZII,40 nM,1 ¬µM ZK; 100 nM RR2b,20% dextran; 5% sucrose,yes
15F1-H12Cys,20251028_AMmilled32-1_Position_89,liza_az0,0,,,0.42,,Post,,,,,,,,synaptosome,3,5,-96,-,1.0,-,0.42,-,0.42,-,-,-,patch,,1.9,N,1.9,2.7,-5 to -3.5,0.1,33,33,-68 to 28,-96,Krios1@CZII,Falcon4i,Selectris,.eer,120.00,3.64,,378,vGlut1mScarletxPSD95GFP mouse Schaffer collateral,20250429,20250429AM2,20250430,OHSU,AMmilled32-1,,20251028,CZII,40 nM,1 ¬µM ZK; 100 nM RR2b,20% dextran; 5% sucrose,yes
15F1-H12Cys,20251028_AMmilled32-1_Position_95_3,liza_az0,0,,,1.16,Pre,,1,,,,,,,synaptosome,3,5,-96,-,-,-,1.16,-,1.16,-,-,-,patch,,1.9,N,1.9,2.7,-5 to -3.5,0.1,33,33,-68 to 28,-96,Krios1@CZII,Falcon4i,Selectris,.eer,120.00,3.64,,378,vGlut1mScarletxPSD95GFP mouse Schaffer collateral,20250429,20250429AM2,20250430,OHSU,AMmilled32-1,,20251028,CZII,40 nM,1 ¬µM ZK; 100 nM RR2b,20% dextran; 5% sucrose,yes
15F1-H12Cys_quis,20251027_CZII_AMmilled41-1_H1-2Cys_quis_Position_14_3,liza_az0,0,,,1.63,,Post,,,,,,,,synaptosome,2,5,-96,-,-,-,1.63,-,1.63,-,-,-,patch,,1.9,N,1.9,2.7,-5 to -3.5,0.1,33,33,-68 to 28,-96,Krios1@CZII,Falcon4i,Selectris,.eer,120.00,3.64,,378,vGlut1mScarletxPSD95GFP mouse Schaffer collateral,20250930,20250930#11,20251015,OHSU,AMmilled41-1,,20251027,CZII,40 nM,1 mM L-Quisqualic acid,20% dextran; 5% sucrose,yes
15F1-H12Cys_quis,20251027_CZII_AMmilled41-1_H1-2Cys_quis_Position_17,liza_az0,0,,,0.97,,,,,,,,,,synaptosome,2,5,-96,-,-,-,0.97,-,0.97,7,-,-,patch,,1.9,N,1.9,2.7,-5 to -3.5,0.1,33,33,-68 to 28,-96,Krios1@CZII,Falcon4i,Selectris,.eer,120.00,3.64,,378,vGlut1mScarletxPSD95GFP mouse Schaffer collateral,20250930,20250930#11,20251015,OHSU,AMmilled41-1,,20251027,CZII,40 nM,1 mM L-Quisqualic acid,20% dextran; 5% sucrose,yes
15F1-H12Cys_quis,20251027_CZII_AMmilled41-1_H1-2Cys_quis_Position_5_2,best_alignment,0,$$; broken post?,,0.69,,,,,,,,,,semi-tissue,2,5,-96,-,-,-,0.69,-,0.69,-,-,-,patch,140.000,1.9,N,1.9,2.7,-5 to -3.5,0.1,33,33,-68 to 28,-96,Krios1@CZII,Falcon4i,Selectris,.eer,120.00,3.64,,378,vGlut1mScarletxPSD95GFP mouse Schaffer collateral,20250930,20250930#11,20251015,OHSU,AMmilled41-1,,20251027,CZII,40 nM,1 mM L-Quisqualic acid,20% dextran; 5% sucrose,yes
15F1-H12Cys_quis,20251027_CZII_AMmilled41-3_H1-2Cys_quis_Position_1,best_alignment,0,not many receptors,,0.84,,,,,,,,,,synaptosome,3,5,-96,-,-,-,1.78,-,1.78,5,Y,0.84,fiducial,,1.9,N,1.9,2.7,-5 to -3.5,0.1,33,33,-68 to 28,-96,Krios1@CZII,Falcon4i,Selectris,.eer,120.00,3.64,,378,vGlut1mScarletxPSD95GFP mouse Schaffer collateral,20250930,20250930#13,20251017,OHSU,AMmilled41-3,,20251027,CZII,40 nM,1 mM L-Quisqualic acid,20% dextran; 5% sucrose,yes
15F1-H12Cys_quis,20251027_CZII_AMmilled41-3_H1-2Cys_quis_Position_1_2,liza_az0,0,membrane may not segment well enough,,0.67,,,,,,,,,,synaptosome,3,5,-96,-,-,-,0.67,-,0.67,-,-,-,patch,,1.9,N,1.9,2.7,-5 to -3.5,0.1,33,33,-68 to 28,-96,Krios1@CZII,Falcon4i,Selectris,.eer,120.00,3.64,,378,vGlut1mScarletxPSD95GFP mouse Schaffer collateral,20250930,20250930#13,20251017,OHSU,AMmilled41-3,,20251027,CZII,40 nM,1 mM L-Quisqualic acid,20% dextran; 5% sucrose,yes
15F1-H12Cys_quis,20251027_CZII_AMmilled41-3_H1-2Cys_quis_Position_32,liza_az0,0,,,1.22,,Post,,,Post (empty),Post,,,,synaptosome,3,5,-96,-,-,-,1.22,-,1.22,-,-,-,patch,,1.9,N,1.9,2.7,-5 to -3.5,0.1,33,33,-68 to 28,-96,Krios1@CZII,Falcon4i,Selectris,.eer,120.00,3.64,,378,vGlut1mScarletxPSD95GFP mouse Schaffer collateral,20250930,20250930#13,20251017,OHSU,AMmilled41-3,,20251027,CZII,40 nM,1 mM L-Quisqualic acid,20% dextran; 5% sucrose,yes
15F1-H12Cys_quis,20251027_CZII_AMmilled41-3_H1-2Cys_quis_Position_32_2,liza_az0,0,,,1.35,,Post,4,,,Post,,Pre (1),,synaptosome,3,5,-96,-,-,-,1.35,-,1.35,-,-,-,patch,,1.9,N,1.9,2.7,-5 to -3.5,0.1,33,33,-68 to 28,-96,Krios1@CZII,Falcon4i,Selectris,.eer,120.00,3.64,,378,vGlut1mScarletxPSD95GFP mouse Schaffer collateral,20250930,20250930#13,20251017,OHSU,AMmilled41-3,,20251027,CZII,40 nM,1 mM L-Quisqualic acid,20% dextran; 5% sucrose,yes
15F1-H4K2Cys,AMmilled49-1_Position_10_2,best_alignment,0,$$,,0.83,,Post,,,,,,,,synaptosome,3,5,-96,-,-,0.827,-,-,-,-,-,-,patch,,2.4,N,2.4,2.7,-3.0 to -5,0.1,33,33,-68 to 28,-96,Krios4@Janelia,Falcon4,Thermo Scientific Selectris X,.eer,120.00,3.64,1.99,612,vGlut1mScarletxPSD95GFP mouse Schaffer collateral,20251216,20251216AM#1,20260117,OHSU,AMmilled#49-1,,20260131,Janelia,40 nM 15F1Fab-AuNP(H4K-2Cys),1 ¬µM ZK; 100 nM RR2b,20% dextran; 5% sucrose,yes
15F1-H4K2Cys,AMmilled49-1_Position_20,liza_az0,0,not that many aunps,,0.76,Other,,,,,Post,,,,synaptosome,3,5,-96,-,-,-,1.97,-,1.97,24,-,0.76,fiducial,,2.4,N,2.4,2.7,-3.0 to -5,0.1,33,33,-68 to 28,-96,Krios4@Janelia,Falcon4,Thermo Scientific Selectris X,.eer,120.00,3.64,1.99,612,vGlut1mScarletxPSD95GFP mouse Schaffer collateral,20251216,20251216AM#1,20260117,OHSU,AMmilled#49-1,,20260131,Janelia,40 nM 15F1Fab-AuNP(H4K-2Cys),1 ¬µM ZK; 100 nM RR2b,20% dextran; 5% sucrose,yes
15F1-H4K2Cys,AMmilled49-1_Position_28,liza_az0,0,some blurry,,0.79,Other,Post,1,,,Post,,,,semi-tissue,2,5,-96,-,"1,2,3,4,5",-,0.79,-,0.79,-,-,-,patch,,2.4,N,2.4,2.7,-3.0 to -5,0.1,33,33,-68 to 28,-96,Krios4@Janelia,Falcon4,Thermo Scientific Selectris X,.eer,120.00,3.64,1.99,612,vGlut1mScarletxPSD95GFP mouse Schaffer collateral,20251216,20251216AM#1,20260117,OHSU,AMmilled#49-1,,20260131,Janelia,40 nM 15F1Fab-AuNP(H4K-2Cys),1 ¬µM ZK; 100 nM RR2b,20% dextran; 5% sucrose,yes
15F1-H4K2Cys,AMmilled49-2_Position_17,best_alignment,0,if picking improved,,1.01,,Post,,,,,,,,semi-tissue,3,5,-96,-,"1,2",2.146,-,-,-,8,-,1.01,fiducial,,2.4,N,2.4,2.7,-3.0 to -5,0.1,33,33,-68 to 28,-96,Krios4@Janelia,Falcon4,Thermo Scientific Selectris X,.eer,120.00,3.64,1.99,612,vGlut1mScarletxPSD95GFP mouse Schaffer collateral,20251216,20251216AM#2,20260121,OHSU,AMmilled#49-2,,20260130,Janelia,40 nM 15F1Fab-AuNP(H4K-2Cys),1 ¬µM ZK; 100 nM RR2b,20% dextran; 5% sucrose,yes
15F1-H4K2Cys,AMmilled49-2_Position_20,liza_az0,0,,,0.48,,Post,,,,,,,,semi-tissue,3,5,-96,-,-,-,-,-,-,17,-,0.48,fiducial,,2.4,N,2.4,2.7,-3.0 to -5,0.1,33,33,-68 to 28,-96,Krios4@Janelia,Falcon4,Thermo Scientific Selectris X,.eer,120.00,3.64,1.99,612,vGlut1mScarletxPSD95GFP mouse Schaffer collateral,20251216,20251216AM#2,20260121,OHSU,AMmilled#49-2,,20260130,Janelia,40 nM 15F1Fab-AuNP(H4K-2Cys),1 ¬µM ZK; 100 nM RR2b,20% dextran; 5% sucrose,yes
15F1-H4K2Cys,AMmilled49-2_Position_24,liza_az0,0,not that many aunps and at edge,,0.51,Pre,Post,,,,,,Pre (2; side and top),,synaptosome,3,5,-96,-,-,-,-,-,-,16,-,0.51,fiducial,,2.4,N,2.4,2.7,-3.0 to -5,0.1,33,33,-68 to 28,-96,Krios4@Janelia,Falcon4,Thermo Scientific Selectris X,.eer,120.00,3.64,1.99,612,vGlut1mScarletxPSD95GFP mouse Schaffer collateral,20251216,20251216AM#2,20260121,OHSU,AMmilled#49-2,,20260130,Janelia,40 nM 15F1Fab-AuNP(H4K-2Cys),1 ¬µM ZK; 100 nM RR2b,20% dextran; 5% sucrose,yes
15F1-H4K2Cys,AMmilled49-2_Position_24_2,liza_az0,0,,,0.75,,,,,,Post,,,,synaptosome,3,5,-96,-,-,-,-,-,-,37,-,0.75,fiducial,,2.4,N,2.4,2.7,-3.0 to -5,0.1,33,33,-68 to 28,-96,Krios4@Janelia,Falcon4,Thermo Scientific Selectris X,.eer,120.00,3.64,1.99,612,vGlut1mScarletxPSD95GFP mouse Schaffer collateral,20251216,20251216AM#2,20260121,OHSU,AMmilled#49-2,,20260130,Janelia,40 nM 15F1Fab-AuNP(H4K-2Cys),1 ¬µM ZK; 100 nM RR2b,20% dextran; 5% sucrose,yes
15F1-H4K2Cys,AMmilled49-2_Position_32,best_alignment,0,,,0.48,,Post,,,,,,,,synaptosome,3,5,-96,-,-,1.958,-,-,-,9,-,0.48,fiducial,,2.4,N,2.4,2.7,-3.0 to -5,0.1,33,33,-68 to 28,-96,Krios4@Janelia,Falcon4,Thermo Scientific Selectris X,.eer,120.00,3.64,1.99,612,vGlut1mScarletxPSD95GFP mouse Schaffer collateral,20251216,20251216AM#2,20260121,OHSU,AMmilled#49-2,,20260130,Janelia,40 nM 15F1Fab-AuNP(H4K-2Cys),1 ¬µM ZK; 100 nM RR2b,20% dextran; 5% sucrose,yes
15F1-H4K2Cys,AMmilled49-2_Position_33_2,liza_az0,0,,,0.48,,Post,1,,,,,,,synaptosome,3,5,-96,-,,-,-,-,-,9,-,0.48,fiducial,,2.4,N,2.4,2.7,-3.0 to -5,0.1,33,33,-68 to 28,-96,Krios4@Janelia,Falcon4,Thermo Scientific Selectris X,.eer,120.00,3.64,1.99,612,vGlut1mScarletxPSD95GFP mouse Schaffer collateral,20251216,20251216AM#2,20260121,OHSU,AMmilled#49-2,,20260130,Janelia,40 nM 15F1Fab-AuNP(H4K-2Cys),1 ¬µM ZK; 100 nM RR2b,20% dextran; 5% sucrose,yes
15F1-H4K2Cys,AMmilled49-2_Position_7,liza_az0,0,,,0.86,,Post,6,,,Post,,,,synaptosome,3,5,-96,-,"1,2,3",-,-,-,-,35,-,0.86,fiducial,,2.4,N,2.4,2.7,-3.0 to -5,0.1,33,33,-68 to 28,-96,Krios4@Janelia,Falcon4,Thermo Scientific Selectris X,.eer,120.00,3.64,1.99,612,vGlut1mScarletxPSD95GFP mouse Schaffer collateral,20251216,20251216AM#2,20260121,OHSU,AMmilled#49-2,,20260130,Janelia,40 nM 15F1Fab-AuNP(H4K-2Cys),1 ¬µM ZK; 100 nM RR2b,20% dextran; 5% sucrose,yes
15F1-H4K2Cys,AMmilled49-2_Position_7_2,liza_az0,0,,,0.83,Other,Post,,,,Post,,,,semi-tissue,3,5,-96,-,-,-,3.4,-,3.4,5,-,0.83,fiducial,,2.4,N,2.4,2.7,-3.0 to -5,0.1,33,33,-68 to 28,-96,Krios4@Janelia,Falcon4,Thermo Scientific Selectris X,.eer,120.00,3.64,1.99,612,vGlut1mScarletxPSD95GFP mouse Schaffer collateral,20251216,20251216AM#2,20260121,OHSU,AMmilled#49-2,,20260130,Janelia,40 nM 15F1Fab-AuNP(H4K-2Cys),1 ¬µM ZK; 100 nM RR2b,20% dextran; 5% sucrose,yes
15F1-H4K2Cys,AMmilled49-3_Position_26,liza_az0,0,membrane segmentation limiting,,1.71,Other,Post,1,,,Post,,,,tissue,1,5,-96,-,-,-,1.75,-,1.75,6,-,1.71,fiducial,,2.4,N,2.4,2.7,-3.0 to -5,0.1,33,33,-68 to 28,-96,Krios4@Janelia,Falcon4,Thermo Scientific Selectris X,.eer,120.00,3.64,1.99,612,vGlut1mScarletxPSD95GFP mouse Schaffer collateral,20251216,20251216AM#3,20260122,OHSU,AMmilled#49-3,,20260130,Janelia,40 nM 15F1Fab-AuNP(H4K-2Cys),1 ¬µM ZK; 100 nM RR2b,20% dextran; 5% sucrose,yes
15F1-H4K2Cys,AMmilled49-3_Position_4_2,liza_az0,0,,,1.10,,Post,,,,Post,,Post(1),,tissue,1,5,-96,-,-,-,1.32,-,1.32,16,-,1.1,fiducial,,2.4,N,2.4,2.7,-3.0 to -5,0.1,33,33,-68 to 28,-96,Krios4@Janelia,Falcon4,Thermo Scientific Selectris X,.eer,120.00,3.64,1.99,612,vGlut1mScarletxPSD95GFP mouse Schaffer collateral,20251216,20251216AM#3,20260122,OHSU,AMmilled#49-3,,20260130,Janelia,40 nM 15F1Fab-AuNP(H4K-2Cys),1 ¬µM ZK; 100 nM RR2b,20% dextran; 5% sucrose,yes
15F1-H4K2Cys,AMmilled49-3_Position_4_2,liza_az1,0,,,1.10,,Post,,,,Post,,Post(1),,tissue,1,5,-96,-,"1,2,3,4,5",-,1.32,-,1.32,16,-,1.1,fiducial,,2.4,N,2.4,2.7,-3.0 to -5,0.1,33,33,-68 to 28,-96,Krios4@Janelia,Falcon4,Thermo Scientific Selectris X,.eer,120.00,3.64,1.99,612,vGlut1mScarletxPSD95GFP mouse Schaffer collateral,20251216,20251216AM#3,20260122,OHSU,AMmilled#49-3,,20260130,Janelia,40 nM 15F1Fab-AuNP(H4K-2Cys),1 ¬µM ZK; 100 nM RR2b,20% dextran; 5% sucrose,yes
15F1-H4K2Cys,AMmilled54-1_Position_15,liza_az0_rerun,0,ONLY for ribosome example; not good for AuNP picking/analysis; presynaptic membrane worse after realignment,,0.72,,,,,,Post (lots!),,,,semi-tissue,1,5,-96,-,"1,2,3,4,5",0.717,-,-,-,-,-,-,patch,,2.4,N,2.4,2.7,-3.0 to -5,0.1,33,33,-68 to 28,-96,Krios4@Janelia,Falcon4,Thermo Scientific Selectris X,.eer,120.00,3.64,1.99,612,vGlut1mScarletxPSD95GFP mouse Schaffer collateral,,,,,,,,Janelia,40 nM 15F1Fab-AuNP(H4K-2Cys),1 ¬µM ZK; 100 nM RR2b,20% dextran; 5% sucrose,yes
15F1-H4K2Cys,AMmilled54-1_Position_2,liza_az0,0,,,0.82,Pre; Other,,,,,,,Other (1),,tissue,1,5,-96,-,,0.82,-,-,-,8,-,0.94,patch,,2.4,N,2.4,2.7,-3.0 to -5,0.1,33,33,-68 to 28,-96,Krios4@Janelia,Falcon4,Thermo Scientific Selectris X,.eer,120.00,3.64,1.99,612,vGlut1mScarletxPSD95GFP mouse Schaffer collateral,,,,,,,,Janelia,40 nM 15F1Fab-AuNP(H4K-2Cys),1 ¬µM ZK; 100 nM RR2b,20% dextran; 5% sucrose,yes
15F1-H4K2Cys,AMmilled54-1_Position_33,best_alignment,0,few aunps,,0.63,,,,,,,,,,tissue,1,5,-96,-,,0.628,-,-,-,5,-,0.87,fiducial,,2.4,N,2.4,2.7,-3.0 to -5,0.1,33,33,-68 to 28,-96,Krios4@Janelia,Falcon4,Thermo Scientific Selectris X,.eer,120.00,3.64,1.99,612,vGlut1mScarletxPSD95GFP mouse Schaffer collateral,,,,,,,,Janelia,40 nM 15F1Fab-AuNP(H4K-2Cys),1 ¬µM ZK; 100 nM RR2b,20% dextran; 5% sucrose,yes
15F1-H4K2Cys,AMmilled54-1_Position_6,best_alignment,0,,,0.74,,,,,,,,,,tissue,2,5,-96,-,,0.737,-,-,-,-,-,-,patch,,2.4,N,2.4,2.7,-3.0 to -5,0.1,33,33,-68 to 28,-96,Krios4@Janelia,Falcon4,Thermo Scientific Selectris X,.eer,120.00,3.64,1.99,612,vGlut1mScarletxPSD95GFP mouse Schaffer collateral,,,,,,,,Janelia,40 nM 15F1Fab-AuNP(H4K-2Cys),1 ¬µM ZK; 100 nM RR2b,20% dextran; 5% sucrose,yes
15F1-H4K2Cys,AMmilled54-1_Position_61,liza_az0,0,,,0.55,Other,Post,1,,,,,,,tissue,2,5,-96,-,,1.51,-,-,-,9,-,0.55,fiducial,,2.4,N,2.4,2.7,-3.0 to -5,0.1,33,33,-68 to 28,-96,Krios4@Janelia,Falcon4,Thermo Scientific Selectris X,.eer,120.00,3.64,1.99,612,vGlut1mScarletxPSD95GFP mouse Schaffer collateral,,,,,,,,Janelia,40 nM 15F1Fab-AuNP(H4K-2Cys),1 ¬µM ZK; 100 nM RR2b,20% dextran; 5% sucrose,yes
15F1-H4K2Cys,AMmilled54-1_Position_65,liza_az0,0,weirdly empty post,,0.44,Other,,,,,,,,,tissue,3,5,-96,-,,1.632,-,-,-,4,-,0.44,fiducial,,2.4,N,2.4,2.7,-3.0 to -5,0.1,33,33,-68 to 28,-96,Krios4@Janelia,Falcon4,Thermo Scientific Selectris X,.eer,120.00,3.64,1.99,612,vGlut1mScarletxPSD95GFP mouse Schaffer collateral,,,,,,,,Janelia,40 nM 15F1Fab-AuNP(H4K-2Cys),1 ¬µM ZK; 100 nM RR2b,20% dextran; 5% sucrose,yes
15F1-H4K2Cys,AMmilled54-1_Position_68,best_alignment,0,,,2.25,,,,,,,,,,synaptosome,2,5,-96,-,,2.251,-,-,-,5,-,2.52,fiducial,,2.4,N,2.4,2.7,-3.0 to -5,0.1,33,33,-68 to 28,-96,Krios4@Janelia,Falcon4,Thermo Scientific Selectris X,.eer,120.00,3.64,1.99,612,vGlut1mScarletxPSD95GFP mouse Schaffer collateral,,,,,,,,Janelia,40 nM 15F1Fab-AuNP(H4K-2Cys),1 ¬µM ZK; 100 nM RR2b,20% dextran; 5% sucrose,yes
15F1-H4K2Cys,AMmilled54-1_Position_95,liza_az0_rerun,0,only for STA,,1.40,,,,,,,,,,semi-tissue,2,5,-96,-,1,1.395,-,-,-,-,-,-,patch,,2.4,N,2.4,2.7,-3.0 to -5,0.1,33,33,-68 to 28,-96,Krios4@Janelia,Falcon4,Thermo Scientific Selectris X,.eer,120.00,3.64,1.99,612,vGlut1mScarletxPSD95GFP mouse Schaffer collateral,,,,,,,,Janelia,40 nM 15F1Fab-AuNP(H4K-2Cys),1 ¬µM ZK; 100 nM RR2b,20% dextran; 5% sucrose,yes
15F1-H4K2Cys,AMmilled54-1_Position_95,liza_az1_rerun,0,"only for STA, not great alignment still",,1.40,,,,,,,,,,semi-tissue,2,5,-96,-,,1.395,-,-,-,-,-,-,patch,,2.4,N,2.4,2.7,-3.0 to -5,0.1,33,33,-68 to 28,-96,Krios4@Janelia,Falcon4,Thermo Scientific Selectris X,.eer,120.00,3.64,1.99,612,vGlut1mScarletxPSD95GFP mouse Schaffer collateral,,,,,,,,Janelia,40 nM 15F1Fab-AuNP(H4K-2Cys),1 ¬µM ZK; 100 nM RR2b,20% dextran; 5% sucrose,yes
15F1-H4K2Cys,AMmilled54-1_Position_99,liza_az0,0,,,1.40,,Post,,,,Post?,,,,synaptosome,3,5,-96,-,,1.396,-,-,-,11,-,1.72,fiducial,,2.4,N,2.4,2.7,-3.0 to -5,0.1,33,33,-68 to 28,-96,Krios4@Janelia,Falcon4,Thermo Scientific Selectris X,.eer,120.00,3.64,1.99,612,vGlut1mScarletxPSD95GFP mouse Schaffer collateral,,,,,,,,Janelia,40 nM 15F1Fab-AuNP(H4K-2Cys),1 ¬µM ZK; 100 nM RR2b,20% dextran; 5% sucrose,yes
15F1-H4K2Cys,AMmilled54-2_Position_6_3,best_alignment,0,,,0.61,,,,,,,,,,synaptosome,3,5,-96,-,,1.127,-,-,-,29,-,0.61,fiducial,,2.4,N,2.4,2.7,-3.0 to -5,0.1,33,33,-68 to 28,-96,Krios4@Janelia,Falcon4,Thermo Scientific Selectris X,.eer,120.00,3.64,1.99,612,vGlut1mScarletxPSD95GFP mouse Schaffer collateral,,,,,,,,Janelia,40 nM 15F1Fab-AuNP(H4K-2Cys),1 ¬µM ZK; 100 nM RR2b,20% dextran; 5% sucrose,yes
15F1-H4K2Cys,AMmilled55-1_Position_10_3,liza_az1,0,,,,Other,,,,,,,,,tissue,,,,,1,,,,,,,,,,,,,,,,,,,,,,,,,,,,,,,,,,,,,,,,
15F1-H4K2Cys,AMmilled55-1_Position_110,liza_az0,0,,,1.80,Pre; Other,,,,,,,Other (1),,tissue,1,5,-96,-,,1.797,-,-,-,-,-,-,patch,,2.4,N,2.4,2.7,-3.0 to -5,0.1,33,33,-68 to 28,-96,Krios4@Janelia,Falcon4,Thermo Scientific Selectris X,.eer,120.00,3.64,1.99,612,vGlut1mScarletxPSD95GFP mouse Schaffer collateral,,,,,,,,Janelia,40 nM 15F1Fab-AuNP(H4K-2Cys),1 ¬µM ZK; 100 nM RR2b,20% dextran; 5% sucrose,yes
15F1-H4K2Cys,AMmilled55-1_Position_112_2,liza_az0,0,,,0.42,Other,Post,,,,,,,,tissue,1,5,-96,-,,1.125,-,-,-,6,-,0.42,fiducial,,2.4,N,2.4,2.7,-3.0 to -5,0.1,33,33,-68 to 28,-96,Krios4@Janelia,Falcon4,Thermo Scientific Selectris X,.eer,120.00,3.64,1.99,612,vGlut1mScarletxPSD95GFP mouse Schaffer collateral,,,,,,,,Janelia,40 nM 15F1Fab-AuNP(H4K-2Cys),1 ¬µM ZK; 100 nM RR2b,20% dextran; 5% sucrose,yes
15F1-H4K2Cys,AMmilled55-1_Position_14,liza_az0,0,,,0.46,,Post,,,,Post,,,,synaptosome,3,5,-96,-,,1.701,-,-,-,4,-,0.46,fiducial,,2.4,N,2.4,2.7,-3.0 to -5,0.1,33,33,-68 to 28,-96,Krios4@Janelia,Falcon4,Thermo Scientific Selectris X,.eer,120.00,3.64,1.99,612,vGlut1mScarletxPSD95GFP mouse Schaffer collateral,,,,,,,,Janelia,40 nM 15F1Fab-AuNP(H4K-2Cys),1 ¬µM ZK; 100 nM RR2b,20% dextran; 5% sucrose,yes
15F1-H4K2Cys,AMmilled55-1_Position_18_2,liza_az0,0,,,2.24,Other,,,,,,,,,tissue,1,5,-96,-,1,2.243,-,-,-,11,-,3.28,patch,,2.4,N,2.4,2.7,-3.0 to -5,0.1,33,33,-68 to 28,-96,Krios4@Janelia,Falcon4,Thermo Scientific Selectris X,.eer,120.00,3.64,1.99,612,vGlut1mScarletxPSD95GFP mouse Schaffer collateral,,,,,,,,Janelia,40 nM 15F1Fab-AuNP(H4K-2Cys),1 ¬µM ZK; 100 nM RR2b,20% dextran; 5% sucrose,yes
15F1-H4K2Cys,AMmilled55-1_Position_21_2,liza_az0,0,,,0.78,Other,Post,,,,,,Other (top),,tissue,1,5,-96,-,,1.174,-,-,-,9,-,0.78,patch,,2.4,N,2.4,2.7,-3.0 to -5,0.1,33,33,-68 to 28,-96,Krios4@Janelia,Falcon4,Thermo Scientific Selectris X,.eer,120.00,3.64,1.99,612,vGlut1mScarletxPSD95GFP mouse Schaffer collateral,,,,,,,,Janelia,40 nM 15F1Fab-AuNP(H4K-2Cys),1 ¬µM ZK; 100 nM RR2b,20% dextran; 5% sucrose,yes
15F1-H4K2Cys,AMmilled55-1_Position_21_3,liza_az0,0,,,1.12,Other,,,,,,,Pre (1; top),,tissue,1,5,-96,-,,1.124,-,-,-,-,-,-,patch,,2.4,N,2.4,2.7,-3.0 to -5,0.1,33,33,-68 to 28,-96,Krios4@Janelia,Falcon4,Thermo Scientific Selectris X,.eer,120.00,3.64,1.99,612,vGlut1mScarletxPSD95GFP mouse Schaffer collateral,,,,,,,,Janelia,40 nM 15F1Fab-AuNP(H4K-2Cys),1 ¬µM ZK; 100 nM RR2b,20% dextran; 5% sucrose,yes
15F1-H4K2Cys,AMmilled55-1_Position_34,liza_az0,0,,,1.00,Other,Post,,,,,,,,tissue,2,5,-96,-,,1.25,0.999,-,-,-,-,-,patch,,2.4,N,2.4,2.7,-3.0 to -5,0.1,33,33,-68 to 28,-96,Krios4@Janelia,Falcon4,Thermo Scientific Selectris X,.eer,120.00,3.64,1.99,612,vGlut1mScarletxPSD95GFP mouse Schaffer collateral,,,,,,,,Janelia,40 nM 15F1Fab-AuNP(H4K-2Cys),1 ¬µM ZK; 100 nM RR2b,20% dextran; 5% sucrose,yes
15F1-H4K2Cys,AMmilled55-1_Position_35_2,liza_az0,0,,,2.36,Other,,,,,,,,,tissue,1,5,-96,-,1,3.27,2.362,-,-,-,-,-,patch,,2.4,N,2.4,2.7,-3.0 to -5,0.1,33,33,-68 to 28,-96,Krios4@Janelia,Falcon4,Thermo Scientific Selectris X,.eer,120.00,3.64,1.99,612,vGlut1mScarletxPSD95GFP mouse Schaffer collateral,,,,,,,,Janelia,40 nM 15F1Fab-AuNP(H4K-2Cys),1 ¬µM ZK; 100 nM RR2b,20% dextran; 5% sucrose,yes
15F1-H4K2Cys,AMmilled55-1_Position_38,liza_az0,0,,,0.90,Other,,,Post (23 inside oblong-shaped compartment),,,,,,tissue,2,5,-96,-,"1,2",1.994,-,-,-,11,-,0.9,fiducial,,2.4,N,2.4,2.7,-3.0 to -5,0.1,33,33,-68 to 28,-96,Krios4@Janelia,Falcon4,Thermo Scientific Selectris X,.eer,120.00,3.64,1.99,612,vGlut1mScarletxPSD95GFP mouse Schaffer collateral,,,,,,,,Janelia,40 nM 15F1Fab-AuNP(H4K-2Cys),1 ¬µM ZK; 100 nM RR2b,20% dextran; 5% sucrose,yes
15F1-H4K2Cys,AMmilled55-1_Position_43,liza_az0,0,,,0.60,Other,Post,,,,Post,,,,tissue,1/2?,5,-96,-,,1.291,1.022,-,-,10,-,0.6,fiducial,,2.4,N,2.4,2.7,-3.0 to -5,0.1,33,33,-68 to 28,-96,Krios4@Janelia,Falcon4,Thermo Scientific Selectris X,.eer,120.00,3.64,1.99,612,vGlut1mScarletxPSD95GFP mouse Schaffer collateral,,,,,,,,Janelia,40 nM 15F1Fab-AuNP(H4K-2Cys),1 ¬µM ZK; 100 nM RR2b,20% dextran; 5% sucrose,yes
15F1-H4K2Cys,AMmilled55-1_Position_44,best_alignment,0,,,1.09,,,,,,,,,,tissue,1,5,-96,-,1,1.085,-,-,-,9,-,1.12,fiducial,,2.4,N,2.4,2.7,-3.0 to -5,0.1,33,33,-68 to 28,-96,Krios4@Janelia,Falcon4,Thermo Scientific Selectris X,.eer,120.00,3.64,1.99,612,vGlut1mScarletxPSD95GFP mouse Schaffer collateral,,,,,,,,Janelia,40 nM 15F1Fab-AuNP(H4K-2Cys),1 ¬µM ZK; 100 nM RR2b,20% dextran; 5% sucrose,yes
15F1-H4K2Cys,AMmilled55-1_Position_47,liza_az0,0,,,0.41,Other,,,,,Post (2 clear),,,,tissue,1,5,-96,-,,1.178,-,-,-,4,-,0.41,fiducial,,2.4,N,2.4,2.7,-3.0 to -5,0.1,33,33,-68 to 28,-96,Krios4@Janelia,Falcon4,Thermo Scientific Selectris X,.eer,120.00,3.64,1.99,612,vGlut1mScarletxPSD95GFP mouse Schaffer collateral,,,,,,,,Janelia,40 nM 15F1Fab-AuNP(H4K-2Cys),1 ¬µM ZK; 100 nM RR2b,20% dextran; 5% sucrose,yes
15F1-H4K2Cys,AMmilled55-1_Position_48,liza_az1,0,,,1.38,Pre,Post,,,,,,Pre (1),,tissue,1,5,-96,-,,1.375,-,-,-,-,-,-,patch,,2.4,N,2.4,2.7,-3.0 to -5,0.1,33,33,-68 to 28,-96,Krios4@Janelia,Falcon4,Thermo Scientific Selectris X,.eer,120.00,3.64,1.99,612,vGlut1mScarletxPSD95GFP mouse Schaffer collateral,,,,,,,,Janelia,40 nM 15F1Fab-AuNP(H4K-2Cys),1 ¬µM ZK; 100 nM RR2b,20% dextran; 5% sucrose,yes
15F1-H4K2Cys,AMmilled55-1_Position_49,liza_az0,0,,,0.87,,Post,,,,Post,,,,tissue,1,5,-96,-,,0.873,-,-,-,5,-,1.16,patch,,2.4,N,2.4,2.7,-3.0 to -5,0.1,33,33,-68 to 28,-96,Krios4@Janelia,Falcon4,Thermo Scientific Selectris X,.eer,120.00,3.64,1.99,612,vGlut1mScarletxPSD95GFP mouse Schaffer collateral,,,,,,,,Janelia,40 nM 15F1Fab-AuNP(H4K-2Cys),1 ¬µM ZK; 100 nM RR2b,20% dextran; 5% sucrose,yes
15F1-H4K2Cys,AMmilled55-1_Position_49,liza_az1,0,,,0.87,,Post,,,,,,,,tissue,1,5,-96,-,,0.873,-,-,-,5,-,1.16,patch,,2.4,N,2.4,2.7,-3.0 to -5,0.1,33,33,-68 to 28,-96,Krios4@Janelia,Falcon4,Thermo Scientific Selectris X,.eer,120.00,3.64,1.99,612,vGlut1mScarletxPSD95GFP mouse Schaffer collateral,,,,,,,,Janelia,40 nM 15F1Fab-AuNP(H4K-2Cys),1 ¬µM ZK; 100 nM RR2b,20% dextran; 5% sucrose,yes
15F1-H4K2Cys,AMmilled55-1_Position_5,liza_az0,0,"dark PSD patches example, even bulging outward?",,0.63,,Post,,Post,,,,,,synaptosome,3,5,-96,-,,1.327,-,-,-,12,-,0.63,fiducial,,2.4,N,2.4,2.7,-3.0 to -5,0.1,33,33,-68 to 28,-96,Krios4@Janelia,Falcon4,Thermo Scientific Selectris X,.eer,120.00,3.64,1.99,612,vGlut1mScarletxPSD95GFP mouse Schaffer collateral,,,,,,,,Janelia,40 nM 15F1Fab-AuNP(H4K-2Cys),1 ¬µM ZK; 100 nM RR2b,20% dextran; 5% sucrose,yes
15F1-H4K2Cys,AMmilled55-1_Position_55,liza_az0,0,,,0.68,,,,,,,,,,semi-tissue,3,5,-96,-,,0.676,-,-,-,-,-,-,patch,,2.4,N,2.4,2.7,-3.0 to -5,0.1,33,33,-68 to 28,-96,Krios4@Janelia,Falcon4,Thermo Scientific Selectris X,.eer,120.00,3.64,1.99,612,vGlut1mScarletxPSD95GFP mouse Schaffer collateral,,,,,,,,Janelia,40 nM 15F1Fab-AuNP(H4K-2Cys),1 ¬µM ZK; 100 nM RR2b,20% dextran; 5% sucrose,yes
15F1-H4K2Cys,AMmilled55-1_Position_57,liza_az0_rerun,0,inserting or recycling receptors in post AND inside in recycling compartment,,0.84,,,,,,,,,,tissue,1,5,-96,-,,2.514,-,-,-,6,-,0.84,patch,,2.4,N,2.4,2.7,-3.0 to -5,0.1,33,33,-68 to 28,-96,Krios4@Janelia,Falcon4,Thermo Scientific Selectris X,.eer,120.00,3.64,1.99,612,vGlut1mScarletxPSD95GFP mouse Schaffer collateral,,,,,,,,Janelia,40 nM 15F1Fab-AuNP(H4K-2Cys),1 ¬µM ZK; 100 nM RR2b,20% dextran; 5% sucrose,yes
15F1-H4K2Cys,AMmilled55-1_Position_6,best_alignment,1,not many aunps,,1.09,,,,,,,,,,semi-tissue,2,5,-96,-,,1.79,-,-,-,4,-,1.09,fiducial,,2.4,N,2.4,2.7,-3.0 to -5,0.1,33,33,-68 to 28,-96,Krios4@Janelia,Falcon4,Thermo Scientific Selectris X,.eer,120.00,3.64,1.99,612,vGlut1mScarletxPSD95GFP mouse Schaffer collateral,,,,,,,,Janelia,40 nM 15F1Fab-AuNP(H4K-2Cys),1 ¬µM ZK; 100 nM RR2b,20% dextran; 5% sucrose,yes
15F1-H4K2Cys,AMmilled55-1_Position_62,liza_az0_rerun,0,,,0.61,Other,Post,3,,,Post,,,,semi-tissue,2,5,-96,-,1,2.992,-,-,-,3,-,0.61,fiducial,,2.4,N,2.4,2.7,-3.0 to -5,0.1,33,33,-68 to 28,-96,Krios4@Janelia,Falcon4,Thermo Scientific Selectris X,.eer,120.00,3.64,1.99,612,vGlut1mScarletxPSD95GFP mouse Schaffer collateral,,,,,,,,Janelia,40 nM 15F1Fab-AuNP(H4K-2Cys),1 ¬µM ZK; 100 nM RR2b,20% dextran; 5% sucrose,yes
15F1-H4K2Cys,AMmilled55-1_Position_69,liza_az1,0,,,1.01,,Post,4,"Post (hard to count, not well aligned)",,Post,,,,tissue,2,5,-96,-,,1.845,-,-,-,6,-,1.01,patch,,2.4,N,2.4,2.7,-3.0 to -5,0.1,33,33,-68 to 28,-96,Krios4@Janelia,Falcon4,Thermo Scientific Selectris X,.eer,120.00,3.64,1.99,612,vGlut1mScarletxPSD95GFP mouse Schaffer collateral,,,,,,,,Janelia,40 nM 15F1Fab-AuNP(H4K-2Cys),1 ¬µM ZK; 100 nM RR2b,20% dextran; 5% sucrose,yes
15F1-H4K2Cys,AMmilled55-1_Position_75,liza_az0,0,,,1.33,Other,Post,,,,Post (1?),,Pre (2),,tissue,2,5,-96,-,,1.332,-,-,-,-,-,-,patch,,2.4,N,2.4,2.7,-3.0 to -5,0.1,33,33,-68 to 28,-96,Krios4@Janelia,Falcon4,Thermo Scientific Selectris X,.eer,120.00,3.64,1.99,612,vGlut1mScarletxPSD95GFP mouse Schaffer collateral,,,,,,,,Janelia,40 nM 15F1Fab-AuNP(H4K-2Cys),1 ¬µM ZK; 100 nM RR2b,20% dextran; 5% sucrose,yes
15F1-H4K2Cys,AMmilled55-1_Position_75,liza_az1,0,,,1.33,Other,Post,,,,Post (1?),,Pre (2),,tissue,2,5,-96,-,,1.332,-,-,-,-,-,-,patch,,2.4,N,2.4,2.7,-3.0 to -5,0.1,33,33,-68 to 28,-96,Krios4@Janelia,Falcon4,Thermo Scientific Selectris X,.eer,120.00,3.64,1.99,612,vGlut1mScarletxPSD95GFP mouse Schaffer collateral,,,,,,,,Janelia,40 nM 15F1Fab-AuNP(H4K-2Cys),1 ¬µM ZK; 100 nM RR2b,20% dextran; 5% sucrose,yes
15F1-H4K2Cys,AMmilled55-1_Position_82,liza_az0,0,,,0.41,Pre; Other,Post,,,,Post,,Other (3; 2 top 1 side),,tissue,1,5,-96,-,,2.081,0.709,-,-,6,-,0.41,fiducial,,2.4,N,2.4,2.7,-3.0 to -5,0.1,33,33,-68 to 28,-96,Krios4@Janelia,Falcon4,Thermo Scientific Selectris X,.eer,120.00,3.64,1.99,612,vGlut1mScarletxPSD95GFP mouse Schaffer collateral,,,,,,,,Janelia,40 nM 15F1Fab-AuNP(H4K-2Cys),1 ¬µM ZK; 100 nM RR2b,20% dextran; 5% sucrose,yes
15F1-H4K2Cys,AMmilled55-1_Position_82,liza_az1_rerun,0,,,0.41,,Post,,,,Post,,,,tissue,1,5,-96,-,1,2.081,0.709,-,-,6,-,0.41,fiducial,,2.4,N,2.4,2.7,-3.0 to -5,0.1,33,33,-68 to 28,-96,Krios4@Janelia,Falcon4,Thermo Scientific Selectris X,.eer,120.00,3.64,1.99,612,vGlut1mScarletxPSD95GFP mouse Schaffer collateral,,,,,,,,Janelia,40 nM 15F1Fab-AuNP(H4K-2Cys),1 ¬µM ZK; 100 nM RR2b,20% dextran; 5% sucrose,yes
15F1-H4K2Cys,AMmilled55-1_Position_87_2,liza_az0,0,,,0.53,Other,,,,,Post,,,,tissue,1,5,-96,-,1,1.175,-,-,-,7,-,0.53,fiducial,,2.4,N,2.4,2.7,-3.0 to -5,0.1,33,33,-68 to 28,-96,Krios4@Janelia,Falcon4,Thermo Scientific Selectris X,.eer,120.00,3.64,1.99,612,vGlut1mScarletxPSD95GFP mouse Schaffer collateral,,,,,,,,Janelia,40 nM 15F1Fab-AuNP(H4K-2Cys),1 ¬µM ZK; 100 nM RR2b,20% dextran; 5% sucrose,yes
15F1-H4K2Cys,AMmilled55-1_Position_87_2,liza_az2,0,,,0.53,,,,,,Post (clear polyribosome?),,,,tissue,1,5,-96,-,,1.175,-,-,-,7,-,0.53,fiducial,,2.4,N,2.4,2.7,-3.0 to -5,0.1,33,33,-68 to 28,-96,Krios4@Janelia,Falcon4,Thermo Scientific Selectris X,.eer,120.00,3.64,1.99,612,vGlut1mScarletxPSD95GFP mouse Schaffer collateral,,,,,,,,Janelia,40 nM 15F1Fab-AuNP(H4K-2Cys),1 ¬µM ZK; 100 nM RR2b,20% dextran; 5% sucrose,yes
15F1-H4K2Cys,AMmilled55-1_Position_96,liza_az0,0,,,0.44,Pre,Post,1,,,,,Pre (1),,semi-tissue,3,5,-96,-,,1.635,-,-,-,6,-,0.44,fiducial,,2.4,N,2.4,2.7,-3.0 to -5,0.1,33,33,-68 to 28,-96,Krios4@Janelia,Falcon4,Thermo Scientific Selectris X,.eer,120.00,3.64,1.99,612,vGlut1mScarletxPSD95GFP mouse Schaffer collateral,,,,,,,,Janelia,40 nM 15F1Fab-AuNP(H4K-2Cys),1 ¬µM ZK; 100 nM RR2b,20% dextran; 5% sucrose,yes
15F1-H4K2Cys,AMmilled55-1_Position_98,liza_az0,0,,,1.13,,Post,1,,,Post,,,,semi-tissue,3,5,-96,-,,1.127,-,-,-,-,-,-,patch,,2.4,N,2.4,2.7,-3.0 to -5,0.1,33,33,-68 to 28,-96,Krios4@Janelia,Falcon4,Thermo Scientific Selectris X,.eer,120.00,3.64,1.99,612,vGlut1mScarletxPSD95GFP mouse Schaffer collateral,,,,,,,,Janelia,40 nM 15F1Fab-AuNP(H4K-2Cys),1 ¬µM ZK; 100 nM RR2b,20% dextran; 5% sucrose,yes
15F1-H4K2Cys,AMmilled55-2_Position_10,liza_az0,0,,,2.11,Other,Post,,,,,,,,tissue,2,5,-96,-,,2.107,-,-,-,-,-,-,patch,,2.4,N,2.4,2.7,-3.0 to -5,0.1,33,33,-68 to 28,-96,Krios4@Janelia,Falcon4,Thermo Scientific Selectris X,.eer,120.00,3.64,1.99,612,vGlut1mScarletxPSD95GFP mouse Schaffer collateral,,,,,,,,Janelia,40 nM 15F1Fab-AuNP(H4K-2Cys),1 ¬µM ZK; 100 nM RR2b,20% dextran; 5% sucrose,yes
15F1-H4K2Cys,AMmilled55-2_Position_21_4,liza_az0,0,,,1.76,,,4,,,,,,,tissue,1,5,-96,-,,1.763,-,-,-,-,-,-,patch,,2.4,N,2.4,2.7,-3.0 to -5,0.1,33,33,-68 to 28,-96,Krios4@Janelia,Falcon4,Thermo Scientific Selectris X,.eer,120.00,3.64,1.99,612,vGlut1mScarletxPSD95GFP mouse Schaffer collateral,,,,,,,,Janelia,40 nM 15F1Fab-AuNP(H4K-2Cys),1 ¬µM ZK; 100 nM RR2b,20% dextran; 5% sucrose,yes
15F1-H4K2Cys,AMmilled55-2_Position_22_4,liza_az0,0,,,1.46,Other,,1,,,,,Pre (1),,tissue,1,5,-96,-,,1.459,-,-,-,-,-,-,patch,,2.4,N,2.4,2.7,-3.0 to -5,0.1,33,33,-68 to 28,-96,Krios4@Janelia,Falcon4,Thermo Scientific Selectris X,.eer,120.00,3.64,1.99,612,vGlut1mScarletxPSD95GFP mouse Schaffer collateral,,,,,,,,Janelia,40 nM 15F1Fab-AuNP(H4K-2Cys),1 ¬µM ZK; 100 nM RR2b,20% dextran; 5% sucrose,yes
15F1-H4K2Cys,AMmilled55-2_Position_34_2,liza_az0,0,,,3.98,Pre; Other,,,,,,,,,tissue,1,5,-96,-,,3.981,-,-,-,-,-,-,patch,,2.4,N,2.4,2.7,-3.0 to -5,0.1,33,33,-68 to 28,-96,Krios4@Janelia,Falcon4,Thermo Scientific Selectris X,.eer,120.00,3.64,1.99,612,vGlut1mScarletxPSD95GFP mouse Schaffer collateral,,,,,,,,Janelia,40 nM 15F1Fab-AuNP(H4K-2Cys),1 ¬µM ZK; 100 nM RR2b,20% dextran; 5% sucrose,yes
15F1-H4K2Cys,AMmilled55-2_Position_35_2,liza_az0_rerun,0,,,1.29,,,,,,Post,,,,tissue,1,5,-96,-,,1.291,-,-,-,-,-,-,patch,,2.4,N,2.4,2.7,-3.0 to -5,0.1,33,33,-68 to 28,-96,Krios4@Janelia,Falcon4,Thermo Scientific Selectris X,.eer,120.00,3.64,1.99,612,vGlut1mScarletxPSD95GFP mouse Schaffer collateral,,,,,,,,Janelia,40 nM 15F1Fab-AuNP(H4K-2Cys),1 ¬µM ZK; 100 nM RR2b,20% dextran; 5% sucrose,yes
15F1-H4K2Cys,AMmilled55-2_Position_7,liza_az0,0,,,0.77,Pre,Post,,,,,,,,semi-tissue,2,5,-96,-,,12.363,1.781,-,-,4,-,0.77,fiducial,,2.4,N,2.4,2.7,-3.0 to -5,0.1,33,33,-68 to 28,-96,Krios4@Janelia,Falcon4,Thermo Scientific Selectris X,.eer,120.00,3.64,1.99,612,vGlut1mScarletxPSD95GFP mouse Schaffer collateral,,,,,,,,Janelia,40 nM 15F1Fab-AuNP(H4K-2Cys),1 ¬µM ZK; 100 nM RR2b,20% dextran; 5% sucrose,yes
15F1and5F11,20240819_HippWaffle_43,liza_az0,0,"two presynaptic vesicles with ""rod""",,0.54,Pre,,,,,,,Pre (2),Pre (2),tissue,2,5,-96,-96,"1,2,3,4,5,6",3.957,-,-,-,3,Y,0.536,fiducial,,2.296,N,2.296,2.7,-3.5,0.1,33,33,-68 to 28,-93,Krios3@Janelia,Falcon4,Thermo Scientific Selectris X,.eer,120.00,3.64,1.89,603,vGlut1mScarletxPSD95GFP mouse Schaffer collateral,20240809,20240809AM9-10 (Both),20240813,OHSU,AMmilled#15-1and2,,20240819-20,Janelia,15F1Fab-AuNP; 5F11Fab-AuNP,1 ¬µM ZK; 100 nM RR2b; 1 mM DCKA; 1 mM AP,20% dextran; 5% sucrose,yes
15F1and5F11,20240819_HippWaffle_52,liza_az0,0,,,0.69,,,,,,,,,,synaptosome,3,5,-96,-95,-,4.205,-,-,-,3,Y,0.685,fiducial,,2.296,N,2.296,2.7,-3.5,0.1,33,33,-68 to 28,-93,Krios3@Janelia,Falcon4,Thermo Scientific Selectris X,.eer,120.00,3.64,1.89,603,vGlut1mScarletxPSD95GFP mouse Schaffer collateral,20240809,20240809AM9-10 (Both),20240813,OHSU,AMmilled#15-1and2,,20240819-20,Janelia,15F1Fab-AuNP; 5F11Fab-AuNP,1 ¬µM ZK; 100 nM RR2b; 1 mM DCKA; 1 mM AP,20% dextran; 5% sucrose,yes
15F1and5F11,20240820_HippWaffle_109,liza_az0,0,,,0.42,,,,,,Pre,,,,synaptosome,3,5,-96,-96,-,1.883,-,-,-,10,Y,0.418,fiducial,,2.296,N,2.296,2.7,-3.5,0.1,33,33,-68 to 28,-93,Krios3@Janelia,Falcon4,Thermo Scientific Selectris X,.eer,120.00,3.64,1.89,603,vGlut1mScarletxPSD95GFP mouse Schaffer collateral,20240809,20240809AM9-10 (Both),20240813,OHSU,AMmilled#15-1and2,,20240819-20,Janelia,15F1Fab-AuNP; 5F11Fab-AuNP,1 ¬µM ZK; 100 nM RR2b; 1 mM DCKA; 1 mM AP,20% dextran; 5% sucrose,yes
15F1and5F11,20240820_HippWaffle_16,liza_az0,0,astrocytic AMPAR?,,0.58,,,,Post,,,,,,semi-tissue,3,5,-96,-96,-,2.602,-,-,-,37,Y,0.577,fiducial,,2.296,N,2.296,2.7,-3.5,0.1,33,33,-68 to 28,-93,Krios3@Janelia,Falcon4,Thermo Scientific Selectris X,.eer,120.00,3.64,1.89,603,vGlut1mScarletxPSD95GFP mouse Schaffer collateral,20240809,20240809AM9-10 (Both),20240813,OHSU,AMmilled#15-1and2,,20240819-20,Janelia,15F1Fab-AuNP; 5F11Fab-AuNP,1 ¬µM ZK; 100 nM RR2b; 1 mM DCKA; 1 mM AP,20% dextran; 5% sucrose,yes
15F1and5F11,20240820_HippWaffle_26,liza_az0,0,,,0.82,Other,Post,,,,,,,,synaptosome,3,5,-96,-96,-,4.446,-,-,-,20,Y,0.817,fiducial,,2.296,N,2.296,2.7,-3.5,0.1,33,33,-68 to 28,-93,Krios3@Janelia,Falcon4,Thermo Scientific Selectris X,.eer,120.00,3.64,1.89,603,vGlut1mScarletxPSD95GFP mouse Schaffer collateral,20240809,20240809AM9-10 (Both),20240813,OHSU,AMmilled#15-1and2,,20240819-20,Janelia,15F1Fab-AuNP; 5F11Fab-AuNP,1 ¬µM ZK; 100 nM RR2b; 1 mM DCKA; 1 mM AP,20% dextran; 5% sucrose,yes
15F1and5F11,20240820_HippWaffle_60,best_alignment,0,only included main synapse with more clearly intact interface,,0.50,Y,,,,,Y (not in synaptic pre or post though),,,,semi-tissue,2,5,-96,-96,1,4.132,-,-,-,15,Y,0.499,fiducial,,2.296,N,2.296,2.7,-3.5,0.1,33,33,-68 to 28,-93,Krios3@Janelia,Falcon4,Thermo Scientific Selectris X,.eer,120.00,3.64,1.89,603,vGlut1mScarletxPSD95GFP mouse Schaffer collateral,20240809,20240809AM9-10 (Both),20240813,OHSU,AMmilled#15-1and2,,20240819-20,Janelia,15F1Fab-AuNP; 5F11Fab-AuNP,1 ¬µM ZK; 100 nM RR2b; 1 mM DCKA; 1 mM AP,20% dextran; 5% sucrose,yes
15F1and5F11,20240820_HippWaffle_69,best_alignment,0,only one vesicle,,0.45,,,,,,,,,,synaptosome,3,5,-96,-96,-,4.441,-,-,-,12,Y,0.445,fiducial,,2.296,N,2.296,2.7,-3.5,0.1,33,33,-68 to 28,-93,Krios3@Janelia,Falcon4,Thermo Scientific Selectris X,.eer,120.00,3.64,1.89,603,vGlut1mScarletxPSD95GFP mouse Schaffer collateral,20240809,20240809AM9-10 (Both),20240813,OHSU,AMmilled#15-1and2,,20240819-20,Janelia,15F1Fab-AuNP; 5F11Fab-AuNP,1 ¬µM ZK; 100 nM RR2b; 1 mM DCKA; 1 mM AP,20% dextran; 5% sucrose,yes
15F1and5F11,20240820_HippWaffle_76,best_alignment,0,,,0.55,,,,,,Y (not in synaptic pre or post though),,,,synaptosome,3,5,-96,-96,-,1.52,-,-,-,6,Y,0.546,fiducial,,2.296,N,2.296,2.7,-3.5,0.1,33,33,-50 to 28,-93,Krios3@Janelia,Falcon4,Thermo Scientific Selectris X,.eer,120.00,3.64,1.89,603,vGlut1mScarletxPSD95GFP mouse Schaffer collateral,20240809,20240809AM9-10 (Both),20240813,OHSU,AMmilled#15-1and2,,20240819-20,Janelia,15F1Fab-AuNP; 5F11Fab-AuNP,1 ¬µM ZK; 100 nM RR2b; 1 mM DCKA; 1 mM AP,20% dextran; 5% sucrose,yes
15F1and5F11,20240820_HippWaffle_97,best_alignment,0,,,0.40,,Y,,,,,,,,synaptosome,3,5,-96,-96,-,5.919,-,-,-,20,Y,0.395,fiducial,,2.296,N,2.296,2.7,-3.5,0.1,33,33,-68 to 28,-93,Krios3@Janelia,Falcon4,Thermo Scientific Selectris X,.eer,120.00,3.64,1.89,603,vGlut1mScarletxPSD95GFP mouse Schaffer collateral,20240809,20240809AM9-10 (Both),20240813,OHSU,AMmilled#15-1and2,,20240819-20,Janelia,15F1Fab-AuNP; 5F11Fab-AuNP,1 ¬µM ZK; 100 nM RR2b; 1 mM DCKA; 1 mM AP,20% dextran; 5% sucrose,yes
15F1and5F11,20241018_HippWaffleDual_110,liza_az1,0,,,0.49,Other,,,,,,,Post (1),,semi-tissue,2,5,-96,-,-,-,-,-,-,9,Y,0.49,fiducial,,2.296,N,2.296,2.7,-3.5,0.1,33,33,-68 to 28,-93,Krios3@Janelia,Falcon4,Thermo Scientific Selectris X,.eer,120.00,3.64,1.61,513,vGlut1mScarletxPSD95GFP mouse Schaffer collateral,20240809,20240809AM11 (Both),20240821,OHSU,AMmilled#17-1,,20241018-20,Janelia,15F1Fab-AuNP; 5F11Fab-AuNP,1 ¬µM ZK; 100 nM RR2b; 1 mM DCKA; 1 mM AP,20% dextran; 5% sucrose,yes
15F1and5F11,20241018_HippWaffleDual_127,best_alignment,0,two pre one post,,0.42,,Y,,,,,,,,tissue,2,5,-96,-,-,-,-,-,-,8,Y,0.42,fiducial,,2.296,N,2.296,2.7,-3.5,0.1,33,33,-68 to 28,-93,Krios3@Janelia,Falcon4,Thermo Scientific Selectris X,.eer,120.00,3.64,1.61,513,vGlut1mScarletxPSD95GFP mouse Schaffer collateral,20240809,20240809AM11 (Both),20240821,OHSU,AMmilled#17-1,,20241018-20,Janelia,15F1Fab-AuNP; 5F11Fab-AuNP,1 ¬µM ZK; 100 nM RR2b; 1 mM DCKA; 1 mM AP,20% dextran; 5% sucrose,yes
15F1and5F11,20241018_HippWaffleDual_127,liza_az1,1,,,0.42,,Post,,,Pre (empty),,,Pre (1),,tissue,1,5,-96,-,-,-,-,-,-,8,Y,0.42,fiducial,,2.296,N,2.296,2.7,-3.5,0.1,33,33,-68 to 28,-93,Krios3@Janelia,Falcon4,Thermo Scientific Selectris X,.eer,120.00,3.64,1.61,513,vGlut1mScarletxPSD95GFP mouse Schaffer collateral,20240809,20240809AM11 (Both),20240821,OHSU,AMmilled#17-1,,20241018-20,Janelia,15F1Fab-AuNP; 5F11Fab-AuNP,1 ¬µM ZK; 100 nM RR2b; 1 mM DCKA; 1 mM AP,20% dextran; 5% sucrose,yes
15F1and5F11,20241018_HippWaffleDual_153,liza_az0,0,postsynaptic compartment a bit hard to make out shape,,0.53,,,,,Pre,,,,,tissue,3,5,-96,-,-,-,-,-,-,15,Y,0.53,fiducial,,2.296,N,2.296,2.7,-3.5,0.1,33,33,-68 to 28,-93,Krios3@Janelia,Falcon4,Thermo Scientific Selectris X,.eer,120.00,3.64,1.61,513,vGlut1mScarletxPSD95GFP mouse Schaffer collateral,20240809,20240809AM11 (Both),20240821,OHSU,AMmilled#17-1,,20241018-20,Janelia,15F1Fab-AuNP; 5F11Fab-AuNP,1 ¬µM ZK; 100 nM RR2b; 1 mM DCKA; 1 mM AP,20% dextran; 5% sucrose,yes
15F1and5F11,20241018_HippWaffleDual_166,best_alignment,0,,,1.06,,,,,,,,,,tissue,1,5,-96,-,"1,2",-,-,-,-,9,Y,1.06,fiducial,,2.296,N,2.296,2.7,-3.5,0.1,33,33,-68 to 28,-93,Krios3@Janelia,Falcon4,Thermo Scientific Selectris X,.eer,120.00,3.64,1.61,513,vGlut1mScarletxPSD95GFP mouse Schaffer collateral,20240809,20240809AM11 (Both),20240821,OHSU,AMmilled#17-1,,20241018-20,Janelia,15F1Fab-AuNP; 5F11Fab-AuNP,1 ¬µM ZK; 100 nM RR2b; 1 mM DCKA; 1 mM AP,20% dextran; 5% sucrose,yes
15F1and5F11,20241018_HippWaffleDual_177,liza_az0,0,AMPAR inside post pre-insertion? or recycling?,,0.55,,Post,,,,,,,,synaptosome,3,5,-96,-,1,-,0.554,-,0.554,-,-,-,patch,,2.296,N,2.296,2.7,-3.5,0.1,33,33,-68 to 28,-93,Krios3@Janelia,Falcon4,Thermo Scientific Selectris X,.eer,120.00,3.64,1.61,513,vGlut1mScarletxPSD95GFP mouse Schaffer collateral,20240809,20240809AM11 (Both),20240821,OHSU,AMmilled#17-1,,20241018-20,Janelia,15F1Fab-AuNP; 5F11Fab-AuNP,1 ¬µM ZK; 100 nM RR2b; 1 mM DCKA; 1 mM AP,20% dextran; 5% sucrose,yes
15F1and5F11,20241018_HippWaffleDual_50,liza_az0,0,,,0.47,,,,,,,,,,synaptosome,2,5,-96,-,1,-,-,-,-,24,Y,0.47,fiducial,,2.296,N,2.296,2.7,-3.5,0.1,33,33,-68 to 28,-93,Krios3@Janelia,Falcon4,Thermo Scientific Selectris X,.eer,120.00,3.64,1.61,513,vGlut1mScarletxPSD95GFP mouse Schaffer collateral,20240809,20240809AM11 (Both),20240821,OHSU,AMmilled#17-1,,20241018-20,Janelia,15F1Fab-AuNP; 5F11Fab-AuNP,1 ¬µM ZK; 100 nM RR2b; 1 mM DCKA; 1 mM AP,20% dextran; 5% sucrose,yes
15F1and5F11,20241018_HippWaffleDual_68,liza_az0,0,,,0.74,,Post,,Post (not main),,Post,,,,semi-tissue,2,5,-96,-,-,-,-,-,-,4,Y,0.74,fiducial,,2.296,N,2.296,2.7,-3.5,0.1,33,33,-68 to 28,-93,Krios3@Janelia,Falcon4,Thermo Scientific Selectris X,.eer,120.00,3.64,1.61,513,vGlut1mScarletxPSD95GFP mouse Schaffer collateral,20240809,20240809AM11 (Both),20240821,OHSU,AMmilled#17-1,,20241018-20,Janelia,15F1Fab-AuNP; 5F11Fab-AuNP,1 ¬µM ZK; 100 nM RR2b; 1 mM DCKA; 1 mM AP,20% dextran; 5% sucrose,yes
15F1and5F11,20241018_HippWaffleDual_79,liza_az0,0,,,0.69,,,,,Pre,Post,,Pre (2),,semi-tissue,2,5,-96,-,-,-,-,-,-,25,Y,0.69,fiducial,,2.296,N,2.296,2.7,-3.5,0.1,33,33,-68 to 28,-93,Krios3@Janelia,Falcon4,Thermo Scientific Selectris X,.eer,120.00,3.64,1.61,513,vGlut1mScarletxPSD95GFP mouse Schaffer collateral,20240809,20240809AM11 (Both),20240821,OHSU,AMmilled#17-1,,20241018-20,Janelia,15F1Fab-AuNP; 5F11Fab-AuNP,1 ¬µM ZK; 100 nM RR2b; 1 mM DCKA; 1 mM AP,20% dextran; 5% sucrose,yes
15F1and5F11,20241018_HippWaffleDual_81,liza_az0,0,,,0.76,,,,,,,,Pre (2),,synaptosome,2,5,-96,-,-,-,-,-,-,24,Y,0.76,fiducial,,2.296,N,2.296,2.7,-3.5,0.1,33,33,-68 to 28,-93,Krios3@Janelia,Falcon4,Thermo Scientific Selectris X,.eer,120.00,3.64,1.61,513,vGlut1mScarletxPSD95GFP mouse Schaffer collateral,20240809,20240809AM11 (Both),20240821,OHSU,AMmilled#17-1,,20241018-20,Janelia,15F1Fab-AuNP; 5F11Fab-AuNP,1 ¬µM ZK; 100 nM RR2b; 1 mM DCKA; 1 mM AP,20% dextran; 5% sucrose,yes
15F1and5F11,20241018_HippWaffleDual_93,liza_az0,0,,,0.68,,Post,,,,,,,,synaptosome,2,5,-96,-,-,-,-,-,-,31,Y,0.68,fiducial,,2.296,N,2.296,2.7,-3.5,0.1,33,33,-68 to 28,-93,Krios3@Janelia,Falcon4,Thermo Scientific Selectris X,.eer,120.00,3.64,1.61,513,vGlut1mScarletxPSD95GFP mouse Schaffer collateral,20240809,20240809AM11 (Both),20240821,OHSU,AMmilled#17-1,,20241018-20,Janelia,15F1Fab-AuNP; 5F11Fab-AuNP,1 ¬µM ZK; 100 nM RR2b; 1 mM DCKA; 1 mM AP,20% dextran; 5% sucrose,yes
15F1and5F11dimer,20241206_AMmilled24-3_107,liza_az0,0,,Y,,,,,,,,,,,semi-tissue,semi-tissue,5,-85,-,-,-,1.59,-,-,-,-,-,patch,,2.06,Y,1.03,2.7,-5,0.1,33,32,-65 to 28,-85,Krios2@PNCC,K3,Gatan Image Filter (GIF) BioContinuum HD,.tif,120.00,3.64,0.75,10,vGlut1mScarletxPSD95GFP mouse Schaffer collateral,20241112,20241112AM#1,20241113,OHSU,AMmilled#24-3,,20241206,PNCC,40 nM 15F1Fab-AuNP; 40 nM 5F11Fab-AuNPdimer,1 ¬µM ZK; 100 nM RR2b; 1 mM DCKA; 1 mM AP,20% dextran; 5% sucrose,yes
15F1and5F11dimer,20241206_AMmilled24-3_58,liza_az0,0,FIG4; clear lack of receptors under fusing vesicle,Y (2 fusing),,,,Y,,,,,,,semi-tissue,semi-tissue,5,-85,-84.85,1.0,-,1.45,-,-,7,Y,0.4,fiducial,,2.06,Y,1.03,2.7,-5,0.1,33,32,-65 to 28,-85,Krios2@PNCC,K3,Gatan Image Filter (GIF) BioContinuum HD,.tif,120.00,3.64,0.75,10,vGlut1mScarletxPSD95GFP mouse Schaffer collateral,20241112,20241112AM#1,20241113,OHSU,AMmilled#24-3,,20241206,PNCC,40 nM 15F1Fab-AuNP; 40 nM 5F11Fab-AuNPdimer,1 ¬µM ZK; 100 nM RR2b; 1 mM DCKA; 1 mM AP,20% dextran; 5% sucrose,yes
15F1and5F11dimer,20241206_AMmilled24-3_92,liza_az0,0,,Y (1 fusing),,,,,,,,,,,synaptosome,synaptosome,5,-85,-85,"1,2",-,0.6,-,-,-,-,-,patch,,2.06,Y,1.03,2.7,-5,0.1,33,29,-56 to 28,-85,Krios2@PNCC,K3,Gatan Image Filter (GIF) BioContinuum HD,.tif,120.00,3.64,0.75,10,vGlut1mScarletxPSD95GFP mouse Schaffer collateral,20241112,20241112AM#1,20241113,OHSU,AMmilled#24-3,,20241206,PNCC,40 nM 15F1Fab-AuNP; 40 nM 5F11Fab-AuNPdimer,1 ¬µM ZK; 100 nM RR2b; 1 mM DCKA; 1 mM AP,20% dextran; 5% sucrose,yes
15F1and5F11dimer,20241208_AMmilled24-1_120,liza_az0,0,,Y (1 fusing),,,,,,,,,,,synaptosome,synaptosome,5,-96,-,1.0,-,-,-,-,3,,1.41,fiducial,,2.296,N,2.296,2.7,-5,0.1,33,33,-68 to 28,-93,Krios3@Janelia,Falcon4,Thermo Scientific Selectris X,.eer,120.00,3.64,1.61,513,vGlut1mScarletxPSD95GFP mouse Schaffer collateral,20241112,20241112AM#5,20241113,OHSU,AMmilled#24-1,,20241208,Janelia,40 nM 15F1Fab-AuNP; 40 nM 5F11Fab-AuNPdimer,1 ¬µM ZK; 100 nM RR2b; 1 mM DCKA; 1 mM AP,20% dextran; 5% sucrose,yes
15F1and5F11dimer,20241208_AMmilled24-1_138,liza_az0,0,rough ER with lots of ribosomes visible,Y,,,,,,,Y,,,,tissue,tissue,5,-96,-,-,-,0.74,-,-,-,-,-,patch,,2.296,N,2.296,2.7,-5,0.1,33,32,-65 to 28,-93,Krios3@Janelia,Falcon4,Thermo Scientific Selectris X,.eer,120.00,3.64,1.61,513,vGlut1mScarletxPSD95GFP mouse Schaffer collateral,20241112,20241112AM#5,20241113,OHSU,AMmilled#24-1,,20241208,Janelia,40 nM 15F1Fab-AuNP; 40 nM 5F11Fab-AuNPdimer,1 ¬µM ZK; 100 nM RR2b; 1 mM DCKA; 1 mM AP,20% dextran; 5% sucrose,yes
15F1and5F11dimer,20241208_AMmilled24-1_64,liza_az0,1,,Y,,,,,,,,,,,tissue,tissue,5,-96,-,-,-,0.97,-,-,-,-,-,patch,,2.296,N,2.296,2.7,-5,0.1,33,33,-68 to 28,-93,Krios3@Janelia,Falcon4,Thermo Scientific Selectris X,.eer,120.00,3.64,1.61,513,vGlut1mScarletxPSD95GFP mouse Schaffer collateral,20241112,20241112AM#5,20241113,OHSU,AMmilled#24-1,,20241208,Janelia,40 nM 15F1Fab-AuNP; 40 nM 5F11Fab-AuNPdimer,1 ¬µM ZK; 100 nM RR2b; 1 mM DCKA; 1 mM AP,20% dextran; 5% sucrose,yes
15F1and5F11dimer,20241208_AMmilled24-1_65,liza_az0,"0,1",,Y,,,,,,,,,,,semi-tissue,semi-tissue,5,-96,-,-,-,1,-,-,-,-,-,patch,,2.296,N,2.296,2.7,-5,0.1,33,33,-68 to 28,-93,Krios3@Janelia,Falcon4,Thermo Scientific Selectris X,.eer,120.00,3.64,1.61,513,vGlut1mScarletxPSD95GFP mouse Schaffer collateral,20241112,20241112AM#5,20241113,OHSU,AMmilled#24-1,,20241208,Janelia,40 nM 15F1Fab-AuNP; 40 nM 5F11Fab-AuNPdimer,1 ¬µM ZK; 100 nM RR2b; 1 mM DCKA; 1 mM AP,20% dextran; 5% sucrose,yes
15F1and5F11dimer,20241211_HippWaffle_49,liza_az0,0,,Y (2 fusing),,,Y,2,,,,,,,tissue,tissue,5,-96,-,1,-,-,-,-,12,Y,0.54,fiducial,,2.296,N,2.296,2.7,-5,0.1,33,33,-68 to 28,-93,Krios3@Janelia,Falcon4,Thermo Scientific Selectris X,.eer,120.00,3.64,1.61,513,vGlut1mScarletxPSD95GFP mouse Schaffer collateral,20241112,20241112AM#6,20241113,OHSU,AMmilled#24-2,,20241208,Janelia,40 nM 15F1Fab-AuNP; 40 nM 5F11Fab-AuNPdimer,1 ¬µM ZK; 100 nM RR2b; 1 mM DCKA; 1 mM AP,20% dextran; 5% sucrose,yes
15F1and5F11dimer,20241211_HippWaffle_50,liza_az0,0,,"Y (2 fusing, one nearly done)",,,,Y,,,,,,,semi-tissue,semi-tissue,5,-96,-,16,-,-,-,-,21,Y,0.446,fiducial,,2.296,N,2.296,2.7,-5,0.1,33,33,-68 to 28,-93,Krios3@Janelia,Falcon4,Thermo Scientific Selectris X,.eer,120.00,3.64,1.61,513,vGlut1mScarletxPSD95GFP mouse Schaffer collateral,20241112,20241112AM#6,20241113,OHSU,AMmilled#24-2,,20241208,Janelia,40 nM 15F1Fab-AuNP; 40 nM 5F11Fab-AuNPdimer,1 ¬µM ZK; 100 nM RR2b; 1 mM DCKA; 1 mM AP,20% dextran; 5% sucrose,yes
15F1and5F11dimer,20241211_HippWaffle_52,liza_az0,0,big hole in cleft membranes; still may be useful for some sta particles or distance analyses?,Y,,,Y,,,,,,,,synaptosome,synaptosome,5,-96,-,-,-,-,-,-,8,Y,0.71,fiducial,,2.296,N,2.296,2.7,-5,0.1,33,33,-68 to 28,-93,Krios3@Janelia,Falcon4,Thermo Scientific Selectris X,.eer,120.00,3.64,1.61,513,vGlut1mScarletxPSD95GFP mouse Schaffer collateral,20241112,20241112AM#6,20241113,OHSU,AMmilled#24-2,,20241208,Janelia,40 nM 15F1Fab-AuNP; 40 nM 5F11Fab-AuNPdimer,1 ¬µM ZK; 100 nM RR2b; 1 mM DCKA; 1 mM AP,20% dextran; 5% sucrose,yes
15F1and5F11dimer,20241211_HippWaffle_60,liza_az0,"0,1",,Y (1 fusing),,,Y,,,,,,,,semi-tissue,semi-tissue,5,-96,-,-,-,-,-,-,7,Y,0.47,fiducial,,2.296,N,2.296,2.7,-5,0.1,33,33,-68 to 28,-93,Krios3@Janelia,Falcon4,Thermo Scientific Selectris X,.eer,120.00,3.64,1.61,513,vGlut1mScarletxPSD95GFP mouse Schaffer collateral,20241112,20241112AM#6,20241113,OHSU,AMmilled#24-2,,20241208,Janelia,40 nM 15F1Fab-AuNP; 40 nM 5F11Fab-AuNPdimer,1 ¬µM ZK; 100 nM RR2b; 1 mM DCKA; 1 mM AP,20% dextran; 5% sucrose,yes
15F1and5F11dimer,20241211_HippWaffle_67,liza_az0,0,,Y,,,,,,,,,,,tissue,tissue,5,-96,-,-,-,0.44,-,-,-,-,-,patch,,2.296,N,2.296,2.7,-5,0.1,33,33,-68 to 28,-93,Krios3@Janelia,Falcon4,Thermo Scientific Selectris X,.eer,120.00,3.64,1.61,513,vGlut1mScarletxPSD95GFP mouse Schaffer collateral,20241112,20241112AM#6,20241113,OHSU,AMmilled#24-2,,20241208,Janelia,40 nM 15F1Fab-AuNP; 40 nM 5F11Fab-AuNPdimer,1 ¬µM ZK; 100 nM RR2b; 1 mM DCKA; 1 mM AP,20% dextran; 5% sucrose,yes
15F1and5F11dimer,20250418_AMmilled29-2_Position_58_7,liza_az0,0,,Y,,Y,,,,,,,Y (pre),,semi-tissue,semi-tissue,5,-96,-,-,-,0.706,-,0.706,-,-,-,patch,,2.335,N,2.335,2.7,-4 to -6,0.1,33,33,-68 to 28,-174,Krios1@PNCC,Falcon4,Thermo Scientific Selectris X,.eer,120.00,3.64,1.67,513,vGlut1mScarletxPSD95GFP mouse Schaffer collateral,20241112,20241112AM#3,20250306,OHSU,AMmilled#29-2,,20250418,PNCC,40 nM 15F1Fab-AuNP; 40 nM 5F11Fab-AuNPdimer,1 ¬µM ZK; 100 nM RR2b; 1 mM DCKA; 1 mM AP,20% dextran; 5% sucrose,yes
15F1and5F11dimer,20250418_AMmilled29-2_Position_86,liza_az0,0,,Y,,,,,,,,,,,synaptosome,synaptosome,5,-96,-,1.00,-,0.616,-,0.616,-,-,-,patch,,2.335,N,2.335,2.7,-4 to -6,0.1,33,33,-68 to 28,-174,Krios1@PNCC,Falcon4,Thermo Scientific Selectris X,.eer,120.00,3.64,1.67,513,vGlut1mScarletxPSD95GFP mouse Schaffer collateral,20241112,20241112AM#3,20250306,OHSU,AMmilled#29-2,,20250418,PNCC,40 nM 15F1Fab-AuNP; 40 nM 5F11Fab-AuNPdimer,1 ¬µM ZK; 100 nM RR2b; 1 mM DCKA; 1 mM AP,20% dextran; 5% sucrose,yes
15F1and5F11dimer,20250418_AMmilled29-2_Position_87,liza_az0,0,flotillin; some AuNPs facing a non-presynaptic looking compartment as well,Y,,,,,,,,,Y (other),,semi-tissue,semi-tissue,5,-96,-,-,-,0.897,-,0.897,-,-,-,patch,,2.335,N,2.335,2.7,-4 to -6,0.1,33,33,-68 to 28,-174,Krios1@PNCC,Falcon4,Thermo Scientific Selectris X,.eer,120.00,3.64,1.67,513,vGlut1mScarletxPSD95GFP mouse Schaffer collateral,20241112,20241112AM#3,20250306,OHSU,AMmilled#29-2,,20250418,PNCC,40 nM 15F1Fab-AuNP; 40 nM 5F11Fab-AuNPdimer,1 ¬µM ZK; 100 nM RR2b; 1 mM DCKA; 1 mM AP,20% dextran; 5% sucrose,yes
15F1and5F11dimer,20250418_AMmilled29-2_Position_88,liza_az0,0,,Y,,,,,,1 (Pre),,,,,semi-tissue,semi-tissue,5,-96,-,-,-,0.822,-,0.822,-,-,-,patch,,2.335,N,2.335,2.7,-4 to -6,0.1,33,33,-68 to 28,-174,Krios1@PNCC,Falcon4,Thermo Scientific Selectris X,.eer,120.00,3.64,1.67,513,vGlut1mScarletxPSD95GFP mouse Schaffer collateral,20241112,20241112AM#3,20250306,OHSU,AMmilled#29-2,,20250418,PNCC,40 nM 15F1Fab-AuNP; 40 nM 5F11Fab-AuNPdimer,1 ¬µM ZK; 100 nM RR2b; 1 mM DCKA; 1 mM AP,20% dextran; 5% sucrose,yes
15F1and5F11dimer,20251014_AMmilled39-1_Position_22_3,liza_az2,0,,Y,1.99,,,,,,,,Pre (1),,tissue,tissue,5,-96,-,"1,2,3,7",-,1.991,-,1.991,-,-,-,patch,,2.4,N,2.4,2.7,-3.5 to -5,0.1,33,33,-68 to 28,-96,Krios4@Janelia,Falcon4,Thermo Scientific Selectris X,.eer,120.00,3.64,1.76,540,vGlut1mScarletxPSD95GFP mouse Schaffer collateral,20250930,20250930#3,20251001,OHSU,AMmilled#39-1,,20251014,Janelia,40 nM 15F1Fab(H1-2Cys)-AuNP; 40 nM 5F11Fab-AuNPdimer,1 ¬µM ZK; 100 nM RR2b; 1 mM DCKA; 1 mM AP,20% dextran; 5% sucrose,yes
15F1and5F11dimer,20251014_AMmilled39-1_Position_33,liza_az0,0,,Y,1.08,,,,,,,,,,semi-tissue,semi-tissue,5,-96,-,1.00,-,1.084,-,1.084,-,-,-,patch,,2.4,N,2.4,2.7,-3.5 to -5,0.1,33,33,-68 to 28,-96,Krios4@Janelia,Falcon4,Thermo Scientific Selectris X,.eer,120.00,3.64,1.76,540,vGlut1mScarletxPSD95GFP mouse Schaffer collateral,20250930,20250930#3,20251001,OHSU,AMmilled#39-1,,20251014,Janelia,40 nM 15F1Fab(H1-2Cys)-AuNP; 40 nM 5F11Fab-AuNPdimer,1 ¬µM ZK; 100 nM RR2b; 1 mM DCKA; 1 mM AP,20% dextran; 5% sucrose,yes
15F1and5F11dimer,20251117_AMmilled39-3_Position_24,liza_az0,0,only extrasynaptic?,Y,2.57,,,,,,,,,,tissue,tissue,5,-96,-,1.00,-,2.574,-,2.574,-,-,-,patch,,2.4,N,2.4,2.7,-3.5 to -5,0.1,33,33,-68 to 28,-96,Krios4@Janelia,Falcon4,Thermo Scientific Selectris X,.eer,120.00,3.64,,585,vGlut1mScarletxPSD95GFP mouse Schaffer collateral,20250930,20250930#9,20251006,OHSU,AMmilled#39-3,,20251117,Janelia,40 nM 15F1Fab(H1-2Cys)-AuNP; 40 nM 5F11Fab-AuNPdimer,1 ¬µM ZK; 100 nM RR2b; 1 mM DCKA; 1 mM AP,20% dextran; 5% sucrose,yes
15F1and5F11dimer,20251117_AMmilled40-1_Position_1,liza_az0,0,,Y,0.55,,,,,,,,,,synaptosome,synaptosome,5,-96,-,-,-,1.579,-,1.579,4,Y,0.551,fiducial,,2.4,N,2.4,2.7,-3.5 to -5,0.1,33,33,-68 to 28,-96,Krios4@Janelia,Falcon4,Thermo Scientific Selectris X,.eer,120.00,3.64,,585,vGlut1mScarletxPSD95GFP mouse Schaffer collateral,20250930,20250930#2,20251007,OHSU,AMmilled#40-1,,20251117,Janelia,40 nM 15F1Fab(H1-2Cys)-AuNP; 40 nM 5F11Fab-AuNPdimer,1 ¬µM ZK; 100 nM RR2b; 1 mM DCKA; 1 mM AP,20% dextran; 5% sucrose,yes
15F1and5F11dimer,20251117_AMmilled40-2_Position_148,liza_az0,0,,Y (2 fusing),2.56,,,Y,,,,,,,tissue,tissue,5,-96,-,-,-,2.557,-,2.557,-,-,-,patch,,2.4,N,2.4,2.7,-3.5 to -5,0.1,33,33,-68 to 28,-96,Krios4@Janelia,Falcon4,Thermo Scientific Selectris X,.eer,120.00,3.64,,585,vGlut1mScarletxPSD95GFP mouse Schaffer collateral,20250930,20250930#10,20251008,OHSU,AMmilled#40-2,,20251117,Janelia,40 nM 15F1Fab(H1-2Cys)-AuNP; 40 nM 5F11Fab-AuNPdimer,1 ¬µM ZK; 100 nM RR2b; 1 mM DCKA; 1 mM AP,20% dextran; 5% sucrose,yes
15F1and5F11dimer,20251117_AMmilled40-2_Position_148,liza_az2,0,dimers here even though main active zone has very few,Y,2.56,,,Y,,,,,,,tissue,tissue,5,-96,-,-,-,2.557,-,2.557,-,-,-,patch,,2.4,N,2.4,2.7,-3.5 to -5,0.1,33,33,-68 to 28,-96,Krios4@Janelia,Falcon4,Thermo Scientific Selectris X,.eer,120.00,3.64,,585,vGlut1mScarletxPSD95GFP mouse Schaffer collateral,20250930,20250930#10,20251008,OHSU,AMmilled#40-2,,20251117,Janelia,40 nM 15F1Fab(H1-2Cys)-AuNP; 40 nM 5F11Fab-AuNPdimer,1 ¬µM ZK; 100 nM RR2b; 1 mM DCKA; 1 mM AP,20% dextran; 5% sucrose,yes
15F1and5F11dimer,20251117_AMmilled40-2_Position_16_2,liza_az0,"0,2",,Y,2.81,,,,,,,,,,tissue,tissue,5,-96,-,-,-,2.806,-,2.806,-,-,-,patch,,2.4,N,2.4,2.7,-3.5 to -5,0.1,33,33,-68 to 28,-96,Krios4@Janelia,Falcon4,Thermo Scientific Selectris X,.eer,120.00,3.64,,585,vGlut1mScarletxPSD95GFP mouse Schaffer collateral,20250930,20250930#10,20251008,OHSU,AMmilled#40-2,,20251117,Janelia,40 nM 15F1Fab(H1-2Cys)-AuNP; 40 nM 5F11Fab-AuNPdimer,1 ¬µM ZK; 100 nM RR2b; 1 mM DCKA; 1 mM AP,20% dextran; 5% sucrose,yes
15F1and5F11dimer,20251117_AMmilled40-2_Position_166,liza_az1,0,,Y,2.22,,,,,,,,,,tissue,tissue,5,-96,-,1.00,-,2.221,-,2.221,-,-,-,patch,,2.4,N,2.4,2.7,-3.5 to -5,0.1,33,33,-68 to 28,-96,Krios4@Janelia,Falcon4,Thermo Scientific Selectris X,.eer,120.00,3.64,,585,vGlut1mScarletxPSD95GFP mouse Schaffer collateral,20250930,20250930#10,20251008,OHSU,AMmilled#40-2,,20251117,Janelia,40 nM 15F1Fab(H1-2Cys)-AuNP; 40 nM 5F11Fab-AuNPdimer,1 ¬µM ZK; 100 nM RR2b; 1 mM DCKA; 1 mM AP,20% dextran; 5% sucrose,yes
15F1and5F11dimer,20251117_AMmilled40-2_Position_49,liza_az0,0,,Y,2.44,,,,,,,,,,tissue,tissue,5,-96,-,-,-,2.438,-,2.438,-,-,-,patch,,2.4,N,2.4,2.7,-3.5 to -5,0.1,33,33,-68 to 28,-96,Krios4@Janelia,Falcon4,Thermo Scientific Selectris X,.eer,120.00,3.64,,585,vGlut1mScarletxPSD95GFP mouse Schaffer collateral,20250930,20250930#10,20251008,OHSU,AMmilled#40-2,,20251117,Janelia,40 nM 15F1Fab(H1-2Cys)-AuNP; 40 nM 5F11Fab-AuNPdimer,1 ¬µM ZK; 100 nM RR2b; 1 mM DCKA; 1 mM AP,20% dextran; 5% sucrose,yes
15F1and5F11dimer,20251117_AMmilled40-2_Position_5,liza_az0,0,,Y,3.05,,,,,,,,,,tissue,tissue,5,-96,-,-,-,3.05,-,3.05,-,-,-,patch,,2.4,N,2.4,2.7,-3.5 to -5,0.1,33,33,-68 to 28,-96,Krios4@Janelia,Falcon4,Thermo Scientific Selectris X,.eer,120.00,3.64,,585,vGlut1mScarletxPSD95GFP mouse Schaffer collateral,20250930,20250930#10,20251008,OHSU,AMmilled#40-2,,20251117,Janelia,40 nM 15F1Fab(H1-2Cys)-AuNP; 40 nM 5F11Fab-AuNPdimer,1 ¬µM ZK; 100 nM RR2b; 1 mM DCKA; 1 mM AP,20% dextran; 5% sucrose,yes
15F1and5F11dimer,20251117_AMmilled40-2_Position_61,liza_az0,0,,Y (did not include joined ones),1.72,,,,,,,,,,tissue,tissue,5,-96,-,"1,2",-,1.716,-,1.716,-,-,-,patch,,2.4,N,2.4,2.7,-3.5 to -5,0.1,33,33,-68 to 28,-96,Krios4@Janelia,Falcon4,Thermo Scientific Selectris X,.eer,120.00,3.64,,585,vGlut1mScarletxPSD95GFP mouse Schaffer collateral,20250930,20250930#10,20251008,OHSU,AMmilled#40-2,,20251117,Janelia,40 nM 15F1Fab(H1-2Cys)-AuNP; 40 nM 5F11Fab-AuNPdimer,1 ¬µM ZK; 100 nM RR2b; 1 mM DCKA; 1 mM AP,20% dextran; 5% sucrose,yes
15F1and5F11dimer,20260127_AMmilled50-3_Position_13_3,best_alignment,1,,Y (1 fusing; 2 present but only one segments with connection to membrane),,,,,,,,,,,tissue,tissue,,,,-,,,,,,,,,,,,,,,,,,,,,,,,,,,,,,,,,,,,,,,,
15F1and5F11dimer,20260127_AMmilled50-3_Position_13_3,liza_az0,1,,Y,0.82,Other,Post,2,,,,,,,tissue,tissue,5,-96,-,,-,1.85,-,1.85,10,-,0.821,fiducial,160,2.4,N,2.4,2.7,-3.0 to -5,0.1,33,33,-68 to 28,-96,Krios4@Janelia,Falcon4,Thermo Scientific Selectris X,.eer,120.00,3.64,1.99,612,vGlut1mScarletxPSD95GFP mouse Schaffer collateral,20260106,20260106AM#3,20260116,OHSU,AMmilled#50-3,,20260127,Janelia,40 nM 15F1Fab-AuNP; 40 nM 5F11Fab-AuNPdimer,1 ¬µM ZK; 100 nM RR2b; 1 mM DCKA; 1 mM AP,20% dextran; 5% sucrose (Na-adjusted),yes
15F1and5F11dimer,20260127_AMmilled50-3_Position_13_3,liza_az2,1,,N (no vesicles),0.82,Other,Post,2,,,,,,,tissue,tissue,5,-96,-,-,-,1.85,-,1.85,10,-,0.821,fiducial,160,2.4,N,2.4,2.7,-3.0 to -5,0.1,33,33,-68 to 28,-96,Krios4@Janelia,Falcon4,Thermo Scientific Selectris X,.eer,120.00,3.64,1.99,612,vGlut1mScarletxPSD95GFP mouse Schaffer collateral,20260106,20260106AM#3,20260116,OHSU,AMmilled#50-3,,20260127,Janelia,40 nM 15F1Fab-AuNP; 40 nM 5F11Fab-AuNPdimer,1 ¬µM ZK; 100 nM RR2b; 1 mM DCKA; 1 mM AP,20% dextran; 5% sucrose (Na-adjusted),yes
15F1and5F11dimer,20260127_AMmilled50-3_Position_18_4,liza_az0,0,,Y,0.89,,,,,,,,,,tissue,tissue,5,-96,-,-,-,1.703,-,1.703,7,-,0.894,fiducial,180,2.4,N,2.4,2.7,-3.0 to -5,0.1,33,33,-68 to 28,-96,Krios4@Janelia,Falcon4,Thermo Scientific Selectris X,.eer,120.00,3.64,1.99,612,vGlut1mScarletxPSD95GFP mouse Schaffer collateral,20260106,20260106AM#3,20260116,OHSU,AMmilled#50-3,,20260127,Janelia,40 nM 15F1Fab-AuNP; 40 nM 5F11Fab-AuNPdimer,1 ¬µM ZK; 100 nM RR2b; 1 mM DCKA; 1 mM AP,20% dextran; 5% sucrose (Na-adjusted),yes
15F1and5F11dimer,20260127_AMmilled50-3_Position_22_2,liza_az0,0,,Y,1.22,,,,,,,,,,tissue,tissue,5,-96,-,-,-,2.704,-,2.704,16,-,1.216,fiducial,180,2.4,N,2.4,2.7,-3.0 to -5,0.1,33,33,-68 to 28,-96,Krios4@Janelia,Falcon4,Thermo Scientific Selectris X,.eer,120.00,3.64,1.99,612,vGlut1mScarletxPSD95GFP mouse Schaffer collateral,20260106,20260106AM#3,20260116,OHSU,AMmilled#50-3,,20260127,Janelia,40 nM 15F1Fab-AuNP; 40 nM 5F11Fab-AuNPdimer,1 ¬µM ZK; 100 nM RR2b; 1 mM DCKA; 1 mM AP,20% dextran; 5% sucrose (Na-adjusted),yes
15F1and5F11dimer,20260127_AMmilled50-3_Position_36,liza_az0,0,,Y,1.88,Other,Post,,,,,,,,tissue,tissue,5,-96,-,-,-,1.884,-,1.884,-,-,-,patch,170,2.4,N,2.4,2.7,-3.0 to -5,0.1,33,33,-68 to 28,-96,Krios4@Janelia,Falcon4,Thermo Scientific Selectris X,.eer,120.00,3.64,1.99,612,vGlut1mScarletxPSD95GFP mouse Schaffer collateral,20260106,20260106AM#3,20260116,OHSU,AMmilled#50-3,,20260127,Janelia,40 nM 15F1Fab-AuNP; 40 nM 5F11Fab-AuNPdimer,1 ¬µM ZK; 100 nM RR2b; 1 mM DCKA; 1 mM AP,20% dextran; 5% sucrose (Na-adjusted),yes
15F1and5F11dimer,20260127_AMmilled50-3_Position_40,liza_az0,0,,Y (2 fusing),0.98,Pre,Post,2,,,,,Post(1),,tissue,tissue,5,-96,-,-,-,0.979,-,0.979,-,-,-,patch,130,2.4,N,2.4,2.7,-3.0 to -5,0.1,33,33,-68 to 28,-96,Krios4@Janelia,Falcon4,Thermo Scientific Selectris X,.eer,120.00,3.64,1.99,612,vGlut1mScarletxPSD95GFP mouse Schaffer collateral,20260106,20260106AM#3,20260116,OHSU,AMmilled#50-3,,20260127,Janelia,40 nM 15F1Fab-AuNP; 40 nM 5F11Fab-AuNPdimer,1 ¬µM ZK; 100 nM RR2b; 1 mM DCKA; 1 mM AP,20% dextran; 5% sucrose (Na-adjusted),yes
15F1and5F11dimer,20260127_AMmilled50-3_Position_50,liza_az0,0,great realignment example!,Y,1.79,,,,,,,,,,tissue,tissue,5,-96,-,-,-,1.787,-,1.787,-,-,-,patch,,2.4,N,2.4,2.7,-3.0 to -5,0.1,33,33,-68 to 28,-96,Krios4@Janelia,Falcon4,Thermo Scientific Selectris X,.eer,120.00,3.64,1.99,612,vGlut1mScarletxPSD95GFP mouse Schaffer collateral,20260106,20260106AM#3,20260116,OHSU,AMmilled#50-3,,20260127,Janelia,40 nM 15F1Fab-AuNP; 40 nM 5F11Fab-AuNPdimer,1 ¬µM ZK; 100 nM RR2b; 1 mM DCKA; 1 mM AP,20% dextran; 5% sucrose (Na-adjusted),yes
15F1and5F11dimer,20260127_AMmilled50-3_Position_53_2,liza_az1,0,,Y,0.57,,,,,,,,,,tissue,tissue,5,-96,-,-,-,1.693,-,1.693,11,-,0.572,fiducial,180,2.4,N,2.4,2.7,-3.0 to -5,0.1,33,33,-68 to 28,-96,Krios4@Janelia,Falcon4,Thermo Scientific Selectris X,.eer,120.00,3.64,1.99,612,vGlut1mScarletxPSD95GFP mouse Schaffer collateral,20260106,20260106AM#3,20260116,OHSU,AMmilled#50-3,,20260127,Janelia,40 nM 15F1Fab-AuNP; 40 nM 5F11Fab-AuNPdimer,1 ¬µM ZK; 100 nM RR2b; 1 mM DCKA; 1 mM AP,20% dextran; 5% sucrose (Na-adjusted),yes
15F1and5F11dimer,20260127_AMmilled50-3_Position_57_2,liza_az0,0,,Y,1.61,,,,,,,,,,semi-tissue,semi-tissue,5,-96,-,-,-,1.612,-,1.612,-,-,-,patch,180,2.4,N,2.4,2.7,-3.0 to -5,0.1,33,33,-68 to 28,-96,Krios4@Janelia,Falcon4,Thermo Scientific Selectris X,.eer,120.00,3.64,1.99,612,vGlut1mScarletxPSD95GFP mouse Schaffer collateral,20260106,20260106AM#3,20260116,OHSU,AMmilled#50-3,,20260127,Janelia,40 nM 15F1Fab-AuNP; 40 nM 5F11Fab-AuNPdimer,1 ¬µM ZK; 100 nM RR2b; 1 mM DCKA; 1 mM AP,20% dextran; 5% sucrose (Na-adjusted),yes
15F1and5F11dimer,20260127_AMmilled50-3_Position_6,liza_az0,0,,Y,1.02,,,,,,,,,,tissue,tissue,5,-96,-,1.00,-,2.506,-,2.506,17,-,1.017,fiducial,,2.4,N,2.4,2.7,-3.0 to -5,0.1,33,33,-68 to 28,-96,Krios4@Janelia,Falcon4,Thermo Scientific Selectris X,.eer,120.00,3.64,1.99,612,vGlut1mScarletxPSD95GFP mouse Schaffer collateral,20260106,20260106AM#3,20260116,OHSU,AMmilled#50-3,,20260127,Janelia,40 nM 15F1Fab-AuNP; 40 nM 5F11Fab-AuNPdimer,1 ¬µM ZK; 100 nM RR2b; 1 mM DCKA; 1 mM AP,20% dextran; 5% sucrose (Na-adjusted),yes
15F1and5F11dimer,20260127_AMmilled50-3_Position_64_2,liza_az0,0,,Y,1.70,Other,Post,,,,,,,,tissue,tissue,5,-96,-,-,-,1.697,-,1.697,,-,,patch,,2.4,N,2.4,2.7,-3.0 to -5,0.1,33,33,-68 to 28,-96,Krios4@Janelia,Falcon4,Thermo Scientific Selectris X,.eer,120.00,3.64,1.99,612,vGlut1mScarletxPSD95GFP mouse Schaffer collateral,20260106,20260106AM#3,20260116,OHSU,AMmilled#50-3,,20260127,Janelia,40 nM 15F1Fab-AuNP; 40 nM 5F11Fab-AuNPdimer,1 ¬µM ZK; 100 nM RR2b; 1 mM DCKA; 1 mM AP,20% dextran; 5% sucrose (Na-adjusted),yes
15F1and5F11dimer,20260127_AMmilled50-3_Position_77_3,liza_az0,0,,Y,0.86,,,,,,,,,,tissue,tissue,5,-96,-,-,-,-,-,-,16,-,0.86,fiducial,180,2.4,N,2.4,2.7,-3.0 to -5,0.1,33,33,-68 to 28,-96,Krios4@Janelia,Falcon4,Thermo Scientific Selectris X,.eer,120.00,3.64,1.99,612,vGlut1mScarletxPSD95GFP mouse Schaffer collateral,20260106,20260106AM#3,20260116,OHSU,AMmilled#50-3,,20260127,Janelia,40 nM 15F1Fab-AuNP; 40 nM 5F11Fab-AuNPdimer,1 ¬µM ZK; 100 nM RR2b; 1 mM DCKA; 1 mM AP,20% dextran; 5% sucrose (Na-adjusted),yes
15F1and5F11dimer,20260127_AMmilled50-3_Position_8,liza_az0,0,,Y,1.67,Other,Post,,,,Post,,Post(1); Pre(1); both active zone-adjacent,,tissue,tissue,5,-96,-,-,-,1.669,-,1.669,4,-,1.066,patch,180,2.4,N,2.4,2.7,-3.0 to -5,0.1,33,33,-68 to 28,-96,Krios4@Janelia,Falcon4,Thermo Scientific Selectris X,.eer,120.00,3.64,1.99,612,vGlut1mScarletxPSD95GFP mouse Schaffer collateral,20260106,20260106AM#3,20260116,OHSU,AMmilled#50-3,,20260127,Janelia,40 nM 15F1Fab-AuNP; 40 nM 5F11Fab-AuNPdimer,1 ¬µM ZK; 100 nM RR2b; 1 mM DCKA; 1 mM AP,20% dextran; 5% sucrose (Na-adjusted),yes
15F1and5F11dimer,20260127_AMmilled50-3_Position_8,liza_az1,0,,Y,1.67,Other,Post,,,,Post,,Post(1); Pre(1); both active zone-adjacent,,tissue,tissue,5,-96,-,-,-,1.669,-,1.669,4,-,1.066,patch,180,2.4,N,2.4,2.7,-3.0 to -5,0.1,33,33,-68 to 28,-96,Krios4@Janelia,Falcon4,Thermo Scientific Selectris X,.eer,120.00,3.64,1.99,612,vGlut1mScarletxPSD95GFP mouse Schaffer collateral,20260106,20260106AM#3,20260116,OHSU,AMmilled#50-3,,20260127,Janelia,40 nM 15F1Fab-AuNP; 40 nM 5F11Fab-AuNPdimer,1 ¬µM ZK; 100 nM RR2b; 1 mM DCKA; 1 mM AP,20% dextran; 5% sucrose (Na-adjusted),yes
15F1and5F11dimer,20260128_AMmilled50-2_Position_10_2,liza_az0_rerun,0,,Y,0.75,,,,,,,,,,synaptosome,synaptosome,5,-96,-,-,-,1.228,-,1.228,16,-,0.752,fiducial,180,2.4,N,2.4,2.7,-3.0 to -5,0.1,33,33,-68 to 28,-96,Krios4@Janelia,Falcon4,Thermo Scientific Selectris X,.eer,120.00,3.64,1.99,612,vGlut1mScarletxPSD95GFP mouse Schaffer collateral,20260106,20260106AM#2,20260114,OHSU,AMmilled#50-2,,20260128,Janelia,40 nM 15F1Fab-AuNP; 40 nM 5F11Fab-AuNPdimer,1 ¬µM ZK; 100 nM RR2b; 1 mM DCKA; 1 mM AP,20% dextran; 5% sucrose (Na-adjusted),yes
15F1and5F11dimer,20260128_AMmilled50-2_Position_19_5,liza_az0,0,,N (no vesicles),0.96,,,,,,,,,,tissue,tissue,5,-96,-,"1,2",-,0.956,-,0.956,-,-,-,patch,180,2.4,N,2.4,2.7,-3.0 to -5,0.1,33,33,-68 to 28,-96,Krios4@Janelia,Falcon4,Thermo Scientific Selectris X,.eer,120.00,3.64,1.99,612,vGlut1mScarletxPSD95GFP mouse Schaffer collateral,20260106,20260106AM#2,20260114,OHSU,AMmilled#50-2,,20260128,Janelia,40 nM 15F1Fab-AuNP; 40 nM 5F11Fab-AuNPdimer,1 ¬µM ZK; 100 nM RR2b; 1 mM DCKA; 1 mM AP,20% dextran; 5% sucrose (Na-adjusted),yes
15F1and5F11dimer,20260128_AMmilled50-2_Position_19_5,liza_az1,0,,Y,0.96,,,,,,,,,,tissue,tissue,5,-96,-,"1,2,3,4,5,6,7",-,0.956,-,0.956,-,-,-,patch,180,2.4,N,2.4,2.7,-3.0 to -5,0.1,33,33,-68 to 28,-96,Krios4@Janelia,Falcon4,Thermo Scientific Selectris X,.eer,120.00,3.64,1.99,612,vGlut1mScarletxPSD95GFP mouse Schaffer collateral,20260106,20260106AM#2,20260114,OHSU,AMmilled#50-2,,20260128,Janelia,40 nM 15F1Fab-AuNP; 40 nM 5F11Fab-AuNPdimer,1 ¬µM ZK; 100 nM RR2b; 1 mM DCKA; 1 mM AP,20% dextran; 5% sucrose (Na-adjusted),yes
15F1and5F11dimer,20260128_AMmilled50-2_Position_2_2,liza_az0,0,,Y,0.55,,,,,,,,,,tissue,tissue,5,-96,-,"1,2,3,4,5,6,7",-,0.553,-,0.553,-,-,-,patch,180,2.4,N,2.4,2.7,-3.0 to -5,0.1,33,33,-68 to 28,-96,Krios4@Janelia,Falcon4,Thermo Scientific Selectris X,.eer,120.00,3.64,1.99,612,vGlut1mScarletxPSD95GFP mouse Schaffer collateral,20260106,20260106AM#2,20260114,OHSU,AMmilled#50-2,,20260128,Janelia,40 nM 15F1Fab-AuNP; 40 nM 5F11Fab-AuNPdimer,1 ¬µM ZK; 100 nM RR2b; 1 mM DCKA; 1 mM AP,20% dextran; 5% sucrose (Na-adjusted),yes
15F1and5F11dimer,20260128_AMmilled50-2_Position_2,liza_az0,0,,Y,0.63,,,,,,,,,,tissue,tissue,5,-96,-,-,-,0.628,-,0.628,-,-,-,patch,180,2.4,N,2.4,2.7,-3.0 to -5,0.1,33,33,-68 to 28,-96,Krios4@Janelia,Falcon4,Thermo Scientific Selectris X,.eer,120.00,3.64,1.99,612,vGlut1mScarletxPSD95GFP mouse Schaffer collateral,20260106,20260106AM#2,20260114,OHSU,AMmilled#50-2,,20260128,Janelia,40 nM 15F1Fab-AuNP; 40 nM 5F11Fab-AuNPdimer,1 ¬µM ZK; 100 nM RR2b; 1 mM DCKA; 1 mM AP,20% dextran; 5% sucrose (Na-adjusted),yes
15F1and5F11dimer,20260128_AMmilled50-2_Position_32,liza_az0,0,,Y,0.65,,,,,,,,,,tissue,tissue,5,-96,-,1.00,-,3.157,-,3.157,4,-,0.649,fiducial,180,2.4,N,2.4,2.7,-3.0 to -5,0.1,33,33,-68 to 28,-96,Krios4@Janelia,Falcon4,Thermo Scientific Selectris X,.eer,120.00,3.64,1.99,612,vGlut1mScarletxPSD95GFP mouse Schaffer collateral,20260106,20260106AM#2,20260114,OHSU,AMmilled#50-2,,20260128,Janelia,40 nM 15F1Fab-AuNP; 40 nM 5F11Fab-AuNPdimer,1 ¬µM ZK; 100 nM RR2b; 1 mM DCKA; 1 mM AP,20% dextran; 5% sucrose (Na-adjusted),yes
15F1and5F11dimer,20260128_AMmilled50-2_Position_36_3,liza_az0,1,,Y,0.45,Pre (lots!),,,Post$ (clear monomer and dimer in same compartment),,,,Pre(1; different than main pre),,tissue,tissue,5,-96,-,1.00,-,-,-,-,11,-,0.451,fiducial,180,2.4,N,2.4,2.7,-3.0 to -5,0.1,33,33,-68 to 28,-96,Krios4@Janelia,Falcon4,Thermo Scientific Selectris X,.eer,120.00,3.64,1.99,612,vGlut1mScarletxPSD95GFP mouse Schaffer collateral,20260106,20260106AM#2,20260114,OHSU,AMmilled#50-2,,20260128,Janelia,40 nM 15F1Fab-AuNP; 40 nM 5F11Fab-AuNPdimer,1 ¬µM ZK; 100 nM RR2b; 1 mM DCKA; 1 mM AP,20% dextran; 5% sucrose (Na-adjusted),yes
15F1and5F11dimer,20260128_AMmilled50-2_Position_45_5,liza_az0,0,,Y,0.76,,,,,,,,,,tissue,tissue,5,-96,-,-,-,0.762,-,0.762,-,-,-,patch,180,2.4,N,2.4,2.7,-3.0 to -5,0.1,33,33,-68 to 28,-96,Krios4@Janelia,Falcon4,Thermo Scientific Selectris X,.eer,120.00,3.64,1.99,612,vGlut1mScarletxPSD95GFP mouse Schaffer collateral,20260106,20260106AM#2,20260114,OHSU,AMmilled#50-2,,20260128,Janelia,40 nM 15F1Fab-AuNP; 40 nM 5F11Fab-AuNPdimer,1 ¬µM ZK; 100 nM RR2b; 1 mM DCKA; 1 mM AP,20% dextran; 5% sucrose (Na-adjusted),yes
15F1and5F11dimer,20260131_AMmilled50-1_Position_12,liza_az1,0,,Y,2.13,,,,,,,,,,tissue,tissue,5,-96,-,-,-,2.128,-,2.128,-,-,-,patch,180,2.4,N,2.4,2.7,-3.0 to -5,0.1,33,33,-68 to 28,-96,Krios4@Janelia,Falcon4,Thermo Scientific Selectris X,.eer,120.00,3.64,1.99,612,vGlut1mScarletxPSD95GFP mouse Schaffer collateral,20260106,20260106AM#14,20260108,OHSU,AMmilled#50-1,,20260131,Janelia,40 nM 15F1Fab-AuNP; 40 nM 5F11Fab-AuNPdimer,1 ¬µM ZK; 100 nM RR2b; 1 mM DCKA; 1 mM AP,20% dextran; 5% sucrose (Na-adjusted),yes
5F11,20240822_HippWaffle_125,liza_az0,0,,,0.63,,Post,,,,,,,Pre (1?),synaptosome,3,5,99,99,"1,2",3.17,-,-,-,18,Y,0.632,fiducial,,2.038,Y,1.019,0.01,-3.5,0.07,33,33,-68 to 28,,Krios1@Janelia,K3,Gatan Image Filter (GIF) BioContinuum HD,.tif,120.00,3.64,,10.000,vGlut1mScarletxPSD95GFP mouse Schaffer collateral,20240809,20240809AM3 (5F11),20240812,OHSU,AMmilled#14-2,,20240822,Janelia,40 nM,1 mM DCKA; 1 mM AP,20% dextran; 5% sucrose,yes
5F11,20240822_HippWaffle_118,best_alignment,0,very edge synapse; mostly good for a few sta particles,,0.45,,,,,,,,,,synaptosome,3,5,99,99,-,3.26,-,-,-,24,Y,0.452,fiducial,,2.038,Y,1.019,0.01,-3.5,0.07,33,33,-68 to 28,,Krios1@Janelia,K3,Gatan Image Filter (GIF) BioContinuum HD,.tif,120.00,3.64,,10.000,vGlut1mScarletxPSD95GFP mouse Schaffer collateral,20240809,20240809AM3 (5F11),20240812,OHSU,AMmilled#14-2,,20240822,Janelia,40 nM,1 mM DCKA; 1 mM AP,20% dextran; 5% sucrose,yes
5F11,20240822_HippWaffle_119,liza_az0,0,,,0.46,,Post,,,,,,,,synaptosome,3,5,99,99,-,5.79,-,-,-,22,Y,0.46,fiducial,,2.038,Y,1.019,0.01,-3.5,0.07,33,33,-68 to 28,,Krios1@Janelia,K3,Gatan Image Filter (GIF) BioContinuum HD,.tif,120.00,3.64,,10.000,vGlut1mScarletxPSD95GFP mouse Schaffer collateral,20240809,20240809AM3 (5F11),20240812,OHSU,AMmilled#14-2,,20240822,Janelia,40 nM,1 mM DCKA; 1 mM AP,20% dextran; 5% sucrose,yes
5F11,20240822_HippWaffle_129,liza_az0,0,,,0.58,Pre,Post,,,,Post,,,,semi-tissue,3,5,99,99,-,-,-,-,-,16,Y,0.581,fiducial,,2.038,Y,1.019,0.01,-3.5,0.07,33,33,-68 to 28,,Krios1@Janelia,K3,Gatan Image Filter (GIF) BioContinuum HD,.tif,120.00,3.64,,10.000,vGlut1mScarletxPSD95GFP mouse Schaffer collateral,20240809,20240809AM3 (5F11),20240812,OHSU,AMmilled#14-2,,20240822,Janelia,40 nM,1 mM DCKA; 1 mM AP,20% dextran; 5% sucrose,yes
5F11,20240822_HippWaffle_134,liza_az0,0,,,0.79,Pre,Post,,,,,Pre (1),Pre (1); Post (1; top view),,synaptosome,2,5,99,99,1,5.16,-,-,-,17,Y,0.793,fiducial,,2.038,Y,1.019,0.01,-3.5,0.07,33,33,-68 to 28,,Krios1@Janelia,K3,Gatan Image Filter (GIF) BioContinuum HD,.tif,120.00,3.64,,10.000,vGlut1mScarletxPSD95GFP mouse Schaffer collateral,20240809,20240809AM3 (5F11),20240812,OHSU,AMmilled#14-2,,20240822,Janelia,40 nM,1 mM DCKA; 1 mM AP,20% dextran; 5% sucrose,yes
5F11,20240822_HippWaffle_136,liza_az0,0,,,1.35,,,,,,,,,,synaptosome,3,5,99,99,"1,2",-,-,-,-,14,Y,1.352,fiducial,,2.038,Y,1.019,0.01,-3.5,0.07,33,33,-68 to 28,,Krios1@Janelia,K3,Gatan Image Filter (GIF) BioContinuum HD,.tif,120.00,3.64,,10.000,vGlut1mScarletxPSD95GFP mouse Schaffer collateral,20240809,20240809AM3 (5F11),20240812,OHSU,AMmilled#14-2,,20240822,Janelia,40 nM,1 mM DCKA; 1 mM AP,20% dextran; 5% sucrose,yes
5F11,20240822_HippWaffle_25,best_alignment,0,$$,,0.79,,Y,,,,,,,,semi-tissue,1,5,99,99,-,2.27,-,-,-,13,Y,0.794,fiducial,,2.038,Y,1.019,0.01,-3.5,0.07,33,33,-68 to 28,,Krios1@Janelia,K3,Gatan Image Filter (GIF) BioContinuum HD,.tif,120.00,3.64,,10.000,vGlut1mScarletxPSD95GFP mouse Schaffer collateral,20240809,20240809AM3 (5F11),20240812,OHSU,AMmilled#14-2,,20240822,Janelia,40 nM,1 mM DCKA; 1 mM AP,20% dextran; 5% sucrose,yes
5F11,20240822_HippWaffle_29,best_alignment,0,"good for sta, aunps aligned well",,0.89,,Y,,,,,,,,synaptosome,3,5,99,99,-,4.01,-,-,-,18,Y,0.891,fiducial,,2.038,Y,1.019,0.01,-3.5,0.07,33,33,-68 to 28,,Krios1@Janelia,K3,Gatan Image Filter (GIF) BioContinuum HD,.tif,120.00,3.64,,10.000,vGlut1mScarletxPSD95GFP mouse Schaffer collateral,20240809,20240809AM3 (5F11),20240812,OHSU,AMmilled#14-2,,20240822,Janelia,40 nM,1 mM DCKA; 1 mM AP,20% dextran; 5% sucrose,yes
5F11,20240822_HippWaffle_51,best_alignment,0,$$; THICK ICE FUZZINESS?,,0.85,,Y,,,,,,,,synaptosome,2,5,99,99,-,7.41,-,-,-,6 (8 for redo; 0.861 for redo),Y,0.847,fiducial,,2.038,Y,1.019,0.01,-3.5,0.07,33,33,-68 to 28,,Krios1@Janelia,K3,Gatan Image Filter (GIF) BioContinuum HD,.tif,120.00,3.64,,10.000,vGlut1mScarletxPSD95GFP mouse Schaffer collateral,20240809,20240809AM3 (5F11),20240812,OHSU,AMmilled#14-2,,20240822,Janelia,40 nM,1 mM DCKA; 1 mM AP,20% dextran; 5% sucrose,yes
5F11,20240822_HippWaffle_56,liza_az0,0,,,0.78,Other,Post,,,,,,Post (2); Other (1),,synaptosome,3,5,99,99,1.00,2.93,-,-,-,9,Y,0.777,fiducial,,2.038,Y,1.019,0.01,-3.5,0.07,33,33,-68 to 28,,Krios1@Janelia,K3,Gatan Image Filter (GIF) BioContinuum HD,.tif,120.00,3.64,,10.000,vGlut1mScarletxPSD95GFP mouse Schaffer collateral,20240809,20240809AM3 (5F11),20240812,OHSU,AMmilled#14-2,,20240822,Janelia,40 nM,1 mM DCKA; 1 mM AP,20% dextran; 5% sucrose,yes
5F11,20240822_HippWaffle_99,liza_az0,0,,,0.93,Other,Post,,,,,,,,semi-tissue,2,5,99,100,-,-,-,-,-,13,Y,0.93,fiducial,,2.038,Y,1.019,0.01,-3.5,0.07,33,33,-68 to 28,,Krios1@Janelia,K3,Gatan Image Filter (GIF) BioContinuum HD,.tif,120.00,3.64,,10.000,vGlut1mScarletxPSD95GFP mouse Schaffer collateral,20240809,20240809AM3 (5F11),20240812,OHSU,AMmilled#14-2,,20240822,Janelia,40 nM,1 mM DCKA; 1 mM AP,20% dextran; 5% sucrose,yes
5F11,20240830_AMmilled16_108,liza_az0,0,,,1.39,,,,,,,,,,synaptosome,3,5,-85,-85,1.00,2.8,1.4,-,1.389,-,-,-,patch,,2.06,Y,1.03,2.7,-3.5,0.1,33,33,-68 to 28,,Krios2@PNCC,K3,Gatan Image Filter (GIF) BioContinuum HD,.tif,120.00,3.64,,10.000,vGlut1mScarletxPSD95GFP mouse Schaffer collateral,20240809,20240809AM4 (5F11),20240815,OHSU,AMmilled#16-1,,20240830,PNCC,40 nM,1 mM DCKA; 1 mM AP,20% dextran; 5% sucrose,yes
5F11,20240920_HippWaffle_109,liza_az0,0,,,1.39,Pre,,,,,,,Pre (2),,synaptosome,3,5,-96,-96,-,2.88,1.388,-,1.388,-,-,-,patch,,2.296,N,2.296,2.7,-3.5,0.1,33,33,-68 to 28,-93,Krios3@Janelia,Falcon4,Thermo Scientific Selectris X,.eer,120.00,3.64,1.92,612,vGlut1mScarletxPSD95GFP mouse Schaffer collateral,20240809,20240809AM5,20240905,OHSU,AMmilled#19-1,,20240920,Janelia,40 nM,1 mM DCKA; 1 mM AP,20% dextran; 5% sucrose,yes
5F11,20240920_HippWaffle_110,best_alignment,0,very clear AuNPs but only a few,,0.32,Y,,,,,,,,,semi-tissue,2,5,-96,,-,3.03,-,-,-,4,Y,0.316,fiducial,,2.296,N,2.296,2.7,-3.5,0.1,33,33,-68 to 28,-93,Krios3@Janelia,Falcon4,Thermo Scientific Selectris X,.eer,120.00,3.64,1.92,612,vGlut1mScarletxPSD95GFP mouse Schaffer collateral,20240809,20240809AM5,20240905,OHSU,AMmilled#19-1,,20240920,Janelia,40 nM,1 mM DCKA; 1 mM AP,20% dextran; 5% sucrose,yes
5F11,20240920_HippWaffle_113,liza_az0,0,picking not great,,1.79,,Post,1,,,Post,,,,synaptosome,3,5,-96,-96,-,3.36,1.787,-,1.787,-,Y,-,patch,,2.296,N,2.296,2.7,-3.5,0.1,33,33,-68 to 28,-93,Krios3@Janelia,Falcon4,Thermo Scientific Selectris X,.eer,120.00,3.64,1.92,612,vGlut1mScarletxPSD95GFP mouse Schaffer collateral,20240809,20240809AM5,20240905,OHSU,AMmilled#19-1,,20240920,Janelia,40 nM,1 mM DCKA; 1 mM AP,20% dextran; 5% sucrose,yes
5F11,20240920_HippWaffle_114,liza_az0,0,top viewish so membranes may not segment well; top view of nearby rows of actin or other filaments looks interesting,,0.25,,Post,,,,,,Pre (1),,synaptosome,2,5,-96,-96,-,2.8,-,-,-,3,Y,0.2468,fiducial,,2.296,N,2.296,2.7,-3.5,0.1,33,33,-68 to 28,-93,Krios3@Janelia,Falcon4,Thermo Scientific Selectris X,.eer,120.00,3.64,1.92,612.000,vGlut1mScarletxPSD95GFP mouse Schaffer collateral,20240809,20240809AM5,20240905,OHSU,AMmilled#19-1,,20240920,Janelia,40 nM,1 mM DCKA; 1 mM AP,20% dextran; 5% sucrose,yes
5F11,20240920_HippWaffle_129,liza_az1,0,ER/golgi right at PSD; endocytosis in pre,,0.82,,Post,1,,,Post,,,,semi-tissue,2,5,-96,-95,-,1.35,0.817,-,0.817,-,Y,-,patch,,2.296,N,2.296,2.7,-3.5,0.1,33,33,-68 to 28,-93,Krios3@Janelia,Falcon4,Thermo Scientific Selectris X,.eer,120.00,3.64,1.92,612,vGlut1mScarletxPSD95GFP mouse Schaffer collateral,20240809,20240809AM5,20240905,OHSU,AMmilled#19-1,,20240920,Janelia,40 nM,1 mM DCKA; 1 mM AP,20% dextran; 5% sucrose,yes
5F11,20240920_HippWaffle_134,liza_az0,0,likely endocytosing vesicles (adjacent to area where AuNPs are visible),,1.17,,Post,1,Post (maybe? or odd synapse type),Post (empty),Post,,,,semi-tissue,2,5,-96,-96,-,2.28,1.173,-,1.173,-,-,-,patch,,2.296,N,2.296,2.7,-3.5,0.1,33,33,-68 to 28,-93,Krios3@Janelia,Falcon4,Thermo Scientific Selectris X,.eer,120.00,3.64,1.92,612,vGlut1mScarletxPSD95GFP mouse Schaffer collateral,20240809,20240809AM5,20240905,OHSU,AMmilled#19-1,,20240920,Janelia,40 nM,1 mM DCKA; 1 mM AP,20% dextran; 5% sucrose,yes
5F11,20240920_HippWaffle_136,best_alignment,0,,,0.54,,,,,,,,,,semi-tissue,2,5,-96,-96,-,2.71,-,-,-,4,Y,0.54,fiducial,,2.296,N,2.296,2.7,-3.5,0.1,33,33,-68 to 28,-93,Krios3@Janelia,Falcon4,Thermo Scientific Selectris X,.eer,120.00,3.64,1.92,612,vGlut1mScarletxPSD95GFP mouse Schaffer collateral,20240809,20240809AM5,20240905,OHSU,AMmilled#19-1,,20240920,Janelia,40 nM,1 mM DCKA; 1 mM AP,20% dextran; 5% sucrose,yes
5F11,20240920_HippWaffle_146,liza_az0,0,,,1.28,,Post,,,,,,Pre (1),,semi-tissue,2,5,-96,-96,-,1.93,-,-,-,10,Y,1.28,fiducial,,2.296,N,2.296,2.7,-3.5,0.1,33,33,-68 to 28,-93,Krios3@Janelia,Falcon4,Thermo Scientific Selectris X,.eer,120.00,3.64,1.92,612,vGlut1mScarletxPSD95GFP mouse Schaffer collateral,20240809,20240809AM5,20240905,OHSU,AMmilled#19-1,,20240920,Janelia,40 nM,1 mM DCKA; 1 mM AP,20% dextran; 5% sucrose,yes
5F11,20240920_HippWaffle_148,best_alignment,0,presynaptic NMDAR(s); ribosomes at post,,0.42,Y,,1,,,Post,Pre (2),,,semi-tissue,2,5,-96,-96,-,1.14,0.422,-,0.422,-,-,-,patch,,2.296,N,2.296,2.7,-3.5,0.1,33,33,-68 to 28,-93,Krios3@Janelia,Falcon4,Thermo Scientific Selectris X,.eer,120.00,3.64,1.92,612,vGlut1mScarletxPSD95GFP mouse Schaffer collateral,20240809,20240809AM5,20240905,OHSU,AMmilled#19-1,,20240920,Janelia,40 nM,1 mM DCKA; 1 mM AP,20% dextran; 5% sucrose,yes
5F11,20240920_HippWaffle_156,liza_az0,0,,,0.95,,Post,,,Pre (empty),,,Pre (1),,synaptosome,3,5,-96,-96,-,2.05,0.945,-,0.945,-,-,-,patch,,2.296,N,2.296,2.7,-3.5,0.1,33,33,-68 to 28,-93,Krios3@Janelia,Falcon4,Thermo Scientific Selectris X,.eer,120.00,3.64,1.92,612,vGlut1mScarletxPSD95GFP mouse Schaffer collateral,20240809,20240809AM5,20240905,OHSU,AMmilled#19-1,,20240920,Janelia,40 nM,1 mM DCKA; 1 mM AP,20% dextran; 5% sucrose,yes
5F11,20240920_HippWaffle_180,liza_az0,0,ribosomes all over post,,1.21,Post,Post,,,,Post (many!),,,,synaptosome,2,5,-96,-96,-,2.65,1.213,-,1.213,-,-,-,patch,,2.296,N,2.296,2.7,-3.5,0.1,33,33,-68 to 28,-93,Krios3@Janelia,Falcon4,Thermo Scientific Selectris X,.eer,120.00,3.64,1.92,612,vGlut1mScarletxPSD95GFP mouse Schaffer collateral,20240809,20240809AM5,20240905,OHSU,AMmilled#19-1,,20240920,Janelia,40 nM,1 mM DCKA; 1 mM AP,20% dextran; 5% sucrose,yes
5F11,20240920_HippWaffle_55,liza_az0,0,,,2.92,,,,,,,,,,tissue,1,5,-96,-96,-,6.83,2.922,-,2.922,-,-,-,patch,,2.296,N,2.296,2.7,-3.5,0.1,33,33,-68 to 28,-93,Krios3@Janelia,Falcon4,Thermo Scientific Selectris X,.eer,120.00,3.64,1.92,612,vGlut1mScarletxPSD95GFP mouse Schaffer collateral,20240809,20240809AM5,20240905,OHSU,AMmilled#19-1,,20240920,Janelia,40 nM,1 mM DCKA; 1 mM AP,20% dextran; 5% sucrose,yes
5F11,20240920_HippWaffle_99,liza_az0,0,,,0.53,,,,,,Other (in buffer?),,Pre (1 top view),,semi-tissue,2,5,-96,-96,-,4.64,-,-,-,9,Y,0.526,fiducial,,2.296,N,2.296,2.7,-3.5,0.1,33,31,-62 to 28,-93,Krios3@Janelia,Falcon4,Thermo Scientific Selectris X,.eer,120.00,3.64,1.92,612,vGlut1mScarletxPSD95GFP mouse Schaffer collateral,20240809,20240809AM5,20240905,OHSU,AMmilled#19-1,,20240920,Janelia,40 nM,1 mM DCKA; 1 mM AP,20% dextran; 5% sucrose,yes
5F11,20241202_AMmilled19-2_Position_11,liza_az0,0,,,0.56,,Post,,,,,,Pre (2),,synaptosome,2,5,-95,-,1,-,2.12,-,-,5,Y,0.561,fiducial,,2.335,N,2.335,2.7,-5,0.1,33,33,-68 to 28,-174,Krios1@PNCC,Falcon4,Thermo Scientific Selectris X,.eer,120.00,3.64,1.32,405,vGlut1mScarletxPSD95GFP mouse Schaffer collateral,20240809,20240809AM6,20240912,OHSU,AMmilled#19-2,,20241202,PNCC,40 nM,1 mM DCKA; 1 mM AP,20% dextran; 5% sucrose,yes
5F11,20241202_AMmilled19-2_Position_12,best_alignment,0,,,0.34,,,,,,,,,,synaptosome,3,5,-95,-,"1,2",-,-,-,-,10,Y,0.337,fiducial,,2.335,N,2.335,2.7,-5,0.1,33,33,-68 to 28,-174,Krios1@PNCC,Falcon4,Thermo Scientific Selectris X,.eer,120.00,3.64,1.32,405,vGlut1mScarletxPSD95GFP mouse Schaffer collateral,20240809,20240809AM6,20240912,OHSU,AMmilled#19-2,,20241202,PNCC,40 nM,1 mM DCKA; 1 mM AP,20% dextran; 5% sucrose,yes
5F11,20241202_AMmilled19-2_Position_7,liza_az0,0,,,0.75,,Post,,,Post (empty),Post,,,,semi-tissue,2,5,-95,-,1,-,-,-,-,18,Y,0.75,fiducial,,2.335,N,2.335,2.7,-5,0.1,33,33,-68 to 28,-174,Krios1@PNCC,Falcon4,Thermo Scientific Selectris X,.eer,120.00,3.64,1.32,405,vGlut1mScarletxPSD95GFP mouse Schaffer collateral,20240809,20240809AM6,20240912,OHSU,AMmilled#19-2,,20241202,PNCC,40 nM,1 mM DCKA; 1 mM AP,20% dextran; 5% sucrose,yes
5F11,20241202_AMmilled23-1_Position_17,liza_az0,0,some missed aunps in picks,,0.62,,Post,,,,,,,,semi-tissue,2,5,-95,-,"1,2,3,4",-,-,-,-,6,Y,0.615,fiducial,,2.335,N,2.335,2.7,-5,0.1,33,33,-68 to 28,-174,Krios1@PNCC,Falcon4,Thermo Scientific Selectris X,.eer,120.00,3.64,1.32,405,vGlut1mScarletxPSD95GFP mouse Schaffer collateral,20240809,20240809AM#7(5F11),20241031,OHSU,AMmilled#23-1,,20241202,PNCC,40 nM,1 mM DCKA; 1 mM AP,20% dextran; 5% sucrose,yes
unlabeled,20250226_CZmilledH-1_Position_1,best_alignment,0,,,,,,,,,,,,,semi-tissue,,,,,"1,2",,,,,,,,,,,,,,,,,,,,,,,,,,,,,,,,,,,,,,,,
unlabeled,20250226_CZmilledH-1_Position_2_2,best_alignment,0,,,,,,,,,,,,,semi-tissue,,,,,,,,,,,,,,,,,,,,,,,,,,,,,,,,,,,,,,,,,,,,,
unlabeled,20250227_AMmilled25-3_Position_102_2,best_alignment,0,,,,,,,,,,,,,tissue,,,,,,,,,,,,,,,,,,,,,,,,,,,,,,,,,,,,,,,,,,,,,
unlabeled,20250227_AMmilled25-3_Position_104,best_alignment,0,,,,,,,,,,,,,tissue,,,,,,,,,,,,,,,,,,,,,,,,,,,,,,,,,,,,,,,,,,,,,
unlabeled,20250227_AMmilled25-3_Position_105_3,best_alignment,0,,,,,,,,,,,,,tissue,,,,,,,,,,,,,,,,,,,,,,,,,,,,,,,,,,,,,,,,,,,,,
unlabeled,20250227_AMmilled25-3_Position_115_2,best_alignment,0,,,,,,,,,,,,,semi-tissue,,,,,,,,,,,,,,,,,,,,,,,,,,,,,,,,,,,,,,,,,,,,,
unlabeled,20250227_AMmilled25-3_Position_118_3,best_alignment,0,,,,,,,,,,,,,tissue,,,,,,,,,,,,,,,,,,,,,,,,,,,,,,,,,,,,,,,,,,,,,
unlabeled,20250227_AMmilled25-3_Position_124_3,best_alignment,0,,,,,,,,,,,,,tissue,,,,,,,,,,,,,,,,,,,,,,,,,,,,,,,,,,,,,,,,,,,,,
unlabeled,20250227_AMmilled25-3_Position_16,best_alignment,0,,,,,,,,,,,,,tissue,,,,,,,,,,,,,,,,,,,,,,,,,,,,,,,,,,,,,,,,,,,,,
unlabeled,20250227_AMmilled25-3_Position_16_6,best_alignment,0,,,,,,,,,,,,,semi-tissue,,,,,,,,,,,,,,,,,,,,,,,,,,,,,,,,,,,,,,,,,,,,,
unlabeled,20250227_AMmilled25-3_Position_30,best_alignment,0,,,,,,,,,,,,,tissue,,,,,,,,,,,,,,,,,,,,,,,,,,,,,,,,,,,,,,,,,,,,,
unlabeled,20250227_AMmilled25-3_Position_30_3,best_alignment,0,,,,,,,,,,,,,tissue,,,,,,,,,,,,,,,,,,,,,,,,,,,,,,,,,,,,,,,,,,,,,
unlabeled,20250227_AMmilled25-3_Position_32_3,best_alignment,0,,,,,,,,,,,,,synaptosome,,,,,,,,,,,,,,,,,,,,,,,,,,,,,,,,,,,,,,,,,,,,,
unlabeled,20250227_AMmilled25-3_Position_33,best_alignment,0,,,,,,,,,,,,,tissue,,,,,,,,,,,,,,,,,,,,,,,,,,,,,,,,,,,,,,,,,,,,,
unlabeled,20250227_AMmilled25-3_Position_47,best_alignment,0,,,,,,,,,,,,,semi-tissue,,,,,,,,,,,,,,,,,,,,,,,,,,,,,,,,,,,,,,,,,,,,,
unlabeled,20250227_AMmilled25-3_Position_51_3,best_alignment,0,,,,,,,,,,,,,tissue,,,,,,,,,,,,,,,,,,,,,,,,,,,,,,,,,,,,,,,,,,,,,
unlabeled,20250227_AMmilled25-3_Position_53_2,best_alignment,0,,,,,,,,,,,,,semi-tissue,,,,,,,,,,,,,,,,,,,,,,,,,,,,,,,,,,,,,,,,,,,,,
unlabeled,20250227_AMmilled25-3_Position_58,best_alignment,0,,,,,,,,,,,,,tissue,,,,,,,,,,,,,,,,,,,,,,,,,,,,,,,,,,,,,,,,,,,,,
unlabeled,20250227_AMmilled25-3_Position_63_3,best_alignment,0,,,,,,,,,,,,,semi-tissue,,,,,,,,,,,,,,,,,,,,,,,,,,,,,,,,,,,,,,,,,,,,,
unlabeled,20250227_AMmilled25-3_Position_64,best_alignment,0,,,,,,,,,,,,,tissue,,,,,,,,,,,,,,,,,,,,,,,,,,,,,,,,,,,,,,,,,,,,,
unlabeled,20250227_AMmilled25-3_Position_69_3,best_alignment,"0,1,2",,,,,,,,,,,,,tissue,,,,,,,,,,,,,,,,,,,,,,,,,,,,,,,,,,,,,,,,,,,,,
unlabeled,20250227_AMmilled25-3_Position_74_3,best_alignment,0,,,,,,,,,,,,,tissue,,,,,,,,,,,,,,,,,,,,,,,,,,,,,,,,,,,,,,,,,,,,,
unlabeled,20250227_AMmilled25-3_Position_79,best_alignment,0,,,,,,,,,,,,,tissue,,,,,,,,,,,,,,,,,,,,,,,,,,,,,,,,,,,,,,,,,,,,,
unlabeled,20250227_AMmilled25-3_Position_82_3,best_alignment,0,,,,,,,,,,,,,tissue,,,,,,,,,,,,,,,,,,,,,,,,,,,,,,,,,,,,,,,,,,,,,
unlabeled,20250227_AMmilled25-3_Position_92_2,best_alignment,0,,,,,,,,,,,,,synaptosome,,,,,,,,,,,,,,,,,,,,,,,,,,,,,,,,,,,,,,,,,,,,,
unlabeled,20250228_AMmilled25-1_Position_22_3,best_alignment,0,,,,,,,,,,,,,semi-tissue,,,,,,,,,,,,,,,,,,,,,,,,,,,,,,,,,,,,,,,,,,,,,
unlabeled,20250228_AMmilled25-1_Position_23,best_alignment,0,,,,,,,,,,,,,semi-tissue,,,,,,,,,,,,,,,,,,,,,,,,,,,,,,,,,,,,,,,,,,,,,
unlabeled,20250228_AMmilled25-1_Position_29,best_alignment,0,,,,,,,,,,,,,synaptosome,,,,,,,,,,,,,,,,,,,,,,,,,,,,,,,,,,,,,,,,,,,,,
unlabeled,20250228_AMmilled25-2_Position_1_7,best_alignment,0,,,,,,,,,,,,,synaptosome,,,,,,,,,,,,,,,,,,,,,,,,,,,,,,,,,,,,,,,,,,,,,
unlabeled,20250228_AMmilled25-2_Position_16,best_alignment,0,,,,,,,,,,,,,semi-tissue,,,,,,,,,,,,,,,,,,,,,,,,,,,,,,,,,,,,,,,,,,,,,
unlabeled,20250228_AMmilled25-2_Position_30_3,best_alignment,0,,,,,,,,,,,,,semi-tissue,,,,,,,,,,,,,,,,,,,,,,,,,,,,,,,,,,,,,,,,,,,,,
unlabeled,20250228_AMmilled25-2_Position_30_4,best_alignment,0,,,,,,,,,,,,,semi-tissue,,,,,,,,,,,,,,,,,,,,,,,,,,,,,,,,,,,,,,,,,,,,,
unlabeled,20250228_AMmilled25-2_Position_33_3,best_alignment,0,,,,,,,,,,,,,synaptosome,,,,,,,,,,,,,,,,,,,,,,,,,,,,,,,,,,,,,,,,,,,,,
unlabeled,20250228_AMmilled25-2_Position_41_3,best_alignment,0,,,,,,,,,,,,,synaptosome,,,,,,,,,,,,,,,,,,,,,,,,,,,,,,,,,,,,,,,,,,,,,
unlabeled,20250228_AMmilled25-2_Position_49_4,best_alignment,"0,1",,,,,,,,,,,,,tissue,,,,,,,,,,,,,,,,,,,,,,,,,,,,,,,,,,,,,,,,,,,,,
unlabeled,20250228_AMmilled25-2_Position_7,best_alignment,0,,,,,,,,,,,,,synaptosome,,,,,,,,,,,,,,,,,,,,,,,,,,,,,,,,,,,,,,,,,,,,,
unlabeled,20250228_AMmilled25-2_Position_8_2,best_alignment,0,,,,,,,,,,,,,synaptosome,,,,,,,,,,,,,,,,,,,,,,,,,,,,,,,,,,,,,,,,,,,,,
unlabeled,20250228_CZmilledA-3_Position_17_2,best_alignment,0,,,,,,,,,,,,,semi-tissue,,,,,,,,,,,,,,,,,,,,,,,,,,,,,,,,,,,,,,,,,,,,,
unlabeled,20250228_CZmilledA-3_Position_43,best_alignment,0,,,,,,,,,,,,,semi-tissue,,,,,,,,,,,,,,,,,,,,,,,,,,,,,,,,,,,,,,,,,,,,,