2.624284172058105469e+02 4.842512130737304688e+01 1.182097911834716797e+02
2.629727554321289062e+02 4.797369003295898438e+01 1.179016590118408203e+02
2.623554039001464844e+02 4.834810256958007812e+01 1.190000057220458984e+02
2.619866752624511719e+02 4.898912906646728516e+01 1.179601287841796875e+02
2.621292877197265625e+02 4.908657550811767578e+01 1.169999980926513672e+02
2.618553924560546875e+02 4.890872478485107422e+01 1.190000057220458984e+02
2.615449142456054688e+02 4.955596923828125000e+01 1.177104663848876953e+02
2.625105094909667969e+02 4.851095676422119141e+01 1.175431251525878906e+02
2.614732742309570312e+02 4.946730613708496094e+01 1.183771324157714844e+02
2.614255905151367188e+02 4.940872669219970703e+01 1.190000057220458984e+02
2.611907768249511719e+02 4.993358135223388672e+01 1.180262756347656250e+02
2.612353324890136719e+02 5.015892505645751953e+01 1.169999980926513672e+02
2.609819221496582031e+02 5.000000000000000000e+01 1.190000057220458984e+02
2.606335067749023438e+02 5.070080757141113281e+01 1.180000019073486328e+02
2.607353401184082031e+02 5.084738254547119141e+01 1.169999980926513672e+02
2.605563163757324219e+02 5.058707237243652344e+01 1.190000057220458984e+02
2.603065299987792969e+02 5.120080947875976562e+01 1.180000019073486328e+02
2.603985786437988281e+02 5.134737968444824219e+01 1.169999980926513672e+02
2.597666931152343750e+02 5.208740234375000000e+01 1.180503082275390625e+02
2.602397918701171875e+02 5.108707427978515625e+01 1.190000057220458984e+02
2.597397804260253906e+02 5.192017555236816406e+01 1.190000057220458984e+02
2.602519798278808594e+02 5.091581344604492188e+01 1.200279426574707031e+02
2.596972656250000000e+02 5.184754371643066406e+01 1.200000000000000000e+02
2.605168533325195312e+02 5.052635669708251953e+01 1.197132396697998047e+02
2.601614952087402344e+02 5.100000381469726562e+01 1.210000038146972656e+02
2.604902648925781250e+02 5.048614501953125000e+01 1.203799057006835938e+02
2.608030891418457031e+02 5.009168624877929688e+01 1.200279426574707031e+02
2.604806709289550781e+02 5.047219276428222656e+01 1.210000038146972656e+02
2.604839706420898438e+02 5.047677993774414062e+01 1.217978191375732422e+02
2.608334732055664062e+02 4.997219085693359375e+01 1.210000038146972656e+02
2.613334655761718750e+02 4.929035663604736328e+01 1.210000038146972656e+02
2.607748413085937500e+02 5.008606910705566406e+01 1.220786952972412109e+02
2.613421630859375000e+02 4.930038928985595703e+01 1.219999980926513672e+02
2.609185791015625000e+02 5.000000000000000000e+01 1.230000019073486328e+02
2.605018615722656250e+02 5.050301551818847656e+01 1.224644851684570312e+02
2.602416801452636719e+02 5.090180873870849609e+01 1.220786952972412109e+02
2.605305290222167969e+02 5.054875373840332031e+01 1.230000019073486328e+02
2.602243041992187500e+02 5.104875087738037109e+01 1.230000019073486328e+02
2.605950927734375000e+02 5.065113544464111328e+01 1.240000057220458984e+02
2.610526466369628906e+02 5.000000000000000000e+01 1.240000057220458984e+02
2.602844429016113281e+02 5.115113258361816406e+01 1.240000057220458984e+02
2.606832695007324219e+02 5.078719139099121094e+01 1.250000000000000000e+02
2.612456321716308594e+02 4.995722293853759766e+01 1.249042034149169922e+02
2.603666305541992188e+02 5.128718852996826172e+01 1.250000000000000000e+02
2.607540130615234375e+02 5.104603767395019531e+01 1.260389041900634766e+02
2.611294364929199219e+02 5.091075897216796875e+01 1.270754814147949219e+02
2.605248260498046875e+02 5.154235839843750000e+01 1.263981628417968750e+02
2.612988853454589844e+02 5.022938251495361328e+01 1.260000038146972656e+02
2.604426574707031250e+02 5.141005992889404297e+01 1.257314968109130859e+02
2.602170372009277344e+02 5.192541599273681641e+01 1.260389041900634766e+02
2.599535942077636719e+02 5.200000286102294922e+01 1.250000000000000000e+02
2.596892929077148438e+02 5.286904335021972656e+01 1.260000038146972656e+02
2.603116989135742188e+02 5.217679977416992188e+01 1.269999980926513672e+02
2.597951698303222656e+02 5.309245586395263672e+01 1.269154834747314453e+02
2.604170799255371094e+02 5.236003875732421875e+01 1.277551746368408203e+02
2.606052207946777344e+02 5.167679786682128906e+01 1.269999980926513672e+02
2.607231330871582031e+02 5.201602458953857422e+01 1.280531024932861328e+02
2.612598609924316406e+02 5.115617275238037109e+01 1.280000019073486328e+02
2.605253791809082031e+02 5.254615783691406250e+01 1.284218406677246094e+02
2.611485671997070312e+02 5.194077968597412109e+01 1.290384578704833984e+02
2.613977050781250000e+02 5.135696411132812500e+01 1.287307643890380859e+02
2.606374359130859375e+02 5.274148464202880859e+01 1.290000057220458984e+02
2.613607597351074219e+02 5.228998661041259766e+01 1.300000000000000000e+02
2.615463256835937500e+02 5.156796455383300781e+01 1.293974304199218750e+02
2.617046165466308594e+02 5.178998470306396484e+01 1.300000000000000000e+02
2.617942047119140625e+02 5.101418018341064453e+01 1.290384578704833984e+02
2.616150665283203125e+02 5.065617084503173828e+01 1.280000019073486328e+02
2.623329925537109375e+02 5.029808998107910156e+01 1.290000057220458984e+02
2.622457313537597656e+02 5.102170467376708984e+01 1.299301910400390625e+02
2.623931503295898438e+02 5.136950492858886719e+01 1.306601047515869141e+02
2.626742362976074219e+02 5.070283889770507812e+01 1.302169799804687500e+02
2.624700736999511719e+02 5.046444892883300781e+01 1.295503139495849609e+02
2.630547332763671875e+02 5.006444931030273438e+01 1.299064159393310547e+02
2.634352493286132812e+02 4.943561553955078125e+01 1.295958614349365234e+02
2.627675247192382812e+02 4.979808807373046875e+01 1.290000057220458984e+02
2.633409118652343750e+02 5.033112049102783203e+01 1.307088184356689453e+02
2.636747169494628906e+02 4.966445446014404297e+01 1.302625274658203125e+02
2.640743637084960938e+02 4.906533718109130859e+01 1.298979663848876953e+02
2.639736175537109375e+02 4.997836112976074219e+01 1.310265731811523438e+02
2.643413734436035156e+02 4.936172485351562500e+01 1.306776523590087891e+02
2.636058616638183594e+02 5.060384273529052734e+01 1.313754940032958984e+02
2.642725181579589844e+02 5.029227256774902344e+01 1.317302322387695312e+02
2.646634674072265625e+02 4.962560653686523438e+01 1.313443183898925781e+02
2.649776077270507812e+02 4.998375415802001953e+01 1.320204353332519531e+02
2.650473594665527344e+02 4.903474807739257812e+01 1.309547805786132812e+02
2.654312324523925781e+02 4.845107555389404297e+01 1.305652427673339844e+02
2.647645568847656250e+02 4.869505882263183594e+01 1.302000713348388672e+02
2.653301429748535156e+02 4.937444210052490234e+01 1.316439628601074219e+02
2.659999847412109375e+02 4.865992546081542969e+01 1.312937164306640625e+02
2.660659217834472656e+02 4.920666694641113281e+01 1.319863796234130859e+02
2.665110206604003906e+02 4.850545883178710938e+01 1.314930534362792969e+02
2.659999847412109375e+02 4.828011512756347656e+01 1.307937240600585938e+02
2.659774971008300781e+02 4.776877880096435547e+01 1.300137901306152344e+02
2.669371604919433594e+02 4.796661853790283203e+01 1.310404396057128906e+02
2.666966247558593750e+02 4.758907318115234375e+01 1.303563213348388672e+02
2.679999923706054688e+02 4.768844127655029297e+01 1.312398052215576172e+02
2.671776771545410156e+02 4.834416389465332031e+01 1.316868495941162109e+02
2.673633003234863281e+02 4.743889331817626953e+01 1.305878257751464844e+02
2.670179748535156250e+02 4.724074363708496094e+01 1.300137901306152344e+02
2.679999923706054688e+02 4.733306407928466797e+01 1.307398033142089844e+02
2.680599594116210938e+02 4.681271076202392578e+01 1.299204540252685547e+02
2.689999961853027344e+02 4.721373081207275391e+01 1.309044456481933594e+02
2.689999961853027344e+02 4.756993293762207031e+01 1.314044475555419922e+02
2.700000000000000000e+02 4.715713977813720703e+01 1.309747695922851562e+02
2.689999961853027344e+02 4.671372890472412109e+01 1.301315212249755859e+02
2.689999961853027344e+02 4.642357349395751953e+01 1.296315193176269531e+02
2.700000000000000000e+02 4.665713787078857422e+01 1.302368927001953125e+02
2.700000000000000000e+02 4.635982036590576172e+01 1.297368907928466797e+02
2.709999847412109375e+02 4.665069103240966797e+01 1.302553653717041016e+02
2.709999847412109375e+02 4.634488582611083984e+01 1.297553634643554688e+02
2.709999847412109375e+02 4.715069293975830078e+01 1.309786701202392578e+02
2.719999885559082031e+02 4.668582916259765625e+01 1.302050971984863281e+02
2.719999885559082031e+02 4.637286186218261719e+01 1.297050952911376953e+02
2.719999885559082031e+02 4.718583106994628906e+01 1.309257411956787109e+02
2.729999923706054688e+02 4.676352500915527344e+01 1.300903415679931641e+02
2.729999923706054688e+02 4.644336223602294922e+01 1.295903396606445312e+02
2.729999923706054688e+02 4.726352214813232422e+01 1.308154582977294922e+02
2.739197349548339844e+02 4.685128688812255859e+01 1.299077320098876953e+02
2.739999961853027344e+02 4.738335609436035156e+01 1.306534385681152344e+02
2.749563980102539062e+02 4.722957611083984375e+01 1.300374794006347656e+02
2.735329055786132812e+02 4.649174213409423828e+01 1.295128917694091797e+02
2.741995620727539062e+02 4.657433986663818359e+01 1.293737697601318359e+02
2.739197349548339844e+02 4.630831718444824219e+01 1.290242576599121094e+02
2.750000000000000000e+02 4.668469429016113281e+01 1.291920280456542969e+02
2.750000000000000000e+02 4.638795852661132812e+01 1.286920261383056641e+02
2.759498596191406250e+02 4.683286190032958984e+01 1.289293670654296875e+02
2.762497711181640625e+02 4.658723354339599609e+01 1.283362770080566406e+02
2.759999847412109375e+02 4.735065460205078125e+01 1.297112655639648438e+02
2.769506072998046875e+02 4.726269245147705078e+01 1.290016841888427734e+02
2.755831146240234375e+02 4.647058010101318359e+01 1.285489368438720703e+02
2.759498596191406250e+02 4.631043434143066406e+01 1.280017662048339844e+02
2.750000000000000000e+02 4.602805614471435547e+01 1.280000019073486328e+02
2.759112739562988281e+02 4.578638076782226562e+01 1.269082355499267578e+02
2.767362594604492188e+02 4.641079902648925781e+01 1.276696109771728516e+02
2.770417594909667969e+02 4.623376846313476562e+01 1.270528984069824219e+02
2.770417594909667969e+02 4.670744895935058594e+01 1.280017662048339844e+02
2.780274391174316406e+02 4.717433452606201172e+01 1.280361652374267578e+02
2.774029159545898438e+02 4.653687477111816406e+01 1.274215030670166016e+02
2.780528831481933594e+02 4.666347503662109375e+01 1.270528984069824219e+02
2.777548217773437500e+02 4.638165473937988281e+01 1.267548370361328125e+02
2.784214973449707031e+02 4.653687477111816406e+01 1.264129543304443359e+02
2.790425682067871094e+02 4.716844558715820312e+01 1.270382690429687500e+02
2.790226364135742188e+02 4.668886184692382812e+01 1.260477733612060547e+02
2.787376022338867188e+02 4.736537933349609375e+01 1.277269363403320312e+02
2.794042778015136719e+02 4.755548000335693359e+01 1.273971176147460938e+02
2.796926307678222656e+02 4.737848758697509766e+01 1.267304515838623047e+02
2.800155639648437500e+02 4.722417831420898438e+01 1.259883308410644531e+02
2.800155639648437500e+02 4.775474071502685547e+01 1.270382690429687500e+02
2.803592872619628906e+02 4.759044170379638672e+01 1.263138866424560547e+02
2.799574661254882812e+02 4.825977325439453125e+01 1.279491901397705078e+02
2.809440231323242188e+02 4.832079410552978516e+01 1.269010925292968750e+02
2.809640312194824219e+02 4.784649848937988281e+01 1.259883308410644531e+02
2.805733680725097656e+02 4.844531059265136719e+01 1.275819778442382812e+02
2.815013313293457031e+02 4.849890708923339844e+01 1.265018272399902344e+02
2.812400245666503906e+02 4.870276927947998047e+01 1.271684932708740234e+02
2.809682273864746094e+02 4.902099132537841797e+01 1.279633045196533203e+02
2.819061470031738281e+02 4.907869815826416016e+01 1.268681049346923828e+02
2.821694564819335938e+02 4.878530979156494141e+01 1.260000038146972656e+02
2.816443061828613281e+02 4.936943531036376953e+01 1.276779651641845703e+02
2.823109626770019531e+02 4.968975543975830078e+01 1.272343921661376953e+02
2.825465583801269531e+02 4.945462226867675781e+01 1.265677261352539062e+02
2.827231407165527344e+02 4.928530693054199219e+01 1.260000038146972656e+02
2.829221153259277344e+02 5.008554458618164062e+01 1.268795013427734375e+02
2.832231330871582031e+02 4.980212211608886719e+01 1.260000038146972656e+02
2.826309967041015625e+02 5.035642147064208984e+01 1.276738071441650391e+02
2.832976722717285156e+02 5.075162410736083984e+01 1.271912860870361328e+02
2.835158348083496094e+02 5.048133373260498047e+01 1.265246105194091797e+02
2.836699676513671875e+02 5.030211925506591797e+01 1.260000038146972656e+02
2.837079429626464844e+02 5.105097293853759766e+01 1.269147682189941406e+02
2.841969108581542969e+02 5.099866867065429688e+01 1.260305118560791016e+02
2.835625076293945312e+02 5.141829013824462891e+01 1.275882244110107422e+02
2.842676544189453125e+02 5.196051597595214844e+01 1.270487117767333984e+02
2.844349098205566406e+02 5.160085678100585938e+01 1.263841819763183594e+02
2.837411117553710938e+02 5.205018043518066406e+01 1.279529380798339844e+02
2.844486808776855469e+02 5.259397983551025391e+01 1.274145221710205078e+02
2.846458053588867188e+02 5.226752758026123047e+01 1.267478561401367188e+02
2.848522186279296875e+02 5.196051597595214844e+01 1.260305118560791016e+02
2.848523902893066406e+02 5.295638561248779297e+01 1.270487117767333984e+02
2.853677749633789062e+02 5.291593074798583984e+01 1.260772323608398438e+02
2.846277809143066406e+02 5.326064586639404297e+01 1.277003765106201172e+02
2.853317451477050781e+02 5.392629623413085938e+01 1.270402145385742188e+02
2.847871208190917969e+02 5.400827884674072266e+01 1.280202293395996094e+02
2.854447174072265625e+02 5.464673042297363281e+01 1.274003601074218750e+02
2.856287765502929688e+02 5.421049118041992188e+01 1.267336940765380859e+02
2.854803848266601562e+02 5.354382514953613281e+01 1.264620590209960938e+02
2.858428764343261719e+02 5.392629623413085938e+01 1.260772323608398438e+02
2.856508445739746094e+02 5.319322109222412109e+01 1.257953929901123047e+02
2.863426780700683594e+02 5.395537853240966797e+01 1.250412082672119141e+02
2.863018608093261719e+02 5.497059822082519531e+01 1.259950828552246094e+02
2.864584732055664062e+02 5.461766242980957031e+01 1.254020118713378906e+02
2.857691192626953125e+02 5.498804092407226562e+01 1.270402145385742188e+02
2.864158248901367188e+02 5.579082012176513672e+01 1.263251399993896484e+02
2.865764999389648438e+02 5.528432846069335938e+01 1.256584739685058594e+02
2.866541290283203125e+02 5.607449054718017578e+01 1.259950828552246094e+02
2.867337608337402344e+02 5.497059822082519531e+01 1.250412082672119141e+02
2.865998649597167969e+02 5.425896644592285156e+01 1.247353458404541016e+02
2.871483421325683594e+02 5.500000000000000000e+01 1.240000057220458984e+02
2.870689773559570312e+02 5.600000381469726562e+01 1.250000000000000000e+02
2.874074554443359375e+02 5.590425968170166016e+01 1.240464019775390625e+02
2.873248291015625000e+02 5.699139118194580078e+01 1.249577808380126953e+02
2.874677658081054688e+02 5.665231704711914062e+01 1.244106674194335938e+02
2.868832206726074219e+02 5.700000286102294922e+01 1.260000038146972656e+02
2.873969841003417969e+02 5.800000190734863281e+01 1.252401733398437500e+02
2.875389671325683594e+02 5.731898307800292969e+01 1.245963001251220703e+02
2.876721382141113281e+02 5.699139118194580078e+01 1.240464019775390625e+02
2.875962066650390625e+02 5.800000190734863281e+01 1.247401714324951172e+02
2.876552963256835938e+02 5.900000095367431641e+01 1.248887634277343750e+02
2.878704452514648438e+02 5.800000190734863281e+01 1.240000057220458984e+02
2.882009696960449219e+02 5.800000190734863281e+01 1.230000019073486328e+02
2.879878044128417969e+02 5.900000095367431641e+01 1.240000057220458984e+02
2.883508682250976562e+02 5.905854225158691406e+01 1.229128360748291016e+02
2.880523872375488281e+02 6.000000000000000000e+01 1.240000057220458984e+02
2.883658981323242188e+02 6.000000000000000000e+01 1.230613517761230469e+02
2.876496315002441406e+02 6.009102344512939453e+01 1.250766563415527344e+02
2.880588150024414062e+02 6.100000381469726562e+01 1.240000057220458984e+02
2.883681106567382812e+02 6.100000381469726562e+01 1.230531311035156250e+02
2.876530075073242188e+02 6.092436313629150391e+01 1.250918292999267578e+02
2.880035018920898438e+02 6.200000286102294922e+01 1.240000057220458984e+02
2.883522033691406250e+02 6.191821098327636719e+01 1.229062652587890625e+02
2.876656913757324219e+02 6.200000286102294922e+01 1.249328041076660156e+02
2.878927993774414062e+02 6.300000190734863281e+01 1.240000057220458984e+02
2.881998825073242188e+02 6.300000190734863281e+01 1.230000019073486328e+02
2.876116180419921875e+02 6.300000190734863281e+01 1.247948265075683594e+02
2.876876449584960938e+02 6.405052661895751953e+01 1.240706443786621094e+02
2.875512886047363281e+02 6.375087738037109375e+01 1.246357440948486328e+02
2.875742912292480469e+02 6.500000000000000000e+01 1.237176799774169922e+02
2.874833869934082031e+02 6.441754817962646484e+01 1.244510650634765625e+02
2.880245018005371094e+02 6.400000095367431641e+01 1.230000019073486328e+02
2.883194732666015625e+02 6.391643524169921875e+01 1.219152164459228516e+02
2.877779006958007812e+02 6.500000000000000000e+01 1.230000019073486328e+02
2.880233383178710938e+02 6.500000000000000000e+01 1.219999980926513672e+02
2.875679779052734375e+02 6.568724632263183594e+01 1.230000019073486328e+02
2.873895645141601562e+02 6.618724346160888672e+01 1.230000019073486328e+02
2.876764297485351562e+02 6.604640007019042969e+01 1.220102119445800781e+02
2.875020217895507812e+02 6.550565719604492188e+01 1.235058403015136719e+02
2.872286987304687500e+02 6.590339660644531250e+01 1.239035034179687500e+02
2.867553329467773438e+02 6.606043815612792969e+01 1.250638484954833984e+02
2.867383766174316406e+02 6.704138278961181641e+01 1.240224647521972656e+02
2.874041366577148438e+02 6.500000000000000000e+01 1.242176818847656250e+02
2.871213912963867188e+02 6.500000000000000000e+01 1.250000000000000000e+02
2.873622131347656250e+02 6.405052661895751953e+01 1.249814510345458984e+02
2.867049789428710938e+02 6.500308513641357422e+01 1.260329437255859375e+02
2.864516448974609375e+02 6.533847332000732422e+01 1.263882350921630859e+02
2.869702148437500000e+02 6.400000095367431641e+01 1.260000038146972656e+02
2.865519523620605469e+02 6.467180728912353516e+01 1.266010379791259766e+02
2.865960502624511719e+02 6.576739311218261719e+01 1.257215690612792969e+02
2.863559722900390625e+02 6.606043815612792969e+01 1.260329437255859375e+02
2.864762878417968750e+02 6.643406391143798828e+01 1.254397487640380859e+02
2.858380889892578125e+02 6.607991695404052734e+01 1.270859241485595703e+02
2.859761047363281250e+02 6.700000286102294922e+01 1.260000038146972656e+02
2.863521957397460938e+02 6.704138278961181641e+01 1.250638484954833984e+02
2.856271743774414062e+02 6.700000286102294922e+01 1.267382240295410156e+02
2.856198692321777344e+02 6.771383762359619141e+01 1.260000038146972656e+02
2.858337402343750000e+02 6.806664943695068359e+01 1.250557994842529297e+02
2.855042266845703125e+02 6.750736713409423828e+01 1.265077590942382812e+02
2.853358078002929688e+02 6.821383476257324219e+01 1.260000038146972656e+02
2.854682159423828125e+02 6.844441413879394531e+01 1.254263305664062500e+02
2.848181724548339844e+02 6.902839183807373047e+01 1.259991264343261719e+02
2.849849700927734375e+02 6.796639442443847656e+01 1.269642734527587891e+02
2.846570777893066406e+02 6.775875568389892578e+01 1.277525138854980469e+02
2.846461868286132812e+02 6.871398448944091797e+01 1.267541122436523438e+02
2.853582572937011719e+02 6.700000286102294922e+01 1.272382164001464844e+02
2.844535064697265625e+02 6.842542171478271484e+01 1.274207782745361328e+02
2.842469596862792969e+02 6.902839183807373047e+01 1.270524692535400391e+02
2.842836952209472656e+02 6.805525302886962891e+01 1.280515098571777344e+02
2.844483566284179688e+02 6.739975929260253906e+01 1.284191894531250000e+02
2.837406349182128906e+02 6.895631790161132812e+01 1.279379177093505859e+02
2.837327766418457031e+02 6.793195724487304688e+01 1.289561557769775391e+02
2.833138084411621094e+02 6.821992397308349609e+01 1.292602539062500000e+02
2.842168998718261719e+02 6.703985691070556641e+01 1.290000343322753906e+02
2.835353088378906250e+02 6.755325794219970703e+01 1.295419788360595703e+02
2.835709571838378906e+02 6.859386444091796875e+01 1.285935878753662109e+02
2.829795265197753906e+02 6.897131443023681641e+01 1.289700412750244141e+02
2.826471519470214844e+02 6.868210315704345703e+01 1.296688556671142578e+02
2.826452445983886719e+02 6.966503620147705078e+01 1.286798381805419922e+02
2.823652648925781250e+02 6.934876918792724609e+01 1.293465042114257812e+02
2.833119010925292969e+02 6.926053047180175781e+01 1.282298564910888672e+02
2.829494094848632812e+02 6.994182109832763672e+01 1.279252815246582031e+02
2.832941818237304688e+02 7.026513099670410156e+01 1.269999980926513672e+02
2.825868988037109375e+02 7.058691024780273438e+01 1.276206970214843750e+02
2.835432624816894531e+02 6.955193519592285156e+01 1.275631904602050781e+02
2.823366737365722656e+02 7.033170223236083984e+01 1.282873630523681641e+02
2.819473648071289062e+02 7.095418453216552734e+01 1.279304218292236328e+02
2.820176315307617188e+02 7.001866340637207031e+01 1.290192413330078125e+02
2.816986083984375000e+02 6.970562458038330078e+01 1.297084522247314453e+02
2.816699981689453125e+02 7.065478801727294922e+01 1.286919784545898438e+02
2.813636779785156250e+02 7.037229061126708984e+01 1.293586540222167969e+02
2.809868812561035156e+02 7.099264621734619141e+01 1.289861011505126953e+02
2.810339927673339844e+02 7.003264904022216797e+01 1.300318145751953125e+02
2.813709640502929688e+02 6.936658859252929688e+01 1.303751182556152344e+02
2.803297042846679688e+02 7.035967350006103516e+01 1.303551673889160156e+02
2.807043075561523438e+02 6.969300746917724609e+01 1.306779003143310547e+02
2.806970214843750000e+02 7.066383838653564453e+01 1.296885013580322266e+02
2.799629974365234375e+02 7.097660064697265625e+01 1.299692058563232422e+02
2.802629661560058594e+02 7.133050441741943359e+01 1.292802238464355469e+02
2.796630477905273438e+02 7.062269687652587891e+01 1.306287384033203125e+02
2.795962905883789062e+02 7.156620025634765625e+01 1.295832347869873047e+02
2.791780853271484375e+02 7.128936290740966797e+01 1.302499008178710938e+02
2.789068412780761719e+02 7.170502662658691406e+01 1.299499416351318359e+02
2.788610839843750000e+02 7.091031551361083984e+01 1.309019279479980469e+02
2.792107772827148438e+02 7.028384685516357422e+01 1.312954044342041016e+02
2.779999923706054688e+02 7.120017528533935547e+01 1.311756515502929688e+02
2.785441017150878906e+02 7.053126335144042969e+01 1.315309429168701172e+02
2.785114097595214844e+02 7.150728225708007812e+01 1.305084514617919922e+02
2.779999923706054688e+02 7.164824485778808594e+01 1.306756496429443359e+02
2.769192504882812500e+02 7.196551799774169922e+01 1.309537124633789062e+02
2.780231285095214844e+02 7.217953205108642578e+01 1.299850368499755859e+02
2.771920013427734375e+02 7.235704421997070312e+01 1.303083896636962891e+02
2.783718872070312500e+02 7.243489265441894531e+01 1.294056034088134766e+02
2.777052307128906250e+02 7.260340690612792969e+01 1.296417236328125000e+02
2.780231285095214844e+02 7.284556865692138672e+01 1.290433597564697266e+02
2.769151878356933594e+02 7.271615982055664062e+01 1.299850368499755859e+02
2.759492683410644531e+02 7.314004421234130859e+01 1.299269199371337891e+02
2.770697021484375000e+02 7.329663753509521484e+01 1.290141582489013672e+02
2.765253257751464844e+02 7.251186370849609375e+01 1.305150127410888672e+02
2.759999847412109375e+02 7.261630535125732422e+01 1.306496047973632812e+02
2.759999847412109375e+02 7.221547603607177734e+01 1.311496067047119141e+02
2.750000000000000000e+02 7.279178142547607422e+01 1.308822345733642578e+02
2.750000000000000000e+02 7.329177856445312500e+01 1.301808166503906250e+02
2.750000000000000000e+02 7.240516662597656250e+01 1.313822364807128906e+02
2.740850639343261719e+02 7.288975238800048828e+01 1.310951137542724609e+02
2.744750976562500000e+02 7.249357700347900391e+01 1.314918518066406250e+02
2.730558967590332031e+02 7.321835994720458984e+01 1.309291267395019531e+02
2.739999961853027344e+02 7.342719554901123047e+01 1.303857040405273438e+02
2.738084411621093750e+02 7.257998943328857422e+01 1.315965461730957031e+02
2.740850639343261719e+02 7.219271659851074219e+01 1.319579315185546875e+02
2.729999923706054688e+02 7.265511989593505859e+01 1.316883945465087891e+02
2.729999923706054688e+02 7.222871303558349609e+01 1.321883964538574219e+02
2.719999885559082031e+02 7.270715236663818359e+01 1.317557525634765625e+02
2.709999847412109375e+02 7.271812915802001953e+01 1.317756748199462891e+02
2.719999885559082031e+02 7.320715427398681641e+01 1.310910320281982422e+02
2.719999885559082031e+02 7.229175567626953125e+01 1.322557544708251953e+02
2.709999847412109375e+02 7.231404304504394531e+01 1.322756767272949219e+02
2.719999885559082031e+02 7.179175376892089844e+01 1.328152942657470703e+02
2.709999847412109375e+02 7.181404113769531250e+01 1.328477096557617188e+02
2.719999885559082031e+02 7.131153106689453125e+01 1.333152961730957031e+02
2.729999923706054688e+02 7.172871112823486328e+01 1.327426624298095703e+02
2.729999923706054688e+02 7.123248100280761719e+01 1.332426643371582031e+02
2.739999961853027344e+02 7.162071704864501953e+01 1.326266574859619141e+02
2.745936393737792969e+02 7.153524398803710938e+01 1.325366592407226562e+02
2.739999961853027344e+02 7.110550880432128906e+01 1.331266593933105469e+02
2.739999961853027344e+02 7.060550689697265625e+01 1.335936832427978516e+02
2.749010467529296875e+02 7.096305847167968750e+01 1.329653549194335938e+02
2.752084350585937500e+02 7.037318706512451172e+01 1.333940410614013672e+02
2.752603149414062500e+02 7.140850067138671875e+01 1.324057865142822266e+02
2.745417785644531250e+02 7.051762104034423828e+01 1.335155582427978516e+02
2.759999847412109375e+02 7.074899673461914062e+01 1.327339553833007812e+02
2.759999847412109375e+02 7.018101692199707031e+01 1.332339477539062500e+02
2.759999847412109375e+02 7.124899387359619141e+01 1.322419261932373047e+02
2.766557884216308594e+02 7.059016227722167969e+01 1.325845623016357422e+02
2.769844818115234375e+02 7.099623203277587891e+01 1.319931411743164062e+02
2.769377899169921875e+02 6.996341228485107422e+01 1.329702377319335938e+02
2.772198104858398438e+02 6.930209159851074219e+01 1.333559131622314453e+02
2.773224449157714844e+02 7.039198398590087891e+01 1.324028301239013672e+02
2.765531539916992188e+02 6.953484058380126953e+01 1.335279083251953125e+02
2.778227996826171875e+02 6.972531795501708984e+01 1.326892471313476562e+02
2.780936813354492188e+02 7.003519058227539062e+01 1.322564411163330078e+02
2.780803108215332031e+02 6.906367778778076172e+01 1.330491065979003906e+02
2.783378219604492188e+02 6.835072040557861328e+01 1.334089756011962891e+02
2.784894561767578125e+02 6.949192523956298828e+01 1.324936294555664062e+02
2.776711463928222656e+02 6.863542556762695312e+01 1.335962104797363281e+02
2.789999961853027344e+02 6.877095222473144531e+01 1.327016830444335938e+02
2.795365142822265625e+02 6.853601455688476562e+01 1.325266075134277344e+02
2.790048599243164062e+02 6.801043033599853516e+01 1.332009887695312500e+02
2.789999961853027344e+02 6.927095413208007812e+01 1.323236465454101562e+02
2.789264678955078125e+02 6.997030735015869141e+01 1.317774868011474609e+02
2.799194335937500000e+02 6.892375469207763672e+01 1.319426059722900391e+02
2.802704238891601562e+02 6.800000190734863281e+01 1.323303413391113281e+02
2.803023529052734375e+02 6.931149482727050781e+01 1.313445663452148438e+02
2.796356773376464844e+02 6.961718082427978516e+01 1.316045761108398438e+02
2.806389236450195312e+02 6.864482879638671875e+01 1.316139698028564453e+02
2.809833526611328125e+02 6.795510292053222656e+01 1.318011856079101562e+02
2.810049438476562500e+02 6.900570869445800781e+01 1.310059261322021484e+02
2.813055801391601562e+02 6.825850486755371094e+01 1.313339519500732422e+02
2.816767120361328125e+02 6.869992256164550781e+01 1.306672859191894531e+02
2.820209884643554688e+02 6.902434349060058594e+01 1.300219821929931641e+02
2.819563102722167969e+02 6.793769836425781250e+01 1.309585571289062500e+02
2.822521400451660156e+02 6.700000286102294922e+01 1.312650871276855469e+02
2.823433876037597656e+02 6.828355789184570312e+01 1.303355216979980469e+02
2.815692329406738281e+02 6.759183406829833984e+01 1.315615177154541016e+02
2.825798416137695312e+02 6.761689186096191406e+01 1.305831623077392578e+02
2.829468345642089844e+02 6.791841030120849609e+01 1.299387454986572266e+02
2.827540016174316406e+02 6.700000286102294922e+01 1.307650852203369141e+02
2.830101585388183594e+02 6.601520061492919922e+01 1.310089874267578125e+02
2.832540130615234375e+02 6.700000286102294922e+01 1.302181339263916016e+02
2.834254837036132812e+02 6.633110523223876953e+01 1.304155254364013672e+02
2.836848640441894531e+02 6.700000286102294922e+01 1.297181320190429688e+02
2.839752388000488281e+02 6.593418598175048828e+01 1.299674129486083984e+02
2.835726547241210938e+02 6.566443443298339844e+01 1.305810356140136719e+02
2.845154190063476562e+02 6.553727149963378906e+01 1.295192909240722656e+02
2.841991996765136719e+02 6.500000000000000000e+01 1.301365280151367188e+02
2.843778228759765625e+02 6.620393753051757812e+01 1.293333911895751953e+02
2.847267532348632812e+02 6.592236042022705078e+01 1.290000343322753906e+02
2.853098487854003906e+02 6.607991695404052734e+01 1.280128192901611328e+02
2.851328849792480469e+02 6.493193149566650391e+01 1.289155769348144531e+02
2.846177482604980469e+02 6.673309326171875000e+01 1.286667251586914062e+02
2.848572540283203125e+02 6.703985691070556641e+01 1.280515098571777344e+02
2.854113960266113281e+02 6.521988868713378906e+01 1.283547019958496094e+02
2.846075630187988281e+02 6.500000000000000000e+01 1.296365261077880859e+02
2.855171394348144531e+02 6.455322265625000000e+01 1.285259532928466797e+02
2.852523422241210938e+02 6.400000095367431641e+01 1.291272449493408203e+02
2.853529930114746094e+02 6.300000190734863281e+01 1.292750644683837891e+02
2.847523307800292969e+02 6.400000095367431641e+01 1.298237133026123047e+02
2.855825614929199219e+02 6.400000095367431641e+01 1.286272430419921875e+02
2.859579849243164062e+02 6.400000095367431641e+01 1.280000019073486328e+02
2.856754875183105469e+02 6.300000190734863281e+01 1.287750720977783203e+02
2.857245445251464844e+02 6.200000286102294922e+01 1.288578128814697266e+02
2.861391258239746094e+02 6.300000190734863281e+01 1.280000019073486328e+02
2.862787818908691406e+02 6.208617210388183594e+01 1.279198455810546875e+02
2.864636230468750000e+02 6.300000190734863281e+01 1.274284076690673828e+02
2.864985847473144531e+02 6.247695446014404297e+01 1.274972438812255859e+02
2.863754272460937500e+02 6.400000095367431641e+01 1.272562503814697266e+02
2.867158889770507812e+02 6.300000190734863281e+01 1.269284057617187500e+02
2.871395301818847656e+02 6.300000190734863281e+01 1.260000038146972656e+02
2.866299819946289062e+02 6.400000095367431641e+01 1.267562580108642578e+02
2.867253303527832031e+02 6.208617210388183594e+01 1.270983505249023438e+02
2.868199157714843750e+02 6.100000381469726562e+01 1.269999980926513672e+02
2.872417640686035156e+02 6.200000286102294922e+01 1.260000038146972656e+02
2.865194511413574219e+02 6.181028842926025391e+01 1.275330734252929688e+02
2.865318870544433594e+02 6.100000381469726562e+01 1.275536632537841797e+02
2.865199089050292969e+02 6.000000000000000000e+01 1.275332546234130859e+02
2.862374877929687500e+02 6.100000381469726562e+01 1.280536651611328125e+02
2.862245368957519531e+02 6.000000000000000000e+01 1.280332565307617188e+02
2.857374954223632812e+02 6.100000381469726562e+01 1.288817691802978516e+02
2.857245445251464844e+02 6.000000000000000000e+01 1.288614177703857422e+02
2.854249763488769531e+02 6.100000381469726562e+01 1.293817710876464844e+02
2.854123878479003906e+02 6.000000000000000000e+01 1.293614196777343750e+02
2.849762535095214844e+02 6.100000381469726562e+01 1.300000000000000000e+02
2.854088211059570312e+02 6.200000286102294922e+01 1.293578147888183594e+02
2.849416160583496094e+02 6.200000286102294922e+01 1.300000000000000000e+02
2.845327949523925781e+02 6.200000286102294922e+01 1.305407142639160156e+02
2.847887802124023438e+02 6.293340682983398438e+01 1.300613212585449219e+02
2.845106315612792969e+02 6.255567550659179688e+01 1.305131053924560547e+02
2.844480133056640625e+02 6.322234153747558594e+01 1.304355430603027344e+02
2.843557167053222656e+02 6.400000095367431641e+01 1.303237152099609375e+02
2.840026473999023438e+02 6.299097537994384766e+01 1.309981155395507812e+02
2.834841156005859375e+02 6.342628002166748047e+01 1.314831256866455078e+02
2.841069984436035156e+02 6.200000286102294922e+01 1.310407161712646484e+02
2.835572814941406250e+02 6.275961399078369141e+01 1.315597057342529297e+02
2.838557243347167969e+02 6.400000095367431641e+01 1.308987426757812500e+02
2.836992073059082031e+02 6.500000000000000000e+01 1.307221794128417969e+02
2.834039688110351562e+02 6.400000095367431641e+01 1.313987445831298828e+02
2.829039573669433594e+02 6.400000095367431641e+01 1.318923759460449219e+02
2.832369995117187500e+02 6.500000000000000000e+01 1.312221717834472656e+02
2.827370071411132812e+02 6.500000000000000000e+01 1.317287540435791016e+02
2.825948143005371094e+02 6.569929599761962891e+01 1.315913295745849609e+02
2.821946144104003906e+02 6.500000000000000000e+01 1.322287559509277344e+02
2.823799133300781250e+02 6.400000095367431641e+01 1.323923778533935547e+02
2.816946029663085938e+02 6.500000000000000000e+01 1.326656627655029297e+02
2.819967460632324219e+02 6.599059581756591797e+01 1.319975376129150391e+02
2.815598678588867188e+02 6.561522483825683594e+01 1.325509262084960938e+02
2.817521476745605469e+02 6.700000286102294922e+01 1.317239475250244141e+02
2.813804054260253906e+02 6.628189086914062500e+01 1.324037456512451172e+02
2.824336242675781250e+02 6.636596679687500000e+01 1.314369487762451172e+02
2.810282516479492188e+02 6.709224224090576172e+01 1.322750473022460938e+02
2.810282516479492188e+02 6.596913337707519531e+01 1.328137779235839844e+02
2.809716033935546875e+02 6.505310535430908203e+01 1.332162189483642578e+02
2.802924919128417969e+02 6.600000381469726562e+01 1.333540248870849609e+02
2.807137489318847656e+02 6.682040214538574219e+01 1.326658916473388672e+02
2.800432014465332031e+02 6.706019401550292969e+01 1.330326557159423828e+02
2.793414306640625000e+02 6.729998111724853516e+01 1.333994102478027344e+02
2.804907226562500000e+02 6.748706817626953125e+01 1.324931526184082031e+02
2.795956611633300781e+02 6.663331508636474609e+01 1.335670948028564453e+02
2.797704315185546875e+02 6.800000190734863281e+01 1.326945114135742188e+02
2.797924995422363281e+02 6.600000381469726562e+01 1.337007236480712891e+02
2.790048599243164062e+02 6.697999000549316406e+01 1.337681865692138672e+02
2.780269813537597656e+02 6.703909873962402344e+01 1.342987728118896484e+02
2.789667320251464844e+02 6.600197315216064453e+01 1.342223834991455078e+02
2.786747550964355469e+02 6.768404960632324219e+01 1.336102199554443359e+02
2.780026817321777344e+02 6.801043033599853516e+01 1.337946891784667969e+02
2.770403861999511719e+02 6.802347183227539062e+01 1.342852497100830078e+02
2.767339897155761719e+02 6.770577907562255859e+01 1.346138095855712891e+02
2.763153839111328125e+02 6.837244987487792969e+01 1.344278144836425781e+02
2.769318771362304688e+02 6.898125648498535156e+01 1.337311553955078125e+02
2.774006462097167969e+02 6.739849567413330078e+01 1.344513988494873047e+02
2.770403861999511719e+02 6.703909873962402344e+01 1.347935676574707031e+02
2.769749450683593750e+02 6.599100589752197266e+01 1.352679729461669922e+02
2.759906578063964844e+02 6.697647571563720703e+01 1.352716445922851562e+02
2.777116394042968750e+02 6.673182487487792969e+01 1.346107387542724609e+02
2.780269813537597656e+02 6.600197315216064453e+01 1.347491550445556641e+02
2.786112213134765625e+02 6.566995143890380859e+01 1.345667076110839844e+02
2.779080390930175781e+02 6.491319179534912109e+01 1.351853847503662109e+02
2.783782958984375000e+02 6.633662223815917969e+01 1.344363498687744141e+02
2.781443977355957031e+02 6.400000095367431641e+01 1.353195381164550781e+02
2.772915840148925781e+02 6.518865108489990234e+01 1.354044818878173828e+02
2.775134086608886719e+02 6.452198505401611328e+01 1.355069732666015625e+02
2.788031387329101562e+02 6.500000000000000000e+01 1.346783638000488281e+02
2.790757751464843750e+02 6.404608726501464844e+01 1.347950172424316406e+02
2.793031311035156250e+02 6.500000000000000000e+01 1.343824291229248047e+02
2.794596099853515625e+02 6.441014766693115234e+01 1.344760322570800781e+02
2.800765991210937500e+02 6.505310535430908203e+01 1.338595867156982422e+02
2.804609870910644531e+02 6.542184352874755859e+01 1.334728145599365234e+02
2.806193542480468750e+02 6.475517749786376953e+01 1.335894203186035156e+02
2.799612808227539062e+02 6.404608726501464844e+01 1.342492294311523438e+02
2.802324295043945312e+02 6.300000190734863281e+01 1.343273544311523438e+02
2.796021461486816406e+02 6.374347686767578125e+01 1.345656490325927734e+02
2.807726097106933594e+02 6.400000095367431641e+01 1.337045192718505859e+02
2.810464668273925781e+02 6.291215419769287109e+01 1.337646770477294922e+02
2.812726020812988281e+02 6.400000095367431641e+01 1.333258628845214844e+02
2.814107704162597656e+02 6.318692207336425781e+01 1.334311866760253906e+02
2.818799018859863281e+02 6.400000095367431641e+01 1.328258609771728516e+02
2.819896316528320312e+02 6.295627593994140625e+01 1.329915904998779297e+02
2.824736022949218750e+02 6.339230060577392578e+01 1.324761581420898438e+02
2.815056419372558594e+02 6.252025604248046875e+01 1.335046577453613281e+02
2.825555038452148438e+02 6.272563457489013672e+01 1.325519847869873047e+02
2.820416641235351562e+02 6.200000286102294922e+01 1.331037616729736328e+02
2.820841598510742188e+02 6.100000381469726562e+01 1.331358146667480469e+02
2.815416526794433594e+02 6.200000286102294922e+01 1.335344696044921875e+02
2.826093101501464844e+02 6.200000286102294922e+01 1.326037597656250000e+02
2.826408767700195312e+02 6.100000381469726562e+01 1.326358222961425781e+02
2.831093025207519531e+02 6.200000286102294922e+01 1.321122360229492188e+02
2.830198097229003906e+02 6.307595729827880859e+01 1.320179367065429688e+02
2.836069869995117188e+02 6.200000286102294922e+01 1.316122341156005859e+02
2.831408691406250000e+02 6.100000381469726562e+01 1.321380138397216797e+02
2.831358528137207031e+02 6.000000000000000000e+01 1.321300983428955078e+02
2.836307525634765625e+02 6.100000381469726562e+01 1.316380119323730469e+02
2.836223983764648438e+02 6.000000000000000000e+01 1.316300964355468750e+02
2.841307449340820312e+02 6.100000381469726562e+01 1.310639667510986328e+02
2.841224098205566406e+02 6.000000000000000000e+01 1.310515117645263672e+02
2.845512580871582031e+02 6.100000381469726562e+01 1.305639648437500000e+02
2.845411300659179688e+02 6.000000000000000000e+01 1.305515098571777344e+02
2.845195770263671875e+02 5.934162616729736328e+01 1.305245685577392578e+02
2.849535179138183594e+02 6.000000000000000000e+01 1.300000000000000000e+02
2.848080062866210938e+02 5.900497436523437500e+01 1.300836658477783203e+02
2.853703308105468750e+02 5.900000095367431641e+01 1.292973709106445312e+02
2.844791030883789062e+02 5.867496013641357422e+01 1.304727745056152344e+02
2.847913169860839844e+02 5.800000190734863281e+01 1.298893356323242188e+02
2.844140625000000000e+02 5.800000190734863281e+01 1.303893375396728516e+02
2.846742630004882812e+02 5.700000286102294922e+01 1.297310638427734375e+02
2.852913284301757812e+02 5.800000190734863281e+01 1.291799736022949219e+02
2.852160263061523438e+02 5.699268341064453125e+01 1.289422130584716797e+02
2.856155014038085938e+02 5.800000190734863281e+01 1.286799716949462891e+02
2.855458641052246094e+02 5.732113838195800781e+01 1.285703563690185547e+02
2.856868934631347656e+02 5.900000095367431641e+01 1.287973785400390625e+02
2.860304450988769531e+02 5.800000190734863281e+01 1.280000019073486328e+02
2.857762718200683594e+02 5.699268341064453125e+01 1.280625152587890625e+02
2.864149284362792969e+02 5.800000190734863281e+01 1.273392868041992188e+02
2.862327957153320312e+02 5.907833099365234375e+01 1.279035186767578125e+02
2.864721107482910156e+02 5.879721641540527344e+01 1.274468231201171875e+02
2.865034866333007812e+02 5.946388244628906250e+01 1.275058650970458984e+02
2.866955184936523438e+02 5.907833099365234375e+01 1.270680904388427734e+02
2.866777420043945312e+02 5.800000190734863281e+01 1.268392944335937500e+02
2.871977806091308594e+02 5.900000095367431641e+01 1.260000038146972656e+02
2.867983436584472656e+02 6.000000000000000000e+01 1.269999980926513672e+02
2.873134422302246094e+02 6.009102344512939453e+01 1.259010601043701172e+02
2.874845123291015625e+02 5.981837272644042969e+01 1.254610824584960938e+02
2.873272705078125000e+02 6.092436313629150391e+01 1.259010601043701172e+02
2.875007438659667969e+02 6.048504352569580078e+01 1.255017662048339844e+02
2.875007438659667969e+02 6.054060459136962891e+01 1.255017662048339844e+02
2.874947738647460938e+02 6.120727062225341797e+01 1.254863834381103516e+02
2.874746894836425781e+02 6.200000286102294922e+01 1.254327964782714844e+02
2.874236297607421875e+02 6.300000190734863281e+01 1.252948284149169922e+02
2.874559783935546875e+02 5.900000095367431641e+01 1.253887557983398438e+02
2.870747375488281250e+02 5.800000190734863281e+01 1.260000038146972656e+02
2.865780067443847656e+02 5.700000286102294922e+01 1.266465091705322266e+02
2.863109397888183594e+02 5.700000286102294922e+01 1.271465110778808594e+02
2.865126037597656250e+02 5.645748615264892578e+01 1.265231132507324219e+02
2.861919021606445312e+02 5.607449054718017578e+01 1.269138622283935547e+02
2.856780242919921875e+02 5.600000381469726562e+01 1.277886867523193359e+02
2.855705833435058594e+02 5.531339645385742188e+01 1.276140689849853516e+02
2.853686904907226562e+02 5.600000381469726562e+01 1.282886886596679688e+02
2.852287864685058594e+02 5.498804092407226562e+01 1.279684448242187500e+02
2.854610061645507812e+02 5.665447235107421875e+01 1.284375190734863281e+02
2.848379135131835938e+02 5.596260547637939453e+01 1.290723514556884766e+02
2.847024536132812500e+02 5.500000000000000000e+01 1.287936305999755859e+02
2.845715904235839844e+02 5.627100944519042969e+01 1.295950889587402344e+02
2.844673347473144531e+02 5.560434341430664062e+01 1.294539165496826172e+02
2.843525886535644531e+02 5.500000000000000000e+01 1.292936325073242188e+02
2.841904258728027344e+02 5.596260547637939453e+01 1.299570560455322266e+02
2.838036727905273438e+02 5.504875183105468750e+01 1.300262928009033203e+02
2.836375236511230469e+02 5.600000381469726562e+01 1.306579494476318359e+02
2.842902565002441406e+02 5.700000286102294922e+01 1.302310657501220703e+02
2.837902641296386719e+02 5.700000286102294922e+01 1.308359909057617188e+02
2.838484382629394531e+02 5.802891254425048828e+01 1.310668945312500000e+02
2.833507347106933594e+02 5.700000286102294922e+01 1.313359928131103516e+02
2.831871795654296875e+02 5.600000381469726562e+01 1.311579418182373047e+02
2.828507423400878906e+02 5.700000286102294922e+01 1.318549251556396484e+02
2.834499549865722656e+02 5.771484851837158203e+01 1.314448165893554688e+02
2.829927635192871094e+02 5.803813934326171875e+01 1.319921493530273438e+02
2.825355720520019531e+02 5.836143493652343750e+01 1.325341892242431641e+02
2.830893516540527344e+02 5.900000095367431641e+01 1.320825481414794922e+02
2.835286140441894531e+02 5.838151454925537109e+01 1.315306663513183594e+02
2.824506187438964844e+02 5.769476890563964844e+01 1.324536418914794922e+02
2.823451042175292969e+02 5.700000286102294922e+01 1.323549270629882812e+02
2.820703697204589844e+02 5.801686286926269531e+01 1.328695011138916016e+02
2.819270706176757812e+02 5.892245292663574219e+01 1.331660079956054688e+02
2.814217948913574219e+02 5.800000190734863281e+01 1.334362316131591797e+02
2.818451118469238281e+02 5.700000286102294922e+01 1.328072929382324219e+02
2.812635421752929688e+02 5.700000286102294922e+01 1.333072948455810547e+02
2.816642570495605469e+02 5.600000381469726562e+01 1.326458740234375000e+02
2.815428161621093750e+02 5.541178703308105469e+01 1.325376892089843750e+02
2.821642684936523438e+02 5.600000381469726562e+01 1.321891307830810547e+02
2.809699630737304688e+02 5.594372272491455078e+01 1.332013607025146484e+02
2.804646492004394531e+02 5.557287216186523438e+01 1.334744358062744141e+02
2.810271644592285156e+02 5.504707336425781250e+01 1.328112602233886719e+02
2.806166076660156250e+02 5.623953819274902344e+01 1.335912609100341797e+02
2.807635307312011719e+02 5.700000286102294922e+01 1.337068939208984375e+02
2.800787734985351562e+02 5.594372272491455078e+01 1.338704967498779297e+02
2.798074531555175781e+02 5.500000000000000000e+01 1.337157917022705078e+02
2.799671363830566406e+02 5.693461894989013672e+01 1.342562866210937500e+02
2.793295478820800781e+02 5.600000381469726562e+01 1.343946743011474609e+02
2.789785957336425781e+02 5.497395038604736328e+01 1.342442893981933594e+02
2.788295555114746094e+02 5.600000381469726562e+01 1.347013282775878906e+02
2.794750595092773438e+02 5.655769824981689453e+01 1.344846343994140625e+02
2.790850448608398438e+02 5.693461894989013672e+01 1.348192882537841797e+02
2.789999961853027344e+02 5.800000190734863281e+01 1.351088047027587891e+02
2.796118927001953125e+02 5.722436904907226562e+01 1.345740032196044922e+02
2.782030487060546875e+02 5.700000286102294922e+01 1.353436183929443359e+02
2.779344367980957031e+02 5.604172706604003906e+01 1.352170181274414062e+02
2.777030372619628906e+02 5.700000286102294922e+01 1.356059741973876953e+02
2.784043312072753906e+02 5.800000190734863281e+01 1.354503345489501953e+02
2.779043388366699219e+02 5.800000190734863281e+01 1.357057571411132812e+02
2.784924697875976562e+02 5.854258537292480469e+01 1.354961681365966797e+02
2.780954742431640625e+02 5.892555236816406250e+01 1.357304286956787109e+02
2.789276885986328125e+02 5.892555236816406250e+01 1.352813434600830078e+02
2.785461616516113281e+02 5.920925140380859375e+01 1.355267429351806641e+02
2.790807533264160156e+02 6.000000000000000000e+01 1.352609062194824219e+02
2.798612213134765625e+02 5.900000095367431641e+01 1.347295665740966797e+02
2.797434425354003906e+02 5.800000190734863281e+01 1.346584606170654297e+02
2.803612327575683594e+02 5.900000095367431641e+01 1.344092369079589844e+02
2.799176597595214844e+02 6.000000000000000000e+01 1.347609138488769531e+02
2.799144363403320312e+02 6.100000381469726562e+01 1.347571563720703125e+02
2.804176712036132812e+02 6.000000000000000000e+01 1.344471740722656250e+02
2.804144287109375000e+02 6.100000381469726562e+01 1.344456291198730469e+02
2.809999847412109375e+02 6.000000000000000000e+01 1.340144634246826172e+02
2.810965728759765625e+02 5.892245292663574219e+01 1.338500022888183594e+02
2.809999847412109375e+02 6.100000381469726562e+01 1.340156364440917969e+02
2.815806007385253906e+02 6.000000000000000000e+01 1.335672855377197266e+02
2.815451431274414062e+02 5.920408725738525391e+01 1.335376930236816406e+02
2.820805931091308594e+02 6.000000000000000000e+01 1.331313705444335938e+02
2.815841674804687500e+02 6.100000381469726562e+01 1.335700035095214844e+02
2.826358413696289062e+02 6.000000000000000000e+01 1.326313686370849609e+02
2.825893402099609375e+02 5.900000095367431641e+01 1.325859642028808594e+02
2.809999847412109375e+02 6.200000286102294922e+01 1.339417457580566406e+02
2.803542709350585938e+02 6.200000286102294922e+01 1.344072723388671875e+02
2.798542785644531250e+02 6.200000286102294922e+01 1.347206687927246094e+02
2.789166069030761719e+02 6.199147224426269531e+01 1.352657413482666016e+02
2.797324180603027344e+02 6.300000190734863281e+01 1.346470642089843750e+02
2.789999961853027344e+02 6.300000190734863281e+01 1.350747776031494141e+02
2.783573341369628906e+02 6.300000190734863281e+01 1.354277133941650391e+02
2.784639930725097656e+02 6.231912136077880859e+01 1.354820156097412109e+02
2.778573417663574219e+02 6.300000190734863281e+01 1.356788444519042969e+02
2.776444053649902344e+02 6.400000095367431641e+01 1.355735683441162109e+02
2.769999885559082031e+02 6.300000190734863281e+01 1.360772705078125000e+02
2.780784034729003906e+02 6.199147224426269531e+01 1.357059669494628906e+02
2.769999885559082031e+02 6.200000286102294922e+01 1.362078857421875000e+02
2.779999923706054688e+02 6.100000381469726562e+01 1.358227634429931641e+02
2.785276794433593750e+02 6.165245532989501953e+01 1.355155467987060547e+02
2.785668945312500000e+02 6.100000381469726562e+01 1.355380821228027344e+02
2.785807609558105469e+02 6.000000000000000000e+01 1.355464839935302734e+02
2.790669059753417969e+02 6.100000381469726562e+01 1.352571582794189453e+02
2.779999923706054688e+02 6.000000000000000000e+01 1.358408451080322266e+02
2.770217514038085938e+02 6.000000000000000000e+01 1.362943649291992188e+02
2.769118881225585938e+02 6.099192619323730469e+01 1.363218307495117188e+02
2.765217399597167969e+02 6.000000000000000000e+01 1.365094947814941406e+02
2.769054794311523438e+02 5.907115459442138672e+01 1.363004875183105469e+02
2.764405250549316406e+02 5.878525257110595703e+01 1.364768314361572266e+02
2.769999885559082031e+02 5.800000190734863281e+01 1.361322021484375000e+02
2.765091514587402344e+02 5.945191860198974609e+01 1.365040206909179688e+02
2.760643196105957031e+02 5.907115459442138672e+01 1.366481685638427734e+02
2.758073997497558594e+02 5.800000190734863281e+01 1.366198062896728516e+02
2.750000000000000000e+02 5.900000095367431641e+01 1.370331287384033203e+02
2.759999847412109375e+02 6.000000000000000000e+01 1.367149257659912109e+02
2.750000000000000000e+02 6.000000000000000000e+01 1.370841789245605469e+02
2.760850334167480469e+02 6.099192619323730469e+01 1.366618061065673828e+02
2.764750480651855469e+02 6.131987571716308594e+01 1.364901351928710938e+02
2.750000000000000000e+02 6.100000381469726562e+01 1.370665073394775391e+02
2.759033584594726562e+02 6.200000286102294922e+01 1.366601848602294922e+02
2.765198326110839844e+02 6.065320968627929688e+01 1.365086269378662109e+02
2.757361793518066406e+02 6.300000190734863281e+01 1.365931797027587891e+02
2.764033508300781250e+02 6.200000286102294922e+01 1.364620876312255859e+02
2.750000000000000000e+02 6.200000286102294922e+01 1.369929599761962891e+02
2.739140129089355469e+02 6.193918228149414062e+01 1.373487281799316406e+02
2.750000000000000000e+02 6.300000190734863281e+01 1.368593692779541016e+02
2.739999961853027344e+02 6.300000190734863281e+01 1.371798610687255859e+02
2.750131988525390625e+02 6.397917270660400391e+01 1.366497325897216797e+02
2.739999961853027344e+02 6.400000095367431641e+01 1.369691181182861328e+02
2.755854988098144531e+02 6.363195419311523438e+01 1.365334033966064453e+02
2.746886634826660156e+02 6.471277713775634766e+01 1.365660953521728516e+02
2.753553390502929688e+02 6.429862022399902344e+01 1.364500999450683594e+02
2.759512901306152344e+02 6.397917270660400391e+01 1.363080406188964844e+02
2.750131988525390625e+02 6.502766609191894531e+01 1.363572025299072266e+02
2.750000000000000000e+02 6.600000381469726562e+01 1.360309982299804688e+02
2.759999847412109375e+02 6.500000000000000000e+01 1.360113620758056641e+02
2.743700599670410156e+02 6.537944316864013672e+01 1.364629745483398438e+02
2.740220451354980469e+02 6.599083900451660156e+01 1.363387107849121094e+02
2.740220451354980469e+02 6.502766609191894531e+01 1.366721439361572266e+02
2.729999923706054688e+02 6.500000000000000000e+01 1.369430255889892578e+02
2.737034034729003906e+02 6.565139770507812500e+01 1.365588474273681641e+02
2.729002952575683594e+02 6.599083900451660156e+01 1.366150283813476562e+02
2.725004768371582031e+02 6.650022506713867188e+01 1.365001106262207031e+02
2.731671524047851562e+02 6.631806373596191406e+01 1.364302158355712891e+02
2.719999885559082031e+02 6.600000381469726562e+01 1.367817687988281250e+02
2.709999847412109375e+02 6.600000381469726562e+01 1.369062519073486328e+02
2.719999885559082031e+02 6.500000000000000000e+01 1.371377849578857422e+02
2.719999885559082031e+02 6.658525466918945312e+01 1.365414142608642578e+02
2.709999847412109375e+02 6.670939445495605469e+01 1.366031265258789062e+02
2.719999885559082031e+02 6.708525180816650391e+01 1.363048076629638672e+02
2.709999847412109375e+02 6.720939159393310547e+01 1.363580322265625000e+02
2.720711517333984375e+02 6.809272766113281250e+01 1.357690238952636719e+02
2.729002952575683594e+02 6.690013885498046875e+01 1.362339019775390625e+02
2.729999923706054688e+02 6.789482116699218750e+01 1.357197189331054688e+02
2.739999961853027344e+02 6.700000286102294922e+01 1.359274101257324219e+02
2.739999961853027344e+02 6.768284797668457031e+01 1.356012439727783203e+02
2.749364852905273438e+02 6.697647571563720703e+01 1.356504058837890625e+02
2.752274703979492188e+02 6.729413032531738281e+01 1.354075336456298828e+02
2.745607948303222656e+02 6.753858089447021484e+01 1.355212497711181641e+02
2.756511116027832031e+02 6.662745952606201172e+01 1.355580806732177734e+02
2.759906578063964844e+02 6.599100589752197266e+01 1.356790542602539062e+02
2.763177871704101562e+02 6.631834030151367188e+01 1.354314041137695312e+02
2.766249084472656250e+02 6.565167427062988281e+01 1.355580711364746094e+02
2.769749450683593750e+02 6.491319179534912109e+01 1.356338596343994141e+02
2.769999885559082031e+02 6.400000095367431641e+01 1.358710479736328125e+02
2.749364852905273438e+02 6.792315006256103516e+01 1.351831912994384766e+02
2.739999961853027344e+02 6.818284511566162109e+01 1.353254699707031250e+02
2.750000000000000000e+02 6.875940799713134766e+01 1.346733379364013672e+02
2.759892272949218750e+02 6.802347183227539062e+01 1.347479820251464844e+02
2.756487274169921875e+02 6.858779907226562500e+01 1.345586299896240234e+02
2.759892272949218750e+02 6.895267963409423828e+01 1.341720676422119141e+02
2.750000000000000000e+02 6.925940990447998047e+01 1.343341064453125000e+02
2.759999847412109375e+02 6.968101978302001953e+01 1.336442279815673828e+02
2.749250602722167969e+02 7.002391338348388672e+01 1.337766170501708984e+02
2.739836502075195312e+02 6.993031978607177734e+01 1.341436004638671875e+02
2.743061065673828125e+02 6.942474842071533203e+01 1.344477462768554688e+02
2.736394309997558594e+02 6.955053329467773438e+01 1.345382213592529297e+02
2.729999923706054688e+02 7.013559818267822266e+01 1.342078208923339844e+02
2.719999885559082031e+02 7.023631095886230469e+01 1.342826080322265625e+02
2.729999923706054688e+02 6.963559627532958984e+01 1.346047687530517578e+02
2.729999923706054688e+02 7.073248386383056641e+01 1.337078189849853516e+02
2.719999885559082031e+02 7.081152915954589844e+01 1.337826061248779297e+02
2.709999847412109375e+02 7.084933280944824219e+01 1.338237476348876953e+02
2.700000000000000000e+02 7.083289623260498047e+01 1.338146400451660156e+02
2.709999847412109375e+02 7.134933471679687500e+01 1.333477115631103516e+02
2.709999847412109375e+02 7.029169559478759766e+01 1.343237400054931641e+02
2.700000000000000000e+02 7.028620243072509766e+01 1.343146419525146484e+02
2.709999847412109375e+02 6.979169368743896484e+01 1.347334480285644531e+02
2.719999885559082031e+02 6.973631381988525391e+01 1.346859645843505859e+02
2.709999847412109375e+02 6.911780357360839844e+01 1.352334499359130859e+02
2.700000000000000000e+02 6.978620529174804688e+01 1.347337436676025391e+02
2.700000000000000000e+02 6.912850379943847656e+01 1.352337455749511719e+02
2.689999961853027344e+02 6.972818374633789062e+01 1.346908664703369141e+02
2.679999923706054688e+02 6.961839199066162109e+01 1.346008682250976562e+02
2.689999961853027344e+02 6.907766819000244141e+01 1.351908588409423828e+02
2.689999961853027344e+02 7.022818565368652344e+01 1.342578601837158203e+02
2.679999923706054688e+02 7.011838912963867188e+01 1.341524410247802734e+02
2.689999961853027344e+02 7.076717376708984375e+01 1.337578582763671875e+02
2.679999923706054688e+02 7.065465927124023438e+01 1.336524391174316406e+02
2.689999961853027344e+02 7.126717567443847656e+01 1.332507133483886719e+02
2.679999923706054688e+02 7.115465641021728516e+01 1.331204700469970703e+02
2.689999961853027344e+02 7.171682834625244141e+01 1.327507114410400391e+02
2.700000000000000000e+02 7.133289813995361328e+01 1.333258533477783203e+02
2.700000000000000000e+02 7.178785800933837891e+01 1.328258514404296875e+02
2.700000000000000000e+02 7.228785991668701172e+01 1.322370529174804688e+02
2.700000000000000000e+02 7.268382549285888672e+01 1.317370605468750000e+02
2.689999961853027344e+02 7.221682548522949219e+01 1.321364402770996094e+02
2.680244827270507812e+02 7.214781284332275391e+01 1.319282341003417969e+02
2.689999961853027344e+02 7.260400772094726562e+01 1.316364383697509766e+02
2.683741378784179688e+02 7.253504753112792969e+01 1.315470504760742188e+02
2.689999961853027344e+02 7.304107666015625000e+01 1.310000038146972656e+02
2.689999961853027344e+02 7.343707084655761719e+01 1.303887462615966797e+02
2.699334907531738281e+02 7.324290275573730469e+01 1.309312820434570312e+02
2.680244827270507812e+02 7.277385711669921875e+01 1.310497665405273438e+02
2.669999885559082031e+02 7.265042304992675781e+01 1.307280349731445312e+02
2.677074813842773438e+02 7.244340896606445312e+01 1.314162731170654297e+02
2.679999923706054688e+02 7.331603527069091797e+01 1.301689338684082031e+02
2.670756149291992188e+02 7.315390110015869141e+01 1.299168777465820312e+02
2.679999923706054688e+02 7.359424591064453125e+01 1.296689319610595703e+02
2.679999923706054688e+02 7.393177032470703125e+01 1.290000057220458984e+02
2.689999961853027344e+02 7.371698379516601562e+01 1.298887443542480469e+02
2.674593734741210938e+02 7.351555824279785156e+01 1.295281219482421875e+02
2.670756149291992188e+02 7.364749908447265625e+01 1.289635944366455078e+02
2.663834381103515625e+02 7.355200290679931641e+01 1.286059951782226562e+02
2.669999885559082031e+02 7.405323505401611328e+01 1.280000019073486328e+02
2.667927169799804688e+02 7.338926792144775391e+01 1.292726612091064453e+02
2.660300636291503906e+02 7.322053909301757812e+01 1.289635944366455078e+02
2.657167816162109375e+02 7.340353012084960938e+01 1.282703399658203125e+02
2.650211334228515625e+02 7.271746635437011719e+01 1.289608669281005859e+02
2.660535430908203125e+02 7.269974708557128906e+01 1.299780845642089844e+02
2.657559204101562500e+02 7.238182067871093750e+01 1.302968025207519531e+02
2.653685569763183594e+02 7.257476329803466797e+01 1.296301364898681641e+02
2.664225769042968750e+02 7.253554344177246094e+01 1.305544471740722656e+02
2.659742164611816406e+02 7.201564311981201172e+01 1.310180664062500000e+02
2.661925125122070312e+02 7.164946079254150391e+01 1.316955757141113281e+02
2.669999885559082031e+02 7.231965541839599609e+01 1.312280368804931641e+02
2.650000000000000000e+02 7.167400360107421875e+01 1.307544708251953125e+02
2.655258560180664062e+02 7.148706912994384766e+01 1.314816761016845703e+02
2.650000000000000000e+02 7.132623672485351562e+01 1.312544631958007812e+02
2.659155082702636719e+02 7.125789642333984375e+01 1.320173454284667969e+02
2.650510025024414062e+02 7.079259872436523438e+01 1.319837570190429688e+02
2.659999847412109375e+02 7.070706844329833984e+01 1.327318572998046875e+02
2.667779922485351562e+02 7.139008045196533203e+01 1.323622417449951172e+02
2.670702362060546875e+02 7.097330093383789062e+01 1.329715061187744141e+02
2.670668029785156250e+02 7.176894187927246094e+01 1.320173454284667969e+02
2.674446678161621094e+02 7.152203559875488281e+01 1.325262641906738281e+02
2.679999923706054688e+02 7.160221099853515625e+01 1.326204681396484375e+02
2.666958236694335938e+02 7.041995525360107422e+01 1.334167480468750000e+02
2.673624801635742188e+02 7.055651664733886719e+01 1.335563659667968750e+02
2.670613670349121094e+02 6.997552871704101562e+01 1.339805889129638672e+02
2.674269294738769531e+02 6.953110218048095703e+01 1.345268726348876953e+02
2.659999847412109375e+02 6.974446773529052734e+01 1.337304782867431641e+02
2.667602539062500000e+02 6.938629150390625000e+01 1.344048118591308594e+02
2.659999847412109375e+02 6.918574333190917969e+01 1.342304801940917969e+02
2.670561599731445312e+02 6.903177261352539062e+01 1.347906589508056641e+02
2.680459594726562500e+02 6.891630172729492188e+01 1.351497173309326172e+02
2.659999847412109375e+02 6.868574619293212891e+01 1.346494197845458984e+02
2.669999885559082031e+02 6.826205730438232422e+01 1.353431797027587891e+02
2.669999885559082031e+02 6.776205539703369141e+01 1.356625556945800781e+02
2.677432632446289062e+02 6.841905117034912109e+01 1.354483699798583984e+02
2.660062789916992188e+02 6.795821666717529297e+01 1.351762962341308594e+02
2.656771469116210938e+02 6.738369941711425781e+01 1.354279422760009766e+02
2.650761222839355469e+02 6.796525478363037109e+01 1.347198867797851562e+02
2.663438034057617188e+02 6.759702682495117188e+01 1.355623245239257812e+02
2.660062789916992188e+02 6.703022003173828125e+01 1.357651805877685547e+02
2.652337455749511719e+02 6.671703338623046875e+01 1.356306266784667969e+02
2.659726333618164062e+02 6.599130153656005859e+01 1.363035011291503906e+02
2.669999885559082031e+02 6.700000286102294922e+01 1.360986518859863281e+02
2.669999885559082031e+02 6.636265277862548828e+01 1.364361000061035156e+02
2.679030990600585938e+02 6.696535587310791016e+01 1.363215923309326172e+02
2.675051689147949219e+02 6.649803638458251953e+01 1.364991092681884766e+02
2.680459594726562500e+02 6.805142879486083984e+01 1.357336807250976562e+02
2.689999961853027344e+02 6.720040798187255859e+01 1.363446426391601562e+02
2.681718444824218750e+02 6.660892486572265625e+01 1.365571689605712891e+02
2.679030990600585938e+02 6.609882354736328125e+01 1.367442512512207031e+02
2.689999961853027344e+02 6.670041084289550781e+01 1.366036128997802734e+02
2.689999961853027344e+02 6.600000381469726562e+01 1.369203186035156250e+02
2.700000000000000000e+02 6.674302577972412109e+01 1.366225242614746094e+02
2.700000000000000000e+02 6.724302768707275391e+01 1.363704204559326172e+02
2.700000000000000000e+02 6.600000381469726562e+01 1.369511985778808594e+02
2.699521827697753906e+02 6.490490436553955078e+01 1.373582172393798828e+02
2.695869827270507812e+02 6.450817108154296875e+01 1.375028800964355469e+02
2.709999847412109375e+02 6.500000000000000000e+01 1.372667980194091797e+02
2.690747070312500000e+02 6.490490436553955078e+01 1.373417949676513672e+02
2.702536392211914062e+02 6.447250843048095703e+01 1.374921226501464844e+02
2.699521827697753906e+02 6.408350467681884766e+01 1.376152515411376953e+02
2.709999847412109375e+02 6.436993122100830078e+01 1.374636650085449219e+02
2.709999847412109375e+02 6.386992931365966797e+01 1.376057338714599609e+02
2.720812988281250000e+02 6.401244163513183594e+01 1.374147224426269531e+02
2.724688529968261719e+02 6.347049236297607422e+01 1.374946403503417969e+02
2.718021774291992188e+02 6.368740081787109375e+01 1.375528526306152344e+02
2.729999923706054688e+02 6.400000095367431641e+01 1.372308349609375000e+02
2.730309104919433594e+02 6.308229446411132812e+01 1.374277210235595703e+02
2.733848381042480469e+02 6.223197460174560547e+01 1.374708366394042969e+02
2.727181816101074219e+02 6.280382633209228516e+01 1.375560474395751953e+02
2.730309104919433594e+02 6.193918228149414062e+01 1.375964927673339844e+02
2.720812988281250000e+02 6.308229446411132812e+01 1.376331233978271484e+02
2.709999847412109375e+02 6.300000190734863281e+01 1.378039073944091797e+02
2.719999885559082031e+02 6.200000286102294922e+01 1.378155803680419922e+02
2.719999885559082031e+02 6.100000381469726562e+01 1.379104518890380859e+02
2.709999847412109375e+02 6.200000286102294922e+01 1.379599285125732422e+02
2.700000000000000000e+02 6.200000286102294922e+01 1.380452442169189453e+02
2.709999847412109375e+02 6.100000381469726562e+01 1.380581378936767578e+02
2.700000000000000000e+02 6.100000381469726562e+01 1.381457710266113281e+02
2.709999847412109375e+02 6.000000000000000000e+01 1.380546569824218750e+02
2.709999847412109375e+02 5.900000095367431641e+01 1.379521656036376953e+02
2.719999885559082031e+02 6.000000000000000000e+01 1.379137325286865234e+02
2.700000000000000000e+02 6.000000000000000000e+01 1.381359004974365234e+02
2.689999961853027344e+02 6.000000000000000000e+01 1.381128215789794922e+02
2.700000000000000000e+02 5.900000095367431641e+01 1.380207538604736328e+02
2.700000000000000000e+02 5.800000190734863281e+01 1.378516864776611328e+02
2.689999961853027344e+02 5.900000095367431641e+01 1.379935550689697266e+02
2.679999923706054688e+02 5.900000095367431641e+01 1.378765583038330078e+02
2.689999961853027344e+02 5.800000190734863281e+01 1.378200054168701172e+02
2.679999923706054688e+02 5.800000190734863281e+01 1.377012825012207031e+02
2.689999961853027344e+02 5.712084293365478516e+01 1.376097393035888672e+02
2.689999961853027344e+02 5.662084579467773438e+01 1.374655818939208984e+02
2.700000000000000000e+02 5.706269264221191406e+01 1.376264858245849609e+02
2.679999923706054688e+02 5.732889175415039062e+01 1.375492191314697266e+02
2.674764442443847656e+02 5.747933387756347656e+01 1.375060558319091797e+02
2.679999923706054688e+02 5.682888984680175781e+01 1.374066829681396484e+02
2.679999923706054688e+02 5.600000381469726562e+01 1.371448135375976562e+02
2.670858573913574219e+02 5.708759784698486328e+01 1.372979831695556641e+02
2.669999885559082031e+02 5.600000381469726562e+01 1.369346904754638672e+02
2.667551803588867188e+02 5.800000190734863281e+01 1.374362754821777344e+02
2.659999847412109375e+02 5.700000286102294922e+01 1.369585037231445312e+02
2.660312652587890625e+02 5.602694034576416016e+01 1.366513156890869141e+02
2.651872253417968750e+02 5.700000286102294922e+01 1.366444778442382812e+02
2.659999847412109375e+02 5.800000190734863281e+01 1.372092342376708984e+02
2.649097251892089844e+02 5.791933536529541016e+01 1.367613029479980469e+02
2.660253334045410156e+02 5.893271923065185547e+01 1.373863887786865234e+02
2.650000000000000000e+02 5.900000095367431641e+01 1.370102214813232422e+02
2.657559585571289062e+02 6.000000000000000000e+01 1.374178791046142578e+02
2.663755607604980469e+02 5.922119617462158203e+01 1.375402832031250000e+02
2.665304565429687500e+02 5.855453014373779297e+01 1.374922847747802734e+02
2.669182777404785156e+02 5.893271923065185547e+01 1.376458168029785156e+02
2.672551727294921875e+02 5.800000190734863281e+01 1.375623798370361328e+02
2.669999885559082031e+02 6.000000000000000000e+01 1.377897644042968750e+02
2.669999885559082031e+02 6.100000381469726562e+01 1.378080749511718750e+02
2.679999923706054688e+02 6.000000000000000000e+01 1.379935550689697266e+02
2.662559509277343750e+02 6.000000000000000000e+01 1.375795078277587891e+02
2.662244987487792969e+02 6.100000381469726562e+01 1.375887584686279297e+02
2.657245063781738281e+02 6.100000381469726562e+01 1.374287605285644531e+02
2.663356208801269531e+02 6.200000286102294922e+01 1.375517654418945312e+02
2.658356285095214844e+02 6.200000286102294922e+01 1.373969268798828125e+02
2.664472007751464844e+02 6.258247852325439453e+01 1.375164127349853516e+02
2.669999885559082031e+02 6.200000286102294922e+01 1.377283096313476562e+02
2.670243263244628906e+02 6.294948577880859375e+01 1.375865459442138672e+02
2.679999923706054688e+02 6.200000286102294922e+01 1.379224395751953125e+02
2.679999923706054688e+02 6.100000381469726562e+01 1.380106639862060547e+02
2.679999923706054688e+02 6.300000190734863281e+01 1.377619647979736328e+02
2.689999961853027344e+02 6.200000286102294922e+01 1.380316829681396484e+02
2.689999961853027344e+02 6.100000381469726562e+01 1.381272506713867188e+02
2.689999961853027344e+02 6.300000190734863281e+01 1.378682804107666016e+02
2.690747070312500000e+02 6.406016826629638672e+01 1.376091861724853516e+02
2.700000000000000000e+02 6.300000190734863281e+01 1.378817367553710938e+02
2.679999923706054688e+02 6.377732276916503906e+01 1.375811290740966797e+02
2.687911796569824219e+02 6.443361282348632812e+01 1.374807167053222656e+02
2.694578361511230469e+02 6.450817108154296875e+01 1.375028800964355469e+02
2.679999923706054688e+02 6.427731990814208984e+01 1.374357318878173828e+02
2.670243263244628906e+02 6.396169185638427734e+01 1.373460388183593750e+02
2.679999923706054688e+02 6.500000000000000000e+01 1.371981716156005859e+02
2.669999885559082031e+02 6.500000000000000000e+01 1.370091438293457031e+02
2.669999885559082031e+02 6.586265087127685547e+01 1.366651248931884766e+02
2.659726333618164062e+02 6.503767490386962891e+01 1.367108535766601562e+02
2.652942085266113281e+02 6.472945690155029297e+01 1.365888977050781250e+02
2.659999847412109375e+02 6.400000095367431641e+01 1.370619297027587891e+02
2.656210708618164062e+02 6.539612770080566406e+01 1.364595222473144531e+02
2.662877464294433594e+02 6.565217018127441406e+01 1.365707588195800781e+02
2.649765205383300781e+02 6.503767490386962891e+01 1.363286685943603516e+02
2.649402427673339844e+02 6.606269359588623047e+01 1.358403873443603516e+02
2.639539909362792969e+02 6.502420902252197266e+01 1.358066654205322266e+02
2.646275520324707031e+02 6.431220531463623047e+01 1.364444255828857422e+02
2.649765205383300781e+02 6.398732185363769531e+01 1.366896438598632812e+02
2.640523719787597656e+02 6.398732185363769531e+01 1.362357234954833984e+02
2.637923049926757812e+02 6.300000190734863281e+01 1.363368225097656250e+02
2.632037353515625000e+02 6.400000095367431641e+01 1.357113361358642578e+02
2.644206237792968750e+02 6.364553928375244141e+01 1.365433025360107422e+02
2.642922973632812500e+02 6.300000190734863281e+01 1.366142082214355469e+02
2.641613006591796875e+02 6.200000286102294922e+01 1.366877174377441406e+02
2.650000000000000000e+02 6.300000190734863281e+01 1.369381237030029297e+02
2.650000000000000000e+02 6.200000286102294922e+01 1.370846462249755859e+02
2.660683250427246094e+02 6.294948577880859375e+01 1.373299598693847656e+02
2.667072105407714844e+02 6.324914455413818359e+01 1.374513816833496094e+02
2.650000000000000000e+02 6.100000381469726562e+01 1.371454715728759766e+02
2.641106224060058594e+02 6.100000381469726562e+01 1.367167186737060547e+02
2.650000000000000000e+02 6.000000000000000000e+01 1.371213817596435547e+02
2.641339302062988281e+02 6.000000000000000000e+01 1.367035007476806641e+02
2.636339378356933594e+02 6.000000000000000000e+01 1.364240264892578125e+02
2.642377281188964844e+02 5.900000095367431641e+01 1.366464424133300781e+02
2.637377357482910156e+02 5.900000095367431641e+01 1.363640499114990234e+02
2.643732643127441406e+02 5.819889068603515625e+01 1.365715599060058594e+02
2.640239524841308594e+02 5.791933536529541016e+01 1.363053798675537109e+02
2.639999961853027344e+02 5.700000286102294922e+01 1.360305881500244141e+02
2.645162200927734375e+02 5.753222465515136719e+01 1.364924049377441406e+02
2.631384468078613281e+02 5.800000190734863281e+01 1.357624244689941406e+02
2.633357238769531250e+02 5.700000286102294922e+01 1.356191444396972656e+02
2.626384544372558594e+02 5.800000190734863281e+01 1.353915977478027344e+02
2.629228782653808594e+02 5.899344921112060547e+01 1.358120536804199219e+02
2.629999923706054688e+02 6.000000000000000000e+01 1.359963035583496094e+02
2.625381278991699219e+02 5.865574359893798828e+01 1.354701519012451172e+02
2.624569702148437500e+02 5.932241439819335938e+01 1.355346870422363281e+02
2.620741844177246094e+02 5.899344921112060547e+01 1.351322269439697266e+02
2.624100875854492188e+02 6.000000000000000000e+01 1.355722904205322266e+02
2.619100952148437500e+02 6.000000000000000000e+01 1.351431560516357422e+02
2.623894691467285156e+02 6.100000381469726562e+01 1.355884552001953125e+02
2.618894767761230469e+02 6.100000381469726562e+01 1.351644611358642578e+02
2.624281501770019531e+02 6.200000286102294922e+01 1.355572795867919922e+02
2.629999923706054688e+02 6.100000381469726562e+01 1.360255813598632812e+02
2.629999923706054688e+02 6.200000286102294922e+01 1.359661579132080078e+02
2.636106300354003906e+02 6.100000381469726562e+01 1.364371299743652344e+02
2.636613082885742188e+02 6.200000286102294922e+01 1.364088821411132812e+02
2.629380416870117188e+02 6.295763969421386719e+01 1.357815361022949219e+02
2.624747276306152344e+02 6.259606361389160156e+01 1.355201244354248047e+02
2.625634193420410156e+02 6.326272964477539062e+01 1.354517078399658203e+02
2.627037429809570312e+02 6.400000095367431641e+01 1.353451442718505859e+02
2.619924163818359375e+02 6.302702903747558594e+01 1.350101947784423828e+02
2.619281578063964844e+02 6.200000286102294922e+01 1.351323318481445312e+02
2.615101051330566406e+02 6.345798969268798828e+01 1.344898509979248047e+02
2.614322853088378906e+02 6.279132366180419922e+01 1.345686721801757812e+02
2.621089744567871094e+02 6.400000095367431641e+01 1.348451519012451172e+02
2.616089630126953125e+02 6.400000095367431641e+01 1.343922042846679688e+02
2.623358917236328125e+02 6.500000000000000000e+01 1.346451950073242188e+02
2.618358993530273438e+02 6.500000000000000000e+01 1.341699314117431641e+02
2.624793434143066406e+02 6.553050994873046875e+01 1.345184421539306641e+02
2.630249214172363281e+02 6.502420902252197266e+01 1.351828193664550781e+02
2.633748817443847656e+02 6.470701217651367188e+01 1.355895233154296875e+02
2.630329704284667969e+02 6.591830730438232422e+01 1.347306156158447266e+02
2.635899925231933594e+02 6.537368297576904297e+01 1.354444408416748047e+02
2.639539909362792969e+02 6.606269359588623047e+01 1.352991199493408203e+02
2.642566490173339844e+02 6.577115058898925781e+01 1.356438350677490234e+02
2.640266609191894531e+02 6.697624683380126953e+01 1.347815608978271484e+02
2.645670890808105469e+02 6.643781661987304688e+01 1.354659557342529297e+02
2.649402427673339844e+02 6.703022003173828125e+01 1.352854442596435547e+02
2.637111091613769531e+02 6.729374408721923828e+01 1.343519592285156250e+02
2.643777847290039062e+02 6.760875701904296875e+01 1.345818424224853516e+02
2.633882904052734375e+02 6.662707805633544922e+01 1.345881462097167969e+02
2.630022621154785156e+02 6.699505329132080078e+01 1.339993190765380859e+02
2.627216339111328125e+02 6.619717597961425781e+01 1.343133354187011719e+02
2.623497962951660156e+02 6.669636249542236328e+01 1.336466693878173828e+02
2.626162147521972656e+02 6.736302852630615234e+01 1.333916950225830078e+02
2.632828903198242188e+02 6.772482395172119141e+01 1.336852931976318359e+02
2.629302215576171875e+02 6.807163715362548828e+01 1.330643653869628906e+02
2.639990806579589844e+02 6.800012111663818359e+01 1.340046405792236328e+02
2.636203956604003906e+02 6.839148998260498047e+01 1.334037113189697266e+02
2.642870521545410156e+02 6.867341041564941406e+01 1.336573123931884766e+02
2.647935485839843750e+02 6.827542304992675781e+01 1.343239784240722656e+02
2.650935935974121094e+02 6.893405914306640625e+01 1.339465713500976562e+02
2.654602241516113281e+02 6.852803707122802734e+01 1.345233631134033203e+02
2.653936386108398438e+02 6.957267284393310547e+01 1.335691547393798828e+02
2.647269630432128906e+02 6.934007644653320312e+01 1.333445549011230469e+02
2.639513015747070312e+02 6.903889179229736328e+01 1.330408000946044922e+02
2.650726509094238281e+02 6.995405673980712891e+01 1.329518127441406250e+02
2.647516822814941406e+02 7.033544063568115234e+01 1.323062705993652344e+02
2.642822074890136719e+02 6.966877460479736328e+01 1.326778888702392578e+02
2.654183387756347656e+02 7.055267810821533203e+01 1.325590705871582031e+02
2.659999847412109375e+02 7.024446964263916016e+01 1.332318592071533203e+02
2.639810180664062500e+02 7.001448154449462891e+01 1.320168495178222656e+02
2.632815933227539062e+02 6.969352245330810547e+01 1.317274284362792969e+02
2.636798286437988281e+02 7.036018848419189453e+01 1.313185310363769531e+02
2.643465042114257812e+02 7.061458110809326172e+01 1.316395950317382812e+02
2.636155509948730469e+02 6.940437316894531250e+01 1.323940944671630859e+02
2.629295730590820312e+02 6.906331062316894531e+01 1.320720481872558594e+02
2.625775527954101562e+02 6.841845512390136719e+01 1.324166679382324219e+02
2.622948265075683594e+02 6.872224807739257812e+01 1.317500019073486328e+02
2.626149368286132812e+02 6.938891410827636719e+01 1.313654708862304688e+02
2.632442092895507812e+02 6.873770713806152344e+01 1.327370452880859375e+02
2.619866180419921875e+02 6.901131629943847656e+01 1.310122299194335938e+02
2.629906082153320312e+02 7.000722408294677734e+01 1.310086631774902344e+02
2.623450660705566406e+02 6.965425968170166016e+01 1.306987953186035156e+02
2.626996231079101562e+02 7.032092571258544922e+01 1.302341365814208984e+02
2.633662986755371094e+02 7.061328887939453125e+01 1.306518650054931641e+02
2.630197715759277344e+02 7.078800678253173828e+01 1.299404811859130859e+02
2.640777397155761719e+02 7.094727039337158203e+01 1.309214019775390625e+02
2.637434768676757812e+02 7.132662296295166016e+01 1.300000000000000000e+02
2.644756507873535156e+02 7.151685237884521484e+01 1.305242824554443359e+02
2.642434692382812500e+02 7.167534828186035156e+01 1.300000000000000000e+02
2.639685440063476562e+02 7.202376842498779297e+01 1.290402889251708984e+02
2.650211334228515625e+02 7.216936588287353516e+01 1.299780845642089844e+02
2.647019004821777344e+02 7.238360881805419922e+01 1.292681026458740234e+02
2.644214630126953125e+02 7.255081176757812500e+01 1.286014366149902344e+02
2.632954216003417969e+02 7.166392326354980469e+01 1.288124656677246094e+02
2.635156250000000000e+02 7.148887634277343750e+01 1.294791316986083984e+02
2.637144470214843750e+02 7.235732555389404297e+01 1.280000019073486328e+02
2.629772567749023438e+02 7.181596755981445312e+01 1.279633808135986328e+02
2.635311126708984375e+02 7.247918128967285156e+01 1.274419784545898438e+02
2.642144393920898438e+02 7.268399238586425781e+01 1.280000019073486328e+02
2.639186668395996094e+02 7.285956382751464844e+01 1.270651912689208984e+02
2.650519371032714844e+02 7.318931102752685547e+01 1.279622077941894531e+02
2.647259521484375000e+02 7.337571620941162109e+01 1.269999980926513672e+02
2.654199028015136719e+02 7.354385852813720703e+01 1.276036739349365234e+02
2.652259445190429688e+02 7.365086555480957031e+01 1.269999980926513672e+02
2.660300636291503906e+02 7.367203235626220703e+01 1.279622077941894531e+02
2.659999847412109375e+02 7.402354717254638672e+01 1.269999980926513672e+02
2.669419097900390625e+02 7.438806056976318359e+01 1.270717525482177734e+02
2.659982872009277344e+02 7.433332920074462891e+01 1.260475254058837891e+02
2.649288177490234375e+02 7.379648208618164062e+01 1.260482883453369141e+02
2.656638336181640625e+02 7.442553520202636719e+01 1.251863002777099609e+02
2.663304901123046875e+02 7.457744598388671875e+01 1.257458782196044922e+02
2.665698623657226562e+02 7.447272300720214844e+01 1.264125442504882812e+02
2.669419097900390625e+02 7.473046302795410156e+01 1.260475254058837891e+02
2.669999885559082031e+02 7.504336833953857422e+01 1.250000000000000000e+02
2.672365379333496094e+02 7.460275650024414062e+01 1.267862510681152344e+02
2.679999923706054688e+02 7.510476112365722656e+01 1.260000038146972656e+02
2.679920005798339844e+02 7.537461757659912109e+01 1.250286102294921875e+02
2.679350280761718750e+02 7.472819328308105469e+01 1.270717525482177734e+02
2.689847183227539062e+02 7.535997390747070312e+01 1.259781360626220703e+02
2.686411857604980469e+02 7.546869754791259766e+01 1.253810119628906250e+02
2.689999961853027344e+02 7.502230644226074219e+01 1.269999980926513672e+02
2.693078613281250000e+02 7.554338932037353516e+01 1.256302356719970703e+02
2.700000000000000000e+02 7.543573379516601562e+01 1.263053894042968750e+02
2.700000000000000000e+02 7.519775390625000000e+01 1.269999980926513672e+02
2.700000000000000000e+02 7.560415744781494141e+01 1.258053874969482422e+02
2.707294845581054688e+02 7.548071384429931641e+01 1.264436149597167969e+02
2.710376739501953125e+02 7.534039497375488281e+01 1.269146919250488281e+02
2.710376739501953125e+02 7.563902854919433594e+01 1.260661697387695312e+02
2.709999847412109375e+02 7.598044872283935547e+01 1.250000000000000000e+02
2.713961410522460938e+02 7.550898551940917969e+01 1.265244865417480469e+02
2.719999885559082031e+02 7.570602893829345703e+01 1.260000038146972656e+02
2.719999885559082031e+02 7.603933334350585938e+01 1.250000000000000000e+02
2.719999885559082031e+02 7.551347732543945312e+01 1.265366172790527344e+02
2.729895401000976562e+02 7.565183639526367188e+01 1.260827064514160156e+02
2.729999923706054688e+02 7.602774143218994141e+01 1.250000000000000000e+02
2.726492500305175781e+02 7.550898551940917969e+01 1.265243244171142578e+02
2.739999961853027344e+02 7.564306735992431641e+01 1.258724403381347656e+02
2.733159065246582031e+02 7.548922061920166016e+01 1.264711761474609375e+02
2.729895401000976562e+02 7.534429550170898438e+01 1.269145965576171875e+02
2.739999961853027344e+02 7.545048236846923828e+01 1.263724422454833984e+02
2.739999961853027344e+02 7.520287036895751953e+01 1.269999980926513672e+02
2.750000000000000000e+02 7.536844253540039062e+01 1.261641120910644531e+02
2.750000000000000000e+02 7.502116680145263672e+01 1.269999980926513672e+02
2.750000000000000000e+02 7.556518554687500000e+01 1.256641101837158203e+02
2.759246063232421875e+02 7.525807380676269531e+01 1.259160423278808594e+02
2.760238647460937500e+02 7.474100589752197266e+01 1.270531654357910156e+02
2.755410194396972656e+02 7.551074028015136719e+01 1.255267238616943359e+02
2.769999885559082031e+02 7.490102767944335938e+01 1.260000038146972656e+02
2.762076759338378906e+02 7.542517662048339844e+01 1.253003311157226562e+02
2.759246063232421875e+02 7.561679840087890625e+01 1.249802017211914062e+02
2.769935607910156250e+02 7.530897617340087891e+01 1.249802017211914062e+02
2.766559410095214844e+02 7.555082798004150391e+01 1.246336650848388672e+02
2.779999923706054688e+02 7.493479251861572266e+01 1.250000000000000000e+02
2.773226165771484375e+02 7.544285774230957031e+01 1.243244457244873047e+02
2.769935607910156250e+02 7.565441131591796875e+01 1.239946651458740234e+02
2.779795074462890625e+02 7.530611991882324219e+01 1.239946651458740234e+02
2.782991981506347656e+02 7.542203903198242188e+01 1.232375144958496094e+02
2.776325225830078125e+02 7.555207729339599609e+01 1.236577796936035156e+02
2.790799903869628906e+02 7.480218887329101562e+01 1.240724182128906250e+02
2.789285850524902344e+02 7.523850917816162109e+01 1.229425048828125000e+02
2.787422561645507812e+02 7.461745262145996094e+01 1.250000000000000000e+02
2.794666481018066406e+02 7.448359489440917969e+01 1.244540214538574219e+02
2.796901512145996094e+02 7.460297584533691406e+01 1.237873554229736328e+02
2.800140953063964844e+02 7.470471382141113281e+01 1.229579544067382812e+02
2.800140953063964844e+02 7.432234764099121094e+01 1.240724182128906250e+02
2.803568267822265625e+02 7.442165851593017578e+01 1.232632637023925781e+02
2.800860977172851562e+02 7.387849330902099609e+01 1.250810146331787109e+02
2.810195541381835938e+02 7.375631332397460938e+01 1.239604377746582031e+02
2.809314727783203125e+02 7.417167186737060547e+01 1.229579544067382812e+02
2.806992530822753906e+02 7.363199710845947266e+01 1.248016834259033203e+02
2.815546989440917969e+02 7.354020118713378906e+01 1.236007213592529297e+02
2.813659095764160156e+02 7.340906620025634766e+01 1.242673873901367188e+02
2.810195541381835938e+02 7.329333305358886719e+01 1.250810146331787109e+02
2.820169448852539062e+02 7.301620006561279297e+01 1.240302944183349609e+02
2.824792098999023438e+02 7.248286724090576172e+01 1.244598674774169922e+02
2.822032737731933594e+02 7.327649116516113281e+01 1.230000019073486328e+02
2.818244743347167969e+02 7.275207996368408203e+01 1.250000000000000000e+02
2.826424026489257812e+02 7.262332916259765625e+01 1.237932014465332031e+02
2.829854393005371094e+02 7.218512535095214844e+01 1.240759181976318359e+02
2.828192329406738281e+02 7.277649402618408203e+01 1.230000019073486328e+02
2.833192443847656250e+02 7.233141422271728516e+01 1.230000019073486328e+02
2.829800415039062500e+02 7.298221111297607422e+01 1.219347858428955078e+02
2.830858612060546875e+02 7.313677787780761719e+01 1.210000038146972656e+02
2.825101661682128906e+02 7.350839138031005859e+01 1.215280342102050781e+02
2.835545730590820312e+02 7.255243301391601562e+01 1.216748714447021484e+02
2.823829841613769531e+02 7.341199398040771484e+01 1.221947002410888672e+02
2.834499168395996094e+02 7.245317459106445312e+01 1.223415374755859375e+02
2.840004158020019531e+02 7.199891567230224609e+01 1.219917106628417969e+02
2.841416168212890625e+02 7.212768554687500000e+01 1.210000038146972656e+02
2.838242149353027344e+02 7.183141708374023438e+01 1.230000019073486328e+02
2.845402526855468750e+02 7.154465198516845703e+01 1.216418933868408203e+02
2.844462585449218750e+02 7.143881797790527344e+01 1.223085594177246094e+02
2.843242073059082031e+02 7.130391597747802734e+01 1.230000019073486328e+02
2.848418617248535156e+02 7.106328964233398438e+01 1.219851398468017578e+02
2.851745223999023438e+02 7.092803001403808594e+01 1.210105991363525391e+02
2.847522926330566406e+02 7.080391407012939453e+01 1.230000019073486328e+02
2.853971290588378906e+02 7.035839080810546875e+01 1.219999980926513672e+02
2.854724502563476562e+02 7.046201229095458984e+01 1.213509941101074219e+02
2.852522850036621094e+02 7.016298294067382812e+01 1.230000019073486328e+02
2.857522392272949219e+02 6.985839366912841797e+01 1.219999980926513672e+02
2.858024787902832031e+02 7.007720947265625000e+01 1.210105991363525391e+02
2.856156158447265625e+02 6.966298103332519531e+01 1.230000019073486328e+02
2.862980079650878906e+02 6.897114753723144531e+01 1.220830821990966797e+02
2.863520622253417969e+02 6.924673557281494141e+01 1.210000038146972656e+02
2.860350990295410156e+02 6.900000095367431641e+01 1.230000019073486328e+02
2.865687942504882812e+02 6.861857414245605469e+01 1.218051338195800781e+02
2.864936828613281250e+02 6.848745822906494141e+01 1.224717998504638672e+02
2.864194679260253906e+02 6.834452152252197266e+01 1.230000019073486328e+02
2.867747497558593750e+02 6.809247493743896484e+01 1.220830821990966797e+02
2.870260620117187500e+02 6.800000190734863281e+01 1.210000038146972656e+02
2.866729927062988281e+02 6.784451961517333984e+01 1.230000019073486328e+02
2.873141288757324219e+02 6.695565700531005859e+01 1.220102119445800781e+02
2.874677658081054688e+02 6.641067028045654297e+01 1.223503589630126953e+02
2.873840522766113281e+02 6.723022460937500000e+01 1.210000038146972656e+02
2.870625495910644531e+02 6.700000286102294922e+01 1.230000019073486328e+02
2.875403594970703125e+02 6.659275531768798828e+01 1.216836929321289062e+02
2.875999259948730469e+02 6.673022270202636719e+01 1.210000038146972656e+02
2.876651763916015625e+02 6.687674999237060547e+01 1.200000000000000000e+02
2.878888130187988281e+02 6.600000381469726562e+01 1.210000038146972656e+02
2.882233428955078125e+02 6.500000000000000000e+01 1.210000038146972656e+02
2.880255699157714844e+02 6.600000381469726562e+01 1.200000000000000000e+02
2.881134223937988281e+02 6.600000381469726562e+01 1.190000057220458984e+02
2.883791351318359375e+02 6.495608806610107422e+01 1.200298786163330078e+02
2.884080123901367188e+02 6.520078659057617188e+01 1.190000057220458984e+02
2.884847259521484375e+02 6.443789958953857422e+01 1.203831291198730469e+02
2.885290145874023438e+02 6.459347724914550781e+01 1.197164630889892578e+02
2.885632133483886719e+02 6.470078945159912109e+01 1.190000057220458984e+02
2.886271667480468750e+02 6.406273841857910156e+01 1.200298786163330078e+02
2.887588500976562500e+02 6.400000095367431641e+01 1.190000057220458984e+02
2.885555267333984375e+02 6.372396469116210938e+01 1.210000038146972656e+02
2.888496017456054688e+02 6.300000190734863281e+01 1.200000000000000000e+02
2.889669990539550781e+02 6.300000190734863281e+01 1.190000057220458984e+02
2.889804840087890625e+02 6.200000286102294922e+01 1.200000000000000000e+02
2.886875724792480469e+02 6.300000190734863281e+01 1.210000038146972656e+02
2.885486984252929688e+02 6.300000190734863281e+01 1.216831111907958984e+02
2.888199043273925781e+02 6.200000286102294922e+01 1.210000038146972656e+02
2.888980865478515625e+02 6.100000381469726562e+01 1.210000038146972656e+02
2.885943031311035156e+02 6.191821098327636719e+01 1.220312786102294922e+02
2.886720657348632812e+02 6.100000381469726562e+01 1.219999980926513672e+02
2.884699058532714844e+02 6.219701766967773438e+01 1.223854541778564453e+02
2.885031127929687500e+02 6.153035163879394531e+01 1.225104331970214844e+02
2.885164070129394531e+02 6.100000381469726562e+01 1.225531291961669922e+02
2.885191726684570312e+02 6.000000000000000000e+01 1.225613498687744141e+02
2.886784553527832031e+02 6.000000000000000000e+01 1.219999980926513672e+02
2.885067939758300781e+02 5.943090438842773438e+01 1.225214004516601562e+02
2.886034202575683594e+02 5.905854225158691406e+01 1.220435905456542969e+02
2.884747695922851562e+02 5.876423835754394531e+01 1.224059867858886719e+02
2.885599327087402344e+02 5.800000190734863281e+01 1.217212390899658203e+02
2.888387107849121094e+02 5.900000095367431641e+01 1.210000038146972656e+02
2.887120056152343750e+02 5.800000190734863281e+01 1.210000038146972656e+02
2.890012741088867188e+02 5.900000095367431641e+01 1.200000000000000000e+02
2.889059448242187500e+02 6.000000000000000000e+01 1.210000038146972656e+02
2.890650939941406250e+02 6.000000000000000000e+01 1.200000000000000000e+02
2.891907882690429688e+02 6.000000000000000000e+01 1.190000057220458984e+02
2.890563774108886719e+02 6.100000381469726562e+01 1.200000000000000000e+02
2.891797065734863281e+02 6.100000381469726562e+01 1.190000057220458984e+02
2.892405891418457031e+02 6.100000381469726562e+01 1.180000019073486328e+02
2.891007995605468750e+02 6.200000286102294922e+01 1.190000057220458984e+02
2.891586494445800781e+02 6.200000286102294922e+01 1.180000019073486328e+02
2.891586494445800781e+02 6.200000286102294922e+01 1.169999980926513672e+02
2.890234756469726562e+02 6.300000190734863281e+01 1.180000019073486328e+02
2.890211677551269531e+02 6.300000190734863281e+01 1.169999980926513672e+02
2.888124465942382812e+02 6.400000095367431641e+01 1.180000019073486328e+02
2.888066864013671875e+02 6.400000095367431641e+01 1.169999980926513672e+02
2.885887145996093750e+02 6.477829456329345703e+01 1.180000019073486328e+02
2.884303283691406250e+02 6.527829647064208984e+01 1.180000019073486328e+02
2.885852813720703125e+02 6.476303100585937500e+01 1.169999980926513672e+02
2.885550117492675781e+02 6.466730117797851562e+01 1.160000038146972656e+02
2.884239196777343750e+02 6.526303291320800781e+01 1.169999980926513672e+02
2.883927726745605469e+02 6.516730308532714844e+01 1.160000038146972656e+02
2.881393814086914062e+02 6.600000381469726562e+01 1.169999980926513672e+02
2.880791473388671875e+02 6.600000381469726562e+01 1.160000038146972656e+02
2.881537818908691406e+02 6.600000381469726562e+01 1.180000019073486328e+02
2.877154541015625000e+02 6.697039127349853516e+01 1.169999980926513672e+02
2.876863670349121094e+02 6.690494060516357422e+01 1.160000038146972656e+02
2.877234458923339844e+02 6.699589729309082031e+01 1.180000019073486328e+02
2.874864196777343750e+02 6.747039318084716797e+01 1.169999980926513672e+02
2.874563980102539062e+02 6.740494251251220703e+01 1.160000038146972656e+02
2.872269058227539062e+02 6.800000190734863281e+01 1.169999980926513672e+02
2.874981498718261719e+02 6.749589443206787109e+01 1.180000019073486328e+02
2.872534179687500000e+02 6.800000190734863281e+01 1.180000019073486328e+02
2.874837684631347656e+02 6.746320724487304688e+01 1.190000057220458984e+02
2.872242546081542969e+02 6.800000190734863281e+01 1.190000057220458984e+02
2.874465751647949219e+02 6.737675189971923828e+01 1.200000000000000000e+02
2.877054023742675781e+02 6.696320533752441406e+01 1.190000057220458984e+02
2.871498298645019531e+02 6.800000190734863281e+01 1.200000000000000000e+02
2.867032432556152344e+02 6.885636329650878906e+01 1.200000000000000000e+02
2.867404747009277344e+02 6.892790317535400391e+01 1.190000057220458984e+02
2.864169311523437500e+02 6.935636520385742188e+01 1.200000000000000000e+02
2.866419982910156250e+02 6.874673843383789062e+01 1.210000038146972656e+02
2.864586639404296875e+02 6.942790508270263672e+01 1.190000057220458984e+02
2.859956932067871094e+02 7.000000000000000000e+01 1.200000000000000000e+02
2.860839080810546875e+02 7.000000000000000000e+01 1.190000057220458984e+02
2.855787467956542969e+02 7.060762882232666016e+01 1.200000000000000000e+02
2.855347061157226562e+02 7.054671764373779297e+01 1.206843280792236328e+02
2.851993370056152344e+02 7.110762596130371094e+01 1.200000000000000000e+02
2.856252288818359375e+02 7.067431449890136719e+01 1.190000057220458984e+02
2.852555847167968750e+02 7.117431163787841797e+01 1.190000057220458984e+02
2.856462287902832031e+02 7.070614337921142578e+01 1.180000019073486328e+02
2.861228561401367188e+02 7.000000000000000000e+01 1.180000019073486328e+02
2.852827835083007812e+02 7.120614051818847656e+01 1.180000019073486328e+02
2.856282234191894531e+02 7.068054676055908203e+01 1.169999980926513672e+02
2.855830764770507812e+02 7.061522483825683594e+01 1.160000038146972656e+02
2.860869026184082031e+02 7.000000000000000000e+01 1.169999980926513672e+02
2.852640342712402344e+02 7.118054866790771484e+01 1.169999980926513672e+02
2.852117729187011719e+02 7.111522197723388672e+01 1.160000038146972656e+02
2.847640228271484375e+02 7.180689334869384766e+01 1.169999980926513672e+02
2.843190765380859375e+02 7.230689525604248047e+01 1.169999980926513672e+02
2.847117805480957031e+02 7.174626827239990234e+01 1.160000038146972656e+02
2.847827911376953125e+02 7.182629108428955078e+01 1.180000019073486328e+02
2.843354797363281250e+02 7.232629299163818359e+01 1.180000019073486328e+02
2.847555923461914062e+02 7.179205417633056641e+01 1.190000057220458984e+02
2.846993446350097656e+02 7.172567367553710938e+01 1.200000000000000000e+02
2.843021774291992188e+02 7.229205608367919922e+01 1.190000057220458984e+02
2.842379188537597656e+02 7.222567081451416016e+01 1.200000000000000000e+02
2.838021659851074219e+02 7.279749870300292969e+01 1.190000057220458984e+02
2.832772254943847656e+02 7.329749584197998047e+01 1.190000057220458984e+02
2.838354873657226562e+02 7.283207893371582031e+01 1.180000019073486328e+02
2.837379074096679688e+02 7.273229122161865234e+01 1.200000000000000000e+02
2.832009124755859375e+02 7.323229312896728516e+01 1.200000000000000000e+02
2.836416053771972656e+02 7.263677597045898438e+01 1.210000038146972656e+02
2.827009010314941406e+02 7.366751194000244141e+01 1.200000000000000000e+02
2.825858688354492188e+02 7.357130527496337891e+01 1.210000038146972656e+02
2.819364356994628906e+02 7.422913551330566406e+01 1.200674819946289062e+02
2.827772331237792969e+02 7.373187065124511719e+01 1.190000057220458984e+02
2.821289825439453125e+02 7.423186779022216797e+01 1.190000057220458984e+02
2.828169441223144531e+02 7.376558780670166016e+01 1.180000019073486328e+02
2.821760368347167969e+02 7.426558494567871094e+01 1.180000019073486328e+02
2.828018951416015625e+02 7.375379085540771484e+01 1.169999980926513672e+02
2.833169555664062500e+02 7.333207607269287109e+01 1.180000019073486328e+02
2.833019065856933594e+02 7.331796169281005859e+01 1.169999980926513672e+02
2.832376480102539062e+02 7.326141357421875000e+01 1.160000038146972656e+02
2.838190841674804688e+02 7.281796455383300781e+01 1.169999980926513672e+02
2.837628364562988281e+02 7.276141166687011719e+01 1.160000038146972656e+02
2.836801528930664062e+02 7.267720699310302734e+01 1.150000000000000000e+02
2.842628288269042969e+02 7.224627017974853516e+01 1.160000038146972656e+02
2.841801452636718750e+02 7.215984344482421875e+01 1.150000000000000000e+02
2.840312957763671875e+02 7.203078269958496094e+01 1.139002323150634766e+02
2.846384429931640625e+02 7.165984153747558594e+01 1.150000000000000000e+02
2.845637130737304688e+02 7.157300472259521484e+01 1.142609596252441406e+02
2.852024650573730469e+02 7.093127250671386719e+01 1.149538803100585938e+02
2.854861831665039062e+02 7.048035621643066406e+01 1.145897960662841797e+02
2.848750877380371094e+02 7.108222007751464844e+01 1.139565753936767578e+02
2.855380821228027344e+02 7.055212497711181641e+01 1.152564620971679688e+02
2.858081626892089844e+02 7.008821487426757812e+01 1.149538803100585938e+02
2.857639503479003906e+02 6.988769531250000000e+01 1.140000057220458984e+02
2.863566207885742188e+02 6.925788402557373047e+01 1.150000000000000000e+02
2.860000228881835938e+02 7.000000000000000000e+01 1.160000038146972656e+02
2.864169311523437500e+02 6.935802936553955078e+01 1.160000038146972656e+02
2.864586639404296875e+02 6.942790508270263672e+01 1.169999980926513672e+02
2.867059516906738281e+02 6.885803222656250000e+01 1.160000038146972656e+02
2.866512680053710938e+02 6.875788211822509766e+01 1.150000000000000000e+02
2.871623611450195312e+02 6.800000190734863281e+01 1.160000038146972656e+02
2.867404747009277344e+02 6.892790317535400391e+01 1.169999980926513672e+02
2.867552566528320312e+02 6.895869255065917969e+01 1.180000019073486328e+02
2.864766311645507812e+02 6.945869445800781250e+01 1.180000019073486328e+02
2.870533943176269531e+02 6.800000190734863281e+01 1.150000000000000000e+02
2.868751335144042969e+02 6.800000190734863281e+01 1.140000057220458984e+02
2.874021148681640625e+02 6.728423118591308594e+01 1.150000000000000000e+02
2.873432350158691406e+02 6.698071956634521484e+01 1.139331054687500000e+02
2.876306343078613281e+02 6.678422927856445312e+01 1.150000000000000000e+02
2.875615119934082031e+02 6.663453102111816406e+01 1.142218399047851562e+02
2.879639053344726562e+02 6.600000381469726562e+01 1.150000000000000000e+02
2.877257728576660156e+02 6.608161926269531250e+01 1.139331054687500000e+02
2.883475875854492188e+02 6.494150638580322266e+01 1.150178718566894531e+02
2.884682846069335938e+02 6.437929630279541016e+01 1.146964454650878906e+02
2.881319808959960938e+02 6.500000000000000000e+01 1.140000057220458984e+02
2.885226440429687500e+02 6.456917762756347656e+01 1.153631114959716797e+02
2.886141967773437500e+02 6.402757644653320312e+01 1.150178718566894531e+02
2.888349342346191406e+02 6.300000190734863281e+01 1.150000000000000000e+02
2.885564994812011719e+02 6.371263027191162109e+01 1.142589950561523438e+02
2.887450599670410156e+02 6.400000095367431641e+01 1.160000038146972656e+02
2.889614295959472656e+02 6.300000190734863281e+01 1.160000038146972656e+02
2.891007995605468750e+02 6.200000286102294922e+01 1.160000038146972656e+02
2.889749336242675781e+02 6.200000286102294922e+01 1.150000000000000000e+02
2.891856384277343750e+02 6.100000381469726562e+01 1.160000038146972656e+02
2.890617561340332031e+02 6.100000381469726562e+01 1.150000000000000000e+02
2.892124557495117188e+02 6.000000000000000000e+01 1.160000038146972656e+02
2.892430686950683594e+02 6.100000381469726562e+01 1.169999980926513672e+02
2.892658615112304688e+02 6.000000000000000000e+01 1.169999980926513672e+02
2.892124557495117188e+02 5.900000095367431641e+01 1.169999980926513672e+02
2.892565345764160156e+02 6.000000000000000000e+01 1.180000019073486328e+02
2.891967391967773438e+02 5.900000095367431641e+01 1.180000019073486328e+02
2.890727806091308594e+02 5.800000190734863281e+01 1.180000019073486328e+02
2.891272544860839844e+02 5.900000095367431641e+01 1.190000057220458984e+02
2.890012741088867188e+02 5.800000190734863281e+01 1.190000057220458984e+02
2.888313484191894531e+02 5.700000286102294922e+01 1.190000057220458984e+02
2.888765525817871094e+02 5.800000190734863281e+01 1.200000000000000000e+02
2.887033843994140625e+02 5.700000286102294922e+01 1.200000000000000000e+02
2.885513305664062500e+02 5.631548404693603516e+01 1.200000000000000000e+02
2.885605430603027344e+02 5.705852508544921875e+01 1.209268760681152344e+02
2.884444618225097656e+02 5.676420688629150391e+01 1.212114620208740234e+02
2.885088729858398438e+02 5.646777629852294922e+01 1.205447959899902344e+02
2.885149002075195312e+02 5.743087291717529297e+01 1.215556716918945312e+02
2.883386993408203125e+02 5.705852508544921875e+01 1.219334030151367188e+02
2.880259513854980469e+02 5.700000286102294922e+01 1.230000019073486328e+02
2.884267234802246094e+02 5.800000190734863281e+01 1.222212409973144531e+02
2.880736160278320312e+02 5.600000381469726562e+01 1.219999980926513672e+02
2.877261352539062500e+02 5.490938663482666016e+01 1.220881366729736328e+02
2.883319282531738281e+02 5.608066558837890625e+01 1.209268760681152344e+02
2.877317237854003906e+02 5.590425968170166016e+01 1.230964088439941406e+02
2.874980735778808594e+02 5.550710201263427734e+01 1.234940147399902344e+02
2.876050949096679688e+02 5.518230915069580078e+01 1.228273487091064453e+02
2.875886154174804688e+02 5.617376804351806641e+01 1.237440013885498047e+02
2.874277114868164062e+02 5.490938663482666016e+01 1.230964088439941406e+02
2.871264266967773438e+02 5.400000095367431641e+01 1.230000019073486328e+02
2.874948310852050781e+02 5.451564311981201172e+01 1.224802303314208984e+02
2.873878669738769531e+02 5.397349834442138672e+01 1.220881366729736328e+02
2.875823783874511719e+02 5.428915977478027344e+01 1.218135643005371094e+02
2.870009231567382812e+02 5.300000190734863281e+01 1.219999980926513672e+02
2.874524497985839844e+02 5.362249374389648438e+01 1.212644863128662109e+02
2.872773361206054688e+02 5.307304382324218750e+01 1.209586906433105469e+02
2.876510238647460938e+02 5.397349834442138672e+01 1.209586906433105469e+02
2.880051803588867188e+02 5.500000000000000000e+01 1.210000038146972656e+02
2.878258895874023438e+02 5.400000095367431641e+01 1.200000000000000000e+02
2.875202178955078125e+02 5.345507621765136719e+01 1.205978202819824219e+02
2.875663566589355469e+02 5.335041046142578125e+01 1.200000000000000000e+02
2.873454666137695312e+02 5.285041332244873047e+01 1.200000000000000000e+02
2.876257514953613281e+02 5.321733951568603516e+01 1.190000057220458984e+02
2.879453849792480469e+02 5.400000095367431641e+01 1.190000057220458984e+02
2.874042701721191406e+02 5.271733760833740234e+01 1.190000057220458984e+02
2.876624679565429688e+02 5.314038753509521484e+01 1.180000019073486328e+02
2.874369430541992188e+02 5.264039039611816406e+01 1.180000019073486328e+02
2.876725387573242188e+02 5.312416553497314453e+01 1.169999980926513672e+02
2.880219459533691406e+02 5.400000095367431641e+01 1.180000019073486328e+02
2.880454254150390625e+02 5.400000095367431641e+01 1.169999980926513672e+02
2.883594703674316406e+02 5.495162963867187500e+01 1.180000019073486328e+02
2.883728790283203125e+02 5.490602493286132812e+01 1.169999980926513672e+02
2.883359909057617188e+02 5.509939670562744141e+01 1.189019012451171875e+02
2.885153388977050781e+02 5.545163154602050781e+01 1.180000019073486328e+02
2.885301971435546875e+02 5.540602684020996094e+01 1.169999980926513672e+02
2.885003089904785156e+02 5.549899578094482422e+01 1.185031700134277344e+02
2.886735725402832031e+02 5.600000381469726562e+01 1.180000019073486328e+02
2.887023925781250000e+02 5.600000381469726562e+01 1.169999980926513672e+02
2.885936546325683594e+02 5.597172260284423828e+01 1.189019012451171875e+02
2.889091491699218750e+02 5.700000286102294922e+01 1.180000019073486328e+02
2.889334106445312500e+02 5.700000286102294922e+01 1.169999980926513672e+02
2.888924598693847656e+02 5.700000286102294922e+01 1.160000038146972656e+02
2.890919876098632812e+02 5.800000190734863281e+01 1.169999980926513672e+02
2.890476989746093750e+02 5.800000190734863281e+01 1.160000038146972656e+02
2.889414215087890625e+02 5.800000190734863281e+01 1.150000000000000000e+02
2.891634178161621094e+02 5.900000095367431641e+01 1.160000038146972656e+02
2.890476989746093750e+02 5.900000095367431641e+01 1.150000000000000000e+02
2.890919876098632812e+02 6.000000000000000000e+01 1.150000000000000000e+02
2.888957786560058594e+02 5.900000095367431641e+01 1.140000057220458984e+02
2.886726951599121094e+02 5.900000095367431641e+01 1.130000019073486328e+02
2.887989234924316406e+02 5.800000190734863281e+01 1.140000057220458984e+02
2.889301681518554688e+02 6.000000000000000000e+01 1.140000057220458984e+02
2.886943244934082031e+02 6.000000000000000000e+01 1.130000019073486328e+02
2.888883781433105469e+02 6.100000381469726562e+01 1.140000057220458984e+02
2.886234474182128906e+02 6.098181724548339844e+01 1.129384040832519531e+02
2.887905311584472656e+02 6.200000286102294922e+01 1.140000057220458984e+02
2.885917282104492188e+02 6.200000286102294922e+01 1.131982421875000000e+02
2.886263847351074219e+02 6.303035259246826172e+01 1.139553928375244141e+02
2.885407066345214844e+02 6.271725177764892578e+01 1.133669853210449219e+02
2.884786224365234375e+02 6.338391780853271484e+01 1.135923290252685547e+02
2.883774375915527344e+02 6.303035259246826172e+01 1.130201911926269531e+02
2.884038925170898438e+02 6.402757644653320312e+01 1.139553928375244141e+02
2.881560707092285156e+02 6.400000095367431641e+01 1.130000019073486328e+02
2.877548027038574219e+02 6.409823894500732422e+01 1.119012260437011719e+02
2.878654861450195312e+02 6.500000000000000000e+01 1.130000019073486328e+02
2.876015090942382812e+02 6.575872421264648438e+01 1.130000019073486328e+02
2.876065254211425781e+02 6.500000000000000000e+01 1.122199058532714844e+02
2.874162101745605469e+02 6.500000000000000000e+01 1.117199039459228516e+02
2.875163269042968750e+02 6.554227352142333984e+01 1.124578380584716797e+02
2.872267341613769531e+02 6.592536449432373047e+01 1.120746994018554688e+02
2.867383384704589844e+02 6.702953338623046875e+01 1.119834899902343750e+02
2.874084663391113281e+02 6.625872611999511719e+01 1.130000019073486328e+02
2.867318534851074219e+02 6.600184440612792969e+01 1.109772300720214844e+02
2.864374923706054688e+02 6.633640289306640625e+01 1.106287193298339844e+02
2.870993423461914062e+02 6.500000000000000000e+01 1.110000038146972656e+02
2.865652084350585938e+02 6.566973686218261719e+01 1.103824234008789062e+02
2.865988159179687500e+02 6.671588897705078125e+01 1.112953853607177734e+02
2.863024520874023438e+02 6.702953338623046875e+01 1.109772300720214844e+02
2.857826042175292969e+02 6.700026988983154297e+01 1.099781513214111328e+02
2.858039665222167969e+02 6.803253650665283203e+01 1.109731197357177734e+02
2.864461326599121094e+02 6.738255500793457031e+01 1.116391372680664062e+02
2.862753295898437500e+02 6.798898696899414062e+01 1.119834899902343750e+02
2.857276535034179688e+02 6.900127410888671875e+01 1.120519351959228516e+02
2.865750885009765625e+02 6.764831542968750000e+01 1.123058128356933594e+02
2.864060401916503906e+02 6.831498146057128906e+01 1.128161716461181641e+02
2.861467552185058594e+02 6.890516757965087891e+01 1.130897045135498047e+02
2.866524696350097656e+02 6.798898696899414062e+01 1.130897045135498047e+02
2.870951652526855469e+02 6.700000286102294922e+01 1.130000019073486328e+02
2.865051841735839844e+02 6.850861072540283203e+01 1.134828376770019531e+02
2.865620422363281250e+02 6.860486507415771484e+01 1.140000057220458984e+02
2.862639617919921875e+02 6.910486698150634766e+01 1.140000057220458984e+02
2.856289100646972656e+02 6.968862056732177734e+01 1.130000019073486328e+02
2.852797508239746094e+02 7.018861770629882812e+01 1.130000019073486328e+02
2.855333328247070312e+02 6.954825878143310547e+01 1.124199008941650391e+02
2.850126266479492188e+02 7.001084804534912109e+01 1.119821548461914062e+02
2.847087097167968750e+02 6.978039741516113281e+01 1.110000038146972656e+02
2.844791984558105469e+02 7.047343254089355469e+01 1.115444183349609375e+02
2.846310997009277344e+02 7.066181659698486328e+01 1.122110843658447266e+02
2.853941726684570312e+02 6.933545589447021484e+01 1.117532253265380859e+02
2.852293777465820312e+02 6.900127410888671875e+01 1.109731197357177734e+02
2.854373359680175781e+02 6.838755607604980469e+01 1.106218624114990234e+02
2.847311019897460938e+02 6.895613670349121094e+01 1.100522994995117188e+02
2.856066894531250000e+02 6.866878986358642578e+01 1.112885284423828125e+02
2.852528953552246094e+02 6.803253650665283203e+01 1.099781513214111328e+02
2.845637321472167969e+02 6.859355926513671875e+01 1.094183921813964844e+02
2.843319702148437500e+02 6.926022529602050781e+01 1.097538375854492188e+02
2.845507621765136719e+02 6.956709861755371094e+01 1.104205036163330078e+02
2.839769363403320312e+02 6.996816635131835938e+01 1.100385665893554688e+02
2.833801460266113281e+02 7.036923885345458984e+01 1.096566295623779297e+02
2.836652946472167969e+02 6.970257282257080078e+01 1.093026351928710938e+02
2.836218833923339844e+02 7.063330173492431641e+01 1.103232955932617188e+02
2.843258285522460938e+02 7.028039455413818359e+01 1.110000038146972656e+02
2.837697410583496094e+02 7.097998142242431641e+01 1.110852718353271484e+02
2.842076110839843750e+02 7.099709033966064453e+01 1.119266510009765625e+02
2.835151481628417969e+02 7.151549339294433594e+01 1.114754581451416016e+02
2.832953643798828125e+02 7.129996776580810547e+01 1.108087921142578125e+02
2.830044174194335938e+02 7.100221633911132812e+01 1.099972057342529297e+02
2.829772186279296875e+02 7.176941394805908203e+01 1.110852718353271484e+02
2.822806167602539062e+02 7.232514381408691406e+01 1.110000038146972656e+02
2.826286888122558594e+02 7.161545753479003906e+01 1.103377723693847656e+02
2.830079269409179688e+02 7.221485614776611328e+01 1.119176864624023438e+02
2.836500930786132812e+02 7.165502071380615234e+01 1.119999980926513672e+02
2.833758354187011719e+02 7.238481521606445312e+01 1.130000019073486328e+02
2.826798820495605469e+02 7.265345096588134766e+01 1.121961402893066406e+02
2.824811172485351562e+02 7.248473644256591797e+01 1.115294742584228516e+02
2.820381546020507812e+02 7.303055286407470703e+01 1.119429111480712891e+02
2.813577842712402344e+02 7.340765953063964844e+01 1.116896820068359375e+02
2.817806053161621094e+02 7.271495819091796875e+01 1.110000038146972656e+02
2.815952110290527344e+02 7.356948852539062500e+01 1.123563480377197266e+02
2.822684860229492188e+02 7.332468509674072266e+01 1.130000019073486328e+02
2.817684745788574219e+02 7.369629859924316406e+01 1.130000019073486328e+02
2.824294281005859375e+02 7.344613075256347656e+01 1.136890411376953125e+02
2.828758430480957031e+02 7.282468318939208984e+01 1.130000019073486328e+02
2.830196380615234375e+02 7.301595687866210938e+01 1.139476108551025391e+02
2.825513648986816406e+02 7.354211807250976562e+01 1.143557071685791016e+02
2.831366729736328125e+02 7.317720413208007812e+01 1.150000000000000000e+02
2.835877990722656250e+02 7.258578777313232422e+01 1.142061805725097656e+02
2.834878921508789062e+02 7.248855590820312500e+01 1.135395145416259766e+02
2.826366806030273438e+02 7.361392974853515625e+01 1.150000000000000000e+02
2.827376556396484375e+02 7.369991302490234375e+01 1.160000038146972656e+02
2.819162940979003906e+02 7.416250228881835938e+01 1.150437736511230469e+02
2.814223480224609375e+02 7.445226192474365234e+01 1.147396183013916016e+02
2.820576477050781250e+02 7.381197452545166016e+01 1.140134239196777344e+02
2.815271568298339844e+02 7.451924800872802734e+01 1.154062843322753906e+02
2.820898246765136719e+02 7.419991493225097656e+01 1.160000038146972656e+02
2.815898132324218750e+02 7.456372737884521484e+01 1.160000038146972656e+02
2.821620559692382812e+02 7.425379276275634766e+01 1.169999980926513672e+02
2.816620445251464844e+02 7.461419105529785156e+01 1.169999980926513672e+02
2.809999847412109375e+02 7.501008987426757812e+01 1.169999980926513672e+02
2.816760253906250000e+02 7.462364196777343750e+01 1.180000019073486328e+02
2.809999847412109375e+02 7.502742290496826172e+01 1.180000019073486328e+02
2.816289710998535156e+02 7.459072113037109375e+01 1.190000057220458984e+02
2.809999847412109375e+02 7.496670722961425781e+01 1.190000057220458984e+02
2.815607261657714844e+02 7.454263687133789062e+01 1.197791385650634766e+02
2.810920906066894531e+02 7.478160858154296875e+01 1.200674819946289062e+02
2.814868354797363281e+02 7.449188232421875000e+01 1.204458045959472656e+02
2.808924865722656250e+02 7.473604679107666016e+01 1.210000038146972656e+02
2.801377487182617188e+02 7.532003402709960938e+01 1.200000000000000000e+02
2.802514076232910156e+02 7.537599086761474609e+01 1.190000057220458984e+02
2.796377563476562500e+02 7.556849002838134766e+01 1.200000000000000000e+02
2.799285507202148438e+02 7.526379108428955078e+01 1.209716892242431641e+02
2.794061470031738281e+02 7.545825958251953125e+01 1.212861537933349609e+02
2.800000000000000000e+02 7.498979568481445312e+01 1.219999980926513672e+02
2.795475959777832031e+02 7.552374839782714844e+01 1.206194877624511719e+02
2.790436935424804688e+02 7.567714691162109375e+01 1.209716892242431641e+02
2.779999923706054688e+02 7.608256816864013672e+01 1.210000038146972656e+02
2.789999961853027344e+02 7.584717750549316406e+01 1.200000000000000000e+02
2.787153434753417969e+02 7.559568405151367188e+01 1.219999980926513672e+02
2.792153358459472656e+02 7.537307739257812500e+01 1.219999980926513672e+02
2.779999923706054688e+02 7.587580204010009766e+01 1.219999980926513672e+02
2.785476303100585938e+02 7.552149295806884766e+01 1.225708484649658203e+02
2.779795074462890625e+02 7.563288688659667969e+01 1.229425048828125000e+02
2.769999885559082031e+02 7.595140933990478516e+01 1.230000019073486328e+02
2.769999885559082031e+02 7.620660305023193359e+01 1.219999980926513672e+02
2.759999847412109375e+02 7.622009754180908203e+01 1.230000019073486328e+02
2.760668945312500000e+02 7.643629074096679688e+01 1.220764636993408203e+02
2.759999847412109375e+02 7.592857837677001953e+01 1.240000057220458984e+02
2.750728988647460938e+02 7.641060352325439453e+01 1.230124378204345703e+02
2.739999961853027344e+02 7.646270275115966797e+01 1.233660888671875000e+02
2.754548454284667969e+02 7.649183750152587891e+01 1.224607658386230469e+02
2.750000000000000000e+02 7.613877296447753906e+01 1.240000057220458984e+02
2.747881698608398438e+02 7.655284881591796875e+01 1.226873970031738281e+02
2.739999961853027344e+02 7.660348892211914062e+01 1.228660964965820312e+02
2.750728988647460938e+02 7.663955211639404297e+01 1.220764636993408203e+02
2.750000000000000000e+02 7.684228420257568359e+01 1.210000038146972656e+02
2.757781410217285156e+02 7.656197071075439453e+01 1.217940998077392578e+02
2.739999961853027344e+02 7.680357456207275391e+01 1.219999980926513672e+02
2.729999923706054688e+02 7.684574604034423828e+01 1.219999980926513672e+02
2.739999961853027344e+02 7.697274208068847656e+01 1.210000038146972656e+02
2.729999923706054688e+02 7.700426101684570312e+01 1.210000038146972656e+02
2.739999961853027344e+02 7.709830284118652344e+01 1.200000000000000000e+02
2.729999923706054688e+02 7.712116241455078125e+01 1.200000000000000000e+02
2.739999961853027344e+02 7.716187953948974609e+01 1.190000057220458984e+02
2.750000000000000000e+02 7.696920871734619141e+01 1.200000000000000000e+02
2.750000000000000000e+02 7.704467773437500000e+01 1.190000057220458984e+02
2.759999847412109375e+02 7.678714275360107422e+01 1.200000000000000000e+02
2.759999847412109375e+02 7.687668800354003906e+01 1.190000057220458984e+02
2.768198966979980469e+02 7.659280300140380859e+01 1.200000000000000000e+02
2.760668945312500000e+02 7.662922859191894531e+01 1.210547065734863281e+02
2.766452980041503906e+02 7.654222488403320312e+01 1.207578372955322266e+02
2.764448165893554688e+02 7.648786544799804688e+01 1.214245033264160156e+02
2.769871711730957031e+02 7.639587402343750000e+01 1.210547065734863281e+02
2.773199081420898438e+02 7.644852161407470703e+01 1.200000000000000000e+02
2.774478912353515625e+02 7.648501873016357422e+01 1.193114662170410156e+02
2.779999923706054688e+02 7.622721195220947266e+01 1.200000000000000000e+02
2.779212951660156250e+02 7.635660171508789062e+01 1.189868831634521484e+02
2.780392646789550781e+02 7.635420322418212891e+01 1.180000019073486328e+02
2.775354957580566406e+02 7.651184558868408203e+01 1.186448001861572266e+02
2.789999961853027344e+02 7.595713615417480469e+01 1.190000057220458984e+02
2.789999961853027344e+02 7.600731372833251953e+01 1.180000019073486328e+02
2.797514152526855469e+02 7.562514781951904297e+01 1.190000057220458984e+02
2.798076820373535156e+02 7.565311431884765625e+01 1.180000019073486328e+02
2.803076934814453125e+02 7.540378093719482422e+01 1.180000019073486328e+02
2.797931289672851562e+02 7.564660072326660156e+01 1.169999980926513672e+02
2.789999961853027344e+02 7.598871231079101562e+01 1.169999980926513672e+02
2.802931404113769531e+02 7.539589881896972656e+01 1.169999980926513672e+02
2.797107315063476562e+02 7.560644626617431641e+01 1.160000038146972656e+02
2.802107429504394531e+02 7.535352230072021484e+01 1.160000038146972656e+02
2.796012306213378906e+02 7.555131912231445312e+01 1.152413463592529297e+02
2.789999961853027344e+02 7.590814113616943359e+01 1.160000038146972656e+02
2.779999923706054688e+02 7.624975681304931641e+01 1.160000038146972656e+02
2.790775108337402344e+02 7.570900440216064453e+01 1.149448108673095703e+02
2.779999923706054688e+02 7.608961105346679688e+01 1.150000000000000000e+02
2.794625473022460938e+02 7.548536777496337891e+01 1.145746803283691406e+02
2.787727737426757812e+02 7.560618877410888672e+01 1.140000057220458984e+02
2.792727851867675781e+02 7.541227340698242188e+01 1.140000057220458984e+02
2.785678291320800781e+02 7.552647113800048828e+01 1.134260940551757812e+02
2.779999923706054688e+02 7.585615634918212891e+01 1.140000057220458984e+02
2.769999885559082031e+02 7.610344409942626953e+01 1.140000057220458984e+02
2.779061317443847656e+02 7.559150218963623047e+01 1.130556583404541016e+02
2.775102043151855469e+02 7.550295352935791016e+01 1.124937534332275391e+02
2.769999885559082031e+02 7.578879356384277344e+01 1.130000019073486328e+02
2.781768798828125000e+02 7.540853023529052734e+01 1.127594280242919922e+02
2.789406967163085938e+02 7.525248050689697266e+01 1.130556583404541016e+02
2.779061317443847656e+02 7.520582675933837891e+01 1.120962524414062500e+02
2.769999885559082031e+02 7.531599521636962891e+01 1.118891620635986328e+02
2.779999923706054688e+02 7.470088958740234375e+01 1.111405086517333984e+02
2.790344047546386719e+02 7.476623535156250000e+01 1.119539260864257812e+02
2.793906974792480469e+02 7.445725917816162109e+01 1.115898704528808594e+02
2.787240219116210938e+02 7.458724975585937500e+01 1.113424491882324219e+02
2.797244834899902344e+02 7.461461067199707031e+01 1.122565364837646484e+02
2.800346755981445312e+02 7.431360721588134766e+01 1.119539260864257812e+02
2.800346755981445312e+02 7.474542617797851562e+01 1.129941558837890625e+02
2.803911399841308594e+02 7.444373607635498047e+01 1.126569271087646484e+02
2.800000000000000000e+02 7.507463932037353516e+01 1.140000057220458984e+02
2.806042671203613281e+02 7.456344127655029297e+01 1.133235931396484375e+02
2.807699584960937500e+02 7.466236591339111328e+01 1.140000057220458984e+02
2.809625625610351562e+02 7.422327995300292969e+01 1.129941558837890625e+02
2.810146713256835938e+02 7.378094673156738281e+01 1.120138072967529297e+02
2.812699508666992188e+02 7.435837745666503906e+01 1.140000057220458984e+02
2.806911277770996094e+02 7.362168788909912109e+01 1.112867164611816406e+02
2.800206184387207031e+02 7.381037235260009766e+01 1.109720325469970703e+02
2.810146713256835938e+02 7.322987079620361328e+01 1.109720325469970703e+02
2.803676986694335938e+02 7.342984199523925781e+01 1.106200504302978516e+02
2.809304618835449219e+02 7.270497322082519531e+01 1.100598144531250000e+02
2.805507659912109375e+02 7.253283500671386719e+01 1.094596099853515625e+02
2.815596961975097656e+02 7.254561901092529297e+01 1.104330253601074219e+02
2.812174415588378906e+02 7.231400012969970703e+01 1.097663593292236328e+02
2.800206184387207031e+02 7.320154666900634766e+01 1.100082397460937500e+02
2.791699028015136719e+02 7.337323665618896484e+01 1.096804046630859375e+02
2.800000000000000000e+02 7.267955303192138672e+01 1.092819690704345703e+02
2.797010231018066406e+02 7.360500812530517578e+01 1.103470706939697266e+02
2.789019393920898438e+02 7.370436191558837891e+01 1.100082397460937500e+02
2.779999923706054688e+02 7.399260997772216797e+01 1.100000000000000000e+02
2.785032463073730469e+02 7.350126743316650391e+01 1.094983959197998047e+02
2.790344047546386719e+02 7.427795410156250000e+01 1.110054683685302734e+02
2.779999923706054688e+02 7.442071914672851562e+01 1.106405067443847656e+02
2.774636459350585938e+02 7.449329853057861328e+01 1.105115699768066406e+02
2.770781707763671875e+02 7.478615760803222656e+01 1.109069442749023438e+02
2.770781707763671875e+02 7.424459934234619141e+01 1.100520420074462891e+02
2.759999847412109375e+02 7.425660133361816406e+01 1.098403549194335938e+02
2.769999885559082031e+02 7.368577480316162109e+01 1.092727756500244141e+02
2.767969703674316406e+02 7.455560207366943359e+01 1.104200744628906250e+02
2.759999847412109375e+02 7.461161136627197266e+01 1.103403568267822266e+02
2.750000000000000000e+02 7.464361667633056641e+01 1.102958869934082031e+02
2.759999847412109375e+02 7.500071525573730469e+01 1.110000038146972656e+02
2.759999847412109375e+02 7.538910388946533203e+01 1.117280673980712891e+02
2.750000000000000000e+02 7.506524562835693359e+01 1.110000038146972656e+02
2.739999961853027344e+02 7.503915786743164062e+01 1.110000038146972656e+02
2.750000000000000000e+02 7.542162895202636719e+01 1.116584300994873047e+02
2.750000000000000000e+02 7.566771507263183594e+01 1.121584320068359375e+02
2.739999961853027344e+02 7.541093349456787109e+01 1.116767024993896484e+02
2.729999923706054688e+02 7.537187099456787109e+01 1.117521953582763672e+02
2.739999961853027344e+02 7.566117286682128906e+01 1.121767044067382812e+02
2.729999923706054688e+02 7.562514781951904297e+01 1.122521972656250000e+02
2.739999961853027344e+02 7.601918220520019531e+01 1.130000019073486328e+02
2.729999923706054688e+02 7.595087528228759766e+01 1.130000019073486328e+02
2.739999961853027344e+02 7.635801315307617188e+01 1.139597415924072266e+02
2.750000000000000000e+02 7.602515697479248047e+01 1.130000019073486328e+02
2.750066184997558594e+02 7.638082981109619141e+01 1.140801715850830078e+02
2.759999847412109375e+02 7.594942092895507812e+01 1.130000019073486328e+02
2.759999847412109375e+02 7.563225746154785156e+01 1.122280693054199219e+02
2.759999847412109375e+02 7.627120494842529297e+01 1.140000057220458984e+02
2.759999847412109375e+02 7.645404338836669922e+01 1.146997261047363281e+02
2.759999847412109375e+02 7.657249927520751953e+01 1.151997280120849609e+02
2.769601058959960938e+02 7.636183738708496094e+01 1.150385761260986328e+02
2.753443717956542969e+02 7.649145603179931641e+01 1.145353507995605469e+02
2.750066184997558594e+02 7.660831451416015625e+01 1.149212074279785156e+02
2.746776962280273438e+02 7.651007175445556641e+01 1.144669437408447266e+02
2.750000000000000000e+02 7.682864189147949219e+01 1.160000038146972656e+02
2.739999961853027344e+02 7.666136741638183594e+01 1.150000000000000000e+02
2.730585289001464844e+02 7.660344123840332031e+01 1.149564075469970703e+02
2.739999961853027344e+02 7.651266098022460938e+01 1.144597339630126953e+02
2.739999961853027344e+02 7.688047409057617188e+01 1.160000038146972656e+02
2.739999961853027344e+02 7.702531814575195312e+01 1.169999980926513672e+02
2.729999923706054688e+02 7.683871746063232422e+01 1.160000038146972656e+02
2.719999885559082031e+02 7.671201229095458984e+01 1.160000038146972656e+02
2.729999923706054688e+02 7.699874401092529297e+01 1.169999980926513672e+02
2.729999923706054688e+02 7.711880683898925781e+01 1.180000019073486328e+02
2.719999885559082031e+02 7.687655925750732422e+01 1.169999980926513672e+02
2.709999847412109375e+02 7.671201229095458984e+01 1.169999980926513672e+02
2.719999885559082031e+02 7.700128078460693359e+01 1.180000019073486328e+02
2.709999847412109375e+02 7.683871746063232422e+01 1.180000019073486328e+02
2.719999885559082031e+02 7.706256866455078125e+01 1.190000057220458984e+02
2.719999885559082031e+02 7.703400135040283203e+01 1.200000000000000000e+02
2.729999923706054688e+02 7.716886997222900391e+01 1.190000057220458984e+02
2.709999847412109375e+02 7.690596103668212891e+01 1.190000057220458984e+02
2.700000000000000000e+02 7.667846679687500000e+01 1.190000057220458984e+02
2.709999847412109375e+02 7.688930511474609375e+01 1.200000000000000000e+02
2.709999847412109375e+02 7.680470943450927734e+01 1.210000038146972656e+02
2.700000000000000000e+02 7.666943550109863281e+01 1.200000000000000000e+02
2.694468688964843750e+02 7.651640892028808594e+01 1.200000000000000000e+02
2.699600791931152344e+02 7.659195899963378906e+01 1.209218692779541016e+02
2.694895553588867188e+02 7.650311946868896484e+01 1.205364513397216797e+02
2.702835273742675781e+02 7.655294895172119141e+01 1.219999980926513672e+02
2.696001243591308594e+02 7.647548198699951172e+01 1.212031173706054688e+02
2.690937423706054688e+02 7.635917186737060547e+01 1.209218692779541016e+02
2.697835159301757812e+02 7.643528938293457031e+01 1.219999980926513672e+02
2.700667381286621094e+02 7.635223865509033203e+01 1.229340267181396484e+02
2.689999961853027344e+02 7.623475074768066406e+01 1.219999980926513672e+02
2.679999923706054688e+02 7.591829776763916016e+01 1.219999980926513672e+02
2.689999961853027344e+02 7.609245777130126953e+01 1.230000019073486328e+02
2.679999923706054688e+02 7.579168796539306641e+01 1.230000019073486328e+02
2.689999961853027344e+02 7.589541435241699219e+01 1.240000057220458984e+02
2.679920005798339844e+02 7.561923027038574219e+01 1.239454746246337891e+02
2.689847183227539062e+02 7.564099311828613281e+01 1.250286102294921875e+02
2.700000000000000000e+02 7.610524654388427734e+01 1.240000057220458984e+02
2.700000000000000000e+02 7.584778308868408203e+01 1.250000000000000000e+02
2.709999847412109375e+02 7.625467300415039062e+01 1.240000057220458984e+02
2.709999847412109375e+02 7.644127368927001953e+01 1.232354545593261719e+02
2.719999885559082031e+02 7.633095264434814453e+01 1.240000057220458984e+02
2.719999885559082031e+02 7.648416996002197266e+01 1.234347724914550781e+02
2.729999923706054688e+02 7.633564472198486328e+01 1.240000057220458984e+02
2.729999923706054688e+02 7.649096012115478516e+01 1.234673881530761719e+02
2.739999961853027344e+02 7.627560615539550781e+01 1.240000057220458984e+02
2.739999961853027344e+02 7.595597267150878906e+01 1.250000000000000000e+02
2.750000000000000000e+02 7.580958366394042969e+01 1.250000000000000000e+02
2.729999923706054688e+02 7.662836074829101562e+01 1.229673957824707031e+02
2.719999885559082031e+02 7.661133289337158203e+01 1.229347705841064453e+02
2.709999847412109375e+02 7.655632495880126953e+01 1.227354526519775391e+02
2.719999885559082031e+02 7.679914474487304688e+01 1.219999980926513672e+02
2.709999847412109375e+02 7.668196678161621094e+01 1.219999980926513672e+02
2.719999885559082031e+02 7.693603038787841797e+01 1.210000038146972656e+02
2.704445648193359375e+02 7.651267051696777344e+01 1.225567054748535156e+02
2.683199882507324219e+02 7.555739402770996094e+01 1.247143459320068359e+02
2.676533317565917969e+02 7.545176982879638672e+01 1.242424583435058594e+02
2.674629974365234375e+02 7.551460742950439453e+01 1.235757923126220703e+02
2.673518371582031250e+02 7.555958271026611328e+01 1.230000019073486328e+02
2.670777893066406250e+02 7.529712200164794922e+01 1.239454746246337891e+02
2.668518257141113281e+02 7.536231517791748047e+01 1.230000019073486328e+02
2.659999847412109375e+02 7.483759403228759766e+01 1.240000057220458984e+02
2.653999519348144531e+02 7.455501556396484375e+01 1.240000057220458984e+02
2.659999847412109375e+02 7.500077247619628906e+01 1.230000019073486328e+02
2.659982872009277344e+02 7.464416980743408203e+01 1.249117755889892578e+02
2.654912757873535156e+02 7.450479507446289062e+01 1.245196247100830078e+02
2.650947570800781250e+02 7.419616222381591797e+01 1.249117755889892578e+02
2.648999595642089844e+02 7.428157329559326172e+01 1.240000057220458984e+02
2.642195320129394531e+02 7.367605209350585938e+01 1.250000000000000000e+02
2.639501762390136719e+02 7.372943401336669922e+01 1.239223003387451172e+02
2.637195396423339844e+02 7.336001396179199219e+01 1.250000000000000000e+02
2.643757438659667969e+02 7.357798099517822266e+01 1.257471466064453125e+02
2.640254402160644531e+02 7.326303005218505859e+01 1.260482883453369141e+02
2.645480346679687500e+02 7.347311496734619141e+01 1.264138126373291016e+02
2.632040214538574219e+02 7.272395133972167969e+01 1.260000038146972656e+02
2.629415702819824219e+02 7.280704975128173828e+01 1.249716854095458984e+02
2.627040290832519531e+02 7.233876228332519531e+01 1.260000038146972656e+02
2.633694267272949219e+02 7.259831905364990234e+01 1.267753124237060547e+02
2.630216598510742188e+02 7.222163677215576172e+01 1.270651912689208984e+02
2.623102378845214844e+02 7.166766643524169922e+01 1.269999980926513672e+02
2.621188354492187500e+02 7.183876037597656250e+01 1.260000038146972656e+02
2.618102455139160156e+02 7.120184421539306641e+01 1.269999980926513672e+02
2.624427986145019531e+02 7.155017852783203125e+01 1.276056385040283203e+02
2.620186996459960938e+02 7.098057746887207031e+01 1.279556751251220703e+02
2.615946006774902344e+02 7.040207386016845703e+01 1.283057117462158203e+02
2.614341926574707031e+02 7.056944370269775391e+01 1.276390457153320312e+02
2.626287460327148438e+02 7.139171123504638672e+01 1.282723045349121094e+02
2.622852134704589844e+02 7.070216655731201172e+01 1.290000057220458984e+02
2.617852210998535156e+02 7.020943641662597656e+01 1.290000057220458984e+02
2.624523544311523438e+02 7.054451465606689453e+01 1.295674705505371094e+02
2.629772567749023438e+02 7.125505924224853516e+01 1.290874767303466797e+02
2.620653724670410156e+02 6.993238449096679688e+01 1.298984909057617188e+02
2.616783905029296875e+02 6.930038452148437500e+01 1.302295017242431641e+02
2.614605140686035156e+02 6.954384326934814453e+01 1.295628356933593750e+02
2.612274169921875000e+02 6.898023128509521484e+01 1.299377059936523438e+02
2.613141632080078125e+02 6.970943927764892578e+01 1.290000057220458984e+02
2.607691192626953125e+02 6.900346279144287109e+01 1.290631580352783203e+02
2.610296249389648438e+02 6.995986461639404297e+01 1.279197502136230469e+02
2.606250381469726562e+02 6.933910846710205078e+01 1.282004451751708984e+02
2.604857826232910156e+02 6.951765537261962891e+01 1.275337791442871094e+02
2.608101844787597656e+02 7.013291358947753906e+01 1.269999980926513672e+02
2.603943634033203125e+02 6.963291168212890625e+01 1.269999980926513672e+02
2.606413269042968750e+02 7.033106327056884766e+01 1.260000038146972656e+02
2.613101768493652344e+02 7.070184230804443359e+01 1.269999980926513672e+02
2.611413383483886719e+02 7.088437557220458984e+01 1.260000038146972656e+02
2.609852981567382812e+02 7.101492881774902344e+01 1.250458240509033203e+02
2.616188430786132812e+02 7.138437747955322266e+01 1.260000038146972656e+02
2.615209197998046875e+02 7.147948741912841797e+01 1.254248046875000000e+02
2.619915580749511719e+02 7.200754165649414062e+01 1.250221443176269531e+02
2.614282226562500000e+02 7.157011032104492188e+01 1.247581386566162109e+02
2.618870544433593750e+02 7.215318202972412109e+01 1.240000057220458984e+02
2.625692749023437500e+02 7.244497299194335938e+01 1.252861404418945312e+02
2.624621963500976562e+02 7.253173351287841797e+01 1.246194744110107422e+02
2.623870468139648438e+02 7.259538650512695312e+01 1.240000057220458984e+02
2.622883224487304688e+02 7.267956256866455078e+01 1.230000019073486328e+02
2.630941009521484375e+02 7.314414978027343750e+01 1.239223003387451172e+02
2.634901618957519531e+02 7.350695610046386719e+01 1.235371685028076172e+02
2.635836219787597656e+02 7.344640254974365234e+01 1.242038345336914062e+02
2.629349899291992188e+02 7.317956447601318359e+01 1.230000019073486328e+02
2.628523635864257812e+02 7.324053764343261719e+01 1.219999980926513672e+02
2.634349822998046875e+02 7.354608535766601562e+01 1.230000019073486328e+02
2.633523559570312500e+02 7.360393047332763672e+01 1.219999980926513672e+02
2.639999961853027344e+02 7.390911579132080078e+01 1.230000019073486328e+02
2.639999961853027344e+02 7.402450561523437500e+01 1.219999980926513672e+02
2.647484588623046875e+02 7.436303138732910156e+01 1.230000019073486328e+02
2.646430206298828125e+02 7.442058086395263672e+01 1.219999980926513672e+02
2.652484512329101562e+02 7.463845729827880859e+01 1.230000019073486328e+02
2.651430130004882812e+02 7.469676971435546875e+01 1.219999980926513672e+02
2.650841522216796875e+02 7.473043441772460938e+01 1.210000038146972656e+02
2.659999847412109375e+02 7.511380195617675781e+01 1.219999980926513672e+02
2.659999847412109375e+02 7.517909526824951172e+01 1.210000038146972656e+02
2.667070007324218750e+02 7.541703701019287109e+01 1.219999980926513672e+02
2.666257286071777344e+02 7.544866561889648438e+01 1.210000038146972656e+02
2.672069931030273438e+02 7.561883449554443359e+01 1.219999980926513672e+02
2.671257400512695312e+02 7.565454483032226562e+01 1.210000038146972656e+02
2.679999923706054688e+02 7.599689960479736328e+01 1.210000038146972656e+02
2.670869636535644531e+02 7.567434310913085938e+01 1.200000000000000000e+02
2.665869522094726562e+02 7.546349525451660156e+01 1.200000000000000000e+02
2.671042251586914062e+02 7.567101955413818359e+01 1.190000057220458984e+02
2.679999923706054688e+02 7.604245662689208984e+01 1.200000000000000000e+02
2.679999923706054688e+02 7.603692054748535156e+01 1.190000057220458984e+02
2.689468574523925781e+02 7.636811733245849609e+01 1.200000000000000000e+02
2.689386367797851562e+02 7.636590003967285156e+01 1.190000057220458984e+02
2.690871620178222656e+02 7.635088443756103516e+01 1.180585479736328125e+02
2.694386482238769531e+02 7.651917934417724609e+01 1.190000057220458984e+02
2.694785881042480469e+02 7.650681018829345703e+01 1.184309005737304688e+02
2.699563980102539062e+02 7.660344123840332031e+01 1.180585479736328125e+02
2.695940017700195312e+02 7.647478580474853516e+01 1.177642345428466797e+02
2.702787590026855469e+02 7.655994892120361328e+01 1.169999980926513672e+02
2.704443359375000000e+02 7.651491641998291016e+01 1.164249229431152344e+02
2.697787475585937500e+02 7.642673492431640625e+01 1.169999980926513672e+02
2.689999961853027344e+02 7.620097160339355469e+01 1.169999980926513672e+02
2.700665855407714844e+02 7.634492397308349609e+01 1.160549545288085938e+02
2.689999961853027344e+02 7.603224277496337891e+01 1.160000038146972656e+02
2.700000000000000000e+02 7.609232425689697266e+01 1.150000000000000000e+02
2.707582473754882812e+02 7.645007133483886719e+01 1.157582569122314453e+02
2.710549545288085938e+02 7.634492397308349609e+01 1.150666046142578125e+02
2.710549545288085938e+02 7.656416893005371094e+01 1.160549545288085938e+02
2.714249229431152344e+02 7.651491641998291016e+01 1.154443359375000000e+02
2.719999885559082031e+02 7.655994892120361328e+01 1.152787590026855469e+02
2.719999885559082031e+02 7.642673492431640625e+01 1.147787666320800781e+02
2.719999885559082031e+02 7.619310379028320312e+01 1.140000057220458984e+02
2.727642250061035156e+02 7.647478580474853516e+01 1.145940113067626953e+02
2.730585289001464844e+02 7.634545326232910156e+01 1.140876197814941406e+02
2.734309005737304688e+02 7.650681018829345703e+01 1.144793701171875000e+02
2.709999847412109375e+02 7.602404117584228516e+01 1.140000057220458984e+02
2.719999885559082031e+02 7.583101272583007812e+01 1.130000019073486328e+02
2.719999885559082031e+02 7.556464195251464844e+01 1.123720836639404297e+02
2.710482597351074219e+02 7.565552711486816406e+01 1.129751110076904297e+02
2.701727867126464844e+02 7.558679580688476562e+01 1.132918453216552734e+02
2.714137649536132812e+02 7.551862239837646484e+01 1.124631881713867188e+02
2.707470893859863281e+02 7.544775962829589844e+01 1.126251792907714844e+02
2.699036788940429688e+02 7.538328647613525391e+01 1.129751110076904297e+02
2.710482597351074219e+02 7.524614810943603516e+01 1.120779132843017578e+02
2.700000000000000000e+02 7.495323181152343750e+01 1.119999980926513672e+02
2.709999847412109375e+02 7.472187042236328125e+01 1.111362075805664062e+02
2.719999885559082031e+02 7.531180858612060547e+01 1.118720817565917969e+02
2.719716835021972656e+02 7.477003097534179688e+01 1.109178733825683594e+02
2.716194725036621094e+02 7.448118209838867188e+01 1.105297851562500000e+02
2.722861289978027344e+02 7.453430652618408203e+01 1.104522895812988281e+02
2.729999923706054688e+02 7.495212078094482422e+01 1.110000038146972656e+02
2.729999923706054688e+02 7.458025455474853516e+01 1.103880882263183594e+02
2.729999923706054688e+02 7.421483516693115234e+01 1.098880863189697266e+02
2.739999961853027344e+02 7.462822914123535156e+01 1.103194522857666016e+02
2.739999961853027344e+02 7.426670551300048828e+01 1.098194503784179688e+02
2.739999961853027344e+02 7.376670360565185547e+01 1.091847610473632812e+02
2.750000000000000000e+02 7.428613185882568359e+01 1.097958850860595703e+02
2.750000000000000000e+02 7.378612995147705078e+01 1.091594600677490234e+02
2.750000000000000000e+02 7.336045265197753906e+01 1.086594581604003906e+02
2.759999847412109375e+02 7.375659942626953125e+01 1.091912174224853516e+02
2.759999847412109375e+02 7.333398342132568359e+01 1.086912155151367188e+02
2.759999847412109375e+02 7.283398628234863281e+01 1.081378841400146484e+02
2.769999885559082031e+02 7.326771259307861328e+01 1.087727832794189453e+02
2.769999885559082031e+02 7.276771545410156250e+01 1.082089138031005859e+02
2.779999923706054688e+02 7.315923690795898438e+01 1.089105224609375000e+02
2.779999923706054688e+02 7.265923500061035156e+01 1.083251094818115234e+02
2.779999923706054688e+02 7.357189178466796875e+01 1.094105243682861328e+02
2.789106941223144531e+02 7.296686649322509766e+01 1.090407085418701172e+02
2.793181610107421875e+02 7.242693424224853516e+01 1.085830116271972656e+02
2.786514854431152344e+02 7.256049633026123047e+01 1.084326457977294922e+02
2.789910125732421875e+02 7.199872016906738281e+01 1.080003166198730469e+02
2.800000000000000000e+02 7.175568580627441406e+01 1.082382965087890625e+02
2.779999923706054688e+02 7.217661380767822266e+01 1.078251171112060547e+02
2.793305397033691406e+02 7.142587184906005859e+01 1.075679874420166016e+02
2.786638641357421875e+02 7.157050609588623047e+01 1.074332809448242188e+02
2.779999923706054688e+02 7.167661190032958984e+01 1.073360538482666016e+02
2.789347076416015625e+02 7.097167968750000000e+01 1.070193958282470703e+02
2.779999923706054688e+02 7.110169410705566406e+01 1.068360519409179688e+02
2.792055702209472656e+02 7.035702705383300781e+01 1.066055107116699219e+02
2.785388946533203125e+02 7.051749229431152344e+01 1.064843845367431641e+02
2.800000000000000000e+02 7.074284076690673828e+01 1.072850608825683594e+02
2.800701713562011719e+02 7.001421928405761719e+01 1.067424106597900391e+02
2.800000000000000000e+02 7.124284267425537109e+01 1.077382946014404297e+02
2.805901145935058594e+02 7.056458473205566406e+01 1.074412345886230469e+02
2.809540557861328125e+02 6.998492717742919922e+01 1.072114276885986328e+02
2.809383583068847656e+02 7.095760822296142578e+01 1.080364227294921875e+02
2.812567710876464844e+02 7.030820846557617188e+01 1.076564502716064453e+02
2.806199455261230469e+02 7.158064842224121094e+01 1.084164047241210938e+02
2.812866210937500000e+02 7.135062694549560547e+01 1.086609840393066406e+02
2.817124748229980469e+02 7.068396091461181641e+01 1.083231163024902344e+02
2.820126914978027344e+02 7.001215457916259766e+01 1.079854393005371094e+02
2.820314979553222656e+02 7.102754592895507812e+01 1.089699172973632812e+02
2.823791313171386719e+02 7.038276672363281250e+01 1.086121845245361328e+02
2.816838455200195312e+02 7.164733409881591797e+01 1.093276500701904297e+02
2.823505020141601562e+02 7.137112617492675781e+01 1.096711063385009766e+02
2.827134895324707031e+02 7.070446014404296875e+01 1.092788505554199219e+02
2.830416488647460938e+02 7.004266738891601562e+01 1.089574050903320312e+02
2.827031517028808594e+02 6.971610069274902344e+01 1.083144187927246094e+02
2.833698272705078125e+02 6.933954238891601562e+01 1.086359691619873047e+02
2.829916000366210938e+02 6.898605823516845703e+01 1.080066108703613281e+02
2.839789199829101562e+02 6.896655082702636719e+01 1.090271854400634766e+02
2.843400382995605469e+02 6.800000190734863281e+01 1.086940383911132812e+02
2.836258697509765625e+02 6.867287635803222656e+01 1.083654594421386719e+02
2.837800979614257812e+02 6.791236877441406250e+01 1.080192756652832031e+02
2.835134506225585938e+02 6.752061367034912109e+01 1.074867534637451172e+02
2.832800483703613281e+02 6.818727970123291016e+01 1.076987934112548828e+02
2.842237091064453125e+02 6.709333419799804688e+01 1.079851150512695312e+02
2.843652153015136719e+02 6.620306015014648438e+01 1.076418590545654297e+02
2.836590003967285156e+02 6.700000286102294922e+01 1.073480796813964844e+02
2.844941902160644531e+02 6.748888492584228516e+01 1.085069942474365234e+02
2.846641921997070312e+02 6.682221889495849609e+01 1.083085250854492188e+02
2.847919082641601562e+02 6.592183589935302734e+01 1.079851150512695312e+02
2.850423049926757812e+02 6.707799911499023438e+01 1.089484882354736328e+02
2.853523826599121094e+02 6.600000381469726562e+01 1.086950111389160156e+02
2.847381210327148438e+02 6.800000190734863281e+01 1.091940402984619141e+02
2.854204368591308594e+02 6.733377933502197266e+01 1.096302604675292969e+02
2.855797386169433594e+02 6.666711330413818359e+01 1.093899917602539062e+02
2.857187461853027344e+02 6.600000381469726562e+01 1.091950035095214844e+02
2.862374877929687500e+02 6.600184440612792969e+01 1.100294494628906250e+02
2.858816528320312500e+02 6.505527019500732422e+01 1.089220142364501953e+02
2.854723167419433594e+02 6.542544841766357422e+01 1.085366916656494141e+02
2.855967712402343750e+02 6.475878238677978516e+01 1.083784675598144531e+02
2.862722969055175781e+02 6.408737659454345703e+01 1.090192031860351562e+02
2.864044761657714844e+02 6.500000000000000000e+01 1.096696567535400391e+02
2.866831207275390625e+02 6.500000000000000000e+01 1.101696586608886719e+02
2.864940452575683594e+02 6.447896003723144531e+01 1.095104598999023438e+02
2.868210792541503906e+02 6.408737659454345703e+01 1.099062728881835938e+02
2.872113418579101562e+02 6.291753292083740234e+01 1.100927734375000000e+02
2.865884208679199219e+02 6.381229400634765625e+01 1.093653297424316406e+02
2.873675346374511719e+02 6.409823894500732422e+01 1.109854316711425781e+02
2.874344062805175781e+02 6.319588661193847656e+01 1.106423759460449219e+02
2.875881195068359375e+02 6.383039951324462891e+01 1.113090515136718750e+02
2.874992179870605469e+02 6.449706554412841797e+01 1.115020465850830078e+02
2.876499176025390625e+02 6.291753292083740234e+01 1.109854316711425781e+02
2.878145408630371094e+02 6.200000286102294922e+01 1.110000038146972656e+02
2.875064468383789062e+02 6.252922058105468750e+01 1.104879570007324219e+02
2.880453872680664062e+02 6.300000190734863281e+01 1.119999980926513672e+02
2.882070922851562500e+02 6.200000286102294922e+01 1.119999980926513672e+02
2.884402465820312500e+02 6.200000286102294922e+01 1.126982498168945312e+02
2.883499145507812500e+02 6.098181724548339844e+01 1.120759868621826172e+02
2.883596038818359375e+02 6.000000000000000000e+01 1.119248199462890625e+02
2.879413032531738281e+02 6.100000381469726562e+01 1.110000038146972656e+02
2.884807014465332031e+02 6.130302429199218750e+01 1.125640106201171875e+02
2.885136985778808594e+02 6.063635826110839844e+01 1.124599838256835938e+02
2.885253715515136719e+02 6.000000000000000000e+01 1.124248218536376953e+02
2.885174369812011719e+02 5.900000095367431641e+01 1.124475097656250000e+02
2.885031127929687500e+02 5.847200870513916016e+01 1.124902343750000000e+02
2.883578109741210938e+02 5.900000095367431641e+01 1.119475173950195312e+02
2.880088996887207031e+02 5.900000095367431641e+01 1.110000038146972656e+02
2.883383178710937500e+02 5.808320522308349609e+01 1.120941448211669922e+02
2.881626319885253906e+02 5.700000286102294922e+01 1.119999980926513672e+02
2.879374313354492188e+02 5.800000190734863281e+01 1.110000038146972656e+02
2.884670639038085938e+02 5.780533790588378906e+01 1.126282310485839844e+02
2.884242630004882812e+02 5.691847801208496094e+01 1.129769325256347656e+02
2.885892295837402344e+02 5.808320522308349609e+01 1.129769325256347656e+02
2.885533905029296875e+02 5.719746112823486328e+01 1.132948970794677734e+02
2.886246299743652344e+02 5.691847801208496094e+01 1.139204311370849609e+02
2.884946441650390625e+02 5.653079509735107422e+01 1.135340499877929688e+02
2.885479164123535156e+02 5.632075786590576172e+01 1.142007160186767578e+02
2.887915039062500000e+02 5.700000286102294922e+01 1.150000000000000000e+02
2.886017990112304688e+02 5.612458705902099609e+01 1.150000000000000000e+02
2.884671211242675781e+02 5.562458992004394531e+01 1.150000000000000000e+02
2.886336326599121094e+02 5.590721607208251953e+01 1.159286212921142578e+02
2.885201263427734375e+02 5.543818950653076172e+01 1.162143611907958984e+02
2.884967231750488281e+02 5.551202774047851562e+01 1.155476951599121094e+02
2.883814048767089844e+02 5.506291389465332031e+01 1.159286212921142578e+02
2.882767868041992188e+02 5.500000000000000000e+01 1.150000000000000000e+02
2.880087661743164062e+02 5.400000095367431641e+01 1.160000038146972656e+02
2.879209327697753906e+02 5.400000095367431641e+01 1.150000000000000000e+02
2.876545524597167969e+02 5.316460609436035156e+01 1.160000038146972656e+02
2.874245262145996094e+02 5.266460418701171875e+01 1.160000038146972656e+02
2.876112747192382812e+02 5.325994968414306641e+01 1.150000000000000000e+02
2.873794937133789062e+02 5.275994777679443359e+01 1.150000000000000000e+02
2.875551033020019531e+02 5.338314056396484375e+01 1.141674900054931641e+02
2.873434257507324219e+02 5.302988529205322266e+01 1.139004898071289062e+02
2.877267456054687500e+02 5.390019893646240234e+01 1.139004898071289062e+02
2.874998664855957031e+02 5.350033283233642578e+01 1.135008239746093750e+02
2.876432991027832031e+02 5.414680004119873047e+01 1.130000019073486328e+02
2.881437683105468750e+02 5.500000000000000000e+01 1.140000057220458984e+02
2.879489707946777344e+02 5.500000000000000000e+01 1.130000019073486328e+02
2.884181213378906250e+02 5.599245548248291016e+01 1.139204311370849609e+02
2.882356643676757812e+02 5.600000381469726562e+01 1.130000019073486328e+02
2.879573440551757812e+02 5.600000381469726562e+01 1.119999980926513672e+02
2.876679229736328125e+02 5.499570369720458984e+01 1.119984626770019531e+02
2.876497459411621094e+02 5.600000381469726562e+01 1.111558341979980469e+02
2.874319267272949219e+02 5.600000381469726562e+01 1.106558322906494141e+02
2.875591278076171875e+02 5.532617568969726562e+01 1.113645458221435547e+02
2.877371025085449219e+02 5.691423892974853516e+01 1.109059429168701172e+02
2.875574302673339844e+02 5.719039440155029297e+01 1.103907299041748047e+02
2.874956321716308594e+02 5.652372837066650391e+01 1.105099010467529297e+02
2.873177719116210938e+02 5.691423892974853516e+01 1.100344371795654297e+02
2.867754936218261719e+02 5.700000286102294922e+01 1.090867328643798828e+02
2.873522949218750000e+02 5.800000190734863281e+01 1.097799015045166016e+02
2.870973014831542969e+02 5.600000381469726562e+01 1.100000000000000000e+02
2.866653823852539062e+02 5.600000381469726562e+01 1.092545509338378906e+02
2.867685890197753906e+02 5.498606204986572266e+01 1.099544239044189453e+02
2.864484977722167969e+02 5.464343547821044922e+01 1.095907020568847656e+02
2.866328048706054688e+02 5.418911933898925781e+01 1.102573776245117188e+02
2.865678977966308594e+02 5.531010150909423828e+01 1.093995285034179688e+02
2.872955322265625000e+02 5.499570369720458984e+01 1.110187244415283203e+02
2.874461364746093750e+02 5.465950965881347656e+01 1.116640949249267578e+02
2.868340301513671875e+02 5.391347408294677734e+01 1.109123420715332031e+02
2.864902877807617188e+02 5.352245330810546875e+01 1.105205631256103516e+02
2.866444206237792969e+02 5.321312904357910156e+01 1.111872291564941406e+02
2.873072433471679688e+02 5.401724338531494141e+01 1.119984626770019531e+02
2.867943954467773438e+02 5.292787551879882812e+01 1.119410800933837891e+02
2.875559806823730469e+02 5.436206817626953125e+01 1.123307704925537109e+02
2.874410247802734375e+02 5.364679813385009766e+01 1.130000019073486328e+02
2.871398735046386719e+02 5.300000190734863281e+01 1.130000019073486328e+02
2.866988372802734375e+02 5.214375972747802734e+01 1.130000019073486328e+02
2.864158439636230469e+02 5.164375782012939453e+01 1.130000019073486328e+02
2.865913772583007812e+02 5.234086990356445312e+01 1.122351360321044922e+02
2.867790222167968750e+02 5.191048622131347656e+01 1.139287567138671875e+02
2.864900970458984375e+02 5.151747703552246094e+01 1.135479354858398438e+02
2.865592002868652344e+02 5.140971183776855469e+01 1.142146015167236328e+02
2.870077705383300781e+02 5.200000286102294922e+01 1.150000000000000000e+02
2.866282463073730469e+02 5.130271434783935547e+01 1.150000000000000000e+02
2.871097564697265625e+02 5.200000286102294922e+01 1.160000038146972656e+02
2.866852188110351562e+02 5.121266365051269531e+01 1.160000038146972656e+02
2.871522903442382812e+02 5.200000286102294922e+01 1.169999980926513672e+02
2.867092132568359375e+02 5.117372035980224609e+01 1.169999980926513672e+02
2.871410942077636719e+02 5.200000286102294922e+01 1.180000019073486328e+02
2.874430656433105469e+02 5.262416362762451172e+01 1.169999980926513672e+02
2.867041587829589844e+02 5.118015766143798828e+01 1.180000019073486328e+02
2.870714569091796875e+02 5.200000286102294922e+01 1.190000057220458984e+02
2.866671752929687500e+02 5.123649597167968750e+01 1.190000057220458984e+02
2.869444084167480469e+02 5.200000286102294922e+01 1.200000000000000000e+02
2.865989303588867188e+02 5.134371280670166016e+01 1.200000000000000000e+02
2.867283248901367188e+02 5.194325447082519531e+01 1.209975719451904297e+02
2.866372108459472656e+02 5.224193572998046875e+01 1.219999980926513672e+02
2.864614105224609375e+02 5.157208919525146484e+01 1.213292884826660156e+02
2.865374374389648438e+02 5.144118785858154297e+01 1.206626224517822266e+02
2.862149429321289062e+02 5.106471061706542969e+01 1.209975719451904297e+02
2.856726074218750000e+02 5.027389049530029297e+01 1.210000038146972656e+02
2.862758445739746094e+02 5.084371566772460938e+01 1.200000000000000000e+02
2.858398246765136719e+02 5.092547893524169922e+01 1.220434093475341797e+02
2.857066535949707031e+02 5.119211673736572266e+01 1.230000019073486328e+02
2.863677787780761719e+02 5.174193859100341797e+01 1.219999980926513672e+02
2.854701423645019531e+02 5.054246902465820312e+01 1.224056720733642578e+02
2.855760192871093750e+02 5.039953708648681641e+01 1.217390060424804688e+02
2.851915740966796875e+02 5.003972530364990234e+01 1.220434093475341797e+02
2.846368598937988281e+02 4.935028553009033203e+01 1.219999980926513672e+02
2.852798461914062500e+02 4.977388858795166016e+01 1.210000038146972656e+02
2.848141098022460938e+02 4.996322154998779297e+01 1.229558181762695312e+02
2.844090652465820312e+02 4.960536956787109375e+01 1.232596969604492188e+02
2.845355796813964844e+02 4.946094036102294922e+01 1.225930309295654297e+02
2.846710968017578125e+02 5.028851985931396484e+01 1.240000057220458984e+02
2.853659629821777344e+02 5.069211483001708984e+01 1.230000019073486328e+02
2.852027702331542969e+02 5.102821350097656250e+01 1.240168666839599609e+02
2.847647857666015625e+02 5.099866867065429688e+01 1.249520874023437500e+02
2.854431533813476562e+02 5.159564495086669922e+01 1.243614482879638672e+02
2.855799102783203125e+02 5.138035774230957031e+01 1.236947727203369141e+02
2.857902145385742188e+02 5.195738792419433594e+01 1.240168666839599609e+02
2.862249565124511719e+02 5.205029964447021484e+01 1.229797363281250000e+02
2.856377029418945312e+02 5.226231575012207031e+01 1.248042678833007812e+02
2.863193511962890625e+02 5.298654556274414062e+01 1.240393352508544922e+02
2.864327239990234375e+02 5.264423847198486328e+01 1.232995510101318359e+02
2.858502197265625000e+02 5.291593074798583984e+01 1.250825595855712891e+02
2.864617919921875000e+02 5.359230041503906250e+01 1.243988895416259766e+02
2.865879821777343750e+02 5.331090450286865234e+01 1.237322235107421875e+02
2.866995048522949219e+02 5.298654556274414062e+01 1.229797363281250000e+02
2.867446517944335938e+02 5.395537853240966797e+01 1.240393352508544922e+02
2.865453720092773438e+02 5.241716384887695312e+01 1.226328849792480469e+02
2.854867362976074219e+02 5.252655506134033203e+01 1.254709339141845703e+02
2.853306198120117188e+02 5.195738792419433594e+01 1.250825595855712891e+02
2.843774604797363281e+02 5.066444396972656250e+01 1.252534866333007812e+02
2.845436668395996094e+02 5.044598579406738281e+01 1.245868206024169922e+02
2.846211433410644531e+02 5.133111000061035156e+01 1.257175159454345703e+02
2.839860725402832031e+02 5.001707553863525391e+01 1.249665451049804688e+02
2.835946846008300781e+02 4.940188407897949219e+01 1.246796035766601562e+02
2.842528152465820312e+02 4.978851795196533203e+01 1.240000057220458984e+02
2.834176063537597656e+02 4.958816528320312500e+01 1.253462696075439453e+02
2.829998207092285156e+02 4.899717330932617188e+01 1.249962711334228516e+02
2.825820350646972656e+02 4.842948436737060547e+01 1.246462726593017578e+02
2.832409477233886719e+02 4.874146461486816406e+01 1.240000057220458984e+02
2.823912620544433594e+02 4.859245777130126953e+01 1.253129386901855469e+02
2.820347595214843750e+02 4.815622329711914062e+01 1.249877643585205078e+02
2.813194084167480469e+02 4.762316703796386719e+01 1.250000000000000000e+02
2.819978713989257812e+02 4.774038314819335938e+01 1.240853214263916016e+02
2.816694450378417969e+02 4.836528778076171875e+01 1.260000038146972656e+02
2.823573684692382812e+02 4.760753631591796875e+01 1.230000019073486328e+02
2.814858055114746094e+02 4.750940799713134766e+01 1.244755268096923828e+02
2.827409362792968750e+02 4.829342365264892578e+01 1.240000057220458984e+02
2.816631126403808594e+02 4.738225460052490234e+01 1.238088607788085938e+02
2.810914802551269531e+02 4.711395263671875000e+01 1.240853214263916016e+02
2.818573760986328125e+02 4.724294662475585938e+01 1.230000019073486328e+02
2.809904289245605469e+02 4.670145034790039062e+01 1.230762863159179688e+02
2.820880126953125000e+02 4.713071346282958984e+01 1.220690345764160156e+02
2.813309097290039062e+02 4.659968376159667969e+01 1.219999980926513672e+02
2.819363212585449219e+02 4.677484512329101562e+01 1.210227012634277344e+02
2.824800300598144531e+02 4.751497268676757812e+01 1.224483871459960938e+02
2.826042747497558594e+02 4.741827964782714844e+01 1.217817115783691406e+02
2.827241516113281250e+02 4.732512950897216797e+01 1.210000038146972656e+02
2.829625701904296875e+02 4.779826164245605469e+01 1.220690345764160156e+02
2.832241630554199219e+02 4.772609710693359375e+01 1.210000038146972656e+02
2.830435371398925781e+02 4.816214561462402344e+01 1.229631423950195312e+02
2.836520385742187500e+02 4.836159706115722656e+01 1.219999980926513672e+02
2.838052749633789062e+02 4.822609901428222656e+01 1.210000038146972656e+02
2.835430526733398438e+02 4.846019744873046875e+01 1.226052379608154297e+02
2.841520500183105469e+02 4.885028362274169922e+01 1.219999980926513672e+02
2.843052673339843750e+02 4.869328975677490234e+01 1.210000038146972656e+02
2.839760589599609375e+02 4.902383804321289062e+01 1.229324722290039062e+02
2.837528228759765625e+02 4.924146652221679688e+01 1.240000057220458984e+02
2.834058952331542969e+02 4.858673572540283203e+01 1.232719039916992188e+02
2.844234657287597656e+02 4.857551574707031250e+01 1.200000000000000000e+02
2.847798347473144531e+02 4.919328689575195312e+01 1.210000038146972656e+02
2.848866081237792969e+02 4.907551765441894531e+01 1.200000000000000000e+02
2.848817825317382812e+02 4.890944480895996094e+01 1.190208053588867188e+02
2.853866004943847656e+02 4.963994026184082031e+01 1.200000000000000000e+02
2.854589462280273438e+02 4.955048561096191406e+01 1.190000057220458984e+02
2.857758522033691406e+02 5.013994216918945312e+01 1.200000000000000000e+02
2.858455085754394531e+02 5.005048751831054688e+01 1.190000057220458984e+02
2.858812904357910156e+02 5.001072883605957031e+01 1.180000019073486328e+02
2.863455200195312500e+02 5.073649406433105469e+01 1.190000057220458984e+02
2.863813018798828125e+02 5.068016052246093750e+01 1.180000019073486328e+02
2.863848686218261719e+02 5.067371845245361328e+01 1.169999980926513672e+02
2.863582801818847656e+02 5.071266174316406250e+01 1.160000038146972656e+02
2.858848571777343750e+02 5.001057147979736328e+01 1.169999980926513672e+02
2.854911422729492188e+02 4.951057434082031250e+01 1.169999980926513672e+02
2.858582687377929688e+02 5.004332542419433594e+01 1.160000038146972656e+02
2.854636192321777344e+02 4.954332351684570312e+01 1.160000038146972656e+02
2.857964515686035156e+02 5.012211799621582031e+01 1.150000000000000000e+02
2.853973579406738281e+02 4.962211608886718750e+01 1.150000000000000000e+02
2.856980133056640625e+02 5.024930477142333984e+01 1.140000057220458984e+02
2.862964630126953125e+02 5.080271720886230469e+01 1.150000000000000000e+02
2.862524795532226562e+02 5.104582786560058594e+01 1.139287567138671875e+02
2.858894729614257812e+02 5.090549468994140625e+01 1.129134750366210938e+02
2.855946731567382812e+02 5.038117885589599609e+01 1.131891155242919922e+02
2.857546424865722656e+02 5.114437580108642578e+01 1.119999980926513672e+02
2.854931640625000000e+02 5.050915718078613281e+01 1.125224494934082031e+02
2.853916931152343750e+02 5.064437389373779297e+01 1.119999980926513672e+02
2.852114295959472656e+02 5.002870559692382812e+01 1.129134750366210938e+02
2.848381996154785156e+02 4.996522903442382812e+01 1.120421695709228516e+02
2.846444129943847656e+02 4.934731960296630859e+01 1.130000019073486328e+02
2.852890205383300781e+02 4.974930286407470703e+01 1.140000057220458984e+02
2.847890281677246094e+02 4.919162750244140625e+01 1.140000057220458984e+02
2.848973655700683594e+02 4.907345771789550781e+01 1.150000000000000000e+02
2.843019104003906250e+02 4.869163036346435547e+01 1.140000057220458984e+02
2.841386795043945312e+02 4.884732246398925781e+01 1.130000019073486328e+02
2.844239997863769531e+02 4.857346057891845703e+01 1.150000000000000000e+02
2.838018989562988281e+02 4.823519706726074219e+01 1.140000057220458984e+02
2.832037925720214844e+02 4.773519515991210938e+01 1.140000057220458984e+02
2.836386680603027344e+02 4.837733745574951172e+01 1.130000019073486328e+02
2.839239883422851562e+02 4.813221454620361328e+01 1.150000000000000000e+02
2.840902709960937500e+02 4.814277648925781250e+01 1.159901523590087891e+02
2.833336639404296875e+02 4.763221263885498047e+01 1.150000000000000000e+02
2.828336715698242188e+02 4.724695682525634766e+01 1.150000000000000000e+02
2.834147071838378906e+02 4.756769180297851562e+01 1.160000038146972656e+02
2.829146957397460938e+02 4.718422889709472656e+01 1.160000038146972656e+02
2.834524917602539062e+02 4.753801345825195312e+01 1.169999980926513672e+02
2.829524993896484375e+02 4.715067386627197266e+01 1.169999980926513672e+02
2.834592247009277344e+02 4.753280639648437500e+01 1.180000019073486328e+02
2.839999961853027344e+02 4.799994468688964844e+01 1.169999980926513672e+02
2.839999961853027344e+02 4.799110412597656250e+01 1.180000019073486328e+02
2.845395851135253906e+02 4.846193313598632812e+01 1.169999980926513672e+02
2.845197677612304688e+02 4.848104000091552734e+01 1.163169097900390625e+02
2.845430374145507812e+02 4.845829963684082031e+01 1.180000019073486328e+02
2.850307273864746094e+02 4.900000095367431641e+01 1.169999980926513672e+02
2.848827552795410156e+02 4.890936851501464844e+01 1.159901523590087891e+02
2.850342559814453125e+02 4.900000095367431641e+01 1.180000019073486328e+02
2.854912185668945312e+02 4.951072692871093750e+01 1.180000019073486328e+02
2.844837760925292969e+02 4.851561069488525391e+01 1.156502437591552734e+02
2.845243835449218750e+02 4.847619056701660156e+01 1.187013435363769531e+02
2.840903472900390625e+02 4.813271999359130859e+01 1.190208053588867188e+02
2.834270477294921875e+02 4.755875587463378906e+01 1.190000057220458984e+02
2.839234733581542969e+02 4.812563419342041016e+01 1.200000000000000000e+02
2.844839286804199219e+02 4.851573944091796875e+01 1.193680191040039062e+02
2.833450889587402344e+02 4.762563228607177734e+01 1.200000000000000000e+02
2.828450775146484375e+02 4.723293781280517578e+01 1.200000000000000000e+02
2.829270553588867188e+02 4.717080593109130859e+01 1.190000057220458984e+02
2.821476364135742188e+02 4.673293590545654297e+01 1.200000000000000000e+02
2.822365760803222656e+02 4.667080402374267578e+01 1.190000057220458984e+02
2.816476440429687500e+02 4.640450954437255859e+01 1.200000000000000000e+02
2.809999847412109375e+02 4.604681968688964844e+01 1.200000000000000000e+02
2.817365837097167969e+02 4.634915351867675781e+01 1.190000057220458984e+02
2.815605545043945312e+02 4.646029472351074219e+01 1.207044982910156250e+02
2.810742950439453125e+02 4.624676227569580078e+01 1.210227012634277344e+02
2.808308982849121094e+02 4.631131172180175781e+01 1.219999980926513672e+02
2.814571571350097656e+02 4.652457237243652344e+01 1.213711643218994141e+02
2.799617958068847656e+02 4.567350864410400391e+01 1.210824775695800781e+02
2.802137756347656250e+02 4.564231395721435547e+01 1.200000000000000000e+02
2.794889259338378906e+02 4.550486564636230469e+01 1.214707851409912109e+02
2.796030044555664062e+02 4.544868469238281250e+01 1.208041191101074219e+02
2.800000000000000000e+02 4.587069511413574219e+01 1.219999980926513672e+02
2.793685340881347656e+02 4.555938720703125000e+01 1.219999980926513672e+02
2.800870513916015625e+02 4.619090080261230469e+01 1.230762863159179688e+02
2.798112297058105469e+02 4.633075714111328125e+01 1.240000057220458984e+02
2.804784202575683594e+02 4.651182174682617188e+01 1.234604835510253906e+02
2.806507110595703125e+02 4.641170501708984375e+01 1.227938175201416016e+02
2.790014648437500000e+02 4.565139293670654297e+01 1.230718421936035156e+02
2.786691093444824219e+02 4.542313098907470703e+01 1.227864074707031250e+02
2.784698295593261719e+02 4.551252365112304688e+01 1.234530735015869141e+02
2.789999961853027344e+02 4.592725276947021484e+01 1.240000057220458984e+02
2.782724761962890625e+02 4.559649944305419922e+01 1.240000057220458984e+02
2.790226364135742188e+02 4.627265453338623047e+01 1.249931907653808594e+02
2.779360771179199219e+02 4.575719356536865234e+01 1.249468994140625000e+02
2.787043952941894531e+02 4.639609336853027344e+01 1.257462882995605469e+02
2.793710517883300781e+02 4.656607627868652344e+01 1.253219890594482422e+02
2.796032142639160156e+02 4.644219398498535156e+01 1.246553230285644531e+02
2.799619293212890625e+02 4.677459716796875000e+01 1.249931907653808594e+02
2.803112220764160156e+02 4.660575389862060547e+01 1.240000057220458984e+02
2.808194160461425781e+02 4.729368686676025391e+01 1.250000000000000000e+02
2.806067276000976562e+02 4.742907047271728516e+01 1.256472206115722656e+02
2.780528831481933594e+02 4.621650218963623047e+01 1.260477733612060547e+02
2.769562721252441406e+02 4.573714256286621094e+01 1.259500598907470703e+02
2.765937805175781250e+02 4.546698570251464844e+01 1.255834388732910156e+02
2.772604560852050781e+02 4.558308601379394531e+01 1.252448272705078125e+02
2.761854743957519531e+02 4.559716224670410156e+01 1.262501049041748047e+02
2.759112739562988281e+02 4.539670467376708984e+01 1.259500598907470703e+02
2.759999847412109375e+02 4.509595394134521484e+01 1.250000000000000000e+02
2.755187988281250000e+02 4.549405097961425781e+01 1.265137195587158203e+02
2.750000000000000000e+02 4.516812801361083984e+01 1.260000038146972656e+02
2.739999961853027344e+02 4.496047019958496094e+01 1.260000038146972656e+02
2.750000000000000000e+02 4.483296871185302734e+01 1.250000000000000000e+02
2.750000000000000000e+02 4.542706966400146484e+01 1.266706752777099609e+02
2.750000000000000000e+02 4.564010143280029297e+01 1.271706771850585938e+02
2.739410781860351562e+02 4.534694194793701172e+01 1.270283126831054688e+02
2.729999923706054688e+02 4.519886970520019531e+01 1.269999980926513672e+02
2.735684776306152344e+02 4.548658370971679688e+01 1.275284957885742188e+02
2.742351341247558594e+02 4.555079460144042969e+01 1.273805141448974609e+02
2.739410781860351562e+02 4.574375152587890625e+01 1.279170989990234375e+02
2.729999923706054688e+02 4.567785263061523438e+01 1.281098937988281250e+02
2.729999923706054688e+02 4.545066356658935547e+01 1.276099014282226562e+02
2.729999923706054688e+02 4.612121582031250000e+01 1.290000057220458984e+02
2.719999885559082031e+02 4.562254905700683594e+01 1.282172966003417969e+02
2.709999847412109375e+02 4.560379028320312500e+01 1.282508468627929688e+02
2.719999885559082031e+02 4.540611267089843750e+01 1.277172946929931641e+02
2.719999885559082031e+02 4.599540710449218750e+01 1.290000057220458984e+02
2.709999847412109375e+02 4.594867229461669922e+01 1.290000057220458984e+02
2.700000000000000000e+02 4.598475456237792969e+01 1.290000057220458984e+02
2.700000000000000000e+02 4.562493801116943359e+01 1.281913566589355469e+02
2.689999961853027344e+02 4.611476421356201172e+01 1.290000057220458984e+02
2.689874076843261719e+02 4.567009925842285156e+01 1.279554271697998047e+02
2.680599594116210938e+02 4.633451938629150391e+01 1.290028190612792969e+02
2.677665901184082031e+02 4.657710075378417969e+01 1.293380260467529297e+02
2.684332656860351562e+02 4.648045063018798828e+01 1.295340919494628906e+02
2.673056793212890625e+02 4.641871929168701172e+01 1.286713600158691406e+02
2.679999923706054688e+02 4.592204093933105469e+01 1.280000019073486328e+02
2.679228401184082031e+02 4.559815883636474609e+01 1.270506858825683594e+02
2.669834136962890625e+02 4.627843856811523438e+01 1.280144500732421875e+02
2.663514518737792969e+02 4.642161369323730469e+01 1.276907444000244141e+02
2.669999885559082031e+02 4.589797973632812500e+01 1.269999980926513672e+02
2.666390037536621094e+02 4.655859947204589844e+01 1.283574104309082031e+02
2.660108757019042969e+02 4.673854351043701172e+01 1.280144500732421875e+02
2.669834136962890625e+02 4.671257019042968750e+01 1.290028190612792969e+02
2.659774971008300781e+02 4.721036434173583984e+01 1.290118980407714844e+02
2.656291580200195312e+02 4.757448196411132812e+01 1.293531608581542969e+02
2.662958145141601562e+02 4.738525390625000000e+01 1.296896553039550781e+02
2.653614425659179688e+02 4.740675449371337891e+01 1.286864948272705078e+02
2.650168609619140625e+02 4.729824542999267578e+01 1.279116630554199219e+02
2.650168609619140625e+02 4.781386375427246094e+01 1.290118980407714844e+02
2.646947860717773438e+02 4.763679027557373047e+01 1.281861019134521484e+02
2.643041801452636719e+02 4.833646774291992188e+01 1.290000057220458984e+02
2.650587272644042969e+02 4.830243587493896484e+01 1.299200439453125000e+02
2.644739913940429688e+02 4.847849845886230469e+01 1.295334053039550781e+02
2.638041877746582031e+02 4.876733779907226562e+01 1.290000057220458984e+02
2.640436363220214844e+02 4.803531646728515625e+01 1.279145526885986328e+02
2.644890403747558594e+02 4.749143600463867188e+01 1.275194358825683594e+02
2.638644218444824219e+02 4.780378341674804688e+01 1.269999980926513672e+02
2.634298515319824219e+02 4.843383789062500000e+01 1.276430130004882812e+02
2.635982513427734375e+02 4.858750343322753906e+01 1.283096790313720703e+02
2.630089759826660156e+02 4.901188850402832031e+01 1.279710960388183594e+02
2.625881195068359375e+02 4.959967136383056641e+01 1.282991886138916016e+02
2.632675361633300781e+02 4.926733970642089844e+01 1.290000057220458984e+02
2.624431991577148438e+02 4.943627834320068359e+01 1.276325225830078125e+02
2.627948188781738281e+02 4.880527496337890625e+01 1.269999980926513672e+02
2.632948112487792969e+02 4.830378532409667969e+01 1.269999980926513672e+02
2.623296928405761719e+02 4.930527687072753906e+01 1.269999980926513672e+02
2.626195526123046875e+02 4.862676143646240234e+01 1.260000038146972656e+02
2.631195449829101562e+02 4.813227653503417969e+01 1.260000038146972656e+02
2.621774291992187500e+02 4.912676334381103516e+01 1.260000038146972656e+02
2.625295066833496094e+02 4.853159427642822266e+01 1.253811550140380859e+02
2.629888534545898438e+02 4.799079418182373047e+01 1.250314903259277344e+02
2.620099639892578125e+02 4.901477813720703125e+01 1.249440860748291016e+02
2.618774223327636719e+02 4.894655704498291016e+01 1.240000057220458984e+02
2.615735435485839844e+02 4.959537029266357422e+01 1.251736736297607422e+02
2.614983749389648438e+02 4.949796199798583984e+01 1.245070075988769531e+02
2.624464035034179688e+02 4.844309806823730469e+01 1.247144889831542969e+02
2.623774147033691406e+02 4.836985111236572266e+01 1.240000057220458984e+02
2.623048591613769531e+02 4.829321861267089844e+01 1.230000019073486328e+02
2.628761100769042969e+02 4.786985397338867188e+01 1.240000057220458984e+02
2.627970504760742188e+02 4.779321670532226562e+01 1.230000019073486328e+02
2.633761024475097656e+02 4.738551616668701172e+01 1.240000057220458984e+02
2.632970428466796875e+02 4.731130599975585938e+01 1.230000019073486328e+02
2.634482002258300781e+02 4.745227336883544922e+01 1.246818256378173828e+02
2.640746498107910156e+02 4.682211875915527344e+01 1.240137577056884766e+02
2.644577407836914062e+02 4.646910190582275391e+01 1.236895942687988281e+02
2.638957214355468750e+02 4.681130409240722656e+01 1.230000019073486328e+02
2.639269065856933594e+02 4.714594841003417969e+01 1.250090980529785156e+02
2.645348358154296875e+02 4.652284145355224609e+01 1.243562602996826172e+02
2.649209022521972656e+02 4.622531414031982422e+01 1.240137577056884766e+02
2.646423339843750000e+02 4.659323215484619141e+01 1.250000000000000000e+02
2.651423263549804688e+02 4.627568721771240234e+01 1.250000000000000000e+02
2.648444175720214844e+02 4.672554969787597656e+01 1.260000038146972656e+02
2.641562652587890625e+02 4.722554683685302734e+01 1.260000038146972656e+02
2.653444290161132812e+02 4.640208721160888672e+01 1.260000038146972656e+02
2.650825691223144531e+02 4.687375068664550781e+01 1.269309234619140625e+02
2.656847953796386719e+02 4.659888744354248047e+01 1.272182083129882812e+02
2.643644142150878906e+02 4.739302158355712891e+01 1.269999980926513672e+02
2.654709434509277344e+02 4.648154258728027344e+01 1.265515422821044922e+02
2.660108757019042969e+02 4.632629394531250000e+01 1.269309234619140625e+02
2.659999847412109375e+02 4.604677200317382812e+01 1.260000038146972656e+02
2.660723686218261719e+02 4.575189590454101562e+01 1.249610805511474609e+02
2.669805526733398438e+02 4.562252521514892578e+01 1.260743236541748047e+02
2.673009109497070312e+02 4.542263984680175781e+01 1.257905387878417969e+02
2.666342544555664062e+02 4.555224418640136719e+01 1.252684688568115234e+02
2.675380516052246094e+02 4.551129341125488281e+01 1.264572048187255859e+02
2.679228401184082031e+02 4.529589653015136719e+01 1.260743236541748047e+02
2.682047271728515625e+02 4.541215896606445312e+01 1.267511367797851562e+02
2.689999961853027344e+02 4.500138759613037109e+01 1.260000038146972656e+02
2.679999923706054688e+02 4.500611782073974609e+01 1.250000000000000000e+02
2.669805526733398438e+02 4.534744262695312500e+01 1.249610805511474609e+02
2.679999923706054688e+02 4.480587005615234375e+01 1.240000057220458984e+02
2.689999961853027344e+02 4.474803447723388672e+01 1.250000000000000000e+02
2.689581489562988281e+02 4.456467151641845703e+01 1.240871334075927734e+02
2.699191856384277344e+02 4.458554744720458984e+01 1.249839305877685547e+02
2.701986503601074219e+02 4.446245193481445312e+01 1.246398830413818359e+02
2.695319747924804688e+02 4.450389862060546875e+01 1.244785499572753906e+02
2.700000000000000000e+02 4.484517097473144531e+01 1.260000038146972656e+02
2.709999847412109375e+02 4.456172943115234375e+01 1.252707862854003906e+02
2.709999847412109375e+02 4.442459106445312500e+01 1.247707939147949219e+02
2.709999847412109375e+02 4.477017402648925781e+01 1.260000038146972656e+02
2.719999885559082031e+02 4.455101966857910156e+01 1.253216457366943359e+02
2.719999885559082031e+02 4.440681457519531250e+01 1.248216438293457031e+02
2.719999885559082031e+02 4.476188182830810547e+01 1.260000038146972656e+02
2.729999923706054688e+02 4.457816123962402344e+01 1.252312278747558594e+02
2.729999923706054688e+02 4.443162918090820312e+01 1.247312355041503906e+02
2.729999923706054688e+02 4.482636451721191406e+01 1.260000038146972656e+02
2.740106582641601562e+02 4.462758064270019531e+01 1.249603748321533203e+02
2.736844253540039062e+02 4.447008609771728516e+01 1.246006202697753906e+02
2.743511009216308594e+02 4.452365875244140625e+01 1.244064807891845703e+02
2.750720214843750000e+02 4.457944869995117188e+01 1.240438938140869141e+02
2.740106582641601562e+02 4.437984943389892578e+01 1.240438938140869141e+02
2.729999923706054688e+02 4.424915313720703125e+01 1.240000057220458984e+02
2.739999961853027344e+02 4.415200233459472656e+01 1.230000019073486328e+02
2.747867012023925781e+02 4.443857192993164062e+01 1.237398147583007812e+02
2.750720214843750000e+02 4.435185909271240234e+01 1.230717372894287109e+02
2.750000000000000000e+02 4.415021896362304688e+01 1.219999980926513672e+02
2.754533767700195312e+02 4.450986862182617188e+01 1.234528923034667969e+02
2.757342529296875000e+02 4.443929672241210938e+01 1.227862262725830078e+02
2.760405540466308594e+02 4.437892913818359375e+01 1.220084953308105469e+02
2.760405540466308594e+02 4.458112716674804688e+01 1.230717372894287109e+02
2.759999847412109375e+02 4.480300903320312500e+01 1.240000057220458984e+02
2.769999885559082031e+02 4.484674930572509766e+01 1.230000019073486328e+02
2.764009284973144531e+02 4.452535152435302734e+01 1.223474979400634766e+02
2.769591140747070312e+02 4.463566303253173828e+01 1.220084953308105469e+02
2.765985107421875000e+02 4.446927547454833984e+01 1.216808319091796875e+02
2.772609138488769531e+02 4.457296848297119141e+01 1.210000038146972656e+02
2.779999923706054688e+02 4.498722553253173828e+01 1.219999980926513672e+02
2.779999923706054688e+02 4.482287883758544922e+01 1.210000038146972656e+02
2.780818939208984375e+02 4.525607585906982422e+01 1.230718421936035156e+02
2.788685417175292969e+02 4.533666133880615234e+01 1.219999980926513672e+02
2.790933609008789062e+02 4.526914119720458984e+01 1.210824775695800781e+02
2.789999961853027344e+02 4.507762908935546875e+01 1.200000000000000000e+02
2.797137641906738281e+02 4.539355754852294922e+01 1.200000000000000000e+02
2.779095268249511719e+02 4.466252326965332031e+01 1.199341106414794922e+02
2.789999961853027344e+02 4.499056816101074219e+01 1.190000057220458984e+02
2.780582809448242188e+02 4.464313983917236328e+01 1.190000057220458984e+02
2.789999961853027344e+02 4.495378971099853516e+01 1.180000019073486328e+02
2.798046493530273438e+02 4.534742832183837891e+01 1.190000057220458984e+02
2.803046417236328125e+02 4.559805870056152344e+01 1.190000057220458984e+02
2.798454475402832031e+02 4.532605171203613281e+01 1.180000019073486328e+02
2.798319625854492188e+02 4.533421993255615234e+01 1.169999980926513672e+02
2.803454399108886719e+02 4.557837486267089844e+01 1.180000019073486328e+02
2.803319549560546875e+02 4.558429718017578125e+01 1.169999980926513672e+02
2.809999847412109375e+02 4.590362071990966797e+01 1.180000019073486328e+02
2.809999847412109375e+02 4.594720840454101562e+01 1.190000057220458984e+02
2.817755699157714844e+02 4.632524967193603516e+01 1.180000019073486328e+02
2.809999847412109375e+02 4.591625213623046875e+01 1.169999980926513672e+02
2.809999847412109375e+02 4.597522258758544922e+01 1.160000038146972656e+02
2.817650985717773438e+02 4.633195400238037109e+01 1.169999980926513672e+02
2.817134857177734375e+02 4.636404514312744141e+01 1.160000038146972656e+02
2.822650909423828125e+02 4.665067195892333984e+01 1.169999980926513672e+02
2.822134780883789062e+02 4.668422698974609375e+01 1.160000038146972656e+02
2.822755622863769531e+02 4.664429187774658203e+01 1.180000019073486328e+02
2.829592323303222656e+02 4.714428901672363281e+01 1.180000019073486328e+02
2.821213722229003906e+02 4.674695968627929688e+01 1.150000000000000000e+02
2.819254112243652344e+02 4.680384159088134766e+01 1.140254974365234375e+02
2.816213607788085938e+02 4.642166614532470703e+01 1.150000000000000000e+02
2.809999847412109375e+02 4.608166217803955078e+01 1.150000000000000000e+02
2.815423583984375000e+02 4.647224903106689453e+01 1.143758296966552734e+02
2.810509109497070312e+02 4.627701759338378906e+01 1.140254974365234375e+02
2.799394989013671875e+02 4.571594238281250000e+01 1.140085983276367188e+02
2.807484817504882812e+02 4.636250019073486328e+01 1.130000019073486328e+02
2.814182090759277344e+02 4.654581546783447266e+01 1.137091636657714844e+02
2.812484741210937500e+02 4.664080142974853516e+01 1.130000019073486328e+02
2.809478569030761719e+02 4.680350780487060547e+01 1.120321750640869141e+02
2.820669937133789062e+02 4.717427253723144531e+01 1.129758167266845703e+02
2.817700767517089844e+02 4.731459140777587891e+01 1.119999980926513672e+02
2.824450111389160156e+02 4.753902435302734375e+01 1.126263523101806641e+02
2.825848770141601562e+02 4.743605613708496094e+01 1.132930183410644531e+02
2.827038002014160156e+02 4.734544277191162109e+01 1.140000057220458984e+02
2.829509353637695312e+02 4.782528400421142578e+01 1.129758167266845703e+02
2.830176925659179688e+02 4.821230411529541016e+01 1.120624351501464844e+02
2.822700691223144531e+02 4.766073703765869141e+01 1.119999980926513672e+02
2.835305786132812500e+02 4.847286224365234375e+01 1.124373912811279297e+02
2.833628273010253906e+02 4.861636638641357422e+01 1.117707252502441406e+02
2.826961708068847656e+02 4.834196090698242188e+01 1.111977481842041016e+02
2.820293998718261719e+02 4.797881126403808594e+01 1.109609413146972656e+02
2.830176925659179688e+02 4.875794410705566406e+01 1.109186553955078125e+02
2.824770736694335938e+02 4.851659297943115234e+01 1.105310821533203125e+02
2.829640960693359375e+02 4.923354148864746094e+01 1.100687122344970703e+02
2.837015914916992188e+02 4.930998802185058594e+01 1.110000038146972656e+02
2.835391998291015625e+02 4.946362018585205078e+01 1.104478549957275391e+02
2.839633941650390625e+02 4.903647899627685547e+01 1.120871734619140625e+02
2.842015838623046875e+02 4.981138229370117188e+01 1.110000038146972656e+02
2.839125251770019531e+02 5.009252548217773438e+01 1.101229381561279297e+02
2.843962287902832031e+02 4.960871696472167969e+01 1.117369461059570312e+02
2.846642112731933594e+02 5.031138420104980469e+01 1.110000038146972656e+02
2.845231819152832031e+02 5.047312736511230469e+01 1.104646968841552734e+02
2.851979255676269531e+02 5.101000308990478516e+01 1.109672164916992188e+02
2.847214889526367188e+02 5.104813575744628906e+01 1.100788211822509766e+02
2.854442596435546875e+02 5.158551216125488281e+01 1.106120204925537109e+02
2.856085014343261719e+02 5.135000705718994141e+01 1.112786865234375000e+02
2.858446311950683594e+02 5.195130825042724609e+01 1.109672164916992188e+02
2.856562995910644531e+02 5.225217819213867188e+01 1.102351474761962891e+02
2.862894630432128906e+02 5.200452327728271484e+01 1.119410800933837891e+02
2.863737106323242188e+02 5.292787551879882812e+01 1.109123420715332031e+02
2.858690261840820312e+02 5.294701099395751953e+01 1.099410915374755859e+02
2.864762306213378906e+02 5.254646301269531250e+01 1.115684700012207031e+02
2.856351089477539062e+02 5.324501514434814453e+01 1.093185710906982422e+02
2.863443565368652344e+02 5.391347408294677734e+01 1.099544239044189453e+02
2.854574012756347656e+02 5.257834434509277344e+01 1.095684814453125000e+02
2.852155113220214844e+02 5.294701099395751953e+01 1.089911460876464844e+02
2.852820205688476562e+02 5.195130825042724609e+01 1.099410915374755859e+02
2.847295188903808594e+02 5.207971572875976562e+01 1.090487861633300781e+02
2.845683670043945312e+02 5.141355991363525391e+01 1.094146347045898438e+02
2.842773056030273438e+02 5.179952621459960938e+01 1.087479686737060547e+02
2.845234298706054688e+02 5.246619224548339844e+01 1.084742355346679688e+02
2.838946914672851562e+02 5.214195728302001953e+01 1.080995750427246094e+02
2.846763229370117188e+02 5.300000190734863281e+01 1.083101081848144531e+02
2.849700546264648438e+02 5.406584739685058594e+01 1.080303192138671875e+02
2.841749191284179688e+02 5.300000190734863281e+01 1.078101062774658203e+02
2.836749267578125000e+02 5.300000190734863281e+01 1.073525905609130859e+02
2.843878173828125000e+02 5.371230602264404297e+01 1.076059055328369141e+02
2.840326881408691406e+02 5.402738571166992188e+01 1.071555519104003906e+02
2.833466529846191406e+02 5.400000095367431641e+01 1.066127872467041016e+02
2.839889717102050781e+02 5.490571498870849609e+01 1.067575454711914062e+02
2.845617675781250000e+02 5.437897682189941406e+01 1.074422073364257812e+02
2.846952629089355469e+02 5.500000000000000000e+01 1.073193931579589844e+02
2.851952743530273438e+02 5.500000000000000000e+01 1.078224468231201172e+02
2.848718261718750000e+02 5.600000381469726562e+01 1.071576595306396484e+02
2.853718185424804688e+02 5.600000381469726562e+01 1.076346874237060547e+02
2.849903869628906250e+02 5.704457283020019531e+01 1.070079708099365234e+02
2.843064308166503906e+02 5.600000381469726562e+01 1.066576576232910156e+02
2.838064193725585938e+02 5.600000381469726562e+01 1.062581157684326172e+02
2.844269180297851562e+02 5.677036285400390625e+01 1.065598964691162109e+02
2.840561485290527344e+02 5.706221580505371094e+01 1.062047100067138672e+02
2.839999961853027344e+02 5.800000190734863281e+01 1.060000610351562500e+02
2.845169067382812500e+02 5.743702888488769531e+01 1.064842128753662109e+02
2.832760429382324219e+02 5.700000286102294922e+01 1.056427192687988281e+02
2.827760314941406250e+02 5.700000286102294922e+01 1.053143215179443359e+02
2.834020042419433594e+02 5.800000190734863281e+01 1.055615711212158203e+02
2.829794311523437500e+02 5.590065002441406250e+01 1.057066535949707031e+02
2.824995231628417969e+02 5.550107955932617188e+01 1.055002689361572266e+02
2.830971717834472656e+02 5.490571498870849609e+01 1.060930442810058594e+02
2.826323890686035156e+02 5.616774559020996094e+01 1.054094600677490234e+02
2.820997047424316406e+02 5.590065002441406250e+01 1.051713085174560547e+02
2.811440658569335938e+02 5.600000381469726562e+01 1.046570396423339844e+02
2.818589401245117188e+02 5.500000000000000000e+01 1.052924442291259766e+02
2.819999885559082031e+02 5.700000286102294922e+01 1.048717594146728516e+02
2.813716506958007812e+02 5.700000286102294922e+01 1.045574474334716797e+02
2.819366455078125000e+02 5.795300960540771484e+01 1.046934413909912109e+02
2.815610885620117188e+02 5.825501918792724609e+01 1.044617843627929688e+02
2.814774131774902344e+02 5.758835315704345703e+01 1.045101070404052734e+02
2.821343040466308594e+02 5.900000095367431641e+01 1.046835231781005859e+02
2.829019927978515625e+02 5.800000190734863281e+01 1.052342224121093750e+02
2.830801963806152344e+02 5.903665542602539062e+01 1.052395915985107422e+02
2.834670066833496094e+02 5.872776031494140625e+01 1.055204486846923828e+02
2.829999923706054688e+02 6.000000000000000000e+01 1.051398658752441406e+02
2.835152816772460938e+02 5.939442634582519531e+01 1.054879570007324219e+02
2.839091682434082031e+02 5.903665542602539062e+01 1.058140850067138672e+02
2.835256385803222656e+02 6.000000000000000000e+01 1.054795074462890625e+02
2.840256500244140625e+02 6.000000000000000000e+01 1.058540534973144531e+02
2.835189056396484375e+02 6.064449310302734375e+01 1.054847145080566406e+02
2.839113426208496094e+02 6.098670005798339844e+01 1.058163261413574219e+02
2.830848503112792969e+02 6.098670005798339844e+01 1.052295970916748047e+02
2.821684265136718750e+02 6.100000381469726562e+01 1.046734619140625000e+02
2.829136276245117188e+02 6.200000286102294922e+01 1.052157878875732422e+02
2.834747505187988281e+02 6.131116390228271484e+01 1.055158424377441406e+02
2.834136390686035156e+02 6.200000286102294922e+01 1.055556106567382812e+02
2.832888412475585938e+02 6.300000190734863281e+01 1.056394004821777344e+02
2.840990638732910156e+02 6.209489345550537109e+01 1.061096286773681641e+02
2.839305877685546875e+02 6.300000190734863281e+01 1.061394023895263672e+02
2.844984245300292969e+02 6.249148845672607422e+01 1.065013504028320312e+02
2.845611953735351562e+02 6.182482242584228516e+01 1.064418983459472656e+02
2.846242904663085938e+02 6.100000381469726562e+01 1.063835334777832031e+02
2.849367141723632812e+02 6.209489345550537109e+01 1.068551349639892578e+02
2.851242828369140625e+02 6.100000381469726562e+01 1.068566417694091797e+02
2.850508308410644531e+02 6.290729045867919922e+01 1.071463489532470703e+02
2.855519294738769531e+02 6.200000286102294922e+01 1.074429130554199219e+02
2.856326293945312500e+02 6.100000381469726562e+01 1.073566436767578125e+02
2.861073875427246094e+02 6.190795898437500000e+01 1.080980396270751953e+02
2.855032157897949219e+02 6.251214981079101562e+01 1.074963378906250000e+02
2.857855796813964844e+02 6.290729045867919922e+01 1.079552078247070312e+02
2.854180717468261719e+02 6.317881584167480469e+01 1.075920009613037109e+02
2.863545608520507812e+02 6.300000190734863281e+01 1.087110328674316406e+02
2.857198524475097656e+02 6.400000095367431641e+01 1.082278537750244141e+02
2.852997398376464844e+02 6.400000095367431641e+01 1.077278518676757812e+02
2.847997474670410156e+02 6.400000095367431641e+01 1.071956062316894531e+02
2.851823425292968750e+02 6.505527019500732422e+01 1.080270767211914062e+02
2.846236991882324219e+02 6.500000000000000000e+01 1.073725986480712891e+02
2.845166778564453125e+02 6.553639411926269531e+01 1.074822139739990234e+02
2.839774703979492188e+02 6.508308887481689453e+01 1.068038368225097656e+02
2.836291313171386719e+02 6.480515003204345703e+01 1.063850879669189453e+02
2.842786026000976562e+02 6.400000095367431641e+01 1.066956043243408203e+02
2.840191268920898438e+02 6.592183589935302734e+01 1.071815013885498047e+02
2.834877204895019531e+02 6.547181606292724609e+01 1.065096092224121094e+02
2.830035209655761719e+02 6.500693798065185547e+01 1.059843826293945312e+02
2.833559226989746094e+02 6.600000381469726562e+01 1.066152191162109375e+02
2.829920959472656250e+02 6.704620838165283203e+01 1.068041706085205078e+02
2.828559303283691406e+02 6.600000381469726562e+01 1.062176799774169922e+02
2.820167160034179688e+02 6.609652519226074219e+01 1.056753349304199219e+02
2.826535224914550781e+02 6.674367904663085938e+01 1.063732433319091797e+02
2.820627593994140625e+02 6.704620838165283203e+01 1.061102867126464844e+02
2.812923812866210938e+02 6.700000286102294922e+01 1.056079292297363281e+02
2.817712593078613281e+02 6.783263683319091797e+01 1.063085937500000000e+02
2.824379158020019531e+02 6.741034507751464844e+01 1.065428543090820312e+02
2.820627593994140625e+02 6.809958457946777344e+01 1.066676044464111328e+02
2.814993286132812500e+02 6.849930286407470703e+01 1.065003871917724609e+02
2.819877624511718750e+02 6.897954463958740234e+01 1.071742153167724609e+02
2.829680252075195312e+02 6.791236877441406250e+01 1.072594261169433594e+02
2.826133728027343750e+02 6.863257408142089844e+01 1.074027729034423828e+02
2.816462707519531250e+02 6.964154243469238281e+01 1.073871994018554688e+02
2.823129272460937500e+02 6.929924011230468750e+01 1.076477527618408203e+02
2.810995864868164062e+02 6.907789230346679688e+01 1.066469192504882812e+02
2.804503059387207031e+02 6.946315288543701172e+01 1.065239429473876953e+02
2.808326530456542969e+02 6.879648685455322266e+01 1.063003349304199219e+02
2.799832534790039062e+02 6.898750305175781250e+01 1.059946727752685547e+02
2.810298347473144531e+02 6.803132534027099609e+01 1.059711265563964844e+02
2.805603599548339844e+02 6.756334304809570312e+01 1.054592990875244141e+02
2.801828765869140625e+02 6.823000907897949219e+01 1.056336688995361328e+02
2.799097251892089844e+02 6.793800830841064453e+01 1.053520202636718750e+02
2.800000000000000000e+02 6.700000286102294922e+01 1.049289417266845703e+02
2.795162200927734375e+02 6.851185321807861328e+01 1.054910278320312500e+02
2.789999961853027344e+02 6.800000190734863281e+01 1.050032043457031250e+02
2.780379295349121094e+02 6.796796798706054688e+01 1.046908092498779297e+02
2.790864562988281250e+02 6.706316947937011719e+01 1.046008777618408203e+02
2.789999961853027344e+02 6.866511344909667969e+01 1.053829002380371094e+02
2.789999961853027344e+02 6.916511535644531250e+01 1.056982803344726562e+02
2.779034805297851562e+02 6.902498245239257812e+01 1.052753543853759766e+02
2.769999885559082031e+02 6.900000095367431641e+01 1.050852775573730469e+02
2.775058174133300781e+02 6.950208187103271484e+01 1.054982662200927734e+02
2.781724739074707031e+02 6.937497138977050781e+01 1.055753707885742188e+02
2.779034805297851562e+02 6.990125179290771484e+01 1.058743190765380859e+02
2.779999923706054688e+02 7.060169219970703125e+01 1.064113712310791016e+02
2.789233398437500000e+02 7.001421928405761719e+01 1.062492561340332031e+02
2.769999885559082031e+02 7.005500316619873047e+01 1.058106517791748047e+02
2.769999885559082031e+02 6.955500602722167969e+01 1.054563903808593750e+02
2.759999847412109375e+02 7.014698982238769531e+01 1.057485485076904297e+02
2.769999885559082031e+02 7.072016239166259766e+01 1.063106536865234375e+02
2.759999847412109375e+02 7.079471111297607422e+01 1.062485504150390625e+02
2.769999885559082031e+02 7.122016429901123047e+01 1.067362022399902344e+02
2.759999847412109375e+02 7.129470825195312500e+01 1.066744327545166016e+02
2.769999885559082031e+02 7.178950786590576172e+01 1.072362041473388672e+02
2.759999847412109375e+02 7.186068058013916016e+01 1.071744346618652344e+02
2.769999885559082031e+02 7.228950977325439453e+01 1.077089214324951172e+02
2.759999847412109375e+02 7.236068248748779297e+01 1.076378822326660156e+02
2.750000000000000000e+02 7.239086151123046875e+01 1.076082801818847656e+02
2.750000000000000000e+02 7.189085960388183594e+01 1.071472835540771484e+02
2.739999961853027344e+02 7.236752033233642578e+01 1.076321220397949219e+02
2.750000000000000000e+02 7.286045074462890625e+01 1.081082820892333984e+02
2.739999961853027344e+02 7.283802986145019531e+01 1.081321239471435547e+02
2.729999923706054688e+02 7.278389930725097656e+01 1.081931114196777344e+02
2.739999961853027344e+02 7.333803176879882812e+01 1.086847591400146484e+02
2.729999923706054688e+02 7.328389644622802734e+01 1.087464618682861328e+02
2.729999923706054688e+02 7.371483802795410156e+01 1.092464637756347656e+02
2.719999885559082031e+02 7.320582389831542969e+01 1.088322734832763672e+02
2.709474182128906250e+02 7.315887451171875000e+01 1.090530204772949219e+02
2.719999885559082031e+02 7.270582199096679688e+01 1.082811069488525391e+02
2.719999885559082031e+02 7.364284515380859375e+01 1.093322658538818359e+02
2.712457084655761719e+02 7.356713294982910156e+01 1.094217014312744141e+02
2.719716835021972656e+02 7.420298576354980469e+01 1.100713729858398438e+02
2.709474182128906250e+02 7.387060642242431641e+01 1.099154663085937500e+02
2.705790519714355469e+02 7.347935676574707031e+01 1.095257854461669922e+02
2.700000000000000000e+02 7.378047466278076172e+01 1.101342010498046875e+02
2.709999847412109375e+02 7.441290855407714844e+01 1.106362056732177734e+02
2.700000000000000000e+02 7.428047657012939453e+01 1.108417606353759766e+02
2.690690612792968750e+02 7.413053989410400391e+01 1.110823154449462891e+02
2.700000000000000000e+02 7.459791660308837891e+01 1.113417625427246094e+02
2.694484519958496094e+02 7.451846122741699219e+01 1.114705276489257812e+02
2.690690612792968750e+02 7.467370986938476562e+01 1.120108795166015625e+02
2.687817764282226562e+02 7.440111637115478516e+01 1.116847991943359375e+02
2.689999961853027344e+02 7.511883258819580078e+01 1.130000019073486328e+02
2.683092498779296875e+02 7.457839012145996094e+01 1.123514652252197266e+02
2.679855537414550781e+02 7.426303386688232422e+01 1.120108795166015625e+02
2.679855537414550781e+02 7.473609924316406250e+01 1.129770851135253906e+02
2.676425933837890625e+02 7.444178581237792969e+01 1.126284694671630859e+02
2.680951499938964844e+02 7.521375656127929688e+01 1.140945529937744141e+02
2.673036193847656250e+02 7.459276676177978516e+01 1.132951354980468750e+02
2.669821739196777344e+02 7.429746627807617188e+01 1.129770851135253906e+02
2.669821739196777344e+02 7.471251487731933594e+01 1.140100574493408203e+02
2.666369628906250000e+02 7.443524360656738281e+01 1.136834239959716797e+02
2.669999885559082031e+02 7.502884387969970703e+01 1.150000000000000000e+02
2.664010810852050781e+02 7.455360889434814453e+01 1.143500995635986328e+02
2.660406494140625000e+02 7.423560619354248047e+01 1.140100574493408203e+02
2.662147521972656250e+02 7.465075016021728516e+01 1.150000000000000000e+02
2.659311485290527344e+02 7.474689960479736328e+01 1.159735107421875000e+02
2.657147598266601562e+02 7.438386440277099609e+01 1.150000000000000000e+02
2.655519104003906250e+02 7.447239398956298828e+01 1.156225109100341797e+02
2.649099540710449219e+02 7.386504173278808594e+01 1.149206924438476562e+02
2.643669700622558594e+02 7.359658241271972656e+01 1.152011489868164062e+02
2.645166015625000000e+02 7.348888874053955078e+01 1.145344829559326172e+02
2.651657485961914062e+02 7.371807575225830078e+01 1.140000057220458984e+02
2.650527763366699219e+02 7.424691677093505859e+01 1.159735107421875000e+02
2.648130607604980469e+02 7.430761337280273438e+01 1.169999980926513672e+02
2.654213142395019531e+02 7.454812049865722656e+01 1.162891769409179688e+02
2.642175865173339844e+02 7.370434761047363281e+01 1.160000038146972656e+02
2.640691947937011719e+02 7.380761623382568359e+01 1.169999980926513672e+02
2.637175941467285156e+02 7.333914279937744141e+01 1.160000038146972656e+02
2.630889892578125000e+02 7.283914089202880859e+01 1.160000038146972656e+02
2.640201759338378906e+02 7.324862480163574219e+01 1.149206924438476562e+02
2.635692024230957031e+02 7.344886779785156250e+01 1.169999980926513672e+02
2.629048347473144531e+02 7.290042877197265625e+01 1.169187259674072266e+02
2.635024452209472656e+02 7.349821567535400391e+01 1.175129127502441406e+02
2.639014625549316406e+02 7.383282661437988281e+01 1.179077529907226562e+02
2.630632400512695312e+02 7.321406841278076172e+01 1.179077529907226562e+02
2.623391723632812500e+02 7.264392375946044922e+01 1.180000019073486328e+02
2.628730964660644531e+02 7.321453571319580078e+01 1.190000057220458984e+02
2.634387397766113281e+02 7.354516983032226562e+01 1.181795787811279297e+02
2.633731079101562500e+02 7.359223842620849609e+01 1.190000057220458984e+02
2.633216667175292969e+02 7.362705707550048828e+01 1.200000000000000000e+02
2.639999961853027344e+02 7.402629852294921875e+01 1.190000057220458984e+02
2.639999961853027344e+02 7.408598423004150391e+01 1.200000000000000000e+02
2.646110343933105469e+02 7.443406581878662109e+01 1.190000057220458984e+02
2.646947097778320312e+02 7.438215732574462891e+01 1.180000019073486328e+02
2.645714950561523438e+02 7.445892810821533203e+01 1.200000000000000000e+02
2.651110458374023438e+02 7.472603321075439453e+01 1.190000057220458984e+02
2.650715065002441406e+02 7.474199295043945312e+01 1.200000000000000000e+02
2.659999847412109375e+02 7.518089771270751953e+01 1.190000057220458984e+02
2.651947021484375000e+02 7.468172073364257812e+01 1.180000019073486328e+02
2.653130531311035156e+02 7.461307048797607422e+01 1.169999980926513672e+02
2.659999847412109375e+02 7.510168075561523438e+01 1.180000019073486328e+02
2.659999847412109375e+02 7.497374057769775391e+01 1.169999980926513672e+02
2.666821289062500000e+02 7.541996002197265625e+01 1.180000019073486328e+02
2.666042327880859375e+02 7.545486927032470703e+01 1.190000057220458984e+02
2.671821403503417969e+02 7.564012527465820312e+01 1.180000019073486328e+02
2.668138504028320312e+02 7.536067008972167969e+01 1.169999980926513672e+02
2.670578575134277344e+02 7.529581069946289062e+01 1.160087490081787109e+02
2.673138618469238281e+02 7.558288097381591797e+01 1.169999980926513672e+02
2.674297523498535156e+02 7.553169250488281250e+01 1.163479137420654297e+02
2.679999923706054688e+02 7.585711956024169922e+01 1.169999980926513672e+02
2.679574012756347656e+02 7.566993236541748047e+01 1.160087490081787109e+02
2.679999923706054688e+02 7.597263813018798828e+01 1.180000019073486328e+02
2.675956916809082031e+02 7.546297073364257812e+01 1.156812477111816406e+02
2.683157157897949219e+02 7.557156085968017578e+01 1.150000000000000000e+02
2.678157043457031250e+02 7.537809371948242188e+01 1.150000000000000000e+02
2.684919166564941406e+02 7.550318241119384766e+01 1.144909191131591797e+02
2.689999961853027344e+02 7.580337524414062500e+01 1.150000000000000000e+02
2.689999961853027344e+02 7.558624267578125000e+01 1.142467594146728516e+02
2.689999961853027344e+02 7.541554450988769531e+01 1.137467575073242188e+02
2.699036788940429688e+02 7.573752880096435547e+01 1.139028549194335938e+02
2.695061302185058594e+02 7.549838542938232422e+01 1.135047531127929688e+02
2.659999847412109375e+02 7.520548343658447266e+01 1.200000000000000000e+02
2.645841407775878906e+02 7.445287704467773438e+01 1.210000038146972656e+02
2.639999961853027344e+02 7.408463478088378906e+01 1.210000038146972656e+02
2.633126258850097656e+02 7.363175392150878906e+01 1.210000038146972656e+02
2.628126335144042969e+02 7.326955318450927734e+01 1.210000038146972656e+02
2.628216743469238281e+02 7.325926780700683594e+01 1.200000000000000000e+02
2.621878051757812500e+02 7.276955127716064453e+01 1.210000038146972656e+02
2.622182273864746094e+02 7.274053573608398438e+01 1.219999980926513672e+02
2.622040939331054688e+02 7.275927066802978516e+01 1.200000000000000000e+02
2.616878128051757812e+02 7.232370376586914062e+01 1.210000038146972656e+02
2.611788368225097656e+02 7.182370185852050781e+01 1.210000038146972656e+02
2.617040824890136719e+02 7.230621814727783203e+01 1.200000000000000000e+02
2.617182350158691406e+02 7.229824066162109375e+01 1.219999980926513672e+02
2.617883110046386719e+02 7.223772525787353516e+01 1.230000019073486328e+02
2.612028312683105469e+02 7.179824352264404297e+01 1.219999980926513672e+02
2.607028198242187500e+02 7.127931118011474609e+01 1.219999980926513672e+02
2.612609863281250000e+02 7.173772335052490234e+01 1.230000019073486328e+02
2.607609939575195312e+02 7.121595859527587891e+01 1.230000019073486328e+02
2.613442993164062500e+02 7.165318489074707031e+01 1.240000057220458984e+02
2.608442878723144531e+02 7.112665176391601562e+01 1.240000057220458984e+02
2.603918457031250000e+02 7.062664985656738281e+01 1.240000057220458984e+02
2.603163528442382812e+02 7.071595668792724609e+01 1.230000019073486328e+02
2.598367309570312500e+02 6.991144180297851562e+01 1.239508152008056641e+02
2.604566955566406250e+02 7.055037021636962891e+01 1.246668529510498047e+02
2.601660346984863281e+02 7.006911277770996094e+01 1.250001144409179688e+02
2.596150207519531250e+02 6.932176589965820312e+01 1.250000000000000000e+02
2.602409744262695312e+02 6.983106136322021484e+01 1.260000038146972656e+02
2.605423927307128906e+02 7.044852256774902344e+01 1.253335189819335938e+02
2.597409820556640625e+02 6.913504600524902344e+01 1.260000038146972656e+02
2.598647880554199219e+02 6.891401767730712891e+01 1.269307613372802734e+02
2.594147109985351562e+02 6.863504409790039062e+01 1.260000038146972656e+02
2.593008422851562500e+02 6.882176399230957031e+01 1.250000000000000000e+02
2.590602874755859375e+02 6.800000190734863281e+01 1.260000038146972656e+02
2.594849014282226562e+02 6.852336406707763672e+01 1.265512657165527344e+02
2.593060111999511719e+02 6.801593303680419922e+01 1.269307613372802734e+02
2.587539291381835938e+02 6.692486286163330078e+01 1.269453239440917969e+02
2.593898963928222656e+02 6.769321918487548828e+01 1.278276634216308594e+02
2.595821762084960938e+02 6.835988521575927734e+01 1.272179412841796875e+02
2.596732139587402344e+02 6.801593303680419922e+01 1.280965995788574219e+02
2.595019149780273438e+02 6.749632835388183594e+01 1.284943294525146484e+02
2.602635192871093750e+02 6.900346279144287109e+01 1.279202651977539062e+02
2.601100730895996094e+02 6.807394504547119141e+01 1.290631580352783203e+02
2.596091461181640625e+02 6.729637622833251953e+01 1.290000057220458984e+02
2.603484344482421875e+02 6.773099422454833984e+01 1.300000000000000000e+02
2.603712463378906250e+02 6.867244243621826172e+01 1.287719345092773438e+02
2.605296516418457031e+02 6.845657825469970703e+01 1.294386005401611328e+02
2.606888961791992188e+02 6.823099613189697266e+01 1.300000000000000000e+02
2.610461616516113281e+02 6.792864322662353516e+01 1.309225940704345703e+02
2.607034492492675781e+02 6.717720985412597656e+01 1.311861991882324219e+02
2.604876327514648438e+02 6.751808166503906250e+01 1.305195331573486328e+02
2.613701057434082031e+02 6.767253875732421875e+01 1.316758155822753906e+02
2.613888549804687500e+02 6.863371849060058594e+01 1.306589984893798828e+02
2.616281509399414062e+02 6.833920478820800781e+01 1.313256645202636719e+02
2.619588279724121094e+02 6.804549694061279297e+01 1.320462417602539062e+02
2.616228103637695312e+02 6.732807159423828125e+01 1.323424911499023438e+02
2.622894859313964844e+02 6.775178432464599609e+01 1.327250289916992188e+02
2.619863128662109375e+02 6.701221466064453125e+01 1.330115699768066406e+02
2.616831207275390625e+02 6.620743274688720703e+01 1.332981204986572266e+02
2.613906860351562500e+02 6.666140556335449219e+01 1.326314449310302734e+02
2.610470581054687500e+02 6.691930770874023438e+01 1.319260501861572266e+02
2.612447166442871094e+02 6.592445850372314453e+01 1.329788684844970703e+02
2.608042335510253906e+02 6.504239559173583984e+01 1.329804420471191406e+02
2.606990242004394531e+02 6.600000381469726562e+01 1.322109127044677734e+02
2.614758110046386719e+02 6.554076194763183594e+01 1.335268115997314453e+02
2.620812416076660156e+02 6.586896896362304688e+01 1.339200782775878906e+02
2.613492774963378906e+02 6.500000000000000000e+01 1.336699295043945312e+02
2.611566734313964844e+02 6.400000095367431641e+01 1.338922119140625000e+02
2.606566810607910156e+02 6.400000095367431641e+01 1.333000946044921875e+02
2.609923171997070312e+02 6.301602840423583984e+01 1.340047073364257812e+02
2.604846000671386719e+02 6.257406711578369141e+01 1.335195541381835938e+02
2.608693313598632812e+02 6.200000286102294922e+01 1.340616703033447266e+02
2.605523490905761719e+02 6.324073791503906250e+01 1.334327220916748047e+02
2.602203178405761719e+02 6.294444084167480469e+01 1.330596351623535156e+02
2.596619224548339844e+02 6.300000190734863281e+01 1.322251415252685547e+02
2.602790260314941406e+02 6.400000095367431641e+01 1.328000926971435547e+02
2.600464439392089844e+02 6.200000286102294922e+01 1.330000019073486328e+02
2.600005722045898438e+02 6.100000381469726562e+01 1.330000019073486328e+02
2.595948028564453125e+02 6.200000286102294922e+01 1.323361778259277344e+02
2.604516220092773438e+02 6.200000286102294922e+01 1.335616683959960938e+02
2.604263114929199219e+02 6.100000381469726562e+01 1.335940074920654297e+02
2.604494094848632812e+02 6.000000000000000000e+01 1.335647106170654297e+02
2.608384704589843750e+02 6.100000381469726562e+01 1.340940093994140625e+02
2.613384628295898438e+02 6.100000381469726562e+01 1.346644592285156250e+02
2.608603477478027344e+02 6.000000000000000000e+01 1.340647029876708984e+02
2.608798027038574219e+02 5.904606342315673828e+01 1.339141654968261719e+02
2.613603401184082031e+02 6.000000000000000000e+01 1.346431541442871094e+02
2.614389228820800781e+02 5.900000095367431641e+01 1.345626640319824219e+02
2.614959144592285156e+02 5.848584651947021484e+01 1.345042037963867188e+02
2.612054824829101562e+02 5.809150695800781250e+01 1.340414905548095703e+02
2.619562339782714844e+02 5.809150695800781250e+01 1.348157978057861328e+02
2.622408866882324219e+02 5.700000286102294922e+01 1.347366714477539062e+02
2.615937423706054688e+02 5.781918048858642578e+01 1.344024848937988281e+02
2.617408752441406250e+02 5.700000286102294922e+01 1.342493438720703125e+02
2.612870216369628906e+02 5.700000286102294922e+01 1.337493419647216797e+02
2.619845390319824219e+02 5.597795963287353516e+01 1.340149784088134766e+02
2.614172554016113281e+02 5.632274627685546875e+01 1.335966396331787109e+02
2.622588920593261719e+02 5.500000000000000000e+01 1.337483978271484375e+02
2.615749740600585938e+02 5.565608024597167969e+01 1.334072589874267578e+02
2.625744247436523438e+02 5.563316822052001953e+01 1.344333171844482422e+02
2.623941040039062500e+02 5.629983425140380859e+01 1.345969200134277344e+02
2.630211257934570312e+02 5.603965759277343750e+01 1.349869823455810547e+02
2.632818412780761719e+02 5.500000000000000000e+01 1.346774196624755859e+02
2.636916160583496094e+02 5.577947616577148438e+01 1.353770542144775391e+02
2.634678268432617188e+02 5.644614219665527344e+01 1.355235004425048828e+02
2.628357124328613281e+02 5.700000286102294922e+01 1.352366733551025391e+02
2.640149688720703125e+02 5.606768608093261719e+01 1.356999492645263672e+02
2.643582916259765625e+02 5.532893657684326172e+01 1.355869007110595703e+02
2.650400352478027344e+02 5.602694034576416016e+01 1.362371063232421875e+02
2.649916267395019531e+02 5.499736309051513672e+01 1.357613563537597656e+02
2.657187652587890625e+02 5.571156978607177734e+01 1.364187526702880859e+02
2.654000854492187500e+02 5.637823581695556641e+01 1.365470027923583984e+02
2.646872138977050781e+02 5.700000286102294922e+01 1.364114379882812500e+02
2.660312652587890625e+02 5.504226684570312500e+01 1.362465381622314453e+02
2.660249900817871094e+02 5.399561882019042969e+01 1.357272434234619141e+02
2.669999885559082031e+02 5.470057010650634766e+01 1.364118289947509766e+02
2.663854408264160156e+02 5.540377616882324219e+01 1.365425682067871094e+02
2.669999885559082031e+02 5.520057201385498047e+01 1.366292762756347656e+02
2.679409408569335938e+02 5.491819381713867188e+01 1.367213058471679688e+02
2.675682258605957031e+02 5.453032016754150391e+01 1.364869117736816406e+02
2.682349014282226562e+02 5.439445972442626953e+01 1.365513229370117188e+02
2.689999961853027344e+02 5.500000000000000000e+01 1.369007968902587891e+02
2.689999961853027344e+02 5.429265975952148438e+01 1.365990257263183594e+02
2.689999961853027344e+02 5.600000381469726562e+01 1.372673511505126953e+02
2.700000000000000000e+02 5.500000000000000000e+01 1.369471359252929688e+02
2.700000000000000000e+02 5.423481464385986328e+01 1.366243267059326172e+02
2.700000000000000000e+02 5.600000381469726562e+01 1.373048210144042969e+02
2.709999847412109375e+02 5.500000000000000000e+01 1.369245147705078125e+02
2.709999847412109375e+02 5.600000381469726562e+01 1.372709083557128906e+02
2.719999885559082031e+02 5.500000000000000000e+01 1.368260002136230469e+02
2.709999847412109375e+02 5.425222873687744141e+01 1.366149997711181641e+02
2.709999847412109375e+02 5.375222682952880859e+01 1.363834953308105469e+02
2.719999885559082031e+02 5.435617446899414062e+01 1.365664672851562500e+02
2.719999885559082031e+02 5.385617733001708984e+01 1.363378143310546875e+02
2.725978088378906250e+02 5.445592880249023438e+01 1.365203475952148438e+02
2.729586791992187500e+02 5.407355785369873047e+01 1.362754821777343750e+02
2.729586791992187500e+02 5.497563362121582031e+01 1.366489315032958984e+02
2.732644844055175781e+02 5.462605476379394531e+01 1.364524650573730469e+02
2.729999923706054688e+02 5.600000381469726562e+01 1.369872665405273438e+02
2.737949943542480469e+02 5.529272079467773438e+01 1.365787601470947266e+02
2.740769958496093750e+02 5.592084884643554688e+01 1.367048454284667969e+02
2.740769958496093750e+02 5.497563362121582031e+01 1.363848876953125000e+02
2.739999961853027344e+02 5.400000095367431641e+01 1.360011672973632812e+02
2.750000000000000000e+02 5.500000000000000000e+01 1.361160182952880859e+02
2.744616508483886719e+02 5.553474426269531250e+01 1.364898586273193359e+02
2.750546646118164062e+02 5.592084884643554688e+01 1.364048957824707031e+02
2.759999847412109375e+02 5.600000381469726562e+01 1.360885620117187500e+02
2.747577857971191406e+02 5.620141029357910156e+01 1.365876483917236328e+02
2.754244613647460938e+02 5.661017417907714844e+01 1.364745235443115234e+02
2.759815979003906250e+02 5.696610450744628906e+01 1.363495731353759766e+02
2.750546646118164062e+02 5.696610450744628906e+01 1.366832923889160156e+02
2.739999961853027344e+02 5.700000286102294922e+01 1.370127391815185547e+02
2.750000000000000000e+02 5.800000190734863281e+01 1.369076633453369141e+02
2.756360054016113281e+02 5.727684020996093750e+01 1.365524291992187500e+02
2.739999961853027344e+02 5.800000190734863281e+01 1.372134017944335938e+02
2.739275550842285156e+02 5.902337074279785156e+01 1.373678302764892578e+02
2.731862831115722656e+02 5.800000190734863281e+01 1.374255466461181641e+02
2.729013824462890625e+02 5.709875106811523438e+01 1.373064517974853516e+02
2.726862716674804688e+02 5.800000190734863281e+01 1.375465488433837891e+02
2.734127235412597656e+02 5.870561599731445312e+01 1.374784660339355469e+02
2.730476188659667969e+02 5.902337074279785156e+01 1.376062583923339844e+02
2.729999923706054688e+02 6.000000000000000000e+01 1.376948261260986328e+02
2.735459327697753906e+02 5.937228202819824219e+01 1.375137901306152344e+02
2.719999885559082031e+02 5.900000095367431641e+01 1.378229522705078125e+02
2.719999885559082031e+02 5.800000190734863281e+01 1.376709079742431641e+02
2.719999885559082031e+02 5.735352039337158203e+01 1.375400638580322266e+02
2.709999847412109375e+02 5.800000190734863281e+01 1.377949523925781250e+02
2.709999847412109375e+02 5.714132785797119141e+01 1.376010608673095703e+02
2.709999847412109375e+02 5.664132595062255859e+01 1.374613857269287109e+02
2.719999885559082031e+02 5.685352325439453125e+01 1.374068450927734375e+02
2.700000000000000000e+02 5.656269550323486328e+01 1.374820137023925781e+02
2.719999885559082031e+02 5.600000381469726562e+01 1.371663761138916016e+02
2.725023078918457031e+02 5.749791622161865234e+01 1.375005626678466797e+02
2.735947418212890625e+02 6.000000000000000000e+01 1.375293731689453125e+02
2.740947532653808594e+02 6.000000000000000000e+01 1.373787403106689453e+02
2.735778236389160156e+02 6.100000381469726562e+01 1.375245380401611328e+02
2.740778160095214844e+02 6.100000381469726562e+01 1.373707294464111328e+02
2.735233688354492188e+02 6.156530857086181641e+01 1.375073337554931641e+02
2.729999923706054688e+02 6.100000381469726562e+01 1.376867008209228516e+02
2.769999885559082031e+02 5.700000286102294922e+01 1.359370517730712891e+02
2.763074111938476562e+02 5.800000190734863281e+01 1.364264488220214844e+02
2.770060729980468750e+02 5.604172706604003906e+01 1.356784534454345703e+02
2.766768074035644531e+02 5.528084278106689453e+01 1.355834484100341797e+02
2.773434638977050781e+02 5.573621273040771484e+01 1.354265880584716797e+02
2.775574111938476562e+02 5.640287876129150391e+01 1.355309677124023438e+02
2.770060729980468750e+02 5.496850490570068359e+01 1.353104782104492188e+02
2.763903045654296875e+02 5.461417675018310547e+01 1.354569339752197266e+02
2.770647048950195312e+02 5.393529415130615234e+01 1.348348999023437500e+02
2.780481529235839844e+02 5.497395038604736328e+01 1.347850608825683594e+02
2.786310005187988281e+02 5.528991222381591797e+01 1.345812416076660156e+02
2.777469444274902344e+02 5.422548770904541016e+01 1.346339511871337891e+02
2.784136009216308594e+02 5.462324619293212891e+01 1.344527530670166016e+02
2.780481529235839844e+02 5.393529415130615234e+01 1.343289279937744141e+02
2.780256843566894531e+02 5.297219276428222656e+01 1.338289356231689453e+02
2.774411773681640625e+02 5.355882167816162109e+01 1.344710159301757812e+02
2.790177726745605469e+02 5.400489807128906250e+01 1.337939929962158203e+02
2.793629455566406250e+02 5.367483139038085938e+01 1.334123039245605469e+02
2.796119689941406250e+02 5.434149742126464844e+01 1.335794544219970703e+02
2.786962699890136719e+02 5.328699111938476562e+01 1.336244583129882812e+02
2.790177726745605469e+02 5.297219276428222656e+01 1.332311439514160156e+02
2.783761405944824219e+02 5.262032032012939453e+01 1.334288501739501953e+02
2.789277267456054688e+02 5.206233501434326172e+01 1.327022838592529297e+02
2.797936058044433594e+02 5.300000190734863281e+01 1.327172946929931641e+02
2.795591735839843750e+02 5.243722438812255859e+01 1.325440979003906250e+02
2.802935981750488281e+02 5.300000190734863281e+01 1.323423671722412109e+02
2.800554656982421875e+02 5.392149448394775391e+01 1.330428123474121094e+02
2.804989624023437500e+02 5.350148677825927734e+01 1.324992084503173828e+02
2.803074645996093750e+02 5.500000000000000000e+01 1.333608150482177734e+02
2.807119369506835938e+02 5.416815757751464844e+01 1.326733207702636719e+02
2.810271644592285156e+02 5.390089511871337891e+01 1.322707176208496094e+02
2.809880256652832031e+02 5.304940223693847656e+01 1.318066787719726562e+02
2.813786125183105469e+02 5.474512100219726562e+01 1.323973560333251953e+02
2.817295646667480469e+02 5.400000095367431641e+01 1.317139911651611328e+02
2.815583801269531250e+02 5.341567039489746094e+01 1.315546321868896484e+02
2.822295761108398438e+02 5.400000095367431641e+01 1.312295818328857422e+02
2.819786071777343750e+02 5.504981517791748047e+01 1.319816398620605469e+02
2.824143791198730469e+02 5.468783855438232422e+01 1.314143848419189453e+02
2.825652122497558594e+02 5.535450458526611328e+01 1.315659141540527344e+02
2.829812812805175781e+02 5.505121231079101562e+01 1.309775733947753906e+02
2.826871871948242188e+02 5.600000381469726562e+01 1.316891288757324219e+02
2.827139854431152344e+02 5.400000095367431641e+01 1.307295799255371094e+02
2.833973503112792969e+02 5.474792003631591797e+01 1.303771495819091797e+02
2.835360145568847656e+02 5.541459083557128906e+01 1.305407524108886719e+02
2.832139778137207031e+02 5.400000095367431641e+01 1.301588726043701172e+02
2.829272842407226562e+02 5.312410354614257812e+01 1.299099922180175781e+02
2.836279106140136719e+02 5.400000095367431641e+01 1.296588802337646484e+02
2.835010910034179688e+02 5.349818229675292969e+01 1.295013523101806641e+02
2.841504859924316406e+02 5.400827884674072266e+01 1.289625549316406250e+02
2.844135856628417969e+02 5.368045806884765625e+01 1.283670425415039062e+02
2.836832046508789062e+02 5.309890747070312500e+01 1.289455699920654297e+02
2.845726966857910156e+02 5.434712886810302734e+01 1.286042594909667969e+02
2.842517662048339844e+02 5.295638561248779297e+01 1.280202293395996094e+02
2.832999610900878906e+02 5.283151626586914062e+01 1.292426109313964844e+02
2.835573196411132812e+02 5.241696357727050781e+01 1.285759449005126953e+02
2.829777145385742188e+02 5.203474521636962891e+01 1.289680385589599609e+02
2.823829078674316406e+02 5.165253162384033203e+01 1.293601322174072266e+02
2.826554870605468750e+02 5.130988121032714844e+01 1.286934661865234375e+02
2.833221626281738281e+02 5.175029754638671875e+01 1.282548904418945312e+02
2.826332855224609375e+02 5.231919765472412109e+01 1.296519756317138672e+02
2.820241355895996094e+02 5.197008132934570312e+01 1.300259208679199219e+02
2.816653442382812500e+02 5.228763580322265625e+01 1.306667041778564453e+02
2.823320198059082031e+02 5.275002479553222656e+01 1.303186416625976562e+02
2.817162513732910156e+02 5.125130653381347656e+01 1.297332000732421875e+02
2.813958168029785156e+02 5.162096977233886719e+01 1.303998661041259766e+02
2.810728263854980469e+02 5.092553138732910156e+01 1.300693321228027344e+02
2.810212516784667969e+02 5.197799205780029297e+01 1.310183143615722656e+02
2.807291412353515625e+02 5.126642704010009766e+01 1.307032585144042969e+02
2.803409957885742188e+02 5.166834831237792969e+01 1.313699245452880859e+02
2.806467056274414062e+02 5.233501911163330078e+01 1.316239547729492188e+02
2.813133621215820312e+02 5.274900436401367188e+01 1.313333702087402344e+02
2.819451904296875000e+02 5.308284759521484375e+01 1.309458827972412109e+02
2.825546264648437500e+02 5.341669082641601562e+01 1.305583858489990234e+02
2.799500846862792969e+02 5.205278873443603516e+01 1.319646263122558594e+02
2.792128944396972656e+02 5.177055835723876953e+01 1.323052883148193359e+02
2.796743202209472656e+02 5.133319377899169922e+01 1.316386222839355469e+02
2.789228248596191406e+02 5.106356620788574219e+01 1.319495582580566406e+02
2.800338745117187500e+02 5.096647739410400391e+01 1.310290813446044922e+02
2.792994308471679688e+02 5.066652774810791016e+01 1.313549041748046875e+02
2.797267532348632812e+02 5.030752182006835938e+01 1.306882381439208984e+02
2.803934288024902344e+02 5.059976100921630859e+01 1.304054546356201172e+02
2.800470352172851562e+02 4.995735168457031250e+01 1.300423240661621094e+02
2.803672981262207031e+02 4.960717678070068359e+01 1.293722152709960938e+02
2.807498550415039062e+02 5.027384757995605469e+01 1.297387886047363281e+02
2.793078994750976562e+02 4.964085102081298828e+01 1.303458499908447266e+02
2.797006416320800781e+02 4.934829711914062500e+01 1.296791839599609375e+02
2.789309120178222656e+02 4.904181003570556641e+01 1.299449443817138672e+02
2.799815368652343750e+02 4.901041984558105469e+01 1.289823913574218750e+02
2.795957756042480469e+02 4.843216896057128906e+01 1.285925579071044922e+02
2.792205810546875000e+02 4.868162631988525391e+01 1.292592239379882812e+02
2.802624320983886719e+02 4.867254734039306641e+01 1.282486438751220703e+02
2.806964111328125000e+02 4.933921337127685547e+01 1.287055492401123047e+02
2.810564613342285156e+02 4.994764804840087891e+01 1.290586280822753906e+02
2.814165306091308594e+02 5.058464050292968750e+01 1.294117069244384766e+02
2.817086791992187500e+02 5.028811931610107422e+01 1.287450408935546875e+02
2.813630676269531250e+02 4.962145328521728516e+01 1.283446311950683594e+02
2.820098304748535156e+02 4.998893737792968750e+01 1.280092239379882812e+02
2.823753547668457031e+02 5.064321517944335938e+01 1.283404731750488281e+02
2.829765701293945312e+02 5.103075027465820312e+01 1.279643535614013672e+02
2.820458030700683594e+02 5.094726085662841797e+01 1.290525913238525391e+02
2.789323425292968750e+02 4.827746391296386719e+01 1.289555358886718750e+02
2.785539245605468750e+02 4.846544265747070312e+01 1.295440292358398438e+02
2.780274391174316406e+02 4.778444290161132812e+01 1.290016841888427734e+02
2.790425682067871094e+02 4.773149013519287109e+01 1.280361652374267578e+02
2.783790588378906250e+02 4.756483554840087891e+01 1.283936023712158203e+02
2.777124023437500000e+02 4.738830566406250000e+01 1.286694622039794922e+02
2.779999923706054688e+02 4.830692768096923828e+01 1.297520065307617188e+02
2.772510337829589844e+02 4.761045932769775391e+01 1.293361377716064453e+02
2.770087051391601562e+02 4.799093246459960938e+01 1.300056076049804688e+02
2.767663955688476562e+02 4.837140560150146484e+01 1.306550502777099609e+02
2.774330520629882812e+02 4.853322982788085938e+01 1.304586601257324219e+02
2.759999847412109375e+02 4.771037101745605469e+01 1.302112674713134766e+02
2.765843582153320312e+02 4.746228694915771484e+01 1.295525550842285156e+02
2.759999847412109375e+02 4.821036815643310547e+01 1.308498096466064453e+02
2.752606582641601562e+02 4.757575035095214844e+01 1.303957939147949219e+02
2.750193023681640625e+02 4.798962593078613281e+01 1.310085678100585938e+02
2.739999961853027344e+02 4.777678012847900391e+01 1.311534404754638672e+02
2.745940017700195312e+02 4.746970176696777344e+01 1.305391025543212891e+02
2.747779464721679688e+02 4.840349674224853516e+01 1.316067504882812500e+02
2.754446029663085938e+02 4.851936817169189453e+01 1.314780235290527344e+02
2.751220512390136719e+02 4.895184516906738281e+01 1.320470523834228516e+02
2.759999847412109375e+02 4.863265514373779297e+01 1.313498115539550781e+02
2.759999847412109375e+02 4.913265705108642578e+01 1.318738842010498047e+02
2.771290016174316406e+02 4.892869949340820312e+01 1.310751342773437500e+02
2.768249511718750000e+02 4.932417392730712891e+01 1.316778278350830078e+02
2.774916267395019531e+02 4.950483798980712891e+01 1.314952182769775391e+02
2.779999923706054688e+02 4.920141696929931641e+01 1.308257389068603516e+02
2.779999923706054688e+02 4.870141506195068359e+01 1.302520084381103516e+02
2.779999923706054688e+02 4.967714309692382812e+01 1.313257408142089844e+02
2.786412239074707031e+02 4.940199375152587891e+01 1.306057739257812500e+02
2.789703178405761719e+02 5.001943588256835938e+01 1.309803390502929688e+02
2.786327552795410156e+02 5.039802074432373047e+01 1.315938186645507812e+02
2.779999923706054688e+02 5.017714023590087891e+01 1.317954158782958984e+02
2.771318435668945312e+02 4.991970062255859375e+01 1.320722866058349609e+02
2.779999923706054688e+02 5.075083732604980469e+01 1.322954177856445312e+02
2.774387359619140625e+02 5.054051399230957031e+01 1.324667453765869141e+02
2.779999923706054688e+02 5.125083446502685547e+01 1.326943111419677734e+02
2.780256843566894531e+02 5.199279785156250000e+01 1.332127571105957031e+02
2.785462188720703125e+02 5.146059989929199219e+01 1.325308704376220703e+02
2.770323944091796875e+02 5.097735881805419922e+01 1.330194282531738281e+02
2.767720603942871094e+02 5.033455848693847656e+01 1.326439762115478516e+02
2.759999847412109375e+02 5.073482036590576172e+01 1.333199787139892578e+02
2.766260528564453125e+02 5.141420841217041016e+01 1.335645103454589844e+02
2.772927093505859375e+02 5.165465831756591797e+01 1.333948802947998047e+02
2.769756317138671875e+02 5.199279785156250000e+01 1.337796878814697266e+02
2.770647048950195312e+02 5.295475482940673828e+01 1.343235874176025391e+02
2.777094650268554688e+02 5.232132434844970703e+01 1.336194229125976562e+02
2.760244750976562500e+02 5.202133178710937500e+01 1.342281150817871094e+02
2.750000000000000000e+02 5.166896820068359375e+01 1.343886280059814453e+02
2.759999847412109375e+02 5.123482227325439453e+01 1.336984825134277344e+02
2.757074737548828125e+02 5.236887931823730469e+01 1.345855522155761719e+02
2.763741493225097656e+02 5.259125232696533203e+01 1.344488811492919922e+02
2.760244750976562500e+02 5.295475482940673828e+01 1.347913455963134766e+02
2.760341835021972656e+02 5.398654460906982422e+01 1.353141689300537109e+02
2.767745018005371094e+02 5.325791835784912109e+01 1.346339511871337891e+02
2.749797248840332031e+02 5.304929256439208984e+01 1.352308464050292969e+02
2.750000000000000000e+02 5.216896533966064453e+01 1.347140026092529297e+02
2.746328735351562500e+02 5.341548919677734375e+01 1.355456829071044922e+02
2.752995491027832031e+02 5.364423751831054688e+01 1.354327392578125000e+02
2.739999961853027344e+02 5.273737907409667969e+01 1.353732109069824219e+02
2.733295440673828125e+02 5.256768703460693359e+01 1.354644966125488281e+02
2.740711975097656250e+02 5.191384792327880859e+01 1.348532772064208984e+02
2.739999961853027344e+02 5.323738098144531250e+01 1.356374454498291016e+02
2.729977226257324219e+02 5.294061183929443359e+01 1.357248687744140625e+02
2.726628684997558594e+02 5.244321346282958984e+01 1.355347633361816406e+02
2.719999885559082031e+02 5.300000190734863281e+01 1.359244251251220703e+02
2.709999847412109375e+02 5.300000190734863281e+01 1.360166931152343750e+02
2.719999885559082031e+02 5.235813617706298828e+01 1.355866146087646484e+02
2.709999847412109375e+02 5.228257656097412109e+01 1.356332015991210938e+02
2.719999885559082031e+02 5.185813426971435547e+01 1.352803230285644531e+02
2.709999847412109375e+02 5.178257465362548828e+01 1.353257369995117188e+02
2.719999885559082031e+02 5.110959529876708984e+01 1.347803211212158203e+02
2.729977226257324219e+02 5.206593036651611328e+01 1.352316856384277344e+02
2.729999923706054688e+02 5.123337745666503906e+01 1.346912384033203125e+02
2.729999923706054688e+02 5.073338031768798828e+01 1.343281650543212891e+02
2.737853431701660156e+02 5.137296676635742188e+01 1.345911788940429688e+02
2.740711975097656250e+02 5.102377891540527344e+01 1.342420578002929688e+02
2.744520187377929688e+02 5.152307510375976562e+01 1.344847202301025391e+02
2.750155067443847656e+02 5.093933582305908203e+01 1.338531970977783203e+02
2.739999961853027344e+02 5.027489662170410156e+01 1.336890316009521484e+02
2.729999923706054688e+02 5.010763645172119141e+01 1.338281726837158203e+02
2.739999961853027344e+02 4.977489948272705078e+01 1.332560443878173828e+02
2.746925163269042969e+02 5.041618347167968750e+01 1.335704803466796875e+02
2.750793266296386719e+02 4.996479511260986328e+01 1.330308341979980469e+02
2.747994995117187500e+02 4.938432216644287109e+01 1.326123332977294922e+02
2.754661560058593750e+02 4.951340675354003906e+01 1.324873447418212891e+02
2.753591728210449219e+02 5.056555747985839844e+01 1.334493255615234375e+02
2.759999847412109375e+02 5.013597488403320312e+01 1.328199768066406250e+02
2.759999847412109375e+02 4.963597297668457031e+01 1.323738861083984375e+02
2.739999961853027344e+02 4.923740863800048828e+01 1.327560424804687500e+02
2.729999923706054688e+02 4.908832073211669922e+01 1.329041004180908203e+02
2.739999961853027344e+02 4.873741149902343750e+01 1.322512531280517578e+02
2.729999923706054688e+02 4.858831882476806641e+01 1.324059295654296875e+02
2.739999961853027344e+02 4.827677726745605469e+01 1.317512512207031250e+02
2.729999923706054688e+02 4.814480781555175781e+01 1.319059371948242188e+02
2.720280265808105469e+02 4.812519550323486328e+01 1.320877933502197266e+02
2.729999923706054688e+02 4.764481067657470703e+01 1.313154506683349609e+02
2.719999885559082031e+02 4.755760669708251953e+01 1.314257431030273438e+02
2.709999847412109375e+02 4.751630306243896484e+01 1.314786720275878906e+02
2.700000000000000000e+02 4.751896381378173828e+01 1.314747714996337891e+02
2.709999847412109375e+02 4.795321941375732422e+01 1.319999980926513672e+02
2.700000000000000000e+02 4.795439243316650391e+01 1.319999980926513672e+02
2.709999847412109375e+02 4.843692302703857422e+01 1.325658226013183594e+02
2.700000000000000000e+02 4.843543052673339844e+01 1.325674819946289062e+02
2.717133903503417969e+02 4.846518993377685547e+01 1.325361537933349609e+02
2.709999847412109375e+02 4.894177436828613281e+01 1.330658245086669922e+02
2.700000000000000000e+02 4.893949985504150391e+01 1.330674839019775391e+02
2.709999847412109375e+02 4.944177150726318359e+01 1.335540580749511719e+02
2.720293045043945312e+02 4.899426460266113281e+01 1.330062866210937500e+02
2.723800659179687500e+02 4.851886749267578125e+01 1.324796581268310547e+02
2.716785430908203125e+02 4.946966648101806641e+01 1.335280704498291016e+02
2.723451995849609375e+02 4.952650070190429688e+01 1.334764099121093750e+02
2.720071220397949219e+02 4.991590023040771484e+01 1.338521194458007812e+02
2.729999923706054688e+02 4.960763454437255859e+01 1.334041023254394531e+02
2.719999885559082031e+02 5.060959339141845703e+01 1.344190979003906250e+02
2.709999847412109375e+02 5.000000000000000000e+01 1.340190887451171875e+02
2.700000000000000000e+02 5.000000000000000000e+01 1.340239620208740234e+02
2.709999847412109375e+02 5.054718971252441406e+01 1.344650363922119141e+02
2.709999847412109375e+02 5.104718685150146484e+01 1.348257350921630859e+02
2.700000000000000000e+02 5.054349422454833984e+01 1.344676589965820312e+02
2.689999961853027344e+02 5.060116767883300781e+01 1.344242191314697266e+02
2.700000000000000000e+02 5.104349613189697266e+01 1.348285865783691406e+02
2.700000000000000000e+02 5.177584171295166016e+01 1.353285884857177734e+02
2.689999961853027344e+02 5.110116958618164062e+01 1.347883319854736328e+02
2.679999923706054688e+02 5.124008178710937500e+01 1.346899318695068359e+02
2.689999961853027344e+02 5.183846473693847656e+01 1.352883243560791016e+02
2.689999961853027344e+02 5.233846664428710938e+01 1.356004905700683594e+02
2.679835128784179688e+02 5.205557823181152344e+01 1.352320575714111328e+02
2.669757080078125000e+02 5.194293498992919922e+01 1.348393535614013672e+02
2.676392173767089844e+02 5.255739688873291016e+01 1.354668521881103516e+02
2.683058738708496094e+02 5.242596149444580078e+01 1.355463981628417969e+02
2.679835128784179688e+02 5.293444156646728516e+01 1.357553482055664062e+02
2.669999885559082031e+02 5.322702407836914062e+01 1.356568622589111328e+02
2.679409408569335938e+02 5.403667449951171875e+01 1.363196563720703125e+02
2.689999961853027344e+02 5.300000190734863281e+01 1.359605693817138672e+02
2.689999961853027344e+02 5.379266262054443359e+01 1.363600826263427734e+02
2.700000000000000000e+02 5.300000190734863281e+01 1.360284709930419922e+02
2.700000000000000000e+02 5.227584362030029297e+01 1.356383514404296875e+02
2.700000000000000000e+02 5.373481750488281250e+01 1.363901138305664062e+02
2.669999885559082031e+02 5.400000095367431641e+01 1.360686969757080078e+02
2.669999885559082031e+02 5.272702217102050781e+01 1.353622722625732422e+02
2.663749885559082031e+02 5.341197013854980469e+01 1.355532646179199219e+02
2.660249900817871094e+02 5.304718017578125000e+01 1.351692962646484375e+02
2.659999847412109375e+02 5.228015422821044922e+01 1.346542358398437500e+02
2.650773429870605469e+02 5.305454254150390625e+01 1.346911430358886719e+02
2.657083129882812500e+02 5.365936279296875000e+01 1.354098606109619141e+02
2.649916267395019531e+02 5.399561882019042969e+01 1.352271270751953125e+02
2.646527099609375000e+02 5.466227054595947266e+01 1.354160976409912109e+02
2.653193855285644531e+02 5.432602882385253906e+01 1.355966091156005859e+02
2.640546226501464844e+02 5.407517433166503906e+01 1.346969127655029297e+02
2.634680175781250000e+02 5.445861816406250000e+01 1.345261764526367188e+02
2.644243812561035156e+02 5.342423439025878906e+01 1.345525836944580078e+02
2.637577056884765625e+02 5.379195213317871094e+01 1.343107223510742188e+02
2.640149688720703125e+02 5.499736309051513672e+01 1.351915931701660156e+02
2.630709075927734375e+02 5.409947395324707031e+01 1.339376354217529297e+02
2.640319824218750000e+02 5.303477764129638672e+01 1.339803791046142578e+02
2.643062591552734375e+02 5.230809211730957031e+01 1.336500358581542969e+02
2.636395835876464844e+02 5.264532566070556641e+01 1.333801174163818359e+02
2.647955703735351562e+02 5.275756359100341797e+01 1.343167114257812500e+02
2.633404541015625000e+02 5.331199169158935547e+01 1.336440563201904297e+02
2.629830169677734375e+02 5.298572540283203125e+01 1.330157852172851562e+02
2.623708343505859375e+02 5.332612037658691406e+01 1.326514434814453125e+02
2.632922363281250000e+02 5.225482940673828125e+01 1.327134513854980469e+02
2.626255607604980469e+02 5.265945434570312500e+01 1.323479938507080078e+02
2.626737976074218750e+02 5.374032497406005859e+01 1.333181095123291016e+02
2.620705223083496094e+02 5.411909580230712891e+01 1.329099082946777344e+02
2.617041587829589844e+02 5.383120536804199219e+01 1.322122097015380859e+02
2.617588996887207031e+02 5.500000000000000000e+01 1.331817150115966797e+02
2.624368858337402344e+02 5.440699100494384766e+01 1.335645484924316406e+02
2.614987182617187500e+02 5.449787139892578125e+01 1.325016975402832031e+02
2.613500404357910156e+02 5.409872055053710938e+01 1.319273281097412109e+02
2.613647270202636719e+02 5.500000000000000000e+01 1.326817131042480469e+02
2.608609962463378906e+02 5.504301548004150391e+01 1.319467926025390625e+02
2.611497497558593750e+02 5.599364757537841797e+01 1.330443572998046875e+02
2.606242561340332031e+02 5.600000381469726562e+01 1.322942161560058594e+02
2.607364654541015625e+02 5.691945075988769531e+01 1.329912853240966797e+02
2.603952217102050781e+02 5.719908237457275391e+01 1.326521396636962891e+02
2.605114173889160156e+02 5.653241634368896484e+01 1.324809741973876953e+02
2.606348991394042969e+02 5.800000190734863281e+01 1.333154582977294922e+02
2.605477714538574219e+02 5.874343395233154297e+01 1.334351348876953125e+02
2.602809715270996094e+02 5.800000190734863281e+01 1.328154563903808594e+02
2.597513198852539062e+02 5.800772666931152344e+01 1.319419574737548828e+02
2.602258110046386719e+02 5.904606342315673828e+01 1.330610847473144531e+02
2.596710014343261719e+02 5.900000095367431641e+01 1.321913146972656250e+02
2.600484466552734375e+02 6.000000000000000000e+01 1.330000019073486328e+02
2.604816627502441406e+02 5.941009998321533203e+01 1.335236072540283203e+02
2.595990371704101562e+02 6.000000000000000000e+01 1.323220252990722656e+02
2.593220520019531250e+02 6.000000000000000000e+01 1.318220233917236328e+02
2.595742416381835938e+02 6.100000381469726562e+01 1.323694038391113281e+02
2.592923355102539062e+02 6.100000381469726562e+01 1.318694114685058594e+02
2.588612365722656250e+02 6.100000381469726562e+01 1.310000038146972656e+02
2.593078231811523438e+02 6.200000286102294922e+01 1.318361759185791016e+02
2.588870239257812500e+02 6.200000286102294922e+01 1.310000038146972656e+02
2.593692588806152344e+02 6.300000190734863281e+01 1.317251491546630859e+02
2.590008926391601562e+02 6.300000190734863281e+01 1.310000038146972656e+02
2.594407653808593750e+02 6.371881961822509766e+01 1.316002941131591797e+02
2.592465591430664062e+02 6.403129577636718750e+01 1.310647201538085938e+02
2.597418212890625000e+02 6.403129577636718750e+01 1.319601821899414062e+02
2.595309829711914062e+02 6.438549041748046875e+01 1.314411926269531250e+02
2.601531410217285156e+02 6.504239559173583984e+01 1.320629692077636719e+02
2.596411705017089844e+02 6.500000000000000000e+01 1.312396430969238281e+02
2.604003334045410156e+02 6.473732471466064453e+01 1.326340675354003906e+02
2.603630447387695312e+02 6.600000381469726562e+01 1.317109107971191406e+02
2.605413436889648438e+02 6.540399074554443359e+01 1.324382781982421875e+02
2.598668289184570312e+02 6.593231201171875000e+01 1.309270000457763672e+02
2.604935073852539062e+02 6.651054382324218750e+01 1.315096092224121094e+02
2.603650856018066406e+02 6.690632820129394531e+01 1.309117221832275391e+02
2.598551368713378906e+02 6.693930625915527344e+01 1.299432468414306641e+02
2.594652175903320312e+02 6.656550884246826172e+01 1.295720767974853516e+02
2.596273231506347656e+02 6.622051715850830078e+01 1.302387428283691406e+02
2.593591117858886719e+02 6.593231201171875000e+01 1.299432468414306641e+02
2.594756126403808594e+02 6.555385112762451172e+01 1.305449962615966797e+02
2.590308380126953125e+02 6.500000000000000000e+01 1.300000000000000000e+02
2.589887428283691406e+02 6.600000381469726562e+01 1.290000057220458984e+02
2.586561012268066406e+02 6.600172519683837891e+01 1.280366516113281250e+02
2.586431884765625000e+02 6.504185676574707031e+01 1.290204429626464844e+02
2.593471908569335938e+02 6.679637432098388672e+01 1.290000057220458984e+02
2.591714096069335938e+02 6.709779739379882812e+01 1.280965995788574219e+02
2.585310363769531250e+02 6.540308952331542969e+01 1.283944225311279297e+02
2.585499191284179688e+02 6.428499221801757812e+01 1.293674087524414062e+02
2.584239768981933594e+02 6.473642349243164062e+01 1.287007427215576172e+02
2.583449172973632812e+02 6.397099494934082031e+01 1.290204429626464844e+02
2.583119392395019531e+02 6.504185676574707031e+01 1.280366516113281250e+02
2.580126571655273438e+02 6.400000095367431641e+01 1.280000019073486328e+02
2.580190849304199219e+02 6.500000000000000000e+01 1.269999980926513672e+02
2.584324645996093750e+02 6.566953659057617188e+01 1.277277469635009766e+02
2.583570098876953125e+02 6.600172519683837891e+01 1.269453239440917969e+02
2.581397628784179688e+02 6.600000381469726562e+01 1.260000038146972656e+02
2.584805679321289062e+02 6.654143810272216797e+01 1.265755367279052734e+02
2.585647583007812500e+02 6.633620262145996094e+01 1.272422027587890625e+02
2.584166145324707031e+02 6.668329238891601562e+01 1.260000038146972656e+02
2.583524322509765625e+02 6.702177524566650391e+01 1.249130344390869141e+02
2.586455726623535156e+02 6.718329429626464844e+01 1.260000038146972656e+02
2.585588836669921875e+02 6.736961841583251953e+01 1.251883888244628906e+02
2.587759971618652344e+02 6.790490150451660156e+01 1.249130344390869141e+02
2.584957885742187500e+02 6.750816345214843750e+01 1.245217227935791016e+02
2.587160301208496094e+02 6.807758808135986328e+01 1.240000057220458984e+02
2.586567497253417969e+02 6.819349288940429688e+01 1.230000019073486328e+02
2.592646980285644531e+02 6.906339645385742188e+01 1.239508152008056641e+02
2.584602737426757812e+02 6.757759094238281250e+01 1.240000057220458984e+02
2.582042694091796875e+02 6.700000286102294922e+01 1.240000057220458984e+02
2.584010696411132812e+02 6.769349098205566406e+01 1.230000019073486328e+02
2.583609390258789062e+02 6.777152061462402344e+01 1.219999980926513672e+02
2.580897521972656250e+02 6.700000286102294922e+01 1.230000019073486328e+02
2.580130386352539062e+02 6.700000286102294922e+01 1.219999980926513672e+02
2.576644897460937500e+02 6.590915679931640625e+01 1.229375362396240234e+02
2.574946022033691406e+02 6.551525592803955078e+01 1.225625610351562500e+02
2.576520919799804688e+02 6.605507373809814453e+01 1.219999980926513672e+02
2.575226020812988281e+02 6.542315006256103516e+01 1.232292270660400391e+02
2.578073120117187500e+02 6.600000381469726562e+01 1.240000057220458984e+02
2.575633239746093750e+02 6.528370857238769531e+01 1.240000057220458984e+02
2.579517364501953125e+02 6.600000381469726562e+01 1.250000000000000000e+02
2.576170539855957031e+02 6.497308254241943359e+01 1.250335216522216797e+02
2.577970886230468750e+02 6.500000000000000000e+01 1.260000038146972656e+02
2.574636840820312500e+02 6.462180137634277344e+01 1.247225379943847656e+02
2.575177001953125000e+02 6.442523479461669922e+01 1.253892040252685547e+02
2.573743057250976562e+02 6.405514240264892578e+01 1.250335216522216797e+02
2.575739479064941406e+02 6.419560432434082031e+01 1.260000038146972656e+02
2.576969528198242188e+02 6.390134334564208984e+01 1.269012928009033203e+02
2.574530982971191406e+02 6.369560241699218750e+01 1.260000038146972656e+02
2.574994277954101562e+02 6.350224018096923828e+01 1.265021514892578125e+02
2.573300933837890625e+02 6.300000190734863281e+01 1.260000038146972656e+02
2.571655654907226562e+02 6.300000190734863281e+01 1.250000000000000000e+02
2.574605560302734375e+02 6.300000190734863281e+01 1.266484260559082031e+02
2.572216987609863281e+02 6.200000286102294922e+01 1.260000038146972656e+02
2.572107505798339844e+02 6.100000381469726562e+01 1.260000038146972656e+02
2.570545005798339844e+02 6.200000286102294922e+01 1.250000000000000000e+02
2.574070358276367188e+02 6.200000286102294922e+01 1.268410968780517578e+02
2.575422477722167969e+02 6.200000286102294922e+01 1.273410987854003906e+02
2.574020004272460938e+02 6.100000381469726562e+01 1.268569087982177734e+02
2.575386047363281250e+02 6.100000381469726562e+01 1.273569107055664062e+02
2.574447631835937500e+02 6.000000000000000000e+01 1.267043781280517578e+02
2.572970199584960938e+02 6.000000000000000000e+01 1.260000038146972656e+02
2.575776672363281250e+02 6.000000000000000000e+01 1.272043704986572266e+02
2.574850845336914062e+02 5.943087100982666016e+01 1.265556716918945312e+02
2.574394416809082031e+02 5.905852317810058594e+01 1.259268760681152344e+02
2.576612854003906250e+02 5.905852317810058594e+01 1.269334030151367188e+02
2.579244041442871094e+02 5.800000190734863281e+01 1.269999980926513672e+02
2.575555229187011719e+02 5.876420497894287109e+01 1.262114620208740234e+02
2.579638671875000000e+02 5.900000095367431641e+01 1.280000019073486328e+02
2.581932067871093750e+02 5.800000190734863281e+01 1.280000019073486328e+02
2.578000831604003906e+02 6.000000000000000000e+01 1.280000019073486328e+02
2.583154869079589844e+02 5.895259380340576172e+01 1.290713310241699219e+02
2.584183883666992188e+02 5.800000190734863281e+01 1.287413311004638672e+02
2.581247520446777344e+02 6.000000000000000000e+01 1.290000057220458984e+02
2.584539413452148438e+02 5.925432205200195312e+01 1.296154785156250000e+02
2.585161018371582031e+02 5.858765602111816406e+01 1.294522190093994141e+02
2.586473846435546875e+02 5.895259380340576172e+01 1.299692916870117188e+02
2.585826683044433594e+02 5.800000190734863281e+01 1.292413330078125000e+02
2.587331390380859375e+02 5.707852363586425781e+01 1.289217376708984375e+02
2.588574218750000000e+02 5.800000190734863281e+01 1.300000000000000000e+02
2.591333961486816406e+02 5.700000286102294922e+01 1.300000000000000000e+02
2.592965888977050781e+02 5.800772666931152344e+01 1.310434055328369141e+02
2.590670394897460938e+02 5.900000095367431641e+01 1.310000038146972656e+02
2.594613265991210938e+02 5.834620475769042969e+01 1.315699291229248047e+02
2.595442199707031250e+02 5.767953872680664062e+01 1.314056777954101562e+02
2.594136810302734375e+02 5.700000286102294922e+01 1.306854152679443359e+02
2.594961166381835938e+02 5.648998737335205078e+01 1.305082130432128906e+02
2.596474456787109375e+02 5.700000286102294922e+01 1.311854171752929688e+02
2.598377227783203125e+02 5.609399318695068359e+01 1.309049224853515625e+02
2.601550865173339844e+02 5.691945075988769531e+01 1.320885848999023438e+02
2.603300285339355469e+02 5.600000381469726562e+01 1.317942142486572266e+02
2.604543495178222656e+02 5.540502548217773438e+01 1.315779781341552734e+02
2.603099822998046875e+02 5.504301548004150391e+01 1.309695339202880859e+02
2.604394721984863281e+02 5.438474178314208984e+01 1.306158924102783203e+02
2.598180389404296875e+02 5.508509159088134766e+01 1.299162101745605469e+02
2.606153488159179688e+02 5.473835945129394531e+01 1.312825584411621094e+02
2.608203125000000000e+02 5.403084754943847656e+01 1.309695339202880859e+02
2.613449859619140625e+02 5.307230472564697266e+01 1.309101390838623047e+02
2.606158256530761719e+02 5.371807575225830078e+01 1.302404880523681641e+02
2.608580970764160156e+02 5.306549072265625000e+01 1.299442958831787109e+02
2.603247070312500000e+02 5.403084754943847656e+01 1.299442958831787109e+02
2.599764633178710938e+02 5.400000095367431641e+01 1.290000057220458984e+02
2.604672431945800781e+02 5.344248294830322266e+01 1.295738220214843750e+02
2.603587722778320312e+02 5.324148178100585938e+01 1.290000057220458984e+02
2.602027130126953125e+02 5.292769432067871094e+01 1.280531024932861328e+02
2.596659469604492188e+02 5.399913311004638672e+01 1.280549907684326172e+02
2.595763397216796875e+02 5.366521835327148438e+01 1.271924686431884766e+02
2.594218444824218750e+02 5.433188438415527344e+01 1.277583217620849609e+02
2.595224571228027344e+02 5.455333232879638672e+01 1.284249877929687500e+02
2.592551994323730469e+02 5.493200302124023438e+01 1.280549907684326172e+02
2.596176910400390625e+02 5.477136135101318359e+01 1.290000057220458984e+02
2.594034194946289062e+02 5.527136325836181641e+01 1.290000057220458984e+02
2.591242408752441406e+02 5.600000381469726562e+01 1.290000057220458984e+02
2.594890022277832031e+02 5.547515392303466797e+01 1.295270156860351562e+02
2.594103813171386719e+02 5.609399318695068359e+01 1.299162101745605469e+02
2.596228218078613281e+02 5.582332134246826172e+01 1.301936817169189453e+02
2.588252449035644531e+02 5.600000381469726562e+01 1.280000019073486328e+02
2.585991477966308594e+02 5.596873283386230469e+01 1.270969486236572266e+02
2.585726356506347656e+02 5.672605991363525391e+01 1.280000019073486328e+02
2.585012626647949219e+02 5.650387763977050781e+01 1.274949169158935547e+02
2.584103584289550781e+02 5.722606182098388672e+01 1.280000019073486328e+02
2.582722854614257812e+02 5.690232753753662109e+01 1.270969486236572266e+02
2.584881973266601562e+02 5.746420383453369141e+01 1.285362243652343750e+02
2.584176063537597656e+02 5.628121852874755859e+01 1.268282508850097656e+02
2.579948043823242188e+02 5.700000286102294922e+01 1.260000038146972656e+02
2.583445549011230469e+02 5.596873283386230469e+01 1.259774494171142578e+02
2.578256034851074219e+02 5.700000286102294922e+01 1.250000000000000000e+02
2.576680564880371094e+02 5.808066844940185547e+01 1.259268760681152344e+02
2.575851249694824219e+02 5.781548500061035156e+01 1.250000000000000000e+02
2.574911117553710938e+02 5.846777915954589844e+01 1.255447959899902344e+02
2.574486541748046875e+02 5.831548213958740234e+01 1.250000000000000000e+02
2.573968696594238281e+02 5.797172069549560547e+01 1.239465808868408203e+02
2.572966003417968750e+02 5.900000095367431641e+01 1.250000000000000000e+02
2.571607589721679688e+02 5.900000095367431641e+01 1.240000057220458984e+02
2.571312713623046875e+02 6.000000000000000000e+01 1.250000000000000000e+02
2.570423889160156250e+02 6.100000381469726562e+01 1.250000000000000000e+02
2.569987106323242188e+02 6.000000000000000000e+01 1.240000057220458984e+02
2.569154357910156250e+02 6.000000000000000000e+01 1.230000019073486328e+02
2.569066429138183594e+02 6.100000381469726562e+01 1.240000057220458984e+02
2.568192100524902344e+02 6.100000381469726562e+01 1.230000019073486328e+02
2.569210815429687500e+02 6.200000286102294922e+01 1.240000057220458984e+02
2.568356513977050781e+02 6.200000286102294922e+01 1.230000019073486328e+02
2.570368576049804688e+02 6.300000190734863281e+01 1.240000057220458984e+02
2.569553184509277344e+02 6.300000190734863281e+01 1.230000019073486328e+02
2.572213172912597656e+02 6.400000095367431641e+01 1.240000057220458984e+02
2.571306037902832031e+02 6.400000095367431641e+01 1.230000019073486328e+02
2.574156570434570312e+02 6.478371143341064453e+01 1.240000057220458984e+02
2.573898696899414062e+02 6.505388736724853516e+01 1.229375362396240234e+02
2.573182487487792969e+02 6.500000000000000000e+01 1.219999980926513672e+02
2.574808502197265625e+02 6.555507183074951172e+01 1.219999980926513672e+02
2.570819473266601562e+02 6.400000095367431641e+01 1.219999980926513672e+02
2.572975921630859375e+02 6.500000000000000000e+01 1.210000038146972656e+02
2.570665740966796875e+02 6.400000095367431641e+01 1.210000038146972656e+02
2.573182487487792969e+02 6.500000000000000000e+01 1.200000000000000000e+02
2.574697875976562500e+02 6.558725833892822266e+01 1.210000038146972656e+02
2.574808502197265625e+02 6.555507183074951172e+01 1.200000000000000000e+02
2.576398277282714844e+02 6.608726024627685547e+01 1.210000038146972656e+02
2.576520919799804688e+02 6.605507373809814453e+01 1.200000000000000000e+02
2.579864120483398438e+02 6.700000286102294922e+01 1.210000038146972656e+02
2.583465957641601562e+02 6.779899120330810547e+01 1.210000038146972656e+02
2.580130386352539062e+02 6.700000286102294922e+01 1.200000000000000000e+02
2.580971527099609375e+02 6.700000286102294922e+01 1.190000057220458984e+02
2.583609390258789062e+02 6.777152061462402344e+01 1.200000000000000000e+02
2.584053230285644531e+02 6.768486976623535156e+01 1.190000057220458984e+02
2.586172485351562500e+02 6.827152252197265625e+01 1.200000000000000000e+02
2.586614799499511719e+02 6.818486690521240234e+01 1.190000057220458984e+02
2.590183448791503906e+02 6.900000095367431641e+01 1.200000000000000000e+02
2.586034202575683594e+02 6.829898834228515625e+01 1.210000038146972656e+02
2.586172485351562500e+02 6.827152252197265625e+01 1.219999980926513672e+02
2.589873695373535156e+02 6.900000095367431641e+01 1.210000038146972656e+02
2.590183448791503906e+02 6.900000095367431641e+01 1.219999980926513672e+02
2.593839263916015625e+02 6.966573238372802734e+01 1.210000038146972656e+02
2.594010925292968750e+02 6.964050292968750000e+01 1.200000000000000000e+02
2.594010925292968750e+02 6.964050292968750000e+01 1.219999980926513672e+02
2.597426223754882812e+02 7.016572952270507812e+01 1.210000038146972656e+02
2.597615623474121094e+02 7.014050006866455078e+01 1.200000000000000000e+02
2.597634887695312500e+02 7.014050006866455078e+01 1.219999980926513672e+02
2.602426147460937500e+02 7.080536842346191406e+01 1.210000038146972656e+02
2.602634811401367188e+02 7.077931404113769531e+01 1.219999980926513672e+02
2.606788444519042969e+02 7.130536556243896484e+01 1.210000038146972656e+02
2.602615547180175781e+02 7.078427314758300781e+01 1.200000000000000000e+02
2.603166198730468750e+02 7.071988582611083984e+01 1.190000057220458984e+02
2.606968307495117188e+02 7.128427028656005859e+01 1.200000000000000000e+02
2.607518196105957031e+02 7.121988773345947266e+01 1.190000057220458984e+02
2.611968231201171875e+02 7.180621623992919922e+01 1.200000000000000000e+02
2.612518310546875000e+02 7.175237178802490234e+01 1.190000057220458984e+02
2.613313674926757812e+02 7.167308330535888672e+01 1.180000019073486328e+02
2.617584037780761719e+02 7.225237369537353516e+01 1.190000057220458984e+02
2.618391799926757812e+02 7.217308521270751953e+01 1.180000019073486328e+02
2.622583961486816406e+02 7.271453380584716797e+01 1.190000057220458984e+02
2.620538902282714844e+02 7.214816093444824219e+01 1.169187259674072266e+02
2.619563484191894531e+02 7.183752536773681641e+01 1.160970115661621094e+02
2.625080490112304688e+02 7.249294757843017578e+01 1.165312099456787109e+02
2.624231529235839844e+02 7.256888866424560547e+01 1.171978855133056641e+02
2.614363670349121094e+02 7.156549453735351562e+01 1.169999980926513672e+02
2.608713531494140625e+02 7.093056201934814453e+01 1.169948005676269531e+02
2.614985084533691406e+02 7.150153160095214844e+01 1.164950180053710938e+02
2.611994361877441406e+02 7.103967189788818359e+01 1.160970115661621094e+02
2.606254005432128906e+02 7.033740520477294922e+01 1.160000038146972656e+02
2.612799263000488281e+02 7.075150489807128906e+01 1.150000000000000000e+02
2.615939331054687500e+02 7.139945507049560547e+01 1.158283519744873047e+02
2.617328834533691406e+02 7.125150203704833984e+01 1.150000000000000000e+02
2.619637298583984375e+02 7.103665351867675781e+01 1.139216518402099609e+02
2.622328758239746094e+02 7.176199913024902344e+01 1.150000000000000000e+02
2.627668571472167969e+02 7.226199626922607422e+01 1.150000000000000000e+02
2.623832321166992188e+02 7.161459922790527344e+01 1.142339515686035156e+02
2.629710197448730469e+02 7.202808856964111328e+01 1.139404010772705078e+02
2.631692123413085938e+02 7.179866790771484375e+01 1.130000019073486328e+02
2.635733032226562500e+02 7.244157791137695312e+01 1.136468505859375000e+02
2.634118843078613281e+02 7.257357597351074219e+01 1.143135166168212891e+02
2.625301742553710938e+02 7.147075653076171875e+01 1.135672855377197266e+02
2.626692008972167969e+02 7.133749961853027344e+01 1.130000019073486328e+02
2.629666709899902344e+02 7.103183269500732422e+01 1.119526481628417969e+02
2.621781921386718750e+02 7.083749771118164062e+01 1.130000019073486328e+02
2.616781997680664062e+02 7.028622150421142578e+01 1.130000019073486328e+02
2.623600387573242188e+02 7.064590930938720703e+01 1.122750854492187500e+02
2.619851112365722656e+02 7.001267910003662109e+01 1.119828510284423828e+02
2.616102027893066406e+02 6.935083389282226562e+01 1.116906070709228516e+02
2.622768783569335938e+02 6.975733280181884766e+01 1.111928462982177734e+02
2.625712394714355469e+02 7.042400360107421875e+01 1.116084194183349609e+02
2.614208221435546875e+02 6.960135936737060547e+01 1.123572731018066406e+02
2.611916351318359375e+02 6.901050090789794922e+01 1.120143604278564453e+02
2.612751579284667969e+02 6.978621959686279297e+01 1.130000019073486328e+02
2.610112571716308594e+02 6.998263835906982422e+01 1.140369319915771484e+02
2.607368850708007812e+02 6.900210380554199219e+01 1.129391574859619141e+02
2.603858757019042969e+02 6.867017269134521484e+01 1.132319259643554688e+02
2.605279350280761719e+02 6.845239162445068359e+01 1.125652503967285156e+02
2.606126976013183594e+02 6.933683872222900391e+01 1.137978458404541016e+02
2.602829551696777344e+02 6.900210380554199219e+01 1.140787029266357422e+02
2.597096824645996094e+02 6.799334049224853516e+01 1.139528942108154297e+02
2.598787307739257812e+02 6.890052795410156250e+01 1.150989151000976562e+02
2.604863548278808594e+02 6.951834201812744141e+01 1.144645118713378906e+02
2.603988838195800781e+02 6.963684082031250000e+01 1.150000000000000000e+02
2.602495193481445312e+02 6.983740329742431641e+01 1.160000038146972656e+02
2.607799339294433594e+02 7.013684272766113281e+01 1.150000000000000000e+02
2.601753234863281250e+02 7.007145404815673828e+01 1.169948005676269531e+02
2.597495269775390625e+02 6.910829544067382812e+01 1.160000038146972656e+02
2.594326210021972656e+02 6.860829353332519531e+01 1.160000038146972656e+02
2.596257591247558594e+02 6.930135726928710938e+01 1.169999980926513672e+02
2.595471572875976562e+02 6.942495822906494141e+01 1.177917766571044922e+02
2.593144226074218750e+02 6.880135536193847656e+01 1.169999980926513672e+02
2.588685226440429688e+02 6.800000190734863281e+01 1.169999980926513672e+02
2.592776870727539062e+02 6.905497550964355469e+01 1.180750656127929688e+02
2.591153907775878906e+02 6.900000095367431641e+01 1.190000057220458984e+02
2.594930458068847656e+02 6.950983047485351562e+01 1.184584426879882812e+02
2.586840820312500000e+02 6.795027732849121094e+01 1.179160976409912109e+02
2.584568977355957031e+02 6.758378982543945312e+01 1.181935024261474609e+02
2.585037040710449219e+02 6.749168872833251953e+01 1.175268363952636719e+02
2.585541152954101562e+02 6.738152027130126953e+01 1.169999980926513672e+02
2.582754135131835938e+02 6.709501743316650391e+01 1.179160976409912109e+02
2.583287620544433594e+02 6.688151836395263672e+01 1.169999980926513672e+02
2.578263664245605469e+02 6.600000381469726562e+01 1.180000019073486328e+02
2.575747680664062500e+02 6.523785114288330078e+01 1.180000019073486328e+02
2.579765510559082031e+02 6.600000381469726562e+01 1.169999980926513672e+02
2.576708602905273438e+02 6.590915679931640625e+01 1.190694713592529297e+02
2.575290107727050781e+02 6.539926528930664062e+01 1.187824535369873047e+02
2.574946022033691406e+02 6.551525592803955078e+01 1.194491195678710938e+02
2.573949623107910156e+02 6.503955841064453125e+01 1.190694713592529297e+02
2.571474075317382812e+02 6.400000095367431641e+01 1.190000057220458984e+02
2.574308586120605469e+02 6.473784923553466797e+01 1.180000019073486328e+02
2.572615051269531250e+02 6.400000095367431641e+01 1.180000019073486328e+02
2.574754905700683594e+02 6.458453655242919922e+01 1.173565769195556641e+02
2.576372146606445312e+02 6.495072364807128906e+01 1.170139503479003906e+02
2.574073410034179688e+02 6.400832176208496094e+01 1.170139503479003906e+02
2.572357177734375000e+02 6.300000190734863281e+01 1.169999980926513672e+02
2.574619102478027344e+02 6.368053436279296875e+01 1.163367271423339844e+02
2.575316429138183594e+02 6.434720039367675781e+01 1.166899108886718750e+02
2.576082992553710938e+02 6.400832176208496094e+01 1.160020351409912109e+02
2.575388526916503906e+02 6.321418762207031250e+01 1.156700611114501953e+02
2.578623199462890625e+02 6.400000095367431641e+01 1.150000000000000000e+02
2.578566360473632812e+02 6.500000000000000000e+01 1.160000038146972656e+02
2.581174468994140625e+02 6.500000000000000000e+01 1.150000000000000000e+02
2.581864929199218750e+02 6.600000381469726562e+01 1.160000038146972656e+02
2.584057044982910156e+02 6.594912052154541016e+01 1.150980281829833984e+02
2.584361076354980469e+02 6.663927078247070312e+01 1.160000038146972656e+02
2.584990501403808594e+02 6.650202274322509766e+01 1.154967212677001953e+02
2.586650276184082031e+02 6.713926792144775391e+01 1.160000038146972656e+02
2.587943077087402344e+02 6.690121650695800781e+01 1.150980281829833984e+02
2.590976333618164062e+02 6.800000190734863281e+01 1.160000038146972656e+02
2.593388175964355469e+02 6.799334049224853516e+01 1.150989151000976562e+02
2.594136619567871094e+02 6.765556812286376953e+01 1.142548179626464844e+02
2.594994354248046875e+02 6.850087642669677734e+01 1.154981899261474609e+02
2.595993614196777344e+02 6.832223415374755859e+01 1.148315238952636719e+02
2.592259216308593750e+02 6.706169128417968750e+01 1.139528942108154297e+02
2.593709754943847656e+02 6.676948547363281250e+01 1.131965446472167969e+02
2.595308685302734375e+02 6.743615150451660156e+01 1.135881519317626953e+02
2.587292098999023438e+02 6.594912052154541016e+01 1.140483093261718750e+02
2.584696197509765625e+02 6.558186531066894531e+01 1.144138431549072266e+02
2.585857772827148438e+02 6.521026134490966797e+01 1.137471771240234375e+02
2.592086601257324219e+02 6.607910633087158203e+01 1.129179286956787109e+02
2.585919189453125000e+02 6.624853134155273438e+01 1.148300457000732422e+02
2.587612152099609375e+02 6.492615699768066406e+01 1.130813121795654297e+02
2.595127487182617188e+02 6.646517753601074219e+01 1.125298786163330078e+02
2.593910026550292969e+02 6.579850673675537109e+01 1.122724246978759766e+02
2.592788696289062500e+02 6.499970912933349609e+01 1.119634628295898438e+02
2.596432495117187500e+02 6.607910633087158203e+01 1.119634628295898438e+02
2.595512962341308594e+02 6.533284187316894531e+01 1.116057586669921875e+02
2.601845169067382812e+02 6.602932929992675781e+01 1.109446048736572266e+02
2.601143836975097656e+02 6.709155082702636719e+01 1.119081306457519531e+02
2.603413772583007812e+02 6.681925296783447266e+01 1.112410068511962891e+02
2.605071258544921875e+02 6.748591899871826172e+01 1.115135574340820312e+02
2.603365135192871094e+02 6.778572559356689453e+01 1.121802234649658203e+02
2.596280860900878906e+02 6.706169128417968750e+01 1.129179286956787109e+02
2.601519584655761719e+02 6.807143688201904297e+01 1.129391574859619141e+02
2.606434249877929688e+02 6.807143688201904297e+01 1.119081306457519531e+02
2.611571693420410156e+02 6.801081657409667969e+01 1.109835433959960938e+02
2.613841819763183594e+02 6.768469333648681641e+01 1.103418540954589844e+02
2.613706398010253906e+02 6.868416309356689453e+01 1.113059043884277344e+02
2.615974044799804688e+02 6.835135936737060547e+01 1.106392383575439453e+02
2.606629753112792969e+02 6.709155082702636719e+01 1.109446048736572266e+02
2.605469703674316406e+02 6.638221263885498047e+01 1.105743408203125000e+02
2.612307739257812500e+02 6.695174694061279297e+01 1.100051116943359375e+02
2.607886123657226562e+02 6.602932929992675781e+01 1.100253105163574219e+02
2.614534568786621094e+02 6.658624649047851562e+01 1.094431877136230469e+02
2.616369628906250000e+02 6.725291252136230469e+01 1.096751880645751953e+02
2.620240974426269531e+02 6.694892883300781250e+01 1.090313720703125000e+02
2.619505119323730469e+02 6.806508064270019531e+01 1.099438381195068359e+02
2.623036384582519531e+02 6.777880191802978516e+01 1.092862129211425781e+02
2.622640609741210938e+02 6.880851745605468750e+01 1.102124881744384766e+02
2.625416564941406250e+02 6.844546794891357422e+01 1.095458126068115234e+02
2.629162788391113281e+02 6.810203552246093750e+01 1.089207267761230469e+02
2.627322006225585938e+02 6.908511161804199219e+01 1.099274921417236328e+02
2.632748985290527344e+02 6.900000095367431641e+01 1.092854118347167969e+02
2.625204658508300781e+02 6.947518348693847656e+01 1.105261802673339844e+02
2.632590103149414062e+02 6.975106716156005859e+01 1.100000000000000000e+02
2.634915542602539062e+02 6.950859546661376953e+01 1.094919776916503906e+02
2.628791809082031250e+02 7.012507915496826172e+01 1.108507061004638672e+02
2.639047622680664062e+02 7.028413295745849609e+01 1.099172878265380859e+02
2.639999961853027344e+02 6.973554611206054688e+01 1.092834091186523438e+02
2.635079383850097656e+02 7.049283027648925781e+01 1.105085659027099609e+02
2.641746139526367188e+02 7.077095508575439453e+01 1.101954841613769531e+02
2.645355796813964844e+02 7.047213077545166016e+01 1.095288181304931641e+02
2.648891258239746094e+02 7.008710861206054688e+01 1.089179897308349609e+02
2.648931503295898438e+02 7.107923030853271484e+01 1.099096488952636719e+02
2.652022361755371094e+02 7.072083950042724609e+01 1.092833995819091797e+02
2.645840454101562500e+02 7.143762111663818359e+01 1.105807113647460938e+02
2.652507209777832031e+02 7.167658329010009766e+01 1.102904701232910156e+02
2.656794548034667969e+02 7.138750553131103516e+01 1.096238040924072266e+02
2.660194206237792969e+02 7.098948955535888672e+01 1.090090751647949219e+02
2.660567092895507812e+02 7.196869850158691406e+01 1.100376415252685547e+02
2.663461303710937500e+02 7.159414291381835938e+01 1.094014072418212891e+02
2.657673072814941406e+02 7.234324932098388672e+01 1.107181739807128906e+02
2.669999885559082031e+02 7.226339340209960938e+01 1.097800731658935547e+02
2.664339637756347656e+02 7.253878116607666016e+01 1.104514789581298828e+02
2.660603713989257812e+02 7.273178577423095703e+01 1.110309028625488281e+02
2.669999885559082031e+02 7.267988681793212891e+01 1.102800750732421875e+02
2.669808006286621094e+02 7.320486068725585938e+01 1.110138225555419922e+02
2.680690956115722656e+02 7.297299385070800781e+01 1.100366020202636719e+02
2.678062438964843750e+02 7.336773872375488281e+01 1.106897068023681641e+02
2.684729194641113281e+02 7.351184844970703125e+01 1.104846000671386719e+02
2.689999961853027344e+02 7.321661472320556641e+01 1.098533153533935547e+02
2.683319473266601562e+02 7.257825374603271484e+01 1.094144058227539062e+02
2.676652717590332031e+02 7.242372035980224609e+01 1.095886135101318359e+02
2.679821205139160156e+02 7.201080799102783203e+01 1.089893531799316406e+02
2.676323127746582031e+02 7.143365859985351562e+01 1.085643100738525391e+02
2.682989692687988281e+02 7.159789562225341797e+01 1.084048843383789062e+02
2.669999885559082031e+02 7.176339626312255859e+01 1.092242813110351562e+02
2.689999961853027344e+02 7.225006103515625000e+01 1.087629413604736328e+02
2.689999961853027344e+02 7.175006389617919922e+01 1.082562923431396484e+02
2.697962379455566406e+02 7.240218639373779297e+01 1.086028480529785156e+02
2.689999961853027344e+02 7.271661281585693359e+01 1.092629432678222656e+02
2.700777435302734375e+02 7.282150268554687500e+01 1.089617061614990234e+02
2.704629135131835938e+02 7.251258373260498047e+01 1.084870433807373047e+02
2.700000000000000000e+02 7.339243888854980469e+01 1.096341991424560547e+02
2.709999847412109375e+02 7.258907794952392578e+01 1.084067249298095703e+02
2.701378440856933594e+02 7.195484638214111328e+01 1.080452823638916016e+02
2.698127746582031250e+02 7.138566017150878906e+01 1.076035118103027344e+02
2.704794311523437500e+02 7.150750160217285156e+01 1.074928569793701172e+02
2.709999847412109375e+02 7.208717823028564453e+01 1.079067230224609375e+02
2.709999847412109375e+02 7.158717632293701172e+01 1.074183940887451172e+02
2.719999885559082031e+02 7.221688270568847656e+01 1.077811050415039062e+02
2.719999885559082031e+02 7.171688556671142578e+01 1.072975635528564453e+02
2.729999923706054688e+02 7.230689525604248047e+01 1.076931095123291016e+02
2.729999923706054688e+02 7.180689811706542969e+01 1.072161102294921875e+02
2.729999923706054688e+02 7.125353813171386719e+01 1.067161083221435547e+02
2.739999961853027344e+02 7.186751842498779297e+01 1.071652412414550781e+02
2.739999961853027344e+02 7.131040096282958984e+01 1.066652393341064453e+02
2.750000000000000000e+02 7.132898807525634766e+01 1.066472816467285156e+02
2.739999961853027344e+02 7.081039905548095703e+01 1.062341022491455078e+02
2.739999961853027344e+02 7.017716884613037109e+01 1.057341003417968750e+02
2.729999923706054688e+02 7.075354099273681641e+01 1.062819004058837891e+02
2.750000000000000000e+02 7.082899093627929688e+01 1.062191200256347656e+02
2.750000000000000000e+02 7.019312858581542969e+01 1.057191276550292969e+02
2.750000000000000000e+02 6.969313144683837891e+01 1.053512573242187500e+02
2.750000000000000000e+02 6.900000095367431641e+01 1.048924922943115234e+02
2.739999961853027344e+02 6.967716693878173828e+01 1.053632259368896484e+02
2.759999847412109375e+02 6.964698791503906250e+01 1.053853797912597656e+02
2.759999847412109375e+02 6.900000095367431641e+01 1.049557399749755859e+02
2.759999847412109375e+02 6.836410522460937500e+01 1.045703601837158203e+02
2.759999847412109375e+02 6.786410331726074219e+01 1.042617797851562500e+02
2.750000000000000000e+02 6.842238426208496094e+01 1.045412349700927734e+02
2.769999885559082031e+02 6.824173450469970703e+01 1.046288871765136719e+02
2.769999885559082031e+02 6.774173736572265625e+01 1.043350791931152344e+02
2.769999885559082031e+02 6.700000286102294922e+01 1.039437580108642578e+02
2.777298927307128906e+02 6.761327743530273438e+01 1.044207096099853516e+02
2.780379295349121094e+02 6.706316947937011719e+01 1.042188072204589844e+02
2.779110717773437500e+02 6.590791702270507812e+01 1.037067031860351562e+02
2.788107681274414062e+02 6.677195072174072266e+01 1.043477821350097656e+02
2.783965492248535156e+02 6.743861675262451172e+01 1.045240306854248047e+02
2.790864562988281250e+02 6.608545303344726562e+01 1.041627693176269531e+02
2.797569656372070312e+02 6.580908775329589844e+01 1.043562889099121094e+02
2.794774246215820312e+02 6.647575378417968750e+01 1.045077323913574219e+02
2.789174842834472656e+02 6.492363452911376953e+01 1.037118911743164062e+02
2.791671562194824219e+02 6.400000095367431641e+01 1.036033535003662109e+02
2.785291290283203125e+02 6.453938484191894531e+01 1.034835147857666016e+02
2.781851387023925781e+02 6.520605087280273438e+01 1.035671997070312500e+02
2.800541687011718750e+02 6.502737998962402344e+01 1.042241096496582031e+02
2.804236221313476562e+02 6.537897109985351562e+01 1.045297813415527344e+02
2.806145095825195312e+02 6.471230030059814453e+01 1.044209003448486328e+02
2.800000000000000000e+02 6.400000095367431641e+01 1.039274311065673828e+02
2.800000000000000000e+02 6.300000190734863281e+01 1.037607860565185547e+02
2.807750701904296875e+02 6.400000095367431641e+01 1.043240737915039062e+02
2.810513496398925781e+02 6.295728206634521484e+01 1.042694854736328125e+02
2.812750816345214844e+02 6.400000095367431641e+01 1.046066284179687500e+02
2.814189147949218750e+02 6.326213836669921875e+01 1.045378398895263672e+02
2.819999885559082031e+02 6.400000095367431641e+01 1.050149726867675781e+02
2.809687042236328125e+02 6.502737998962402344e+01 1.046987724304199219e+02
2.810976982116699219e+02 6.609652519226074219e+01 1.051172828674316406e+02
2.820167160034179688e+02 6.492523670196533203e+01 1.052713871002197266e+02
2.816945266723632812e+02 6.582753658294677734e+01 1.053638553619384766e+02
2.823611831665039062e+02 6.520873069763183594e+01 1.055836772918701172e+02
2.825193023681640625e+02 6.454206466674804688e+01 1.054841327667236328e+02
2.826207542419433594e+02 6.400000095367431641e+01 1.054083442687988281e+02
2.831207466125488281e+02 6.400000095367431641e+01 1.057594776153564453e+02
2.827888298034667969e+02 6.300000190734863281e+01 1.052914142608642578e+02
2.819186019897460938e+02 6.295728206634521484e+01 1.047558403015136719e+02
2.820954513549804688e+02 6.200000286102294922e+01 1.047157859802246094e+02
2.815310096740722656e+02 6.259546756744384766e+01 1.044771575927734375e+02
2.815954399108886719e+02 6.200000286102294922e+01 1.044322967529296875e+02
2.809999847412109375e+02 6.200000286102294922e+01 1.041013050079345703e+02
2.816684341430664062e+02 6.100000381469726562e+01 1.043862915039062500e+02
2.816847419738769531e+02 6.000000000000000000e+01 1.043803596496582031e+02
2.809999847412109375e+02 6.100000381469726562e+01 1.040271663665771484e+02
2.809999847412109375e+02 6.000000000000000000e+01 1.040199184417724609e+02
2.801309013366699219e+02 6.100000381469726562e+01 1.036408805847167969e+02
2.801282119750976562e+02 6.000000000000000000e+01 1.036395549774169922e+02
2.796309089660644531e+02 6.100000381469726562e+01 1.034278297424316406e+02
2.799475097656250000e+02 6.209369659423828125e+01 1.036357593536376953e+02
2.794967842102050781e+02 6.248949527740478516e+01 1.035009193420410156e+02
2.795792007446289062e+02 6.182282924652099609e+01 1.034540748596191406e+02
2.790980720520019531e+02 6.209369659423828125e+01 1.032996273040771484e+02
2.779999923706054688e+02 6.200000286102294922e+01 1.029747581481933594e+02
2.789999961853027344e+02 6.100000381469726562e+01 1.032064819335937500e+02
2.788928985595703125e+02 6.300000190734863281e+01 1.033297443389892578e+02
2.793928909301757812e+02 6.300000190734863281e+01 1.035317993164062500e+02
2.786671638488769531e+02 6.400000095367431641e+01 1.034192466735839844e+02
2.779999923706054688e+02 6.300000190734863281e+01 1.030446910858154297e+02
2.769999885559082031e+02 6.300000190734863281e+01 1.028682613372802734e+02
2.779999923706054688e+02 6.400000095367431641e+01 1.031882476806640625e+02
2.779110717773437500e+02 6.492363452911376953e+01 1.034072494506835938e+02
2.769999885559082031e+02 6.400000095367431641e+01 1.029645061492919922e+02
2.769999885559082031e+02 6.500000000000000000e+01 1.031953239440917969e+02
2.759999847412109375e+02 6.400000095367431641e+01 1.028579711914062500e+02
2.750000000000000000e+02 6.400000095367431641e+01 1.028265762329101562e+02
2.759999847412109375e+02 6.300000190734863281e+01 1.027767848968505859e+02
2.759999847412109375e+02 6.500000000000000000e+01 1.030543136596679688e+02
2.750000000000000000e+02 6.500000000000000000e+01 1.030104160308837891e+02
2.759999847412109375e+02 6.583065986633300781e+01 1.033496665954589844e+02
2.750000000000000000e+02 6.592214584350585938e+01 1.033230400085449219e+02
2.759999847412109375e+02 6.633066177368164062e+01 1.035509681701660156e+02
2.769999885559082031e+02 6.563887119293212891e+01 1.034323406219482422e+02
2.769999885559082031e+02 6.613886833190917969e+01 1.036086845397949219e+02
2.775184631347656250e+02 6.551319599151611328e+01 1.034928321838378906e+02
2.750000000000000000e+02 6.642214775085449219e+01 1.035231494903564453e+02
2.759999847412109375e+02 6.700000286102294922e+01 1.038127422332763672e+02
2.750000000000000000e+02 6.700000286102294922e+01 1.037534618377685547e+02
2.739999961853027344e+02 6.700000286102294922e+01 1.037679672241210938e+02
2.750000000000000000e+02 6.792238712310791016e+01 1.042303180694580078e+02
2.739999961853027344e+02 6.790911674499511719e+01 1.042394828796386719e+02
2.729999923706054688e+02 6.784904479980468750e+01 1.042774295806884766e+02
2.739999961853027344e+02 6.840911865234375000e+01 1.045499515533447266e+02
2.729999923706054688e+02 6.834904670715332031e+01 1.045844173431396484e+02
2.739999961853027344e+02 6.900000095367431641e+01 1.049131774902343750e+02
2.729999923706054688e+02 6.900000095367431641e+01 1.049923896789550781e+02
2.719807052612304688e+02 6.907798290252685547e+01 1.051948261260986328e+02
2.729999923706054688e+02 6.961756229400634766e+01 1.054079723358154297e+02
2.723011779785156250e+02 6.955330371856689453e+01 1.054577541351318359e+02
2.729999923706054688e+02 7.011756420135498047e+01 1.057819080352783203e+02
2.719807052612304688e+02 6.993198394775390625e+01 1.058051872253417969e+02
2.716345214843750000e+02 6.946330070495605469e+01 1.055252933502197266e+02
2.709769248962402344e+02 7.007420063018798828e+01 1.061437511444091797e+02
2.719999885559082031e+02 7.065929412841796875e+01 1.063625144958496094e+02
2.712948799133300781e+02 7.056704998016357422e+01 1.064420795440673828e+02
2.719999885559082031e+02 7.115929126739501953e+01 1.067975711822509766e+02
2.709769248962402344e+02 7.094022750854492188e+01 1.068553924560546875e+02
2.700876617431640625e+02 7.103139877319335938e+01 1.072023391723632812e+02
2.706282234191894531e+02 7.045700073242187500e+01 1.065344715118408203e+02
2.700000000000000000e+02 7.033213615417480469e+01 1.066332912445068359e+02
2.689185333251953125e+02 6.999150753021240234e+01 1.067580509185791016e+02
2.700000000000000000e+02 6.983213424682617188e+01 1.062385749816894531e+02
2.700000000000000000e+02 6.915158271789550781e+01 1.057385730743408203e+02
2.691975593566894531e+02 6.965251445770263672e+01 1.063792133331298828e+02
2.689959144592285156e+02 6.900270462036132812e+01 1.059943008422851562e+02
2.687942695617675781e+02 6.832411766052246094e+01 1.056093978881835938e+02
2.694609260559082031e+02 6.852215290069580078e+01 1.054840946197509766e+02
2.685309028625488281e+02 6.948325157165527344e+01 1.065120792388916016e+02
2.679999923706054688e+02 6.882563591003417969e+01 1.062692451477050781e+02
2.673241996765136719e+02 6.861759185791015625e+01 1.064162635803222656e+02
2.679623794555664062e+02 6.799447059631347656e+01 1.057414245605468750e+02
2.679999923706054688e+02 6.932563304901123047e+01 1.066254329681396484e+02
2.669945144653320312e+02 6.897055625915527344e+01 1.068242740631103516e+02
2.680228042602539062e+02 7.003285884857177734e+01 1.071652030944824219e+02
2.677046775817871094e+02 7.038809776306152344e+01 1.075922775268554688e+02
2.683713531494140625e+02 7.056762218475341797e+01 1.074414253234863281e+02
2.669999885559082031e+02 6.968627452850341797e+01 1.073501873016357422e+02
2.664616012573242188e+02 6.952693462371826172e+01 1.074784183502197266e+02
2.669999885559082031e+02 7.018627643585205078e+01 1.077571582794189453e+02
2.660771560668945312e+02 6.994784355163574219e+01 1.080406570434570312e+02
2.669999885559082031e+02 7.076884269714355469e+01 1.082571506500244141e+02
2.663593864440917969e+02 7.059146881103515625e+01 1.084172630310058594e+02
2.669999885559082031e+02 7.126884460449218750e+01 1.087242889404296875e+02
2.680018234252929688e+02 7.100063800811767578e+01 1.079985809326171875e+02
2.689999961853027344e+02 7.121496200561523438e+01 1.077562904357910156e+02
2.689999961853027344e+02 7.071496486663818359e+01 1.073135089874267578e+02
2.656927108764648438e+02 7.036875247955322266e+01 1.086167335510253906e+02
2.652426910400390625e+02 6.970208168029785156e+01 1.083307266235351562e+02
2.657949256896972656e+02 6.927702426910400391e+01 1.076640605926513672e+02
2.649742698669433594e+02 6.902214050292968750e+01 1.079808902740478516e+02
2.660769653320312500e+02 6.896621227264404297e+01 1.072839832305908203e+02
2.653725051879882812e+02 6.861035346984863281e+01 1.074213600158691406e+02
2.659461784362792969e+02 6.803160190582275391e+01 1.067219924926757812e+02
2.650234985351562500e+02 6.798534870147705078e+01 1.072211837768554688e+02
2.655769920349121094e+02 6.742756366729736328e+01 1.065417575836181641e+02
2.662436485290527344e+02 6.771933078765869141e+01 1.063604164123535156e+02
2.666575241088867188e+02 6.838599681854248047e+01 1.065735340118408203e+02
2.669945144653320312e+02 6.803160190582275391e+01 1.061920356750488281e+02
2.669103050231933594e+02 6.705417633056640625e+01 1.056470108032226562e+02
2.659461784362792969e+02 6.705654144287109375e+01 1.061308097839355469e+02
2.665171813964843750e+02 6.648396968841552734e+01 1.055078887939453125e+02
2.671838378906250000e+02 6.675695896148681641e+01 1.053529644012451172e+02
2.676039505004882812e+02 6.742362499237060547e+01 1.055433845520019531e+02
2.679623794555664062e+02 6.705417633056640625e+01 1.051863098144531250e+02
2.679525756835937500e+02 6.602443695068359375e+01 1.046662139892578125e+02
2.682706260681152344e+02 6.765745162963867188e+01 1.054001617431640625e+02
2.690003776550292969e+02 6.696775913238525391e+01 1.047425365447998047e+02
2.693339920043945312e+02 6.661293029785156250e+01 1.044355773925781250e+02
2.686673164367675781e+02 6.637405872344970703e+01 1.045573902130126953e+02
2.690765571594238281e+02 6.799447059631347656e+01 1.052985572814941406e+02
2.700000000000000000e+02 6.731209278106689453e+01 1.045963954925537109e+02
2.700000000000000000e+02 6.800000190734863281e+01 1.049896526336669922e+02
2.705691337585449219e+02 6.746985912322998047e+01 1.045151901245117188e+02
2.700000000000000000e+02 6.681209087371826172e+01 1.043296146392822266e+02
2.700000000000000000e+02 6.600000381469726562e+01 1.039580917358398438e+02
2.709414672851562500e+02 6.708191871643066406e+01 1.042209911346435547e+02
2.719999885559082031e+02 6.700000286102294922e+01 1.039632034301757812e+02
2.712357902526855469e+02 6.760565280914306641e+01 1.044303607940673828e+02
2.710588455200195312e+02 6.592262744903564453e+01 1.036906147003173828e+02
2.707647514343261719e+02 6.534544944763183594e+01 1.035464096069335938e+02
2.714314270019531250e+02 6.553771018981933594e+01 1.034835147857666016e+02
2.719999885559082031e+02 6.615540504455566406e+01 1.036144065856933594e+02
2.719999885559082031e+02 6.565540790557861328e+01 1.034362983703613281e+02
2.729999923706054688e+02 6.631139755249023438e+01 1.035586357116699219e+02
2.729999923706054688e+02 6.581140041351318359e+01 1.033761596679687500e+02
2.729999923706054688e+02 6.700000286102294922e+01 1.038360691070556641e+02
2.739999961853027344e+02 6.640473842620849609e+01 1.035284900665283203e+02
2.739999961853027344e+02 6.590474128723144531e+01 1.033385848999023438e+02
2.739999961853027344e+02 6.500000000000000000e+01 1.030391502380371094e+02
2.729999923706054688e+02 6.500000000000000000e+01 1.031058216094970703e+02
2.739999961853027344e+02 6.400000095367431641e+01 1.028483676910400391e+02
2.739999961853027344e+02 6.300000190734863281e+01 1.027633571624755859e+02
2.729999923706054688e+02 6.400000095367431641e+01 1.028956699371337891e+02
2.719999885559082031e+02 6.400000095367431641e+01 1.029724025726318359e+02
2.729999923706054688e+02 6.300000190734863281e+01 1.027958774566650391e+02
2.719999885559082031e+02 6.300000190734863281e+01 1.028480625152587891e+02
2.729999923706054688e+02 6.200000286102294922e+01 1.027445411682128906e+02
2.719999885559082031e+02 6.200000286102294922e+01 1.027765083312988281e+02
2.729999923706054688e+02 6.100000381469726562e+01 1.027280044555664062e+02
2.739999961853027344e+02 6.200000286102294922e+01 1.027233314514160156e+02
2.739999961853027344e+02 6.100000381469726562e+01 1.027199649810791016e+02
2.750000000000000000e+02 6.200000286102294922e+01 1.027135181427001953e+02
2.750000000000000000e+02 6.100000381469726562e+01 1.027172183990478516e+02
2.750000000000000000e+02 6.300000190734863281e+01 1.027483654022216797e+02
2.759999847412109375e+02 6.200000286102294922e+01 1.027430534362792969e+02
2.769999885559082031e+02 6.200000286102294922e+01 1.028272914886474609e+02
2.759999847412109375e+02 6.100000381469726562e+01 1.027521133422851562e+02
2.759999847412109375e+02 6.000000000000000000e+01 1.027761173248291016e+02
2.769999885559082031e+02 6.100000381469726562e+01 1.028361892700195312e+02
2.769999885559082031e+02 6.000000000000000000e+01 1.028664398193359375e+02
2.779999923706054688e+02 6.100000381469726562e+01 1.029721641540527344e+02
2.779999923706054688e+02 6.000000000000000000e+01 1.030056858062744141e+02
2.779999923706054688e+02 5.900000095367431641e+01 1.030680465698242188e+02
2.789999961853027344e+02 6.000000000000000000e+01 1.032308864593505859e+02
2.790866661071777344e+02 5.893736362457275391e+01 1.033439159393310547e+02
2.796282196044921875e+02 6.000000000000000000e+01 1.034343242645263672e+02
2.795756149291992188e+02 5.922894001007080078e+01 1.034627342224121094e+02
2.799453735351562500e+02 5.893736362457275391e+01 1.036385631561279297e+02
2.794777870178222656e+02 5.856226921081542969e+01 1.035057353973388672e+02
2.800000000000000000e+02 5.800000190734863281e+01 1.037678050994873047e+02
2.809999847412109375e+02 5.900000095367431641e+01 1.040837478637695312e+02
2.816343116760253906e+02 5.900000095367431641e+01 1.044148445129394531e+02
2.810864448547363281e+02 5.795300960540771484e+01 1.042586708068847656e+02
2.808716583251953125e+02 5.700000286102294922e+01 1.043081474304199219e+02
2.800000000000000000e+02 5.700000286102294922e+01 1.039232158660888672e+02
2.806440544128417969e+02 5.600000381469726562e+01 1.044251251220703125e+02
2.805072975158691406e+02 5.548936843872070312e+01 1.044962215423583984e+02
2.800000000000000000e+02 5.600000381469726562e+01 1.041429042816162109e+02
2.799572372436523438e+02 5.509362220764160156e+01 1.043838787078857422e+02
2.789999961853027344e+02 5.600000381469726562e+01 1.037866973876953125e+02
2.789999961853027344e+02 5.500000000000000000e+01 1.040484809875488281e+02
2.789924240112304688e+02 5.694310188293457031e+01 1.035985565185546875e+02
2.782349586486816406e+02 5.600000381469726562e+01 1.035689163208007812e+02
2.779137039184570312e+02 5.508683204650878906e+01 1.037030220031738281e+02
2.777349662780761719e+02 5.600000381469726562e+01 1.034325408935546875e+02
2.784571075439453125e+02 5.657183170318603516e+01 1.035108375549316406e+02
2.780742645263671875e+02 5.694310188293457031e+01 1.033408641815185547e+02
2.769999885559082031e+02 5.700000286102294922e+01 1.030930423736572266e+02
2.779999923706054688e+02 5.800000190734863281e+01 1.031689548492431641e+02
2.786540412902832031e+02 5.723849773406982422e+01 1.034504413604736328e+02
2.788488769531250000e+02 5.800000190734863281e+01 1.033919334411621094e+02
2.793488693237304688e+02 5.800000190734863281e+01 1.035408020019531250e+02
2.769999885559082031e+02 5.800000190734863281e+01 1.029832077026367188e+02
2.759999847412109375e+02 5.800000190734863281e+01 1.028596305847167969e+02
2.769999885559082031e+02 5.900000095367431641e+01 1.029118919372558594e+02
2.759999847412109375e+02 5.900000095367431641e+01 1.028082370758056641e+02
2.750000000000000000e+02 5.900000095367431641e+01 1.027473735809326172e+02
2.739999961853027344e+02 5.900000095367431641e+01 1.027291584014892578e+02
2.750000000000000000e+02 6.000000000000000000e+01 1.027309799194335938e+02
2.750000000000000000e+02 5.800000190734863281e+01 1.027785968780517578e+02
2.750000000000000000e+02 5.700000286102294922e+01 1.028556823730468750e+02
2.739999961853027344e+02 5.800000190734863281e+01 1.027434539794921875e+02
2.729999923706054688e+02 5.800000190734863281e+01 1.027434539794921875e+02
2.739999961853027344e+02 5.700000286102294922e+01 1.028092098236083984e+02
2.729999923706054688e+02 5.700000286102294922e+01 1.028092098236083984e+02
2.739999961853027344e+02 5.600000381469726562e+01 1.029372024536132812e+02
2.729999923706054688e+02 5.600000381469726562e+01 1.029372024536132812e+02
2.750000000000000000e+02 5.600000381469726562e+01 1.029933452606201172e+02
2.739999961853027344e+02 5.500000000000000000e+01 1.031444549560546875e+02
2.739999961853027344e+02 5.416526317596435547e+01 1.033888339996337891e+02
2.729999923706054688e+02 5.500000000000000000e+01 1.031447696685791016e+02
2.750000000000000000e+02 5.500000000000000000e+01 1.032096862792968750e+02
2.750000000000000000e+02 5.426980018615722656e+01 1.034226894378662109e+02
2.760367393493652344e+02 5.493355751037597656e+01 1.033542346954345703e+02
2.757279014587402344e+02 5.439674377441406250e+01 1.034648609161376953e+02
2.763945770263671875e+02 5.455592632293701172e+01 1.035153579711914062e+02
2.759999847412109375e+02 5.600000381469726562e+01 1.031001567840576172e+02
2.769999885559082031e+02 5.527548789978027344e+01 1.034339141845703125e+02
2.769999885559082031e+02 5.477548599243164062e+01 1.035745048522949219e+02
2.769999885559082031e+02 5.600000381469726562e+01 1.032648563385009766e+02
2.775228309631347656e+02 5.547805309295654297e+01 1.034930133819580078e+02
2.769999885559082031e+02 5.400000095367431641e+01 1.038105201721191406e+02
2.770852851867675781e+02 5.290766239166259766e+01 1.042460441589355469e+02
2.760367393493652344e+02 5.403804779052734375e+01 1.036271572113037109e+02
2.779999923706054688e+02 5.400000095367431641e+01 1.040528583526611328e+02
2.779999923706054688e+02 5.318494319915771484e+01 1.043598747253417969e+02
2.789711761474609375e+02 5.403531074523925781e+01 1.043511772155761719e+02
2.795954132080078125e+02 5.439218521118164062e+01 1.044579696655273438e+02
2.792852973937988281e+02 5.372551918029785156e+01 1.045773410797119141e+02
2.786186218261718750e+02 5.340049266815185547e+01 1.044539928436279297e+02
2.789711761474609375e+02 5.304029464721679688e+01 1.047405052185058594e+02
2.789926910400390625e+02 5.197503566741943359e+01 1.052586364746093750e+02
2.779999923706054688e+02 5.268494606018066406e+01 1.045799541473388672e+02
2.800528717041015625e+02 5.294381618499755859e+01 1.052058506011962891e+02
2.797547912597656250e+02 5.229172229766845703e+01 1.053891372680664062e+02
2.804214668273925781e+02 5.257302284240722656e+01 1.055341053009033203e+02
2.799572372436523438e+02 5.403531074523925781e+01 1.047283840179443359e+02
2.807463073730468750e+02 5.323968887329101562e+01 1.053766155242919922e+02
2.810477828979492188e+02 5.294381618499755859e+01 1.056653594970703125e+02
2.810477828979492188e+02 5.396953105926513672e+01 1.052301883697509766e+02
2.814129829406738281e+02 5.361588478088378906e+01 1.055429077148437500e+02
2.809043693542480469e+02 5.509362220764160156e+01 1.047899627685546875e+02
2.816457176208496094e+02 5.428255081176757812e+01 1.054136848449707031e+02
2.819874382019042969e+02 5.396953105926513672e+01 1.057316684722900391e+02
2.820314025878906250e+02 5.298588752746582031e+01 1.061872386932373047e+02
2.823589324951171875e+02 5.500000000000000000e+01 1.055796718597412109e+02
2.828466606140136719e+02 5.400000095367431641e+01 1.062574005126953125e+02
2.826335716247558594e+02 5.330980777740478516e+01 1.064039039611816406e+02
2.829801368713378906e+02 5.298588752746582031e+01 1.068253898620605469e+02
2.823856735229492188e+02 5.264314174652099609e+01 1.065721893310546875e+02
2.829425048828125000e+02 5.209063529968261719e+01 1.073038768768310547e+02
2.820314025878906250e+02 5.196117877960205078e+01 1.067468357086181641e+02
2.825708580017089844e+02 5.142816066741943359e+01 1.074444770812988281e+02
2.832375335693359375e+02 5.181772232055664062e+01 1.077249145507812500e+02
2.835120582580566406e+02 5.248439311981201172e+01 1.074897861480712891e+02
2.829337120056152344e+02 5.106904029846191406e+01 1.080545330047607422e+02
2.826298713684082031e+02 5.037751674652099609e+01 1.083841609954833984e+02
2.822011566162109375e+02 5.076149463653564453e+01 1.077174949645996094e+02
2.832965469360351562e+02 5.070991992950439453e+01 1.087023353576660156e+02
2.836106300354003906e+02 5.137658596038818359e+01 1.083915805816650391e+02
2.839482307434082031e+02 5.106173992156982422e+01 1.090584850311279297e+02
2.842858314514160156e+02 5.074689388275146484e+01 1.097980308532714844e+02
2.836191558837890625e+02 5.037858963012695312e+01 1.093690013885498047e+02
2.829516983032226562e+02 5.004472255706787109e+01 1.090467262268066406e+02
2.832735061645507812e+02 4.971192359924316406e+01 1.097811889648437500e+02
2.826068305969238281e+02 4.940903186798095703e+01 1.093911170959472656e+02
2.822343826293945312e+02 4.971085071563720703e+01 1.087244510650634766e+02
2.819406318664550781e+02 4.921806812286376953e+01 1.090346717834472656e+02
2.818844413757324219e+02 5.009145259857177734e+01 1.080826854705810547e+02
2.815677261352539062e+02 4.945012092590332031e+01 1.084478664398193359e+02
2.815344810485839844e+02 5.047205448150634766e+01 1.074765491485595703e+02
2.809999847412109375e+02 4.978150367736816406e+01 1.077582931518554688e+02
2.809999847412109375e+02 4.926432609558105469e+01 1.082582855224609375e+02
2.803853988647460938e+02 4.956995487213134766e+01 1.075631904602050781e+02
2.809999847412109375e+02 5.028150558471679688e+01 1.073179054260253906e+02
2.799936294555664062e+02 5.000249862670898438e+01 1.069987964630126953e+02
2.810329246520996094e+02 5.099576950073242188e+01 1.067911624908447266e+02
2.813882255554199219e+02 5.160196304321289062e+01 1.065613937377929688e+02
2.819206809997558594e+02 5.105690002441406250e+01 1.072894477844238281e+02
2.802685165405273438e+02 5.065961360931396484e+01 1.066139984130859375e+02
2.807215499877929688e+02 5.132627964019775391e+01 1.063820171356201172e+02
2.799611091613769531e+02 5.099576950073242188e+01 1.062400341033935547e+02
2.810329246520996094e+02 5.196117877960205078e+01 1.061688232421875000e+02
2.800528717041015625e+02 5.197503566741943359e+01 1.056900215148925781e+02
2.817190170288085938e+02 5.226863384246826172e+01 1.063652515411376953e+02
2.793211746215820312e+02 5.162505626678466797e+01 1.055672454833984375e+02
2.789926910400390625e+02 5.104445457458496094e+01 1.058038043975830078e+02
2.789999961853027344e+02 5.027379989624023438e+01 1.063293170928955078e+02
2.786544990539550781e+02 5.140742301940917969e+01 1.054409027099609375e+02
2.779999923706054688e+02 5.074575901031494141e+01 1.056585788726806641e+02
2.779515075683593750e+02 4.995801448822021484e+01 1.062106513977050781e+02
2.772503089904785156e+02 5.058692455291748047e+01 1.055564689636230469e+02
2.779999923706054688e+02 5.124576091766357422e+01 1.053386592864990234e+02
2.769501876831054688e+02 5.095215320587158203e+01 1.052573776245117188e+02
2.779999923706054688e+02 5.200000286102294922e+01 1.049186134338378906e+02
2.770852851867675781e+02 5.201894760131835938e+01 1.046722698211669922e+02
2.768088150024414062e+02 5.236491680145263672e+01 1.044287204742431641e+02
2.774754905700683594e+02 5.251276493072509766e+01 1.045055770874023438e+02
2.759999847412109375e+02 5.173055648803710938e+01 1.046218776702880859e+02
2.759999847412109375e+02 5.100000381469726562e+01 1.050581550598144531e+02
2.750000000000000000e+02 5.162335395812988281e+01 1.045661830902099609e+02
2.759999847412109375e+02 5.223055839538574219e+01 1.043576145172119141e+02
2.750000000000000000e+02 5.212335109710693359e+01 1.042995262145996094e+02
2.759999847412109375e+02 5.300000190734863281e+01 1.040050411224365234e+02
2.750000000000000000e+02 5.300000190734863281e+01 1.038872718811035156e+02
2.750000000000000000e+02 5.376979827880859375e+01 1.035877418518066406e+02
2.739999961853027344e+02 5.300000190734863281e+01 1.038243961334228516e+02
2.739999961853027344e+02 5.207950592041015625e+01 1.042700386047363281e+02
2.729999923706054688e+02 5.300000190734863281e+01 1.038364315032958984e+02
2.739999961853027344e+02 5.366526126861572266e+01 1.035543632507324219e+02
2.729999923706054688e+02 5.367045402526855469e+01 1.035573387145996094e+02
2.719999885559082031e+02 5.379160881042480469e+01 1.036020088195800781e+02
2.729999923706054688e+02 5.417045593261718750e+01 1.033891487121582031e+02
2.719999885559082031e+02 5.429160594940185547e+01 1.034274673461914062e+02
2.713315963745117188e+02 5.441889762878417969e+01 1.034708118438720703e+02
2.719999885559082031e+02 5.500000000000000000e+01 1.032154750823974609e+02
2.709989547729492188e+02 5.495632648468017578e+01 1.033642482757568359e+02
2.719999885559082031e+02 5.600000381469726562e+01 1.029932212829589844e+02
2.709999847412109375e+02 5.600000381469726562e+01 1.031117248535156250e+02
2.719999885559082031e+02 5.700000286102294922e+01 1.028501224517822266e+02
2.719999885559082031e+02 5.800000190734863281e+01 1.027700519561767578e+02
2.709999847412109375e+02 5.700000286102294922e+01 1.029501628875732422e+02
2.700000000000000000e+02 5.700000286102294922e+01 1.031117248535156250e+02
2.709999847412109375e+02 5.800000190734863281e+01 1.028501224517822266e+02
2.700000000000000000e+02 5.800000190734863281e+01 1.029932212829589844e+02
2.709999847412109375e+02 5.900000095367431641e+01 1.028032588958740234e+02
2.709999847412109375e+02 6.000000000000000000e+01 1.027875423431396484e+02
2.719999885559082031e+02 5.900000095367431641e+01 1.027409553527832031e+02
2.700000000000000000e+02 5.900000095367431641e+01 1.029295063018798828e+02
2.689999961853027344e+02 5.900000095367431641e+01 1.031118106842041016e+02
2.700000000000000000e+02 6.000000000000000000e+01 1.029080009460449219e+02
2.700000000000000000e+02 6.100000381469726562e+01 1.029287910461425781e+02
2.689999961853027344e+02 6.000000000000000000e+01 1.030846214294433594e+02
2.689999961853027344e+02 6.100000381469726562e+01 1.031117057800292969e+02
2.679999923706054688e+02 6.000000000000000000e+01 1.033430385589599609e+02
2.679394340515136719e+02 5.907879352569580078e+01 1.033868026733398438e+02
2.679457855224609375e+02 6.090888500213623047e+01 1.033881092071533203e+02
2.674934577941894531e+02 6.000000000000000000e+01 1.034971904754638672e+02
2.674940109252929688e+02 5.946465492248535156e+01 1.034974479675292969e+02
2.669934463500976562e+02 6.000000000000000000e+01 1.037024593353271484e+02
2.674972534179687500e+02 6.051480293273925781e+01 1.034988021850585938e+02
2.670983505249023438e+02 6.090888500213623047e+01 1.036917018890380859e+02
2.669999885559082031e+02 6.200000286102294922e+01 1.038503551483154297e+02
2.675763130187988281e+02 6.118147373199462891e+01 1.035238552093505859e+02
2.659040451049804688e+02 6.106654644012451172e+01 1.042661380767822266e+02
2.654712295532226562e+02 6.077757358551025391e+01 1.044812583923339844e+02
2.659999847412109375e+02 6.000000000000000000e+01 1.041730117797851562e+02
2.660816383361816406e+02 6.200000286102294922e+01 1.042774868011474609e+02
2.655067443847656250e+02 6.144424438476562500e+01 1.045036506652832031e+02
2.650827407836914062e+02 6.106654644012451172e+01 1.047509574890136719e+02
2.655816459655761719e+02 6.200000286102294922e+01 1.045433807373046875e+02
2.650000000000000000e+02 6.200000286102294922e+01 1.049023914337158203e+02
2.657608604431152344e+02 6.300000190734863281e+01 1.046367549896240234e+02
2.660474205017089844e+02 6.398871421813964844e+01 1.047478103637695312e+02
2.662608718872070312e+02 6.300000190734863281e+01 1.043719482421875000e+02
2.649006843566894531e+02 6.309792995452880859e+01 1.051673030853271484e+02
2.644004631042480469e+02 6.282988071441650391e+01 1.054298305511474609e+02
2.645011329650878906e+02 6.349654674530029297e+01 1.055007266998291016e+02
2.651216316223144531e+02 6.400000095367431641e+01 1.052671051025390625e+02
2.646216392517089844e+02 6.400000095367431641e+01 1.055747985839843750e+02
2.653277015686035156e+02 6.477293968200683594e+01 1.053946590423583984e+02
2.649966239929199219e+02 6.506376743316650391e+01 1.057061576843261719e+02
2.659258651733398438e+02 6.506376743316650391e+01 1.051775550842285156e+02
2.655430984497070312e+02 6.543960571289062500e+01 1.055231189727783203e+02
2.662097740173339844e+02 6.581730365753173828e+01 1.053444004058837891e+02
2.669784545898437500e+02 6.504519939422607422e+01 1.046607589721679688e+02
2.669103050231933594e+02 6.609038352966308594e+01 1.051384162902832031e+02
2.675876235961914062e+02 6.540866851806640625e+01 1.045333385467529297e+02
2.666307830810546875e+02 6.431452274322509766e+01 1.045568656921386719e+02
2.672974395751953125e+02 6.474200248718261719e+01 1.044083404541015625e+02
2.669784545898437500e+02 6.398871421813964844e+01 1.043026733398437500e+02
2.679525756835937500e+02 6.504519939422607422e+01 1.042592239379882812e+02
2.679999923706054688e+02 6.400000095367431641e+01 1.039063167572021484e+02
2.689999961853027344e+02 6.500000000000000000e+01 1.038770961761474609e+02
2.682542991638183594e+02 6.570739269256591797e+01 1.044007110595703125e+02
2.690003776550292969e+02 6.602443695068359375e+01 1.042767047882080078e+02
2.699563598632812500e+02 6.500727176666259766e+01 1.036153030395507812e+02
2.689701461791992188e+02 6.404981613159179688e+01 1.036063766479492188e+02
2.686169242858886719e+02 6.333236694335937500e+01 1.035334396362304688e+02
2.692835807800292969e+02 6.374969005584716797e+01 1.034302997589111328e+02
2.695939445495605469e+02 6.441635608673095703e+01 1.035208702087402344e+02
2.699563598632812500e+02 6.404981613159179688e+01 1.033359050750732422e+02
2.709999847412109375e+02 6.400000095367431641e+01 1.031081581115722656e+02
2.702606010437011719e+02 6.467878341674804688e+01 1.034356880187988281e+02
2.700000000000000000e+02 6.300000190734863281e+01 1.031136131286621094e+02
2.689701461791992188e+02 6.299942016601562500e+01 1.033617877960205078e+02
2.700000000000000000e+02 6.200000286102294922e+01 1.029952907562255859e+02
2.709999847412109375e+02 6.300000190734863281e+01 1.029500198364257812e+02
2.709999847412109375e+02 6.200000286102294922e+01 1.028558158874511719e+02
2.709999847412109375e+02 6.100000381469726562e+01 1.028032588958740234e+02
2.719999885559082031e+02 6.100000381469726562e+01 1.027409553527832031e+02
2.719999885559082031e+02 6.000000000000000000e+01 1.027316474914550781e+02
2.729999923706054688e+02 6.000000000000000000e+01 1.027266693115234375e+02
2.739999961853027344e+02 6.000000000000000000e+01 1.027255153656005859e+02
2.729999923706054688e+02 5.900000095367431641e+01 1.027291584014892578e+02
2.689999961853027344e+02 6.200000286102294922e+01 1.031988048553466797e+02
2.682295417785644531e+02 6.200000286102294922e+01 1.034109973907470703e+02
2.677295494079589844e+02 6.200000286102294922e+01 1.035728645324707031e+02
2.683964157104492188e+02 6.266570091247558594e+01 1.034639835357666016e+02
2.680378341674804688e+02 6.299942016601562500e+01 1.036502361297607422e+02
2.669999885559082031e+02 6.300000190734863281e+01 1.040346717834472656e+02
2.710588455200195312e+02 6.500727176666259766e+01 1.033736896514892578e+02
2.719999885559082031e+02 6.500000000000000000e+01 1.032120227813720703e+02
2.664123725891113281e+02 6.364785671234130859e+01 1.044524574279785156e+02
2.659258651733398438e+02 6.609038352966308594e+01 1.056284236907958984e+02
2.649503517150878906e+02 6.603700160980224609e+01 1.061565780639648438e+02
2.645839118957519531e+02 6.639499664306640625e+01 1.065514564514160156e+02
2.652505874633789062e+02 6.676089763641357422e+01 1.063497066497802734e+02
2.643415451049804688e+02 6.572833061218261719e+01 1.063881492614746094e+02
2.641340446472167969e+02 6.500000000000000000e+01 1.062403678894042969e+02
2.640049171447753906e+02 6.603700160980224609e+01 1.067828178405761719e+02
2.632813262939453125e+02 6.600000381469726562e+01 1.073149299621582031e+02
2.636340332031250000e+02 6.500000000000000000e+01 1.065983581542968750e+02
2.640213394165039062e+02 6.694284915924072266e+01 1.072491645812988281e+02
2.634493064880371094e+02 6.657141208648681641e+01 1.074583053588867188e+02
2.637022209167480469e+02 6.723807811737060547e+01 1.076524925231933594e+02
2.643688964843750000e+02 6.764224529266357422e+01 1.074055194854736328e+02
2.649503517150878906e+02 6.705654144287109375e+01 1.066992378234863281e+02
2.639682960510253906e+02 6.803375720977783203e+01 1.079751110076904297e+02
2.635677146911621094e+02 6.842527389526367188e+01 1.085552310943603516e+02
2.642343902587890625e+02 6.876726150512695312e+01 1.082977294921875000e+02
2.647058296203613281e+02 6.830891132354736328e+01 1.076310634613037109e+02
2.632909011840820312e+02 6.775860786437988281e+01 1.083191585540771484e+02
2.630367660522460938e+02 6.694151401519775391e+01 1.080324363708496094e+02
2.624112129211425781e+02 6.664494514465332031e+01 1.084123706817626953e+02
2.627813339233398438e+02 6.600000381469726562e+01 1.077471733093261719e+02
2.626242256164550781e+02 6.731161117553710938e+01 1.086195468902587891e+02
2.622475433349609375e+02 6.600000381469726562e+01 1.082471656799316406e+02
2.625924682617187500e+02 6.527851104736328125e+01 1.075838470458984375e+02
2.620201301574707031e+02 6.493628978729248047e+01 1.080233287811279297e+02
2.629554748535156250e+02 6.496710777282714844e+01 1.071527004241943359e+02
2.630296707153320312e+02 6.409419059753417969e+01 1.067914772033691406e+02
2.624547386169433594e+02 6.461184501647949219e+01 1.074566841125488281e+02
2.623593902587890625e+02 6.400000095367431641e+01 1.073621940612792969e+02
2.618593788146972656e+02 6.400000095367431641e+01 1.078741741180419922e+02
2.622440338134765625e+02 6.300000190734863281e+01 1.072435760498046875e+02
2.621750259399414062e+02 6.200000286102294922e+01 1.071659278869628906e+02
2.617440223693847656e+02 6.300000190734863281e+01 1.077608871459960938e+02
2.627688026428222656e+02 6.300000190734863281e+01 1.067435741424560547e+02
2.626771354675292969e+02 6.200000286102294922e+01 1.066659259796142578e+02
2.632688140869140625e+02 6.300000190734863281e+01 1.063056850433349609e+02
2.631771469116210938e+02 6.200000286102294922e+01 1.062225437164306641e+02
2.633827781677246094e+02 6.382364749908447266e+01 1.064035415649414062e+02
2.640402603149414062e+02 6.309792995452880859e+01 1.057449817657470703e+02
2.638020896911621094e+02 6.200000286102294922e+01 1.057225418090820312e+02
2.639023017883300781e+02 6.409419059753417969e+01 1.061019611358642578e+02
2.635038375854492188e+02 6.449031352996826172e+01 1.065028762817382812e+02
2.637378311157226562e+02 6.100000381469726562e+01 1.056786727905273438e+02
2.643020820617675781e+02 6.200000286102294922e+01 1.053590106964111328e+02
2.642378425598144531e+02 6.100000381469726562e+01 1.053109550476074219e+02
2.642206192016601562e+02 6.000000000000000000e+01 1.052973270416259766e+02
2.637206077575683594e+02 6.000000000000000000e+01 1.056680774688720703e+02
2.649546623229980469e+02 6.000000000000000000e+01 1.047973251342773438e+02
2.642457771301269531e+02 5.900000095367431641e+01 1.053143501281738281e+02
2.643204116821289062e+02 5.800000190734863281e+01 1.053680515289306641e+02
2.637457847595214844e+02 5.900000095367431641e+01 1.056900119781494141e+02
2.650809860229492188e+02 5.893874168395996094e+01 1.047543811798095703e+02
2.650000000000000000e+02 5.800000190734863281e+01 1.049107933044433594e+02
2.655087661743164062e+02 5.856456756591796875e+01 1.045048332214355469e+02
2.654683113098144531e+02 5.923123359680175781e+01 1.044794845581054688e+02
2.654546546936035156e+02 6.000000000000000000e+01 1.044705581665039062e+02
2.659052467346191406e+02 5.893874168395996094e+01 1.042635631561279297e+02
2.660781478881835938e+02 5.800000190734863281e+01 1.042734813690185547e+02
2.670964050292968750e+02 5.907879352569580078e+01 1.036880779266357422e+02
2.669999885559082031e+02 5.800000190734863281e+01 1.038378810882568359e+02
2.675657272338867188e+02 5.879798412322998047e+01 1.035203456878662109e+02
2.677013015747070312e+02 5.800000190734863281e+01 1.035644054412841797e+02
2.680216026306152344e+02 5.696412563323974609e+01 1.036311435699462891e+02
2.682013130187988281e+02 5.800000190734863281e+01 1.034054660797119141e+02
2.683693504333496094e+02 5.727353572845458984e+01 1.034571552276611328e+02
2.689999961853027344e+02 5.800000190734863281e+01 1.031934833526611328e+02
2.689436531066894531e+02 5.696412563323974609e+01 1.033560562133789062e+02
2.685727500915527344e+02 5.660686969757080078e+01 1.035199165344238281e+02
2.692394065856933594e+02 5.617254734039306641e+01 1.034282493591308594e+02
2.699035263061523438e+02 5.590353012084960938e+01 1.033321571350097656e+02
2.689436531066894531e+02 5.590353012084960938e+01 1.035734081268310547e+02
2.689999961853027344e+02 5.500000000000000000e+01 1.038150691986083984e+02
2.695058631896972656e+02 5.550588130950927734e+01 1.035012817382812500e+02
2.679999923706054688e+02 5.600000381469726562e+01 1.038587760925292969e+02
2.679234313964843750e+02 5.492554664611816406e+01 1.042230033874511719e+02
2.669606399536132812e+02 5.599442005157470703e+01 1.042820072174072266e+02
2.664009284973144531e+02 5.632403373718261719e+01 1.044460487365722656e+02
2.672677421569824219e+02 5.520924568176269531e+01 1.043908405303955078e+02
2.666010856628417969e+02 5.565736770629882812e+01 1.045480918884277344e+02
2.669999885559082031e+02 5.700000286102294922e+01 1.040127849578857422e+02
2.662472724914550781e+02 5.700000286102294922e+01 1.043637943267822266e+02
2.657472801208496094e+02 5.700000286102294922e+01 1.046356487274169922e+02
2.660405540466308594e+02 5.599442005157470703e+01 1.047474384307861328e+02
2.649140167236328125e+02 5.694001674652099609e+01 1.051698875427246094e+02
2.655781364440917969e+02 5.800000190734863281e+01 1.045427513122558594e+02
2.645233726501464844e+02 5.656669616699218750e+01 1.055161571502685547e+02
2.644121742248535156e+02 5.723336219787597656e+01 1.054356098175048828e+02
2.651585388183593750e+02 5.600000381469726562e+01 1.052732276916503906e+02
2.653546714782714844e+02 5.528023242950439453e+01 1.054022693634033203e+02
2.646585273742675781e+02 5.600000381469726562e+01 1.056109142303466797e+02
2.650127983093261719e+02 5.496814250946044922e+01 1.057859897613525391e+02
2.639541053771972656e+02 5.602042198181152344e+01 1.061570835113525391e+02
2.642824363708496094e+02 5.500000000000000000e+01 1.063187694549560547e+02
2.635901832580566406e+02 5.570069789886474609e+01 1.065809822082519531e+02
2.640472984313964844e+02 5.694001674652099609e+01 1.057932949066162109e+02
2.634428977966308594e+02 5.636736392974853516e+01 1.064472579956054688e+02
2.630140876770019531e+02 5.603998184204101562e+01 1.070138454437255859e+02
2.633414840698242188e+02 5.700000286102294922e+01 1.063545036315917969e+02
2.628414916992187500e+02 5.700000286102294922e+01 1.068443489074707031e+02
2.632255744934082031e+02 5.800000190734863281e+01 1.062501525878906250e+02
2.627255821228027344e+02 5.800000190734863281e+01 1.067249679565429688e+02
2.631566047668457031e+02 5.900000095367431641e+01 1.061900138854980469e+02
2.638204002380371094e+02 5.800000190734863281e+01 1.057501506805419922e+02
2.626566123962402344e+02 5.900000095367431641e+01 1.066549682617187500e+02
2.631281089782714844e+02 6.000000000000000000e+01 1.061680793762207031e+02
2.626280975341796875e+02 6.000000000000000000e+01 1.066254043579101562e+02
2.631331825256347656e+02 6.100000381469726562e+01 1.061786746978759766e+02
2.626331901550292969e+02 6.100000381469726562e+01 1.066281223297119141e+02
2.621455383300781250e+02 6.100000381469726562e+01 1.071281242370605469e+02
2.621475219726562500e+02 6.000000000000000000e+01 1.071254062652587891e+02
2.616455459594726562e+02 6.100000381469726562e+01 1.076610851287841797e+02
2.612119865417480469e+02 6.100000381469726562e+01 1.081610870361328125e+02
2.616475105285644531e+02 6.000000000000000000e+01 1.076661682128906250e+02
2.616750335693359375e+02 6.200000286102294922e+01 1.076906204223632812e+02
2.612352180480957031e+02 6.200000286102294922e+01 1.081906127929687500e+02
2.607352256774902344e+02 6.200000286102294922e+01 1.088069057464599609e+02
2.612938690185546875e+02 6.300000190734863281e+01 1.082608890533447266e+02
2.607938766479492188e+02 6.300000190734863281e+01 1.088817405700683594e+02
2.613903045654296875e+02 6.400000095367431641e+01 1.083741760253906250e+02
2.608361816406250000e+02 6.399358749389648438e+01 1.090714645385742188e+02
2.614670753479003906e+02 6.459406375885009766e+01 1.084628009796142578e+02
2.611925315856933594e+02 6.495644092559814453e+01 1.089598083496093750e+02
2.606403541564941406e+02 6.500000000000000000e+01 1.096990585327148438e+02
2.613255500793457031e+02 6.600000381469726562e+01 1.092821598052978516e+02
2.615855216979980469e+02 6.526072978973388672e+01 1.085996913909912109e+02
2.617475509643554688e+02 6.600000381469726562e+01 1.087821578979492188e+02
2.605398750305175781e+02 6.432264328002929688e+01 1.095565605163574219e+02
2.602945518493652344e+02 6.500000000000000000e+01 1.101990604400634766e+02
2.597664260864257812e+02 6.499970912933349609e+01 1.110474109649658203e+02
2.604148483276367188e+02 6.571554660797119141e+01 1.103755187988281250e+02
2.602084922790527344e+02 6.399358749389648438e+01 1.099339389801025391e+02
2.599842643737792969e+02 6.300000190734863281e+01 1.100000000000000000e+02
2.604647064208984375e+02 6.365597724914550781e+01 1.094524383544921875e+02
2.596620941162109375e+02 6.400000095367431641e+01 1.107755470275878906e+02
2.595725059509277344e+02 6.300000190734863281e+01 1.106232357025146484e+02
2.593690681457519531e+02 6.400000095367431641e+01 1.112755489349365234e+02
2.592813491821289062e+02 6.300000190734863281e+01 1.111232280731201172e+02
2.590064048767089844e+02 6.400000095367431641e+01 1.119999980926513672e+02
2.594485282897949219e+02 6.466617584228515625e+01 1.114123535156250000e+02
2.588355064392089844e+02 6.300000190734863281e+01 1.119999980926513672e+02
2.586373329162597656e+02 6.400000095367431641e+01 1.128301239013671875e+02
2.585541534423828125e+02 6.300000190734863281e+01 1.126289939880371094e+02
2.584282112121582031e+02 6.400000095367431641e+01 1.133301258087158203e+02
2.581788635253906250e+02 6.400000095367431641e+01 1.140000057220458984e+02
2.584868240356445312e+02 6.454359531402587891e+01 1.134688568115234375e+02
2.583437156677246094e+02 6.300000190734863281e+01 1.131289958953857422e+02
2.583382225036621094e+02 6.194148540496826172e+01 1.129204082489013672e+02
2.580075645446777344e+02 6.300000190734863281e+01 1.140000057220458984e+02
2.576543807983398438e+02 6.292851448059082031e+01 1.150861835479736328e+02
2.579185485839843750e+02 6.200000286102294922e+01 1.140000057220458984e+02
2.579064178466796875e+02 6.100000381469726562e+01 1.140000057220458984e+02
2.576178741455078125e+02 6.200000286102294922e+01 1.149176025390625000e+02
2.574759674072265625e+02 6.200000286102294922e+01 1.154176044464111328e+02
2.576107215881347656e+02 6.100000381469726562e+01 1.148956584930419922e+02
2.574698257446289062e+02 6.100000381469726562e+01 1.153956508636474609e+02
2.576236534118652344e+02 6.001601696014404297e+01 1.150686264038085938e+02
2.577750968933105469e+02 5.900000095367431641e+01 1.150000000000000000e+02
2.579611206054687500e+02 6.000000000000000000e+01 1.140000057220458984e+02
2.574851417541503906e+02 6.036002635955810547e+01 1.154477119445800781e+02
2.575199127197265625e+02 5.969336032867431641e+01 1.155917072296142578e+02
2.575606536865234375e+02 5.891847610473632812e+01 1.159550285339355469e+02
2.574037170410156250e+02 6.001601696014404297e+01 1.159550285339355469e+02
2.574465942382812500e+02 5.919746398925781250e+01 1.162583827972412109e+02
2.571948623657226562e+02 6.000000000000000000e+01 1.169999980926513672e+02
2.573211479187011719e+02 6.100000381469726562e+01 1.160000038146972656e+02
2.571169471740722656e+02 6.100000381469726562e+01 1.169999980926513672e+02
2.573332786560058594e+02 6.200000286102294922e+01 1.160000038146972656e+02
2.571317672729492188e+02 6.200000286102294922e+01 1.169999980926513672e+02
2.574225997924804688e+02 6.292851448059082031e+01 1.160020351409912109e+02
2.574933433532714844e+02 6.254752159118652344e+01 1.154769802093505859e+02
2.569806671142578125e+02 6.200000286102294922e+01 1.180000019073486328e+02
2.568605804443359375e+02 6.200000286102294922e+01 1.190000057220458984e+02
2.570909118652343750e+02 6.300000190734863281e+01 1.180000019073486328e+02
2.569625854492187500e+02 6.100000381469726562e+01 1.180000019073486328e+02
2.570440483093261719e+02 6.000000000000000000e+01 1.180000019073486328e+02
2.568424606323242188e+02 6.100000381469726562e+01 1.190000057220458984e+02
2.567814254760742188e+02 6.100000381469726562e+01 1.200000000000000000e+02
2.569340133666992188e+02 6.000000000000000000e+01 1.190000057220458984e+02
2.568798255920410156e+02 6.000000000000000000e+01 1.200000000000000000e+02
2.570837783813476562e+02 5.900000095367431641e+01 1.190000057220458984e+02
2.571895980834960938e+02 5.900000095367431641e+01 1.180000019073486328e+02
2.570287704467773438e+02 5.900000095367431641e+01 1.200000000000000000e+02
2.572999954223632812e+02 5.800000190734863281e+01 1.190000057220458984e+02
2.574650764465332031e+02 5.738749980926513672e+01 1.190000057220458984e+02
2.574040603637695312e+02 5.796922683715820312e+01 1.180477619171142578e+02
2.572429275512695312e+02 5.800000190734863281e+01 1.200000000000000000e+02
2.572280502319335938e+02 5.800000190734863281e+01 1.210000038146972656e+02
2.574367904663085938e+02 5.729644775390625000e+01 1.200000000000000000e+02
2.575902366638183594e+02 5.679645061492919922e+01 1.200000000000000000e+02
2.574288368225097656e+02 5.727059841156005859e+01 1.210000038146972656e+02
2.574396324157714844e+02 5.730598449707031250e+01 1.219999980926513672e+02
2.575823783874511719e+02 5.677060127258300781e+01 1.210000038146972656e+02
2.578343009948730469e+02 5.600000381469726562e+01 1.210000038146972656e+02
2.575932884216308594e+02 5.680598735809326172e+01 1.219999980926513672e+02
2.576218605041503906e+02 5.689524650573730469e+01 1.230000019073486328e+02
2.578570556640625000e+02 5.600000381469726562e+01 1.219999980926513672e+02
2.582254600524902344e+02 5.500000000000000000e+01 1.219999980926513672e+02
2.579169273376464844e+02 5.600000381469726562e+01 1.230000019073486328e+02
2.583243179321289062e+02 5.491402626037597656e+01 1.230348396301269531e+02
2.580210113525390625e+02 5.600000381469726562e+01 1.240000057220458984e+02
2.581606292724609375e+02 5.600000381469726562e+01 1.250000000000000000e+02
2.576576805114746094e+02 5.708070278167724609e+01 1.239465808868408203e+02
2.583485412597656250e+02 5.511880397796630859e+01 1.240000057220458984e+02
2.584201622009277344e+02 5.530001163482666016e+01 1.250000000000000000e+02
2.585466384887695312e+02 5.461880207061767578e+01 1.240000057220458984e+02
2.586180877685546875e+02 5.480000972747802734e+01 1.250000000000000000e+02
2.588070869445800781e+02 5.400000095367431641e+01 1.240000057220458984e+02
2.585092163085937500e+02 5.452337265014648438e+01 1.233913898468017578e+02
2.586695671081542969e+02 5.407262802124023438e+01 1.230348396301269531e+02
2.586750984191894531e+02 5.391110897064208984e+01 1.219999980926513672e+02
2.591511917114257812e+02 5.300000190734863281e+01 1.230000019073486328e+02
2.584804344177246094e+02 5.445437908172607422e+01 1.227247238159179688e+02
2.584616851806640625e+02 5.441111087799072266e+01 1.219999980926513672e+02
2.584519577026367188e+02 5.438897609710693359e+01 1.210000038146972656e+02
2.582038688659667969e+02 5.500000000000000000e+01 1.210000038146972656e+02
2.586668777465820312e+02 5.388897895812988281e+01 1.210000038146972656e+02
2.584609222412109375e+02 5.441006183624267578e+01 1.200000000000000000e+02
2.584804534912109375e+02 5.445521831512451172e+01 1.192777156829833984e+02
2.582216072082519531e+02 5.500000000000000000e+01 1.200000000000000000e+02
2.586765289306640625e+02 5.391006469726562500e+01 1.200000000000000000e+02
2.590894508361816406e+02 5.300000190734863281e+01 1.200000000000000000e+02
2.586734962463378906e+02 5.407313346862792969e+01 1.189666271209716797e+02
2.591637992858886719e+02 5.300000190734863281e+01 1.190000057220458984e+02
2.588075256347656250e+02 5.400000095367431641e+01 1.180000019073486328e+02
2.585095405578613281e+02 5.452332973480224609e+01 1.186110496520996094e+02
2.583201980590820312e+02 5.491399765014648438e+01 1.189666271209716797e+02
2.585432434082031250e+02 5.460530757904052734e+01 1.180000019073486328e+02
2.583375358581542969e+02 5.510530471801757812e+01 1.180000019073486328e+02
2.586184692382812500e+02 5.478841304779052734e+01 1.169999980926513672e+02
2.584120941162109375e+02 5.528841018676757812e+01 1.169999980926513672e+02
2.586998558044433594e+02 5.506048679351806641e+01 1.160225582122802734e+02
2.589603233337402344e+02 5.400000095367431641e+01 1.169999980926513672e+02
2.592294120788574219e+02 5.390458583831787109e+01 1.159093093872070312e+02
2.593418693542480469e+02 5.319555759429931641e+01 1.169999980926513672e+02
2.594252967834472656e+02 5.335836410522460938e+01 1.161821746826171875e+02
2.593041419982910156e+02 5.294142723083496094e+01 1.180503082275390625e+02
2.596024322509765625e+02 5.269555568695068359e+01 1.169999980926513672e+02
2.596731185913085938e+02 5.301501750946044922e+01 1.159093093872070312e+02
2.600010108947753906e+02 5.200000286102294922e+01 1.169999980926513672e+02
2.595357704162597656e+02 5.256904602050781250e+01 1.177505111694335938e+02
2.602515411376953125e+02 5.195613384246826172e+01 1.160301208496093750e+02
2.603506469726562500e+02 5.226139545440673828e+01 1.150000000000000000e+02
2.605594253540039062e+02 5.159355640411376953e+01 1.157168769836425781e+02
2.604676437377929688e+02 5.145184040069580078e+01 1.163835430145263672e+02
2.608307838439941406e+02 5.107110500335693359e+01 1.160301208496093750e+02
2.612129402160644531e+02 5.096283912658691406e+01 1.150391578674316406e+02
2.613689041137695312e+02 5.033371925354003906e+01 1.160000038146972656e+02
2.614645195007324219e+02 5.045569419860839844e+01 1.153985977172851562e+02
2.617756462097167969e+02 4.983371734619140625e+01 1.160000038146972656e+02
2.619931983947753906e+02 4.999520778656005859e+01 1.149910449981689453e+02
2.622756385803222656e+02 4.925182342529296875e+01 1.160000038146972656e+02
2.616292762756347656e+02 4.965892791748046875e+01 1.169999980926513672e+02
2.624067306518554688e+02 4.939795017242431641e+01 1.152501583099365234e+02
2.627461814880371094e+02 4.875182628631591797e+01 1.160000038146972656e+02
2.629623413085937500e+02 4.896325111389160156e+01 1.149119758605957031e+02
2.625839614868164062e+02 4.858657836914062500e+01 1.169999980926513672e+02
2.632461738586425781e+02 4.825845718383789062e+01 1.160000038146972656e+02
2.633934593200683594e+02 4.839873790740966797e+01 1.152404689788818359e+02
2.638013076782226562e+02 4.775846004486083984e+01 1.160000038146972656e+02
2.630839729309082031e+02 4.810110092163085938e+01 1.169999980926513672e+02
2.636175346374511719e+02 4.760109901428222656e+01 1.169999980926513672e+02
2.641175270080566406e+02 4.719106674194335938e+01 1.169999980926513672e+02
2.635257911682128906e+02 4.752225875854492188e+01 1.175935268402099609e+02
2.639154624938964844e+02 4.712432384490966797e+01 1.179561138153076172e+02
2.640687179565429688e+02 4.680607318878173828e+01 1.189538764953613281e+02
2.646089553833007812e+02 4.657422542572021484e+01 1.180000019073486328e+02
2.634350013732910156e+02 4.744157314300537109e+01 1.182601928710937500e+02
2.633595657348632812e+02 4.737229824066162109e+01 1.190000057220458984e+02
2.628595733642578125e+02 4.784810066223144531e+01 1.190000057220458984e+02
2.632848739624023438e+02 4.730198860168457031e+01 1.200000000000000000e+02
2.627848625183105469e+02 4.777832984924316406e+01 1.200000000000000000e+02
2.638847732543945312e+02 4.680199146270751953e+01 1.200000000000000000e+02
2.632386207580566406e+02 4.725709438323974609e+01 1.210000038146972656e+02
2.627386283874511719e+02 4.773540973663330078e+01 1.210000038146972656e+02
2.632441711425781250e+02 4.726121425628662109e+01 1.219999980926513672e+02
2.638291740417480469e+02 4.675709247589111328e+01 1.210000038146972656e+02
2.638327026367187500e+02 4.676121234893798828e+01 1.219999980926513672e+02
2.643291664123535156e+02 4.637799263000488281e+01 1.210000038146972656e+02
2.643847656250000000e+02 4.641691207885742188e+01 1.200000000000000000e+02
2.643327140808105469e+02 4.637980461120605469e+01 1.219999980926513672e+02
2.650000000000000000e+02 4.595410346984863281e+01 1.210000038146972656e+02
2.650000000000000000e+02 4.602506637573242188e+01 1.200000000000000000e+02
2.650000000000000000e+02 4.595690250396728516e+01 1.219999980926513672e+02
2.656424331665039062e+02 4.557610988616943359e+01 1.210000038146972656e+02
2.656468391418457031e+02 4.557710170745849609e+01 1.219999980926513672e+02
2.656996726989746094e+02 4.560815334320068359e+01 1.200000000000000000e+02
2.661424255371093750e+02 4.531120300292968750e+01 1.210000038146972656e+02
2.661468315124511719e+02 4.531625270843505859e+01 1.219999980926513672e+02
2.669999885559082031e+02 4.491427421569824219e+01 1.210000038146972656e+02
2.661996650695800781e+02 4.533898353576660156e+01 1.200000000000000000e+02
2.662999153137207031e+02 4.539195537567138672e+01 1.190000057220458984e+02
2.669999885559082031e+02 4.496064662933349609e+01 1.200000000000000000e+02
2.669999885559082031e+02 4.506015300750732422e+01 1.190000057220458984e+02
2.678548812866210938e+02 4.462166309356689453e+01 1.200000000000000000e+02
2.678127098083496094e+02 4.460307598114013672e+01 1.210000038146972656e+02
2.683548927307128906e+02 4.444984912872314453e+01 1.200000000000000000e+02
2.680579566955566406e+02 4.464303970336914062e+01 1.189735126495361328e+02
2.684299468994140625e+02 4.447510719299316406e+01 1.192891883850097656e+02
2.679999923706054688e+02 4.479765892028808594e+01 1.180000019073486328e+02
2.685475730895996094e+02 4.451413154602050781e+01 1.186225223541259766e+02
2.689285469055175781e+02 4.436226367950439453e+01 1.189735126495361328e+02
2.686978340148925781e+02 4.455893039703369141e+01 1.180000019073486328e+02
2.690297126770019531e+02 4.462995052337646484e+01 1.169851779937744141e+02
2.691978263854980469e+02 4.440948486328125000e+01 1.180000019073486328e+02
2.693828582763671875e+02 4.446448802947998047e+01 1.173086261749267578e+02
2.700000000000000000e+02 4.421336650848388672e+01 1.180000019073486328e+02
2.699667549133300781e+02 4.438253879547119141e+01 1.169851779937744141e+02
2.700000000000000000e+02 4.409602642059326172e+01 1.190000057220458984e+02
2.709999847412109375e+02 4.402849197387695312e+01 1.180000019073486328e+02
2.709999847412109375e+02 4.417243480682373047e+01 1.169999980926513672e+02
2.709999847412109375e+02 4.392892360687255859e+01 1.190000057220458984e+02
2.719999885559082031e+02 4.389906883239746094e+01 1.180000019073486328e+02
2.719999885559082031e+02 4.402901172637939453e+01 1.169999980926513672e+02
2.719999885559082031e+02 4.381620407104492188e+01 1.190000057220458984e+02
2.729999923706054688e+02 4.382468700408935547e+01 1.180000019073486328e+02
2.729999923706054688e+02 4.394093990325927734e+01 1.169999980926513672e+02
2.729999923706054688e+02 4.376443386077880859e+01 1.190000057220458984e+02
2.739999961853027344e+02 4.383980751037597656e+01 1.180000019073486328e+02
2.739999961853027344e+02 4.380410194396972656e+01 1.190000057220458984e+02
2.750000000000000000e+02 4.393896102905273438e+01 1.180000019073486328e+02
2.739999961853027344e+02 4.393930912017822266e+01 1.169999980926513672e+02
2.739999961853027344e+02 4.408386230468750000e+01 1.160000038146972656e+02
2.750000000000000000e+02 4.401952743530273438e+01 1.169999980926513672e+02
2.759999847412109375e+02 4.414371490478515625e+01 1.169999980926513672e+02
2.750000000000000000e+02 4.414195060729980469e+01 1.160000038146972656e+02
2.750000000000000000e+02 4.430118083953857422e+01 1.150000000000000000e+02
2.759999847412109375e+02 4.424932003021240234e+01 1.160000038146972656e+02
2.768789672851562500e+02 4.440878391265869141e+01 1.160000038146972656e+02
2.760480499267578125e+02 4.440617561340332031e+01 1.149381732940673828e+02
2.757467651367187500e+02 4.447149753570556641e+01 1.143855381011962891e+02
2.764134216308593750e+02 4.450974464416503906e+01 1.145636272430419922e+02
2.766867828369140625e+02 4.445777416229248047e+01 1.152302932739257812e+02
2.770120620727539062e+02 4.457280158996582031e+01 1.149381732940673828e+02
2.773789596557617188e+02 4.452713966369628906e+01 1.160000038146972656e+02
2.779999923706054688e+02 4.481537818908691406e+01 1.150000000000000000e+02
2.769999885559082031e+02 4.474277496337890625e+01 1.140000057220458984e+02
2.760480499267578125e+02 4.458934783935546875e+01 1.140313243865966797e+02
2.769999885559082031e+02 4.499049663543701172e+01 1.130000019073486328e+02
2.779999923706054688e+02 4.498801708221435547e+01 1.140000057220458984e+02
2.780883407592773438e+02 4.528112411499023438e+01 1.129122638702392578e+02
2.790406799316406250e+02 4.533456802368164062e+01 1.140085983276367188e+02
2.787344551086425781e+02 4.541214466094970703e+01 1.131871128082275391e+02
2.789999961853027344e+02 4.514986991882324219e+01 1.150000000000000000e+02
2.794011306762695312e+02 4.553712368011474609e+01 1.136809921264648438e+02
2.795658302307128906e+02 4.546822547912597656e+01 1.143476581573486328e+02
2.796684646606445312e+02 4.541818141937255859e+01 1.150000000000000000e+02
2.797737503051757812e+02 4.536557197570800781e+01 1.160000038146972656e+02
2.801684570312500000e+02 4.565999984741210938e+01 1.150000000000000000e+02
2.802737426757812500e+02 4.561117649078369141e+01 1.160000038146972656e+02
2.789999961853027344e+02 4.504323959350585938e+01 1.160000038146972656e+02
2.779999923706054688e+02 4.470480442047119141e+01 1.160000038146972656e+02
2.789999961853027344e+02 4.497620582580566406e+01 1.169999980926513672e+02
2.779373168945312500e+02 4.461578845977783203e+01 1.169320106506347656e+02
2.774851799011230469e+02 4.450366973876953125e+01 1.165533542633056641e+02
2.775621986389160156e+02 4.448020458221435547e+01 1.172200202941894531e+02
2.780930137634277344e+02 4.462773799896240234e+01 1.180000019073486328e+02
2.775930023193359375e+02 4.447005271911621094e+01 1.180000019073486328e+02
2.769999885559082031e+02 4.430244922637939453e+01 1.180000019073486328e+02
2.775582695007324219e+02 4.448086261749267578e+01 1.190000057220458984e+02
2.769999885559082031e+02 4.431825637817382812e+01 1.190000057220458984e+02
2.775158882141113281e+02 4.449461460113525391e+01 1.195568466186523438e+02
2.770496177673339844e+02 4.438988208770751953e+01 1.199341106414794922e+02
2.759999847412109375e+02 4.413062095642089844e+01 1.200000000000000000e+02
2.774160194396972656e+02 4.452544689178466797e+01 1.202235126495361328e+02
2.767609214782714844e+02 4.441985607147216797e+01 1.210000038146972656e+02
2.759999847412109375e+02 4.422614097595214844e+01 1.210000038146972656e+02
2.750000000000000000e+02 4.402760505676269531e+01 1.210000038146972656e+02
2.750000000000000000e+02 4.395279407501220703e+01 1.200000000000000000e+02
2.739999961853027344e+02 4.388174533843994141e+01 1.210000038146972656e+02
2.729999923706054688e+02 4.379811286926269531e+01 1.210000038146972656e+02
2.739999961853027344e+02 4.382123470306396484e+01 1.200000000000000000e+02
2.739999961853027344e+02 4.399216175079345703e+01 1.219999980926513672e+02
2.729999923706054688e+02 4.389716625213623047e+01 1.219999980926513672e+02
2.729999923706054688e+02 4.404833316802978516e+01 1.230000019073486328e+02
2.719999885559082031e+02 4.388419151306152344e+01 1.219999980926513672e+02
2.709999847412109375e+02 4.395436763763427734e+01 1.219999980926513672e+02
2.719999885559082031e+02 4.379989624023437500e+01 1.210000038146972656e+02
2.719999885559082031e+02 4.402235984802246094e+01 1.230000019073486328e+02
2.719999885559082031e+02 4.420718669891357422e+01 1.240000057220458984e+02
2.709999847412109375e+02 4.407850265502929688e+01 1.230000019073486328e+02
2.700000000000000000e+02 4.419321537017822266e+01 1.230000019073486328e+02
2.709999847412109375e+02 4.424940109252929688e+01 1.240000057220458984e+02
2.699191856384277344e+02 4.438179016113281250e+01 1.240871334075927734e+02
2.692635726928710938e+02 4.444234371185302734e+01 1.238118839263916016e+02
2.689581489562988281e+02 4.439487934112548828e+01 1.229791641235351562e+02
2.684502410888671875e+02 4.448426723480224609e+01 1.226319313049316406e+02
2.689999961853027344e+02 4.428179740905761719e+01 1.219999980926513672e+02
2.685969161987304688e+02 4.452332019805908203e+01 1.232985973358154297e+02
2.680701446533203125e+02 4.464099407196044922e+01 1.229791641235351562e+02
2.678679656982421875e+02 4.461607933044433594e+01 1.219999980926513672e+02
2.669999885559082031e+02 4.501408576965332031e+01 1.230000019073486328e+02
2.669999885559082031e+02 4.493233203887939453e+01 1.219999980926513672e+02
2.662200736999511719e+02 4.535532951354980469e+01 1.230000019073486328e+02
2.669999885559082031e+02 4.515107154846191406e+01 1.240000057220458984e+02
2.663504791259765625e+02 4.542312145233154297e+01 1.240000057220458984e+02
2.658504867553710938e+02 4.567981719970703125e+01 1.240000057220458984e+02
2.664539718627929688e+02 4.547652244567871094e+01 1.246018028259277344e+02
2.657200622558593750e+02 4.561456680297851562e+01 1.230000019073486328e+02
2.650000000000000000e+02 4.603868007659912109e+01 1.230000019073486328e+02
2.643957138061523438e+02 4.642411708831787109e+01 1.230000019073486328e+02
2.683679771423339844e+02 4.445699214935302734e+01 1.219999980926513672e+02
2.683127212524414062e+02 4.443730831146240234e+01 1.210000038146972656e+02
2.689999961853027344e+02 4.423768043518066406e+01 1.210000038146972656e+02
2.689999961853027344e+02 4.425943374633789062e+01 1.200000000000000000e+02
2.700000000000000000e+02 4.402235984802246094e+01 1.210000038146972656e+02
2.700000000000000000e+02 4.407850265502929688e+01 1.219999980926513672e+02
2.709999847412109375e+02 4.388419151306152344e+01 1.210000038146972656e+02
2.700000000000000000e+02 4.403165340423583984e+01 1.200000000000000000e+02
2.709999847412109375e+02 4.387982845306396484e+01 1.200000000000000000e+02
2.719999885559082031e+02 4.378198146820068359e+01 1.200000000000000000e+02
2.729999923706054688e+02 4.375688552856445312e+01 1.200000000000000000e+02
2.750000000000000000e+02 4.392104148864746094e+01 1.190000057220458984e+02
2.759999847412109375e+02 4.408195972442626953e+01 1.190000057220458984e+02
2.759999847412109375e+02 4.408177852630615234e+01 1.180000019073486328e+02
2.770911026000976562e+02 4.437528133392333984e+01 1.169320106506347656e+02
2.790406799316406250e+02 4.560363292694091797e+01 1.129122638702392578e+02
2.784805679321289062e+02 4.550571918487548828e+01 1.125204467773437500e+02
2.800000000000000000e+02 4.598775386810302734e+01 1.130000019073486328e+02
2.789999961853027344e+02 4.589247703552246094e+01 1.119999980926513672e+02
2.789670944213867188e+02 4.630533218383789062e+01 1.110077476501464844e+02
2.799935150146484375e+02 4.630581378936767578e+01 1.120321750640869141e+02
2.780883407592773438e+02 4.560180187225341797e+01 1.119536113739013672e+02
2.778139114379882812e+02 4.540749073028564453e+01 1.122560214996337891e+02
2.779999923706054688e+02 4.598138809204101562e+01 1.110000038146972656e+02
2.773238372802734375e+02 4.553391933441162109e+01 1.115893554687500000e+02
2.769943046569824219e+02 4.533303737640380859e+01 1.119536113739013672e+02
2.769943046569824219e+02 4.570709228515625000e+01 1.110595512390136719e+02
2.769501876831054688e+02 4.627519130706787109e+01 1.099552917480468750e+02
2.759999847412109375e+02 4.565809726715087891e+01 1.108495044708251953e+02
2.766571617126464844e+02 4.546929359436035156e+01 1.114325809478759766e+02
2.759999847412109375e+02 4.543242454528808594e+01 1.113495063781738281e+02
2.759999847412109375e+02 4.517816543579101562e+01 1.119999980926513672e+02
2.750000000000000000e+02 4.540858745574951172e+01 1.112926769256591797e+02
2.750000000000000000e+02 4.513130187988281250e+01 1.119999980926513672e+02
2.750000000000000000e+02 4.562958240509033203e+01 1.107926750183105469e+02
2.739999961853027344e+02 4.541847705841064453e+01 1.113147830963134766e+02
2.729999923706054688e+02 4.545965671539306641e+01 1.114098453521728516e+02
2.739999961853027344e+02 4.515005111694335938e+01 1.119999980926513672e+02
2.739999961853027344e+02 4.563907146453857422e+01 1.108147811889648438e+02
2.739999961853027344e+02 4.605820178985595703e+01 1.100000000000000000e+02
2.729999923706054688e+02 4.568563938140869141e+01 1.109098434448242188e+02
2.720748901367187500e+02 4.574538707733154297e+01 1.110901355743408203e+02
2.729285240173339844e+02 4.622307777404785156e+01 1.099068832397460938e+02
2.719999885559082031e+02 4.626792907714843750e+01 1.101050472259521484e+02
2.732142257690429688e+02 4.645761489868164062e+01 1.094385433197021484e+02
2.725475502014160156e+02 4.650691986083984375e+01 1.095114803314208984e+02
2.729285240173339844e+02 4.676167011260986328e+01 1.090631294250488281e+02
2.719999885559082031e+02 4.656342983245849609e+01 1.096050453186035156e+02
2.709999847412109375e+02 4.668577671051025391e+01 1.098064804077148438e+02
2.719999885559082031e+02 4.697482109069824219e+01 1.090000057220458984e+02
2.710521507263183594e+02 4.723484992980957031e+01 1.089594078063964844e+02
2.719999885559082031e+02 4.741139411926269531e+01 1.083885192871093750e+02
2.714202499389648438e+02 4.747704982757568359e+01 1.084706115722656250e+02
2.719999885559082031e+02 4.783021926879882812e+01 1.078885269165039062e+02
2.729999923706054688e+02 4.732189655303955078e+01 1.082782554626464844e+02
2.729999923706054688e+02 4.774268150329589844e+01 1.077782535552978516e+02
2.739999961853027344e+02 4.726970195770263672e+01 1.082146072387695312e+02
2.739999961853027344e+02 4.676970005035400391e+01 1.088827037811279297e+02
2.739999961853027344e+02 4.768991470336914062e+01 1.077146148681640625e+02
2.750000000000000000e+02 4.726625919342041016e+01 1.082137966156005859e+02
2.750000000000000000e+02 4.676626205444335938e+01 1.088714981079101562e+02
2.750000000000000000e+02 4.769141197204589844e+01 1.077138042449951172e+02
2.759999847412109375e+02 4.730751037597656250e+01 1.082687282562255859e+02
2.759999847412109375e+02 4.680751323699951172e+01 1.089223289489746094e+02
2.759999847412109375e+02 4.774396896362304688e+01 1.077687263488769531e+02
2.769999885559082031e+02 4.739739894866943359e+01 1.083776283264160156e+02
2.769501876831054688e+02 4.685180187225341797e+01 1.090837001800537109e+02
2.769999885559082031e+02 4.784214496612548828e+01 1.078776264190673828e+02
2.775858688354492188e+02 4.747298717498779297e+01 1.084677124023437500e+02
2.779515075683593750e+02 4.721065521240234375e+01 1.089580154418945312e+02
2.779677200317382812e+02 4.800762653350830078e+01 1.080096054077148438e+02
2.782525253295898438e+02 4.757714748382568359e+01 1.085966873168945312e+02
2.789999961853027344e+02 4.822296142578125000e+01 1.081939601898193359e+02
2.783495712280273438e+02 4.855149269104003906e+01 1.075514888763427734e+02
2.776828956604003906e+02 4.843810081481933594e+01 1.074380970001220703e+02
2.769999885559082031e+02 4.834214687347412109e+01 1.073421478271484375e+02
2.779677200317382812e+02 4.900959968566894531e+01 1.070076274871826172e+02
2.775858688354492188e+02 4.946770668029785156e+01 1.064729881286621094e+02
2.769999885559082031e+02 4.887762546539306641e+01 1.068421459197998047e+02
2.782525253295898438e+02 4.959669113159179688e+01 1.065771484375000000e+02
2.789999961853027344e+02 4.919299125671386719e+01 1.072205638885498047e+02
2.789999961853027344e+02 4.869298934936523438e+01 1.076939582824707031e+02
2.789999961853027344e+02 4.977379798889160156e+01 1.067205619812011719e+02
2.797187232971191406e+02 4.937249183654785156e+01 1.073836040496826172e+02
2.800472450256347656e+02 4.897073745727539062e+01 1.079684925079345703e+02
2.797090911865234375e+02 4.838679790496826172e+01 1.083737850189208984e+02
2.803757476806640625e+02 4.856898307800292969e+01 1.085808372497558594e+02
2.799756240844726562e+02 4.800974845886230469e+01 1.090144157409667969e+02
2.810959434509277344e+02 4.871404170989990234e+01 1.089485073089599609e+02
2.814932441711425781e+02 4.850430011749267578e+01 1.095061111450195312e+02
2.808265686035156250e+02 4.829936504364013672e+01 1.092475032806396484e+02
2.810652351379394531e+02 4.795751094818115234e+01 1.099390697479248047e+02
2.806372451782226562e+02 4.741999626159667969e+01 1.103720378875732422e+02
2.802421760559082031e+02 4.763269424438476562e+01 1.097053718566894531e+02
2.813039016723632812e+02 4.761566162109375000e+01 1.107241439819335938e+02
2.818103981018066406e+02 4.828232765197753906e+01 1.101727771759033203e+02
2.820862388610839844e+02 4.865795135498046875e+01 1.099036693572998047e+02
2.809823417663574219e+02 4.727035522460937500e+01 1.110344886779785156e+02
2.815817451477050781e+02 4.744420528411865234e+01 1.113908100128173828e+02
2.799935150146484375e+02 4.675743579864501953e+01 1.110077476501464844e+02
2.796558570861816406e+02 4.642433643341064453e+01 1.113462448120117188e+02
2.792785072326660156e+02 4.658934593200683594e+01 1.106795787811279297e+02
2.799452972412109375e+02 4.728236675262451172e+01 1.100232219696044922e+02
2.803225135803222656e+02 4.658638954162597656e+01 1.117202854156494141e+02
2.789670944213867188e+02 4.682334899902343750e+01 1.100540161132812500e+02
2.795755004882812500e+02 4.746127128601074219e+01 1.094479942321777344e+02
2.789999961853027344e+02 4.733717441558837891e+01 1.092835044860839844e+02
2.789999961853027344e+02 4.772295951843261719e+01 1.087835121154785156e+02
2.786118507385253906e+02 4.645452022552490234e+01 1.104233551025390625e+02
2.779999923706054688e+02 4.665857791900634766e+01 1.097616291046142578e+02
2.779999923706054688e+02 4.635842800140380859e+01 1.102616214752197266e+02
2.772503089904785156e+02 4.655647277832031250e+01 1.095921516418457031e+02
2.759999847412109375e+02 4.876480579376220703e+01 1.067430019378662109e+02
2.769999885559082031e+02 4.937762737274169922e+01 1.063973999023437500e+02
2.769501876831054688e+02 5.008370399475097656e+01 1.058518028259277344e+02
2.759999847412109375e+02 4.926480293273925781e+01 1.063010120391845703e+02
2.750000000000000000e+02 4.920159339904785156e+01 1.062441158294677734e+02
2.759999847412109375e+02 4.991017341613769531e+01 1.058010101318359375e+02
2.759999847412109375e+02 5.041017055511474609e+01 1.054362773895263672e+02
2.750000000000000000e+02 4.983084678649902344e+01 1.057441234588623047e+02
2.750000000000000000e+02 5.033084392547607422e+01 1.053808021545410156e+02
2.739999961853027344e+02 4.980976104736328125e+01 1.057317352294921875e+02
2.729999923706054688e+02 4.985189914703369141e+01 1.057704639434814453e+02
2.739999961853027344e+02 4.919356822967529297e+01 1.062317371368408203e+02
2.739999961853027344e+02 5.030976295471191406e+01 1.053647804260253906e+02
2.739999961853027344e+02 5.100000381469726562e+01 1.049088478088378906e+02
2.729999923706054688e+02 5.035190105438232422e+01 1.053922080993652344e+02
2.719999885559082031e+02 5.043869972229003906e+01 1.054547119140625000e+02
2.729999923706054688e+02 5.100000381469726562e+01 1.049535655975341797e+02
2.719999885559082031e+02 5.100000381469726562e+01 1.050693702697753906e+02
2.729999923706054688e+02 5.160705566406250000e+01 1.045613574981689453e+02
2.729999923706054688e+02 5.210705757141113281e+01 1.042790889739990234e+02
2.719999885559082031e+02 5.169837951660156250e+01 1.046146583557128906e+02
2.739999961853027344e+02 5.157950401306152344e+01 1.045440769195556641e+02
2.709999847412109375e+02 5.184610366821289062e+01 1.047016525268554688e+02
2.719999885559082031e+02 5.219838142395019531e+01 1.043288516998291016e+02
2.709999847412109375e+02 5.234610557556152344e+01 1.044121837615966797e+02
2.719999885559082031e+02 5.300000190734863281e+01 1.039308643341064453e+02
2.709999847412109375e+02 5.300000190734863281e+01 1.040917873382568359e+02
2.700455093383789062e+02 5.298072814941406250e+01 1.043155288696289062e+02
2.709989547729492188e+02 5.405134201049804688e+01 1.036604881286621094e+02
2.700000000000000000e+02 5.400000095367431641e+01 1.038880729675292969e+02
2.706649208068847656e+02 5.459387302398681641e+01 1.035280036926269531e+02
2.699035263061523438e+02 5.495632648468017578e+01 1.035803604125976562e+02
2.701725387573242188e+02 5.526053905487060547e+01 1.034282493591308594e+02
2.689349555969238281e+02 5.392947673797607422e+01 1.042314338684082031e+02
2.685582542419433594e+02 5.354912757873535156e+01 1.045210552215576172e+02
2.682057380676269531e+02 5.421579360961914062e+01 1.043796730041503906e+02
2.692249298095703125e+02 5.330121040344238281e+01 1.044014072418212891e+02
2.689349555969238281e+02 5.298072814941406250e+01 1.046693801879882812e+02
2.697425270080566406e+02 5.263454437255859375e+01 1.045675182342529297e+02
2.679306221008300781e+02 5.292627334594726562e+01 1.051293563842773438e+02
2.690086174011230469e+02 5.196938037872314453e+01 1.052182102203369141e+02
2.682176971435546875e+02 5.228229999542236328e+01 1.053604030609130859e+02
2.693477058410644531e+02 5.141009330749511719e+01 1.054357814788818359e+02
2.686810493469238281e+02 5.161563396453857422e+01 1.055769920349121094e+02
2.700455093383789062e+02 5.207340240478515625e+01 1.048033714294433594e+02
2.704092025756835938e+02 5.245566844940185547e+01 1.044744396209716797e+02
2.700000000000000000e+02 5.125581264495849609e+01 1.053285789489746094e+02
2.700000000000000000e+02 5.075581550598144531e+01 1.056874847412109375e+02
2.710900878906250000e+02 5.095859527587890625e+01 1.052590751647949219e+02
2.708168029785156250e+02 5.059765815734863281e+01 1.055705070495605469e+02
2.714834785461425781e+02 5.049501895904541016e+01 1.054962539672851562e+02
2.710210800170898438e+02 5.000621318817138672e+01 1.059987926483154297e+02
2.712253379821777344e+02 4.942084312438964844e+01 1.064270877838134766e+02
2.700000000000000000e+02 5.012876510620117188e+01 1.061874866485595703e+02
2.705586624145507812e+02 4.951741218566894531e+01 1.065155982971191406e+02
2.719999885559082031e+02 4.993870258331298828e+01 1.058448123931884766e+02
2.719999885559082031e+02 4.932912826538085938e+01 1.063448143005371094e+02
2.719999885559082031e+02 4.882912635803222656e+01 1.068232250213623047e+02
2.729999923706054688e+02 4.924343109130859375e+01 1.062704658508300781e+02
2.729999923706054688e+02 4.874342918395996094e+01 1.067356777191162109e+02
2.729999923706054688e+02 4.824268341064453125e+01 1.072356700897216797e+02
2.739999961853027344e+02 4.869357109069824219e+01 1.066843318939208984e+02
2.750000000000000000e+02 4.870159626007080078e+01 1.066878318786621094e+02
2.739999961853027344e+02 4.818991661071777344e+01 1.071843338012695312e+02
2.750000000000000000e+02 4.819140911102294922e+01 1.071878337860107422e+02
2.759999847412109375e+02 4.824397087097167969e+01 1.072429943084716797e+02
2.719999885559082031e+02 4.833022117614746094e+01 1.073232269287109375e+02
2.712349319458007812e+02 4.842192173004150391e+01 1.074179649353027344e+02
2.709942626953125000e+02 4.799674034118652344e+01 1.079962158203125000e+02
2.708967971801757812e+02 4.897015571594238281e+01 1.069667816162109375e+02
2.700000000000000000e+02 4.912501811981201172e+01 1.071185398101806641e+02
2.705682563781738281e+02 4.851946830749511719e+01 1.075218200683593750e+02
2.700000000000000000e+02 4.862502098083496094e+01 1.076426219940185547e+02
2.689257431030273438e+02 4.878993988037109375e+01 1.080010032653808594e+02
2.700000000000000000e+02 4.820099830627441406e+01 1.081426239013671875e+02
2.692095756530761719e+02 4.836310863494873047e+01 1.083350086212158203e+02
2.700000000000000000e+02 4.770099639892578125e+01 1.087785434722900391e+02
2.700000000000000000e+02 4.734550952911376953e+01 1.092785358428955078e+02
2.689721679687500000e+02 4.798273086547851562e+01 1.089826583862304688e+02
2.707535743713378906e+02 4.757155418395996094e+01 1.085990142822265625e+02
2.694014549255371094e+02 4.745729923248291016e+01 1.094390392303466797e+02
2.679999923706054688e+02 4.829316616058349609e+01 1.092258548736572266e+02
2.687347793579101562e+02 4.760235309600830078e+01 1.096540832519531250e+02
2.685429000854492188e+02 4.852057456970214844e+01 1.085262775421142578e+02
2.679999923706054688e+02 4.867827892303466797e+01 1.087258529663085938e+02
2.670454025268554688e+02 4.902817249298095703e+01 1.090376853942871094e+02
2.680828475952148438e+02 4.923188209533691406e+01 1.080224609375000000e+02
2.673275566101074219e+02 4.938379764556884766e+01 1.083707618713378906e+02
2.684714317321777344e+02 4.948209762573242188e+01 1.074815273284912109e+02
2.678047752380371094e+02 4.969598770141601562e+01 1.077040958404541016e+02
2.680828475952148438e+02 5.001759529113769531e+01 1.072099781036376953e+02
2.669851684570312500e+02 4.998762130737304688e+01 1.079873657226562500e+02
2.662315750122070312e+02 5.027925491333007812e+01 1.082706356048583984e+02
2.673094558715820312e+02 5.036265850067138672e+01 1.073674869537353516e+02
2.666609001159667969e+02 4.961258888244628906e+01 1.086338424682617188e+02
2.666427803039550781e+02 5.061079025268554688e+01 1.076039695739746094e+02
2.670102119445800781e+02 5.100736618041992188e+01 1.070025444030761719e+02
2.659074783325195312e+02 5.091717243194580078e+01 1.079195499420166016e+02
2.662500572204589844e+02 5.127745628356933594e+01 1.073042583465576172e+02
2.655649185180664062e+02 5.055688858032226562e+01 1.085629177093505859e+02
2.655833816528320312e+02 5.158156871795654297e+01 1.075684547424316406e+02
2.652177810668945312e+02 5.122355461120605469e+01 1.082351207733154297e+02
2.649005126953125000e+02 5.090260028839111328e+01 1.088925266265869141e+02
2.649101257324218750e+02 5.190245628356933594e+01 1.079152107238769531e+02
2.642692756652832031e+02 5.222334384918212891e+01 1.082619571685791016e+02
2.652691268920898438e+02 5.224823474884033203e+01 1.072990226745605469e+02
2.645511245727539062e+02 5.155667781829833984e+01 1.085554695129394531e+02
2.646024513244628906e+02 5.261792182922363281e+01 1.075952911376953125e+02
2.639636230468750000e+02 5.295776367187500000e+01 1.079625415802001953e+02
2.649870300292968750e+02 5.298607826232910156e+01 1.069831657409667969e+02
2.643246459960937500e+02 5.328458786010742188e+01 1.073339748382568359e+02
2.653716087341308594e+02 5.335423469543457031e+01 1.064011192321777344e+02
2.647049331665039062e+02 5.376707077026367188e+01 1.066673088073730469e+02
2.656781005859375000e+02 5.268756866455078125e+01 1.066323566436767578e+02
2.659640693664550781e+02 5.196465492248535156e+01 1.069683074951171875e+02
2.660068511962890625e+02 5.301254272460937500e+01 1.061842918395996094e+02
2.659495162963867188e+02 5.391914367675781250e+01 1.056816005706787109e+02
2.669175910949707031e+02 5.292627334594726562e+01 1.056592273712158203e+02
2.663447570800781250e+02 5.234774112701416016e+01 1.063894462585449219e+02
2.670265960693359375e+02 5.200864791870117188e+01 1.062030982971191406e+02
2.667109870910644531e+02 5.168107509613037109e+01 1.066375923156738281e+02
2.679306221008300781e+02 5.196938037872314453e+01 1.057156276702880859e+02
2.673776435852050781e+02 5.140393733978271484e+01 1.064230346679687500e+02
2.679999923706054688e+02 5.117881774902343750e+01 1.062500190734863281e+02
2.679999923706054688e+02 5.067881584167480469e+01 1.066513252258300781e+02
2.689248275756835938e+02 5.095562458038330078e+01 1.059615707397460938e+02
2.691686058044433594e+02 5.032094001770019531e+01 1.063461399078369141e+02
2.685019493103027344e+02 5.050115108489990234e+01 1.065009498596191406e+02
2.689011573791503906e+02 4.999256610870361328e+01 1.067749595642089844e+02
2.700000000000000000e+02 4.962876319885253906e+01 1.066185379028320312e+02
2.689999961853027344e+02 4.934699535369873047e+01 1.073429965972900391e+02
2.675510406494140625e+02 5.254378795623779297e+01 1.055260181427001953e+02
2.671959877014160156e+02 5.321045398712158203e+01 1.053341388702392578e+02
2.665293121337890625e+02 5.353190422058105469e+01 1.055165958404541016e+02
2.669175910949707031e+02 5.391914367675781250e+01 1.051192855834960938e+02
2.662492179870605469e+02 5.419857025146484375e+01 1.053485012054443359e+02
2.669606399536132812e+02 5.492554664611816406e+01 1.046476554870605469e+02
2.679234313964843750e+02 5.392947673797607422e+01 1.046228122711181641e+02
2.675390625000000000e+02 5.454257965087890625e+01 1.045161628723144531e+02
2.659495162963867188e+02 5.496814250946044922e+01 1.051793193817138672e+02
2.655825424194335938e+02 5.461356639862060547e+01 1.055516338348388672e+02
2.650229644775390625e+02 5.406024456024169922e+01 1.062476253509521484e+02
2.644530487060546875e+02 5.443373680114746094e+01 1.064599704742431641e+02
2.640555191040039062e+02 5.408182144165039062e+01 1.070486640930175781e+02
2.634315490722656250e+02 5.439657211303710938e+01 1.074300289154052734e+02
2.636579704284667969e+02 5.372990608215332031e+01 1.076631259918212891e+02
2.637824249267578125e+02 5.500000000000000000e+01 1.067582607269287109e+02
2.632626342773437500e+02 5.500000000000000000e+01 1.072582626342773438e+02
2.627626228332519531e+02 5.500000000000000000e+01 1.077979564666748047e+02
2.630561447143554688e+02 5.409274578094482422e+01 1.080651664733886719e+02
2.625852966308593750e+02 5.571259975433349609e+01 1.075967311859130859e+02
2.623318481445312500e+02 5.500000000000000000e+01 1.082979488372802734e+02
2.624725914001464844e+02 5.445558547973632812e+01 1.084672069549560547e+02
2.618026161193847656e+02 5.497598648071289062e+01 1.090140056610107422e+02
2.621582984924316406e+02 5.602756023406982422e+01 1.079580402374267578e+02
2.624514579772949219e+02 5.637926578521728516e+01 1.074467182159423828e+02
2.616092681884765625e+02 5.600000381469726562e+01 1.086519813537597656e+02
2.617916107177734375e+02 5.691977500915527344e+01 1.080371952056884766e+02
2.623576545715332031e+02 5.700000286102294922e+01 1.073443508148193359e+02
2.615091514587402344e+02 5.653295516967773438e+01 1.085126304626464844e+02
2.617471504211425781e+02 5.800000190734863281e+01 1.077910041809082031e+02
2.614166450500488281e+02 5.719962120056152344e+01 1.083953189849853516e+02
2.611253929138183594e+02 5.691977500915527344e+01 1.089075851440429688e+02
2.613305282592773438e+02 5.800000190734863281e+01 1.082910060882568359e+02
2.607737731933593750e+02 5.794703960418701172e+01 1.090568161010742188e+02
2.612578010559082031e+02 5.900000095367431641e+01 1.082063961029052734e+02
2.607578086853027344e+02 5.900000095367431641e+01 1.088500213623046875e+02
2.612203979492187500e+02 6.000000000000000000e+01 1.081661701202392578e+02
2.616794013977050781e+02 5.900000095367431641e+01 1.077063941955566406e+02
2.621793937683105469e+02 5.900000095367431641e+01 1.071549701690673828e+02
2.622471427917480469e+02 5.800000190734863281e+01 1.072249698638916016e+02
2.607203865051269531e+02 6.000000000000000000e+01 1.087935066223144531e+02
2.603477859497070312e+02 6.000000000000000000e+01 1.092935085296630859e+02
2.607119941711425781e+02 6.100000381469726562e+01 1.087790012359619141e+02
2.603361511230468750e+02 6.100000381469726562e+01 1.092790031433105469e+02
2.597705459594726562e+02 6.105235576629638672e+01 1.100992298126220703e+02
2.603562927246093750e+02 6.200000286102294922e+01 1.093069076538085938e+02
2.598000907897949219e+02 6.190654754638671875e+01 1.100992298126220703e+02
2.604117393493652344e+02 6.300000190734863281e+01 1.093817424774169922e+02
2.595251083374023438e+02 6.217757701873779297e+01 1.105426025390625000e+02
2.594991111755371094e+02 6.151091098785400391e+01 1.104987144470214844e+02
2.594991111755371094e+02 6.142058849334716797e+01 1.104987144470214844e+02
2.592842102050781250e+02 6.190654754638671875e+01 1.109255599975585938e+02
2.586933135986328125e+02 6.194148540496826172e+01 1.120948219299316406e+02
2.592739677429199219e+02 6.105235576629638672e+01 1.109028244018554688e+02
2.592404937744140625e+02 6.000000000000000000e+01 1.110351657867431641e+02
2.586758613586425781e+02 6.097562313079833984e+01 1.120948219299316406e+02
2.595026969909667969e+02 6.075392246246337891e+01 1.105047035217285156e+02
2.595197296142578125e+02 6.000000000000000000e+01 1.105351638793945312e+02
2.598675346374511719e+02 6.000000000000000000e+01 1.100000000000000000e+02
2.595689201354980469e+02 5.900000095367431641e+01 1.106250858306884766e+02
2.592943191528320312e+02 5.900000095367431641e+01 1.111250877380371094e+02
2.596566963195800781e+02 5.800000190734863281e+01 1.107914543151855469e+02
2.599597740173339844e+02 5.900000095367431641e+01 1.100000000000000000e+02
2.601942634582519531e+02 5.794703960418701172e+01 1.099147033691406250e+02
2.603908538818359375e+02 5.900000095367431641e+01 1.093500232696533203e+02
2.604481697082519531e+02 5.824506282806396484e+01 1.094280242919921875e+02
2.605155944824218750e+02 5.757839679718017578e+01 1.095245075225830078e+02
2.602847480773925781e+02 5.700000286102294922e+01 1.101525211334228516e+02
2.604056739807128906e+02 5.625095844268798828e+01 1.103455257415771484e+02
2.597667312622070312e+02 5.702791690826416016e+01 1.110584163665771484e+02
2.605942535400390625e+02 5.700000286102294922e+01 1.096525287628173828e+02
2.607254219055175781e+02 5.595057487487792969e+01 1.100073146820068359e+02
2.605319595336914062e+02 5.558428764343261719e+01 1.105588340759277344e+02
2.611699295043945312e+02 5.497598648071289062e+01 1.099576663970947266e+02
2.612578201293945312e+02 5.600000381469726562e+01 1.091519832611083984e+02
2.614003181457519531e+02 5.529331207275390625e+01 1.093566703796386719e+02
2.613509178161621094e+02 5.423162937164306641e+01 1.102627754211425781e+02
2.606314849853515625e+02 5.490384578704833984e+01 1.109353065490722656e+02
2.615618896484375000e+02 5.462664604187011719e+01 1.095961093902587891e+02
2.617137908935546875e+02 5.393898010253906250e+01 1.099576663970947266e+02
2.622311210632324219e+02 5.303516387939453125e+01 1.100351619720458984e+02
2.622751617431640625e+02 5.407335281372070312e+01 1.090393543243408203e+02
2.615369796752929688e+02 5.356496334075927734e+01 1.105628585815429688e+02
2.617098426818847656e+02 5.295145988464355469e+01 1.109377193450927734e+02
2.611190223693847656e+02 5.393898010253906250e+01 1.109377193450927734e+02
2.606202316284179688e+02 5.392276763916015625e+01 1.119037628173828125e+02
2.613445281982421875e+02 5.325243473052978516e+01 1.112295246124267578e+02
2.611476898193359375e+02 5.295145988464355469e+01 1.119630622863769531e+02
2.613820075988769531e+02 5.232627868652343750e+01 1.122717666625976562e+02
2.615553092956542969e+02 5.258576869964599609e+01 1.116051006317138672e+02
2.606851196289062500e+02 5.297578334808349609e+01 1.129280662536621094e+02
2.603807640075683594e+02 5.329297542572021484e+01 1.132134532928466797e+02
2.605735778808593750e+02 5.262630939483642578e+01 1.136996841430664062e+02
2.605195999145507812e+02 5.353794574737548828e+01 1.125467872619628906e+02
2.612479972839355469e+02 5.199576854705810547e+01 1.130450820922851562e+02
2.608173370361328125e+02 5.205298900604248047e+01 1.140198135375976562e+02
2.614577102661132812e+02 5.144329547882080078e+01 1.134084701538085938e+02
2.616111373901367188e+02 5.165961265563964844e+01 1.127417945861816406e+02
2.619940948486328125e+02 5.099655628204345703e+01 1.129951477050781250e+02
2.617775535583496094e+02 5.199576854705810547e+01 1.119630622863769531e+02
2.623054313659667969e+02 5.125279426574707031e+01 1.119999980926513672e+02
2.622653198242187500e+02 5.203834056854248047e+01 1.110644912719726562e+02
2.624627685546875000e+02 5.145391464233398438e+01 1.114408111572265625e+02
2.624241065979003906e+02 5.239723682403564453e+01 1.103919410705566406e+02
2.626756668090820312e+02 5.173056602478027344e+01 1.107741451263427734e+02
2.630419158935546875e+02 5.105248928070068359e+01 1.110691356658935547e+02
2.630025482177734375e+02 5.200750350952148438e+01 1.100080013275146484e+02
2.633294105529785156e+02 5.228444099426269531e+01 1.092882728576660156e+02
2.626627540588378906e+02 5.272527217864990234e+01 1.097252750396728516e+02
2.635972976684570312e+02 5.161777019500732422e+01 1.096240711212158203e+02
2.633423423767089844e+02 5.131772518157958984e+01 1.102907371520996094e+02
2.639511108398437500e+02 5.094968795776367188e+01 1.099429035186767578e+02
2.643049240112304688e+02 5.030493736267089844e+01 1.102617263793945312e+02
2.642639732360839844e+02 5.124831199645996094e+01 1.092221355438232422e+02
2.636382675170898438e+02 5.065105915069580078e+01 1.106974601745605469e+02
2.645832443237304688e+02 5.058164596557617188e+01 1.095950603485107422e+02
2.649520301818847656e+02 4.995455741882324219e+01 1.099472141265869141e+02
2.653207969665527344e+02 4.934829711914062500e+01 1.102993583679199219e+02
2.652499008178710938e+02 5.027084350585937500e+01 1.092295932769775391e+02
2.646541404724121094e+02 4.963827133178710938e+01 1.106974601745605469e+02
2.656277847290039062e+02 4.960417747497558594e+01 1.096326923370361328e+02
2.659296798706054688e+02 4.994171619415283203e+01 1.089317131042480469e+02
2.660176086425781250e+02 4.901041984558105469e+01 1.100184535980224609e+02
2.664074325561523438e+02 4.843216896057128906e+01 1.104042243957519531e+02
2.662944412231445312e+02 4.933921337127685547e+01 1.093005084991455078e+02
2.657407760620117188e+02 4.868162631988525391e+01 1.107815647125244141e+02
2.667632293701171875e+02 4.867254734039306641e+01 1.097375583648681641e+02
2.670579338073730469e+02 4.826804161071777344e+01 1.100425338745117188e+02
2.674298858642578125e+02 4.845520496368408203e+01 1.094415283203125000e+02
2.669592666625976562e+02 4.773132801055908203e+01 1.109586429595947266e+02
2.679665184020996094e+02 4.777015209197998047e+01 1.099924468994140625e+02
2.676108741760253906e+02 4.755936622619628906e+01 1.105977439880371094e+02
2.682775497436523438e+02 4.738331794738769531e+01 1.103207492828369141e+02
2.679665184020996094e+02 4.716425418853759766e+01 1.109586429595947266e+02
2.690408706665039062e+02 4.725432872772216797e+01 1.099924468994140625e+02
2.689483833312988281e+02 4.669833183288574219e+01 1.109929084777832031e+02
2.700446319580078125e+02 4.682636737823486328e+01 1.100680351257324219e+02
2.697410774230957031e+02 4.658326625823974609e+01 1.106548500061035156e+02
2.704077339172363281e+02 4.646781921386718750e+01 1.104467201232910156e+02
2.700446319580078125e+02 4.630414009094238281e+01 1.109929084777832031e+02
2.709999847412109375e+02 4.638484954833984375e+01 1.103064823150634766e+02
2.709999847412109375e+02 4.602438926696777344e+01 1.110000038146972656e+02
2.709999847412109375e+02 4.563953876495361328e+01 1.118416881561279297e+02
2.700953102111816406e+02 4.577954292297363281e+01 1.120967006683349609e+02
2.717914962768554688e+02 4.555174827575683594e+01 1.116277599334716797e+02
2.709999847412109375e+02 4.543566226959228516e+01 1.123416900634765625e+02
2.704921722412109375e+02 4.549770832061767578e+01 1.124944972991943359e+02
2.720748901367187500e+02 4.536332607269287109e+01 1.119766521453857422e+02
2.709999847412109375e+02 4.518900871276855469e+01 1.130000019073486328e+02
2.700953102111816406e+02 4.540021419525146484e+01 1.130444335937500000e+02
2.709999847412109375e+02 4.486060619354248047e+01 1.140000057220458984e+02
2.719999885559082031e+02 4.499776363372802734e+01 1.130000019073486328e+02
2.720601844787597656e+02 4.465228557586669922e+01 1.140807342529296875e+02
2.729999923706054688e+02 4.487236022949218750e+01 1.130000019073486328e+02
2.729999923706054688e+02 4.522800922393798828e+01 1.119999980926513672e+02
2.729999923706054688e+02 4.460400581359863281e+01 1.138671302795410156e+02
2.739999961853027344e+02 4.480610847473144531e+01 1.130000019073486328e+02
2.739999961853027344e+02 4.457453727722167969e+01 1.137715721130371094e+02
2.750000000000000000e+02 4.479708194732666016e+01 1.130000019073486328e+02
2.750000000000000000e+02 4.457437038421630859e+01 1.137945079803466797e+02
2.759999847412109375e+02 4.485011577606201172e+01 1.130000019073486328e+02
2.750000000000000000e+02 4.444632053375244141e+01 1.142945098876953125e+02
2.739999961853027344e+02 4.443618297576904297e+01 1.142715740203857422e+02
2.729999923706054688e+02 4.446146965026855469e+01 1.143671321868896484e+02
2.739999961853027344e+02 4.426834106445312500e+01 1.150000000000000000e+02
2.729999923706054688e+02 4.430771350860595703e+01 1.150000000000000000e+02
2.720601844787597656e+02 4.441232204437255859e+01 1.149877071380615234e+02
2.729999923706054688e+02 4.410179615020751953e+01 1.160000038146972656e+02
2.719999885559082031e+02 4.419928073883056641e+01 1.160000038146972656e+02
2.709566116333007812e+02 4.437263011932373047e+01 1.159529972076416016e+02
2.702779388427734375e+02 4.444781303405761719e+01 1.162549877166748047e+02
2.712610244750976562e+02 4.445231914520263672e+01 1.153128433227539062e+02
2.705943489074707031e+02 4.451850891113281250e+01 1.155883216857910156e+02
2.699667549133300781e+02 4.458602428436279297e+01 1.159529972076416016e+02
2.709566116333007812e+02 4.459691524505615234e+01 1.149877071380615234e+02
2.700000000000000000e+02 4.481269836425781250e+01 1.150000000000000000e+02
2.717669868469238281e+02 4.453659057617187500e+01 1.146461772918701172e+02
2.700000000000000000e+02 4.510148048400878906e+01 1.140000057220458984e+02
2.689999961853027344e+02 4.509823799133300781e+01 1.150000000000000000e+02
2.682036781311035156e+02 4.537924289703369141e+01 1.150000000000000000e+02
2.690362167358398438e+02 4.537487506866455078e+01 1.140424919128417969e+02
2.689999961853027344e+02 4.484136104583740234e+01 1.160000038146972656e+02
2.679087066650390625e+02 4.524983882904052734e+01 1.159138298034667969e+02
2.673347854614257812e+02 4.541944980621337891e+01 1.161897087097167969e+02
2.679999923706054688e+02 4.497216224670410156e+01 1.169999980926513672e+02
2.675145149230957031e+02 4.550595760345458984e+01 1.155230426788330078e+02
2.677036666870117188e+02 4.558364868164062500e+01 1.150000000000000000e+02
2.670008659362792969e+02 4.565611839294433594e+01 1.159138298034667969e+02
2.659405899047851562e+02 4.621692657470703125e+01 1.159835338592529297e+02
2.669999885559082031e+02 4.592099666595458984e+01 1.150000000000000000e+02
2.666419792175292969e+02 4.556929111480712891e+01 1.169999980926513672e+02
2.659999847412109375e+02 4.592079162597656250e+01 1.169999980926513672e+02
2.671419715881347656e+02 4.532905101776123047e+01 1.169999980926513672e+02
2.665211868286132812e+02 4.551013946533203125e+01 1.175568389892578125e+02
2.660447311401367188e+02 4.570167541503906250e+01 1.179341030120849609e+02
2.669127082824707031e+02 4.526100158691406250e+01 1.179341030120849609e+02
2.664078903198242188e+02 4.545002460479736328e+01 1.182235050201416016e+02
2.657999229431152344e+02 4.566310882568359375e+01 1.190000057220458984e+02
2.651089477539062500e+02 4.624448776245117188e+01 1.180000019073486328e+02
2.652776527404785156e+02 4.635150432586669922e+01 1.169999980926513672e+02
2.649123191833496094e+02 4.620763301849365234e+01 1.189538764953613281e+02
2.644478797912597656e+02 4.646191120147705078e+01 1.192564582824707031e+02
2.645205497741699219e+02 4.651372432708740234e+01 1.185897922515869141e+02
2.654121589660644531e+02 4.644063949584960938e+01 1.163058948516845703e+02
2.647776603698730469e+02 4.669106960296630859e+01 1.169999980926513672e+02
2.650472831726074219e+02 4.679657936096191406e+01 1.159835338592529297e+02
2.643013000488281250e+02 4.733900070190429688e+01 1.160000038146972656e+02
2.649558448791503906e+02 4.718785285949707031e+01 1.150176334381103516e+02
2.655676460266113281e+02 4.654230117797851562e+01 1.156392192840576172e+02
2.657339668273925781e+02 4.664794921875000000e+01 1.150000000000000000e+02
2.662339591979980469e+02 4.633735179901123047e+01 1.150000000000000000e+02
2.660465812683105469e+02 4.680380344390869141e+01 1.140099620819091797e+02
2.652704620361328125e+02 4.732932090759277344e+01 1.140000057220458984e+02
2.659957504272460938e+02 4.724003314971923828e+01 1.130388832092285156e+02
2.664109611511230469e+02 4.644447326660156250e+01 1.143499279022216797e+02
2.666223907470703125e+02 4.656724452972412109e+01 1.136832618713378906e+02
2.669734191894531250e+02 4.626169204711914062e+01 1.140099620819091797e+02
2.669734191894531250e+02 4.668687343597412109e+01 1.129402351379394531e+02
2.672890472412109375e+02 4.638610839843750000e+01 1.132337188720703125e+02
2.669592666625976562e+02 4.716240406036376953e+01 1.119670677185058594e+02
2.675621604919433594e+02 4.652886390686035156e+01 1.125670528411865234e+02
2.679372978210449219e+02 4.665158271789550781e+01 1.119391822814941406e+02
2.679372978210449219e+02 4.620355606079101562e+01 1.129402351379394531e+02
2.680542182922363281e+02 4.574125766754150391e+01 1.140424919128417969e+02
2.690362167358398438e+02 4.572798728942871094e+01 1.130444335937500000e+02
2.682288169860839844e+02 4.637607574462890625e+01 1.122319602966308594e+02
2.689483833312988281e+02 4.622460365295410156e+01 1.119391822814941406e+02
2.692473030090332031e+02 4.640477657318115234e+01 1.113215160369873047e+02
2.685806274414062500e+02 4.653064250946044922e+01 1.115652942657470703e+02
2.687270355224609375e+02 4.557708263397216797e+01 1.137374782562255859e+02
2.698255157470703125e+02 4.559349060058593750e+01 1.127407264709472656e+02
2.693936920166015625e+02 4.546347618103027344e+01 1.134073925018310547e+02
2.684237098693847656e+02 4.546841621398925781e+01 1.144041442871093750e+02
2.663262748718261719e+02 4.738201618194580078e+01 1.122784423828125000e+02
2.672654342651367188e+02 4.735979557037353516e+01 1.112644100189208984e+02
2.665987777709960938e+02 4.756067752838134766e+01 1.116117763519287109e+02
2.659957504272460938e+02 4.778339862823486328e+01 1.119670677185058594e+02
2.652563667297363281e+02 4.830873966217041016e+01 1.119999980926513672e+02
2.660444641113281250e+02 4.827600479125976562e+01 1.110689353942871094e+02
2.656595993041992188e+02 4.761115550994873047e+01 1.127314758300781250e+02
2.649919891357421875e+02 4.799115657806396484e+01 1.129886627197265625e+02
2.647704505920410156e+02 4.770684242248535156e+01 1.140000057220458984e+02
2.643503761291503906e+02 4.837115287780761719e+01 1.132458496093750000e+02
2.645498085021972656e+02 4.854090213775634766e+01 1.125791740417480469e+02
2.654341888427734375e+02 4.745079517364501953e+01 1.133981418609619141e+02
2.639328956604003906e+02 4.893791198730468750e+01 1.128866291046142578e+02
2.647563743591308594e+02 4.871179580688476562e+01 1.119999980926513672e+02
2.641876029968261719e+02 4.921179771423339844e+01 1.119999980926513672e+02
2.650564193725585938e+02 4.904489517211914062e+01 1.110728454589843750e+02
2.644013977050781250e+02 4.940816402435302734e+01 1.113641262054443359e+02
2.654586982727050781e+02 4.846716880798339844e+01 1.114482307434082031e+02
2.640198326110839844e+02 5.001984119415283203e+01 1.110307884216308594e+02
2.636876106262207031e+02 4.968761444091796875e+01 1.119999980926513672e+02
2.634081459045410156e+02 5.040141582489013672e+01 1.113641262054443359e+02
2.632117843627929688e+02 5.018761634826660156e+01 1.119999980926513672e+02
2.627117919921875000e+02 5.075279235839843750e+01 1.119999980926513672e+02
2.629384613037109375e+02 4.993522644042968750e+01 1.128879547119140625e+02
2.626504325866699219e+02 4.966732978820800781e+01 1.140000057220458984e+02
2.623770332336425781e+02 5.035504817962646484e+01 1.132485008239746094e+02
2.625408935546875000e+02 5.054981231689453125e+01 1.125818252563476562e+02
2.635153961181640625e+02 4.951540470123291016e+01 1.125274085998535156e+02
2.633360099792480469e+02 4.933491706848144531e+01 1.131940746307373047e+02
2.631504440307617188e+02 4.914760112762451172e+01 1.140000057220458984e+02
2.636610031127929688e+02 4.864759922027587891e+01 1.140000057220458984e+02
2.641610145568847656e+02 4.820683956146240234e+01 1.140000057220458984e+02
2.635309600830078125e+02 4.852855205535888672e+01 1.145738029479980469e+02
2.639842224121093750e+02 4.798501968383789062e+01 1.149682617187500000e+02
2.644374847412109375e+02 4.744915485382080078e+01 1.153627204895019531e+02
2.645930862426757812e+02 4.757130146026611328e+01 1.146960544586181641e+02
2.622175407409667969e+02 5.016732692718505859e+01 1.140000057220458984e+02
2.617175292968750000e+02 5.078602313995361328e+01 1.140000057220458984e+02
2.613414955139160156e+02 5.128602504730224609e+01 1.140000057220458984e+02
2.615796661376953125e+02 5.060473442077636719e+01 1.147319316864013672e+02
2.625312232971191406e+02 4.953472614288330078e+01 1.145834922790527344e+02
2.696112632751464844e+02 4.452576637268066406e+01 1.166419601440429688e+02
2.724336433410644531e+02 4.449064254760742188e+01 1.144678878784179688e+02
2.724581527709960938e+02 4.549241065979003906e+01 1.114835548400878906e+02
2.639332962036132812e+02 5.192055702209472656e+01 1.089218711853027344e+02
2.636026000976562500e+02 5.263093948364257812e+01 1.086216068267822266e+02
2.630050849914550781e+02 5.301144123077392578e+01 1.090102577209472656e+02
2.633473968505859375e+02 5.329761028289794922e+01 1.083297920227050781e+02
2.626807403564453125e+02 5.378891944885253906e+01 1.087322521209716797e+02
2.624241065979003906e+02 5.339193820953369141e+01 1.093989181518554688e+02
2.606677818298339844e+02 5.176139831542968750e+01 1.150000000000000000e+02
2.604500961303710938e+02 5.242164134979248047e+01 1.143663501739501953e+02
2.602568244934082031e+02 5.297578334808349609e+01 1.140198135375976562e+02
2.599262619018554688e+02 5.300000190734863281e+01 1.150000000000000000e+02
2.597172164916992188e+02 5.402109146118164062e+01 1.139891052246093750e+02
2.595755958557128906e+02 5.365709304809570312e+01 1.150000000000000000e+02
2.595507431030273438e+02 5.461743831634521484e+01 1.136485004425048828e+02
2.594362640380859375e+02 5.436848640441894531e+01 1.143151664733886719e+02
2.601683807373046875e+02 5.392276763916015625e+01 1.129280662536621094e+02
2.603491401672363281e+02 5.420461177825927734e+01 1.121729373931884766e+02
2.596628379821777344e+02 5.497046470642089844e+01 1.129579830169677734e+02
2.601438331604003906e+02 5.490384578704833984e+01 1.119037628173828125e+02
2.594064521789550781e+02 5.528410434722900391e+01 1.132633113861083984e+02
2.595381927490234375e+02 5.560541152954101562e+01 1.125966453552246094e+02
2.592678451538085938e+02 5.596324920654296875e+01 1.129579830169677734e+02
2.596732711791992188e+02 5.596324920654296875e+01 1.119881248474121094e+02
2.601937675476074219e+02 5.595057487487792969e+01 1.109353065490722656e+02
2.594170761108398438e+02 5.627208232879638672e+01 1.123135375976562500e+02
2.595648765563964844e+02 5.671319007873535156e+01 1.116468715667724609e+02
2.593172645568847656e+02 5.702791690826416016e+01 1.119881248474121094e+02
2.594627761840820312e+02 5.737985610961914062e+01 1.114306831359863281e+02
2.590543937683105469e+02 5.800000190734863281e+01 1.119999980926513672e+02
2.589088630676269531e+02 5.700000286102294922e+01 1.130000019073486328e+02
2.585935783386230469e+02 5.691983222961425781e+01 1.139398765563964844e+02
2.586478042602539062e+02 5.796030044555664062e+01 1.130166435241699219e+02
2.584460639953613281e+02 5.826716423034667969e+01 1.133610725402832031e+02
2.585229301452636719e+02 5.760049343109130859e+01 1.135664558410644531e+02
2.585764503479003906e+02 5.900000095367431641e+01 1.126975631713867188e+02
2.583803749084472656e+02 5.900000095367431641e+01 1.131975555419921875e+02
2.588707923889160156e+02 5.900000095367431641e+01 1.119999980926513672e+02
2.585222816467285156e+02 6.000000000000000000e+01 1.125559616088867188e+02
2.587627792358398438e+02 6.000000000000000000e+01 1.119999980926513672e+02
2.583214950561523438e+02 6.000000000000000000e+01 1.130559635162353516e+02
2.585022544860839844e+02 6.062603950500488281e+01 1.125056171417236328e+02
2.583342361450195312e+02 6.097562313079833984e+01 1.129033660888671875e+02
2.584961509704589844e+02 6.129270553588867188e+01 1.124913597106933594e+02
2.584961509704589844e+02 6.156913757324218750e+01 1.124913597106933594e+02
2.580836677551269531e+02 5.900000095367431641e+01 1.140000057220458984e+02
2.583095169067382812e+02 5.796030044555664062e+01 1.139398765563964844e+02
2.579753494262695312e+02 5.800000190734863281e+01 1.150000000000000000e+02
2.584074211120605469e+02 5.719971656799316406e+01 1.142331218719482422e+02
2.582901000976562500e+02 5.691983222961425781e+01 1.149230003356933594e+02
2.580101013183593750e+02 5.700000286102294922e+01 1.160000038146972656e+02
2.584212303161621094e+02 5.628468036651611328e+01 1.152050018310546875e+02
2.585101318359375000e+02 5.653305053710937500e+01 1.145383358001708984e+02
2.586089515686035156e+02 5.597080707550048828e+01 1.149230003356933594e+02
2.588761520385742188e+02 5.600000381469726562e+01 1.140000057220458984e+02
2.585427093505859375e+02 5.561801433563232422e+01 1.157042598724365234e+02
2.589661979675292969e+02 5.500000000000000000e+01 1.150000000000000000e+02
2.592828559875488281e+02 5.497046470642089844e+01 1.139891052246093750e+02
2.593376159667968750e+02 5.415709495544433594e+01 1.150000000000000000e+02
2.583467292785644531e+02 5.597080707550048828e+01 1.160225582122802734e+02
2.581446647644042969e+02 5.600000381469726562e+01 1.169999980926513672e+02
2.584724044799804688e+02 5.543414115905761719e+01 1.163709259033203125e+02
2.579992294311523438e+02 5.600000381469726562e+01 1.180000019073486328e+02
2.578184890747070312e+02 5.700000286102294922e+01 1.169999980926513672e+02
2.576461791992187500e+02 5.708003044128417969e+01 1.180477619171142578e+02
2.575719451904296875e+02 5.796922683715820312e+01 1.169183635711669922e+02
2.577419090270996094e+02 5.800000190734863281e+01 1.160000038146972656e+02
2.574461364746093750e+02 5.828204154968261719e+01 1.171972751617431641e+02
2.575280570983886719e+02 5.761537551879882812e+01 1.177462673187255859e+02
2.575053405761718750e+02 5.853079795837402344e+01 1.165306091308593750e+02
2.573689079284667969e+02 5.891847610473632812e+01 1.169183635711669922e+02
2.574897575378417969e+02 5.746671676635742188e+01 1.184129333496093750e+02
2.576167488098144531e+02 5.688750267028808594e+01 1.190000057220458984e+02
2.579066467285156250e+02 5.600000381469726562e+01 1.190000057220458984e+02
2.578509140014648438e+02 5.600000381469726562e+01 1.200000000000000000e+02
2.593868446350097656e+02 5.800000190734863281e+01 1.112914562225341797e+02
2.603523826599121094e+02 5.517307758331298828e+01 1.112255096435546875e+02
2.605029106140136719e+02 5.450641155242919922e+01 1.115062713623046875e+02
2.595036125183105469e+02 5.350763797760009766e+01 1.155155086517333984e+02
2.585143089294433594e+02 6.223580837249755859e+01 1.125340175628662109e+02
2.750000000000000000e+02 5.100000381469726562e+01 1.049469852447509766e+02
2.765836334228515625e+02 5.047283649444580078e+01 1.054807567596435547e+02
2.765836334228515625e+02 4.648075580596923828e+01 1.094728374481201172e+02
2.759999847412109375e+02 4.644519805908203125e+01 1.094223308563232422e+02
2.759999847412109375e+02 4.610329627990722656e+01 1.100000000000000000e+02
2.750000000000000000e+02 4.641055583953857422e+01 1.093715000152587891e+02
2.739999961853027344e+02 4.641913414001464844e+01 1.093827056884765625e+02
2.750000000000000000e+02 4.604013442993164062e+01 1.100000000000000000e+02
2.805797576904296875e+02 4.645547389984130859e+01 1.123869514465332031e+02
2.627441787719726562e+02 4.774203300476074219e+01 1.219999980926513672e+02
2.622562599182128906e+02 4.824203014373779297e+01 1.219999980926513672e+02
2.622492027282714844e+02 4.823540687561035156e+01 1.210000038146972656e+02
2.617562484741210938e+02 4.880038738250732422e+01 1.219999980926513672e+02
2.618048477172851562e+02 4.885891914367675781e+01 1.230000019073486328e+02
2.617491912841796875e+02 4.879035472869873047e+01 1.210000038146972656e+02
2.617892646789550781e+02 4.883405208587646484e+01 1.200000000000000000e+02
2.613662147521972656e+02 4.933404922485351562e+01 1.200000000000000000e+02
2.622892570495605469e+02 4.827832698822021484e+01 1.200000000000000000e+02
2.613880348205566406e+02 4.935892105102539062e+01 1.230000019073486328e+02
2.614575386047363281e+02 4.944655418395996094e+01 1.240000057220458984e+02
2.594878768920898438e+02 5.247900009155273438e+01 1.184171772003173828e+02
2.594540786743164062e+02 5.242017269134521484e+01 1.190000057220458984e+02
2.594128990173339844e+02 5.234754085540771484e+01 1.200000000000000000e+02
2.593998718261718750e+02 5.232284545898437500e+01 1.210000038146972656e+02
2.590667533874511719e+02 5.300000190734863281e+01 1.210000038146972656e+02
2.594100379943847656e+02 5.233989238739013672e+01 1.219999980926513672e+02
2.596808242797851562e+02 5.182284355163574219e+01 1.210000038146972656e+02
2.596891212463378906e+02 5.183989048004150391e+01 1.219999980926513672e+02
2.597242927551269531e+02 5.190412521362304688e+01 1.230000019073486328e+02
2.597447776794433594e+02 5.208036899566650391e+01 1.239767360687255859e+02
2.594461441040039062e+02 5.240412712097167969e+01 1.230000019073486328e+02
2.594816398620605469e+02 5.246727943420410156e+01 1.236278915405273438e+02
2.592973327636718750e+02 5.293440818786621094e+01 1.239767360687255859e+02
2.593347167968750000e+02 5.317148208618164062e+01 1.250000000000000000e+02
2.595286941528320312e+02 5.255734443664550781e+01 1.242945575714111328e+02
2.595869445800781250e+02 5.267148017883300781e+01 1.250000000000000000e+02
2.589528274536132812e+02 5.400000095367431641e+01 1.250000000000000000e+02
2.594329452514648438e+02 5.336904525756835938e+01 1.260000038146972656e+02
2.591427993774414062e+02 5.400000095367431641e+01 1.260000038146972656e+02
2.594934082031250000e+02 5.348742485046386719e+01 1.265258026123046875e+02
2.593543243408203125e+02 5.399913311004638672e+01 1.269154834747314453e+02
2.589458465576171875e+02 5.500000000000000000e+01 1.269999980926513672e+02
2.586935043334960938e+02 5.505898952484130859e+01 1.259774494171142578e+02
2.585427093505859375e+02 5.561455249786376953e+01 1.262957477569580078e+02
2.584724044799804688e+02 5.543164730072021484e+01 1.256290817260742188e+02
2.590851593017578125e+02 5.300000190734863281e+01 1.219999980926513672e+02
2.575328254699707031e+02 5.761953830718994141e+01 1.242442989349365234e+02
2.574897193908691406e+02 5.746783733367919922e+01 1.235776329040527344e+02
2.574670982360839844e+02 5.739524364471435547e+01 1.230000019073486328e+02
2.572985839843750000e+02 5.800000190734863281e+01 1.230000019073486328e+02
2.572474479675292969e+02 5.800000190734863281e+01 1.219999980926513672e+02
2.570722389221191406e+02 5.900000095367431641e+01 1.230000019073486328e+02
2.570318031311035156e+02 5.900000095367431641e+01 1.219999980926513672e+02
2.570176124572753906e+02 5.900000095367431641e+01 1.210000038146972656e+02
2.568821525573730469e+02 6.000000000000000000e+01 1.219999980926513672e+02
2.568721580505371094e+02 6.000000000000000000e+01 1.210000038146972656e+02
2.567823982238769531e+02 6.100000381469726562e+01 1.219999980926513672e+02
2.567720794677734375e+02 6.100000381469726562e+01 1.210000038146972656e+02
2.567981529235839844e+02 6.200000286102294922e+01 1.219999980926513672e+02
2.567875289916992188e+02 6.200000286102294922e+01 1.210000038146972656e+02
2.569185066223144531e+02 6.300000190734863281e+01 1.219999980926513672e+02
2.569079971313476562e+02 6.300000190734863281e+01 1.210000038146972656e+02
2.569185066223144531e+02 6.300000190734863281e+01 1.200000000000000000e+02
2.569779586791992188e+02 6.300000190734863281e+01 1.190000057220458984e+02
2.570819473266601562e+02 6.400000095367431641e+01 1.200000000000000000e+02
2.567981529235839844e+02 6.200000286102294922e+01 1.200000000000000000e+02
2.583955574035644531e+02 6.492615699768066406e+01 1.140483093261718750e+02
2.639406204223632812e+02 6.906035900115966797e+01 1.087598705291748047e+02
2.645760345458984375e+02 6.943392753601074219e+01 1.085525703430175781e+02
2.796018600463867188e+02 5.043504238128662109e+01 1.064507961273193359e+02
2.802620697021484375e+02 5.482269763946533203e+01 1.045933532714843750e+02
2.759999847412109375e+02 5.700000286102294922e+01 1.029509925842285156e+02
2.719999885559082031e+02 6.773422718048095703e+01 1.043487930297851562e+02
2.709414672851562500e+02 6.796339511871337891e+01 1.047107410430908203e+02
2.709999847412109375e+02 6.885744094848632812e+01 1.052520370483398438e+02
2.719999885559082031e+02 6.823422908782958984e+01 1.046502113342285156e+02
2.709999847412109375e+02 6.935743808746337891e+01 1.055981349945068359e+02
2.700000000000000000e+02 6.865158081054687500e+01 1.053932571411132812e+02
2.821847343444824219e+02 6.000000000000000000e+01 1.046603584289550781e+02
2.837786102294921875e+02 6.400000095367431641e+01 1.062594795227050781e+02
2.800541687011718750e+02 6.608545303344726562e+01 1.046036052703857422e+02
2.807923889160156250e+02 6.700000286102294922e+01 1.053208637237548828e+02
2.814961624145507812e+02 6.649420261383056641e+01 1.055019855499267578e+02
2.689999961853027344e+02 7.361233711242675781e+01 1.103533172607421875e+02
2.680837440490722656e+02 7.370506763458251953e+01 1.110138225555419922e+02
2.673013305664062500e+02 7.359549045562744141e+01 1.113563728332519531e+02
2.669808006286621094e+02 7.379361152648925781e+01 1.119696331024169922e+02
2.662883949279785156e+02 7.361874580383300781e+01 1.122827243804931641e+02
2.666346740722656250e+02 7.343492031097412109e+01 1.116160583496093750e+02
2.659730339050292969e+02 7.326714515686035156e+01 1.119696331024169922e+02
2.656217384338378906e+02 7.343104362487792969e+01 1.126501464843750000e+02
2.650293922424316406e+02 7.273285388946533203e+01 1.120533084869384766e+02
2.653823280334472656e+02 7.257927894592285156e+01 1.113848400115966797e+02
2.644395828247070312e+02 7.254443645477294922e+01 1.124221897125244141e+02
2.650226402282714844e+02 7.320346355438232422e+01 1.129900836944580078e+02
2.647156524658203125e+02 7.235045433044433594e+01 1.117555141448974609e+02
2.649831771850585938e+02 7.201352119445800781e+01 1.109827709197998047e+02
2.640192031860351562e+02 7.198688507080078125e+01 1.120261955261230469e+02
2.633621025085449219e+02 7.162331581115722656e+01 1.122968769073486328e+02
2.635988044738769531e+02 7.141775608062744141e+01 1.116302108764648438e+02
2.642654800415039062e+02 7.168378829956054688e+01 1.112473773956298828e+02
2.637596702575683594e+02 7.229866504669189453e+01 1.130000019073486328e+02
2.642596817016601562e+02 7.268104553222656250e+01 1.130000019073486328e+02
2.639439773559570312e+02 7.285565376281738281e+01 1.139881134033203125e+02
2.646657562255859375e+02 7.338938713073730469e+01 1.140000057220458984e+02
2.638867187500000000e+02 7.109435558319091797e+01 1.108779716491699219e+02
2.632378959655761719e+02 7.075109004974365234e+01 1.111752319335937500e+02
2.653710746765136719e+02 7.358467102050781250e+01 1.133168125152587891e+02
2.659730339050292969e+02 7.378319740295410156e+01 1.129900836944580078e+02
2.619371414184570312e+02 6.907967567443847656e+01 1.109160423278808594e+02
2.594539070129394531e+02 6.956501007080078125e+01 1.190000057220458984e+02
2.598439598083496094e+02 6.990589618682861328e+01 1.180750656127929688e+02
2.598166084289550781e+02 7.006500720977783203e+01 1.190000057220458984e+02
2.603945922851562500e+02 7.062695503234863281e+01 1.180000019073486328e+02
2.604578399658203125e+02 7.055093288421630859e+01 1.173246669769287109e+02
2.608313751220703125e+02 7.112695693969726562e+01 1.180000019073486328e+02
2.605370903015136719e+02 7.045242309570312500e+01 1.166580009460449219e+02
2.614097976684570312e+02 7.060255050659179688e+01 1.142760086059570312e+02
2.615442276000976562e+02 7.044693470001220703e+01 1.136093425750732422e+02
2.632668495178222656e+02 7.269411563873291016e+01 1.150000000000000000e+02
2.625889778137207031e+02 7.242075920104980469e+01 1.160000038146972656e+02
2.598163414001464844e+02 7.007193565368652344e+01 1.230000019073486328e+02
2.594489669799804688e+02 6.957193374633789062e+01 1.230000019073486328e+02
2.594864463806152344e+02 6.951906681060791016e+01 1.235846805572509766e+02
2.591057205200195312e+02 6.900000095367431641e+01 1.230000019073486328e+02
2.614693260192871094e+02 5.345383644104003906e+01 1.315455436706542969e+02
2.616957283020019531e+02 5.278717041015625000e+01 1.311835670471191406e+02
2.614898109436035156e+02 5.248535156250000000e+01 1.305169010162353516e+02
2.620444488525390625e+02 5.206892490386962891e+01 1.309218311309814453e+02
2.623624038696289062e+02 5.231916904449462891e+01 1.316813278198242188e+02
2.626221656799316406e+02 5.165249824523925781e+01 1.313267707824707031e+02
2.629572105407714844e+02 5.195366382598876953e+01 1.320481777191162109e+02
2.629815292358398438e+02 5.098667621612548828e+01 1.310177993774414062e+02
2.632888412475585938e+02 5.127051353454589844e+01 1.317483520507812500e+02
2.639280128479003906e+02 5.093500137329101562e+01 1.320726299285888672e+02
2.635835266113281250e+02 5.158816337585449219e+01 1.324150180816650391e+02
2.642501831054687500e+02 5.126615524291992188e+01 1.327172756195068359e+02
2.646250724792480469e+02 5.059948921203613281e+01 1.323968982696533203e+02
2.649794578552246094e+02 5.098505020141601562e+01 1.330183792114257812e+02
2.652917480468750000e+02 5.034190177917480469e+01 1.326528167724609375e+02
2.646671676635742188e+02 5.164142608642578125e+01 1.333839416503906250e+02
2.653338432312011719e+02 5.137061119079589844e+01 1.336091899871826172e+02
2.658085823059082031e+02 5.070394515991210938e+01 1.333194828033447266e+02
2.661258888244628906e+02 5.007965564727783203e+01 1.329276657104492188e+02
2.660851478576660156e+02 5.102236747741699219e+01 1.337431335449218750e+02
2.664752388000488281e+02 5.048407554626464844e+01 1.335140228271484375e+02
2.659999847412109375e+02 5.178015708923339844e+01 1.342933940887451172e+02
2.669757080078125000e+02 5.103292942047119141e+01 1.341763877868652344e+02
2.669999885559082031e+02 5.034382820129394531e+01 1.336339759826660156e+02
2.666261863708496094e+02 5.157155513763427734e+01 1.344486808776855469e+02
2.672928428649902344e+02 5.138821125030517578e+01 1.345825576782226562e+02
2.679999923706054688e+02 5.074008464813232422e+01 1.343179607391357422e+02
2.679999923706054688e+02 5.012320995330810547e+01 1.338179588317871094e+02
2.689815711975097656e+02 4.991395473480224609e+01 1.338580226898193359e+02
2.679999923706054688e+02 4.962321281433105469e+01 1.333874416351318359e+02
2.669999885559082031e+02 4.984382629394531250e+01 1.331799888610839844e+02
2.679999923706054688e+02 4.911246776580810547e+01 1.328874397277832031e+02
2.686359786987304688e+02 4.952325820922851562e+01 1.334791183471679688e+02
2.689612960815429688e+02 4.899331092834472656e+01 1.330087471008300781e+02
2.686199569702148438e+02 4.851998329162597656e+01 1.324776458740234375e+02
2.693026351928710938e+02 4.946663379669189453e+01 1.335310840606689453e+02
2.692866325378417969e+02 4.846320152282714844e+01 1.325383758544921875e+02
2.689719772338867188e+02 4.813386917114257812e+01 1.320865917205810547e+02
2.679999923706054688e+02 4.818844318389892578e+01 1.318733692169189453e+02
2.679999923706054688e+02 4.861247062683105469e+01 1.323733711242675781e+02
2.669066047668457031e+02 4.875998497009277344e+01 1.320121097564697266e+02
2.669999885559082031e+02 4.932089328765869141e+01 1.326799869537353516e+02
2.664432144165039062e+02 4.946455001831054688e+01 1.325358486175537109e+02
2.700000000000000000e+02 4.943949699401855469e+01 1.335563182830810547e+02
2.650646972656250000e+02 5.205503940582275391e+01 1.339629459381103516e+02
2.654622268676757812e+02 5.246865272521972656e+01 1.345228004455566406e+02
2.657765388488769531e+02 4.967523097991943359e+01 1.323106384277343750e+02
2.639448928833007812e+02 5.194812774658203125e+01 1.330486965179443359e+02
2.620332908630371094e+02 5.305664539337158203e+01 1.319467735290527344e+02
2.593948745727539062e+02 5.900000095367431641e+01 1.316913127899169922e+02
2.589231872558593750e+02 6.000000000000000000e+01 1.310000038146972656e+02
2.586011123657226562e+02 6.000000000000000000e+01 1.302435874938964844e+02
2.584023284912109375e+02 6.000000000000000000e+01 1.297435855865478516e+02
2.585688972473144531e+02 6.100000381469726562e+01 1.303286838531494141e+02
2.585791778564453125e+02 6.200000286102294922e+01 1.303071022033691406e+02
2.583668136596679688e+02 6.100000381469726562e+01 1.298286819458007812e+02
2.580502128601074219e+02 6.100000381469726562e+01 1.290000057220458984e+02
2.583734512329101562e+02 6.200000286102294922e+01 1.298071002960205078e+02
2.580599403381347656e+02 6.200000286102294922e+01 1.290000057220458984e+02
2.584225463867187500e+02 6.300000190734863281e+01 1.296846485137939453e+02
2.584720230102539062e+02 6.361832618713378906e+01 1.295656776428222656e+02
2.586316108703613281e+02 6.300000190734863281e+01 1.301846504211425781e+02
2.581554985046386719e+02 6.300000190734863281e+01 1.290000057220458984e+02
2.578228569030761719e+02 6.300000190734863281e+01 1.280000019073486328e+02
2.577287292480468750e+02 6.200000286102294922e+01 1.280000019073486328e+02
2.575898933410644531e+02 6.300000190734863281e+01 1.271484279632568359e+02
2.577219963073730469e+02 6.100000381469726562e+01 1.280000019073486328e+02
2.587120437622070312e+02 6.397099494934082031e+01 1.299394130706787109e+02
2.595387458801269531e+02 6.943898677825927734e+01 1.242513465881347656e+02
2.593751144409179688e+02 6.500000000000000000e+01 1.307396411895751953e+02
2.627818489074707031e+02 5.500000000000000000e+01 1.342483997344970703e+02
2.749797248840332031e+02 5.398654460906982422e+01 1.357000446319580078e+02
2.757236480712890625e+02 5.431090354919433594e+01 1.355885601043701172e+02
2.760341835021972656e+02 5.496850490570068359e+01 1.357294750213623047e+02
2.613693237304687500e+02 6.200000286102294922e+01 1.346323299407958984e+02
2.797836303710937500e+02 6.969036102294921875e+01 1.063556671142578125e+02
2.844305801391601562e+02 6.300000190734863281e+01 1.065606784820556641e+02
2.864430618286132812e+02 6.217993259429931641e+01 1.085827159881591797e+02
2.866883659362792969e+02 6.300000190734863281e+01 1.092110347747802734e+02
2.867286109924316406e+02 6.190795898437500000e+01 1.089496326446533203e+02
2.872838973999023438e+02 6.200000286102294922e+01 1.099092769622802734e+02
2.868921089172363281e+02 6.100000381469726562e+01 1.090000057220458984e+02
2.865024757385253906e+02 6.151326656341552734e+01 1.084967327117919922e+02
2.865385818481445312e+02 6.100000381469726562e+01 1.084502696990966797e+02
2.865810012817382812e+02 6.000000000000000000e+01 1.083962631225585938e+02
2.861326408386230469e+02 6.100000381469726562e+01 1.079502677917480469e+02
2.861719322204589844e+02 6.000000000000000000e+01 1.078962612152099609e+02
2.861593246459960938e+02 5.900000095367431641e+01 1.079041481018066406e+02
2.856719207763671875e+02 6.000000000000000000e+01 1.073189163208007812e+02
2.856593322753906250e+02 5.900000095367431641e+01 1.073368740081787109e+02
2.851572036743164062e+02 6.000000000000000000e+01 1.068189239501953125e+02
2.851326751708984375e+02 5.900000095367431641e+01 1.068368721008300781e+02
2.846572113037109375e+02 6.000000000000000000e+01 1.063540554046630859e+02
2.846326828002929688e+02 5.900000095367431641e+01 1.063772678375244141e+02
2.845665359497070312e+02 5.800000190734863281e+01 1.064384937286376953e+02
2.850665473937988281e+02 5.800000190734863281e+01 1.068959712982177734e+02
2.856030273437500000e+02 5.800000190734863281e+01 1.073959732055664062e+02
2.855433464050292969e+02 5.731877803802490234e+01 1.074560546875000000e+02
2.861785316467285156e+02 5.792774677276611328e+01 1.080684852600097656e+02
2.858760452270507812e+02 5.699126720428466797e+01 1.079226398468017578e+02
2.864934921264648438e+02 5.754624366760253906e+01 1.085091114044189453e+02
2.865418624877929688e+02 5.821290969848632812e+01 1.084474658966064453e+02
2.868069648742675781e+02 5.792774677276611328e+01 1.089054679870605469e+02
2.865756607055664062e+02 5.900000095367431641e+01 1.084041404724121094e+02
2.869663810729980469e+02 5.900000095367431641e+01 1.090000057220458984e+02
2.873907089233398438e+02 5.900000095367431641e+01 1.097087287902832031e+02
2.869721221923828125e+02 6.000000000000000000e+01 1.090000057220458984e+02
2.873911285400390625e+02 6.000000000000000000e+01 1.097089099884033203e+02
2.873535156250000000e+02 6.100000381469726562e+01 1.097803401947021484e+02
2.876508903503417969e+02 6.000000000000000000e+01 1.102089118957519531e+02
2.880104827880859375e+02 6.000000000000000000e+01 1.110000038146972656e+02
2.876144409179687500e+02 6.100000381469726562e+01 1.102803421020507812e+02
2.876510620117187500e+02 5.900000095367431641e+01 1.102087306976318359e+02
2.876148223876953125e+02 5.800000190734863281e+01 1.102799034118652344e+02
2.875477027893066406e+02 6.200000286102294922e+01 1.104092788696289062e+02
2.864375495910644531e+02 5.700000286102294922e+01 1.085867309570312500e+02
2.863162612915039062e+02 5.600000381469726562e+01 1.087545490264892578e+02
2.861913299560546875e+02 5.498606204986572266e+01 1.090397167205810547e+02
2.858162689208984375e+02 5.600000381469726562e+01 1.081346893310546875e+02
2.856527900695800781e+02 5.500000000000000000e+01 1.083224487304687500e+02
2.855385971069335938e+02 5.441938877105712891e+01 1.084547424316406250e+02
2.857733345031738281e+02 5.405163288116455078e+01 1.089911460876464844e+02
2.853783416748046875e+02 5.375272274017333984e+01 1.086519050598144531e+02
2.854638481140136719e+02 5.665211200714111328e+01 1.075377273559570312e+02
2.834952926635742188e+02 5.450952529907226562e+01 1.065033817291259766e+02
2.836483001708984375e+02 5.517619132995605469e+01 1.063821792602539062e+02
2.845414161682128906e+02 4.945659160614013672e+01 1.124036121368408203e+02
2.777724838256835938e+02 4.538663387298583984e+01 1.240000057220458984e+02
2.769999885559082031e+02 4.510807514190673828e+01 1.240000057220458984e+02
2.775601387023925781e+02 4.547409057617187500e+01 1.245781612396240234e+02
2.769562721252441406e+02 4.538180828094482422e+01 1.249468994140625000e+02
2.719999885559082031e+02 4.511697769165039062e+01 1.269999980926513672e+02
2.709999847412109375e+02 4.510346889495849609e+01 1.269999980926513672e+02
2.700000000000000000e+02 4.516268730163574219e+01 1.269999980926513672e+02
2.709999847412109375e+02 4.539502620697021484e+01 1.277508449554443359e+02
2.700000000000000000e+02 4.542153358459472656e+01 1.276913547515869141e+02
2.693123626708984375e+02 4.546252250671386719e+01 1.275923824310302734e+02
2.689874076843261719e+02 4.533087730407714844e+01 1.270506858825683594e+02
2.686456871032714844e+02 4.552857398986816406e+01 1.274178028106689453e+02
2.636562728881835938e+02 4.763227462768554688e+01 1.260000038146972656e+02
2.635448455810546875e+02 4.753849506378173828e+01 1.253484916687011719e+02
2.616774368286132812e+02 4.972938060760498047e+01 1.260000038146972656e+02
2.617714500427246094e+02 5.002628326416015625e+01 1.270754814147949219e+02
2.621579742431640625e+02 4.995980262756347656e+01 1.279795169830322266e+02
2.615128326416015625e+02 5.051793098449707031e+01 1.274591350555419922e+02
2.614087867736816406e+02 5.037713527679443359e+01 1.267924594879150391e+02
2.819551086425781250e+02 7.196473121643066406e+01 1.100520706176757812e+02
2.809186935424804688e+02 7.194732666015625000e+01 1.090602970123291016e+02
2.800000000000000000e+02 7.225568294525146484e+01 1.087819671630859375e+02
2.739999961853027344e+02 7.712978363037109375e+01 1.180000019073486328e+02
2.750000000000000000e+02 7.703402519226074219e+01 1.180000019073486328e+02
2.750000000000000000e+02 7.695187091827392578e+01 1.169999980926513672e+02
2.759999847412109375e+02 7.688694477081298828e+01 1.180000019073486328e+02
2.759999847412109375e+02 7.682288646697998047e+01 1.169999980926513672e+02
2.769999885559082031e+02 7.666355133056640625e+01 1.180000019073486328e+02
2.770639801025390625e+02 7.660087585449218750e+01 1.170482540130615234e+02
2.770687294006347656e+02 7.661983966827392578e+01 1.189868831634521484e+02
2.775392723083496094e+02 7.651289939880371094e+01 1.180000019073486328e+02
2.775168609619140625e+02 7.650535106658935547e+01 1.174137496948242188e+02
2.779101181030273438e+02 7.636478900909423828e+01 1.170482540130615234e+02
2.774399757385253906e+02 7.648516654968261719e+01 1.167470836639404297e+02
2.772801017761230469e+02 7.644805908203125000e+01 1.160000038146972656e+02
2.767801094055175781e+02 7.656914710998535156e+01 1.160000038146972656e+02
2.759999847412109375e+02 7.671304225921630859e+01 1.160000038146972656e+02
2.766001701354980469e+02 7.652390956878662109e+01 1.153976249694824219e+02
2.769999885559082031e+02 7.555346012115478516e+01 1.123891639709472656e+02
2.810534095764160156e+02 7.473285675048828125e+01 1.150437736511230469e+02
2.809999847412109375e+02 7.491724967956542969e+01 1.160000038146972656e+02
2.799607467651367188e+02 7.531252861022949219e+01 1.149448108673095703e+02
2.806917190551757812e+02 7.461672306060791016e+01 1.219999980926513672e+02
2.811917114257812500e+02 7.430744647979736328e+01 1.219999980926513672e+02
2.805524635314941406e+02 7.453237533569335938e+01 1.225965976715087891e+02
2.813924980163574219e+02 7.443315505981445312e+01 1.210000038146972656e+02
2.820298004150390625e+02 7.375099182128906250e+01 1.219168186187744141e+02
2.819999885559082031e+02 7.400445938110351562e+01 1.210000038146972656e+02
2.817032814025878906e+02 7.364834785461425781e+01 1.230000019073486328e+02
2.838698387145996094e+02 7.188481807708740234e+01 1.130000019073486328e+02
2.843698310852050781e+02 7.134913921356201172e+01 1.130000019073486328e+02
2.844747924804687500e+02 7.147036552429199219e+01 1.135942935943603516e+02
2.847797584533691406e+02 7.084913730621337891e+01 1.130000019073486328e+02
2.856204414367675781e+02 6.772089004516601562e+01 1.102969264984130859e+02
2.854210662841796875e+02 7.038769245147705078e+01 1.140000057220458984e+02
2.874879646301269531e+02 6.646936416625976562e+01 1.135551738739013672e+02
2.884671592712402344e+02 5.561953544616699219e+01 1.191698360443115234e+02
2.884148597717285156e+02 5.581548213958740234e+01 1.200000000000000000e+02
2.881743812561035156e+02 5.500000000000000000e+01 1.200000000000000000e+02
2.846138191223144531e+02 7.162768840789794922e+01 1.210000038146972656e+02
2.884187126159667969e+02 6.300000190734863281e+01 1.221831130981445312e+02
2.885066223144531250e+02 6.352738857269287109e+01 1.215253543853759766e+02
2.884344673156738281e+02 6.422396659851074219e+01 1.210000038146972656e+02
2.865715599060058594e+02 6.763856887817382812e+01 1.237040996551513672e+02
2.862797546386718750e+02 6.798314571380615234e+01 1.240224647521972656e+02
2.864551162719726562e+02 6.740230560302734375e+01 1.243707656860351562e+02
2.857217597961425781e+02 6.900537490844726562e+01 1.239385700225830078e+02
2.853969764709472656e+02 6.934228897094726562e+01 1.242309474945068359e+02
2.856121826171875000e+02 6.867562294006347656e+01 1.247596645355224609e+02
2.855251312255859375e+02 6.953479766845703125e+01 1.235642814636230469e+02
2.850048065185546875e+02 7.000293254852294922e+01 1.240040111541748047e+02
2.847346496582031250e+02 6.980998039245605469e+01 1.250000000000000000e+02
2.846126556396484375e+02 7.063307285308837891e+01 1.237770652770996094e+02
2.844767189025878906e+02 7.047106742858886719e+01 1.244437313079833984e+02
2.841797828674316406e+02 7.097984313964843750e+01 1.240662384033203125e+02
2.843476104736328125e+02 7.030997753143310547e+01 1.250000000000000000e+02
2.837802314758300781e+02 7.099978446960449219e+01 1.249042415618896484e+02
2.840341186523437500e+02 7.003857612609863281e+01 1.260574626922607422e+02
2.834720039367675781e+02 7.046824455261230469e+01 1.264497089385986328e+02
2.837185668945312500e+02 6.976513385772705078e+01 1.269999980926513672e+02
2.836534309387207031e+02 7.066630840301513672e+01 1.257830429077148438e+02
2.845825576782226562e+02 6.960890769958496094e+01 1.256652164459228516e+02
2.844148254394531250e+02 6.938065052032470703e+01 1.263318824768066406e+02
2.830700874328613281e+02 7.106916427612304688e+01 1.261168479919433594e+02
2.833348083496093750e+02 7.133297443389892578e+01 1.251737308502197266e+02
2.827941894531250000e+02 7.079419612884521484e+01 1.269999980926513672e+02
2.826681518554687500e+02 7.165747165679931641e+01 1.257839870452880859e+02
2.824688529968261719e+02 7.147202014923095703e+01 1.264506530761718750e+02
2.820444679260253906e+02 7.203930377960205078e+01 1.260663509368896484e+02
2.822701835632324219e+02 7.129419803619384766e+01 1.269999980926513672e+02
2.817701911926269531e+02 7.172780036926269531e+01 1.269999980926513672e+02
2.810352134704589844e+02 7.225983619689941406e+01 1.270623588562011719e+02
2.815580558776855469e+02 7.154926776885986328e+01 1.275734806060791016e+02
2.809660530090332031e+02 7.175753116607666016e+01 1.279440879821777344e+02
2.800649452209472656e+02 7.230883598327636719e+01 1.280692005157470703e+02
2.812767601013183594e+02 7.132145404815673828e+01 1.282401466369628906e+02
2.806101036071777344e+02 7.158395767211914062e+01 1.286135578155517578e+02
2.799577713012695312e+02 7.177095890045166016e+01 1.289681339263916016e+02
2.790674018859863281e+02 7.228152275085449219e+01 1.290433597564697266e+02
2.794456672668457031e+02 7.246810913085937500e+01 1.284486675262451172e+02
2.787790107727050781e+02 7.265988349914550781e+01 1.287389278411865234e+02
2.789907646179199219e+02 7.299884796142578125e+01 1.279911994934082031e+02
2.792025184631347656e+02 7.333781242370605469e+01 1.272094154357910156e+02
2.785358428955078125e+02 7.351953029632568359e+01 1.275337314605712891e+02
2.779999923706054688e+02 7.335440158843994141e+01 1.282484912872314453e+02
2.797749137878417969e+02 7.267114639282226562e+01 1.277820014953613281e+02
2.799908447265625000e+02 7.299778938293457031e+01 1.269900035858154297e+02
2.795400810241699219e+02 7.352390289306640625e+01 1.265427494049072266e+02
2.807253646850585938e+02 7.265776157379150391e+01 1.267705917358398438e+02
2.804415893554687500e+02 7.246265888214111328e+01 1.274372577667236328e+02
2.802626991271972656e+02 7.335791110992431641e+01 1.260000038146972656e+02
2.804768371582031250e+02 7.348611831665039062e+01 1.254683494567871094e+02
2.797626876831054688e+02 7.365435123443603516e+01 1.260000038146972656e+02
2.810352134704589844e+02 7.284255027770996094e+01 1.260092258453369141e+02
2.813920402526855469e+02 7.242113590240478516e+01 1.263487148284912109e+02
2.816200828552246094e+02 7.259370803833007812e+01 1.256820487976074219e+02
2.789138031005859375e+02 7.414203643798828125e+01 1.259151840209960938e+02
2.781764221191406250e+02 7.436426639556884766e+01 1.261919689178466797e+02
2.792422485351562500e+02 7.437411785125732422e+01 1.250000000000000000e+02
2.789215087890625000e+02 7.364461898803710938e+01 1.269256496429443359e+02
2.785230255126953125e+02 7.451130390167236328e+01 1.255253028869628906e+02
2.779058456420898438e+02 7.459743022918701172e+01 1.259151840209960938e+02
2.775097656250000000e+02 7.450415611267089844e+01 1.265081596374511719e+02
2.769999885559082031e+02 7.459695339202880859e+01 1.266975784301757812e+02
2.779058456420898438e+02 7.413196086883544922e+01 1.269048976898193359e+02
2.779999923706054688e+02 7.364174842834472656e+01 1.277484893798828125e+02
2.769999885559082031e+02 7.434814453125000000e+01 1.271975803375244141e+02
2.763731002807617188e+02 7.446138858795166016e+01 1.274219417572021484e+02
2.770697021484375000e+02 7.384749889373779297e+01 1.280785560607910156e+02
2.774495124816894531e+02 7.347931861877441406e+01 1.284642505645751953e+02
2.760238647460937500e+02 7.427904129028320312e+01 1.279722785949707031e+02
2.767828559875488281e+02 7.361497402191162109e+01 1.286902618408203125e+02
2.759492683410644531e+02 7.371962547302246094e+01 1.290141582489013672e+02
2.762487983703613281e+02 7.341166973114013672e+01 1.293569278717041016e+02
2.750000000000000000e+02 7.401108741760253906e+01 1.290000057220458984e+02
2.755821228027343750e+02 7.352902889251708984e+01 1.295448684692382812e+02
2.750000000000000000e+02 7.361370563507080078e+01 1.296808147430419922e+02
2.739999961853027344e+02 7.373673439025878906e+01 1.298857021331787109e+02
2.740220451354980469e+02 7.427406787872314453e+01 1.289445972442626953e+02
2.730558967590332031e+02 7.377347469329833984e+01 1.300908279418945312e+02
2.734265136718750000e+02 7.349043369293212891e+01 1.304847145080566406e+02
2.729999923706054688e+02 7.431604862213134766e+01 1.291583538055419922e+02
2.727598381042480469e+02 7.353439807891845703e+01 1.305485439300537109e+02
2.719999885559082031e+02 7.391339778900146484e+01 1.300000000000000000e+02
2.709999847412109375e+02 7.390875339508056641e+01 1.300000000000000000e+02
2.719999885559082031e+02 7.434979915618896484e+01 1.292151165008544922e+02
2.719999885559082031e+02 7.356359958648681641e+01 1.305910301208496094e+02
2.709999847412109375e+02 7.356419086456298828e+01 1.305937290191650391e+02
2.709999847412109375e+02 7.321812629699707031e+01 1.310937213897705078e+02
2.702224922180175781e+02 7.353518486022949219e+01 1.305521297454833984e+02
2.699334907531738281e+02 7.376144886016845703e+01 1.300927257537841797e+02
2.700000000000000000e+02 7.430041790008544922e+01 1.290983009338378906e+02
2.695558166503906250e+02 7.349306583404541016e+01 1.304878807067871094e+02
2.700000000000000000e+02 7.454981803894042969e+01 1.285982990264892578e+02
2.709999847412109375e+02 7.434456348419189453e+01 1.291956424713134766e+02
2.690723419189453125e+02 7.423664569854736328e+01 1.289121246337890625e+02
2.694539260864257812e+02 7.451012611389160156e+01 1.285202121734619141e+02
2.687872505187988281e+02 7.443843364715576172e+01 1.283542251586914062e+02
2.679350280761718750e+02 7.435993194580078125e+01 1.280125331878662109e+02
2.690723419189453125e+02 7.464516162872314453e+01 1.280125331878662109e+02
2.700000000000000000e+02 7.481183528900146484e+01 1.280000019073486328e+02
2.682250404357910156e+02 7.457990169525146484e+01 1.276875591278076172e+02
2.709999847412109375e+02 7.491589546203613281e+01 1.280000019073486328e+02
2.719999885559082031e+02 7.494677066802978516e+01 1.280000019073486328e+02
2.709999847412109375e+02 7.460093498229980469e+01 1.286956405639648438e+02
2.719999885559082031e+02 7.461365222930908203e+01 1.287151145935058594e+02
2.729999923706054688e+02 7.458526611328125000e+01 1.286583518981933594e+02
2.729999923706054688e+02 7.489871501922607422e+01 1.280000019073486328e+02
2.737034225463867188e+02 7.454042911529541016e+01 1.285743236541748047e+02
2.740220451354980469e+02 7.472616672515869141e+01 1.280694293975830078e+02
2.750000000000000000e+02 7.465272426605224609e+01 1.278021335601806641e+02
2.743700981140136719e+02 7.447446823120117188e+01 1.284490489959716797e+02
2.750000000000000000e+02 7.439737796783447266e+01 1.283021354675292969e+02
2.757064247131347656e+02 7.456339836120605469e+01 1.276204681396484375e+02
2.719999885559082031e+02 7.533311843872070312e+01 1.270366096496582031e+02
2.675583839416503906e+02 7.448318481445312500e+01 1.274529170989990234e+02
2.823244667053222656e+02 7.235525608062744141e+01 1.250000000000000000e+02
2.830008888244628906e+02 7.178637981414794922e+01 1.249042415618896484e+02
2.835035705566406250e+02 7.150362491607666016e+01 1.245070648193359375e+02
2.836171913146972656e+02 7.161925315856933594e+01 1.240000057220458984e+02
2.852686500549316406e+02 6.900537490844726562e+01 1.250557994842529297e+02
2.673738670349121094e+02 6.360281467437744141e+01 1.375301647186279297e+02
2.700000000000000000e+02 6.800000190734863281e+01 1.359598636627197266e+02
2.689999961853027344e+02 6.800000190734863281e+01 1.358994388580322266e+02
2.700000000000000000e+02 6.862850189208984375e+01 1.355894470214843750e+02
2.709999847412109375e+02 6.800000190734863281e+01 1.359385776519775391e+02
2.709999847412109375e+02 6.861780166625976562e+01 1.355805492401123047e+02
2.717852592468261719e+02 6.856213092803955078e+01 1.355419635772705078e+02
2.720711517333984375e+02 6.893727779388427734e+01 1.352446174621582031e+02
2.729999923706054688e+02 6.900000095367431641e+01 1.350456809997558594e+02
2.724519348144531250e+02 6.848787784576416016e+01 1.354930686950683594e+02
2.729999923706054688e+02 6.839481830596923828e+01 1.354409122467041016e+02
2.739836502075195312e+02 6.905484676361083984e+01 1.347833061218261719e+02
2.689999961853027344e+02 6.857767105102539062e+01 1.355548000335693359e+02
2.684099388122558594e+02 6.852716922760009766e+01 1.355192470550537109e+02
2.762361907958984375e+02 6.300000190734863281e+01 1.363984298706054688e+02
2.809218025207519531e+02 5.800000190734863281e+01 1.338287639617919922e+02
2.814942932128906250e+02 5.853742122650146484e+01 1.334954071044921875e+02
2.802434539794921875e+02 5.800000190734863281e+01 1.343287658691406250e+02
2.835771560668945312e+02 5.900000095367431641e+01 1.315825462341308594e+02
2.841491889953613281e+02 5.900497436523437500e+01 1.309147453308105469e+02
2.862674903869628906e+02 6.500308513641357422e+01 1.269606208801269531e+02
2.857067871093750000e+02 6.493193149566650391e+01 1.280128192901611328e+02
2.856131553649902344e+02 6.579986095428466797e+01 1.276880359649658203e+02
2.854872512817382812e+02 6.646652698516845703e+01 1.274765300750732422e+02
2.799827003479003906e+02 6.998842716217041016e+01 1.309866523742675781e+02
2.779999923706054688e+02 7.070017337799072266e+01 1.317003250122070312e+02
2.766465187072753906e+02 7.157399177551269531e+01 1.315834522247314453e+02
2.773131942749023438e+02 7.140230178833007812e+01 1.313924121856689453e+02
2.759999847412109375e+02 7.171547889709472656e+01 1.317419338226318359e+02
2.749561882019042969e+02 7.184527873992919922e+01 1.320434761047363281e+02
2.866073989868164062e+02 6.673563957214355469e+01 1.247730827331542969e+02
