tomogram_name,set_name,timestamp,vesicle_index,vesicle_file_name,vesicle_center_x,vesicle_center_y,vesicle_center_z,vesicle_radius_nm,vesicle_diameter_nm,vesicle_volume_nm3,vesicle_point_count,closest_presynaptic_membrane,distance_to_active_zone_nm,within_10nm,average_signal,scaled_signal,sphericity_volume,sphericity_fit_quality,mean_distance_to_center,std_distance_to_center,combined_sphericity
20250227_AMmilled25-3_Position_16,unlabeled,2025-07-10 21:59:26,0,synapticvesicles_9.txt,579.9623564889207,287.27618377307215,229.824853420142,27.30861832113724,54.61723664227448,85307.61338118289,13974,presynatpticmembranes_1,84.68738003657032,False,0.0296519882977008,0.9126603510407734,0.9860395650597076,0.9353522480730532,27.3086188887568,1.7654408193878814,0.9708333699637112
20250227_AMmilled25-3_Position_16,unlabeled,2025-07-10 21:59:26,1,synapticvesicles_10.txt,584.9130173569841,361.4833295081746,265.6621401555802,26.827187942160364,53.65437588432073,80874.9573556138,25572,presynatpticmembranes_1,35.77949393318497,False,0.0297750830650329,0.9164490923702472,0.9784333445396256,0.8584365010825261,26.82718803036964,3.797750603696098,0.9424342915024956
20250227_AMmilled25-3_Position_16,unlabeled,2025-07-10 21:59:26,2,synapticvesicles_33.txt,573.4030382839171,133.01775571068652,293.79927572496064,26.708154891754425,53.41630978350885,79803.19295401515,13206,presynatpticmembranes_1,161.16781924680205,False,0.0300306025892496,0.924313743345016,0.9848294829437894,0.9247882967192828,26.70815488736782,2.0087658205641423,0.9668171270764374
20250227_AMmilled25-3_Position_16,unlabeled,2025-07-10 21:59:26,3,synapticvesicles_6.txt,589.0103787800325,236.9290805737781,297.3917862852132,26.31457081774224,52.62914163548447,76326.87521159192,12940,presynatpticmembranes_1,114.459148112591,False,0.0301844850182533,0.9290500999853708,0.9850710943857056,0.931387467823604,26.31457082240377,1.805509337260232,0.9689660064170752
20250227_AMmilled25-3_Position_16,unlabeled,2025-07-10 21:59:26,4,synapticvesicles_47.txt,451.5141694137261,60.54010130294743,276.248391114097,25.702343164309383,51.404686328618766,71122.45883687717,12356,presynatpticmembranes_1,99.44959253819536,False,0.0303255841135978,0.9333929976216372,0.9925865360060442,0.955774736998819,25.702343197894542,1.1366928876735012,0.9815429963038764
20250227_AMmilled25-3_Position_16,unlabeled,2025-07-10 21:59:26,5,synapticvesicles_15.txt,361.7074540963649,68.33786969461606,243.87690614693955,24.97179300265693,49.94358600531386,65228.5595727111,11616,presynatpticmembranes_1,15.277844186448284,False,0.030657336115837,0.943604012673387,0.9934797783074304,0.9546834698163296,24.971792732339097,1.1316349990954044,0.9818408857601002
20250227_AMmilled25-3_Position_16,unlabeled,2025-07-10 21:59:26,6,synapticvesicles_99.txt,551.3520526379518,257.409629184368,188.4201284109382,24.964295657709584,49.92859131541917,65169.826000778565,11115,presynatpticmembranes_1,89.74764876653498,False,0.0307830795645713,0.9474742779288136,0.9832322688056696,0.936414593045018,24.964295686540385,1.58736490057317,0.969186966077474
20250227_AMmilled25-3_Position_16,unlabeled,2025-07-10 21:59:26,7,synapticvesicles_1.txt,444.9229209467903,224.8304899886708,277.1079865997813,24.64848173586084,49.29696347172168,62727.66613541835,11394,presynatpticmembranes_1,8.34617031369493,True,0.0310585051774978,0.9559516196185308,0.9863878319826952,0.926598798422284,24.648482001820103,1.8092281960003016,0.9684511219145716
20250227_AMmilled25-3_Position_16,unlabeled,2025-07-10 21:59:26,8,synapticvesicles_26.txt,503.4290582854612,153.23254549226746,264.0305396798733,24.408426580790263,48.81685316158053,60912.71588656238,11266,presynatpticmembranes_1,100.16719069309482,False,0.031024370342493,0.9549009814560768,0.9874949082556994,0.9294352465362032,24.408426511813428,1.7223745992453157,0.9700770097398506
20250227_AMmilled25-3_Position_16,unlabeled,2025-07-10 21:59:26,9,synapticvesicles_60.txt,567.167103123859,200.13096518684725,184.5805019503077,24.366310347152567,48.73262069430513,60597.948753699886,11140,presynatpticmembranes_1,138.69666444076188,False,0.0311740767210721,0.9595088031864554,0.9880109172923184,0.946312066230801,24.366309834607737,1.3081768286002011,0.9755012619738632
20250227_AMmilled25-3_Position_16,unlabeled,2025-07-10 21:59:26,10,synapticvesicles_7.txt,647.558971670353,246.9009295520713,290.9323683057387,24.29437906619472,48.58875813238944,60062.861632068416,10990,presynatpticmembranes_1,159.0042399954512,False,0.0311195738613605,0.9578312563529092,0.9869149076611716,0.9389724249217232,24.29437963781606,1.482627077326982,0.9725321628393367
20250227_AMmilled25-3_Position_16,unlabeled,2025-07-10 21:59:26,11,synapticvesicles_35.txt,550.5778085062539,176.1207944437032,242.2815730598248,24.239384137696764,48.47876827539353,59655.893283298254,11050,presynatpticmembranes_1,127.78586273939584,False,0.0312812812626361,0.9628084582906812,0.9860021846863314,0.938251236400192,24.239384157746848,1.4967520021616385,0.9716769002004896
20250227_AMmilled25-3_Position_16,unlabeled,2025-07-10 21:59:26,12,synapticvesicles_71.txt,503.0145018800716,26.07417930088972,214.5865524641376,24.15910705754147,48.31821411508294,59065.14089693781,20036,presynatpticmembranes_1,163.78854437089575,False,0.0312466658651828,0.9617430288674004,0.9699585428981004,0.8443209154166411,24.159107762578547,3.761067780828948,0.9322672546536626
20250227_AMmilled25-3_Position_16,unlabeled,2025-07-10 21:59:26,13,synapticvesicles_44.txt,416.3962716543245,85.28031624626159,239.8769909551643,23.80918346604631,47.61836693209262,56535.6141115774,10616,presynatpticmembranes_1,68.91055793160552,False,0.0316369794309139,0.9737565138431682,0.9920500510928968,0.9482999019891122,23.80918346352877,1.2309371186236475,0.9789250063617614
20250227_AMmilled25-3_Position_16,unlabeled,2025-07-10 21:59:26,14,synapticvesicles_18.txt,397.58029812748,151.51022656316576,157.6692394674468,23.70621855548506,47.41243711097012,55805.3018112756,10482,presynatpticmembranes_1,36.09740117125381,False,0.0313962213695049,0.966346206829845,0.9860621717141655,0.939138374665034,23.706218563205187,1.4427989923026066,0.971985032599426
20250227_AMmilled25-3_Position_16,unlabeled,2025-07-10 21:59:26,15,synapticvesicles_32.txt,573.3784937761509,53.88005017068491,239.3994845016438,23.651730794895364,47.30346158979073,55421.38705881834,10416,presynatpticmembranes_1,219.3437852766282,False,0.0315879993140697,0.9722489518481944,0.984510163298748,0.923739440680264,23.651730388064426,1.803694188273387,0.9662789465132028
20250227_AMmilled25-3_Position_16,unlabeled,2025-07-10 21:59:26,16,synapticvesicles_27.txt,509.3604514456586,223.2140891725884,256.4841978388636,23.44966653452675,46.8993330690535,54013.04021446696,10240,presynatpticmembranes_1,65.01183685110442,False,0.0318284220993518,0.9796489393772196,0.9931293036382324,0.9608366006162744,23.449666534042723,0.9183686558878972,0.983441492731645
20250227_AMmilled25-3_Position_16,unlabeled,2025-07-10 21:59:26,17,synapticvesicles_98.txt,565.2324385746663,229.98703602507547,237.47958458520583,23.44336831056885,46.8867366211377,53969.53065801991,18956,presynatpticmembranes_1,107.28033205695534,False,0.031867504119873,0.9808518472635348,0.979603670881757,0.8399858908802631,23.44336791743181,3.751269632074073,0.9377183368813088
20250227_AMmilled25-3_Position_16,unlabeled,2025-07-10 21:59:26,18,synapticvesicles_45.txt,449.53623401067983,36.33772908440741,211.4225366780198,23.291988124582826,46.58397624916565,52930.77944363192,10118,presynatpticmembranes_1,114.99772522203438,False,0.0320047922432422,0.985077446761616,0.989706916538531,0.9421007153726424,23.291987698330804,1.3485894252825643,0.9754250561887644
20250227_AMmilled25-3_Position_16,unlabeled,2025-07-10 21:59:26,19,synapticvesicles_73.txt,519.8687078321918,110.59106704392534,207.5406773865672,23.24410872087428,46.48821744174855,52605.033761145074,10178,presynatpticmembranes_1,148.0279155862881,False,0.0319252200424671,0.982628289154935,0.9851923771603373,0.9360134655362844,23.24410874988777,1.4873099656030482,0.9704387036731214
20250227_AMmilled25-3_Position_16,unlabeled,2025-07-10 21:59:26,20,synapticvesicles_25.txt,502.35984384641097,199.7425171561881,163.49732578689006,23.207044316938653,46.414088633877306,52353.787283038815,18372,presynatpticmembranes_1,94.710388723052,False,0.0319261364638805,0.9826564957453492,0.977451027200418,0.845391083347116,23.20704427831652,3.588015974586026,0.9378330440444274
20250227_AMmilled25-3_Position_16,unlabeled,2025-07-10 21:59:26,21,synapticvesicles_5.txt,522.9810011017497,341.3341009233294,256.4303738465932,22.985211379010213,45.970422758020426,50866.76463355462,9946,presynatpticmembranes_1,7.781052112196366,True,0.0320431590080261,0.986258339748096,0.989261516565444,0.9381778605469964,22.985211391430205,1.4209949439977636,0.9739364197599096
20250227_AMmilled25-3_Position_16,unlabeled,2025-07-10 21:59:26,22,synapticvesicles_55.txt,560.9760739068976,148.43753858583605,183.07195054104048,22.874348715392344,45.74869743078469,50134.284590545234,9888,presynatpticmembranes_1,168.2114623699301,False,0.0321057401597499,0.9881845288227512,0.989311887682962,0.9470896564728364,22.87434829269128,1.210289626126287,0.976645218319924
20250227_AMmilled25-3_Position_16,unlabeled,2025-07-10 21:59:26,23,synapticvesicles_95.txt,488.4398487267188,84.96287798810668,311.7997977963161,22.803114697130248,45.606229394260495,49667.365506513626,9682,presynatpticmembranes_1,121.72319876778784,False,0.0320129878818988,0.9853297008222294,0.9924233322712644,0.9502513941721557,22.80311478523697,1.1344231690978452,0.9797717508415316
20250227_AMmilled25-3_Position_16,unlabeled,2025-07-10 21:59:26,24,synapticvesicles_78.txt,485.39322748452383,150.7912204310521,208.8200369096804,22.79943878273844,45.59887756547688,49643.34989858145,9822,presynatpticmembranes_1,101.57348013697504,False,0.032153021544218,0.989639805430616,0.9863969092279766,0.9314047938466616,22.799438803433286,1.5639322049019269,0.9698992746135822
20250227_AMmilled25-3_Position_16,unlabeled,2025-07-10 21:59:26,25,synapticvesicles_43.txt,404.1298169372296,25.53912659308772,240.7995534259243,22.62109579171308,45.24219158342615,48487.47020748362,9626,presynatpticmembranes_1,68.26339166341357,False,0.0321987383067607,0.9910469244450912,0.9940995346190794,0.957765244018133,22.621095649346177,0.9553964547926076,0.9831992474387954
20250227_AMmilled25-3_Position_16,unlabeled,2025-07-10 21:59:26,26,synapticvesicles_16.txt,371.1231154177265,124.97938848126049,265.9466415930158,22.58503672445384,45.17007344890768,48255.96585476671,9646,presynatpticmembranes_1,8.96791821305282,True,0.0322824940085411,0.9936248462836218,0.9936043687464196,0.9526840643817296,22.585036599305315,1.0686321376690104,0.9813282774370125
20250227_AMmilled25-3_Position_16,unlabeled,2025-07-10 21:59:26,27,synapticvesicles_50.txt,531.376888893108,58.99665293431188,304.1548352282706,22.484625891150653,44.969251782301306,47615.199386781656,9404,presynatpticmembranes_1,172.27090264470326,False,0.032224703580141,0.9918461111734886,0.9933286021234472,0.9542804102647168,22.484625923045545,1.0279878725529588,0.981614144565828
20250227_AMmilled25-3_Position_16,unlabeled,2025-07-10 21:59:26,28,synapticvesicles_11.txt,635.4403430310318,287.03610993529054,228.70138945203792,22.397009055897584,44.79401811179517,47060.73287044956,9340,presynatpticmembranes_1,127.82563811132648,False,0.0323554724454879,0.9958710540324458,0.9941842331008902,0.9646993566200164,22.39700905501902,0.7906288294294894,0.985338770156628
20250227_AMmilled25-3_Position_16,unlabeled,2025-07-10 21:59:26,29,synapticvesicles_48.txt,501.3947452900623,32.92002981912727,272.3423404328895,22.299339381346044,44.59867876269209,46447.74145507683,9316,presynatpticmembranes_1,155.70357973264407,False,0.0324590131640434,0.999057940105484,0.9956617392670272,0.9656840834773616,22.29933925107228,0.7652222642497903,0.9866684425301272
20250227_AMmilled25-3_Position_16,unlabeled,2025-07-10 21:59:26,30,synapticvesicles_28.txt,448.70196730615766,166.75408755765977,308.0777106948334,22.11713446655228,44.23426893310455,45318.46427676186,9210,presynatpticmembranes_1,42.42314975842815,False,0.0323170088231563,0.9946871798616134,0.9933852958345945,0.9554422430518058,22.117134264765628,0.985489892960005,0.9820023799997578
20250227_AMmilled25-3_Position_16,unlabeled,2025-07-10 21:59:26,31,synapticvesicles_87.txt,499.8929989834325,76.88995233472782,166.8480619152412,22.04644962663442,44.09289925326884,44885.34736191017,16652,presynatpticmembranes_1,155.653692416419,False,0.0323818027973175,0.996681477532634,0.9793865417734884,0.8455224534345452,22.04644965302411,3.405681452877986,0.9392273152718054
20250227_AMmilled25-3_Position_16,unlabeled,2025-07-10 21:59:26,32,synapticvesicles_19.txt,441.1191874289429,124.36825533240795,210.50664250051844,22.01611071912807,44.03222143825614,44700.29725620618,9132,presynatpticmembranes_1,74.4465034367803,False,0.0325183048844337,1.000882883573084,0.9951464320808238,0.9630141803971928,22.01611072856329,0.81428389976207,0.9855067565757344
20250227_AMmilled25-3_Position_16,unlabeled,2025-07-10 21:59:26,33,synapticvesicles_66.txt,441.4496514458459,77.29483665811769,180.13035711048272,21.94604734023586,43.89209468047172,44274.895454450176,8988,presynatpticmembranes_1,105.17086063860536,False,0.0326247848570346,1.0041602371251328,0.9895727849388388,0.9482507564915496,21.946047365675284,1.1356913491743168,0.977176176404652
20250227_AMmilled25-3_Position_16,unlabeled,2025-07-10 21:59:26,34,synapticvesicles_36.txt,559.6861892301183,187.6228675185737,301.08694811509287,21.82482777244948,43.64965554489896,43545.27974999549,8870,presynatpticmembranes_1,122.77145650060936,False,0.0326135493814945,1.0038144197402197,0.9953921791585092,0.9726810928344763,21.82482771928612,0.5962304423667244,0.9885788532612994
20250227_AMmilled25-3_Position_16,unlabeled,2025-07-10 21:59:26,35,synapticvesicles_23.txt,428.9720802885607,206.89223541095845,228.93042418797688,21.66768710628813,43.33537421257627,42611.44636997563,8806,presynatpticmembranes_1,22.458761674467507,False,0.0327498689293861,1.0080102073947736,0.9950850827689378,0.9642469213116154,21.66768710726872,0.7746865221414757,0.9858336343317412
20250227_AMmilled25-3_Position_16,unlabeled,2025-07-10 21:59:26,36,synapticvesicles_12.txt,644.4629777653736,320.1604732992699,271.6560697942081,21.596303990742623,43.19260798148525,42191.68842317268,8762,presynatpticmembranes_1,110.38986936566276,False,0.0328464061021804,1.010981530906924,0.991188225627821,0.9483854865384476,21.59630328418848,1.1146826865815136,0.9783474039010088
20250227_AMmilled25-3_Position_16,unlabeled,2025-07-10 21:59:26,37,synapticvesicles_21.txt,407.38802011124267,187.4550408375628,274.9605209418844,21.31653015428576,42.63306030857152,40573.09593556363,8558,presynatpticmembranes_1,3.63858163290045,True,0.0328217297792434,1.010222016862605,0.9943748880832208,0.9579595934036182,21.316530191660075,0.8961555964814378,0.98345029967934
20250227_AMmilled25-3_Position_16,unlabeled,2025-07-10 21:59:26,38,synapticvesicles_75.txt,527.1486789297493,106.01970874847711,278.14360062674683,21.191916993457,42.38383398691399,39865.69519615985,8440,presynatpticmembranes_1,145.2064886279649,False,0.0327399559319019,1.0077050946423685,0.9932772925824316,0.9531362806624188,21.19191777290515,0.9931320867345266,0.9812349890064278
20250227_AMmilled25-3_Position_16,unlabeled,2025-07-10 21:59:26,39,synapticvesicles_49.txt,422.9561898256746,-0.3112853488016969,303.88533167379865,20.66005599664955,41.3201119932991,36938.82631590908,3824,presynatpticmembranes_1,84.65945166072775,False,0.0353523790836334,1.0881130256987548,0.8461803740927346,0.8735186832547306,20.66004439855304,2.6131096195447143,0.8543818668413334
20250227_AMmilled25-3_Position_16,unlabeled,2025-07-10 21:59:26,40,synapticvesicles_3.txt,455.5500374359912,283.6211335880843,190.54064117054932,20.63614964534037,41.27229929068075,36810.745667308205,14326,presynatpticmembranes_1,2.9318746499926043,True,0.0330487079918384,1.0172081930712882,0.9735289576838676,0.8325094564183183,20.63614958563792,3.45635991153139,0.9312231073042028
20250227_AMmilled25-3_Position_16,unlabeled,2025-07-10 21:59:26,41,synapticvesicles_34.txt,573.2705380109277,79.18117585720178,289.1415030301207,20.61564416149233,41.23128832298466,36701.12167697009,7896,presynatpticmembranes_1,197.1706643660777,False,0.0332406908273696,1.023117244441153,0.9914162711351548,0.9548863584756274,20.615644124783817,0.9300467788395356,0.9804572973372964
20250227_AMmilled25-3_Position_16,unlabeled,2025-07-10 21:59:26,42,synapticvesicles_74.txt,528.2118372355629,71.46837180822317,241.94293410404515,20.462304778883592,40.924609557767184,35888.24792221304,7786,presynatpticmembranes_1,173.8556897192296,False,0.0334239415824413,1.0287575305755277,0.9906867951135568,0.9502080725041214,20.46230448481881,1.0188575813066898,0.978543178330726
20250227_AMmilled25-3_Position_16,unlabeled,2025-07-10 21:59:26,43,synapticvesicles_86.txt,483.9808800613821,70.23455320541254,227.34745608073567,20.366147915277143,40.732295830554285,35384.681448732175,7778,presynatpticmembranes_1,138.69050351677978,False,0.0331654213368892,1.0208005202162935,0.991837959742534,0.9525967861454968,20.36614792311803,0.9654208653920094,0.9800656076634228
20250227_AMmilled25-3_Position_16,unlabeled,2025-07-10 21:59:26,44,synapticvesicles_14.txt,645.2515023785306,378.7141426386613,292.6840095163663,20.2501394081002,40.50027881620039,34783.45048735835,13162,presynatpticmembranes_1,57.52367504283153,False,0.0333483442664146,1.026430716188244,0.9718675842072416,0.8351182694253582,20.25013941469697,3.3388780310730017,0.9308427897726764
20250227_AMmilled25-3_Position_16,unlabeled,2025-07-10 21:59:26,45,synapticvesicles_17.txt,404.2812507953581,101.75128812156052,311.76766910193544,20.097974902921617,40.19594980584324,34005.21366646588,13976,presynatpticmembranes_1,38.922959557252696,False,0.0333101116120815,1.0252539509954834,0.9930210310053234,0.8515063181682309,20.09797488995994,2.984422288772596,0.9505666171541955
20250227_AMmilled25-3_Position_16,unlabeled,2025-07-10 21:59:26,46,synapticvesicles_76.txt,429.1983380769221,191.64925969836423,149.68156944096475,20.02766895611567,40.05533791223134,33649.593478856834,13932,presynatpticmembranes_1,41.07839936118109,False,0.0333335511386394,1.0259753976088373,0.9905335217447552,0.8516669122993321,20.0276689627054,2.970765976684924,0.9488735389111282
20250227_AMmilled25-3_Position_16,unlabeled,2025-07-10 21:59:26,47,synapticvesicles_46.txt,460.75322270090095,7.779250834652308,256.99283814947074,19.96123569977133,39.92247139954266,33315.848431389204,6352,presynatpticmembranes_1,122.514107064695,False,0.0349130071699619,1.0745895708483435,0.8774142119850424,0.856903794073826,19.96124057858555,2.856377792375179,0.8712610866116774
20250227_AMmilled25-3_Position_16,unlabeled,2025-07-10 21:59:26,48,synapticvesicles_56.txt,534.6831180162451,7.437119903146324,300.9089815685006,19.65099704321464,39.30199408642928,31786.47582302777,2982,presynatpticmembranes_1,193.78080565215163,False,0.0346352718770504,1.066041139377908,0.8323732278286372,0.8761162191025152,19.650995778764248,2.4344396554738283,0.8454961252108005
20250227_AMmilled25-3_Position_16,unlabeled,2025-07-10 21:59:26,49,synapticvesicles_65.txt,421.8565204208802,111.14942779160798,152.91177613819065,19.47998833044524,38.95997666089048,30963.83085836873,7112,presynatpticmembranes_1,81.20782227576686,False,0.0336107313632965,1.034506744599713,0.9917202699061516,0.952650326455184,19.47998834093612,0.9223710886001448,0.9799992868708612
20250227_AMmilled25-3_Position_16,unlabeled,2025-07-10 21:59:26,50,synapticvesicles_89.txt,520.2419445280337,130.4613995926691,149.2823502995765,19.39912174663883,38.79824349327766,30579.812287578672,9886,presynatpticmembranes_1,150.09868614622945,False,0.0336099565029144,1.0344828951248912,0.9559225139418416,0.852586978508749,19.39912165535641,2.8596831374924467,0.9249218533119136
20250227_AMmilled25-3_Position_16,unlabeled,2025-07-10 21:59:26,51,synapticvesicles_4.txt,489.09060979721255,309.9996713251994,220.462739499764,19.356400870328724,38.71280174065745,30378.227666530496,7012,presynatpticmembranes_1,9.501993405563288,True,0.0338210798799991,1.0409810743872243,0.9963105097279614,0.9792119256975812,19.35640087604041,0.4023822996385296,0.9911809345188474
20250227_AMmilled25-3_Position_16,unlabeled,2025-07-10 21:59:26,52,synapticvesicles_52.txt,544.2762805798059,10.681276191550044,240.9773564747234,19.140516999605936,38.28103399921187,29373.08769850979,4474,presynatpticmembranes_1,205.5909589178833,False,0.0341647639870643,1.0515593484190398,0.8500126434484515,0.8603197509467986,19.140516469726,2.67355210749823,0.8531047756979556
20250227_AMmilled25-3_Position_16,unlabeled,2025-07-10 21:59:26,53,synapticvesicles_31.txt,559.506000953498,120.04119882879556,237.37443256375647,18.50643074568859,37.01286149137718,26549.51600598936,6506,presynatpticmembranes_1,174.95179575304655,False,0.0337551087141037,1.038950543860225,0.9953169017370864,0.9623118564745172,18.50643061938531,0.69747301332778,0.9854153881583156
20250227_AMmilled25-3_Position_16,unlabeled,2025-07-10 21:59:26,54,synapticvesicles_13.txt,626.8677151661583,288.8209545000479,322.96633235042214,18.466404257355908,36.932808514711816,26377.62108793291,11070,presynatpticmembranes_1,118.56349775266922,False,0.0337461121380329,1.0386736376982333,0.9885963833444932,0.8305784800118651,18.46640434718977,3.1286062932163925,0.9411910123447048
20250227_AMmilled25-3_Position_16,unlabeled,2025-07-10 21:59:26,55,synapticvesicles_70.txt,471.7879639634078,115.24987729107114,147.2527861290369,18.108768904889185,36.21753780977837,24874.55893998529,8908,presynatpticmembranes_1,121.15005460273628,False,0.0341412015259265,1.0508341179947769,0.9556582482715889,0.8429286390246089,18.108768839713573,2.844368967242564,0.9218393654974948
20250227_AMmilled25-3_Position_16,unlabeled,2025-07-10 21:59:26,56,synapticvesicles_20.txt,491.5026499534175,134.31309732579396,313.30314263915164,17.532352631488383,35.064705262976766,22574.035342409126,9046,presynatpticmembranes_1,97.9781506571746,False,0.0341388098895549,1.0507605056734524,0.970666138456386,0.8290395130091158,17.5323525237043,2.9973395255483446,0.9281781508222048
20250227_AMmilled25-3_Position_16,unlabeled,2025-07-10 21:59:26,57,synapticvesicles_2.txt,466.4557922538417,257.17382214065657,305.0215999155183,16.89187163088777,33.78374326177554,20189.33091275737,7266,presynatpticmembranes_1,7.463770530707419,True,0.0344693027436733,1.0609327653286171,0.9609276508125928,0.8281538975483325,16.891871381495843,2.9028022600249246,0.9210955248333148
20250227_AMmilled25-3_Position_16,unlabeled,2025-07-10 21:59:26,58,synapticvesicles_101.txt,378.89647597589135,165.24084587620158,233.48742332090765,16.536483650384895,33.07296730076979,18941.663050585,8994,presynatpticmembranes_1,1.974766449018515,True,0.0340448357164859,1.0478680688857118,0.9850684678348413,0.8197470869483399,16.53648357950699,2.9807493368370777,0.9354720535688908
20250227_AMmilled25-3_Position_16,unlabeled,2025-07-10 21:59:26,59,synapticvesicles_22.txt,418.764948863503,243.0023280253721,196.214697648848,16.258751408042208,32.517502816084416,18003.219721426944,6558,presynatpticmembranes_1,3.7088249172429606,True,0.0341843515634536,1.052162235623905,0.9639488865714436,0.8357302673543341,16.258750861544694,2.6708206571784383,0.9254833008063108
20250227_AMmilled25-3_Position_16,unlabeled,2025-07-10 21:59:26,60,synapticvesicles_8.txt,559.2489942270231,374.11746728266223,181.20062448894623,15.398607268048838,30.79721453609768,15294.417367754237,4408,presynatpticmembranes_1,14.368172830104497,False,0.0344745106995105,1.0610930613180432,0.922351820430384,0.8410949759290967,15.3986077879254,2.4469161411986864,0.8979747670799978
20241030_AMmilled12-1_15,15F1,2025-07-10 22:11:45,0,synapticvesicles_188.txt,118.00821611303653,135.37181275162666,157.5406476018445,30.80100094178023,61.60200188356046,122400.47392447524,17786,presynatpticmembranes_1,378.3698869401908,False,0.0104459961876273,0.9830724747907248,0.993599963241242,0.9610710966707976,30.801000955434933,1.199049188636798,0.9838413032701088
20241030_AMmilled12-1_15,15F1,2025-07-10 22:11:45,1,synapticvesicles_224.txt,390.14107539267934,39.40992017989293,131.99899140810413,29.60821599312165,59.2164319862433,108723.97704248062,16426,presynatpticmembranes_1,308.62483860099456,False,0.0104017378762364,0.97890732606507,0.9940951967897096,0.9667648644872572,29.60821599746642,0.9840330709663528,0.985896097098974
20241030_AMmilled12-1_15,15F1,2025-07-10 22:11:45,2,synapticvesicles_215.txt,294.24866262885735,302.6454497604316,203.8775457891772,28.92838682551868,57.856773651037365,101405.44092058895,15620,presynatpticmembranes_1,135.537464543573,False,0.0104310223832726,0.9816632903874782,0.9955030515565252,0.9713639831463742,28.928386824545743,0.8283937726558976,0.9882613310334798
20241030_AMmilled12-1_15,15F1,2025-07-10 22:11:45,3,synapticvesicles_236.txt,374.421676580979,174.86182894478716,117.47449622194505,28.084282261248788,56.168564522497576,92785.17625988116,22754,presynatpticmembranes_1,200.2017920686087,False,0.0104099474847316,0.9796799321426056,0.961904757457812,0.9036079084377588,28.084282268474997,2.7071027078826697,0.944415702751796
20241030_AMmilled12-1_15,15F1,2025-07-10 22:11:45,4,synapticvesicles_250.txt,442.9823074699257,81.76627455357665,119.84997677869929,26.626722252946223,53.253444505892446,79075.46121498354,20842,presynatpticmembranes_1,258.1289951927076,False,0.0104104401543736,0.9797262972719324,0.9657645455616216,0.8964658321708379,26.626722198870425,2.756775524878329,0.9449749315443864
20241030_AMmilled12-1_15,15F1,2025-07-10 22:11:45,5,synapticvesicles_29.txt,270.3743528140897,474.4018177526191,158.08867474432088,26.354380085132764,52.70876017026553,76673.80650598512,12954,presynatpticmembranes_1,61.84900175404275,False,0.0104205934330821,0.9806818221111036,0.9967976294779858,0.9688166152574066,26.35438017508329,0.8218187766521982,0.988403325211812
20241030_AMmilled12-1_15,15F1,2025-07-10 22:11:45,6,synapticvesicles_129.txt,57.63494294854536,311.4648917968988,152.955448884336,26.174463347288192,52.348926694576384,75114.18643157161,12754,presynatpticmembranes_1,320.1711501734635,False,0.0104213301092386,0.9807511506882256,0.9906932114769592,0.952837895937828,26.174463358135945,1.234442764667919,0.9793366168152198
20241030_AMmilled12-1_15,15F1,2025-07-10 22:11:45,7,synapticvesicles_191.txt,242.25483412396505,222.6738767744453,151.94080323793648,26.136740484349957,52.27348096869991,74789.88861650898,12830,presynatpticmembranes_1,235.53387443683917,False,0.0104079954326152,0.9794962245602444,0.9980111921051013,0.9781685973013808,26.13674049228345,0.5706017069163452,0.9920584136639852
20241030_AMmilled12-1_15,15F1,2025-07-10 22:11:45,8,synapticvesicles_213.txt,336.1188781626819,323.8442924181274,127.74751072940728,25.85882580715239,51.71765161430478,72429.42061900259,12460,presynatpticmembranes_1,117.77411620383262,False,0.0104056363925337,0.9792742153493088,0.995281760493164,0.9647323087747772,25.85882545140696,0.9119810714671548,0.9861169249776478
20241030_AMmilled12-1_15,15F1,2025-07-10 22:11:45,9,synapticvesicles_11.txt,159.6321673553051,485.7627639708025,133.90141351911188,25.60564335104238,51.21128670208476,70322.72408900215,12188,presynatpticmembranes_1,145.02641886627757,False,0.0104431482031941,0.9828044510374514,0.9956128451761536,0.9668161271516668,25.60564335377061,0.8496944132512936,0.9869738297688077
20241030_AMmilled12-1_15,15F1,2025-07-10 22:11:45,10,synapticvesicles_221.txt,338.5144640593721,125.45752610834472,153.76844941133737,25.306645900395345,50.61329180079069,67887.89993341449,11970,presynatpticmembranes_1,255.29895039507196,False,0.010466169565916,0.9849709909842014,0.99692103748225,0.973569921485124,25.30664590907011,0.6688566383248913,0.989915702683112
20241030_AMmilled12-1_15,15F1,2025-07-10 22:11:45,11,synapticvesicles_99.txt,80.71476902463327,264.3600235538809,179.99375384215068,25.24020892526749,50.48041785053498,67354.62858693309,11972,presynatpticmembranes_1,329.71804380467324,False,0.0104802465066313,0.9862957715697884,0.9958539102448468,0.9699626222769128,25.24020892954988,0.7581496894265262,0.9880865238544668
20241030_AMmilled12-1_15,15F1,2025-07-10 22:11:45,12,synapticvesicles_203.txt,318.116437099721,206.99100990675035,122.60258414111956,24.86883659643262,49.73767319286524,64425.08728030002,11552,presynatpticmembranes_1,210.1485192702828,False,0.0105021661147475,0.988358625414471,0.9955940347901092,0.9731265537029844,24.86883660057502,0.6683113448548107,0.9888537904639716
20241030_AMmilled12-1_15,15F1,2025-07-10 22:11:45,13,synapticvesicles_211.txt,284.59492677902824,295.8941274737172,126.31196107416449,24.649565179470063,49.29913035894013,62735.93823230696,11376,presynatpticmembranes_1,169.7419302050589,False,0.0105070732533931,0.988820436126046,0.9964320600011743,0.969783970249479,24.64956542683265,0.744812002274588,0.988437633075666
20241030_AMmilled12-1_15,15F1,2025-07-10 22:11:45,14,synapticvesicles_9.txt,249.8891264669612,381.2164429238292,168.6207738414526,24.593198018604472,49.186396037208944,62306.53920862428,11300,presynatpticmembranes_1,129.25235767285417,False,0.0104809002950787,0.9863572995863998,0.996811017316809,0.9724168983908088,24.593198023884632,0.67835667998777,0.9894927816390088
20241030_AMmilled12-1_15,15F1,2025-07-10 22:11:45,15,synapticvesicles_66.txt,476.786140770095,268.3655343970493,167.78999721038264,24.541389793905864,49.08277958781173,61913.60179831178,11208,presynatpticmembranes_1,67.86242994721766,False,0.0104780700057744,0.9860909411213256,0.994927500734709,0.963674576083403,24.54138979418472,0.8914763877762077,0.9855516233393172
20241030_AMmilled12-1_15,15F1,2025-07-10 22:11:45,16,synapticvesicles_133.txt,96.10000720603826,205.7442469383291,126.49507317459197,24.50700975024109,49.014019500482185,61653.7617732364,11190,presynatpticmembranes_1,360.7829295107619,False,0.0105221606791019,0.9902403134324644,0.992910525087321,0.9621176366119092,24.507009764341564,0.9283834494482796,0.9836726585446972
20241030_AMmilled12-1_15,15F1,2025-07-10 22:11:45,17,synapticvesicles_60.txt,276.1010615998729,587.6181075335212,147.37887826633772,24.35166842376873,48.70333684753746,60488.77291436048,11136,presynatpticmembranes_1,5.740555737782323,True,0.0105009982362389,0.9882487163933446,0.997433006935783,0.971089487076508,24.351668430038732,0.7040192248552238,0.9895299509780004
20241030_AMmilled12-1_15,15F1,2025-07-10 22:11:45,18,synapticvesicles_91.txt,113.7031242037571,410.7491943749287,166.3597006966041,24.196624803234755,48.39324960646951,59340.7430566445,10900,presynatpticmembranes_1,217.0762146653236,False,0.0104944091290235,0.987628615656128,0.9968020449228469,0.972228994937288,24.19662480407677,0.6719645899345564,0.989430129927179
20241030_AMmilled12-1_15,15F1,2025-07-10 22:11:45,19,synapticvesicles_118.txt,156.94651004328998,283.8676133103266,143.2683776777697,24.079643404271614,48.15928680854324,58484.2281686734,10848,presynatpticmembranes_1,263.89583998027456,False,0.010486677289009,0.9869009723599624,0.9946183663146032,0.9631197558501836,24.07964337765512,0.8880631268084306,0.9851687831752772
20241030_AMmilled12-1_15,15F1,2025-07-10 22:11:45,20,synapticvesicles_226.txt,407.1351126057559,126.47872264789962,135.77363628754432,24.063363048921836,48.12672609784367,58365.6840028992,10752,presynatpticmembranes_1,228.09199494440665,False,0.0105021558701992,0.9883576613002506,0.9955732076037286,0.9713048359026112,24.063363049950397,0.6905021514533698,0.9882926960933932
20241030_AMmilled12-1_15,15F1,2025-07-10 22:11:45,21,synapticvesicles_6.txt,198.873369345179,353.2989442548146,182.8205411224588,23.97698317164109,47.95396634328219,57739.3944306588,10722,presynatpticmembranes_1,184.3999087565473,False,0.0105130933225154,0.9893869847006564,0.9971893615848924,0.9734168551114384,23.976983190599107,0.6373836181463013,0.9900576096428562
20241030_AMmilled12-1_15,15F1,2025-07-10 22:11:45,22,synapticvesicles_87.txt,91.22254624421768,523.1533100965179,139.19719216211712,23.459133006875923,46.91826601375185,54078.48072625001,10256,presynatpticmembranes_1,167.6565729574141,False,0.0104855494573712,0.9867948321489702,0.9957282330237668,0.9676095340724205,23.4591338685614,0.7598522762601686,0.9872926233383628
20241030_AMmilled12-1_15,15F1,2025-07-10 22:11:45,23,synapticvesicles_1.txt,176.51930803727157,349.5539841799601,130.30029476691408,23.454312352360034,46.90862470472007,54045.14955767338,10312,presynatpticmembranes_1,216.96431936412267,False,0.0105029419064521,0.98843163515498,0.9966273595947585,0.969761895298604,23.454312362231285,0.7092139529083931,0.988567720305912
20241030_AMmilled12-1_15,15F1,2025-07-10 22:11:45,24,synapticvesicles_34.txt,367.5907642972291,405.7012905812143,116.69438764371148,23.403846382719607,46.807692765439214,53697.03747207784,10178,presynatpticmembranes_1,63.07360413049584,False,0.0104856258258223,0.9868020191822496,0.9964875773454664,0.9721832907275956,23.403846865083437,0.6510180041019032,0.989196291360105
20241030_AMmilled12-1_15,15F1,2025-07-10 22:11:45,25,synapticvesicles_35.txt,303.0205138130213,361.3750539673635,189.0399838089682,23.39512699784829,46.79025399569659,53637.04339485896,10198,presynatpticmembranes_1,96.99021484406998,False,0.0104762054979801,0.9859154723332114,0.9977707157510874,0.9784947767326084,23.39512697337563,0.5031174289314198,0.9919879340455436
20241030_AMmilled12-1_15,15F1,2025-07-10 22:11:45,26,synapticvesicles_55.txt,203.4137703352295,574.2304175350451,135.36167097202633,23.388727509249048,46.777455018498095,53593.03990250794,10226,presynatpticmembranes_1,65.50436864506486,False,0.0104802520945668,0.9862962974502724,0.9972418622548226,0.9737689549904952,23.388726819225056,0.6135107459101011,0.9901999900755244
20241030_AMmilled12-1_15,15F1,2025-07-10 22:11:45,27,synapticvesicles_198.txt,245.5810032869417,331.9810609764016,144.7602022086932,23.35992860110589,46.71985720221178,53395.31370632193,10182,presynatpticmembranes_1,169.1926938917717,False,0.0104737831279635,0.9856875031434588,0.9951914985877756,0.9625564351654008,23.35992860581925,0.8746790012835992,0.9854009795610632
20241030_AMmilled12-1_15,15F1,2025-07-10 22:11:45,28,synapticvesicles_228.txt,321.77132062973703,69.62549400887713,153.7071068452914,23.342549592231016,46.68509918446203,53276.22933989532,10142,presynatpticmembranes_1,312.8136865524518,False,0.0104887066408991,0.9870919546223504,0.9966087067591268,0.9735019762833222,23.342549585742624,0.6185314325307336,0.9896766876163854
20241030_AMmilled12-1_15,15F1,2025-07-10 22:11:45,29,synapticvesicles_240.txt,334.0828982762088,177.64674874688043,174.946886363825,23.284353055192565,46.56870611038513,52878.74467788183,10032,presynatpticmembranes_1,215.71909247634423,False,0.0104954270645976,0.9877244135509377,0.9967889381739328,0.97660408461267,23.28435306010244,0.5447587540428763,0.9907334821055538
20241030_AMmilled12-1_15,15F1,2025-07-10 22:11:45,30,synapticvesicles_79.txt,426.72366948618776,420.8580349417794,139.83124599909476,23.245658792856958,46.49131758571391,52615.55862503436,10146,presynatpticmembranes_1,6.0869766482071554,True,0.0104867257177829,0.9869055299908224,0.9973108269984632,0.9747542962121284,23.245658800311944,0.5868530164266089,0.9905438677625626
20241030_AMmilled12-1_15,15F1,2025-07-10 22:11:45,31,synapticvesicles_141.txt,143.55923710152624,203.1785359608788,160.09039765408988,23.190036393632315,46.38007278726463,52238.764865205805,10060,presynatpticmembranes_1,323.0893238026878,False,0.0104777906090021,0.9860646470971326,0.9957784174568648,0.9658296399308895,23.190036392723076,0.7924118935551206,0.9867937841990724
20241030_AMmilled12-1_15,15F1,2025-07-10 22:11:45,32,synapticvesicles_18.txt,260.1101482956938,418.572554726676,116.69088779270882,23.078930744839376,46.15786148967875,51491.51394779278,9988,presynatpticmembranes_1,125.41142167779265,False,0.0104941427707672,0.9876035486863974,0.995431667323262,0.9656025588610552,23.078930751517746,0.7938561620751144,0.9864829347845998
20241030_AMmilled12-1_15,15F1,2025-07-10 22:11:45,33,synapticvesicles_103.txt,126.24076330388807,363.6376466230506,121.46653537243554,22.946668506627823,45.893337013255646,50611.30487782472,9800,presynatpticmembranes_1,247.95397486049455,False,0.0104844849556684,0.9866946519167952,0.9935176088161866,0.9542039079810972,22.946668502651296,1.0508677422746804,0.9817234985656595
20241030_AMmilled12-1_15,15F1,2025-07-10 22:11:45,34,synapticvesicles_251.txt,441.1262385289844,180.74815254973876,118.24078207285844,22.763915764288985,45.52783152857797,49411.66847980754,9592,presynatpticmembranes_1,173.38177001307943,False,0.0104749538004398,0.9857976751048272,0.9956765439460148,0.9751127270599058,22.763915772697707,0.5665317850204419,0.989507398880182
20241030_AMmilled12-1_15,15F1,2025-07-10 22:11:45,35,synapticvesicles_48.txt,282.64051810072664,535.4606089002646,177.23352694378124,22.754046141116245,45.50809228223249,49347.42692152022,9694,presynatpticmembranes_1,13.325801432158311,False,0.0104918731376528,0.9873899535632036,0.9979015178164792,0.9762321383916294,22.754046723147788,0.5408150335461749,0.991400703989024
20241030_AMmilled12-1_15,15F1,2025-07-10 22:11:45,36,synapticvesicles_69.txt,473.47963082888623,391.1338765690791,121.26687289777426,22.703854223387623,45.407708446775246,49021.58828220739,9572,presynatpticmembranes_1,5.616376799920459,True,0.0105092879384756,0.9890288600911488,0.9956748741192272,0.9701200812695652,22.70385423714905,0.6783893194736558,0.9880084362643284
20241030_AMmilled12-1_15,15F1,2025-07-10 22:11:45,37,synapticvesicles_154.txt,260.2789135059549,140.42827756490396,125.6490392748979,22.667354030216323,45.33470806043265,48785.53729612734,9566,presynatpticmembranes_1,294.47067063233857,False,0.0105065982788801,0.988775736284918,0.9949974483536824,0.9704406888337054,22.667354038214665,0.6700313713321528,0.9876304204976892
20241030_AMmilled12-1_15,15F1,2025-07-10 22:11:45,38,synapticvesicles_68.txt,452.7468404331688,325.79850150003,148.32099998636312,22.611347604712662,45.222695209425325,48424.81259709583,9560,presynatpticmembranes_1,43.211543712671975,False,0.0105247097089886,0.9904802025798513,0.9972939400435478,0.9764392484168972,22.611347614351235,0.5327403441009132,0.9910375325555524
20241030_AMmilled12-1_15,15F1,2025-07-10 22:11:45,39,synapticvesicles_185.txt,285.88584346827054,195.52228591455903,179.45940660710832,22.59990407956379,45.19980815912758,48351.32690786285,9492,presynatpticmembranes_1,225.59886677255275,False,0.0104923229664564,0.987432286942154,0.996632847091708,0.9779893150708407,22.599904084790357,0.4974393682395384,0.9910397874854476
20241030_AMmilled12-1_15,15F1,2025-07-10 22:11:45,40,synapticvesicles_19.txt,235.28982753770228,537.2503999270191,104.79470202812674,22.47972900507968,44.95945801015936,47584.09607682066,17532,presynatpticmembranes_1,81.47670568675801,False,0.0104916440322995,0.9873683924633652,0.991523669978833,0.8758763126554412,22.47972901121215,2.790266855378104,0.9568294627818156
20241030_AMmilled12-1_15,15F1,2025-07-10 22:11:45,41,synapticvesicles_155.txt,272.7011608343113,60.20763530478951,119.85611793689664,22.321616575981118,44.64323315196223,46587.085415149806,9302,presynatpticmembranes_1,353.4867035606943,False,0.0104924263432621,0.9874420157311056,0.9933599632865056,0.9643647595332469,22.32161657712619,0.7954361743325586,0.9846614021605278
20241030_AMmilled12-1_15,15F1,2025-07-10 22:11:45,42,synapticvesicles_52.txt,127.99172891294492,607.674878783614,163.53236211672245,22.27476205821341,44.54952411642682,46294.33286083149,9280,presynatpticmembranes_1,83.67966057449853,False,0.0105054583400487,0.988668456666211,0.9969645263162008,0.9747382271907944,22.2747620631828,0.5626999786192355,0.9902966365785788
20241030_AMmilled12-1_15,15F1,2025-07-10 22:11:45,43,synapticvesicles_208.txt,328.9067696924405,276.4097822923395,153.5042489880276,22.265103201745976,44.53020640349195,46234.13606298366,9216,presynatpticmembranes_1,143.9118704482073,False,0.0105219483375549,0.9902203299740776,0.997122566334657,0.9738421356915012,22.26510320924945,0.582407548562269,0.99013843714171
20241030_AMmilled12-1_15,15F1,2025-07-10 22:11:45,44,synapticvesicles_165.txt,250.2529835052738,117.5078131455284,178.56091984417515,22.192071370299026,44.38414274059805,45780.6685580713,9168,presynatpticmembranes_1,309.5177028123685,False,0.010519809089601,0.9900190053955072,0.9973565312198478,0.97925125636616,22.19207137360349,0.4604575996347773,0.9919249487637414
20241030_AMmilled12-1_15,15F1,2025-07-10 22:11:45,45,synapticvesicles_252.txt,439.1013989255099,240.83836251153352,132.8205162868058,22.19083226127884,44.381664522557685,45773.00040428752,9208,presynatpticmembranes_1,117.92115091656515,False,0.0105087012052536,0.9889736426403436,0.9970742976486966,0.9746717665233982,22.190832843489844,0.5620545953001564,0.9903535383111072
20241030_AMmilled12-1_15,15F1,2025-07-10 22:11:45,46,synapticvesicles_39.txt,317.72106953658323,470.8516116865312,121.70427915804584,22.161307512298432,44.322615024596864,45590.54139799414,9186,presynatpticmembranes_1,59.15470554326277,False,0.010503688827157,0.9885019278463224,0.9978365530761636,0.9797338499189492,22.161307518696656,0.4491243841662263,0.9924057421289992
20241030_AMmilled12-1_15,15F1,2025-07-10 22:11:45,47,synapticvesicles_175.txt,217.62272236887696,189.96683979509652,218.5293844140133,22.11992130476359,44.23984260952718,45335.59730216829,13270,presynatpticmembranes_1,269.91355205306775,False,0.0104899406433105,0.9872080865625358,0.9603150566103548,0.8833142549622051,22.119921342253107,2.5810795019982247,0.93721481611591
20241030_AMmilled12-1_15,15F1,2025-07-10 22:11:45,48,synapticvesicles_61.txt,230.41797813573896,662.7463872009263,122.91859504948248,22.090552775414345,44.18110555082869,45155.261282423504,9060,presynatpticmembranes_1,5.1188680943240845,True,0.010515066795051,0.989572708158206,0.9964964841800756,0.9706376945528026,22.09055278041495,0.6486295582359792,0.988738847291894
20241030_AMmilled12-1_15,15F1,2025-07-10 22:11:45,49,synapticvesicles_112.txt,168.8818493149765,252.7427270395176,186.59742885220496,22.026237646752133,44.052475293504266,44762.00909997247,9062,presynatpticmembranes_1,268.70776668018283,False,0.0105058643966913,0.988706670648038,0.9977924413146602,0.9802011167223396,22.026237650289872,0.4360949082840955,0.992515043936964
20241030_AMmilled12-1_15,15F1,2025-07-10 22:11:45,50,synapticvesicles_25.txt,233.71324349357243,430.8300613139869,164.69392286642008,22.01836325221158,44.03672650442316,44714.01891692445,9042,presynatpticmembranes_1,116.46893026387824,False,0.0105017581954598,0.9883202361391492,0.9977995833247884,0.9756585550709872,22.018363256603934,0.5359587766376206,0.991157274848648
20241030_AMmilled12-1_15,15F1,2025-07-10 22:11:45,51,synapticvesicles_157.txt,170.36577683979294,113.56450588897135,174.9237218919436,21.99906091963597,43.99812183927194,44596.52674172918,9018,presynatpticmembranes_1,361.8947902116925,False,0.0105275241658091,0.9907450710502212,0.9961450738652188,0.9736311260583425,21.999060924007857,0.5800904643400112,0.9893908895231558
20241030_AMmilled12-1_15,15F1,2025-07-10 22:11:45,52,synapticvesicles_32.txt,324.4391804428684,373.8817120855354,130.18609611085463,21.99540003389138,43.99080006778276,44574.26638856416,9038,presynatpticmembranes_1,100.53925642731932,False,0.0104820923879742,0.9864694874229564,0.9974112834026184,0.9759668315970074,21.99540003957915,0.5286191532423975,0.9909779478609352
20241030_AMmilled12-1_15,15F1,2025-07-10 22:11:45,53,synapticvesicles_14.txt,204.8877188339577,432.4835133478461,108.95690480343656,21.93414678886888,43.86829357773775,44202.90845908566,8986,presynatpticmembranes_1,157.2486042181,False,0.0105052506551146,0.988648911441561,0.9951090624659308,0.9698078727806076,21.934146793502386,0.6622385504382536,0.9875187055603338
20241030_AMmilled12-1_15,15F1,2025-07-10 22:11:45,54,synapticvesicles_182.txt,296.65506901725195,101.75846756442812,193.38209329775248,21.933258185290427,43.86651637058085,44197.53638716207,8988,presynatpticmembranes_1,298.58048924088035,False,0.0104962931945919,0.9878059250259356,0.9974975290985256,0.9766404107792864,21.93325818967469,0.5123519015826551,0.9912403936027536
20241030_AMmilled12-1_15,15F1,2025-07-10 22:11:45,55,synapticvesicles_150.txt,212.009892797804,131.39675204324578,140.968032516621,21.92070717672265,43.8414143534453,44121.7054804172,8966,presynatpticmembranes_1,327.0175186295321,False,0.0105075826868414,0.9888683788968246,0.9971569165144192,0.9765352157919208,21.920707179880303,0.5143646636643839,0.9909704062976696
20241030_AMmilled12-1_15,15F1,2025-07-10 22:11:45,56,synapticvesicles_230.txt,330.5221917422584,133.36100431879083,222.99686657662832,21.87038526117144,43.74077052234288,43818.54067148551,10968,presynatpticmembranes_1,252.60864388659823,False,0.0105144213885068,0.9895119689623202,0.9178210447493212,0.8852252773234103,21.87038534316372,2.510167412591769,0.9080423145215476
20241030_AMmilled12-1_15,15F1,2025-07-10 22:11:45,57,synapticvesicles_166.txt,258.48889142002554,64.39377118424191,178.6877254351306,21.867509741322948,43.735019482645896,43801.25914909493,8908,presynatpticmembranes_1,350.6880245810199,False,0.010535011999309,0.9914497508985916,0.9969249417133496,0.9737796064127376,21.86750974682933,0.5733747123351625,0.989981341123166
20241030_AMmilled12-1_15,15F1,2025-07-10 22:11:45,58,synapticvesicles_83.txt,143.42061690521376,368.6422057907647,175.13217814135928,21.86435457221671,43.72870914443342,43782.30219762641,8870,presynatpticmembranes_1,221.39729273140884,False,0.0104961320757865,0.987790762138651,0.9950075101235226,0.962270392066194,21.864354570084657,0.8249335256550162,0.985186374706324
20241030_AMmilled12-1_15,15F1,2025-07-10 22:11:45,59,synapticvesicles_218.txt,352.96969579167273,303.0605236282457,194.04283816673345,21.832608172888065,43.66521634577613,43591.86712900855,8880,presynatpticmembranes_1,99.62332687719292,False,0.0105363857001066,0.9915790298508736,0.9967494994515592,0.9753322591278448,21.83260817911608,0.538561121125733,0.9903243273544448
20241030_AMmilled12-1_15,15F1,2025-07-10 22:11:45,60,synapticvesicles_42.txt,390.70645229444426,471.20038851162354,130.8215895512505,21.81538621425272,43.630772428505445,43488.79030643638,8874,presynatpticmembranes_1,6.452046706937139,True,0.0105191329494118,0.9899553738569602,0.9970045080429144,0.9723830626141376,21.815385538247067,0.6024741364582196,0.9896180744142814
20241030_AMmilled12-1_15,15F1,2025-07-10 22:11:45,61,synapticvesicles_256.txt,413.0933399007652,165.24155725210832,177.13466910358034,21.812430289236,43.624860578472,43471.114866090815,8874,presynatpticmembranes_1,186.17756956227103,False,0.0105239432305097,0.9904080693068152,0.9976161955678492,0.9793978041212114,21.81243029450559,0.4493839615198277,0.9921506781338578
20241030_AMmilled12-1_15,15F1,2025-07-10 22:11:45,62,synapticvesicles_97.txt,105.88773740444206,262.0634455368592,127.44702761971818,21.5838325867315,43.167665173463,42118.636230393335,8678,presynatpticmembranes_1,322.3264715452635,False,0.0105549609288573,0.9933271442259668,0.9958347913346608,0.9692542938783808,21.583832591336463,0.6636101738314569,0.9878606420977768
20241030_AMmilled12-1_15,15F1,2025-07-10 22:11:45,63,synapticvesicles_265.txt,464.930712551704,181.80089049675908,190.3565575325189,21.58225801096791,43.16451602193582,42109.41903336721,8696,presynatpticmembranes_1,154.20307194769185,False,0.0105691328644752,0.9946608647797794,0.997797066151297,0.9818150434716596,21.582258016810997,0.3924724238191369,0.9930024593474056
20241030_AMmilled12-1_15,15F1,2025-07-10 22:11:45,64,synapticvesicles_71.txt,506.76516864980806,297.1116200051615,118.69046916932676,21.57920686912488,43.15841373824976,42091.56219271087,16458,presynatpticmembranes_1,49.64809302299009,False,0.0105260126292705,0.9906028203793374,0.9933676173503008,0.8741754763415822,21.579206867195328,2.7151934249913103,0.9576099750476852
20241030_AMmilled12-1_15,15F1,2025-07-10 22:11:45,65,synapticvesicles_5.txt,165.7956033897791,402.1037713032234,145.1867634394253,21.574678642016224,43.14935728403245,42065.07000127288,8690,presynatpticmembranes_1,188.78699641861573,False,0.0105449818074703,0.9923880093285428,0.9948951951338983,0.964894611696306,21.574678647359136,0.7573874714429555,0.9858950201026206
20241030_AMmilled12-1_15,15F1,2025-07-10 22:11:45,66,synapticvesicles_176.txt,241.49961794253124,166.4345649939131,169.84939658426023,21.5101476532749,43.0202953065498,41688.74141452768,8634,presynatpticmembranes_1,277.24824757714464,False,0.0105108423158526,0.9891751425124088,0.9975068342148472,0.9788729174231904,21.51014765981132,0.4544466658482046,0.9919166591773502
20241030_AMmilled12-1_15,15F1,2025-07-10 22:11:45,67,synapticvesicles_106.txt,96.0410846104268,359.9038280297708,198.35214973826032,21.486013294124945,42.97202658824989,41548.57464974286,8622,presynatpticmembranes_1,260.7052442423312,False,0.0105667356401681,0.994435262052204,0.9963021307070086,0.9770998104883322,21.486013299200195,0.4920337764018997,0.9905414346414056
20241030_AMmilled12-1_15,15F1,2025-07-10 22:11:45,68,synapticvesicles_160.txt,203.9648176932224,140.41707310126816,200.56621860351743,21.473580248786117,42.94716049757223,41476.48918054956,8616,presynatpticmembranes_1,318.1608710855392,False,0.0105055011808872,0.9886724884165872,0.9975120430956604,0.9789916839830048,21.47358025395774,0.4511237599914536,0.9919559353618635
20241030_AMmilled12-1_15,15F1,2025-07-10 22:11:45,69,synapticvesicles_202.txt,284.75278937683385,243.83933016520072,104.99914675653524,21.46807549246704,42.93615098493407,41444.5998394737,8206,presynatpticmembranes_1,210.3334369462419,False,0.010559688322246,0.9937720391153112,0.8715558667264142,0.8983200225385826,21.46810116347597,2.1828760424416664,0.8795851134700647
20241030_AMmilled12-1_15,15F1,2025-07-10 22:11:45,70,synapticvesicles_95.txt,153.4784225431889,444.4077065279984,176.11151880552544,21.448053728674868,42.896107457349736,41328.75056288025,8602,presynatpticmembranes_1,167.1175556622028,False,0.010518698953092,0.989914530472714,0.9971176064057932,0.9754106041538092,21.4480541324449,0.5273946931932136,0.990605505730198
20241030_AMmilled12-1_15,15F1,2025-07-10 22:11:45,71,synapticvesicles_263.txt,453.8923934959895,229.4840881672264,197.78117146297333,21.42473492323977,42.84946984647954,41194.09643222215,8536,presynatpticmembranes_1,111.7521552141145,False,0.0105762965977191,0.995335043560086,0.9967251893593452,0.9707247135139954,21.424734869994925,0.6272152512057956,0.9889250466057402
20241030_AMmilled12-1_15,15F1,2025-07-10 22:11:45,72,synapticvesicles_85.txt,63.77304165617959,420.3592217057108,143.3930118256069,21.272633384472908,42.545266768945815,40322.95728020092,15502,presynatpticmembranes_1,256.79347589343206,False,0.0105786118656396,0.9955529333738982,0.9888294246635532,0.87864838365784,21.272633706696958,2.5814684841623903,0.9557751123618392
20241030_AMmilled12-1_15,15F1,2025-07-10 22:11:45,73,synapticvesicles_22.txt,203.26752283835597,467.801813530287,158.13750602588797,21.24606935598825,42.49213871197651,40172.08693722346,8416,presynatpticmembranes_1,117.74862584204712,False,0.0105639640241861,0.9941744253322102,0.9959959898131282,0.9698520231175736,21.246069266694,0.6405260050947247,0.9881527998044616
20241030_AMmilled12-1_15,15F1,2025-07-10 22:11:45,74,synapticvesicles_232.txt,348.81945500089506,88.71441676576936,198.44857143664188,21.242088621643173,42.48417724328635,40149.51083950662,8470,presynatpticmembranes_1,282.56593508634575,False,0.0105605153366923,0.9938498694269222,0.9971218102365312,0.9750784540387348,21.24208862775751,0.5293856880499261,0.9905088033771922
20241030_AMmilled12-1_15,15F1,2025-07-10 22:11:45,75,synapticvesicles_159.txt,210.73147101051052,87.2046420217324,180.50653085241845,21.045783940720145,42.09156788144029,39046.66369812416,8250,presynatpticmembranes_1,357.534426372317,False,0.0105962976813316,0.9972173451053106,0.9961241664112274,0.976147837017328,21.04578394146032,0.5019874686698121,0.9901312675930576
20241030_AMmilled12-1_15,15F1,2025-07-10 22:11:45,76,synapticvesicles_46.txt,320.42254000201785,499.7784074558222,185.7400901030125,21.031168937477617,42.06233787495523,38965.37365209904,8268,presynatpticmembranes_1,6.398547506521501,True,0.0105637749657034,0.9941566330425065,0.996667236231374,0.9746508170944904,21.03116913960944,0.5331229532366718,0.9900623104903088
20241030_AMmilled12-1_15,15F1,2025-07-10 22:11:45,77,synapticvesicles_143.txt,150.80215448729254,235.64490849737376,116.89787205545429,20.99645549281475,41.9929109856295,38772.74656017562,8218,presynatpticmembranes_1,307.838133166783,False,0.0105812279507517,0.9957991330870912,0.9959329821814308,0.975916093249278,20.99645549932358,0.5056766763413969,0.9899279155017848
20241030_AMmilled12-1_15,15F1,2025-07-10 22:11:45,78,synapticvesicles_173.txt,178.11256153254746,165.1768462160723,153.9227326258304,20.988647987026106,41.97729597405221,38729.50984932355,8206,presynatpticmembranes_1,324.1641146312757,False,0.0106019731611013,0.9977514643834162,0.9970528258440096,0.974167176773507,20.988647990772616,0.5421960333087181,0.9901871311228588
20241030_AMmilled12-1_15,15F1,2025-07-10 22:11:45,79,synapticvesicles_37.txt,370.8126183081224,395.1407746099057,179.5268625948997,20.981817831498837,41.96363566299767,38691.71191655479,8188,presynatpticmembranes_1,33.14242035333846,False,0.0106007792055606,0.9976391012533652,0.9971283196666016,0.9771905694047288,20.98181800990968,0.4785833216596454,0.9911469945880396
20241030_AMmilled12-1_15,15F1,2025-07-10 22:11:45,80,synapticvesicles_58.txt,236.65044742271243,617.9569090643431,159.85585589597994,20.96951880122957,41.939037602459145,38623.71137666214,8240,presynatpticmembranes_1,9.420125026363356,True,0.0105571867898106,0.9935366199520372,0.9977052017633354,0.9766098230741408,20.96951880687289,0.4904807549428915,0.991376588156577
20241030_AMmilled12-1_15,15F1,2025-07-10 22:11:45,81,synapticvesicles_72.txt,408.1871224416066,326.76330929365946,206.21452987024745,20.889585212248235,41.77917042449647,38183.70439270505,14382,presynatpticmembranes_1,47.19887718223007,False,0.0105522777885198,0.9930746339469674,0.9898075106017172,0.8696364769592879,20.889584747305125,2.723239862516218,0.9537562005089883
20241030_AMmilled12-1_15,15F1,2025-07-10 22:11:45,82,synapticvesicles_244.txt,376.4053772178806,202.3155483336377,180.9330370087731,20.830174034646245,41.66034806929249,37858.84014831925,8094,presynatpticmembranes_1,172.5469810507813,False,0.0105744376778602,0.995160100652456,0.996666689047432,0.9722872101152802,20.830174038477946,0.577262236390486,0.9893528453677864
20241030_AMmilled12-1_15,15F1,2025-07-10 22:11:45,83,synapticvesicles_123.txt,176.36657765856307,305.27050965104047,205.4154985477781,20.76553088124875,41.5310617624975,37507.46605867376,8060,presynatpticmembranes_1,230.41323780106617,False,0.0105925202369689,0.996861849898222,0.9955146138848134,0.9688180793854346,20.7655308832726,0.6475091355215107,0.9875056535349996
20241030_AMmilled12-1_15,15F1,2025-07-10 22:11:45,84,synapticvesicles_207.txt,344.30821943136874,231.8661539994418,156.97826916898384,20.746427294047997,41.49285458809599,37404.04445476888,8056,presynatpticmembranes_1,170.8252866279287,False,0.0106078349053859,0.9983031130109838,0.9966995330036518,0.9723327546602404,20.746427297026877,0.5739964939503315,0.9893894995006284
20241030_AMmilled12-1_15,15F1,2025-07-10 22:11:45,85,synapticvesicles_109.txt,128.50135336706646,287.4071689637313,192.6931587558104,20.733368238623463,41.46673647724693,37333.455806413855,8014,presynatpticmembranes_1,280.0377709985772,False,0.0105911800637841,0.9967357262288434,0.9958048120274896,0.9718753148809331,20.73336824250307,0.58311945327806,0.9886259628835228
20241030_AMmilled12-1_15,15F1,2025-07-10 22:11:45,86,synapticvesicles_3.txt,215.36631854649136,386.510097641134,123.39186591913412,20.696876203327307,41.39375240665461,37136.67485200255,8002,presynatpticmembranes_1,172.62792941002127,False,0.0105770947411656,0.9954101568225304,0.9966889721341536,0.9757326190442576,20.69687608046697,0.5022589764384848,0.9904020662071849
20241030_AMmilled12-1_15,15F1,2025-07-10 22:11:45,87,synapticvesicles_73.txt,422.8384114073171,283.38252105555847,155.47824939393297,20.67938239071691,41.35876478143382,37042.58629593641,7978,presynatpticmembranes_1,87.06875693498934,False,0.0105866743251681,0.9963116912653588,0.9971648278355034,0.9748020317914232,20.67938163149017,0.5210784009233163,0.9904559890222792
20241030_AMmilled12-1_15,15F1,2025-07-10 22:11:45,88,synapticvesicles_261.txt,423.091023933954,208.30564480591187,165.35089654646313,20.608585986303577,41.217171972607154,36663.43850791425,7956,presynatpticmembranes_1,146.0901101683878,False,0.0105915972962975,0.9967749919716382,0.9967442087144396,0.9726599265249528,20.60858586159466,0.5634402516728177,0.9895189240575936
20241030_AMmilled12-1_15,15F1,2025-07-10 22:11:45,89,synapticvesicles_26.txt,233.5798839934196,513.5866438012506,153.7099576719903,20.49722428628329,40.99444857256658,36072.29460568304,7870,presynatpticmembranes_1,73.65688828308292,False,0.0106265824288129,1.0000674420343294,0.997630808076834,0.97671123134214,20.49722422405742,0.4773551130823579,0.9913549350564256
20241030_AMmilled12-1_15,15F1,2025-07-10 22:11:45,90,synapticvesicles_54.txt,172.83139351996863,631.1403401717745,95.85959737992523,20.459682662530028,40.919365325060056,35874.453126673936,10570,presynatpticmembranes_1,74.62190262134008,False,0.0105957677587866,0.9971674741060912,0.9479941788033546,0.8698216581881187,20.45968290835889,2.6634075950070484,0.9245424226187836
20241030_AMmilled12-1_15,15F1,2025-07-10 22:11:45,91,synapticvesicles_200.txt,245.02380178400065,286.99916918417017,166.16599107025613,20.39653776046231,40.79307552092462,35543.318278011895,7766,presynatpticmembranes_1,195.23818054696972,False,0.0106129217892885,0.9987818395447898,0.997670849056477,0.9812614733542124,20.3965377655502,0.3822010664015765,0.9927480363457974
20241030_AMmilled12-1_15,15F1,2025-07-10 22:11:45,92,synapticvesicles_184.txt,310.7704211464899,158.36961431583896,121.21145195395988,20.35339369825565,40.7067873965113,35318.24453487718,7654,presynatpticmembranes_1,257.493477089879,False,0.0106489872559905,1.0021759598343605,0.9956901303356732,0.9770006991383908,20.353393701530266,0.4681138252962736,0.9900833009764884
20241030_AMmilled12-1_15,15F1,2025-07-10 22:11:45,93,synapticvesicles_245.txt,372.85866452702334,262.4403346693366,171.09720948873564,20.341541069562155,40.68308213912431,35256.57860598376,7736,presynatpticmembranes_1,127.9456874634286,False,0.0106410011649131,1.0014243889761791,0.9975903625328104,0.9785808886682344,20.341541073028864,0.4356977329028892,0.9918875203734374
20241030_AMmilled12-1_15,15F1,2025-07-10 22:11:45,94,synapticvesicles_180.txt,285.32051040897846,102.72339326541064,140.4537742933319,20.32624817256658,40.65249634513316,35177.12002865773,7728,presynatpticmembranes_1,310.7449459987988,False,0.0106137869879603,0.9988632633730404,0.9974408747326388,0.9794283054721568,20.32624817810737,0.4181453684171548,0.9920371039544942
20241030_AMmilled12-1_15,15F1,2025-07-10 22:11:45,95,synapticvesicles_16.txt,212.06282223434636,489.2050347210129,108.3425690231836,20.32151884967515,40.6430376993503,35152.57168320217,7668,presynatpticmembranes_1,123.77984505430982,False,0.0105836940929293,0.9960312216739676,0.9960457545554238,0.9725886208320276,20.321518854785975,0.5570408585976361,0.9890086144384048
20241030_AMmilled12-1_15,15F1,2025-07-10 22:11:45,96,synapticvesicles_57.txt,202.83082134326116,595.0457027231455,201.95628598421112,20.29021843848568,40.58043687697136,34990.38950169629,12796,presynatpticmembranes_1,27.50325656960581,False,0.0106045622378587,0.9979951223409372,0.9802667645640584,0.8660780825395376,20.290218413894404,2.717304955680323,0.946010159956702
20241030_AMmilled12-1_15,15F1,2025-07-10 22:11:45,97,synapticvesicles_114.txt,211.87058408819016,242.30601349371543,208.27107424251835,20.25124994893703,40.50249989787406,34789.17349398567,7610,presynatpticmembranes_1,245.2941590654177,False,0.0106393136084079,1.001265573070054,0.9950019328187124,0.972983127279395,20.251249958535645,0.5471254425629152,0.9883962911569172
20241030_AMmilled12-1_15,15F1,2025-07-10 22:11:45,98,synapticvesicles_146.txt,155.17125796662404,158.1453773328747,202.30903196934236,20.241744191651662,40.48348838330333,34740.207296136374,7620,presynatpticmembranes_1,342.02320522109187,False,0.0105859646573662,0.9962449044439088,0.9970831582063238,0.9804315213523525,20.24174419684485,0.3961001391071047,0.9920876671501322
20241030_AMmilled12-1_15,15F1,2025-07-10 22:11:45,99,synapticvesicles_64.txt,380.983664902388,298.3344549811769,135.31638061858766,20.205923776303244,40.41184755260649,34556.10145062684,7628,presynatpticmembranes_1,109.84191624110342,False,0.0106394942849874,1.001282576539032,0.9972669784546714,0.9748017665369562,20.20592378260152,0.5091535848104625,0.9905274148793568
20241030_AMmilled12-1_15,15F1,2025-07-10 22:11:45,100,synapticvesicles_152.txt,238.8187535668062,93.27498175186396,127.6629807231772,20.16869770301445,40.3373954060289,34365.4613970908,7624,presynatpticmembranes_1,345.9811806365837,False,0.0106481984257698,1.002101723039389,0.9962738111812528,0.974761141359165,20.1686977090942,0.50903491044956,0.9898200102346264
20241030_AMmilled12-1_15,15F1,2025-07-10 22:11:45,101,synapticvesicles_77.txt,485.9473002383901,315.285317657041,180.44622662076583,20.11115161260575,40.2223032252115,34072.14140387332,7550,presynatpticmembranes_1,22.18637282620446,False,0.0106444787234067,1.0017516619306337,0.9969221971292902,0.9733324315966926,20.111151607303228,0.5363155111570441,0.9898452674695108
20241030_AMmilled12-1_15,15F1,2025-07-10 22:11:45,102,synapticvesicles_31.txt,171.60244927043848,551.474990158066,92.48693708236304,20.02823506035546,40.05647012071092,33652.446988573094,7970,presynatpticmembranes_1,122.06631270106358,False,0.0106378700584173,1.0011297206117238,0.8903177631406738,0.8753546504349664,20.028236099949133,2.496426489849185,0.8858288293289615
20241030_AMmilled12-1_15,15F1,2025-07-10 22:11:45,103,synapticvesicles_169.txt,216.6182259966126,185.2984292116389,128.33019785765242,19.87874726764745,39.7574945352949,32904.52653408946,7326,presynatpticmembranes_1,290.64159913011747,False,0.010639133863151,1.001248657247823,0.9960562684722568,0.9739585266337216,19.87874727363636,0.5176718676813786,0.9894269459206962
20241030_AMmilled12-1_15,15F1,2025-07-10 22:11:45,104,synapticvesicles_149.txt,189.13554690026012,82.89101254121199,133.4642731915594,19.790781664952377,39.58156332990475,32469.63840429874,13878,presynatpticmembranes_1,379.9452659875933,False,0.010654610581696,1.0027051708946166,0.9935030319983588,0.8687000426787741,19.79078165516616,2.5985287866770164,0.9560621352024834
20241030_AMmilled12-1_15,15F1,2025-07-10 22:11:45,105,synapticvesicles_86.txt,74.72594148893954,470.13663679256325,144.76676510642008,19.445647014328696,38.89129402865739,30800.360753818804,13132,presynatpticmembranes_1,213.92510485419783,False,0.0106354337185621,1.0009004367207617,0.9938706183490164,0.8681992768417942,19.445647001302795,2.562950337050905,0.9561692158968498
20241030_AMmilled12-1_15,15F1,2025-07-10 22:11:45,106,synapticvesicles_51.txt,125.46010854752804,550.1126463747523,180.21311300851684,19.410169111391244,38.82033822278249,30632.08559652424,13012,presynatpticmembranes_1,117.58422216036432,False,0.0106363492086529,1.0009865934733668,0.9943988536592328,0.8576689308823295,19.410169123756614,2.762670123139076,0.953379876826162
20241030_AMmilled12-1_15,15F1,2025-07-10 22:11:45,107,synapticvesicles_196.txt,236.78165542487287,269.15030352404256,112.29154993059802,19.364655741746287,38.72931148349257,30417.11020331972,11998,presynatpticmembranes_1,228.4635851088381,False,0.0106439404189586,1.001701002110689,0.9796649317101712,0.8677159738949872,19.364655683432925,2.561634617941826,0.946080244365616
20241030_AMmilled12-1_15,15F1,2025-07-10 22:11:45,108,synapticvesicles_270.txt,520.2196395766131,199.45985851142024,143.3334024502843,19.27673000294554,38.55346000589108,30004.6595142448,12834,presynatpticmembranes_1,136.58186998228865,False,0.0106592876836657,1.0031453328596065,0.9933158600165918,0.8702173442249412,19.27673000906972,2.501785215235841,0.9563863052790966
20241030_AMmilled12-1_15,15F1,2025-07-10 22:11:45,109,synapticvesicles_8.txt,252.0803874040442,344.2628903266771,205.4310609722859,19.270085884859107,38.54017176971821,29973.645053198907,13058,presynatpticmembranes_1,145.65223274348065,False,0.01062623411417,1.0000346621508356,0.9954145691172974,0.8642668751193388,19.27008337959955,2.615588633823941,0.9560702609179098
20241030_AMmilled12-1_15,15F1,2025-07-10 22:11:45,110,synapticvesicles_222.txt,370.9907026523589,91.790468020846,134.59991903941437,19.16913071724928,38.33826143449856,29505.01678566277,6852,presynatpticmembranes_1,277.9867974860014,False,0.0106475194916129,1.0020378285606002,0.9955124420617248,0.9761671744125774,19.169130720848948,0.456854549132497,0.9897088617669806
20241030_AMmilled12-1_15,15F1,2025-07-10 22:11:45,111,synapticvesicles_89.txt,141.6540015135586,433.88731180014014,125.05366904253762,19.054878922772865,38.10975784554573,28980.5878092364,6776,presynatpticmembranes_1,196.6285965955524,False,0.0106554236263036,1.002781686505018,0.996336846626602,0.9751054239009008,19.054878925115016,0.4743631334603975,0.9899674198088916
20241030_AMmilled12-1_15,15F1,2025-07-10 22:11:45,112,synapticvesicles_115.txt,203.7038719087106,259.75003893610415,153.3268999998377,19.051227862616532,38.10245572523307,28963.932295884228,6774,presynatpticmembranes_1,246.930324579697,False,0.0106531968340277,1.0025721231322005,0.9970111008093064,0.9805902439758456,19.05122786779126,0.3697796848743988,0.992084843759268
20241030_AMmilled12-1_15,15F1,2025-07-10 22:11:45,113,synapticvesicles_44.txt,296.7717437155455,404.03750958049,151.50802072850095,18.971842941241004,37.94368588248201,28603.36785072543,6738,presynatpticmembranes_1,92.6362477752524,False,0.0107085397467017,1.0077804434443358,0.9978153523445004,0.9782777276727976,18.971842950684632,0.4121115391236838,0.9919540649429894
20241030_AMmilled12-1_15,15F1,2025-07-10 22:11:45,114,synapticvesicles_90.txt,105.8053002318702,461.407383067537,188.13049553133428,18.94302769093999,37.88605538187998,28473.233631823896,6624,presynatpticmembranes_1,196.10210215300756,False,0.01066698692739,1.003869908519616,0.9966658604058524,0.9785534988725358,18.943027611871184,0.4062616630355807,0.9912321519458572
20241030_AMmilled12-1_15,15F1,2025-07-10 22:11:45,115,synapticvesicles_125.txt,203.0131848010954,304.12405396496365,162.02663690396264,18.87765332815476,37.75530665630952,28179.45753025508,6654,presynatpticmembranes_1,217.05036207721105,False,0.0107038617134094,1.0073401938325988,0.9976640104554648,0.9786611772409765,18.877653334006617,0.4028268986006575,0.9919631604911184
20241030_AMmilled12-1_15,15F1,2025-07-10 22:11:45,116,synapticvesicles_258.txt,412.7156035385537,250.944769643056,188.3103839346059,18.85833632479403,37.71667264958806,28093.040138502307,6652,presynatpticmembranes_1,113.13903206175372,False,0.0107136024162173,1.0082568911627117,0.9977397306326312,0.9797684051138034,18.858336329708845,0.3815342208503137,0.9923483329769828
20241030_AMmilled12-1_15,15F1,2025-07-10 22:11:45,117,synapticvesicles_82.txt,110.70998805346426,405.1381943641152,104.1783661418382,18.82304285306888,37.64608570613776,27935.60634486849,9634,presynatpticmembranes_1,241.96807709363156,False,0.0106968665495514,1.0066818791135552,0.9478629963042884,0.8624509712756395,18.823042901002545,2.5890912686698684,0.9222393887956936
20241030_AMmilled12-1_15,15F1,2025-07-10 22:11:45,118,synapticvesicles_186.txt,295.2200508536293,147.63658793314778,172.1290260215288,18.72263519672818,37.44527039345636,27490.93653804576,6514,presynatpticmembranes_1,264.85569223938967,False,0.0106757720932364,1.004696680286989,0.99665480610208,0.9775458225299994,18.72263520219452,0.4204013735361547,0.9909221110304558
20241030_AMmilled12-1_15,15F1,2025-07-10 22:11:45,119,synapticvesicles_127.txt,232.397317533004,299.8226401437644,214.9470879022164,18.62711689702968,37.25423379405936,27072.32340455312,7256,presynatpticmembranes_1,190.76154102541437,False,0.0107218092307448,1.0090292343000054,0.8935605605365836,0.8655219840707402,18.62711686662244,2.5049377187058366,0.8851489875968306
20241030_AMmilled12-1_15,15F1,2025-07-10 22:11:45,120,synapticvesicles_50.txt,92.0811378028599,573.9805993480988,148.67206266422818,18.614167559242933,37.228335118485866,27015.90162850725,10826,presynatpticmembranes_1,136.09289608010036,False,0.0107167353853583,1.0085517348206616,0.9857121855457648,0.8600821793714483,18.614167443030578,2.604453741443779,0.9480231836934698
20241030_AMmilled12-1_15,15F1,2025-07-10 22:11:45,121,synapticvesicles_209.txt,340.0819706278984,261.4790860611357,220.17754020783863,18.548274885217204,37.09654977043441,26730.01360691741,3230,presynatpticmembranes_1,143.36988161763043,False,0.010701379738748,1.0071066152510184,0.8400074566762381,0.9159507727459694,18.548275212769063,1.558968198528331,0.8627904514971574
20241030_AMmilled12-1_15,15F1,2025-07-10 22:11:45,122,synapticvesicles_135.txt,131.45811710268418,167.10798686184415,113.03599834021368,18.54583287019001,37.09166574038002,26719.457395882244,10642,presynatpticmembranes_1,367.8803910617656,False,0.0107098165899515,1.0079006071348977,0.9759512399055924,0.86284927534077,18.54583286884828,2.5435744173715067,0.9420206505361456
20241030_AMmilled12-1_15,15F1,2025-07-10 22:11:45,123,synapticvesicles_192.txt,191.488041258198,213.95729156300015,166.39395005985818,18.537836822077843,37.075673644155685,26684.911959249526,6402,presynatpticmembranes_1,283.7659109080225,False,0.0107274604961276,1.0095610747626809,0.997204691085531,0.9818235454092066,18.53783682673434,0.336952149292674,0.9925903473826336
20241030_AMmilled12-1_15,15F1,2025-07-10 22:11:45,124,synapticvesicles_255.txt,472.3957890683128,206.70763789395463,144.78010298484702,18.515059701508548,37.030119403017096,26586.670891209884,12202,presynatpticmembranes_1,135.43696275006766,False,0.010729357600212,1.0097396111869508,0.9967790101594016,0.8665852266328606,18.51505976067109,2.4701825018489743,0.9577208751014392
20241030_AMmilled12-1_15,15F1,2025-07-10 22:11:45,125,synapticvesicles_205.txt,279.8358359233088,255.1926771503942,165.93309821472366,18.49648507731045,36.99297015462089,26506.73453108367,6418,presynatpticmembranes_1,191.2061136312896,False,0.0107219638302922,1.0090437836600588,0.9975881963565746,0.9761728386863536,18.49648508305766,0.4407187338094667,0.9911635890555084
20241030_AMmilled12-1_15,15F1,2025-07-10 22:11:45,126,synapticvesicles_145.txt,173.8758623573421,191.07183282584396,111.11476850268178,18.285151803501027,36.57030360700205,25608.51056681548,9964,presynatpticmembranes_1,322.63947911683704,False,0.0107414852827787,1.0108809471304183,0.959867970928854,0.8529270987412947,18.285151458020543,2.689250274885926,0.927785709272586
20241030_AMmilled12-1_15,15F1,2025-07-10 22:11:45,127,synapticvesicles_148.txt,170.1129421834966,126.62532434042724,116.8231300432658,18.221462869255788,36.442925738511576,25341.85084690438,11576,presynatpticmembranes_1,364.9844901158693,False,0.0107591738924384,1.012545621802073,0.992239571958868,0.8561162061686723,18.221462864904943,2.621773206159176,0.9514025622218092
20241030_AMmilled12-1_15,15F1,2025-07-10 22:11:45,128,synapticvesicles_243.txt,377.37827791263896,169.48714647003828,226.51540899849283,18.16918803502631,36.33837607005262,25124.36926509315,2140,presynatpticmembranes_1,222.1140705061982,False,0.0107865678146481,1.0151236632274423,0.8333101083323696,0.9031704083316452,18.16918800601601,1.7593150555681012,0.8542681983321523
20241030_AMmilled12-1_15,15F1,2025-07-10 22:11:45,129,synapticvesicles_195.txt,81.33327845959359,156.79532703290897,113.5110784173376,18.13680649496717,36.27361298993434,24990.27686522045,11496,presynatpticmembranes_1,409.93492709858407,False,0.0107636665925383,1.0129684297110952,0.9906467932706244,0.8532086072614056,18.136806514591363,2.66232708810728,0.9494153374678588
20241030_AMmilled12-1_15,15F1,2025-07-10 22:11:45,130,synapticvesicles_101.txt,86.27848987134621,335.7431328863243,111.71909449811638,18.05296052301154,36.10592104602308,24645.28851666468,10842,presynatpticmembranes_1,299.37276239410244,False,0.0107818720862269,1.0146817483275063,0.9858837333405563,0.8548110980975028,18.052960487235232,2.6210895092308544,0.9465619427676404
20241030_AMmilled12-1_15,15F1,2025-07-10 22:11:45,131,synapticvesicles_121.txt,152.14048247771052,325.1428743933849,172.1362041316296,17.979797606480513,35.95959521296103,24346.86263050252,6012,presynatpticmembranes_1,245.45565905579647,False,0.0108099281787872,1.017322106590213,0.9960293426354518,0.9750008840304366,17.97979761151393,0.4494790455995148,0.9897208050539472
20241030_AMmilled12-1_15,15F1,2025-07-10 22:11:45,132,synapticvesicles_238.txt,397.21329891906566,256.8589234484208,109.73894362133316,17.88711165264459,35.77422330528918,23972.27565637632,5014,presynatpticmembranes_1,140.87290811606027,False,0.0107791097834706,1.0144217880749855,0.893179014064734,0.873564048413788,17.887109947588044,2.2615737673504928,0.8872945243694501
20241030_AMmilled12-1_15,15F1,2025-07-10 22:11:45,133,synapticvesicles_81.txt,67.85261976063063,381.3831592641201,103.81412578800392,17.685084232607,35.370168465214,23169.14498798563,7284,presynatpticmembranes_1,289.4081712937891,False,0.0108023919165134,1.0166128691109824,0.9212164370613258,0.8561383278313297,17.685084419231078,2.5442058169946797,0.901693004292327
20241030_AMmilled12-1_15,15F1,2025-07-10 22:11:45,134,synapticvesicles_197.txt,254.6505227022343,260.191513328042,210.8541493950699,17.62518766522785,35.2503753304557,22934.530759570625,10448,presynatpticmembranes_1,201.00487593635043,False,0.0108193410560488,1.0182079522652727,0.992421201305664,0.8502254146275016,17.62518766193248,2.6398051741784125,0.9497624653022152
20241030_AMmilled12-1_15,15F1,2025-07-10 22:11:45,135,synapticvesicles_137.txt,94.8633654746302,205.70298238597735,179.19037697305254,17.505739229247865,35.01147845849573,22471.391890720788,10708,presynatpticmembranes_1,358.33553783292297,False,0.0108691481873393,1.0228953003113987,0.9936222704082436,0.8548988218746107,17.505734604763127,2.540102715101526,0.9520052358481536
20241030_AMmilled12-1_15,15F1,2025-07-10 22:11:45,136,synapticvesicles_269.txt,501.4198584224297,241.9412169636775,125.4523111511858,17.41954062623153,34.83908125246306,22141.075007834494,5686,presynatpticmembranes_1,105.83013586321326,False,0.0108333295211195,1.0195244064098654,0.9965997346414558,0.976655053803794,17.41954064278797,0.406658239068508,0.9906163303901572
20241030_AMmilled12-1_15,15F1,2025-07-10 22:11:45,137,synapticvesicles_190.txt,199.1511830924568,228.11072616775803,111.37746663655273,17.16762306688568,34.33524613377136,21194.301949207795,10154,presynatpticmembranes_1,282.1572186513169,False,0.0108056012541055,1.0169148998022115,0.993732766261458,0.8531354238207015,17.167624967879043,2.5213159649126986,0.9515535635292312
20241030_AMmilled12-1_15,15F1,2025-07-10 22:11:45,138,synapticvesicles_260.txt,424.59466553653766,192.37076873659197,221.15006300476097,17.11515707511648,34.23031415023296,21000.57940433595,6964,presynatpticmembranes_1,160.0607163967129,False,0.0108670303598046,1.0226959916080165,0.9314800131458848,0.8642628484593197,17.115157047902553,2.323162665853692,0.9113148637399152
20241030_AMmilled12-1_15,15F1,2025-07-10 22:11:45,139,synapticvesicles_105.txt,96.43087701714737,316.051854789306,188.5517771614302,17.0752301733667,34.1504603467334,20853.949105154665,5428,presynatpticmembranes_1,294.42548388732337,False,0.0108412746340036,1.020272120811165,0.9943538326167216,0.9730502082684122,17.07523017836557,0.4601738970758753,0.9879627453122288
20241030_AMmilled12-1_15,15F1,2025-07-10 22:11:45,140,synapticvesicles_21.txt,197.9287190281092,401.9331535188601,181.2510602567916,16.932743057840927,33.865486115681854,20336.2355823618,5394,presynatpticmembranes_1,163.15927614684054,False,0.0108835259452462,1.0242483907963669,0.996824189545839,0.9800970520776572,16.932743062740144,0.3370115033601299,0.9918060483053844
20241030_AMmilled12-1_15,15F1,2025-07-10 22:11:45,141,synapticvesicles_220.txt,339.5349728713099,17.252399197298864,123.69007372352674,16.702701306383638,33.40540261276728,19518.604018155736,6792,presynatpticmembranes_1,359.8770288849044,False,0.0108979912474751,1.025609720075582,0.961480001190148,0.8457035349670925,16.702701290504535,2.577167765625433,0.9267470613232314
20241030_AMmilled12-1_15,15F1,2025-07-10 22:11:45,142,synapticvesicles_132.txt,57.54813333775165,241.7280507119385,123.19853127959809,16.622510308061834,33.24502061612367,19238.820476884022,9448,presynatpticmembranes_1,376.18439120844977,False,0.0109164305031299,1.0273450380255682,0.9897913147286423,0.8473352061590349,16.622510349988037,2.537672115700232,0.94705448215776
20241030_AMmilled12-1_15,15F1,2025-07-10 22:11:45,143,synapticvesicles_234.txt,382.2534993133263,121.11993309432891,215.1569659033274,16.24983775351135,32.4996755070227,17973.62584026276,9074,presynatpticmembranes_1,242.11537216992664,False,0.0109090274199843,1.026648334031203,0.9930612646954148,0.8377938475874054,16.249837746766772,2.6358236582319834,0.946481039563012
20241030_AMmilled12-1_15,15F1,2025-07-10 22:11:45,144,synapticvesicles_163.txt,220.960201038852,51.39497734287381,148.02930370857592,15.78376191255239,31.56752382510478,16471.007807842852,4678,presynatpticmembranes_1,390.6763926859292,False,0.0109062958508729,1.0263912661213432,0.9977073419399484,0.9805972068396837,15.783761918365082,0.3062490677937179,0.9925743014098688
20241030_AMmilled12-1_15,15F1,2025-07-10 22:11:45,145,synapticvesicles_237.txt,386.1681770700028,225.35616348951504,137.15203903889528,15.6709415944306,31.3418831888612,16120.328414338008,8284,presynatpticmembranes_1,160.29790257114263,False,0.0109044890850782,1.0262212314315624,0.9917449073551894,0.8444450177910399,15.67094162780968,2.437693046111588,0.9475549404859444
20241030_AMmilled12-1_15,15F1,2025-07-10 22:11:45,146,synapticvesicles_147.txt,137.76865916518602,90.33427423655507,127.44486651411503,15.558751320400422,31.117502640800843,15776.57867514908,8184,presynatpticmembranes_1,412.4580984601209,False,0.0109224449843168,1.0279110607196946,0.9903925469334314,0.8360165031915072,15.558751278290575,2.5513784405876963,0.944079733810854
20241030_AMmilled12-1_15,15F1,2025-07-10 22:11:45,147,synapticvesicles_139.txt,128.08613736402734,199.6916180457301,208.52227967004737,15.254855191973038,30.509710383946075,14870.065364643144,7094,presynatpticmembranes_1,337.9609964690752,False,0.0109045635908842,1.0262282431713472,0.9811317546282764,0.8444782016041587,15.254855077145905,2.372462495865662,0.940135688721041
20241030_AMmilled12-1_15,15F1,2025-07-10 22:11:45,148,synapticvesicles_102.txt,114.10386214433734,312.4060632011048,141.8701456728291,15.15661937110604,30.31323874221208,14584.637598654446,7072,presynatpticmembranes_1,290.4156138283734,False,0.0109273167327046,1.028369540854872,0.9820547252496216,0.8484903593304767,15.156619516732771,2.2963739767448663,0.941985415473878
20241030_AMmilled12-1_15,15F1,2025-07-10 22:11:45,149,synapticvesicles_267.txt,447.28588384699503,28.60149158477117,119.36971178381064,15.12420212540594,30.24840425081188,14491.255967137757,7552,presynatpticmembranes_1,319.84478104020656,False,0.0109020452946424,1.0259912463666216,0.991472764799276,0.811310893414735,15.124204309350668,2.8537725989443934,0.9374242033839136
20241030_AMmilled12-1_15,15F1,2025-07-10 22:11:45,150,synapticvesicles_268.txt,459.72919056717535,139.0079662775143,120.21898317036764,15.09631991075196,30.19263982150392,14411.25758821414,7674,presynatpticmembranes_1,211.5547415832999,False,0.0108616165816783,1.0221865010659048,0.9930622692639908,0.8298130785978823,15.096319921142292,2.5691962118806666,0.9440875120641584
20241030_AMmilled12-1_15,15F1,2025-07-10 22:11:45,151,synapticvesicles_75.txt,444.26472893313206,290.6347366137597,215.25119769249517,15.002372721210882,30.004745442421765,14143.876713576054,5020,presynatpticmembranes_1,66.37388222149856,False,0.0108889564871788,1.02475945897993,0.9483754384659792,0.8516444319689839,15.002374199251804,2.2256857461438617,0.9193561365168804
20241030_AMmilled12-1_15,15F1,2025-07-10 22:11:45,152,synapticvesicles_128.txt,36.25714466233449,331.269167559898,108.00839994374287,14.991146707479144,29.98229341495829,14112.14961780866,5796,presynatpticmembranes_1,342.7632944812363,False,0.0108984485268592,1.0256527546285112,0.9498225700275068,0.830712248186979,14.99113488920354,2.537815522519009,0.9140894734753484
20241030_AMmilled12-1_15,15F1,2025-07-10 22:11:45,153,synapticvesicles_227.txt,297.751992549712,26.75510420163436,144.99123211892376,14.595954360902333,29.191908721804666,13025.250954060702,7252,presynatpticmembranes_1,369.076290271322,False,0.0109054138883948,1.026308264651641,0.993540140020672,0.8275911247727096,14.59595433201162,2.5164720692510207,0.9437554354462834
20241030_AMmilled12-1_15,15F1,2025-07-10 22:11:45,154,synapticvesicles_138.txt,115.96600787095464,241.10971597335643,213.06346494456932,14.460927610392629,28.921855220785258,12667.096106486371,3670,presynatpticmembranes_1,320.83722996904805,False,0.0108745396137237,1.0234026873315751,0.9283807865443492,0.8510314573465618,14.460927741152402,2.1542233310161487,0.905175987785013
20241030_AMmilled12-1_15,15F1,2025-07-10 22:11:45,155,synapticvesicles_248.txt,380.7591545212454,229.4382562564242,219.95804167104112,14.432553043103873,28.865106086207746,12592.677936834192,2444,presynatpticmembranes_1,156.13522289431475,False,0.0109168756753206,1.027386933170782,0.8704304837968948,0.8467165537351485,14.4325530573204,2.2122714710263898,0.8633163047783708
20241030_AMmilled12-1_15,15F1,2025-07-10 22:11:45,156,synapticvesicles_84.txt,35.44541080385238,431.61212438736686,105.3837343432685,14.358287314634277,28.716574629268557,12399.281724516006,6394,presynatpticmembranes_1,282.96430618039136,False,0.0108755584806203,1.0234985728731318,0.984496551699264,0.8207182924641026,14.358287270992545,2.5741782592344835,0.9353630739287154
20241030_AMmilled12-1_15,15F1,2025-07-10 22:11:45,157,synapticvesicles_171.txt,263.60871899533055,185.40854742500875,115.53413931162476,14.3113624670382,28.6227249340764,12278.11094358586,5552,presynatpticmembranes_1,267.5046581590745,False,0.0108917905017733,1.0250261680319936,0.9610449689704186,0.8551462795081003,14.311362444627484,2.07305409541234,0.929275362131723
20241030_AMmilled12-1_15,15F1,2025-07-10 22:11:45,158,synapticvesicles_242.txt,370.962251822971,145.96770841875932,185.75841609509524,14.07331096117044,28.14662192234088,11675.553034058272,6134,presynatpticmembranes_1,227.16931896574985,False,0.0108583038672804,1.021874741585724,0.9846144743596672,0.8453845556052987,14.073315354608145,2.1759519076595115,0.9428454987333564
20241030_AMmilled12-1_15,15F1,2025-07-10 22:11:45,159,synapticvesicles_178.txt,249.8916152553145,150.43537487933548,217.83354412719655,13.812884596404707,27.62576919280941,11039.305687440232,4038,presynatpticmembranes_1,287.093348291524,False,0.0108541417866945,1.0214830482719963,0.9135130468259453,0.8594377229327033,13.812884647270437,1.941570518888237,0.8972904496579727
20241030_AMmilled12-1_15,15F1,2025-07-10 22:11:45,160,synapticvesicles_120.txt,203.9017827006652,311.81424476678734,111.37350791082731,13.79632247118441,27.59264494236882,10999.643756268171,1746,presynatpticmembranes_1,231.3509662717275,False,0.010923508554697,1.0280111533051224,0.8648227538320029,0.8675850305270836,13.79632016546256,1.8268393135483063,0.865651436840527
20241030_AMmilled12-1_15,15F1,2025-07-10 22:11:45,161,synapticvesicles_136.txt,62.96991501768144,213.015182379158,155.141459609909,13.234101924803529,26.468203849607058,9708.944861059192,3150,presynatpticmembranes_1,390.18163704296376,False,0.0108924433588981,1.025087608401858,0.9239930532753692,0.8429868816028983,13.234102012614311,2.077927626185933,0.8996912017736278
20241030_AMmilled12-1_15,15F1,2025-07-10 22:11:45,162,synapticvesicles_140.txt,128.51135818516366,246.35819430079428,163.85388639634257,12.916150365083263,25.832300730166526,9025.845311073372,2294,presynatpticmembranes_1,314.6371359124345,False,0.0109501434490084,1.030517762631434,0.9078746317896806,0.8654449868309979,12.91614988821322,1.737932718301335,0.8951457383020758
20241030_AMmilled12-1_15,15F1,2025-07-10 22:11:45,163,synapticvesicles_131.txt,88.76722531461483,370.8377128220648,154.02900658949412,11.95997284525962,23.91994569051924,7166.03937445677,1584,presynatpticmembranes_1,277.7450077885109,False,0.010874068364501,1.0233583380774365,0.8609349261783736,0.8462217199682607,11.959973431967152,1.8391841435932064,0.8565209643153398
20231026_HippAu_26,15F1,2025-07-10 22:26:49,0,synapticvesicles_75.txt,341.7817540330794,536.2805933999977,191.056677505106,30.160540540762067,60.321081081524135,114922.739893542,17178,presynatpticmembranes_1,88.57018366805177,False,0.05138704180717468,0.9908600910111321,0.9965026557387361,0.9659014162178362,30.160540556159116,1.0284317190695402,0.9873222838824661
20231026_HippAu_26,15F1,2025-07-10 22:26:49,1,synapticvesicles_147.txt,451.30306143106066,534.7347482323406,213.41732825816203,30.04211169141802,60.08422338283604,113574.27640545121,17008,presynatpticmembranes_1,5.678848394815783,True,0.051392681896686554,0.9909688448800164,0.9965453460496503,0.9730593190510572,30.042111691930813,0.8093549461248104,0.9894995379500723
20231026_HippAu_26,15F1,2025-07-10 22:26:49,2,synapticvesicles_21.txt,257.12522015075285,409.3798748938457,196.63903451251127,26.442258660040604,52.88451732008121,77443.37242820598,13252,presynatpticmembranes_1,169.7513689252183,False,0.05221930146217346,1.006907967061118,0.9969409243185927,0.9700583956553074,26.442258120501485,0.791723630624291,0.988876165719607
20231026_HippAu_26,15F1,2025-07-10 22:26:49,3,synapticvesicles_230.txt,193.40148574092626,322.4669809072321,110.80111096761094,26.262080907596783,52.524161815193565,75871.03598329533,12980,presynatpticmembranes_1,203.2933913921305,False,0.0521744005382061,1.0060421742066523,0.9969586468235142,0.9697958629897092,26.262080915349113,0.7932234901425483,0.9888098116733726
20231026_HippAu_26,15F1,2025-07-10 22:26:49,4,synapticvesicles_300.txt,50.15090918303939,695.1092839002315,207.68379319441942,26.135420629444226,52.27084125888845,74778.55895394715,12922,presynatpticmembranes_1,156.80678828089222,False,0.05217733234167099,1.0060987061054714,0.9963074415090253,0.9663936809451572,26.13542063926908,0.8783152846357989,0.9873333133398648
20231026_HippAu_26,15F1,2025-07-10 22:26:49,5,synapticvesicles_189.txt,319.47341966886637,590.2819718595025,163.35033888621393,26.037573804094112,52.075147608188225,73941.82258076088,12738,presynatpticmembranes_1,70.12965361067539,False,0.05219866335391998,1.006510016972863,0.9960125085661897,0.9625650442429835,26.037573817196453,0.9747154238668015,0.9859782692692278
20231026_HippAu_26,15F1,2025-07-10 22:26:49,6,synapticvesicles_38.txt,384.3921498612639,413.1674691047953,182.93453525059948,25.935882746053306,51.87176549210661,73078.85119668584,12670,presynatpticmembranes_1,48.534328717822966,False,0.05221220850944519,1.0067711986553352,0.9968692021424352,0.9732204664897212,25.935882754953248,0.6945508413549332,0.989774581446621
20231026_HippAu_26,15F1,2025-07-10 22:26:49,7,synapticvesicles_18.txt,431.8871254502372,273.158013781537,182.35811188354694,24.755382557939242,49.510765115878485,63547.36330539292,11522,presynatpticmembranes_1,4.656450294728205,True,0.052284687757492065,1.0081687648858573,0.9966160097980769,0.9713279260056575,24.755382562095903,0.7097881605786692,0.989029584660351
20231026_HippAu_26,15F1,2025-07-10 22:26:49,8,synapticvesicles_162.txt,314.53367043410753,511.2523889507959,121.45422451260252,24.44571605031004,48.89143210062008,61192.317037109126,11258,presynatpticmembranes_1,103.46739767562299,False,0.052377332001924515,1.0099551585221063,0.997935436623069,0.9771113773787043,24.44571605657675,0.5595287695263323,0.9916882188497596
20231026_HippAu_26,15F1,2025-07-10 22:26:49,9,synapticvesicles_93.txt,251.98662897721113,463.3526266679663,123.96248525019728,24.236484330575156,48.47296866115031,59634.48557481681,11072,presynatpticmembranes_1,172.35012609393112,False,0.05249546095728874,1.012232955868419,0.9981554857046341,0.9789122184399819,24.236484334816886,0.5110936874354196,0.9923825055252384
20231026_HippAu_26,15F1,2025-07-10 22:26:49,10,synapticvesicles_78.txt,393.5824171056596,511.96941865310197,210.5395974957321,24.10869282069546,48.21738564139092,58696.147805640474,10958,presynatpticmembranes_1,60.38282698094643,False,0.05243546888232231,1.011076170990935,0.9972644964673257,0.9728463306429594,24.108692822853367,0.654639473542218,0.9899390467200159
20231026_HippAu_26,15F1,2025-07-10 22:26:49,11,synapticvesicles_3.txt,347.91180653148825,186.7743828992656,219.3083196089872,23.95942940932431,47.91885881864862,57612.67267975634,17926,presynatpticmembranes_1,53.8271536156797,False,0.05248893424868584,1.012107105948812,0.9792363935419834,0.8698837556162261,23.959429444310338,3.1175109768716713,0.9464306021642562
20231026_HippAu_26,15F1,2025-07-10 22:26:49,12,synapticvesicles_79.txt,320.05901900941,622.8747644905685,254.42775370515164,23.789737237324136,47.57947447464827,56397.200278094744,10660,presynatpticmembranes_1,86.00041793301513,False,0.05245276913046837,1.0114097594764688,0.9960305813375927,0.9627826362236841,23.78973696446503,0.8853912947493645,0.9860561978034201
20231026_HippAu_26,15F1,2025-07-10 22:26:49,13,synapticvesicles_64.txt,345.2640620828255,375.45836020830234,111.0103557332545,23.736906353335968,47.473812706671936,56022.303059201404,10630,presynatpticmembranes_1,61.89974014279631,False,0.05248910188674927,1.0121103383953773,0.9973432884105584,0.9746479057022384,23.736906359551384,0.601780288364485,0.9905346735980624
20231026_HippAu_26,15F1,2025-07-10 22:26:49,14,synapticvesicles_246.txt,195.4858758077768,183.4353567147747,97.79483984647632,23.61944861462305,47.2388972292461,55194.763176791814,10532,presynatpticmembranes_1,113.82803973099824,False,0.05251370370388031,1.012584717886864,0.9971578833066793,0.9711212584668358,23.619448616299838,0.6820999517459756,0.9893468958547262
20231026_HippAu_26,15F1,2025-07-10 22:26:49,15,synapticvesicles_247.txt,158.56822561163332,228.94360268641213,163.83198098161967,23.525792842259303,47.05158568451861,54540.78881541844,10436,presynatpticmembranes_1,186.52192814970613,False,0.052417367696762085,1.010727138594034,0.9984028024821671,0.9805794818705045,23.525792749718235,0.4568830846066574,0.9930558062986683
20231026_HippAu_26,15F1,2025-07-10 22:26:49,16,synapticvesicles_220.txt,71.23394141123958,304.7290925890093,218.3099789412247,23.29978511295911,46.59957022591822,52983.952943044394,10194,presynatpticmembranes_1,314.3959572717726,False,0.0525134801864624,1.0125804079581104,0.9972817319002806,0.9778916016681122,23.299784205122137,0.5151209102538691,0.9914646928306301
20231026_HippAu_26,15F1,2025-07-10 22:26:49,17,synapticvesicles_59.txt,312.7958678213071,461.40830845795034,130.94231310477656,23.23990711567758,46.47981423135516,52576.51225889708,10202,presynatpticmembranes_1,115.97058668368516,False,0.05250720679759979,1.0124594426244242,0.9981949403722681,0.9808769518177763,23.239907121160975,0.44441786362836494,0.9929995438059205
20231026_HippAu_26,15F1,2025-07-10 22:26:49,18,synapticvesicles_10.txt,391.6802881660103,329.8286340076343,239.3399552040567,23.0611629426953,46.1223258853906,51372.67999383657,10056,presynatpticmembranes_1,58.90643326254569,False,0.052524350583553314,1.0127900141598305,0.9948904555408299,0.9640300956811317,23.061162948562156,0.82950782474161,0.9856323475829204
20231026_HippAu_26,15F1,2025-07-10 22:26:49,19,synapticvesicles_132.txt,227.67170663487516,612.5730746379046,178.3637032209612,23.014499334499966,46.02899866899993,51061.45711846579,10000,presynatpticmembranes_1,108.84741317794507,False,0.05247808247804642,1.0118978589078216,0.9965180971954329,0.9647488547613909,23.01449934293707,0.8112874589317466,0.9869873244652203
20231026_HippAu_26,15F1,2025-07-10 22:26:49,20,synapticvesicles_4.txt,300.28657428841626,380.4082711601787,210.61535824191125,22.74606334163153,45.49212668326306,49295.50748372611,9728,presynatpticmembranes_1,133.20091160986408,False,0.05242259055376053,1.0108278472625778,0.9973551428974796,0.9744365495028686,22.746063301186744,0.5814678632045033,0.9904795648790963
20231026_HippAu_26,15F1,2025-07-10 22:26:49,21,synapticvesicles_223.txt,108.90355574368755,349.2188891590938,168.33622524655024,22.65145718029543,45.30291436059086,48682.9678565083,9650,presynatpticmembranes_1,299.3403690050713,False,0.05241474136710167,1.0106764969311783,0.9986259908374223,0.9858618890912825,22.651457186078158,0.32024881394083976,0.9947967603135803
20231026_HippAu_26,15F1,2025-07-10 22:26:49,22,synapticvesicles_245.txt,167.0249711894233,264.76175313178976,120.63505357037582,22.496568655110647,44.99313731022129,47691.11248229188,9530,presynatpticmembranes_1,189.6921610857738,False,0.052399784326553345,1.0103880908654121,0.9982372925743341,0.981400640205112,22.496568662237998,0.4184217746993668,0.9931862968635674
20231026_HippAu_26,15F1,2025-07-10 22:26:49,23,synapticvesicles_57.txt,393.1549854240307,364.4710922153642,202.80339244632225,22.488914500356508,44.977829000713015,47642.45026494881,9606,presynatpticmembranes_1,42.3133227690512,False,0.05248524248600006,1.0120359202922307,0.9967581800084533,0.965900815600286,22.488914498828883,0.7668536424449683,0.987500970686003
20231026_HippAu_26,15F1,2025-07-10 22:26:49,24,synapticvesicles_19.txt,442.88161123778576,311.0324146137603,226.06920207992908,22.423131100090618,44.846262200181236,47225.58839374748,9464,presynatpticmembranes_1,8.99087254244752,True,0.05237990990281105,1.0100048663670653,0.9975386739059386,0.9730650777985116,22.42313110355247,0.6039652917879619,0.9901965950737104
20231026_HippAu_26,15F1,2025-07-10 22:26:49,25,synapticvesicles_241.txt,134.749060473826,394.86293996225,171.5931971326305,22.309873599588972,44.619747199177944,46513.59835978577,9418,presynatpticmembranes_1,281.92108669449584,False,0.05239686369895935,1.010331774463031,0.9981028048452583,0.9771245240327158,22.309873602579355,0.5103489774289524,0.9918093206014954
20231026_HippAu_26,15F1,2025-07-10 22:26:49,26,synapticvesicles_104.txt,220.0527972573224,596.9466562539143,236.40876249191157,22.287639209504103,44.57527841900821,46374.668240937375,9384,presynatpticmembranes_1,149.12853100193274,False,0.05243166536092758,1.0110028303699767,0.9970669977761596,0.9704019341570128,22.28763921359802,0.6596710129288177,0.9890674786904156
20231026_HippAu_26,15F1,2025-07-10 22:26:49,27,synapticvesicles_26.txt,207.77991182092106,547.0855094361622,239.2347005845589,22.079406121553415,44.15881224310683,45086.94119911336,9154,presynatpticmembranes_1,192.42730784010706,False,0.052259840071201324,1.0076896444727415,0.9975056184857685,0.9719684634399203,22.0794061270962,0.6189196800765449,0.989844471972014
20231026_HippAu_26,15F1,2025-07-10 22:26:49,28,synapticvesicles_211.txt,278.00146724698254,305.0603393210153,132.64164435590112,21.960499798533476,43.92099959706695,44362.42409501198,9080,presynatpticmembranes_1,130.49087613793304,False,0.05204058438539505,1.0034618916939781,0.9973255279719131,0.9706368637362345,21.960494695174074,0.6448289981540971,0.9893189287012094
20231026_HippAu_26,15F1,2025-07-10 22:26:49,29,synapticvesicles_101.txt,262.14587717741256,521.3637938684249,209.05044730380044,21.826031755514194,43.65206351102839,43552.48677204189,8970,presynatpticmembranes_1,173.63105743128392,False,0.0521547831594944,1.0056639061263721,0.997088169606912,0.9679303262706279,21.826031649719315,0.6999537138134466,0.9883408166060268
20231026_HippAu_26,15F1,2025-07-10 22:26:49,30,synapticvesicles_85.txt,397.3902999967832,666.9652771868821,250.5740682427142,21.786328134302206,43.57265626860441,43315.24056057044,8928,presynatpticmembranes_1,16.52260782013726,False,0.05210303142666817,1.0046660139556065,0.9967751316559775,0.9722228622423961,21.786328161823047,0.6051618385833251,0.989409450831903
20231026_HippAu_26,15F1,2025-07-10 22:26:49,31,synapticvesicles_218.txt,19.623313757614227,356.11066511614206,216.79614681179024,21.724250721972375,43.44850144394475,42946.03052698986,8910,presynatpticmembranes_1,382.9447800201777,False,0.051687970757484436,0.9966626917564854,0.9934305916291644,0.9811502592195012,21.72425072636529,0.40949649484254985,0.9897464919062653
20231026_HippAu_26,15F1,2025-07-10 22:26:49,32,synapticvesicles_71.txt,330.6031550572003,423.7375246556707,100.9241542398076,21.633431868395608,43.266863736791215,42409.66773021587,8866,presynatpticmembranes_1,87.18634632977025,False,0.05218704417347908,1.006285972509818,0.9979119953583386,0.9800354799864156,21.63343187007135,0.43190108353255363,0.9925490407467616
20231026_HippAu_26,15F1,2025-07-10 22:26:49,33,synapticvesicles_129.txt,192.47572859078383,570.1633986661022,186.76553726040518,21.632174074185688,43.264348148371376,42402.270910308485,8856,presynatpticmembranes_1,166.08215827021345,False,0.05218290910124779,1.0062062388278752,0.9979191311292942,0.9746976375493445,21.63217401937108,0.547345107633782,0.9909526830553093
20231026_HippAu_26,15F1,2025-07-10 22:26:49,34,synapticvesicles_105.txt,260.6091786350267,621.6053360299144,242.33661032104388,21.582782051839764,43.16556410367953,42112.486496345686,8780,presynatpticmembranes_1,113.7587254176907,False,0.05206293612718582,1.0038928845693447,0.9964589235552436,0.9651820085193955,21.582782059222367,0.751469121865747,0.9870758490444891
20231026_HippAu_26,15F1,2025-07-10 22:26:49,35,synapticvesicles_6.txt,337.9645674988654,313.3157564385332,157.77206422825907,21.52068418189504,43.04136836379008,41750.033855245376,8710,presynatpticmembranes_1,83.2568916238065,False,0.05206101015210152,1.0038557473499172,0.998229577110581,0.9815740629260609,21.52068418642973,0.39653877260727105,0.9932329228552249
20231026_HippAu_26,15F1,2025-07-10 22:26:49,36,synapticvesicles_148.txt,409.2726930912822,544.0375957698732,267.71805617167,21.51994896219904,43.03989792439808,41745.755032375615,8682,presynatpticmembranes_1,72.6897951606993,False,0.05208845064043999,1.0043848629365757,0.9943481589588613,0.9679672057794969,21.51994897232741,0.6893440970662918,0.9864338730050519
20231026_HippAu_26,15F1,2025-07-10 22:26:49,37,synapticvesicles_169.txt,410.5951625306321,505.2998263789059,106.33340307697812,21.308326225505514,42.61665245101103,40526.26879737415,8450,presynatpticmembranes_1,13.200427758798046,False,0.05209881439805031,1.004584699966454,0.9931379493507204,0.9565098414767785,21.308326111561886,0.9267024804563269,0.9821495169885378
20231026_HippAu_26,15F1,2025-07-10 22:26:49,38,synapticvesicles_130.txt,226.18430778692036,536.3334559309087,175.8714497560963,21.295775446406342,42.591550892812684,40454.70005332015,8598,presynatpticmembranes_1,172.25465177760574,False,0.05208108201622963,1.0042427789519965,0.9969413189061511,0.9687561265502902,21.295775456214553,0.6653625133674032,0.9884857611993928
20231026_HippAu_26,15F1,2025-07-10 22:26:49,39,synapticvesicles_217.txt,20.45073215393168,344.25289708901795,159.87683169148394,21.24240268656159,42.48480537312318,40151.2917010082,14366,presynatpticmembranes_1,356.0315285525765,False,0.05183938890695572,0.999582381158511,0.9854025447061123,0.8690540424565155,21.242402739007467,2.7816067671836704,0.9504979940312333
20231026_HippAu_26,15F1,2025-07-10 22:26:49,40,synapticvesicles_281.txt,78.19018147496254,285.63872306316904,161.72941934998488,21.218840952588735,42.43768190517747,40017.83432383247,8488,presynatpticmembranes_1,280.7923083145138,False,0.05213740095496178,1.0053287373336288,0.9977952441117268,0.9754467073224138,21.218841198060588,0.5209924182152063,0.9910906830749329
20231026_HippAu_26,15F1,2025-07-10 22:26:49,41,synapticvesicles_58.txt,281.19119677617675,409.9700695403029,133.86560507041077,21.20427125040721,42.40854250081442,39935.457391412754,8510,presynatpticmembranes_1,138.4602997517368,False,0.05215989425778389,1.0057624598305395,0.9979957632539955,0.9761608550128168,21.204271258845992,0.5054916968871913,0.9914452907816419
20231026_HippAu_26,15F1,2025-07-10 22:26:49,42,synapticvesicles_170.txt,428.9990361176773,466.4506223619834,125.80616794807163,21.167729262456717,42.335458524913435,39729.346905023514,8454,presynatpticmembranes_1,5.830822011702501,True,0.052108921110630035,1.0047795805782658,0.997935574735485,0.9752667284398038,21.16772914698211,0.5235471933049897,0.9911349208467806
20231026_HippAu_26,15F1,2025-07-10 22:26:49,43,synapticvesicles_102.txt,160.40403838329982,566.5237184444787,265.45844709056394,21.14617661939651,42.29235323879302,39608.11507019577,8460,presynatpticmembranes_1,217.38040097773188,False,0.05207616835832596,1.0041480323515617,0.9970006446752733,0.9736196280483191,21.146176626071675,0.5578440047517113,0.9899863396871871
20231026_HippAu_26,15F1,2025-07-10 22:26:49,44,synapticvesicles_30.txt,296.2404963984267,330.3724976251026,207.9355591007741,21.060736058830187,42.121472117660375,39129.945729355335,8378,presynatpticmembranes_1,140.92138713386845,False,0.05207701399922371,1.0041643382486798,0.9980673825682062,0.9809945275645555,21.06073606625208,0.4002692387773256,0.992945526067111
20231026_HippAu_26,15F1,2025-07-10 22:26:49,45,synapticvesicles_106.txt,238.66603391766057,661.2285920280457,267.674395716104,21.036535144152904,42.07307028830581,38995.20788603496,8348,presynatpticmembranes_1,102.32127085858964,False,0.05208948627114296,1.0044048322731345,0.9975241798377633,0.9739774749659065,21.036535146535016,0.5474237624812952,0.9904601683762062
20231026_HippAu_26,15F1,2025-07-10 22:26:49,46,synapticvesicles_201.txt,159.65148996797865,324.37455274871974,220.6253374355531,21.00561972515023,42.01123945030046,38823.537642485724,8382,presynatpticmembranes_1,270.3181217311947,False,0.05211257189512253,1.0048499760812424,0.9973013091353985,0.9760069715039893,21.00561972825566,0.5039884327164021,0.9909130078459758
20231026_HippAu_26,15F1,2025-07-10 22:26:49,47,synapticvesicles_258.txt,109.58280377225563,342.11521306301955,96.68209917524018,20.94345417292048,41.88690834584096,38479.86517471235,8276,presynatpticmembranes_1,279.4182968045822,False,0.0520537830889225,1.003716392986882,0.9979573787077763,0.9799353864017603,20.943454177210427,0.42022231547816724,0.9925507810159715
20231026_HippAu_26,15F1,2025-07-10 22:26:49,48,synapticvesicles_39.txt,402.0258492662157,457.0590179093698,202.63646865560733,20.933726165727396,41.86745233145479,38426.26963755312,8286,presynatpticmembranes_1,54.3109715778204,False,0.05196291580796242,1.0019642632842247,0.9983609324671101,0.9858481391944558,20.93372617063996,0.29625117890827357,0.9946070944853138
20231026_HippAu_26,15F1,2025-07-10 22:26:49,49,synapticvesicles_83.txt,395.153148062243,608.9442297307068,260.01472980094184,20.91115170501101,41.82230341002202,38302.0895652594,8290,presynatpticmembranes_1,67.35406493116012,False,0.05194299295544624,1.0015801049679813,0.9969917604167393,0.9750072830044957,20.911151712808497,0.522626496808277,0.9903964171930661
20231026_HippAu_26,15F1,2025-07-10 22:26:49,50,synapticvesicles_127.txt,256.5535609541917,627.4901672286878,134.69953466231425,20.886676422241216,41.77335284448243,38167.755835823205,8226,presynatpticmembranes_1,76.82860967626931,False,0.052097078412771225,1.0045512261864673,0.9959743282632871,0.9619978360404178,20.88667713706973,0.7937389291337823,0.9857813805964264
20231026_HippAu_26,15F1,2025-07-10 22:26:49,51,synapticvesicles_43.txt,434.4541341301156,424.17943079076116,148.9723699754989,20.822379699477345,41.64475939895469,37816.35743746481,8176,presynatpticmembranes_1,4.384782553079917,True,0.052052002400159836,1.0036820572211445,0.9979355893312721,0.9760830022707944,20.822379702344122,0.498008808057623,0.9913798132131288
20231026_HippAu_26,15F1,2025-07-10 22:26:49,52,synapticvesicles_149.txt,432.66819015629073,561.2458576306403,162.1398627791565,20.808113914966636,41.61622782993327,37738.684689540176,8114,presynatpticmembranes_1,5.135993871547335,True,0.052068330347537994,1.0039968975165998,0.9979913046496823,0.9820647279008561,20.808113920512778,0.3731991850343812,0.9932133316250344
20231026_HippAu_26,15F1,2025-07-10 22:26:49,53,synapticvesicles_24.txt,230.11278077256728,451.49615498559115,177.93914371791774,20.800763653808602,41.601527307617204,37698.70635956238,8206,presynatpticmembranes_1,208.1220128250594,False,0.05197789520025253,1.0022531003428663,0.9985259554575263,0.9795315573482534,20.80076366256039,0.4257592381396534,0.9928276360247443
20231026_HippAu_26,15F1,2025-07-10 22:26:49,54,synapticvesicles_152.txt,213.81128632886,499.1473870741589,147.6567345997804,20.79261301581422,41.58522603162844,37654.40777589216,8182,presynatpticmembranes_1,208.22288339905742,False,0.0519649013876915,1.0020025498179865,0.9984744533264078,0.9813622358727185,20.79261302167875,0.38752781708788986,0.993340788090301
20231026_HippAu_26,15F1,2025-07-10 22:26:49,55,synapticvesicles_47.txt,265.64893678646723,365.2105455683829,159.0692677574489,20.759797278226653,41.519594556453306,37476.405901987644,8120,presynatpticmembranes_1,151.4058387416826,False,0.05207349732518196,1.0040965287029555,0.9984872939662527,0.9834762405083827,20.75979728309143,0.34302989740053463,0.9939839779288916
20231026_HippAu_26,15F1,2025-07-10 22:26:49,56,synapticvesicles_77.txt,387.0550619702525,485.8041696207708,163.67882866358747,20.717898391712335,41.43579678342467,37249.95099096294,8118,presynatpticmembranes_1,54.86361542198973,False,0.05203064903616905,1.0032703153608775,0.9986030751999716,0.9811065753463727,20.717898397027554,0.39143205234574513,0.993354125243892
20231026_HippAu_26,15F1,2025-07-10 22:26:49,57,synapticvesicles_118.txt,220.158715954612,317.4874134532447,212.58704491044423,20.704155068211957,41.408310136423914,37175.87031991787,8062,presynatpticmembranes_1,212.8968200747503,False,0.05206331983208656,1.0039002832803718,0.9969202166145423,0.9711329603900737,20.70415507603575,0.5976676646699819,0.9891840397472016
20231026_HippAu_26,15F1,2025-07-10 22:26:49,58,synapticvesicles_14.txt,365.86955198656915,469.233308973571,243.2701442616893,20.6919227992392,41.3838455984784,37110.01736034669,8082,presynatpticmembranes_1,96.8698308301261,False,0.051988109946250916,1.002450064086909,0.9971683243484208,0.9707418279131993,20.69192328104235,0.6054078521636154,0.9892403754178544
20231026_HippAu_26,15F1,2025-07-10 22:26:49,59,synapticvesicles_32.txt,329.49055839068455,400.60263930945666,170.21052345039286,20.691223420923016,41.38244684184603,37106.25457844125,8096,presynatpticmembranes_1,99.62393455390564,False,0.05211731046438217,1.00494134657082,0.9977702036429409,0.9777530115679067,20.691223644787566,0.46031741307144264,0.9917650460204306
20231026_HippAu_26,15F1,2025-07-10 22:26:49,60,synapticvesicles_49.txt,200.2372161477577,426.0538496720234,228.35151750249165,20.673862448002403,41.347724896004806,37012.930906511305,8038,presynatpticmembranes_1,240.80722293248743,False,0.05200360342860222,1.0027488139816838,0.9968949091705739,0.9699110662595396,20.673862449677966,0.6220544774077521,0.9887997562972635
20231026_HippAu_26,15F1,2025-07-10 22:26:49,61,synapticvesicles_156.txt,254.67466209160318,533.9442471303677,126.88051697509579,20.64683980893197,41.29367961786394,36867.98262094422,8082,presynatpticmembranes_1,153.9439367454916,False,0.05194757878780365,1.0016685303395774,0.9975080776145101,0.9746373574764231,20.64683981832051,0.5236584175536165,0.9906468615730839
20231026_HippAu_26,15F1,2025-07-10 22:26:49,62,synapticvesicles_216.txt,20.393229244480864,307.6351407140326,221.58997142797404,20.571009313788085,41.14201862757617,36463.25307963842,8010,presynatpticmembranes_1,358.8876055275817,False,0.05184321105480194,0.9996560809401986,0.9953851000792734,0.9784900955191115,20.57100931905671,0.44248044552837845,0.9903165987112248
20231026_HippAu_26,15F1,2025-07-10 22:26:49,63,synapticvesicles_53.txt,277.8443700702345,476.7441043255789,209.34632132281536,20.54421938539153,41.08843877078306,36320.97863218344,7964,presynatpticmembranes_1,172.6855954368618,False,0.05192878842353821,1.001306208995686,0.9976636900569195,0.9751001448860487,20.54421939320352,0.5115480863199956,0.9908946265056582
20231026_HippAu_26,15F1,2025-07-10 22:26:49,64,synapticvesicles_278.txt,99.0591634738735,286.122897089585,111.97866054297978,20.51627797714835,41.0325559542967,36172.983768938575,7872,presynatpticmembranes_1,253.30743398589289,False,0.05200881138443947,1.0028492353216443,0.9984194824551577,0.9818051399285004,20.51627798062318,0.3732908070454286,0.9934351796971604
20231026_HippAu_26,15F1,2025-07-10 22:26:49,65,synapticvesicles_9.txt,386.69393280517374,281.0300362704981,227.19159778816157,20.514197083015134,41.02839416603027,36161.97818857102,7978,presynatpticmembranes_1,61.56911032951695,False,0.05199749395251274,1.002631009262417,0.9980017967859969,0.98033683926228,20.514197020422518,0.40337395341782584,0.9927023095288818
20231026_HippAu_26,15F1,2025-07-10 22:26:49,66,synapticvesicles_56.txt,374.9629625309961,360.1249514068929,154.87954792840517,20.50207675327983,41.00415350655966,36097.9196939939,7934,presynatpticmembranes_1,50.11550409039085,False,0.052003469318151474,1.0027462280244317,0.9986803859091491,0.9850140456554529,20.502076757551183,0.30724318625706204,0.9945804838330401
20231026_HippAu_26,15F1,2025-07-10 22:26:49,67,synapticvesicles_81.txt,347.59515805705456,641.1835633746882,190.9538037929189,20.395689844916966,40.79137968983393,35538.8856905404,7842,presynatpticmembranes_1,36.06968445448315,False,0.05196182802319527,1.0019432882976236,0.9974062642741606,0.973098225612708,20.395689851417085,0.5486802468560045,0.9901138526757247
20231026_HippAu_26,15F1,2025-07-10 22:26:49,68,synapticvesicles_22.txt,196.66962356568982,502.8159411104196,227.5458867639509,20.2755806715088,40.5511613430176,34914.71583253132,7780,presynatpticmembranes_1,229.69677796889752,False,0.05191049352288246,1.000953441327198,0.9976450548923093,0.9755216713669448,20.275580676064784,0.4963123270147381,0.9910080398346999
20231026_HippAu_26,15F1,2025-07-10 22:26:49,69,synapticvesicles_198.txt,210.92315369076883,260.8068829032027,156.81958966026718,20.271551516853616,40.54310303370723,34893.905256686856,7788,presynatpticmembranes_1,171.25114344298348,False,0.05198046565055847,1.0023026645235336,0.9977389300866175,0.9754039781927318,20.271551496443056,0.4985995226736729,0.9910384445184518
20231026_HippAu_26,15F1,2025-07-10 22:26:49,70,synapticvesicles_25.txt,240.26940036795722,508.7466493868255,256.77548651464656,20.235890789514293,40.47178157902859,34710.0780339318,7690,presynatpticmembranes_1,215.73214241827046,False,0.05186766758561134,1.0001276589779957,0.9964949727787711,0.9702801449636164,20.235890796830656,0.6014077410138969,0.9886305244342246
20231026_HippAu_26,15F1,2025-07-10 22:26:49,71,synapticvesicles_180.txt,168.46190644181524,619.5671700396326,258.2852285720113,20.144966926124223,40.289933852248446,34244.29939633633,7678,presynatpticmembranes_1,169.22041174733423,False,0.05192738398909569,1.0012791282766835,0.9970208233298355,0.9720027170529383,20.14496692721693,0.5640043390204923,0.9895153914467663
20231026_HippAu_26,15F1,2025-07-10 22:26:49,72,synapticvesicles_242.txt,124.31633802334362,412.77988582643223,227.2435916082843,20.137253026129176,40.27450605225835,34204.976031260565,7656,presynatpticmembranes_1,312.37925424001895,False,0.051879797130823135,1.000361544445028,0.9981692202947792,0.9813187850803431,20.13725327046791,0.37618835623717506,0.9931140897304482
20231026_HippAu_26,15F1,2025-07-10 22:26:49,73,synapticvesicles_121.txt,210.48899688573445,441.80720934879037,97.59608616595922,20.118779840677277,40.237559681354554,34110.927148383205,7628,presynatpticmembranes_1,208.6116900432097,False,0.051892902702093124,1.0006142499342847,0.994399968897086,0.9547122779483224,20.118779862096126,0.9111337104134997,0.9824936616124569
20231026_HippAu_26,15F1,2025-07-10 22:26:49,74,synapticvesicles_225.txt,124.7863514504423,300.59059384361944,172.4178055879798,20.116172910031132,40.232345820062264,34097.66889416343,7702,presynatpticmembranes_1,260.32260833220835,False,0.05194789543747902,1.0016746360719784,0.9982867766134537,0.9844154664908588,20.11617291493344,0.31350117086845875,0.9941253835766752
20231026_HippAu_26,15F1,2025-07-10 22:26:49,75,synapticvesicles_87.txt,473.0977442594919,595.76716001068,248.26410450914366,20.07738261772952,40.15476523545904,33900.7960066794,7578,presynatpticmembranes_1,5.571926478885976,True,0.051851991564035416,0.9998253893080719,0.9983403660418653,0.9811750088042088,20.077382622258988,0.3779565510985571,0.9931907588705682
20231026_HippAu_26,15F1,2025-07-10 22:26:49,76,synapticvesicles_16.txt,334.03309891329025,577.7315157140478,230.39535464457882,20.067206827160476,40.13441365432095,33849.27645399678,7624,presynatpticmembranes_1,108.81820855521013,False,0.05201943591237068,1.0030541006017353,0.9976308033852874,0.9723414824633417,20.067207362960787,0.5550292067602081,0.9900440071087037
20231026_HippAu_26,15F1,2025-07-10 22:26:49,77,synapticvesicles_257.txt,74.40164158842296,345.39115637255514,128.93652664322366,20.057538844254076,40.11507768850815,33800.3762872199,7560,presynatpticmembranes_1,312.7945388056493,False,0.05191238224506378,1.0009898602251666,0.9984772584701038,0.981075211181298,20.057538833645584,0.37958468664965633,0.993256644283462
20231026_HippAu_26,15F1,2025-07-10 22:26:49,78,synapticvesicles_252.txt,155.93522659624298,433.60912258066827,202.28733574085746,20.048141394327292,40.096282788654584,33752.889621711656,7602,presynatpticmembranes_1,279.70774530590836,False,0.05197625979781151,1.0022215660308187,0.9984307005290359,0.9823114622776264,20.048141228733442,0.3546223023879243,0.993594929053613
20231026_HippAu_26,15F1,2025-07-10 22:26:49,79,synapticvesicles_222.txt,78.28208088909238,367.99552287345716,206.93115918632006,20.045367465007864,40.09073493001573,33738.881064880574,7616,presynatpticmembranes_1,344.3561040147928,False,0.05188802257180214,1.0005201498231628,0.9978676149942094,0.9803943593459491,20.045367470608515,0.3930022714071508,0.9926256382997312
20231026_HippAu_26,15F1,2025-07-10 22:26:49,80,synapticvesicles_304.txt,109.72421015950987,607.7088619733572,265.7401604558619,20.040584225482924,40.08116845096585,33714.734441891596,7588,presynatpticmembranes_1,210.42214153697248,False,0.05197262391448021,1.0021514578564257,0.9970959420790142,0.97073139850497,20.0405842343634,0.5865598736831632,0.9891865790068008
20231026_HippAu_26,15F1,2025-07-10 22:26:49,81,synapticvesicles_313.txt,439.5966370313548,509.4311275422544,156.1594856292847,20.031841947701327,40.063683895402654,33670.631683169246,6573,presynatpticmembranes_1,4.844598565845784,True,0.05195913463830948,1.001891353656142,0.9765930858326545,0.9750029891013825,20.031841950838082,0.5007361715644837,0.9761160568132727
20231026_HippAu_26,15F1,2025-07-10 22:26:49,82,synapticvesicles_35.txt,339.8590687583058,447.5537426470688,173.48080109610743,20.02547687758097,40.05095375516194,33638.545591277936,7536,presynatpticmembranes_1,104.89832493198006,False,0.05199204385280609,1.0025259188329734,0.9980565430991045,0.9765422860070611,20.0254768836025,0.4697519093077581,0.9916022659714914
20231026_HippAu_26,15F1,2025-07-10 22:26:49,83,synapticvesicles_243.txt,132.03212053789338,459.2498822255201,236.59609483308566,19.97588548410913,39.95177096821826,33389.25495137675,7576,presynatpticmembranes_1,301.8376440222105,False,0.05189249664545059,1.0006064202303822,0.9975498404990709,0.9757250892695537,19.975885673079365,0.4849128414756037,0.9910024151302157
20231026_HippAu_26,15F1,2025-07-10 22:26:49,84,synapticvesicles_139.txt,289.8352194798938,586.8438374326013,213.70608884565928,19.95377445905138,39.90754891810276,33278.50334935494,7562,presynatpticmembranes_1,113.75503942026072,False,0.05200021713972092,1.0026835185610659,0.9966501492765616,0.9641580661690238,19.95377498599792,0.715181882726325,0.9869025243443001
20231026_HippAu_26,15F1,2025-07-10 22:26:49,85,synapticvesicles_44.txt,448.8962680847365,463.0205492797756,177.69791219291292,19.931956744979384,39.86391348995877,33169.46123143196,7500,presynatpticmembranes_1,6.3536254449283645,True,0.05191408097743988,1.0010226156836945,0.9984310423674073,0.98028102869609,19.931956750432274,0.39303768319254784,0.9929860382660121
20231026_HippAu_26,15F1,2025-07-10 22:26:49,86,synapticvesicles_97.txt,206.47251031637416,406.1387082423476,173.17708754902858,19.90629013911372,39.81258027822744,33041.48809564719,7528,presynatpticmembranes_1,219.0298638829301,False,0.051914650946855545,1.0010336060020164,0.9988969181719982,0.9865767286949857,19.90628985301488,0.2672075293732712,0.9952008613288944
20231026_HippAu_26,15F1,2025-07-10 22:26:49,87,synapticvesicles_5.txt,323.6055813554156,355.80653190863484,161.73610237925584,19.832669446769295,39.66533889353859,32676.24395968841,7362,presynatpticmembranes_1,98.4743226720033,False,0.05196056887507439,1.0019190090323113,0.9975117017070926,0.9763601001636195,19.832669451321365,0.46884231931727904,0.9911662212440506
20231026_HippAu_26,15F1,2025-07-10 22:26:49,88,synapticvesicles_72.txt,278.5852379660856,450.1882826052718,169.17831321054007,19.772039635402084,39.54407927080417,32377.478708561775,7416,presynatpticmembranes_1,162.2185869127718,False,0.051940739154815674,1.001536646519715,0.9985289232845228,0.9806110822597356,19.77203964437004,0.383358450221937,0.9931535709770867
20231026_HippAu_26,15F1,2025-07-10 22:26:49,89,synapticvesicles_272.txt,79.32012494292499,239.07978492654797,109.84863900143938,19.76488289954307,39.52976579908614,32342.333138694365,7374,presynatpticmembranes_1,246.0151224349847,False,0.05187494680285454,1.0002680189910733,0.9980266768889454,0.9789791565644891,19.76488290345054,0.41547450903463923,0.9923124207916084
20231026_HippAu_26,15F1,2025-07-10 22:26:49,90,synapticvesicles_138.txt,290.3782407337983,543.9625115377049,157.75744624875637,19.748785104090263,39.49757020818053,32263.372437825765,7324,presynatpticmembranes_1,124.34860619612792,False,0.05188218876719475,1.0004076606826922,0.9977438894006777,0.9737049355923044,19.748785111066365,0.5192955764692295,0.9905322032581657
20231026_HippAu_26,15F1,2025-07-10 22:26:49,91,synapticvesicles_248.txt,177.93830750892317,371.40719084882664,99.66054727977513,19.722519480773805,39.44503896154761,32134.813993085725,7310,presynatpticmembranes_1,226.15624829810352,False,0.051879361271858215,1.0003531400839583,0.9975204369215123,0.9752829547115329,19.72251947366458,0.48748240703324125,0.9908491922585183
20231026_HippAu_26,15F1,2025-07-10 22:26:49,92,synapticvesicles_259.txt,137.43607078073208,311.77676204289804,120.63215076174312,19.649129129709728,39.298258259419455,31777.412352551088,7296,presynatpticmembranes_1,245.0803252337555,False,0.05183457210659981,0.9994895021938695,0.9988513182570069,0.9892224294317933,19.64912806409164,0.21176986431447822,0.9959626516094429
20231026_HippAu_26,15F1,2025-07-10 22:26:49,93,synapticvesicles_23.txt,228.01948358496318,467.82448790131167,235.50942997212078,19.575382907416845,39.15076581483369,31420.956900529964,7286,presynatpticmembranes_1,228.40072570454768,False,0.05175856873393059,0.9980239827533309,0.9975978562383271,0.9750047129595579,19.57538291627944,0.4892923149189702,0.9908199132546962
20231026_HippAu_26,15F1,2025-07-10 22:26:49,94,synapticvesicles_11.txt,303.38380448189145,511.8013399477346,238.87167496317443,19.516458395078345,39.03291679015669,31138.066342304963,7186,presynatpticmembranes_1,156.47135004735816,False,0.05183934420347214,0.9995815191727602,0.9979047549218879,0.9764954766091065,19.51645856110665,0.4587250567569351,0.9914819714280534
20231026_HippAu_26,15F1,2025-07-10 22:26:49,95,synapticvesicles_65.txt,374.55151067182555,297.10506589463415,112.74690001856351,19.493608817002258,38.987217634004516,31028.826389302623,7216,presynatpticmembranes_1,35.90220180189105,False,0.05175425857305527,0.9979408729605311,0.9976177321584476,0.9718855327783649,19.493608823662328,0.5480524263042308,0.9898980723444227
20231026_HippAu_26,15F1,2025-07-10 22:26:49,96,synapticvesicles_1.txt,309.18614012310263,270.3109837392162,216.51513956009148,19.420983173329553,38.841966346659106,30683.312640134056,7088,presynatpticmembranes_1,132.7292386258968,False,0.05189962312579155,1.0007438351254783,0.9983729889229397,0.9834685285746014,19.42098317835876,0.3210574284661843,0.9939016508184382
20231026_HippAu_26,15F1,2025-07-10 22:26:49,97,synapticvesicles_15.txt,317.40519540244964,547.7117002030108,264.56553494918455,19.40269287341462,38.80538574682924,30596.70343743026,7112,presynatpticmembranes_1,156.84419380137655,False,0.05171484127640724,0.997180817024822,0.996232578610663,0.9674549688158793,19.402692938908338,0.6314612467526892,0.9875992956722279
20231026_HippAu_26,15F1,2025-07-10 22:26:49,98,synapticvesicles_251.txt,173.66363723049457,411.4808539275585,130.47790560113168,19.358142740490717,38.71628548098143,30386.42955653441,7062,presynatpticmembranes_1,241.47866705831322,False,0.05172671005129814,0.9974096742416417,0.9981501764608908,0.979601004050232,19.358142745439142,0.3948866754592447,0.9925854247376931
20231026_HippAu_26,15F1,2025-07-10 22:26:49,99,synapticvesicles_207.txt,226.65179040443962,307.2280063721396,153.5729521631608,19.331233430564406,38.66246686112881,30259.88718835981,7050,presynatpticmembranes_1,187.66954188527393,False,0.051767945289611816,0.9982047842645473,0.9982283601832936,0.9787002420743787,19.331233438365196,0.41175059264085606,0.992369924750619
20231026_HippAu_26,15F1,2025-07-10 22:26:49,100,synapticvesicles_196.txt,209.40012334438123,237.9484644474949,109.18874340739961,19.315928126275914,38.63185625255183,30188.07021985213,7056,presynatpticmembranes_1,142.09239465529393,False,0.05165566876530647,0.9960398352194346,0.9980613696145275,0.9773092552242736,19.315928131196234,0.4382927953312487,0.9918357352974513
20231026_HippAu_26,15F1,2025-07-10 22:26:49,101,synapticvesicles_155.txt,241.80799129857132,578.1679403682093,144.93624035853594,19.20493777903655,38.4098755580731,29670.667905913197,6930,presynatpticmembranes_1,127.45097147870193,False,0.051780909299850464,0.99845476013226,0.9983545383325257,0.9802137837821597,19.204937784107592,0.37999305144652284,0.9929123119674159
20231026_HippAu_26,15F1,2025-07-10 22:26:49,102,synapticvesicles_45.txt,203.6075046618085,381.12643913687805,246.43307371445843,19.180024487410662,38.360048974821325,29555.348264984328,12170,presynatpticmembranes_1,237.39779335599084,False,0.051777277141809464,0.9983847237900129,0.9899398958073511,0.852065248927565,19.18002443660395,2.837392140592226,0.9485775017434152
20231026_HippAu_26,15F1,2025-07-10 22:26:49,103,synapticvesicles_205.txt,182.6268898641212,370.32626225407813,154.3810234218515,19.12402331959082,38.24804663918164,29297.219378875172,6882,presynatpticmembranes_1,232.19882441120942,False,0.05178361386060715,0.9985069102701793,0.9984977344948858,0.9843381798961136,19.12402332418035,0.29951701296584105,0.9942498681152541
20231026_HippAu_26,15F1,2025-07-10 22:26:49,104,synapticvesicles_255.txt,22.79946159024359,328.25063463138684,97.4030115471565,19.12191721319457,38.24383442638914,29287.541038958145,9040,presynatpticmembranes_1,335.5732635411186,False,0.05179387703537941,0.9987048078321185,0.9569625631412971,0.858626116323127,19.121917148849,2.7033396906801803,0.927461629095846
20231026_HippAu_26,15F1,2025-07-10 22:26:49,105,synapticvesicles_8.txt,342.97850719389214,403.4931542736011,221.65086549848215,19.06997339326513,38.13994678653026,29049.513974691105,6874,presynatpticmembranes_1,103.60487829282908,False,0.05177302286028862,0.9983026914794014,0.9980627259737772,0.9808968962058779,19.06997339804799,0.3642956811740575,0.9929129770434073
20231026_HippAu_26,15F1,2025-07-10 22:26:49,106,synapticvesicles_275.txt,93.9433018053475,230.02539452036777,168.09003007929152,18.97415970045486,37.94831940090972,28613.847888242562,6820,presynatpticmembranes_1,246.37430889522187,False,0.051854148507118225,0.9998669801205448,0.9987564033770963,0.9870530699134962,18.974159705164833,0.24565711915292804,0.9952454033380161
20231026_HippAu_26,15F1,2025-07-10 22:26:49,107,synapticvesicles_92.txt,190.0726906600027,457.42666135617475,146.85474143495728,18.971319849242278,37.942639698484555,28601.001958222798,6774,presynatpticmembranes_1,240.34703806812092,False,0.05158554017543793,0.9946875950729718,0.9985818973757741,0.98462425865014,18.97131985369429,0.29169810713586664,0.9943946057580838
20231026_HippAu_26,15F1,2025-07-10 22:26:49,108,synapticvesicles_274.txt,125.3312382493854,261.90992461045386,146.2470344739965,18.915704489039005,37.83140897807801,28350.202881773068,6784,presynatpticmembranes_1,229.62863036844197,False,0.05170330032706261,0.996958281036841,0.9987548246645742,0.9859373730134849,18.91570444543396,0.26600449580330277,0.9949095891692474
20231026_HippAu_26,15F1,2025-07-10 22:26:49,109,synapticvesicles_7.txt,345.2280722177589,296.4540586488604,219.94755576929415,18.914614525258212,37.829229050516425,28345.302364247025,6752,presynatpticmembranes_1,105.64071997882003,False,0.05165299028158188,0.9959881879065365,0.9981686608590877,0.9796020293598826,18.914614529374898,0.3858197518393262,0.9925986714093262
20231026_HippAu_26,15F1,2025-07-10 22:26:49,110,synapticvesicles_221.txt,64.74764486255931,333.01132164284104,180.6218970614705,18.90308528460986,37.80617056921972,28293.50104613464,6740,presynatpticmembranes_1,327.0370088792727,False,0.05185744911432266,0.9999306234018072,0.9978160958701972,0.9775226433159673,18.903085263893793,0.4248913899052229,0.9917280601039282
20231026_HippAu_26,15F1,2025-07-10 22:26:49,111,synapticvesicles_114.txt,276.4186322399534,549.1514601349439,242.20266689847963,18.868937131078646,37.73787426215729,28140.4424611964,6734,presynatpticmembranes_1,163.77756945746123,False,0.05165811628103256,0.9960870289392872,0.9967550555926962,0.9694931030549545,18.868937183168846,0.5756327221094679,0.9885764698313737
20231026_HippAu_26,15F1,2025-07-10 22:26:49,112,synapticvesicles_202.txt,177.32232373186068,301.3371771388452,155.94002416095813,18.850139917031104,37.70027983406221,28056.42578229585,6722,presynatpticmembranes_1,222.02249326079462,False,0.05165235325694084,0.9959759046095886,0.9981776825180171,0.9804142607351072,18.85013992312858,0.36919392564114256,0.992848655983144
20231026_HippAu_26,15F1,2025-07-10 22:26:49,113,synapticvesicles_219.txt,58.39379364586474,391.40593831687323,248.10382766851527,18.845821765553293,37.691643531106585,28037.148873072194,9554,presynatpticmembranes_1,377.7213208287013,False,0.05168475583195686,0.9966007006145785,0.9639042377627511,0.8642705694216253,18.845821795291762,2.5579326610564754,0.9340141372604134
20231026_HippAu_26,15F1,2025-07-10 22:26:49,114,synapticvesicles_200.txt,154.43565683442108,352.27275492151955,182.0197486185156,18.827455524017953,37.654911048035906,27955.25771686308,6734,presynatpticmembranes_1,264.70517478283375,False,0.051661860197782516,0.9961592202459112,0.9984271868456552,0.9820493404621975,18.827455528914527,0.33796524416266305,0.9935138329306179
20231026_HippAu_26,15F1,2025-07-10 22:26:49,115,synapticvesicles_88.txt,223.39934878449614,363.99736540273847,145.31129967448786,18.74687203785354,37.49374407570708,27597.837573695546,6626,presynatpticmembranes_1,190.05833916565493,False,0.05166715756058693,0.9962613655573731,0.9987427309202234,0.9842452518293079,18.746872006236025,0.2953522474464458,0.9943934871929487
20231026_HippAu_26,15F1,2025-07-10 22:26:49,116,synapticvesicles_197.txt,243.66351513604448,271.84749447791404,115.2046595856767,18.573901917278572,37.147803834557145,26840.960494550753,6530,presynatpticmembranes_1,152.3237181146936,False,0.05165822431445122,0.9960891120715182,0.9986432389849371,0.9835244594553731,18.573901923201095,0.30601507420762214,0.9941076051260679
20231026_HippAu_26,15F1,2025-07-10 22:26:49,117,synapticvesicles_256.txt,27.353042301610987,261.1451775434246,145.21623306843907,18.572395361116904,37.14479072223381,26834.429696431514,6536,presynatpticmembranes_1,310.5332078852649,False,0.05178040266036987,0.9984449909604183,0.9981112911603525,0.9846116479480601,18.57239536497292,0.2857985583240195,0.9940613981966647
20231026_HippAu_26,15F1,2025-07-10 22:26:49,118,synapticvesicles_187.txt,298.2280679736713,563.7117477094282,111.4435192427162,18.371921832544775,36.74384366508955,25974.809800831572,11500,presynatpticmembranes_1,99.24170103874742,False,0.051757700741291046,0.9980072458633376,0.9905912252619675,0.83753983100072,18.371921833173275,2.9847055258588906,0.9446758069835932
20231026_HippAu_26,15F1,2025-07-10 22:26:49,119,synapticvesicles_84.txt,331.34824357029225,666.1016446390246,273.2233402128776,18.34527358604928,36.69054717209856,25861.945242154372,6362,presynatpticmembranes_1,52.47937777709377,False,0.051657237112522125,0.9960700765528562,0.9978203664900641,0.9783287072884663,18.345273584526637,0.39756579372344325,0.9919728687295848
20231026_HippAu_26,15F1,2025-07-10 22:26:49,120,synapticvesicles_20.txt,258.13302242945804,359.1166055794085,214.9198466024906,18.30606427416136,36.61212854832272,25696.475373155707,6300,presynatpticmembranes_1,178.8793989035025,False,0.05173972621560097,0.9976606557593969,0.9983219074214004,0.9837010441669182,18.306064279361998,0.2983697331668775,0.9939356484450557
20231026_HippAu_26,15F1,2025-07-10 22:26:49,121,synapticvesicles_63.txt,306.9931356822948,338.55397687717806,107.75029555020767,18.260198664351186,36.52039732870237,25503.81232448843,6290,presynatpticmembranes_1,98.73491416932815,False,0.051708050072193146,0.9970498670228564,0.9979846549427945,0.97759961876842,18.260198653432308,0.40903541120126735,0.9918691440904821
20231026_HippAu_26,15F1,2025-07-10 22:26:49,122,synapticvesicles_224.txt,110.61408373336796,330.90162863404305,219.0967612405413,18.242511443641668,36.485022887283336,25429.773464905935,6296,presynatpticmembranes_1,307.6161401415429,False,0.0516221784055233,0.9953940642278436,0.9980922765794041,0.9785078300113702,18.24251145249514,0.3920711571565511,0.992216942608994
20231026_HippAu_26,15F1,2025-07-10 22:26:49,123,synapticvesicles_133.txt,250.39702812526608,567.7253497749508,200.06092799907353,18.06980380390166,36.13960760780332,24714.33452094467,6152,presynatpticmembranes_1,144.0986575199591,False,0.05162303149700165,0.9954105137892534,0.997988928556424,0.9767456101517438,18.06980380760296,0.4202022622235044,0.9916159330350198
20231026_HippAu_26,15F1,2025-07-10 22:26:49,124,synapticvesicles_48.txt,192.72098506641007,464.67866215270004,209.78039373405332,17.982501612443272,35.965003224886544,24357.84895491027,6112,presynatpticmembranes_1,254.89659585108163,False,0.051662519574165344,0.9961719345357345,0.9982540831372398,0.983223801085442,17.98250161799347,0.301678024124818,0.9937449985217004
20231026_HippAu_26,15F1,2025-07-10 22:26:49,125,synapticvesicles_226.txt,129.01524917199447,371.59384802290316,214.60262960534394,17.973858189020117,35.947716378040234,24322.742489587057,6064,presynatpticmembranes_1,301.16862028406825,False,0.05162347853183746,0.9954191336467607,0.9985786769769321,0.9857463347511339,17.973858082926366,0.25619335634465795,0.9947289743091927
20231026_HippAu_26,15F1,2025-07-10 22:26:49,126,synapticvesicles_203.txt,169.93190237849876,391.3250204433118,203.9113759829243,17.91406509306649,35.82813018613298,24080.807896209888,6054,presynatpticmembranes_1,261.44475153510535,False,0.051545459777116776,0.9939147530152934,0.9982017611811232,0.9789120517525478,17.91406509211337,0.37777087756397604,0.9924148483525506
20231026_HippAu_26,15F1,2025-07-10 22:26:49,127,synapticvesicles_13.txt,346.6576550737643,512.1419116548793,251.01938669212706,17.786469218908692,35.572938437817385,23569.905681206405,5978,presynatpticmembranes_1,127.54216612753125,False,0.05168800428509712,0.9966633382457984,0.99672081404672,0.9693363740585343,17.786469226361948,0.5453976391765527,0.9885054820502641
20231026_HippAu_26,15F1,2025-07-10 22:26:49,128,synapticvesicles_115.txt,283.68753006543875,592.0899649551563,268.9222935159446,17.745255068756062,35.490510137512125,23406.43909860411,5940,presynatpticmembranes_1,137.1891906897499,False,0.05164502188563347,0.9958345389464683,0.9968354002393096,0.9689741539338531,17.74525550945828,0.5505615658408974,0.9884770263476725
20231026_HippAu_26,15F1,2025-07-10 22:26:49,129,synapticvesicles_34.txt,301.50019163186244,441.2478937204861,225.9902073591478,17.718046765699253,35.436093531398505,23298.93878008416,5944,presynatpticmembranes_1,152.94293416910259,False,0.051709260791540146,0.9970732124702721,0.9971082568218149,0.9701839150629397,17.71804677231743,0.5282827874822246,0.9890309542941522
20231026_HippAu_26,15F1,2025-07-10 22:26:49,130,synapticvesicles_276.txt,47.54480857104168,308.8985626490493,134.52955329913533,17.610718793595193,35.22143758719039,22878.094859280085,5892,presynatpticmembranes_1,314.441624018017,False,0.051604144275188446,0.9950463248095686,0.9976407811179402,0.9755586620740305,17.610718792997403,0.430429529138871,0.9910161454047672
20231026_HippAu_26,15F1,2025-07-10 22:26:49,131,synapticvesicles_206.txt,193.90535567173816,334.2013336335283,177.32918152740262,17.58375447463413,35.16750894926826,22773.167594231305,5886,presynatpticmembranes_1,225.98326809106985,False,0.05150209367275238,0.9930785550049361,0.9989303018936466,0.9890644412178201,17.58375447958855,0.19228818072295856,0.9959705436908985
20231026_HippAu_26,15F1,2025-07-10 22:26:49,132,synapticvesicles_41.txt,438.8741344115021,364.33346757812603,224.30537706943807,17.532432522716572,35.064865045433145,22574.343939149905,5808,presynatpticmembranes_1,15.02205963563385,False,0.051546789705753326,0.9939403970913777,0.9986270257064563,0.9849028080923796,17.532432444492642,0.2646904972218953,0.9945097604222333
20231026_HippAu_26,15F1,2025-07-10 22:26:49,133,synapticvesicles_199.txt,254.06026309873613,254.43684509383002,168.10786393576885,17.49610221644006,34.99220443288012,22434.300415540354,5800,presynatpticmembranes_1,150.49577410054846,False,0.05157589912414551,0.9945016934793969,0.9983388445977098,0.9812445066469223,17.49610222201469,0.3281480289297643,0.9932105432124735
20231026_HippAu_26,15F1,2025-07-10 22:26:49,134,synapticvesicles_94.txt,179.03343831937877,523.8414451338672,186.69051314029497,17.482241608964745,34.96448321792949,22381.02453395467,5764,presynatpticmembranes_1,214.47286302785128,False,0.051578786224126816,0.9945573633924651,0.9982182843990124,0.979924405930074,17.48224161268628,0.35096638604865826,0.9927301208583308
20231026_HippAu_26,15F1,2025-07-10 22:26:49,135,synapticvesicles_176.txt,140.62614935503655,589.93409056309,231.40906268588358,17.407784059806506,34.81556811961301,22096.275770493365,5776,presynatpticmembranes_1,201.11106031919655,False,0.05143977329134941,0.991876875036268,0.998368497496566,0.9832967518894632,17.40778406484998,0.29076653628983806,0.9938469738144351
20231026_HippAu_26,15F1,2025-07-10 22:26:49,136,synapticvesicles_122.txt,235.3147661738349,415.0160805899666,114.8932509563645,17.34134323148491,34.68268646296982,21844.233580804794,5684,presynatpticmembranes_1,182.72374577663027,False,0.05164536088705063,0.9958410756717447,0.998228082389129,0.9760381970476507,17.34134323852411,0.41552984961056955,0.9915711167866854
20231026_HippAu_26,15F1,2025-07-10 22:26:49,137,synapticvesicles_305.txt,141.6458777824051,650.1813024253202,283.3495785129334,17.318530875541352,34.637061751082705,21758.139352715607,5700,presynatpticmembranes_1,167.47562504808212,False,0.05143393203616142,0.9917642422315055,0.9966851131853324,0.9693654095608565,17.318530877076114,0.5305461004268877,0.9884892020979896
20231026_HippAu_26,15F1,2025-07-10 22:26:49,138,synapticvesicles_120.txt,260.4685887813908,319.3770128524505,175.18248621679584,17.26104053864346,34.52208107728692,21542.173872685,5648,presynatpticmembranes_1,164.17673753780446,False,0.0513482466340065,0.9901120310437874,0.9989708782000235,0.9865975444683683,17.261040544237137,0.23134032832382853,0.9952588780805269
20231026_HippAu_26,15F1,2025-07-10 22:26:49,139,synapticvesicles_90.txt,216.87284082729045,359.08139935112564,202.08921683816845,17.250400127958468,34.500800255916936,21502.359997068335,5602,presynatpticmembranes_1,214.75862320633627,False,0.05157172307372093,0.9944211696438492,0.9986014190464044,0.986670474406693,17.250400125776782,0.22993964997132854,0.9950221356544908
20231026_HippAu_26,15F1,2025-07-10 22:26:49,140,synapticvesicles_2.txt,324.6933109550799,233.17403660395567,226.2760557514812,17.21488080962317,34.42976161924634,21369.8104357446,5610,presynatpticmembranes_1,108.59635353210174,False,0.051528092473745346,0.9935798715511335,0.9975902703769822,0.9800672206437325,17.21488081670538,0.34314042096383035,0.9923333554570073
20231026_HippAu_26,15F1,2025-07-10 22:26:49,141,synapticvesicles_117.txt,228.51159819749785,366.25208996379547,88.10321658795915,17.167601935223896,34.33520387044779,21194.22368497735,9988,presynatpticmembranes_1,174.36590407276452,False,0.051369111984968185,0.9905143628929423,0.9906375447642914,0.8317286782092721,17.16760163330697,2.8888150188132236,0.9429648847977856
20231026_HippAu_26,15F1,2025-07-10 22:26:49,142,synapticvesicles_289.txt,33.72782956275121,248.88282999759053,89.95832258935005,17.167080144313797,34.334160288627594,21192.29121639167,8014,presynatpticmembranes_1,288.4890635540528,False,0.05155535414814949,0.9941055391947891,0.9731626427436796,0.8393285646586379,17.167080189244206,2.758259414626128,0.933012419318167
20231026_HippAu_26,15F1,2025-07-10 22:26:49,143,synapticvesicles_213.txt,279.265546855026,297.7077208819999,234.35865601465005,17.157893096188975,34.31578619237795,21158.285941566286,8680,presynatpticmembranes_1,170.89245241817432,False,0.05136415734887123,0.9904188261389026,0.9817046127959207,0.8437264985563674,17.157892923602432,2.681324004566279,0.9403111785240545
20231026_HippAu_26,15F1,2025-07-10 22:26:49,144,synapticvesicles_183.txt,212.9415525773078,626.8289159835487,278.9467876957728,17.069069504315923,34.138139008631846,20831.385204672,5508,presynatpticmembranes_1,151.95289495939187,False,0.05158445984125137,0.9946667637506623,0.9929646401601631,0.9546571584964357,17.069069512795508,0.7739601135320083,0.9814723956610447
20231026_HippAu_26,15F1,2025-07-10 22:26:49,145,synapticvesicles_82.txt,371.94260887591923,549.2755267176454,241.09170522984988,17.002401548895044,34.00480309779009,20588.249168012328,5470,presynatpticmembranes_1,101.14551748214555,False,0.0515548512339592,0.9940958418550933,0.9980215368562085,0.9764602993755144,17.00240155247826,0.4002314424426282,0.9915531656120002
20231026_HippAu_26,15F1,2025-07-10 22:26:49,146,synapticvesicles_253.txt,163.57279921916478,421.89066546949994,256.35357566147,16.98193969460707,33.96387938921414,20514.00666168012,4784,presynatpticmembranes_1,285.3624767948984,False,0.0515274852514267,0.9935681629113527,0.9154650018247965,0.8611357765382651,16.981937963809884,2.3581836282198148,0.899166234238837
20231026_HippAu_26,15F1,2025-07-10 22:26:49,147,synapticvesicles_99.txt,228.1873979457812,495.15762062146206,189.93665039419562,16.915303930554845,33.83060786110969,20273.4670622988,5398,presynatpticmembranes_1,212.55539271397228,False,0.051381248980760574,0.9907483920242663,0.9982509833658507,0.981569547983834,16.91530387144583,0.31175669634154907,0.9932465527512457
20231026_HippAu_26,15F1,2025-07-10 22:26:49,148,synapticvesicles_299.txt,23.904381477913628,757.755883527002,154.92656795041498,16.91111483175779,33.82222966351558,20258.408534328115,9868,presynatpticmembranes_1,138.12987212202137,False,0.0516025610268116,0.9950157961475634,0.9917423649402212,0.8319707394423747,16.911114836901508,2.8415621212496474,0.9438108772908671
20231026_HippAu_26,15F1,2025-07-10 22:26:49,149,synapticvesicles_302.txt,111.70351736352453,775.4951283010419,150.7525295744308,16.78604047522182,33.57208095044364,19812.232105131694,5318,presynatpticmembranes_1,64.2051379109207,False,0.05149522051215172,0.992946024695761,0.996396284366266,0.9671636505366691,16.786040483367717,0.551192291417482,0.9876264942173869
20231026_HippAu_26,15F1,2025-07-10 22:26:49,150,synapticvesicles_204.txt,184.6994601904317,279.0952974830239,189.46135986012513,16.711428968225835,33.42285793645167,19549.217174995396,5294,presynatpticmembranes_1,216.274037304764,False,0.05148771405220032,0.9928012829217836,0.9984086150435818,0.9808048202804815,16.711428973640896,0.3207788825190048,0.9931274766146516
20231026_HippAu_26,15F1,2025-07-10 22:26:49,151,synapticvesicles_312.txt,432.9718661814558,378.9512363596644,173.70570000290104,16.665202977837012,33.330405955674024,19387.43845520794,8384,presynatpticmembranes_1,5.097004848310228,True,0.05145619809627533,0.9921935829675166,0.9777222693452161,0.8298662507439327,16.665198515740148,2.8353127055795184,0.933365463764831
20231026_HippAu_26,15F1,2025-07-10 22:26:49,152,synapticvesicles_27.txt,242.53617380163044,567.0176301253284,266.71120494622113,16.4123293095092,32.8246586190184,18518.221586380037,7732,presynatpticmembranes_1,178.1973187783201,False,0.051533594727516174,0.9936859676306196,0.9714693512903562,0.8321500593099573,16.41232896199009,2.754808442855507,0.9296735636962364
20231026_HippAu_26,15F1,2025-07-10 22:26:49,153,synapticvesicles_296.txt,72.26837784378858,303.7892090762668,82.39599607606718,16.35880644290469,32.71761288580938,18337.64035487308,3872,presynatpticmembranes_1,284.4401785100199,False,0.05127850919961929,0.9887673332726434,0.9148190287798714,0.8546291717209022,16.35880807874442,2.378093480065873,0.8967620716621807
20231026_HippAu_26,15F1,2025-07-10 22:26:49,154,synapticvesicles_244.txt,144.84401723984593,523.3962702636487,265.462874867411,16.332793712027186,32.66558742405437,18250.30134399372,7070,presynatpticmembranes_1,259.1805550483122,False,0.05122547969222069,0.9877448026758361,0.9636656944996754,0.8452853522380823,16.33279344127974,2.5269223842357533,0.9281515918211976
20231026_HippAu_26,15F1,2025-07-10 22:26:49,155,synapticvesicles_273.txt,123.94519222727165,232.81139025471398,105.30191994700014,16.255034490104837,32.510068980209674,17990.875379847217,4998,presynatpticmembranes_1,207.45211724382534,False,0.0513477586209774,0.9901026210326752,0.998066820316081,0.9793294777873812,16.255034486472525,0.3360000514195144,0.992445617557471
20231026_HippAu_26,15F1,2025-07-10 22:26:49,156,synapticvesicles_31.txt,297.9919972580896,291.18136233027894,174.08405477739663,16.202726560405427,32.405453120810854,17817.752328732953,4994,presynatpticmembranes_1,134.68623558159507,False,0.05162781849503517,0.9955028180967278,0.9986994110498193,0.9840802432262254,16.202726565683996,0.2579434659976655,0.9943136607027412
20231026_HippAu_26,15F1,2025-07-10 22:26:49,157,synapticvesicles_12.txt,327.5438777224332,478.8630911633357,221.4584027959677,16.041092244114253,32.082184488228506,17289.817851546777,4886,presynatpticmembranes_1,136.09914356134186,False,0.051558978855609894,0.9941754318727444,0.9965950423098289,0.967063740121149,16.041092249391156,0.5283335830665693,0.9877356516532249
20231026_HippAu_26,15F1,2025-07-10 22:26:49,158,synapticvesicles_107.txt,304.92849797435196,387.6148692734414,84.26788355616583,16.034334787714844,32.06866957542969,17267.976574619363,4084,presynatpticmembranes_1,105.36991825945765,False,0.05144411697983742,0.991960631318381,0.8847030785964546,0.8480108628796772,16.034338100279864,2.4370452121570536,0.8736954138814214
20231026_HippAu_26,15F1,2025-07-10 22:26:49,159,synapticvesicles_17.txt,353.756617600445,590.9768850274183,272.8063969550732,15.943610038461934,31.887220076923867,16976.51727818006,8174,presynatpticmembranes_1,109.73127531707458,False,0.051379475742578506,0.9907141999228206,0.9875295798361361,0.8324668650593594,15.943606771025888,2.6710824246107903,0.941010765403103
20231026_HippAu_26,15F1,2025-07-10 22:26:49,160,synapticvesicles_262.txt,22.638399215779177,300.2309864689117,178.04257030825823,15.93454418513184,31.86908837026368,16947.574187332186,5942,presynatpticmembranes_1,341.9625364567506,False,0.0512937530875206,0.9890612704136436,0.9304272055223286,0.8312087159567736,15.934544205394158,2.689612177072032,0.900661658652662
20231026_HippAu_26,15F1,2025-07-10 22:26:49,161,synapticvesicles_210.txt,252.23905171382924,285.6082077019463,207.0449105494836,15.880103655813317,31.760207311626633,16774.462305901976,4794,presynatpticmembranes_1,185.5830719382439,False,0.05144912376999855,0.992057173722463,0.998109240934496,0.9792625997205319,15.880103655497937,0.3293120659835063,0.9924552485703068
20231026_HippAu_26,15F1,2025-07-10 22:26:49,162,synapticvesicles_28.txt,333.84930811927444,174.3580449782612,118.65759109182748,15.522652910495472,31.045305820990944,15667.021858826458,4568,presynatpticmembranes_1,35.330544920155546,False,0.0514502190053463,0.9920782923733561,0.9981943424625043,0.9809332289319326,15.522652918445534,0.2959668695650699,0.9930160084033328
20231026_HippAu_26,15F1,2025-07-10 22:26:49,163,synapticvesicles_254.txt,167.03761425301388,486.7114152822603,259.12218576353945,15.474888643680178,30.949777287360355,15522.840925056293,6516,presynatpticmembranes_1,271.9796437692809,False,0.0513472780585289,0.9900933546858549,0.9674597933063508,0.8269424161936709,15.47488864395313,2.6780468383945295,0.9253045801725468
20231026_HippAu_26,15F1,2025-07-10 22:26:49,164,synapticvesicles_303.txt,67.86366639928943,749.6084317300878,137.8988960311165,15.32601546011918,30.65203092023836,15079.13353767843,6056,presynatpticmembranes_1,115.18735949980544,False,0.051343146711587906,0.9900136928360579,0.9600589359194229,0.8287437651624161,15.326015511136845,2.6246757114997044,0.9206643846923208
20231026_HippAu_26,15F1,2025-07-10 22:26:49,165,synapticvesicles_310.txt,178.98400685083953,673.9919283908794,276.71144093570354,14.264222540963813,28.528445081927625,12157.182232466635,5554,presynatpticmembranes_1,129.0038767097407,False,0.05139046162366867,0.9909260329210633,0.9715049133708697,0.8176943775560757,14.264221813446628,2.6004478363785917,0.9253617526264315
20231026_HippAu_26,15F1,2025-07-10 22:26:49,166,synapticvesicles_89.txt,261.3318375100607,388.51836159607217,100.09047716878936,13.863395997779586,27.72679199555917,11160.855760036555,6312,presynatpticmembranes_1,150.37137122951702,False,0.05134204775094986,0.989992502353019,0.9898880681649955,0.81746706142261,13.86339536557402,2.530526294738395,0.9381617661422799
20231026_HippAu_26,15F1,2025-07-10 22:26:49,167,synapticvesicles_301.txt,41.15002168729643,782.2338059823729,183.02991534694635,13.016044114912887,26.032088229825774,9236.887302745716,5294,presynatpticmembranes_1,115.66999405126043,False,0.05062774196267128,0.976219047538489,0.9903686167825885,0.7974721073038313,13.016044138672664,2.636111990645692,0.9324996639389612
