tomogram_name,set_name,timestamp,vesicle_index,vesicle_file_name,vesicle_center_x,vesicle_center_y,vesicle_center_z,vesicle_radius_nm,vesicle_diameter_nm,vesicle_volume_nm3,vesicle_point_count,closest_presynaptic_membrane,distance_to_active_zone_nm,within_10nm,average_signal,scaled_signal,sphericity_volume,sphericity_fit_quality,mean_distance_to_center,std_distance_to_center,combined_sphericity
20241030_AMmilled12-1_15,15F1,2025-07-16 14:35:54,0,synapticvesicles_188.txt,118.00821611303653,135.37181275162666,157.5406476018445,30.80100094178023,61.60200188356046,122400.47392447524,17786,presynatpticmembranes_1,378.3698869401908,False,0.0104459961876273,0.9830724747907248,0.993599963241242,0.9610710966707976,30.801000955434933,1.199049188636798,0.9838413032701088
20241030_AMmilled12-1_15,15F1,2025-07-16 14:35:54,1,synapticvesicles_224.txt,390.14107539267934,39.40992017989293,131.99899140810413,29.60821599312165,59.2164319862433,108723.97704248062,16426,presynatpticmembranes_1,308.62483860099456,False,0.0104017378762364,0.97890732606507,0.9940951967897096,0.9667648644872572,29.60821599746642,0.9840330709663528,0.985896097098974
20241030_AMmilled12-1_15,15F1,2025-07-16 14:35:54,2,synapticvesicles_215.txt,294.24866262885735,302.6454497604316,203.8775457891772,28.92838682551868,57.856773651037365,101405.44092058895,15620,presynatpticmembranes_1,135.537464543573,False,0.0104310223832726,0.9816632903874782,0.9955030515565252,0.9713639831463742,28.928386824545743,0.8283937726558976,0.9882613310334798
20241030_AMmilled12-1_15,15F1,2025-07-16 14:35:54,3,synapticvesicles_236.txt,374.421676580979,174.86182894478716,117.47449622194505,28.084282261248788,56.168564522497576,92785.17625988116,22754,presynatpticmembranes_1,200.2017920686087,False,0.0104099474847316,0.9796799321426056,0.961904757457812,0.9036079084377588,28.084282268475,2.7071027078826697,0.944415702751796
20241030_AMmilled12-1_15,15F1,2025-07-16 14:35:54,4,synapticvesicles_250.txt,442.9823074699257,81.76627455357665,119.84997677869929,26.626722252946223,53.253444505892446,79075.46121498354,20842,presynatpticmembranes_1,258.1289951927076,False,0.0104104401543736,0.9797262972719324,0.9657645455616216,0.8964658321708379,26.626722198870425,2.756775524878329,0.9449749315443864
20241030_AMmilled12-1_15,15F1,2025-07-16 14:35:54,5,synapticvesicles_29.txt,270.3743528140897,474.4018177526191,158.08867474432088,26.354380085132764,52.70876017026553,76673.80650598512,12954,presynatpticmembranes_1,61.84900175404275,False,0.0104205934330821,0.9806818221111036,0.9967976294779858,0.9688166152574066,26.35438017508329,0.8218187766521982,0.988403325211812
20241030_AMmilled12-1_15,15F1,2025-07-16 14:35:54,6,synapticvesicles_129.txt,57.63494294854536,311.4648917968988,152.955448884336,26.174463347288192,52.348926694576384,75114.18643157161,12754,presynatpticmembranes_1,320.1711501734635,False,0.0104213301092386,0.9807511506882256,0.9906932114769592,0.952837895937828,26.174463358135945,1.234442764667919,0.9793366168152198
20241030_AMmilled12-1_15,15F1,2025-07-16 14:35:54,7,synapticvesicles_191.txt,242.25483412396505,222.6738767744453,151.94080323793648,26.13674048434996,52.27348096869991,74789.88861650898,12830,presynatpticmembranes_1,235.5338744368392,False,0.0104079954326152,0.9794962245602444,0.9980111921051013,0.9781685973013808,26.13674049228345,0.5706017069163452,0.9920584136639852
20241030_AMmilled12-1_15,15F1,2025-07-16 14:35:54,8,synapticvesicles_213.txt,336.1188781626819,323.8442924181274,127.74751072940728,25.85882580715239,51.71765161430478,72429.42061900259,12460,presynatpticmembranes_1,117.77411620383262,False,0.0104056363925337,0.9792742153493088,0.995281760493164,0.9647323087747772,25.85882545140696,0.9119810714671548,0.9861169249776478
20241030_AMmilled12-1_15,15F1,2025-07-16 14:35:54,9,synapticvesicles_11.txt,159.6321673553051,485.7627639708025,133.90141351911188,25.60564335104238,51.21128670208476,70322.72408900215,12188,presynatpticmembranes_1,145.02641886627757,False,0.0104431482031941,0.9828044510374514,0.9956128451761536,0.9668161271516668,25.60564335377061,0.8496944132512936,0.9869738297688077
20241030_AMmilled12-1_15,15F1,2025-07-16 14:35:54,10,synapticvesicles_221.txt,338.5144640593721,125.45752610834472,153.76844941133737,25.306645900395345,50.61329180079069,67887.89993341449,11970,presynatpticmembranes_1,255.298950395072,False,0.010466169565916,0.9849709909842014,0.99692103748225,0.973569921485124,25.30664590907011,0.6688566383248913,0.989915702683112
20241030_AMmilled12-1_15,15F1,2025-07-16 14:35:54,11,synapticvesicles_99.txt,80.71476902463327,264.3600235538809,179.99375384215068,25.24020892526749,50.48041785053498,67354.62858693309,11972,presynatpticmembranes_1,329.71804380467324,False,0.0104802465066313,0.9862957715697884,0.9958539102448468,0.9699626222769128,25.24020892954988,0.7581496894265262,0.9880865238544668
20241030_AMmilled12-1_15,15F1,2025-07-16 14:35:54,12,synapticvesicles_203.txt,318.116437099721,206.99100990675035,122.60258414111956,24.86883659643262,49.73767319286524,64425.08728030002,11552,presynatpticmembranes_1,210.1485192702828,False,0.0105021661147475,0.988358625414471,0.9955940347901092,0.9731265537029844,24.86883660057502,0.6683113448548107,0.9888537904639716
20241030_AMmilled12-1_15,15F1,2025-07-16 14:35:54,13,synapticvesicles_211.txt,284.59492677902824,295.8941274737172,126.31196107416449,24.649565179470063,49.29913035894013,62735.93823230696,11376,presynatpticmembranes_1,169.7419302050589,False,0.0105070732533931,0.988820436126046,0.9964320600011743,0.969783970249479,24.64956542683265,0.744812002274588,0.988437633075666
20241030_AMmilled12-1_15,15F1,2025-07-16 14:35:54,14,synapticvesicles_9.txt,249.8891264669612,381.2164429238292,168.6207738414526,24.593198018604472,49.186396037208944,62306.53920862428,11300,presynatpticmembranes_1,129.25235767285417,False,0.0104809002950787,0.9863572995863998,0.996811017316809,0.9724168983908088,24.593198023884632,0.67835667998777,0.9894927816390088
20241030_AMmilled12-1_15,15F1,2025-07-16 14:35:54,15,synapticvesicles_66.txt,476.786140770095,268.3655343970493,167.78999721038264,24.541389793905864,49.08277958781173,61913.60179831178,11208,presynatpticmembranes_1,67.86242994721766,False,0.0104780700057744,0.9860909411213256,0.994927500734709,0.963674576083403,24.54138979418472,0.8914763877762077,0.9855516233393172
20241030_AMmilled12-1_15,15F1,2025-07-16 14:35:54,16,synapticvesicles_133.txt,96.10000720603826,205.7442469383291,126.49507317459197,24.50700975024109,49.014019500482185,61653.7617732364,11190,presynatpticmembranes_1,360.7829295107619,False,0.0105221606791019,0.9902403134324644,0.992910525087321,0.9621176366119092,24.507009764341564,0.9283834494482796,0.9836726585446972
20241030_AMmilled12-1_15,15F1,2025-07-16 14:35:54,17,synapticvesicles_60.txt,276.1010615998729,587.6181075335212,147.37887826633772,24.35166842376873,48.70333684753746,60488.77291436048,11136,presynatpticmembranes_1,5.740555737782323,True,0.0105009982362389,0.9882487163933446,0.997433006935783,0.971089487076508,24.35166843003873,0.7040192248552238,0.9895299509780004
20241030_AMmilled12-1_15,15F1,2025-07-16 14:35:54,18,synapticvesicles_91.txt,113.7031242037571,410.7491943749287,166.3597006966041,24.196624803234755,48.39324960646951,59340.7430566445,10900,presynatpticmembranes_1,217.0762146653236,False,0.0104944091290235,0.987628615656128,0.9968020449228469,0.972228994937288,24.19662480407677,0.6719645899345564,0.989430129927179
20241030_AMmilled12-1_15,15F1,2025-07-16 14:35:54,19,synapticvesicles_118.txt,156.94651004328998,283.8676133103266,143.2683776777697,24.07964340427161,48.15928680854324,58484.2281686734,10848,presynatpticmembranes_1,263.89583998027456,False,0.010486677289009,0.9869009723599624,0.9946183663146032,0.9631197558501836,24.07964337765512,0.8880631268084306,0.9851687831752772
20241030_AMmilled12-1_15,15F1,2025-07-16 14:35:54,20,synapticvesicles_226.txt,407.1351126057559,126.47872264789962,135.77363628754432,24.06336304892184,48.12672609784367,58365.6840028992,10752,presynatpticmembranes_1,228.09199494440665,False,0.0105021558701992,0.9883576613002506,0.9955732076037286,0.9713048359026112,24.0633630499504,0.6905021514533698,0.9882926960933932
20241030_AMmilled12-1_15,15F1,2025-07-16 14:35:54,21,synapticvesicles_6.txt,198.873369345179,353.2989442548146,182.8205411224588,23.97698317164109,47.95396634328219,57739.3944306588,10722,presynatpticmembranes_1,184.3999087565473,False,0.0105130933225154,0.9893869847006564,0.9971893615848924,0.9734168551114384,23.976983190599107,0.6373836181463013,0.9900576096428562
20241030_AMmilled12-1_15,15F1,2025-07-16 14:35:54,22,synapticvesicles_87.txt,91.22254624421768,523.1533100965179,139.19719216211712,23.459133006875923,46.91826601375185,54078.48072625001,10256,presynatpticmembranes_1,167.6565729574141,False,0.0104855494573712,0.9867948321489702,0.9957282330237668,0.9676095340724205,23.4591338685614,0.7598522762601686,0.9872926233383628
20241030_AMmilled12-1_15,15F1,2025-07-16 14:35:54,23,synapticvesicles_1.txt,176.51930803727157,349.5539841799601,130.30029476691408,23.454312352360034,46.90862470472007,54045.14955767338,10312,presynatpticmembranes_1,216.96431936412267,False,0.0105029419064521,0.98843163515498,0.9966273595947585,0.969761895298604,23.454312362231285,0.7092139529083931,0.988567720305912
20241030_AMmilled12-1_15,15F1,2025-07-16 14:35:54,24,synapticvesicles_34.txt,367.5907642972291,405.7012905812143,116.69438764371148,23.403846382719607,46.807692765439214,53697.03747207784,10178,presynatpticmembranes_1,63.07360413049584,False,0.0104856258258223,0.9868020191822496,0.9964875773454664,0.9721832907275956,23.40384686508344,0.6510180041019032,0.989196291360105
20241030_AMmilled12-1_15,15F1,2025-07-16 14:35:54,25,synapticvesicles_35.txt,303.0205138130213,361.3750539673635,189.0399838089682,23.39512699784829,46.79025399569659,53637.04339485896,10198,presynatpticmembranes_1,96.99021484406998,False,0.0104762054979801,0.9859154723332114,0.9977707157510874,0.9784947767326084,23.39512697337563,0.5031174289314198,0.9919879340455436
20241030_AMmilled12-1_15,15F1,2025-07-16 14:35:54,26,synapticvesicles_55.txt,203.4137703352295,574.2304175350451,135.36167097202633,23.388727509249048,46.777455018498095,53593.03990250794,10226,presynatpticmembranes_1,65.50436864506486,False,0.0104802520945668,0.9862962974502724,0.9972418622548226,0.9737689549904952,23.388726819225056,0.6135107459101011,0.9901999900755244
20241030_AMmilled12-1_15,15F1,2025-07-16 14:35:54,27,synapticvesicles_198.txt,245.5810032869417,331.9810609764016,144.7602022086932,23.35992860110589,46.71985720221178,53395.31370632193,10182,presynatpticmembranes_1,169.1926938917717,False,0.0104737831279635,0.9856875031434588,0.9951914985877756,0.9625564351654008,23.35992860581925,0.8746790012835992,0.9854009795610632
20241030_AMmilled12-1_15,15F1,2025-07-16 14:35:54,28,synapticvesicles_228.txt,321.77132062973703,69.62549400887713,153.7071068452914,23.342549592231016,46.68509918446203,53276.22933989532,10142,presynatpticmembranes_1,312.8136865524518,False,0.0104887066408991,0.9870919546223504,0.9966087067591268,0.9735019762833222,23.342549585742624,0.6185314325307336,0.9896766876163854
20241030_AMmilled12-1_15,15F1,2025-07-16 14:35:54,29,synapticvesicles_240.txt,334.0828982762088,177.64674874688043,174.946886363825,23.284353055192565,46.56870611038513,52878.74467788183,10032,presynatpticmembranes_1,215.71909247634423,False,0.0104954270645976,0.9877244135509377,0.9967889381739328,0.97660408461267,23.28435306010244,0.5447587540428763,0.9907334821055538
20241030_AMmilled12-1_15,15F1,2025-07-16 14:35:54,30,synapticvesicles_79.txt,426.72366948618776,420.8580349417794,139.83124599909476,23.24565879285696,46.49131758571391,52615.55862503436,10146,presynatpticmembranes_1,6.0869766482071554,True,0.0104867257177829,0.9869055299908224,0.9973108269984632,0.9747542962121284,23.245658800311944,0.5868530164266089,0.9905438677625626
20241030_AMmilled12-1_15,15F1,2025-07-16 14:35:54,31,synapticvesicles_141.txt,143.55923710152624,203.1785359608788,160.09039765408988,23.190036393632315,46.38007278726463,52238.764865205805,10060,presynatpticmembranes_1,323.0893238026878,False,0.0104777906090021,0.9860646470971326,0.9957784174568648,0.9658296399308895,23.19003639272308,0.7924118935551206,0.9867937841990724
20241030_AMmilled12-1_15,15F1,2025-07-16 14:35:54,32,synapticvesicles_18.txt,260.1101482956938,418.572554726676,116.69088779270882,23.078930744839376,46.15786148967875,51491.51394779278,9988,presynatpticmembranes_1,125.41142167779265,False,0.0104941427707672,0.9876035486863974,0.995431667323262,0.9656025588610552,23.078930751517746,0.7938561620751144,0.9864829347845998
20241030_AMmilled12-1_15,15F1,2025-07-16 14:35:54,33,synapticvesicles_103.txt,126.24076330388807,363.6376466230506,121.46653537243554,22.946668506627823,45.893337013255646,50611.30487782472,9800,presynatpticmembranes_1,247.95397486049453,False,0.0104844849556684,0.9866946519167952,0.9935176088161866,0.9542039079810972,22.946668502651296,1.0508677422746804,0.9817234985656595
20241030_AMmilled12-1_15,15F1,2025-07-16 14:35:54,34,synapticvesicles_251.txt,441.1262385289844,180.7481525497388,118.24078207285844,22.763915764288985,45.52783152857797,49411.66847980754,9592,presynatpticmembranes_1,173.38177001307943,False,0.0104749538004398,0.9857976751048272,0.9956765439460148,0.9751127270599058,22.763915772697707,0.5665317850204419,0.989507398880182
20241030_AMmilled12-1_15,15F1,2025-07-16 14:35:54,35,synapticvesicles_48.txt,282.64051810072664,535.4606089002646,177.23352694378124,22.754046141116245,45.50809228223249,49347.42692152022,9694,presynatpticmembranes_1,13.325801432158311,False,0.0104918731376528,0.9873899535632036,0.9979015178164792,0.9762321383916294,22.754046723147788,0.5408150335461749,0.991400703989024
20241030_AMmilled12-1_15,15F1,2025-07-16 14:35:54,36,synapticvesicles_69.txt,473.47963082888623,391.1338765690791,121.26687289777426,22.703854223387623,45.407708446775246,49021.58828220739,9572,presynatpticmembranes_1,5.616376799920459,True,0.0105092879384756,0.9890288600911488,0.9956748741192272,0.9701200812695652,22.70385423714905,0.6783893194736558,0.9880084362643284
20241030_AMmilled12-1_15,15F1,2025-07-16 14:35:54,37,synapticvesicles_154.txt,260.2789135059549,140.42827756490396,125.6490392748979,22.667354030216323,45.33470806043265,48785.53729612734,9566,presynatpticmembranes_1,294.47067063233857,False,0.0105065982788801,0.988775736284918,0.9949974483536824,0.9704406888337054,22.667354038214665,0.6700313713321528,0.9876304204976892
20241030_AMmilled12-1_15,15F1,2025-07-16 14:35:54,38,synapticvesicles_68.txt,452.7468404331688,325.79850150003,148.32099998636312,22.611347604712662,45.222695209425325,48424.81259709583,9560,presynatpticmembranes_1,43.211543712671975,False,0.0105247097089886,0.9904802025798513,0.9972939400435478,0.9764392484168972,22.611347614351235,0.5327403441009132,0.9910375325555524
20241030_AMmilled12-1_15,15F1,2025-07-16 14:35:54,39,synapticvesicles_185.txt,285.88584346827054,195.52228591455903,179.45940660710832,22.59990407956379,45.19980815912758,48351.32690786285,9492,presynatpticmembranes_1,225.59886677255275,False,0.0104923229664564,0.987432286942154,0.996632847091708,0.9779893150708407,22.59990408479036,0.4974393682395384,0.9910397874854476
20241030_AMmilled12-1_15,15F1,2025-07-16 14:35:54,40,synapticvesicles_19.txt,235.28982753770228,537.2503999270191,104.79470202812674,22.47972900507968,44.95945801015936,47584.09607682066,17532,presynatpticmembranes_1,81.47670568675801,False,0.0104916440322995,0.9873683924633652,0.991523669978833,0.8758763126554412,22.47972901121215,2.790266855378104,0.9568294627818156
20241030_AMmilled12-1_15,15F1,2025-07-16 14:35:54,41,synapticvesicles_155.txt,272.7011608343113,60.20763530478951,119.85611793689664,22.32161657598112,44.64323315196223,46587.085415149806,9302,presynatpticmembranes_1,353.4867035606943,False,0.0104924263432621,0.9874420157311056,0.9933599632865056,0.9643647595332469,22.32161657712619,0.7954361743325586,0.9846614021605278
20241030_AMmilled12-1_15,15F1,2025-07-16 14:35:54,42,synapticvesicles_52.txt,127.99172891294492,607.674878783614,163.53236211672245,22.27476205821341,44.54952411642682,46294.33286083149,9280,presynatpticmembranes_1,83.67966057449853,False,0.0105054583400487,0.988668456666211,0.9969645263162008,0.9747382271907944,22.2747620631828,0.5626999786192355,0.9902966365785788
20241030_AMmilled12-1_15,15F1,2025-07-16 14:35:54,43,synapticvesicles_208.txt,328.9067696924405,276.4097822923395,153.5042489880276,22.265103201745976,44.53020640349195,46234.13606298366,9216,presynatpticmembranes_1,143.9118704482073,False,0.0105219483375549,0.9902203299740776,0.997122566334657,0.9738421356915012,22.26510320924945,0.582407548562269,0.99013843714171
20241030_AMmilled12-1_15,15F1,2025-07-16 14:35:54,44,synapticvesicles_165.txt,250.2529835052738,117.5078131455284,178.56091984417515,22.192071370299026,44.38414274059805,45780.6685580713,9168,presynatpticmembranes_1,309.5177028123685,False,0.010519809089601,0.9900190053955072,0.9973565312198478,0.97925125636616,22.19207137360349,0.4604575996347773,0.9919249487637414
20241030_AMmilled12-1_15,15F1,2025-07-16 14:35:54,45,synapticvesicles_252.txt,439.1013989255099,240.83836251153352,132.8205162868058,22.19083226127884,44.381664522557685,45773.00040428752,9208,presynatpticmembranes_1,117.92115091656515,False,0.0105087012052536,0.9889736426403436,0.9970742976486966,0.9746717665233982,22.190832843489844,0.5620545953001564,0.9903535383111072
20241030_AMmilled12-1_15,15F1,2025-07-16 14:35:54,46,synapticvesicles_39.txt,317.72106953658323,470.8516116865312,121.70427915804584,22.161307512298432,44.322615024596864,45590.54139799414,9186,presynatpticmembranes_1,59.15470554326277,False,0.010503688827157,0.9885019278463224,0.9978365530761636,0.9797338499189492,22.161307518696656,0.4491243841662263,0.9924057421289992
20241030_AMmilled12-1_15,15F1,2025-07-16 14:35:54,47,synapticvesicles_175.txt,217.62272236887696,189.9668397950965,218.5293844140133,22.11992130476359,44.23984260952718,45335.59730216829,13270,presynatpticmembranes_1,269.91355205306775,False,0.0104899406433105,0.9872080865625358,0.9603150566103548,0.8833142549622051,22.119921342253107,2.5810795019982247,0.93721481611591
20241030_AMmilled12-1_15,15F1,2025-07-16 14:35:54,48,synapticvesicles_61.txt,230.41797813573896,662.7463872009263,122.91859504948248,22.090552775414345,44.18110555082869,45155.261282423504,9060,presynatpticmembranes_1,5.1188680943240845,True,0.010515066795051,0.989572708158206,0.9964964841800756,0.9706376945528026,22.09055278041495,0.6486295582359792,0.988738847291894
20241030_AMmilled12-1_15,15F1,2025-07-16 14:35:54,49,synapticvesicles_112.txt,168.8818493149765,252.7427270395176,186.59742885220496,22.026237646752133,44.052475293504266,44762.00909997247,9062,presynatpticmembranes_1,268.70776668018283,False,0.0105058643966913,0.988706670648038,0.9977924413146602,0.9802011167223396,22.026237650289872,0.4360949082840955,0.992515043936964
20241030_AMmilled12-1_15,15F1,2025-07-16 14:35:54,50,synapticvesicles_25.txt,233.71324349357243,430.8300613139869,164.69392286642008,22.01836325221158,44.03672650442316,44714.01891692445,9042,presynatpticmembranes_1,116.46893026387824,False,0.0105017581954598,0.9883202361391492,0.9977995833247884,0.9756585550709872,22.018363256603934,0.5359587766376206,0.991157274848648
20241030_AMmilled12-1_15,15F1,2025-07-16 14:35:54,51,synapticvesicles_157.txt,170.36577683979294,113.56450588897135,174.9237218919436,21.99906091963597,43.99812183927194,44596.52674172918,9018,presynatpticmembranes_1,361.8947902116925,False,0.0105275241658091,0.9907450710502212,0.9961450738652188,0.9736311260583425,21.999060924007857,0.5800904643400112,0.9893908895231558
20241030_AMmilled12-1_15,15F1,2025-07-16 14:35:54,52,synapticvesicles_32.txt,324.4391804428684,373.8817120855354,130.18609611085463,21.99540003389138,43.99080006778276,44574.26638856416,9038,presynatpticmembranes_1,100.53925642731932,False,0.0104820923879742,0.9864694874229564,0.9974112834026184,0.9759668315970074,21.99540003957915,0.5286191532423975,0.9909779478609352
20241030_AMmilled12-1_15,15F1,2025-07-16 14:35:54,53,synapticvesicles_14.txt,204.8877188339577,432.4835133478461,108.95690480343656,21.93414678886888,43.86829357773775,44202.90845908566,8986,presynatpticmembranes_1,157.2486042181,False,0.0105052506551146,0.988648911441561,0.9951090624659308,0.9698078727806076,21.934146793502386,0.6622385504382536,0.9875187055603338
20241030_AMmilled12-1_15,15F1,2025-07-16 14:35:54,54,synapticvesicles_182.txt,296.65506901725195,101.75846756442812,193.38209329775248,21.933258185290427,43.86651637058085,44197.53638716207,8988,presynatpticmembranes_1,298.58048924088035,False,0.0104962931945919,0.9878059250259356,0.9974975290985256,0.9766404107792864,21.93325818967469,0.5123519015826551,0.9912403936027536
20241030_AMmilled12-1_15,15F1,2025-07-16 14:35:54,55,synapticvesicles_150.txt,212.009892797804,131.39675204324578,140.968032516621,21.92070717672265,43.8414143534453,44121.7054804172,8966,presynatpticmembranes_1,327.0175186295321,False,0.0105075826868414,0.9888683788968246,0.9971569165144192,0.9765352157919208,21.920707179880303,0.5143646636643839,0.9909704062976696
20241030_AMmilled12-1_15,15F1,2025-07-16 14:35:54,56,synapticvesicles_230.txt,330.5221917422584,133.36100431879083,222.99686657662832,21.87038526117144,43.74077052234288,43818.54067148551,10968,presynatpticmembranes_1,252.60864388659823,False,0.0105144213885068,0.9895119689623202,0.9178210447493212,0.8852252773234103,21.87038534316372,2.510167412591769,0.9080423145215476
20241030_AMmilled12-1_15,15F1,2025-07-16 14:35:54,57,synapticvesicles_166.txt,258.48889142002554,64.39377118424191,178.6877254351306,21.867509741322948,43.735019482645896,43801.25914909493,8908,presynatpticmembranes_1,350.6880245810199,False,0.010535011999309,0.9914497508985916,0.9969249417133496,0.9737796064127376,21.86750974682933,0.5733747123351625,0.989981341123166
20241030_AMmilled12-1_15,15F1,2025-07-16 14:35:54,58,synapticvesicles_83.txt,143.42061690521376,368.6422057907647,175.13217814135928,21.86435457221671,43.72870914443342,43782.30219762641,8870,presynatpticmembranes_1,221.39729273140884,False,0.0104961320757865,0.987790762138651,0.9950075101235226,0.962270392066194,21.864354570084657,0.8249335256550162,0.985186374706324
20241030_AMmilled12-1_15,15F1,2025-07-16 14:35:54,59,synapticvesicles_218.txt,352.96969579167273,303.0605236282457,194.04283816673345,21.832608172888065,43.66521634577613,43591.86712900855,8880,presynatpticmembranes_1,99.62332687719292,False,0.0105363857001066,0.9915790298508736,0.9967494994515592,0.9753322591278448,21.83260817911608,0.538561121125733,0.9903243273544448
20241030_AMmilled12-1_15,15F1,2025-07-16 14:35:54,60,synapticvesicles_42.txt,390.70645229444426,471.20038851162354,130.8215895512505,21.81538621425272,43.630772428505445,43488.79030643638,8874,presynatpticmembranes_1,6.452046706937139,True,0.0105191329494118,0.9899553738569602,0.9970045080429144,0.9723830626141376,21.815385538247067,0.6024741364582196,0.9896180744142814
20241030_AMmilled12-1_15,15F1,2025-07-16 14:35:54,61,synapticvesicles_256.txt,413.0933399007652,165.24155725210832,177.13466910358034,21.812430289236,43.624860578472,43471.114866090815,8874,presynatpticmembranes_1,186.17756956227103,False,0.0105239432305097,0.9904080693068152,0.9976161955678492,0.9793978041212114,21.81243029450559,0.4493839615198277,0.9921506781338578
20241030_AMmilled12-1_15,15F1,2025-07-16 14:35:54,62,synapticvesicles_97.txt,105.88773740444206,262.0634455368592,127.44702761971818,21.5838325867315,43.167665173463,42118.636230393335,8678,presynatpticmembranes_1,322.3264715452635,False,0.0105549609288573,0.9933271442259668,0.9958347913346608,0.9692542938783808,21.583832591336463,0.6636101738314569,0.9878606420977768
20241030_AMmilled12-1_15,15F1,2025-07-16 14:35:54,63,synapticvesicles_265.txt,464.930712551704,181.80089049675908,190.3565575325189,21.58225801096791,43.16451602193582,42109.41903336721,8696,presynatpticmembranes_1,154.20307194769185,False,0.0105691328644752,0.9946608647797794,0.997797066151297,0.9818150434716596,21.582258016811,0.3924724238191369,0.9930024593474056
20241030_AMmilled12-1_15,15F1,2025-07-16 14:35:54,64,synapticvesicles_71.txt,506.76516864980806,297.1116200051615,118.69046916932676,21.57920686912488,43.15841373824976,42091.56219271087,16458,presynatpticmembranes_1,49.64809302299009,False,0.0105260126292705,0.9906028203793374,0.9933676173503008,0.8741754763415822,21.579206867195328,2.7151934249913103,0.9576099750476852
20241030_AMmilled12-1_15,15F1,2025-07-16 14:35:54,65,synapticvesicles_5.txt,165.7956033897791,402.1037713032234,145.1867634394253,21.574678642016224,43.14935728403245,42065.07000127288,8690,presynatpticmembranes_1,188.78699641861573,False,0.0105449818074703,0.9923880093285428,0.9948951951338983,0.964894611696306,21.574678647359136,0.7573874714429555,0.9858950201026206
20241030_AMmilled12-1_15,15F1,2025-07-16 14:35:54,66,synapticvesicles_176.txt,241.49961794253124,166.4345649939131,169.84939658426023,21.5101476532749,43.0202953065498,41688.74141452768,8634,presynatpticmembranes_1,277.24824757714464,False,0.0105108423158526,0.9891751425124088,0.9975068342148472,0.9788729174231904,21.51014765981132,0.4544466658482046,0.9919166591773502
20241030_AMmilled12-1_15,15F1,2025-07-16 14:35:54,67,synapticvesicles_106.txt,96.0410846104268,359.9038280297708,198.35214973826032,21.486013294124945,42.97202658824989,41548.57464974286,8622,presynatpticmembranes_1,260.7052442423312,False,0.0105667356401681,0.994435262052204,0.9963021307070086,0.9770998104883322,21.486013299200195,0.4920337764018997,0.9905414346414056
20241030_AMmilled12-1_15,15F1,2025-07-16 14:35:54,68,synapticvesicles_160.txt,203.9648176932224,140.41707310126816,200.56621860351743,21.47358024878612,42.94716049757223,41476.48918054956,8616,presynatpticmembranes_1,318.1608710855392,False,0.0105055011808872,0.9886724884165872,0.9975120430956604,0.9789916839830048,21.47358025395774,0.4511237599914536,0.9919559353618635
20241030_AMmilled12-1_15,15F1,2025-07-16 14:35:54,69,synapticvesicles_202.txt,284.75278937683385,243.83933016520072,104.99914675653524,21.46807549246704,42.93615098493407,41444.5998394737,8206,presynatpticmembranes_1,210.3334369462419,False,0.010559688322246,0.9937720391153112,0.8715558667264142,0.8983200225385826,21.46810116347597,2.1828760424416664,0.8795851134700647
20241030_AMmilled12-1_15,15F1,2025-07-16 14:35:54,70,synapticvesicles_95.txt,153.4784225431889,444.4077065279984,176.11151880552544,21.448053728674868,42.896107457349736,41328.75056288025,8602,presynatpticmembranes_1,167.1175556622028,False,0.010518698953092,0.989914530472714,0.9971176064057932,0.9754106041538092,21.4480541324449,0.5273946931932136,0.990605505730198
20241030_AMmilled12-1_15,15F1,2025-07-16 14:35:54,71,synapticvesicles_263.txt,453.8923934959895,229.4840881672264,197.78117146297333,21.42473492323977,42.84946984647954,41194.09643222215,8536,presynatpticmembranes_1,111.7521552141145,False,0.0105762965977191,0.995335043560086,0.9967251893593452,0.9707247135139954,21.424734869994925,0.6272152512057956,0.9889250466057402
20241030_AMmilled12-1_15,15F1,2025-07-16 14:35:54,72,synapticvesicles_85.txt,63.77304165617959,420.3592217057108,143.3930118256069,21.272633384472908,42.545266768945815,40322.95728020092,15502,presynatpticmembranes_1,256.79347589343206,False,0.0105786118656396,0.9955529333738982,0.9888294246635532,0.87864838365784,21.27263370669696,2.5814684841623903,0.9557751123618392
20241030_AMmilled12-1_15,15F1,2025-07-16 14:35:54,73,synapticvesicles_22.txt,203.267522838356,467.801813530287,158.13750602588797,21.24606935598825,42.49213871197651,40172.08693722346,8416,presynatpticmembranes_1,117.74862584204712,False,0.0105639640241861,0.9941744253322102,0.9959959898131282,0.9698520231175736,21.246069266694,0.6405260050947247,0.9881527998044616
20241030_AMmilled12-1_15,15F1,2025-07-16 14:35:54,74,synapticvesicles_232.txt,348.81945500089506,88.71441676576936,198.44857143664188,21.242088621643173,42.48417724328635,40149.51083950662,8470,presynatpticmembranes_1,282.56593508634575,False,0.0105605153366923,0.9938498694269222,0.9971218102365312,0.9750784540387348,21.24208862775751,0.5293856880499261,0.9905088033771922
20241030_AMmilled12-1_15,15F1,2025-07-16 14:35:54,75,synapticvesicles_159.txt,210.7314710105105,87.2046420217324,180.50653085241845,21.045783940720145,42.09156788144029,39046.66369812416,8250,presynatpticmembranes_1,357.534426372317,False,0.0105962976813316,0.9972173451053106,0.9961241664112274,0.976147837017328,21.04578394146032,0.5019874686698121,0.9901312675930576
20241030_AMmilled12-1_15,15F1,2025-07-16 14:35:54,76,synapticvesicles_46.txt,320.42254000201785,499.7784074558222,185.7400901030125,21.031168937477617,42.06233787495523,38965.37365209904,8268,presynatpticmembranes_1,6.398547506521501,True,0.0105637749657034,0.9941566330425065,0.996667236231374,0.9746508170944904,21.03116913960944,0.5331229532366718,0.9900623104903088
20241030_AMmilled12-1_15,15F1,2025-07-16 14:35:54,77,synapticvesicles_143.txt,150.80215448729254,235.64490849737376,116.89787205545429,20.99645549281475,41.9929109856295,38772.74656017562,8218,presynatpticmembranes_1,307.838133166783,False,0.0105812279507517,0.9957991330870912,0.9959329821814308,0.975916093249278,20.99645549932358,0.5056766763413969,0.9899279155017848
20241030_AMmilled12-1_15,15F1,2025-07-16 14:35:54,78,synapticvesicles_173.txt,178.11256153254746,165.1768462160723,153.9227326258304,20.988647987026106,41.97729597405221,38729.50984932355,8206,presynatpticmembranes_1,324.1641146312757,False,0.0106019731611013,0.9977514643834162,0.9970528258440096,0.974167176773507,20.988647990772616,0.5421960333087181,0.9901871311228588
20241030_AMmilled12-1_15,15F1,2025-07-16 14:35:54,79,synapticvesicles_37.txt,370.8126183081224,395.1407746099057,179.5268625948997,20.98181783149884,41.96363566299767,38691.71191655479,8188,presynatpticmembranes_1,33.14242035333846,False,0.0106007792055606,0.9976391012533652,0.9971283196666016,0.9771905694047288,20.98181800990968,0.4785833216596454,0.9911469945880396
20241030_AMmilled12-1_15,15F1,2025-07-16 14:35:54,80,synapticvesicles_58.txt,236.65044742271243,617.9569090643431,159.85585589597994,20.96951880122957,41.939037602459145,38623.71137666214,8240,presynatpticmembranes_1,9.420125026363356,True,0.0105571867898106,0.9935366199520372,0.9977052017633354,0.9766098230741408,20.96951880687289,0.4904807549428915,0.991376588156577
20241030_AMmilled12-1_15,15F1,2025-07-16 14:35:54,81,synapticvesicles_72.txt,408.1871224416066,326.76330929365946,206.21452987024745,20.889585212248235,41.77917042449647,38183.70439270505,14382,presynatpticmembranes_1,47.19887718223007,False,0.0105522777885198,0.9930746339469674,0.9898075106017172,0.8696364769592879,20.889584747305125,2.723239862516218,0.9537562005089883
20241030_AMmilled12-1_15,15F1,2025-07-16 14:35:54,82,synapticvesicles_244.txt,376.4053772178806,202.3155483336377,180.9330370087731,20.830174034646245,41.66034806929249,37858.84014831925,8094,presynatpticmembranes_1,172.5469810507813,False,0.0105744376778602,0.995160100652456,0.996666689047432,0.9722872101152802,20.830174038477946,0.577262236390486,0.9893528453677864
20241030_AMmilled12-1_15,15F1,2025-07-16 14:35:54,83,synapticvesicles_123.txt,176.36657765856307,305.27050965104047,205.4154985477781,20.76553088124875,41.5310617624975,37507.46605867376,8060,presynatpticmembranes_1,230.41323780106617,False,0.0105925202369689,0.996861849898222,0.9955146138848134,0.9688180793854346,20.7655308832726,0.6475091355215107,0.9875056535349996
20241030_AMmilled12-1_15,15F1,2025-07-16 14:35:54,84,synapticvesicles_207.txt,344.30821943136874,231.8661539994418,156.97826916898384,20.746427294048,41.49285458809599,37404.04445476888,8056,presynatpticmembranes_1,170.8252866279287,False,0.0106078349053859,0.9983031130109838,0.9966995330036518,0.9723327546602404,20.74642729702688,0.5739964939503315,0.9893894995006284
20241030_AMmilled12-1_15,15F1,2025-07-16 14:35:54,85,synapticvesicles_109.txt,128.50135336706646,287.4071689637313,192.6931587558104,20.733368238623463,41.46673647724693,37333.455806413855,8014,presynatpticmembranes_1,280.0377709985772,False,0.0105911800637841,0.9967357262288434,0.9958048120274896,0.9718753148809331,20.73336824250307,0.58311945327806,0.9886259628835228
20241030_AMmilled12-1_15,15F1,2025-07-16 14:35:54,86,synapticvesicles_3.txt,215.36631854649136,386.510097641134,123.39186591913412,20.696876203327307,41.39375240665461,37136.67485200255,8002,presynatpticmembranes_1,172.62792941002127,False,0.0105770947411656,0.9954101568225304,0.9966889721341536,0.9757326190442576,20.69687608046697,0.5022589764384848,0.9904020662071849
20241030_AMmilled12-1_15,15F1,2025-07-16 14:35:54,87,synapticvesicles_73.txt,422.8384114073171,283.38252105555847,155.47824939393297,20.67938239071691,41.35876478143382,37042.58629593641,7978,presynatpticmembranes_1,87.06875693498934,False,0.0105866743251681,0.9963116912653588,0.9971648278355034,0.9748020317914232,20.67938163149017,0.5210784009233163,0.9904559890222792
20241030_AMmilled12-1_15,15F1,2025-07-16 14:35:54,88,synapticvesicles_261.txt,423.091023933954,208.30564480591187,165.35089654646313,20.608585986303577,41.217171972607154,36663.43850791425,7956,presynatpticmembranes_1,146.0901101683878,False,0.0105915972962975,0.9967749919716382,0.9967442087144396,0.9726599265249528,20.60858586159466,0.5634402516728177,0.9895189240575936
20241030_AMmilled12-1_15,15F1,2025-07-16 14:35:54,89,synapticvesicles_26.txt,233.5798839934196,513.5866438012506,153.7099576719903,20.49722428628329,40.99444857256658,36072.29460568304,7870,presynatpticmembranes_1,73.65688828308292,False,0.0106265824288129,1.0000674420343294,0.997630808076834,0.97671123134214,20.49722422405742,0.4773551130823579,0.9913549350564256
20241030_AMmilled12-1_15,15F1,2025-07-16 14:35:54,90,synapticvesicles_54.txt,172.83139351996863,631.1403401717745,95.85959737992523,20.459682662530028,40.919365325060056,35874.453126673936,10570,presynatpticmembranes_1,74.62190262134008,False,0.0105957677587866,0.9971674741060912,0.9479941788033546,0.8698216581881187,20.45968290835889,2.6634075950070484,0.9245424226187836
20241030_AMmilled12-1_15,15F1,2025-07-16 14:35:54,91,synapticvesicles_200.txt,245.02380178400065,286.99916918417017,166.16599107025613,20.39653776046231,40.79307552092462,35543.318278011895,7766,presynatpticmembranes_1,195.2381805469697,False,0.0106129217892885,0.9987818395447898,0.997670849056477,0.9812614733542124,20.3965377655502,0.3822010664015765,0.9927480363457974
20241030_AMmilled12-1_15,15F1,2025-07-16 14:35:54,92,synapticvesicles_184.txt,310.7704211464899,158.36961431583896,121.21145195395988,20.35339369825565,40.7067873965113,35318.24453487718,7654,presynatpticmembranes_1,257.493477089879,False,0.0106489872559905,1.0021759598343605,0.9956901303356732,0.9770006991383908,20.353393701530266,0.4681138252962736,0.9900833009764884
20241030_AMmilled12-1_15,15F1,2025-07-16 14:35:54,93,synapticvesicles_245.txt,372.85866452702334,262.4403346693366,171.09720948873564,20.341541069562155,40.68308213912431,35256.57860598376,7736,presynatpticmembranes_1,127.9456874634286,False,0.0106410011649131,1.0014243889761791,0.9975903625328104,0.9785808886682344,20.341541073028864,0.4356977329028892,0.9918875203734374
20241030_AMmilled12-1_15,15F1,2025-07-16 14:35:54,94,synapticvesicles_180.txt,285.32051040897846,102.72339326541064,140.4537742933319,20.32624817256658,40.65249634513316,35177.12002865773,7728,presynatpticmembranes_1,310.7449459987988,False,0.0106137869879603,0.9988632633730404,0.9974408747326388,0.9794283054721568,20.32624817810737,0.4181453684171548,0.9920371039544942
20241030_AMmilled12-1_15,15F1,2025-07-16 14:35:54,95,synapticvesicles_16.txt,212.0628222343464,489.2050347210129,108.3425690231836,20.32151884967515,40.6430376993503,35152.57168320217,7668,presynatpticmembranes_1,123.77984505430982,False,0.0105836940929293,0.9960312216739676,0.9960457545554238,0.9725886208320276,20.32151885478597,0.5570408585976361,0.9890086144384048
20241030_AMmilled12-1_15,15F1,2025-07-16 14:35:54,96,synapticvesicles_57.txt,202.8308213432612,595.0457027231455,201.95628598421112,20.29021843848568,40.58043687697136,34990.38950169629,12796,presynatpticmembranes_1,27.50325656960581,False,0.0106045622378587,0.9979951223409372,0.9802667645640584,0.8660780825395376,20.290218413894404,2.717304955680323,0.946010159956702
20241030_AMmilled12-1_15,15F1,2025-07-16 14:35:54,97,synapticvesicles_114.txt,211.87058408819016,242.30601349371543,208.27107424251835,20.25124994893703,40.50249989787406,34789.17349398567,7610,presynatpticmembranes_1,245.2941590654177,False,0.0106393136084079,1.001265573070054,0.9950019328187124,0.972983127279395,20.251249958535645,0.5471254425629152,0.9883962911569172
20241030_AMmilled12-1_15,15F1,2025-07-16 14:35:54,98,synapticvesicles_146.txt,155.17125796662404,158.1453773328747,202.3090319693424,20.241744191651662,40.48348838330333,34740.207296136374,7620,presynatpticmembranes_1,342.02320522109187,False,0.0105859646573662,0.9962449044439088,0.9970831582063238,0.9804315213523525,20.24174419684485,0.3961001391071047,0.9920876671501322
20241030_AMmilled12-1_15,15F1,2025-07-16 14:35:54,99,synapticvesicles_64.txt,380.983664902388,298.3344549811769,135.31638061858766,20.205923776303244,40.41184755260649,34556.10145062684,7628,presynatpticmembranes_1,109.84191624110342,False,0.0106394942849874,1.001282576539032,0.9972669784546714,0.9748017665369562,20.20592378260152,0.5091535848104625,0.9905274148793568
20241030_AMmilled12-1_15,15F1,2025-07-16 14:35:54,100,synapticvesicles_152.txt,238.8187535668062,93.27498175186396,127.6629807231772,20.16869770301445,40.3373954060289,34365.4613970908,7624,presynatpticmembranes_1,345.9811806365837,False,0.0106481984257698,1.002101723039389,0.9962738111812528,0.974761141359165,20.1686977090942,0.50903491044956,0.9898200102346264
20241030_AMmilled12-1_15,15F1,2025-07-16 14:35:54,101,synapticvesicles_77.txt,485.9473002383901,315.285317657041,180.44622662076583,20.11115161260575,40.2223032252115,34072.14140387332,7550,presynatpticmembranes_1,22.18637282620446,False,0.0106444787234067,1.0017516619306337,0.9969221971292902,0.9733324315966926,20.111151607303228,0.5363155111570441,0.9898452674695108
20241030_AMmilled12-1_15,15F1,2025-07-16 14:35:54,102,synapticvesicles_31.txt,171.60244927043848,551.474990158066,92.48693708236304,20.02823506035546,40.05647012071092,33652.446988573094,7970,presynatpticmembranes_1,122.06631270106358,False,0.0106378700584173,1.0011297206117238,0.8903177631406738,0.8753546504349664,20.028236099949133,2.496426489849185,0.8858288293289615
20241030_AMmilled12-1_15,15F1,2025-07-16 14:35:54,103,synapticvesicles_169.txt,216.6182259966126,185.2984292116389,128.33019785765242,19.87874726764745,39.7574945352949,32904.52653408946,7326,presynatpticmembranes_1,290.64159913011747,False,0.010639133863151,1.001248657247823,0.9960562684722568,0.9739585266337216,19.87874727363636,0.5176718676813786,0.9894269459206962
20241030_AMmilled12-1_15,15F1,2025-07-16 14:35:54,104,synapticvesicles_149.txt,189.13554690026007,82.89101254121199,133.4642731915594,19.790781664952377,39.58156332990475,32469.63840429874,13878,presynatpticmembranes_1,379.9452659875933,False,0.010654610581696,1.0027051708946166,0.9935030319983588,0.8687000426787741,19.79078165516616,2.5985287866770164,0.9560621352024834
20241030_AMmilled12-1_15,15F1,2025-07-16 14:35:54,105,synapticvesicles_86.txt,74.72594148893954,470.13663679256325,144.76676510642008,19.445647014328696,38.89129402865739,30800.360753818804,13132,presynatpticmembranes_1,213.92510485419783,False,0.0106354337185621,1.0009004367207617,0.9938706183490164,0.8681992768417942,19.445647001302795,2.562950337050905,0.9561692158968498
20241030_AMmilled12-1_15,15F1,2025-07-16 14:35:54,106,synapticvesicles_51.txt,125.46010854752804,550.1126463747523,180.21311300851684,19.410169111391244,38.82033822278249,30632.08559652424,13012,presynatpticmembranes_1,117.58422216036432,False,0.0106363492086529,1.0009865934733668,0.9943988536592328,0.8576689308823295,19.410169123756614,2.762670123139076,0.953379876826162
20241030_AMmilled12-1_15,15F1,2025-07-16 14:35:54,107,synapticvesicles_196.txt,236.78165542487287,269.15030352404256,112.29154993059802,19.364655741746287,38.72931148349257,30417.11020331972,11998,presynatpticmembranes_1,228.4635851088381,False,0.0106439404189586,1.001701002110689,0.9796649317101712,0.8677159738949872,19.364655683432925,2.561634617941826,0.946080244365616
20241030_AMmilled12-1_15,15F1,2025-07-16 14:35:54,108,synapticvesicles_270.txt,520.2196395766131,199.45985851142024,143.3334024502843,19.27673000294554,38.55346000589108,30004.6595142448,12834,presynatpticmembranes_1,136.58186998228865,False,0.0106592876836657,1.0031453328596065,0.9933158600165918,0.8702173442249412,19.27673000906972,2.501785215235841,0.9563863052790966
20241030_AMmilled12-1_15,15F1,2025-07-16 14:35:54,109,synapticvesicles_8.txt,252.0803874040442,344.2628903266771,205.4310609722859,19.270085884859107,38.54017176971821,29973.645053198907,13058,presynatpticmembranes_1,145.65223274348065,False,0.01062623411417,1.0000346621508356,0.9954145691172974,0.8642668751193388,19.27008337959955,2.615588633823941,0.9560702609179098
20241030_AMmilled12-1_15,15F1,2025-07-16 14:35:54,110,synapticvesicles_222.txt,370.9907026523589,91.790468020846,134.59991903941437,19.16913071724928,38.33826143449856,29505.01678566277,6852,presynatpticmembranes_1,277.9867974860014,False,0.0106475194916129,1.0020378285606002,0.9955124420617248,0.9761671744125774,19.169130720848948,0.456854549132497,0.9897088617669806
20241030_AMmilled12-1_15,15F1,2025-07-16 14:35:54,111,synapticvesicles_89.txt,141.6540015135586,433.88731180014014,125.05366904253762,19.054878922772865,38.10975784554573,28980.5878092364,6776,presynatpticmembranes_1,196.6285965955524,False,0.0106554236263036,1.002781686505018,0.996336846626602,0.9751054239009008,19.054878925115016,0.4743631334603975,0.9899674198088916
20241030_AMmilled12-1_15,15F1,2025-07-16 14:35:54,112,synapticvesicles_115.txt,203.7038719087106,259.75003893610415,153.3268999998377,19.05122786261653,38.10245572523307,28963.932295884228,6774,presynatpticmembranes_1,246.930324579697,False,0.0106531968340277,1.0025721231322005,0.9970111008093064,0.9805902439758456,19.05122786779126,0.3697796848743988,0.992084843759268
20241030_AMmilled12-1_15,15F1,2025-07-16 14:35:54,113,synapticvesicles_44.txt,296.7717437155455,404.03750958049,151.50802072850095,18.971842941241004,37.94368588248201,28603.36785072543,6738,presynatpticmembranes_1,92.6362477752524,False,0.0107085397467017,1.0077804434443358,0.9978153523445004,0.9782777276727976,18.971842950684632,0.4121115391236838,0.9919540649429894
20241030_AMmilled12-1_15,15F1,2025-07-16 14:35:54,114,synapticvesicles_90.txt,105.8053002318702,461.407383067537,188.13049553133428,18.94302769093999,37.88605538187998,28473.233631823896,6624,presynatpticmembranes_1,196.1021021530076,False,0.01066698692739,1.003869908519616,0.9966658604058524,0.9785534988725358,18.943027611871184,0.4062616630355807,0.9912321519458572
20241030_AMmilled12-1_15,15F1,2025-07-16 14:35:54,115,synapticvesicles_125.txt,203.0131848010954,304.12405396496365,162.02663690396264,18.87765332815476,37.75530665630952,28179.45753025508,6654,presynatpticmembranes_1,217.05036207721105,False,0.0107038617134094,1.0073401938325988,0.9976640104554648,0.9786611772409765,18.877653334006617,0.4028268986006575,0.9919631604911184
20241030_AMmilled12-1_15,15F1,2025-07-16 14:35:54,116,synapticvesicles_258.txt,412.7156035385537,250.944769643056,188.3103839346059,18.85833632479403,37.71667264958806,28093.040138502307,6652,presynatpticmembranes_1,113.13903206175372,False,0.0107136024162173,1.0082568911627117,0.9977397306326312,0.9797684051138034,18.858336329708845,0.3815342208503137,0.9923483329769828
20241030_AMmilled12-1_15,15F1,2025-07-16 14:35:54,117,synapticvesicles_82.txt,110.70998805346426,405.1381943641152,104.1783661418382,18.82304285306888,37.64608570613776,27935.60634486849,9634,presynatpticmembranes_1,241.9680770936316,False,0.0106968665495514,1.0066818791135552,0.9478629963042884,0.8624509712756395,18.823042901002545,2.5890912686698684,0.9222393887956936
20241030_AMmilled12-1_15,15F1,2025-07-16 14:35:54,118,synapticvesicles_186.txt,295.2200508536293,147.63658793314778,172.1290260215288,18.72263519672818,37.44527039345636,27490.93653804576,6514,presynatpticmembranes_1,264.85569223938967,False,0.0106757720932364,1.004696680286989,0.99665480610208,0.9775458225299994,18.72263520219452,0.4204013735361547,0.9909221110304558
20241030_AMmilled12-1_15,15F1,2025-07-16 14:35:54,119,synapticvesicles_127.txt,232.397317533004,299.8226401437644,214.9470879022164,18.62711689702968,37.25423379405936,27072.32340455312,7256,presynatpticmembranes_1,190.7615410254144,False,0.0107218092307448,1.0090292343000054,0.8935605605365836,0.8655219840707402,18.62711686662244,2.5049377187058366,0.8851489875968306
20241030_AMmilled12-1_15,15F1,2025-07-16 14:35:54,120,synapticvesicles_50.txt,92.0811378028599,573.9805993480988,148.67206266422818,18.614167559242933,37.228335118485866,27015.90162850725,10826,presynatpticmembranes_1,136.09289608010036,False,0.0107167353853583,1.0085517348206616,0.9857121855457648,0.8600821793714483,18.614167443030578,2.604453741443779,0.9480231836934698
20241030_AMmilled12-1_15,15F1,2025-07-16 14:35:54,121,synapticvesicles_209.txt,340.0819706278984,261.4790860611357,220.17754020783863,18.548274885217204,37.09654977043441,26730.01360691741,3230,presynatpticmembranes_1,143.36988161763043,False,0.010701379738748,1.0071066152510184,0.8400074566762381,0.9159507727459694,18.548275212769063,1.558968198528331,0.8627904514971574
20241030_AMmilled12-1_15,15F1,2025-07-16 14:35:54,122,synapticvesicles_135.txt,131.45811710268418,167.10798686184415,113.03599834021368,18.54583287019001,37.09166574038002,26719.457395882244,10642,presynatpticmembranes_1,367.8803910617656,False,0.0107098165899515,1.0079006071348977,0.9759512399055924,0.86284927534077,18.54583286884828,2.5435744173715067,0.9420206505361456
20241030_AMmilled12-1_15,15F1,2025-07-16 14:35:54,123,synapticvesicles_192.txt,191.488041258198,213.95729156300013,166.39395005985818,18.537836822077843,37.075673644155685,26684.911959249526,6402,presynatpticmembranes_1,283.7659109080225,False,0.0107274604961276,1.0095610747626809,0.997204691085531,0.9818235454092066,18.53783682673434,0.336952149292674,0.9925903473826336
20241030_AMmilled12-1_15,15F1,2025-07-16 14:35:54,124,synapticvesicles_255.txt,472.3957890683128,206.70763789395463,144.78010298484702,18.515059701508548,37.030119403017096,26586.670891209884,12202,presynatpticmembranes_1,135.43696275006766,False,0.010729357600212,1.0097396111869508,0.9967790101594016,0.8665852266328606,18.51505976067109,2.4701825018489743,0.9577208751014392
20241030_AMmilled12-1_15,15F1,2025-07-16 14:35:54,125,synapticvesicles_205.txt,279.8358359233088,255.1926771503942,165.93309821472366,18.49648507731045,36.99297015462089,26506.73453108367,6418,presynatpticmembranes_1,191.2061136312896,False,0.0107219638302922,1.0090437836600588,0.9975881963565746,0.9761728386863536,18.49648508305766,0.4407187338094667,0.9911635890555084
20241030_AMmilled12-1_15,15F1,2025-07-16 14:35:54,126,synapticvesicles_145.txt,173.8758623573421,191.071832825844,111.11476850268178,18.285151803501027,36.57030360700205,25608.51056681548,9964,presynatpticmembranes_1,322.63947911683704,False,0.0107414852827787,1.0108809471304183,0.959867970928854,0.8529270987412947,18.285151458020543,2.689250274885926,0.927785709272586
20241030_AMmilled12-1_15,15F1,2025-07-16 14:35:54,127,synapticvesicles_148.txt,170.1129421834966,126.62532434042724,116.8231300432658,18.221462869255788,36.442925738511576,25341.85084690438,11576,presynatpticmembranes_1,364.9844901158693,False,0.0107591738924384,1.012545621802073,0.992239571958868,0.8561162061686723,18.221462864904943,2.621773206159176,0.9514025622218092
20241030_AMmilled12-1_15,15F1,2025-07-16 14:35:54,128,synapticvesicles_243.txt,377.37827791263896,169.48714647003828,226.51540899849283,18.16918803502631,36.33837607005262,25124.36926509315,2140,presynatpticmembranes_1,222.1140705061982,False,0.0107865678146481,1.0151236632274423,0.8333101083323696,0.9031704083316452,18.16918800601601,1.7593150555681012,0.8542681983321523
20241030_AMmilled12-1_15,15F1,2025-07-16 14:35:54,129,synapticvesicles_195.txt,81.33327845959359,156.79532703290897,113.5110784173376,18.13680649496717,36.27361298993434,24990.27686522045,11496,presynatpticmembranes_1,409.93492709858407,False,0.0107636665925383,1.0129684297110952,0.9906467932706244,0.8532086072614056,18.136806514591363,2.66232708810728,0.9494153374678588
20241030_AMmilled12-1_15,15F1,2025-07-16 14:35:54,130,synapticvesicles_101.txt,86.27848987134621,335.7431328863243,111.71909449811638,18.05296052301154,36.10592104602308,24645.28851666468,10842,presynatpticmembranes_1,299.37276239410244,False,0.0107818720862269,1.0146817483275063,0.9858837333405563,0.8548110980975028,18.052960487235232,2.6210895092308544,0.9465619427676404
20241030_AMmilled12-1_15,15F1,2025-07-16 14:35:54,131,synapticvesicles_121.txt,152.14048247771052,325.1428743933849,172.1362041316296,17.979797606480513,35.95959521296103,24346.86263050252,6012,presynatpticmembranes_1,245.45565905579647,False,0.0108099281787872,1.017322106590213,0.9960293426354518,0.9750008840304366,17.97979761151393,0.4494790455995148,0.9897208050539472
20241030_AMmilled12-1_15,15F1,2025-07-16 14:35:54,132,synapticvesicles_238.txt,397.21329891906566,256.8589234484208,109.73894362133316,17.88711165264459,35.77422330528918,23972.27565637632,5014,presynatpticmembranes_1,140.87290811606027,False,0.0107791097834706,1.0144217880749855,0.893179014064734,0.873564048413788,17.887109947588044,2.2615737673504928,0.8872945243694501
20241030_AMmilled12-1_15,15F1,2025-07-16 14:35:54,133,synapticvesicles_81.txt,67.85261976063063,381.3831592641201,103.81412578800392,17.685084232607,35.370168465214,23169.14498798563,7284,presynatpticmembranes_1,289.4081712937891,False,0.0108023919165134,1.0166128691109824,0.9212164370613258,0.8561383278313297,17.685084419231078,2.54420581699468,0.901693004292327
20241030_AMmilled12-1_15,15F1,2025-07-16 14:35:54,134,synapticvesicles_197.txt,254.6505227022343,260.191513328042,210.8541493950699,17.62518766522785,35.2503753304557,22934.530759570625,10448,presynatpticmembranes_1,201.00487593635043,False,0.0108193410560488,1.0182079522652727,0.992421201305664,0.8502254146275016,17.62518766193248,2.6398051741784125,0.9497624653022152
20241030_AMmilled12-1_15,15F1,2025-07-16 14:35:54,135,synapticvesicles_137.txt,94.8633654746302,205.7029823859773,179.19037697305254,17.505739229247865,35.01147845849573,22471.391890720788,10708,presynatpticmembranes_1,358.33553783292297,False,0.0108691481873393,1.0228953003113987,0.9936222704082436,0.8548988218746107,17.505734604763127,2.540102715101526,0.9520052358481536
20241030_AMmilled12-1_15,15F1,2025-07-16 14:35:54,136,synapticvesicles_269.txt,501.4198584224297,241.9412169636775,125.4523111511858,17.41954062623153,34.83908125246306,22141.075007834494,5686,presynatpticmembranes_1,105.83013586321326,False,0.0108333295211195,1.0195244064098654,0.9965997346414558,0.976655053803794,17.41954064278797,0.406658239068508,0.9906163303901572
20241030_AMmilled12-1_15,15F1,2025-07-16 14:35:54,137,synapticvesicles_190.txt,199.1511830924568,228.11072616775803,111.37746663655273,17.16762306688568,34.33524613377136,21194.301949207795,10154,presynatpticmembranes_1,282.1572186513169,False,0.0108056012541055,1.0169148998022115,0.993732766261458,0.8531354238207015,17.167624967879043,2.5213159649126986,0.9515535635292312
20241030_AMmilled12-1_15,15F1,2025-07-16 14:35:54,138,synapticvesicles_260.txt,424.59466553653766,192.370768736592,221.15006300476097,17.11515707511648,34.23031415023296,21000.57940433595,6964,presynatpticmembranes_1,160.0607163967129,False,0.0108670303598046,1.0226959916080165,0.9314800131458848,0.8642628484593197,17.115157047902553,2.323162665853692,0.9113148637399152
20241030_AMmilled12-1_15,15F1,2025-07-16 14:35:54,139,synapticvesicles_105.txt,96.43087701714737,316.051854789306,188.5517771614302,17.0752301733667,34.1504603467334,20853.949105154665,5428,presynatpticmembranes_1,294.42548388732337,False,0.0108412746340036,1.020272120811165,0.9943538326167216,0.9730502082684122,17.07523017836557,0.4601738970758753,0.9879627453122288
20241030_AMmilled12-1_15,15F1,2025-07-16 14:35:54,140,synapticvesicles_21.txt,197.9287190281092,401.9331535188601,181.2510602567916,16.932743057840927,33.865486115681854,20336.2355823618,5394,presynatpticmembranes_1,163.15927614684054,False,0.0108835259452462,1.0242483907963669,0.996824189545839,0.9800970520776572,16.932743062740144,0.3370115033601299,0.9918060483053844
20241030_AMmilled12-1_15,15F1,2025-07-16 14:35:54,141,synapticvesicles_220.txt,339.5349728713099,17.252399197298864,123.69007372352674,16.702701306383638,33.40540261276728,19518.604018155736,6792,presynatpticmembranes_1,359.8770288849044,False,0.0108979912474751,1.025609720075582,0.961480001190148,0.8457035349670925,16.702701290504535,2.577167765625433,0.9267470613232314
20241030_AMmilled12-1_15,15F1,2025-07-16 14:35:54,142,synapticvesicles_132.txt,57.54813333775165,241.7280507119385,123.19853127959809,16.622510308061834,33.24502061612367,19238.820476884022,9448,presynatpticmembranes_1,376.18439120844977,False,0.0109164305031299,1.0273450380255682,0.9897913147286423,0.8473352061590349,16.622510349988037,2.537672115700232,0.94705448215776
20241030_AMmilled12-1_15,15F1,2025-07-16 14:35:54,143,synapticvesicles_234.txt,382.2534993133263,121.11993309432891,215.1569659033274,16.24983775351135,32.4996755070227,17973.62584026276,9074,presynatpticmembranes_1,242.11537216992664,False,0.0109090274199843,1.026648334031203,0.9930612646954148,0.8377938475874054,16.249837746766772,2.6358236582319834,0.946481039563012
20241030_AMmilled12-1_15,15F1,2025-07-16 14:35:54,144,synapticvesicles_163.txt,220.960201038852,51.39497734287381,148.02930370857592,15.78376191255239,31.56752382510478,16471.007807842852,4678,presynatpticmembranes_1,390.6763926859292,False,0.0109062958508729,1.0263912661213432,0.9977073419399484,0.9805972068396837,15.783761918365082,0.3062490677937179,0.9925743014098688
20241030_AMmilled12-1_15,15F1,2025-07-16 14:35:54,145,synapticvesicles_237.txt,386.1681770700028,225.35616348951504,137.15203903889528,15.6709415944306,31.3418831888612,16120.328414338008,8284,presynatpticmembranes_1,160.29790257114263,False,0.0109044890850782,1.0262212314315624,0.9917449073551894,0.8444450177910399,15.67094162780968,2.437693046111588,0.9475549404859444
20241030_AMmilled12-1_15,15F1,2025-07-16 14:35:54,146,synapticvesicles_147.txt,137.76865916518602,90.33427423655507,127.44486651411503,15.558751320400422,31.117502640800843,15776.57867514908,8184,presynatpticmembranes_1,412.4580984601209,False,0.0109224449843168,1.0279110607196946,0.9903925469334314,0.8360165031915072,15.558751278290575,2.5513784405876963,0.944079733810854
20241030_AMmilled12-1_15,15F1,2025-07-16 14:35:54,147,synapticvesicles_139.txt,128.08613736402734,199.6916180457301,208.52227967004737,15.254855191973038,30.509710383946075,14870.065364643144,7094,presynatpticmembranes_1,337.9609964690752,False,0.0109045635908842,1.0262282431713472,0.9811317546282764,0.8444782016041587,15.254855077145905,2.372462495865662,0.940135688721041
20241030_AMmilled12-1_15,15F1,2025-07-16 14:35:54,148,synapticvesicles_102.txt,114.10386214433734,312.4060632011048,141.8701456728291,15.15661937110604,30.31323874221208,14584.637598654446,7072,presynatpticmembranes_1,290.4156138283734,False,0.0109273167327046,1.028369540854872,0.9820547252496216,0.8484903593304767,15.156619516732771,2.2963739767448663,0.941985415473878
20241030_AMmilled12-1_15,15F1,2025-07-16 14:35:54,149,synapticvesicles_267.txt,447.28588384699503,28.60149158477117,119.36971178381064,15.12420212540594,30.24840425081188,14491.255967137757,7552,presynatpticmembranes_1,319.84478104020656,False,0.0109020452946424,1.0259912463666216,0.991472764799276,0.811310893414735,15.124204309350668,2.8537725989443934,0.9374242033839136
20241030_AMmilled12-1_15,15F1,2025-07-16 14:35:54,150,synapticvesicles_268.txt,459.72919056717535,139.0079662775143,120.21898317036764,15.09631991075196,30.19263982150392,14411.25758821414,7674,presynatpticmembranes_1,211.5547415832999,False,0.0108616165816783,1.0221865010659048,0.9930622692639908,0.8298130785978823,15.096319921142292,2.5691962118806666,0.9440875120641584
20241030_AMmilled12-1_15,15F1,2025-07-16 14:35:54,151,synapticvesicles_75.txt,444.26472893313206,290.6347366137597,215.2511976924952,15.002372721210882,30.004745442421765,14143.876713576054,5020,presynatpticmembranes_1,66.37388222149856,False,0.0108889564871788,1.02475945897993,0.9483754384659792,0.8516444319689839,15.002374199251804,2.2256857461438617,0.9193561365168804
20241030_AMmilled12-1_15,15F1,2025-07-16 14:35:54,152,synapticvesicles_128.txt,36.25714466233449,331.269167559898,108.00839994374287,14.991146707479144,29.98229341495829,14112.14961780866,5796,presynatpticmembranes_1,342.7632944812363,False,0.0108984485268592,1.0256527546285112,0.9498225700275068,0.830712248186979,14.99113488920354,2.537815522519009,0.9140894734753484
20241030_AMmilled12-1_15,15F1,2025-07-16 14:35:54,153,synapticvesicles_227.txt,297.751992549712,26.75510420163436,144.99123211892376,14.595954360902333,29.191908721804666,13025.250954060702,7252,presynatpticmembranes_1,369.076290271322,False,0.0109054138883948,1.026308264651641,0.993540140020672,0.8275911247727096,14.59595433201162,2.5164720692510207,0.9437554354462834
20241030_AMmilled12-1_15,15F1,2025-07-16 14:35:54,154,synapticvesicles_138.txt,115.96600787095464,241.10971597335643,213.0634649445693,14.460927610392629,28.921855220785258,12667.096106486371,3670,presynatpticmembranes_1,320.83722996904805,False,0.0108745396137237,1.0234026873315751,0.9283807865443492,0.8510314573465618,14.460927741152402,2.1542233310161487,0.905175987785013
20241030_AMmilled12-1_15,15F1,2025-07-16 14:35:54,155,synapticvesicles_248.txt,380.7591545212454,229.4382562564242,219.95804167104112,14.432553043103873,28.865106086207746,12592.677936834192,2444,presynatpticmembranes_1,156.13522289431475,False,0.0109168756753206,1.027386933170782,0.8704304837968948,0.8467165537351485,14.4325530573204,2.2122714710263898,0.8633163047783708
20241030_AMmilled12-1_15,15F1,2025-07-16 14:35:54,156,synapticvesicles_84.txt,35.44541080385238,431.61212438736686,105.3837343432685,14.358287314634277,28.71657462926856,12399.281724516006,6394,presynatpticmembranes_1,282.96430618039136,False,0.0108755584806203,1.0234985728731318,0.984496551699264,0.8207182924641026,14.358287270992545,2.5741782592344835,0.9353630739287154
20241030_AMmilled12-1_15,15F1,2025-07-16 14:35:54,157,synapticvesicles_171.txt,263.60871899533055,185.40854742500875,115.53413931162476,14.3113624670382,28.6227249340764,12278.11094358586,5552,presynatpticmembranes_1,267.5046581590745,False,0.0108917905017733,1.0250261680319936,0.9610449689704186,0.8551462795081003,14.311362444627484,2.07305409541234,0.929275362131723
20241030_AMmilled12-1_15,15F1,2025-07-16 14:35:54,158,synapticvesicles_242.txt,370.962251822971,145.96770841875932,185.75841609509524,14.07331096117044,28.14662192234088,11675.553034058272,6134,presynatpticmembranes_1,227.16931896574985,False,0.0108583038672804,1.021874741585724,0.9846144743596672,0.8453845556052987,14.073315354608145,2.1759519076595115,0.9428454987333564
20241030_AMmilled12-1_15,15F1,2025-07-16 14:35:54,159,synapticvesicles_178.txt,249.8916152553145,150.43537487933548,217.8335441271965,13.812884596404707,27.62576919280941,11039.305687440232,4038,presynatpticmembranes_1,287.093348291524,False,0.0108541417866945,1.0214830482719963,0.9135130468259453,0.8594377229327033,13.812884647270437,1.941570518888237,0.8972904496579727
20241030_AMmilled12-1_15,15F1,2025-07-16 14:35:54,160,synapticvesicles_120.txt,203.9017827006652,311.81424476678734,111.37350791082731,13.79632247118441,27.59264494236882,10999.643756268171,1746,presynatpticmembranes_1,231.3509662717275,False,0.010923508554697,1.0280111533051224,0.8648227538320029,0.8675850305270836,13.79632016546256,1.8268393135483063,0.865651436840527
20241030_AMmilled12-1_15,15F1,2025-07-16 14:35:54,161,synapticvesicles_136.txt,62.96991501768144,213.015182379158,155.141459609909,13.234101924803529,26.468203849607058,9708.944861059192,3150,presynatpticmembranes_1,390.18163704296376,False,0.0108924433588981,1.025087608401858,0.9239930532753692,0.8429868816028983,13.234102012614311,2.077927626185933,0.8996912017736278
20241030_AMmilled12-1_15,15F1,2025-07-16 14:35:54,162,synapticvesicles_140.txt,128.51135818516366,246.35819430079428,163.85388639634257,12.916150365083263,25.832300730166526,9025.845311073372,2294,presynatpticmembranes_1,314.6371359124345,False,0.0109501434490084,1.030517762631434,0.9078746317896806,0.8654449868309979,12.91614988821322,1.737932718301335,0.8951457383020758
20241030_AMmilled12-1_15,15F1,2025-07-16 14:35:54,163,synapticvesicles_131.txt,88.76722531461483,370.8377128220648,154.02900658949412,11.95997284525962,23.91994569051924,7166.03937445677,1584,presynatpticmembranes_1,277.7450077885109,False,0.010874068364501,1.0233583380774365,0.8609349261783736,0.8462217199682607,11.959973431967152,1.8391841435932064,0.8565209643153398
20231026_HippAu_26,15F1,2025-07-16 14:51:25,0,synapticvesicles_75.txt,341.7817540330794,536.2805933999977,191.056677505106,30.160540540762067,60.321081081524135,114922.739893542,17178,presynatpticmembranes_1,88.57018366805177,False,0.0513870418071746,0.990860091011132,0.996502655738736,0.9659014162178362,30.16054055615912,1.0284317190695402,0.987322283882466
20231026_HippAu_26,15F1,2025-07-16 14:51:25,1,synapticvesicles_147.txt,451.3030614310607,534.7347482323406,213.41732825816203,30.04211169141802,60.08422338283604,113574.2764054512,17008,presynatpticmembranes_1,5.678848394815783,True,0.0513926818966865,0.9909688448800164,0.9965453460496504,0.9730593190510572,30.042111691930813,0.8093549461248104,0.9894995379500724
20231026_HippAu_26,15F1,2025-07-16 14:51:25,2,synapticvesicles_21.txt,257.12522015075285,409.3798748938457,196.63903451251127,26.442258660040604,52.88451732008121,77443.37242820598,13252,presynatpticmembranes_1,169.7513689252183,False,0.0522193014621734,1.006907967061118,0.9969409243185928,0.9700583956553074,26.442258120501485,0.791723630624291,0.988876165719607
20231026_HippAu_26,15F1,2025-07-16 14:51:25,3,synapticvesicles_230.txt,193.40148574092623,322.4669809072321,110.80111096761094,26.262080907596783,52.524161815193565,75871.03598329533,12980,presynatpticmembranes_1,203.2933913921305,False,0.0521744005382061,1.0060421742066523,0.9969586468235142,0.9697958629897092,26.26208091534912,0.7932234901425483,0.9888098116733726
20231026_HippAu_26,15F1,2025-07-16 14:51:25,4,synapticvesicles_300.txt,50.15090918303939,695.1092839002315,207.68379319441945,26.135420629444223,52.27084125888845,74778.55895394715,12922,presynatpticmembranes_1,156.80678828089222,False,0.0521773323416709,1.0060987061054714,0.9963074415090252,0.9663936809451572,26.13542063926908,0.8783152846357989,0.9873333133398648
20231026_HippAu_26,15F1,2025-07-16 14:51:25,5,synapticvesicles_189.txt,319.4734196688664,590.2819718595025,163.35033888621393,26.037573804094112,52.07514760818823,73941.82258076088,12738,presynatpticmembranes_1,70.12965361067539,False,0.0521986633539199,1.006510016972863,0.9960125085661896,0.9625650442429836,26.037573817196453,0.9747154238668015,0.9859782692692278
20231026_HippAu_26,15F1,2025-07-16 14:51:25,6,synapticvesicles_38.txt,384.3921498612639,413.1674691047953,182.93453525059948,25.935882746053306,51.87176549210661,73078.85119668584,12670,presynatpticmembranes_1,48.534328717822966,False,0.0522122085094451,1.0067711986553352,0.9968692021424352,0.9732204664897212,25.935882754953248,0.6945508413549332,0.989774581446621
20231026_HippAu_26,15F1,2025-07-16 14:51:25,7,synapticvesicles_18.txt,431.8871254502372,273.158013781537,182.3581118835469,24.75538255793924,49.510765115878485,63547.36330539292,11522,presynatpticmembranes_1,4.656450294728205,True,0.052284687757492,1.0081687648858573,0.9966160097980769,0.9713279260056576,24.755382562095903,0.7097881605786692,0.989029584660351
20231026_HippAu_26,15F1,2025-07-16 14:51:25,8,synapticvesicles_162.txt,314.53367043410753,511.2523889507959,121.45422451260252,24.44571605031004,48.89143210062008,61192.317037109126,11258,presynatpticmembranes_1,103.467397675623,False,0.0523773320019245,1.0099551585221065,0.997935436623069,0.9771113773787043,24.44571605657675,0.5595287695263323,0.9916882188497596
20231026_HippAu_26,15F1,2025-07-16 14:51:25,9,synapticvesicles_93.txt,251.98662897721115,463.3526266679663,123.96248525019728,24.23648433057516,48.47296866115031,59634.48557481681,11072,presynatpticmembranes_1,172.35012609393112,False,0.0524954609572887,1.012232955868419,0.998155485704634,0.978912218439982,24.23648433481689,0.5110936874354196,0.9923825055252384
20231026_HippAu_26,15F1,2025-07-16 14:51:25,10,synapticvesicles_78.txt,393.5824171056596,511.969418653102,210.5395974957321,24.10869282069546,48.21738564139092,58696.14780564048,10958,presynatpticmembranes_1,60.38282698094643,False,0.0524354688823223,1.011076170990935,0.9972644964673256,0.9728463306429594,24.108692822853367,0.654639473542218,0.989939046720016
20231026_HippAu_26,15F1,2025-07-16 14:51:25,11,synapticvesicles_3.txt,347.91180653148825,186.7743828992656,219.3083196089872,23.95942940932431,47.91885881864862,57612.67267975634,17926,presynatpticmembranes_1,53.8271536156797,False,0.0524889342486858,1.012107105948812,0.9792363935419834,0.8698837556162261,23.95942944431033,3.117510976871672,0.9464306021642562
20231026_HippAu_26,15F1,2025-07-16 14:51:25,12,synapticvesicles_79.txt,320.05901900941,622.8747644905685,254.42775370515164,23.789737237324136,47.57947447464827,56397.20027809474,10660,presynatpticmembranes_1,86.00041793301513,False,0.0524527691304683,1.0114097594764688,0.9960305813375928,0.962782636223684,23.78973696446503,0.8853912947493645,0.98605619780342
20231026_HippAu_26,15F1,2025-07-16 14:51:25,13,synapticvesicles_64.txt,345.2640620828255,375.4583602083024,111.0103557332545,23.736906353335968,47.473812706671936,56022.30305920141,10630,presynatpticmembranes_1,61.89974014279631,False,0.0524891018867492,1.0121103383953771,0.9973432884105584,0.9746479057022384,23.736906359551384,0.601780288364485,0.9905346735980624
20231026_HippAu_26,15F1,2025-07-16 14:51:25,14,synapticvesicles_246.txt,195.4858758077768,183.4353567147747,97.79483984647632,23.61944861462305,47.2388972292461,55194.76317679181,10532,presynatpticmembranes_1,113.82803973099824,False,0.0525137037038803,1.012584717886864,0.9971578833066792,0.9711212584668358,23.61944861629984,0.6820999517459756,0.9893468958547262
20231026_HippAu_26,15F1,2025-07-16 14:51:25,15,synapticvesicles_247.txt,158.56822561163332,228.9436026864121,163.8319809816197,23.525792842259303,47.05158568451861,54540.78881541844,10436,presynatpticmembranes_1,186.52192814970613,False,0.052417367696762,1.010727138594034,0.9984028024821672,0.9805794818705044,23.525792749718235,0.4568830846066574,0.9930558062986684
20231026_HippAu_26,15F1,2025-07-16 14:51:25,16,synapticvesicles_220.txt,71.23394141123958,304.7290925890093,218.3099789412247,23.29978511295911,46.59957022591822,52983.9529430444,10194,presynatpticmembranes_1,314.3959572717726,False,0.0525134801864624,1.0125804079581104,0.9972817319002806,0.9778916016681122,23.299784205122137,0.5151209102538691,0.99146469283063
20231026_HippAu_26,15F1,2025-07-16 14:51:25,17,synapticvesicles_59.txt,312.7958678213071,461.4083084579504,130.94231310477656,23.23990711567758,46.47981423135516,52576.51225889708,10202,presynatpticmembranes_1,115.97058668368516,False,0.0525072067975997,1.0124594426244242,0.998194940372268,0.9808769518177765,23.23990712116097,0.4444178636283649,0.9929995438059204
20231026_HippAu_26,15F1,2025-07-16 14:51:25,18,synapticvesicles_10.txt,391.6802881660103,329.8286340076343,239.3399552040567,23.0611629426953,46.1223258853906,51372.67999383657,10056,presynatpticmembranes_1,58.90643326254569,False,0.0525243505835533,1.0127900141598305,0.99489045554083,0.9640300956811316,23.06116294856216,0.82950782474161,0.9856323475829204
20231026_HippAu_26,15F1,2025-07-16 14:51:25,19,synapticvesicles_132.txt,227.6717066348752,612.5730746379046,178.3637032209612,23.01449933449997,46.02899866899993,51061.45711846579,10000,presynatpticmembranes_1,108.84741317794509,False,0.0524780824780464,1.0118978589078216,0.9965180971954328,0.9647488547613908,23.01449934293707,0.8112874589317466,0.9869873244652204
20231026_HippAu_26,15F1,2025-07-16 14:51:25,20,synapticvesicles_4.txt,300.28657428841626,380.4082711601787,210.61535824191125,22.74606334163153,45.49212668326306,49295.50748372611,9728,presynatpticmembranes_1,133.20091160986408,False,0.0524225905537605,1.0108278472625778,0.9973551428974796,0.9744365495028686,22.746063301186744,0.5814678632045033,0.9904795648790964
20231026_HippAu_26,15F1,2025-07-16 14:51:25,21,synapticvesicles_223.txt,108.90355574368756,349.2188891590938,168.33622524655024,22.65145718029543,45.30291436059086,48682.9678565083,9650,presynatpticmembranes_1,299.3403690050713,False,0.0524147413671016,1.0106764969311783,0.9986259908374224,0.9858618890912824,22.65145718607816,0.3202488139408397,0.9947967603135804
20231026_HippAu_26,15F1,2025-07-16 14:51:25,22,synapticvesicles_245.txt,167.0249711894233,264.76175313178976,120.63505357037582,22.496568655110647,44.99313731022129,47691.11248229188,9530,presynatpticmembranes_1,189.6921610857738,False,0.0523997843265533,1.010388090865412,0.998237292574334,0.981400640205112,22.496568662238,0.4184217746993668,0.9931862968635674
20231026_HippAu_26,15F1,2025-07-16 14:51:25,23,synapticvesicles_57.txt,393.1549854240307,364.4710922153642,202.80339244632225,22.488914500356508,44.977829000713015,47642.45026494881,9606,presynatpticmembranes_1,42.3133227690512,False,0.052485242486,1.0120359202922309,0.9967581800084532,0.965900815600286,22.488914498828883,0.7668536424449683,0.987500970686003
20231026_HippAu_26,15F1,2025-07-16 14:51:25,24,synapticvesicles_19.txt,442.88161123778576,311.0324146137603,226.06920207992908,22.42313110009061,44.84626220018124,47225.58839374748,9464,presynatpticmembranes_1,8.99087254244752,True,0.052379909902811,1.010004866367065,0.9975386739059386,0.9730650777985116,22.42313110355247,0.6039652917879619,0.9901965950737104
20231026_HippAu_26,15F1,2025-07-16 14:51:25,25,synapticvesicles_241.txt,134.749060473826,394.86293996225,171.5931971326305,22.30987359958897,44.61974719917794,46513.59835978577,9418,presynatpticmembranes_1,281.92108669449584,False,0.0523968636989593,1.010331774463031,0.9981028048452584,0.9771245240327158,22.309873602579355,0.5103489774289524,0.9918093206014954
20231026_HippAu_26,15F1,2025-07-16 14:51:25,26,synapticvesicles_104.txt,220.0527972573224,596.9466562539143,236.4087624919116,22.287639209504103,44.57527841900821,46374.668240937375,9384,presynatpticmembranes_1,149.12853100193274,False,0.0524316653609275,1.0110028303699767,0.9970669977761596,0.9704019341570128,22.28763921359802,0.6596710129288177,0.9890674786904156
20231026_HippAu_26,15F1,2025-07-16 14:51:25,27,synapticvesicles_26.txt,207.77991182092103,547.0855094361622,239.2347005845589,22.07940612155341,44.15881224310683,45086.94119911336,9154,presynatpticmembranes_1,192.42730784010703,False,0.0522598400712013,1.0076896444727417,0.9975056184857684,0.9719684634399204,22.0794061270962,0.6189196800765449,0.989844471972014
20231026_HippAu_26,15F1,2025-07-16 14:51:25,28,synapticvesicles_211.txt,278.00146724698254,305.0603393210153,132.64164435590112,21.96049979853348,43.92099959706695,44362.42409501198,9080,presynatpticmembranes_1,130.49087613793304,False,0.052040584385395,1.003461891693978,0.9973255279719132,0.9706368637362344,21.96049469517408,0.6448289981540971,0.9893189287012094
20231026_HippAu_26,15F1,2025-07-16 14:51:25,29,synapticvesicles_101.txt,262.14587717741256,521.3637938684249,209.05044730380044,21.8260317555142,43.65206351102839,43552.48677204189,8970,presynatpticmembranes_1,173.63105743128392,False,0.0521547831594944,1.005663906126372,0.997088169606912,0.967930326270628,21.826031649719315,0.6999537138134466,0.9883408166060268
20231026_HippAu_26,15F1,2025-07-16 14:51:25,30,synapticvesicles_85.txt,397.3902999967832,666.9652771868821,250.5740682427142,21.78632813430221,43.57265626860441,43315.24056057044,8928,presynatpticmembranes_1,16.52260782013726,False,0.0521030314266681,1.0046660139556065,0.9967751316559776,0.972222862242396,21.786328161823047,0.6051618385833251,0.989409450831903
20231026_HippAu_26,15F1,2025-07-16 14:51:25,31,synapticvesicles_218.txt,19.623313757614227,356.11066511614206,216.79614681179024,21.72425072197237,43.44850144394475,42946.03052698986,8910,presynatpticmembranes_1,382.9447800201777,False,0.0516879707574844,0.9966626917564854,0.9934305916291644,0.9811502592195012,21.72425072636529,0.4094964948425498,0.9897464919062652
20231026_HippAu_26,15F1,2025-07-16 14:51:25,32,synapticvesicles_71.txt,330.6031550572003,423.7375246556707,100.9241542398076,21.633431868395608,43.266863736791215,42409.66773021587,8866,presynatpticmembranes_1,87.18634632977025,False,0.052187044173479,1.006285972509818,0.9979119953583386,0.9800354799864156,21.63343187007135,0.4319010835325536,0.9925490407467616
20231026_HippAu_26,15F1,2025-07-16 14:51:25,33,synapticvesicles_129.txt,192.47572859078383,570.1633986661022,186.7655372604052,21.632174074185688,43.264348148371376,42402.270910308485,8856,presynatpticmembranes_1,166.08215827021343,False,0.0521829091012477,1.0062062388278752,0.9979191311292942,0.9746976375493444,21.63217401937108,0.547345107633782,0.9909526830553091
20231026_HippAu_26,15F1,2025-07-16 14:51:25,34,synapticvesicles_105.txt,260.6091786350267,621.6053360299144,242.33661032104388,21.582782051839764,43.16556410367953,42112.486496345686,8780,presynatpticmembranes_1,113.7587254176907,False,0.0520629361271858,1.003892884569345,0.9964589235552436,0.9651820085193956,21.582782059222367,0.751469121865747,0.9870758490444892
20231026_HippAu_26,15F1,2025-07-16 14:51:25,35,synapticvesicles_6.txt,337.9645674988654,313.3157564385332,157.77206422825907,21.52068418189504,43.04136836379008,41750.033855245376,8710,presynatpticmembranes_1,83.2568916238065,False,0.0520610101521015,1.0038557473499172,0.998229577110581,0.9815740629260608,21.52068418642973,0.396538772607271,0.9932329228552248
20231026_HippAu_26,15F1,2025-07-16 14:51:25,36,synapticvesicles_148.txt,409.2726930912822,544.0375957698732,267.71805617167,21.51994896219904,43.03989792439808,41745.755032375615,8682,presynatpticmembranes_1,72.6897951606993,False,0.0520884506404399,1.0043848629365757,0.9943481589588612,0.9679672057794968,21.51994897232741,0.6893440970662918,0.986433873005052
20231026_HippAu_26,15F1,2025-07-16 14:51:25,37,synapticvesicles_169.txt,410.5951625306321,505.2998263789059,106.33340307697812,21.30832622550552,42.61665245101103,40526.26879737415,8450,presynatpticmembranes_1,13.200427758798046,False,0.0520988143980503,1.004584699966454,0.9931379493507204,0.9565098414767784,21.30832611156189,0.9267024804563267,0.9821495169885378
20231026_HippAu_26,15F1,2025-07-16 14:51:25,38,synapticvesicles_130.txt,226.1843077869204,536.3334559309087,175.8714497560963,21.295775446406346,42.59155089281269,40454.70005332015,8598,presynatpticmembranes_1,172.25465177760574,False,0.0520810820162296,1.0042427789519963,0.9969413189061512,0.9687561265502902,21.29577545621456,0.6653625133674032,0.9884857611993928
20231026_HippAu_26,15F1,2025-07-16 14:51:25,39,synapticvesicles_217.txt,20.45073215393168,344.25289708901795,159.87683169148394,21.24240268656159,42.48480537312318,40151.2917010082,14366,presynatpticmembranes_1,356.0315285525765,False,0.0518393889069557,0.999582381158511,0.9854025447061124,0.8690540424565155,21.242402739007467,2.7816067671836704,0.9504979940312333
20231026_HippAu_26,15F1,2025-07-16 14:51:25,40,synapticvesicles_281.txt,78.19018147496254,285.63872306316904,161.72941934998488,21.21884095258873,42.43768190517747,40017.83432383247,8488,presynatpticmembranes_1,280.7923083145138,False,0.0521374009549617,1.0053287373336288,0.9977952441117268,0.9754467073224138,21.218841198060588,0.5209924182152063,0.9910906830749328
20231026_HippAu_26,15F1,2025-07-16 14:51:25,41,synapticvesicles_58.txt,281.19119677617675,409.9700695403029,133.86560507041077,21.20427125040721,42.40854250081442,39935.457391412754,8510,presynatpticmembranes_1,138.4602997517368,False,0.0521598942577838,1.0057624598305397,0.9979957632539956,0.9761608550128168,21.204271258845992,0.5054916968871913,0.991445290781642
20231026_HippAu_26,15F1,2025-07-16 14:51:25,42,synapticvesicles_170.txt,428.9990361176773,466.4506223619834,125.80616794807165,21.16772926245672,42.33545852491344,39729.34690502352,8454,presynatpticmembranes_1,5.830822011702501,True,0.05210892111063,1.0047795805782658,0.997935574735485,0.9752667284398038,21.16772914698211,0.5235471933049897,0.9911349208467806
20231026_HippAu_26,15F1,2025-07-16 14:51:25,43,synapticvesicles_102.txt,160.40403838329982,566.5237184444787,265.45844709056394,21.14617661939651,42.29235323879302,39608.11507019577,8460,presynatpticmembranes_1,217.38040097773188,False,0.0520761683583259,1.0041480323515617,0.9970006446752732,0.9736196280483193,21.146176626071675,0.5578440047517113,0.9899863396871872
20231026_HippAu_26,15F1,2025-07-16 14:51:25,44,synapticvesicles_30.txt,296.2404963984267,330.3724976251026,207.9355591007741,21.060736058830187,42.121472117660375,39129.945729355335,8378,presynatpticmembranes_1,140.92138713386845,False,0.0520770139992237,1.0041643382486798,0.9980673825682062,0.9809945275645556,21.06073606625208,0.4002692387773256,0.992945526067111
20231026_HippAu_26,15F1,2025-07-16 14:51:25,45,synapticvesicles_106.txt,238.66603391766057,661.2285920280457,267.674395716104,21.036535144152904,42.07307028830581,38995.20788603496,8348,presynatpticmembranes_1,102.32127085858964,False,0.0520894862711429,1.0044048322731345,0.9975241798377632,0.9739774749659064,21.036535146535016,0.5474237624812952,0.9904601683762062
20231026_HippAu_26,15F1,2025-07-16 14:51:25,46,synapticvesicles_201.txt,159.65148996797865,324.37455274871974,220.6253374355531,21.00561972515023,42.01123945030046,38823.53764248573,8382,presynatpticmembranes_1,270.3181217311947,False,0.0521125718951225,1.0048499760812424,0.9973013091353984,0.9760069715039892,21.00561972825566,0.5039884327164021,0.9909130078459758
20231026_HippAu_26,15F1,2025-07-16 14:51:25,47,synapticvesicles_258.txt,109.58280377225564,342.11521306301955,96.68209917524018,20.94345417292048,41.88690834584096,38479.86517471235,8276,presynatpticmembranes_1,279.4182968045822,False,0.0520537830889225,1.003716392986882,0.9979573787077765,0.9799353864017604,20.943454177210427,0.4202223154781672,0.9925507810159716
20231026_HippAu_26,15F1,2025-07-16 14:51:25,48,synapticvesicles_39.txt,402.0258492662157,457.0590179093698,202.63646865560733,20.9337261657274,41.86745233145479,38426.26963755312,8286,presynatpticmembranes_1,54.3109715778204,False,0.0519629158079624,1.0019642632842247,0.99836093246711,0.9858481391944558,20.93372617063996,0.2962511789082735,0.9946070944853138
20231026_HippAu_26,15F1,2025-07-16 14:51:25,49,synapticvesicles_83.txt,395.153148062243,608.9442297307068,260.01472980094184,20.91115170501101,41.82230341002202,38302.0895652594,8290,presynatpticmembranes_1,67.35406493116012,False,0.0519429929554462,1.001580104967981,0.9969917604167392,0.9750072830044956,20.911151712808497,0.522626496808277,0.990396417193066
20231026_HippAu_26,15F1,2025-07-16 14:51:25,50,synapticvesicles_127.txt,256.5535609541917,627.4901672286878,134.69953466231425,20.886676422241216,41.77335284448243,38167.755835823205,8226,presynatpticmembranes_1,76.82860967626931,False,0.0520970784127712,1.0045512261864673,0.9959743282632872,0.9619978360404178,20.88667713706973,0.7937389291337823,0.9857813805964264
20231026_HippAu_26,15F1,2025-07-16 14:51:25,51,synapticvesicles_43.txt,434.4541341301156,424.1794307907612,148.9723699754989,20.822379699477345,41.64475939895469,37816.35743746481,8176,presynatpticmembranes_1,4.384782553079917,True,0.0520520024001598,1.0036820572211445,0.997935589331272,0.9760830022707944,20.82237970234412,0.498008808057623,0.9913798132131288
20231026_HippAu_26,15F1,2025-07-16 14:51:25,52,synapticvesicles_149.txt,432.66819015629073,561.2458576306403,162.1398627791565,20.80811391496664,41.61622782993327,37738.684689540176,8114,presynatpticmembranes_1,5.135993871547335,True,0.0520683303475379,1.0039968975165998,0.9979913046496824,0.982064727900856,20.808113920512778,0.3731991850343812,0.9932133316250344
20231026_HippAu_26,15F1,2025-07-16 14:51:25,53,synapticvesicles_24.txt,230.11278077256728,451.4961549855912,177.93914371791774,20.8007636538086,41.6015273076172,37698.70635956238,8206,presynatpticmembranes_1,208.1220128250594,False,0.0519778952002525,1.0022531003428663,0.9985259554575264,0.9795315573482534,20.80076366256039,0.4257592381396534,0.9928276360247444
20231026_HippAu_26,15F1,2025-07-16 14:51:25,54,synapticvesicles_152.txt,213.81128632886,499.1473870741589,147.6567345997804,20.79261301581422,41.58522603162844,37654.40777589216,8182,presynatpticmembranes_1,208.22288339905745,False,0.0519649013876915,1.0020025498179863,0.9984744533264078,0.9813622358727184,20.79261302167875,0.3875278170878898,0.993340788090301
20231026_HippAu_26,15F1,2025-07-16 14:51:25,55,synapticvesicles_47.txt,265.64893678646723,365.2105455683829,159.0692677574489,20.759797278226653,41.519594556453306,37476.40590198765,8120,presynatpticmembranes_1,151.4058387416826,False,0.0520734973251819,1.0040965287029555,0.9984872939662528,0.9834762405083828,20.75979728309143,0.3430298974005346,0.9939839779288916
20231026_HippAu_26,15F1,2025-07-16 14:51:25,56,synapticvesicles_77.txt,387.0550619702525,485.8041696207708,163.67882866358747,20.71789839171233,41.43579678342467,37249.95099096294,8118,presynatpticmembranes_1,54.86361542198973,False,0.052030649036169,1.0032703153608775,0.9986030751999716,0.9811065753463728,20.71789839702756,0.3914320523457451,0.993354125243892
20231026_HippAu_26,15F1,2025-07-16 14:51:25,57,synapticvesicles_118.txt,220.158715954612,317.4874134532447,212.58704491044423,20.70415506821196,41.40831013642392,37175.87031991787,8062,presynatpticmembranes_1,212.8968200747503,False,0.0520633198320865,1.0039002832803718,0.9969202166145424,0.9711329603900736,20.70415507603575,0.5976676646699819,0.9891840397472016
20231026_HippAu_26,15F1,2025-07-16 14:51:25,58,synapticvesicles_14.txt,365.8695519865692,469.233308973571,243.2701442616893,20.6919227992392,41.3838455984784,37110.01736034669,8082,presynatpticmembranes_1,96.8698308301261,False,0.0519881099462509,1.002450064086909,0.9971683243484208,0.9707418279131992,20.69192328104235,0.6054078521636154,0.9892403754178544
20231026_HippAu_26,15F1,2025-07-16 14:51:25,59,synapticvesicles_32.txt,329.4905583906845,400.6026393094567,170.21052345039286,20.691223420923016,41.38244684184603,37106.25457844125,8096,presynatpticmembranes_1,99.62393455390564,False,0.0521173104643821,1.00494134657082,0.9977702036429408,0.9777530115679068,20.691223644787566,0.4603174130714426,0.9917650460204306
20231026_HippAu_26,15F1,2025-07-16 14:51:25,60,synapticvesicles_49.txt,200.2372161477577,426.0538496720234,228.35151750249165,20.673862448002403,41.347724896004806,37012.930906511305,8038,presynatpticmembranes_1,240.80722293248743,False,0.0520036034286022,1.0027488139816838,0.996894909170574,0.9699110662595396,20.67386244967797,0.6220544774077521,0.9887997562972636
20231026_HippAu_26,15F1,2025-07-16 14:51:25,61,synapticvesicles_156.txt,254.6746620916032,533.9442471303677,126.8805169750958,20.64683980893197,41.29367961786394,36867.98262094422,8082,presynatpticmembranes_1,153.9439367454916,False,0.0519475787878036,1.0016685303395774,0.99750807761451,0.9746373574764232,20.64683981832051,0.5236584175536165,0.990646861573084
20231026_HippAu_26,15F1,2025-07-16 14:51:25,62,synapticvesicles_216.txt,20.393229244480864,307.6351407140326,221.58997142797404,20.571009313788085,41.14201862757617,36463.25307963842,8010,presynatpticmembranes_1,358.8876055275817,False,0.0518432110548019,0.9996560809401986,0.9953851000792734,0.9784900955191116,20.57100931905671,0.4424804455283784,0.9903165987112248
20231026_HippAu_26,15F1,2025-07-16 14:51:25,63,synapticvesicles_53.txt,277.8443700702345,476.7441043255789,209.34632132281536,20.54421938539153,41.08843877078306,36320.97863218344,7964,presynatpticmembranes_1,172.6855954368618,False,0.0519287884235382,1.001306208995686,0.9976636900569196,0.9751001448860488,20.54421939320352,0.5115480863199956,0.9908946265056582
20231026_HippAu_26,15F1,2025-07-16 14:51:25,64,synapticvesicles_278.txt,99.0591634738735,286.122897089585,111.97866054297978,20.51627797714835,41.0325559542967,36172.983768938575,7872,presynatpticmembranes_1,253.30743398589289,False,0.0520088113844394,1.0028492353216445,0.9984194824551575,0.9818051399285004,20.51627798062318,0.3732908070454286,0.9934351796971604
20231026_HippAu_26,15F1,2025-07-16 14:51:25,65,synapticvesicles_9.txt,386.69393280517374,281.0300362704981,227.1915977881616,20.514197083015134,41.02839416603027,36161.97818857102,7978,presynatpticmembranes_1,61.56911032951695,False,0.0519974939525127,1.002631009262417,0.9980017967859968,0.98033683926228,20.51419702042252,0.4033739534178258,0.9927023095288818
20231026_HippAu_26,15F1,2025-07-16 14:51:25,66,synapticvesicles_56.txt,374.9629625309961,360.1249514068929,154.87954792840517,20.50207675327983,41.00415350655966,36097.9196939939,7934,presynatpticmembranes_1,50.11550409039085,False,0.0520034693181514,1.0027462280244317,0.9986803859091492,0.9850140456554528,20.502076757551183,0.307243186257062,0.99458048383304
20231026_HippAu_26,15F1,2025-07-16 14:51:25,67,synapticvesicles_81.txt,347.59515805705456,641.1835633746882,190.9538037929189,20.39568984491697,40.79137968983393,35538.8856905404,7842,presynatpticmembranes_1,36.06968445448315,False,0.0519618280231952,1.0019432882976236,0.9974062642741606,0.973098225612708,20.395689851417085,0.5486802468560045,0.9901138526757248
20231026_HippAu_26,15F1,2025-07-16 14:51:25,68,synapticvesicles_22.txt,196.66962356568985,502.8159411104196,227.5458867639509,20.2755806715088,40.5511613430176,34914.71583253132,7780,presynatpticmembranes_1,229.69677796889752,False,0.0519104935228824,1.000953441327198,0.9976450548923091,0.9755216713669448,20.275580676064784,0.4963123270147381,0.9910080398347
20231026_HippAu_26,15F1,2025-07-16 14:51:25,69,synapticvesicles_198.txt,210.92315369076883,260.8068829032027,156.81958966026718,20.271551516853616,40.54310303370723,34893.905256686856,7788,presynatpticmembranes_1,171.25114344298348,False,0.0519804656505584,1.0023026645235336,0.9977389300866176,0.9754039781927318,20.271551496443056,0.4985995226736729,0.9910384445184518
20231026_HippAu_26,15F1,2025-07-16 14:51:25,70,synapticvesicles_25.txt,240.2694003679572,508.7466493868255,256.77548651464656,20.235890789514293,40.47178157902859,34710.0780339318,7690,presynatpticmembranes_1,215.73214241827048,False,0.0518676675856113,1.0001276589779955,0.9964949727787712,0.9702801449636164,20.235890796830656,0.6014077410138969,0.9886305244342246
20231026_HippAu_26,15F1,2025-07-16 14:51:25,71,synapticvesicles_180.txt,168.46190644181524,619.5671700396326,258.2852285720113,20.144966926124223,40.289933852248446,34244.29939633633,7678,presynatpticmembranes_1,169.22041174733425,False,0.0519273839890956,1.0012791282766835,0.9970208233298355,0.9720027170529384,20.14496692721693,0.5640043390204923,0.9895153914467664
20231026_HippAu_26,15F1,2025-07-16 14:51:25,72,synapticvesicles_242.txt,124.31633802334362,412.7798858264322,227.2435916082843,20.137253026129176,40.27450605225835,34204.976031260565,7656,presynatpticmembranes_1,312.3792542400189,False,0.0518797971308231,1.000361544445028,0.9981692202947792,0.9813187850803432,20.13725327046791,0.376188356237175,0.9931140897304482
20231026_HippAu_26,15F1,2025-07-16 14:51:25,73,synapticvesicles_121.txt,210.48899688573445,441.8072093487904,97.59608616595922,20.11877984067728,40.23755968135456,34110.927148383205,7628,presynatpticmembranes_1,208.6116900432097,False,0.0518929027020931,1.0006142499342847,0.994399968897086,0.9547122779483224,20.11877986209613,0.9111337104134996,0.9824936616124568
20231026_HippAu_26,15F1,2025-07-16 14:51:25,74,synapticvesicles_225.txt,124.7863514504423,300.59059384361944,172.4178055879798,20.11617291003113,40.23234582006226,34097.66889416343,7702,presynatpticmembranes_1,260.32260833220835,False,0.051947895437479,1.0016746360719784,0.9982867766134536,0.9844154664908588,20.11617291493344,0.3135011708684587,0.9941253835766752
20231026_HippAu_26,15F1,2025-07-16 14:51:25,75,synapticvesicles_87.txt,473.0977442594919,595.76716001068,248.2641045091437,20.07738261772952,40.15476523545904,33900.7960066794,7578,presynatpticmembranes_1,5.571926478885976,True,0.0518519915640354,0.999825389308072,0.9983403660418652,0.9811750088042088,20.077382622258988,0.3779565510985571,0.9931907588705682
20231026_HippAu_26,15F1,2025-07-16 14:51:25,76,synapticvesicles_16.txt,334.03309891329025,577.7315157140478,230.3953546445788,20.06720682716048,40.13441365432095,33849.27645399678,7624,presynatpticmembranes_1,108.81820855521012,False,0.0520194359123706,1.0030541006017353,0.9976308033852874,0.9723414824633416,20.067207362960787,0.5550292067602081,0.9900440071087035
20231026_HippAu_26,15F1,2025-07-16 14:51:25,77,synapticvesicles_257.txt,74.40164158842296,345.39115637255514,128.93652664322366,20.05753884425408,40.11507768850815,33800.3762872199,7560,presynatpticmembranes_1,312.7945388056493,False,0.0519123822450637,1.0009898602251666,0.9984772584701038,0.981075211181298,20.057538833645584,0.3795846866496563,0.993256644283462
20231026_HippAu_26,15F1,2025-07-16 14:51:25,78,synapticvesicles_252.txt,155.93522659624298,433.6091225806682,202.28733574085743,20.04814139432729,40.09628278865458,33752.889621711656,7602,presynatpticmembranes_1,279.7077453059084,False,0.0519762597978115,1.0022215660308187,0.998430700529036,0.9823114622776264,20.04814122873344,0.3546223023879243,0.993594929053613
20231026_HippAu_26,15F1,2025-07-16 14:51:25,79,synapticvesicles_222.txt,78.28208088909238,367.9955228734572,206.9311591863201,20.045367465007864,40.09073493001573,33738.881064880574,7616,presynatpticmembranes_1,344.3561040147928,False,0.0518880225718021,1.0005201498231628,0.9978676149942094,0.9803943593459492,20.045367470608515,0.3930022714071508,0.9926256382997312
20231026_HippAu_26,15F1,2025-07-16 14:51:25,80,synapticvesicles_304.txt,109.72421015950988,607.7088619733572,265.7401604558619,20.040584225482924,40.08116845096585,33714.7344418916,7588,presynatpticmembranes_1,210.42214153697248,False,0.0519726239144802,1.0021514578564257,0.9970959420790142,0.97073139850497,20.0405842343634,0.5865598736831632,0.9891865790068008
20231026_HippAu_26,15F1,2025-07-16 14:51:25,81,synapticvesicles_313.txt,439.5966370313548,509.4311275422544,156.1594856292847,20.031841947701327,40.063683895402654,33670.631683169246,6573,presynatpticmembranes_1,4.844598565845784,True,0.0519591346383094,1.001891353656142,0.9765930858326544,0.9750029891013824,20.03184195083808,0.5007361715644837,0.9761160568132728
20231026_HippAu_26,15F1,2025-07-16 14:51:25,82,synapticvesicles_35.txt,339.8590687583058,447.5537426470688,173.48080109610743,20.02547687758097,40.05095375516194,33638.545591277936,7536,presynatpticmembranes_1,104.89832493198006,False,0.051992043852806,1.0025259188329734,0.9980565430991044,0.9765422860070612,20.0254768836025,0.4697519093077581,0.9916022659714914
20231026_HippAu_26,15F1,2025-07-16 14:51:25,83,synapticvesicles_243.txt,132.03212053789338,459.2498822255201,236.5960948330857,19.97588548410913,39.95177096821826,33389.25495137675,7576,presynatpticmembranes_1,301.8376440222105,False,0.0518924966454505,1.0006064202303822,0.9975498404990708,0.9757250892695536,19.975885673079365,0.4849128414756037,0.9910024151302156
20231026_HippAu_26,15F1,2025-07-16 14:51:25,84,synapticvesicles_139.txt,289.8352194798938,586.8438374326013,213.70608884565928,19.95377445905138,39.90754891810276,33278.50334935494,7562,presynatpticmembranes_1,113.75503942026072,False,0.0520002171397209,1.002683518561066,0.9966501492765616,0.9641580661690238,19.95377498599792,0.715181882726325,0.9869025243443
20231026_HippAu_26,15F1,2025-07-16 14:51:25,85,synapticvesicles_44.txt,448.8962680847365,463.0205492797756,177.69791219291292,19.931956744979384,39.86391348995877,33169.46123143196,7500,presynatpticmembranes_1,6.3536254449283645,True,0.0519140809774398,1.0010226156836943,0.9984310423674072,0.98028102869609,19.93195675043228,0.3930376831925478,0.992986038266012
20231026_HippAu_26,15F1,2025-07-16 14:51:25,86,synapticvesicles_97.txt,206.47251031637416,406.1387082423476,173.17708754902858,19.90629013911372,39.81258027822744,33041.48809564719,7528,presynatpticmembranes_1,219.0298638829301,False,0.0519146509468555,1.0010336060020164,0.9988969181719982,0.9865767286949856,19.90628985301488,0.2672075293732712,0.9952008613288944
20231026_HippAu_26,15F1,2025-07-16 14:51:25,87,synapticvesicles_5.txt,323.6055813554156,355.80653190863484,161.73610237925584,19.83266944676929,39.66533889353859,32676.24395968841,7362,presynatpticmembranes_1,98.4743226720033,False,0.0519605688750743,1.0019190090323111,0.9975117017070926,0.9763601001636196,19.832669451321365,0.468842319317279,0.9911662212440506
20231026_HippAu_26,15F1,2025-07-16 14:51:25,88,synapticvesicles_72.txt,278.5852379660856,450.1882826052718,169.17831321054007,19.772039635402084,39.54407927080417,32377.47870856177,7416,presynatpticmembranes_1,162.2185869127718,False,0.0519407391548156,1.001536646519715,0.9985289232845228,0.9806110822597356,19.77203964437004,0.383358450221937,0.9931535709770868
20231026_HippAu_26,15F1,2025-07-16 14:51:25,89,synapticvesicles_272.txt,79.32012494292499,239.079784926548,109.84863900143938,19.76488289954307,39.52976579908614,32342.333138694365,7374,presynatpticmembranes_1,246.0151224349847,False,0.0518749468028545,1.000268018991073,0.9980266768889454,0.9789791565644892,19.76488290345054,0.4154745090346392,0.9923124207916084
20231026_HippAu_26,15F1,2025-07-16 14:51:25,90,synapticvesicles_138.txt,290.3782407337983,543.9625115377049,157.75744624875637,19.748785104090263,39.49757020818053,32263.372437825765,7324,presynatpticmembranes_1,124.34860619612792,False,0.0518821887671947,1.0004076606826922,0.9977438894006776,0.9737049355923044,19.748785111066365,0.5192955764692295,0.9905322032581656
20231026_HippAu_26,15F1,2025-07-16 14:51:25,91,synapticvesicles_248.txt,177.93830750892317,371.4071908488266,99.66054727977512,19.722519480773805,39.44503896154761,32134.813993085725,7310,presynatpticmembranes_1,226.15624829810352,False,0.0518793612718582,1.0003531400839585,0.9975204369215124,0.9752829547115328,19.72251947366458,0.4874824070332412,0.9908491922585184
20231026_HippAu_26,15F1,2025-07-16 14:51:25,92,synapticvesicles_259.txt,137.43607078073208,311.77676204289804,120.63215076174312,19.649129129709728,39.298258259419455,31777.412352551088,7296,presynatpticmembranes_1,245.0803252337555,False,0.0518345721065998,0.9994895021938696,0.9988513182570068,0.9892224294317932,19.64912806409164,0.2117698643144782,0.9959626516094428
20231026_HippAu_26,15F1,2025-07-16 14:51:25,93,synapticvesicles_23.txt,228.0194835849632,467.82448790131167,235.5094299721208,19.575382907416845,39.15076581483369,31420.956900529964,7286,presynatpticmembranes_1,228.40072570454768,False,0.0517585687339305,0.9980239827533308,0.9975978562383272,0.975004712959558,19.57538291627944,0.4892923149189702,0.9908199132546962
20231026_HippAu_26,15F1,2025-07-16 14:51:25,94,synapticvesicles_11.txt,303.38380448189145,511.8013399477346,238.87167496317443,19.516458395078345,39.03291679015669,31138.066342304963,7186,presynatpticmembranes_1,156.47135004735816,False,0.0518393442034721,0.9995815191727602,0.997904754921888,0.9764954766091064,19.51645856110665,0.4587250567569351,0.9914819714280534
20231026_HippAu_26,15F1,2025-07-16 14:51:25,95,synapticvesicles_65.txt,374.5515106718256,297.1050658946341,112.74690001856352,19.49360881700225,38.98721763400452,31028.826389302623,7216,presynatpticmembranes_1,35.90220180189105,False,0.0517542585730552,0.9979408729605312,0.9976177321584476,0.9718855327783648,19.493608823662328,0.5480524263042308,0.9898980723444228
20231026_HippAu_26,15F1,2025-07-16 14:51:25,96,synapticvesicles_1.txt,309.18614012310263,270.3109837392162,216.51513956009148,19.42098317332956,38.84196634665911,30683.312640134056,7088,presynatpticmembranes_1,132.7292386258968,False,0.0518996231257915,1.0007438351254785,0.9983729889229396,0.9834685285746014,19.42098317835876,0.3210574284661843,0.9939016508184382
20231026_HippAu_26,15F1,2025-07-16 14:51:25,97,synapticvesicles_15.txt,317.40519540244964,547.7117002030108,264.5655349491845,19.40269287341462,38.80538574682924,30596.70343743026,7112,presynatpticmembranes_1,156.84419380137655,False,0.0517148412764072,0.997180817024822,0.996232578610663,0.9674549688158792,19.40269293890833,0.6314612467526892,0.987599295672228
20231026_HippAu_26,15F1,2025-07-16 14:51:25,98,synapticvesicles_251.txt,173.66363723049457,411.4808539275585,130.47790560113168,19.35814274049072,38.71628548098143,30386.42955653441,7062,presynatpticmembranes_1,241.4786670583132,False,0.0517267100512981,0.9974096742416416,0.9981501764608908,0.979601004050232,19.358142745439142,0.3948866754592447,0.9925854247376932
20231026_HippAu_26,15F1,2025-07-16 14:51:25,99,synapticvesicles_207.txt,226.6517904044396,307.2280063721396,153.5729521631608,19.331233430564406,38.66246686112881,30259.88718835981,7050,presynatpticmembranes_1,187.669541885274,False,0.0517679452896118,0.9982047842645472,0.9982283601832936,0.9787002420743788,19.3312334383652,0.411750592640856,0.992369924750619
20231026_HippAu_26,15F1,2025-07-16 14:51:25,100,synapticvesicles_196.txt,209.40012334438123,237.9484644474949,109.1887434073996,19.31592812627592,38.63185625255183,30188.07021985213,7056,presynatpticmembranes_1,142.09239465529393,False,0.0516556687653064,0.9960398352194346,0.9980613696145276,0.9773092552242736,19.31592813119624,0.4382927953312487,0.9918357352974512
20231026_HippAu_26,15F1,2025-07-16 14:51:25,101,synapticvesicles_155.txt,241.80799129857127,578.1679403682093,144.93624035853594,19.20493777903655,38.4098755580731,29670.6679059132,6930,presynatpticmembranes_1,127.45097147870192,False,0.0517809092998504,0.99845476013226,0.9983545383325256,0.9802137837821596,19.204937784107592,0.3799930514465228,0.992912311967416
20231026_HippAu_26,15F1,2025-07-16 14:51:25,102,synapticvesicles_45.txt,203.6075046618085,381.1264391368781,246.43307371445843,19.180024487410662,38.360048974821325,29555.348264984328,12170,presynatpticmembranes_1,237.39779335599084,False,0.0517772771418094,0.9983847237900128,0.9899398958073512,0.852065248927565,19.18002443660395,2.837392140592226,0.9485775017434152
20231026_HippAu_26,15F1,2025-07-16 14:51:25,103,synapticvesicles_205.txt,182.6268898641212,370.3262622540781,154.3810234218515,19.12402331959082,38.24804663918164,29297.21937887517,6882,presynatpticmembranes_1,232.19882441120944,False,0.0517836138606071,0.9985069102701792,0.9984977344948858,0.9843381798961136,19.12402332418035,0.299517012965841,0.994249868115254
20231026_HippAu_26,15F1,2025-07-16 14:51:25,104,synapticvesicles_255.txt,22.79946159024359,328.25063463138684,97.4030115471565,19.12191721319457,38.24383442638914,29287.541038958145,9040,presynatpticmembranes_1,335.5732635411186,False,0.0517938770353794,0.9987048078321183,0.9569625631412972,0.858626116323127,19.121917148849,2.7033396906801803,0.927461629095846
20231026_HippAu_26,15F1,2025-07-16 14:51:25,105,synapticvesicles_8.txt,342.97850719389214,403.4931542736011,221.6508654984821,19.06997339326513,38.13994678653026,29049.513974691105,6874,presynatpticmembranes_1,103.60487829282908,False,0.0517730228602886,0.9983026914794014,0.9980627259737772,0.980896896205878,19.06997339804799,0.3642956811740575,0.9929129770434072
20231026_HippAu_26,15F1,2025-07-16 14:51:25,106,synapticvesicles_275.txt,93.9433018053475,230.02539452036777,168.09003007929152,18.97415970045486,37.94831940090972,28613.84788824256,6820,presynatpticmembranes_1,246.37430889522187,False,0.0518541485071182,0.9998669801205448,0.9987564033770964,0.9870530699134962,18.97415970516484,0.245657119152928,0.995245403338016
20231026_HippAu_26,15F1,2025-07-16 14:51:25,107,synapticvesicles_92.txt,190.0726906600027,457.4266613561748,146.85474143495728,18.97131984924228,37.94263969848456,28601.0019582228,6774,presynatpticmembranes_1,240.34703806812087,False,0.0515855401754379,0.9946875950729718,0.998581897375774,0.98462425865014,18.97131985369429,0.2916981071358666,0.9943946057580838
20231026_HippAu_26,15F1,2025-07-16 14:51:25,108,synapticvesicles_274.txt,125.3312382493854,261.90992461045386,146.2470344739965,18.915704489039005,37.83140897807801,28350.202881773068,6784,presynatpticmembranes_1,229.628630368442,False,0.0517033003270626,0.996958281036841,0.9987548246645742,0.9859373730134848,18.91570444543396,0.2660044958033027,0.9949095891692474
20231026_HippAu_26,15F1,2025-07-16 14:51:25,109,synapticvesicles_7.txt,345.2280722177589,296.4540586488604,219.94755576929413,18.91461452525821,37.829229050516425,28345.302364247025,6752,presynatpticmembranes_1,105.64071997882004,False,0.0516529902815818,0.9959881879065364,0.9981686608590876,0.9796020293598826,18.91461452937489,0.3858197518393262,0.9925986714093262
20231026_HippAu_26,15F1,2025-07-16 14:51:25,110,synapticvesicles_221.txt,64.74764486255931,333.01132164284104,180.6218970614705,18.90308528460986,37.80617056921972,28293.50104613464,6740,presynatpticmembranes_1,327.0370088792727,False,0.0518574491143226,0.9999306234018072,0.9978160958701972,0.9775226433159672,18.9030852638938,0.4248913899052229,0.9917280601039282
20231026_HippAu_26,15F1,2025-07-16 14:51:25,111,synapticvesicles_114.txt,276.4186322399534,549.1514601349439,242.20266689847963,18.86893713107865,37.73787426215729,28140.4424611964,6734,presynatpticmembranes_1,163.77756945746123,False,0.0516581162810325,0.9960870289392872,0.9967550555926962,0.9694931030549544,18.86893718316885,0.5756327221094679,0.9885764698313736
20231026_HippAu_26,15F1,2025-07-16 14:51:25,112,synapticvesicles_202.txt,177.32232373186068,301.3371771388452,155.94002416095813,18.850139917031104,37.70027983406221,28056.42578229585,6722,presynatpticmembranes_1,222.02249326079465,False,0.0516523532569408,0.9959759046095886,0.9981776825180172,0.9804142607351072,18.85013992312858,0.3691939256411425,0.992848655983144
20231026_HippAu_26,15F1,2025-07-16 14:51:25,113,synapticvesicles_219.txt,58.39379364586474,391.4059383168732,248.1038276685153,18.845821765553293,37.691643531106585,28037.1488730722,9554,presynatpticmembranes_1,377.7213208287013,False,0.0516847558319568,0.9966007006145784,0.9639042377627512,0.8642705694216253,18.84582179529176,2.5579326610564754,0.9340141372604134
20231026_HippAu_26,15F1,2025-07-16 14:51:25,114,synapticvesicles_200.txt,154.43565683442108,352.27275492151955,182.0197486185156,18.82745552401796,37.65491104803591,27955.25771686308,6734,presynatpticmembranes_1,264.7051747828337,False,0.0516618601977825,0.9961592202459112,0.9984271868456552,0.9820493404621976,18.827455528914527,0.337965244162663,0.993513832930618
20231026_HippAu_26,15F1,2025-07-16 14:51:25,115,synapticvesicles_88.txt,223.3993487844961,363.99736540273847,145.31129967448786,18.74687203785354,37.49374407570708,27597.837573695542,6626,presynatpticmembranes_1,190.05833916565493,False,0.0516671575605869,0.9962613655573732,0.9987427309202234,0.984245251829308,18.746872006236025,0.2953522474464458,0.9943934871929488
20231026_HippAu_26,15F1,2025-07-16 14:51:25,116,synapticvesicles_197.txt,243.66351513604448,271.84749447791404,115.2046595856767,18.57390191727857,37.147803834557145,26840.96049455076,6530,presynatpticmembranes_1,152.3237181146936,False,0.0516582243144512,0.9960891120715182,0.9986432389849372,0.9835244594553731,18.57390192320109,0.3060150742076221,0.994107605126068
20231026_HippAu_26,15F1,2025-07-16 14:51:25,117,synapticvesicles_256.txt,27.353042301610987,261.1451775434246,145.21623306843907,18.572395361116904,37.14479072223381,26834.429696431514,6536,presynatpticmembranes_1,310.5332078852649,False,0.0517804026603698,0.9984449909604184,0.9981112911603524,0.98461164794806,18.57239536497292,0.2857985583240195,0.9940613981966648
20231026_HippAu_26,15F1,2025-07-16 14:51:25,118,synapticvesicles_187.txt,298.2280679736713,563.7117477094282,111.4435192427162,18.37192183254477,36.74384366508955,25974.80980083157,11500,presynatpticmembranes_1,99.24170103874742,False,0.051757700741291,0.9980072458633376,0.9905912252619676,0.83753983100072,18.371921833173275,2.9847055258588906,0.9446758069835932
20231026_HippAu_26,15F1,2025-07-16 14:51:25,119,synapticvesicles_84.txt,331.34824357029225,666.1016446390246,273.2233402128776,18.34527358604928,36.69054717209856,25861.94524215437,6362,presynatpticmembranes_1,52.47937777709377,False,0.0516572371125221,0.9960700765528562,0.997820366490064,0.9783287072884664,18.34527358452664,0.3975657937234432,0.9919728687295848
20231026_HippAu_26,15F1,2025-07-16 14:51:25,120,synapticvesicles_20.txt,258.13302242945804,359.1166055794085,214.9198466024906,18.30606427416136,36.61212854832272,25696.475373155707,6300,presynatpticmembranes_1,178.8793989035025,False,0.0517397262156009,0.9976606557593968,0.9983219074214004,0.9837010441669182,18.306064279362,0.2983697331668775,0.9939356484450556
20231026_HippAu_26,15F1,2025-07-16 14:51:25,121,synapticvesicles_63.txt,306.9931356822948,338.55397687717806,107.75029555020768,18.260198664351183,36.52039732870237,25503.81232448843,6290,presynatpticmembranes_1,98.73491416932816,False,0.0517080500721931,0.9970498670228564,0.9979846549427944,0.97759961876842,18.260198653432308,0.4090354112012673,0.991869144090482
20231026_HippAu_26,15F1,2025-07-16 14:51:25,122,synapticvesicles_224.txt,110.61408373336796,330.90162863404305,219.0967612405413,18.242511443641668,36.485022887283336,25429.77346490593,6296,presynatpticmembranes_1,307.6161401415429,False,0.0516221784055233,0.9953940642278436,0.998092276579404,0.9785078300113702,18.24251145249514,0.3920711571565511,0.992216942608994
20231026_HippAu_26,15F1,2025-07-16 14:51:25,123,synapticvesicles_133.txt,250.39702812526608,567.7253497749508,200.0609279990736,18.06980380390166,36.13960760780332,24714.33452094467,6152,presynatpticmembranes_1,144.0986575199591,False,0.0516230314970016,0.9954105137892534,0.997988928556424,0.9767456101517438,18.06980380760296,0.4202022622235044,0.9916159330350198
20231026_HippAu_26,15F1,2025-07-16 14:51:25,124,synapticvesicles_48.txt,192.7209850664101,464.6786621527,209.7803937340533,17.982501612443272,35.965003224886544,24357.84895491027,6112,presynatpticmembranes_1,254.89659585108163,False,0.0516625195741653,0.9961719345357344,0.9982540831372398,0.983223801085442,17.98250161799347,0.301678024124818,0.9937449985217004
20231026_HippAu_26,15F1,2025-07-16 14:51:25,125,synapticvesicles_226.txt,129.01524917199447,371.5938480229032,214.602629605344,17.973858189020117,35.947716378040234,24322.742489587057,6064,presynatpticmembranes_1,301.16862028406825,False,0.0516234785318374,0.9954191336467608,0.998578676976932,0.985746334751134,17.973858082926366,0.2561933563446579,0.9947289743091928
20231026_HippAu_26,15F1,2025-07-16 14:51:25,126,synapticvesicles_203.txt,169.93190237849876,391.3250204433118,203.9113759829243,17.91406509306649,35.82813018613298,24080.807896209888,6054,presynatpticmembranes_1,261.4447515351053,False,0.0515454597771167,0.9939147530152934,0.9982017611811232,0.9789120517525478,17.91406509211337,0.377770877563976,0.9924148483525506
20231026_HippAu_26,15F1,2025-07-16 14:51:25,127,synapticvesicles_13.txt,346.6576550737643,512.1419116548793,251.01938669212703,17.786469218908692,35.572938437817385,23569.905681206405,5978,presynatpticmembranes_1,127.54216612753125,False,0.0516880042850971,0.9966633382457984,0.99672081404672,0.9693363740585343,17.786469226361948,0.5453976391765527,0.988505482050264
20231026_HippAu_26,15F1,2025-07-16 14:51:25,128,synapticvesicles_115.txt,283.68753006543875,592.0899649551563,268.9222935159446,17.745255068756062,35.490510137512125,23406.43909860411,5940,presynatpticmembranes_1,137.1891906897499,False,0.0516450218856334,0.9958345389464685,0.9968354002393096,0.9689741539338532,17.74525550945828,0.5505615658408974,0.9884770263476724
20231026_HippAu_26,15F1,2025-07-16 14:51:25,129,synapticvesicles_34.txt,301.50019163186244,441.2478937204861,225.9902073591478,17.718046765699253,35.436093531398505,23298.93878008416,5944,presynatpticmembranes_1,152.9429341691026,False,0.0517092607915401,0.997073212470272,0.9971082568218148,0.9701839150629396,17.71804677231743,0.5282827874822246,0.9890309542941522
20231026_HippAu_26,15F1,2025-07-16 14:51:25,130,synapticvesicles_276.txt,47.54480857104168,308.8985626490493,134.52955329913533,17.610718793595193,35.22143758719039,22878.094859280085,5892,presynatpticmembranes_1,314.441624018017,False,0.0516041442751884,0.9950463248095686,0.9976407811179402,0.9755586620740304,17.610718792997403,0.430429529138871,0.9910161454047672
20231026_HippAu_26,15F1,2025-07-16 14:51:25,131,synapticvesicles_206.txt,193.90535567173816,334.2013336335283,177.32918152740262,17.58375447463413,35.16750894926826,22773.167594231305,5886,presynatpticmembranes_1,225.98326809106985,False,0.0515020936727523,0.993078555004936,0.9989303018936466,0.98906444121782,17.58375447958855,0.1922881807229585,0.9959705436908984
20231026_HippAu_26,15F1,2025-07-16 14:51:25,132,synapticvesicles_41.txt,438.8741344115021,364.333467578126,224.30537706943807,17.532432522716572,35.064865045433145,22574.343939149905,5808,presynatpticmembranes_1,15.02205963563385,False,0.0515467897057533,0.9939403970913776,0.9986270257064565,0.9849028080923796,17.532432444492642,0.2646904972218953,0.9945097604222332
20231026_HippAu_26,15F1,2025-07-16 14:51:25,133,synapticvesicles_199.txt,254.06026309873613,254.43684509383,168.10786393576885,17.49610221644006,34.99220443288012,22434.30041554036,5800,presynatpticmembranes_1,150.49577410054846,False,0.0515758991241455,0.9945016934793968,0.9983388445977098,0.9812445066469224,17.49610222201469,0.3281480289297643,0.9932105432124736
20231026_HippAu_26,15F1,2025-07-16 14:51:25,134,synapticvesicles_94.txt,179.03343831937875,523.8414451338672,186.69051314029497,17.482241608964745,34.96448321792949,22381.02453395467,5764,presynatpticmembranes_1,214.47286302785128,False,0.0515787862241268,0.9945573633924653,0.9982182843990124,0.979924405930074,17.48224161268628,0.3509663860486582,0.9927301208583308
20231026_HippAu_26,15F1,2025-07-16 14:51:25,135,synapticvesicles_176.txt,140.62614935503657,589.93409056309,231.4090626858836,17.407784059806506,34.81556811961301,22096.275770493365,5776,presynatpticmembranes_1,201.11106031919653,False,0.0514397732913494,0.991876875036268,0.998368497496566,0.9832967518894632,17.40778406484998,0.290766536289838,0.9938469738144352
20231026_HippAu_26,15F1,2025-07-16 14:51:25,136,synapticvesicles_122.txt,235.3147661738349,415.0160805899666,114.8932509563645,17.34134323148491,34.68268646296982,21844.2335808048,5684,presynatpticmembranes_1,182.72374577663027,False,0.0516453608870506,0.9958410756717448,0.998228082389129,0.9760381970476508,17.34134323852411,0.4155298496105695,0.9915711167866854
20231026_HippAu_26,15F1,2025-07-16 14:51:25,137,synapticvesicles_305.txt,141.6458777824051,650.1813024253202,283.3495785129334,17.318530875541352,34.637061751082705,21758.139352715607,5700,presynatpticmembranes_1,167.47562504808212,False,0.0514339320361614,0.9917642422315056,0.9966851131853324,0.9693654095608564,17.318530877076114,0.5305461004268877,0.9884892020979896
20231026_HippAu_26,15F1,2025-07-16 14:51:25,138,synapticvesicles_120.txt,260.4685887813908,319.3770128524505,175.18248621679584,17.26104053864346,34.52208107728692,21542.173872685,5648,presynatpticmembranes_1,164.17673753780446,False,0.0513482466340065,0.9901120310437874,0.9989708782000236,0.9865975444683684,17.261040544237137,0.2313403283238285,0.9952588780805268
20231026_HippAu_26,15F1,2025-07-16 14:51:25,139,synapticvesicles_90.txt,216.87284082729045,359.08139935112564,202.08921683816845,17.250400127958468,34.500800255916936,21502.35999706833,5602,presynatpticmembranes_1,214.75862320633627,False,0.0515717230737209,0.9944211696438492,0.9986014190464044,0.986670474406693,17.250400125776782,0.2299396499713285,0.9950221356544908
20231026_HippAu_26,15F1,2025-07-16 14:51:25,140,synapticvesicles_2.txt,324.6933109550799,233.17403660395567,226.2760557514812,17.21488080962317,34.42976161924634,21369.8104357446,5610,presynatpticmembranes_1,108.59635353210174,False,0.0515280924737453,0.9935798715511336,0.9975902703769822,0.9800672206437324,17.21488081670538,0.3431404209638303,0.9923333554570072
20231026_HippAu_26,15F1,2025-07-16 14:51:25,141,synapticvesicles_117.txt,228.51159819749785,366.2520899637954,88.10321658795915,17.167601935223896,34.33520387044779,21194.22368497735,9988,presynatpticmembranes_1,174.36590407276452,False,0.0513691119849681,0.9905143628929424,0.9906375447642914,0.8317286782092721,17.16760163330697,2.888815018813224,0.9429648847977856
20231026_HippAu_26,15F1,2025-07-16 14:51:25,142,synapticvesicles_289.txt,33.72782956275121,248.88282999759053,89.95832258935005,17.167080144313797,34.334160288627594,21192.29121639167,8014,presynatpticmembranes_1,288.4890635540528,False,0.0515553541481494,0.9941055391947892,0.9731626427436796,0.8393285646586379,17.167080189244206,2.758259414626128,0.933012419318167
20231026_HippAu_26,15F1,2025-07-16 14:51:25,143,synapticvesicles_213.txt,279.265546855026,297.7077208819999,234.35865601465005,17.157893096188975,34.31578619237795,21158.28594156629,8680,presynatpticmembranes_1,170.89245241817432,False,0.0513641573488712,0.9904188261389026,0.9817046127959208,0.8437264985563674,17.157892923602432,2.681324004566279,0.9403111785240544
20231026_HippAu_26,15F1,2025-07-16 14:51:25,144,synapticvesicles_183.txt,212.9415525773078,626.8289159835487,278.9467876957728,17.069069504315923,34.138139008631846,20831.385204672,5508,presynatpticmembranes_1,151.95289495939187,False,0.0515844598412513,0.9946667637506624,0.9929646401601632,0.9546571584964356,17.069069512795508,0.7739601135320083,0.9814723956610448
20231026_HippAu_26,15F1,2025-07-16 14:51:25,145,synapticvesicles_82.txt,371.9426088759192,549.2755267176454,241.09170522984988,17.002401548895044,34.00480309779009,20588.249168012328,5470,presynatpticmembranes_1,101.14551748214556,False,0.0515548512339592,0.9940958418550933,0.9980215368562084,0.9764602993755144,17.00240155247826,0.4002314424426282,0.9915531656120002
20231026_HippAu_26,15F1,2025-07-16 14:51:25,146,synapticvesicles_253.txt,163.57279921916478,421.8906654695,256.35357566147,16.98193969460707,33.96387938921414,20514.00666168012,4784,presynatpticmembranes_1,285.3624767948984,False,0.0515274852514267,0.9935681629113527,0.9154650018247964,0.8611357765382651,16.981937963809884,2.3581836282198148,0.899166234238837
20231026_HippAu_26,15F1,2025-07-16 14:51:25,147,synapticvesicles_99.txt,228.1873979457812,495.15762062146206,189.9366503941956,16.915303930554845,33.83060786110969,20273.4670622988,5398,presynatpticmembranes_1,212.55539271397228,False,0.0513812489807605,0.9907483920242665,0.9982509833658508,0.981569547983834,16.91530387144583,0.311756696341549,0.9932465527512456
20231026_HippAu_26,15F1,2025-07-16 14:51:25,148,synapticvesicles_299.txt,23.904381477913628,757.755883527002,154.92656795041498,16.91111483175779,33.82222966351558,20258.408534328115,9868,presynatpticmembranes_1,138.12987212202137,False,0.0516025610268116,0.9950157961475634,0.9917423649402212,0.8319707394423747,16.911114836901508,2.841562121249648,0.9438108772908672
20231026_HippAu_26,15F1,2025-07-16 14:51:25,149,synapticvesicles_302.txt,111.70351736352453,775.4951283010419,150.7525295744308,16.78604047522182,33.57208095044364,19812.23210513169,5318,presynatpticmembranes_1,64.2051379109207,False,0.0514952205121517,0.992946024695761,0.996396284366266,0.9671636505366692,16.786040483367717,0.551192291417482,0.9876264942173868
20231026_HippAu_26,15F1,2025-07-16 14:51:25,150,synapticvesicles_204.txt,184.6994601904317,279.0952974830239,189.4613598601252,16.711428968225835,33.42285793645167,19549.2171749954,5294,presynatpticmembranes_1,216.274037304764,False,0.0514877140522003,0.9928012829217836,0.9984086150435818,0.9808048202804815,16.711428973640896,0.3207788825190048,0.9931274766146516
20231026_HippAu_26,15F1,2025-07-16 14:51:25,151,synapticvesicles_312.txt,432.9718661814558,378.9512363596644,173.70570000290104,16.665202977837012,33.330405955674024,19387.43845520794,8384,presynatpticmembranes_1,5.097004848310228,True,0.0514561980962753,0.9921935829675166,0.977722269345216,0.8298662507439327,16.665198515740148,2.8353127055795184,0.933365463764831
20231026_HippAu_26,15F1,2025-07-16 14:51:25,152,synapticvesicles_27.txt,242.53617380163044,567.0176301253284,266.7112049462212,16.4123293095092,32.8246586190184,18518.22158638004,7732,presynatpticmembranes_1,178.1973187783201,False,0.0515335947275161,0.9936859676306196,0.9714693512903562,0.8321500593099573,16.41232896199009,2.754808442855507,0.9296735636962364
20231026_HippAu_26,15F1,2025-07-16 14:51:25,153,synapticvesicles_296.txt,72.26837784378858,303.7892090762668,82.39599607606718,16.35880644290469,32.71761288580938,18337.64035487308,3872,presynatpticmembranes_1,284.4401785100199,False,0.0512785091996192,0.9887673332726434,0.9148190287798714,0.8546291717209022,16.35880807874442,2.378093480065873,0.8967620716621807
20231026_HippAu_26,15F1,2025-07-16 14:51:25,154,synapticvesicles_244.txt,144.84401723984593,523.3962702636487,265.462874867411,16.332793712027186,32.66558742405437,18250.30134399372,7070,presynatpticmembranes_1,259.1805550483122,False,0.0512254796922206,0.987744802675836,0.9636656944996754,0.8452853522380823,16.33279344127974,2.5269223842357533,0.9281515918211976
20231026_HippAu_26,15F1,2025-07-16 14:51:25,155,synapticvesicles_273.txt,123.94519222727163,232.811390254714,105.30191994700014,16.255034490104837,32.510068980209674,17990.875379847217,4998,presynatpticmembranes_1,207.4521172438253,False,0.0513477586209774,0.9901026210326752,0.998066820316081,0.9793294777873812,16.255034486472525,0.3360000514195144,0.992445617557471
20231026_HippAu_26,15F1,2025-07-16 14:51:25,156,synapticvesicles_31.txt,297.9919972580896,291.18136233027894,174.08405477739663,16.202726560405427,32.405453120810854,17817.752328732953,4994,presynatpticmembranes_1,134.68623558159507,False,0.0516278184950351,0.9955028180967278,0.9986994110498192,0.9840802432262254,16.202726565683996,0.2579434659976655,0.9943136607027412
20231026_HippAu_26,15F1,2025-07-16 14:51:25,157,synapticvesicles_12.txt,327.5438777224332,478.8630911633357,221.4584027959677,16.041092244114253,32.082184488228506,17289.817851546777,4886,presynatpticmembranes_1,136.09914356134186,False,0.0515589788556098,0.9941754318727444,0.9965950423098288,0.967063740121149,16.041092249391156,0.5283335830665693,0.9877356516532249
20231026_HippAu_26,15F1,2025-07-16 14:51:25,158,synapticvesicles_107.txt,304.928497974352,387.6148692734414,84.26788355616583,16.034334787714844,32.06866957542969,17267.976574619363,4084,presynatpticmembranes_1,105.36991825945763,False,0.0514441169798374,0.991960631318381,0.8847030785964546,0.8480108628796772,16.034338100279864,2.4370452121570536,0.8736954138814214
20231026_HippAu_26,15F1,2025-07-16 14:51:25,159,synapticvesicles_17.txt,353.756617600445,590.9768850274183,272.8063969550732,15.943610038461934,31.887220076923867,16976.51727818006,8174,presynatpticmembranes_1,109.73127531707458,False,0.0513794757425785,0.9907141999228206,0.987529579836136,0.8324668650593594,15.943606771025888,2.6710824246107903,0.941010765403103
20231026_HippAu_26,15F1,2025-07-16 14:51:25,160,synapticvesicles_262.txt,22.638399215779177,300.2309864689117,178.04257030825823,15.93454418513184,31.86908837026368,16947.574187332186,5942,presynatpticmembranes_1,341.9625364567506,False,0.0512937530875206,0.9890612704136436,0.9304272055223286,0.8312087159567736,15.934544205394158,2.689612177072032,0.900661658652662
20231026_HippAu_26,15F1,2025-07-16 14:51:25,161,synapticvesicles_210.txt,252.23905171382924,285.6082077019463,207.0449105494836,15.880103655813317,31.76020731162664,16774.462305901976,4794,presynatpticmembranes_1,185.5830719382439,False,0.0514491237699985,0.992057173722463,0.998109240934496,0.979262599720532,15.880103655497935,0.3293120659835063,0.9924552485703068
20231026_HippAu_26,15F1,2025-07-16 14:51:25,162,synapticvesicles_28.txt,333.84930811927444,174.3580449782612,118.65759109182748,15.522652910495472,31.045305820990944,15667.021858826458,4568,presynatpticmembranes_1,35.330544920155546,False,0.0514502190053463,0.992078292373356,0.9981943424625044,0.9809332289319326,15.522652918445534,0.2959668695650699,0.9930160084033328
20231026_HippAu_26,15F1,2025-07-16 14:51:25,163,synapticvesicles_254.txt,167.03761425301388,486.7114152822603,259.12218576353945,15.474888643680178,30.949777287360355,15522.840925056293,6516,presynatpticmembranes_1,271.9796437692809,False,0.0513472780585289,0.9900933546858548,0.9674597933063508,0.8269424161936709,15.47488864395313,2.678046838394529,0.9253045801725468
20231026_HippAu_26,15F1,2025-07-16 14:51:25,164,synapticvesicles_303.txt,67.86366639928943,749.6084317300878,137.8988960311165,15.32601546011918,30.65203092023836,15079.13353767843,6056,presynatpticmembranes_1,115.18735949980544,False,0.0513431467115879,0.990013692836058,0.9600589359194228,0.8287437651624161,15.326015511136845,2.6246757114997044,0.9206643846923208
20231026_HippAu_26,15F1,2025-07-16 14:51:25,165,synapticvesicles_310.txt,178.9840068508395,673.9919283908794,276.71144093570354,14.264222540963813,28.528445081927625,12157.182232466635,5554,presynatpticmembranes_1,129.0038767097407,False,0.0513904616236686,0.9909260329210632,0.9715049133708696,0.8176943775560757,14.264221813446628,2.600447836378592,0.9253617526264316
20231026_HippAu_26,15F1,2025-07-16 14:51:25,166,synapticvesicles_89.txt,261.3318375100607,388.51836159607217,100.09047716878936,13.863395997779586,27.72679199555917,11160.855760036557,6312,presynatpticmembranes_1,150.37137122951702,False,0.0513420477509498,0.989992502353019,0.9898880681649956,0.81746706142261,13.86339536557402,2.530526294738395,0.93816176614228
20231026_HippAu_26,15F1,2025-07-16 14:51:25,167,synapticvesicles_301.txt,41.15002168729643,782.2338059823729,183.02991534694635,13.016044114912887,26.03208822982577,9236.887302745716,5294,presynatpticmembranes_1,115.66999405126045,False,0.0506277419626712,0.976219047538489,0.9903686167825884,0.7974721073038313,13.016044138672664,2.636111990645692,0.9324996639389612
20231017_EGmilled24-2_68,15F1,2025-07-16 14:59:20,0,synapticvesicles_222.txt,403.7592446735708,1261.7967816556727,141.05358779690886,463.96498448179966,927.9299689635992,418354289.06945896,844,presynatpticmembranes_1,399.4394590030711,False,0.0112635912373662,0.9246261736359808,0.6471686251529186,0.9971798444418588,463.9648680701263,1.308453101470144,0.7521719909396007
20231017_EGmilled24-2_68,15F1,2025-07-16 14:59:20,1,synapticvesicles_103.txt,295.2249090220603,618.9335814604979,179.35529144454327,27.937568952299472,55.875137904598944,91338.62013231014,14596,presynatpticmembranes_1,138.52198900716928,False,0.0117103401571512,0.9612997119038188,0.9959433362689636,0.9662787499811332,27.93756895903416,0.9420897477869274,0.9870439603826144
20231017_EGmilled24-2_68,15F1,2025-07-16 14:59:20,2,synapticvesicles_8.txt,386.2801950655409,394.2521633234592,220.6091984022736,25.28948286046759,50.57896572093518,67749.86828311053,14954,presynatpticmembranes_2,54.0717212460426,False,0.0118843596428632,0.9755849401069028,0.9034583655086236,0.6706997152603151,25.28948324490237,8.327834033465841,0.8336307704341309
20231017_EGmilled24-2_68,15F1,2025-07-16 14:59:20,3,synapticvesicles_227.txt,101.21243368053209,807.4573556885287,220.41760646336164,25.08446030534154,50.16892061068308,66115.44022917529,21690,presynatpticmembranes_1,400.1501034454532,False,0.0119048487395048,0.9772668863556336,0.987648234778418,0.8911073243291074,25.08446027589996,2.731513997202962,0.9586859616436249
20231017_EGmilled24-2_68,15F1,2025-07-16 14:59:20,4,synapticvesicles_179.txt,250.3452264308897,647.9247567276475,208.59477654402409,24.60654453911576,49.21308907823152,62408.03396423112,11384,presynatpticmembranes_1,193.3412593515908,False,0.01196023914963,0.9818138751348732,0.9965502521741594,0.9708293667013076,24.60654454194335,0.7177884875809726,0.9888339865323036
20231017_EGmilled24-2_68,15F1,2025-07-16 14:59:20,5,synapticvesicles_11.txt,352.218550669638,428.399336880777,132.08115567054926,24.31389149352252,48.62778298704504,60207.69930338342,9421,presynatpticmembranes_2,51.01038207134188,False,0.0119877299293875,0.9840705882880566,0.9778180390081844,0.9728504219375296,24.313891496899267,0.6601118951975002,0.976327753886988
20231017_EGmilled24-2_68,15F1,2025-07-16 14:59:20,6,synapticvesicles_2.txt,340.9564419974632,363.9014065588608,218.80193679933893,23.90342530696189,47.80685061392378,57209.61508626607,10714,presynatpticmembranes_2,87.657248997965,False,0.0119851026684045,0.983854916907708,0.99492992397327,0.9622846888766904,23.903425039502626,0.9015251122775524,0.985136353444296
20231017_EGmilled24-2_68,15F1,2025-07-16 14:59:20,7,synapticvesicles_107.txt,341.88811235693987,621.8871982702941,212.1807463630811,23.68246439180038,47.36492878360076,55637.71534973435,10524,presynatpticmembranes_1,101.11797399881678,False,0.0120130665600299,0.9861504677288166,0.9969474383787532,0.9735947256371822,23.68246440446987,0.6253419701876936,0.989941624556282
20231017_EGmilled24-2_68,15F1,2025-07-16 14:59:20,8,synapticvesicles_114.txt,295.8186617460404,686.5637919165563,226.1725459777268,23.647473047695986,47.29494609539197,55391.46183501912,10478,presynatpticmembranes_1,175.69423277118148,False,0.0119889201596379,0.9841682940746874,0.9969437049616836,0.9740275553461788,23.64747305476453,0.6141826851176033,0.990068860077032
20231017_EGmilled24-2_68,15F1,2025-07-16 14:59:20,9,synapticvesicles_141.txt,475.0651404086773,690.8884781570803,173.6673245194846,23.368366213247374,46.73673242649475,53453.19381019799,10244,presynatpticmembranes_1,68.44780914901813,False,0.0120195941999554,0.986686320513242,0.9972217311580608,0.973316416761334,23.368366216000723,0.623551745076283,0.9900501368390427
20231017_EGmilled24-2_68,15F1,2025-07-16 14:59:20,10,synapticvesicles_50.txt,260.8362372507731,435.75050233557846,225.68880453612127,23.15420592272556,46.30841184545112,51996.99952068419,10044,presynatpticmembranes_2,165.20259322319018,False,0.012037088163197,0.9881223968012492,0.9971972778254656,0.9780691266405932,23.1542061226248,0.5077919622128838,0.991458832470004
20231017_EGmilled24-2_68,15F1,2025-07-16 14:59:20,11,synapticvesicles_21.txt,341.8316362304498,521.6474812218228,177.00767368665254,22.99147972297371,45.98295944594742,50908.391921729184,9924,presynatpticmembranes_2,71.96820260370149,False,0.0120286345481872,0.9874284410694432,0.998233303217476,0.9807769702693708,22.99147948006637,0.441965893596469,0.9929964033330444
20231017_EGmilled24-2_68,15F1,2025-07-16 14:59:20,12,synapticvesicles_33.txt,407.2181008662103,508.5579739397032,227.9333333727137,22.74633110981068,45.49266221962135,49297.248434254994,9636,presynatpticmembranes_2,16.55622492704639,False,0.0120316315442323,0.9876744639343712,0.9973187677891884,0.9765805504242728,22.746330941493696,0.5327065505171129,0.9910973025797136
20231017_EGmilled24-2_68,15F1,2025-07-16 14:59:20,13,synapticvesicles_187.txt,212.99556441887168,768.6665003126743,172.32324744310077,22.73066940952948,45.46133881905895,49195.489529553095,9686,presynatpticmembranes_1,289.8636947288446,False,0.0120354602113366,0.9879887585265772,0.9965267115925645,0.9719729874773868,22.730669412184728,0.6370727562626798,0.9891605943580112
20231017_EGmilled24-2_68,15F1,2025-07-16 14:59:20,14,synapticvesicles_90.txt,300.6804637577657,365.8059652208963,184.8406731904265,22.67476568633389,45.34953137266778,48833.407885673085,9622,presynatpticmembranes_2,117.79115017125189,False,0.0120348781347274,0.9879409759626928,0.9956702540413892,0.9711623188553684,22.674765689127828,0.6538876629723015,0.9883178734855828
20231017_EGmilled24-2_68,15F1,2025-07-16 14:59:20,15,synapticvesicles_146.txt,401.83192342744775,587.1866776924085,231.0062798200541,22.56515942023138,45.13031884046276,48128.666363489785,9536,presynatpticmembranes_1,35.72257357220233,False,0.0120464004576206,0.9888868413712972,0.9964107336217156,0.97462071052259,22.565159425827595,0.5726877131719822,0.989873726691978
20231017_EGmilled24-2_68,15F1,2025-07-16 14:59:20,16,synapticvesicles_127.txt,502.773685574413,689.6179670901366,215.4865905831046,22.52031584240062,45.04063168480124,47842.29896415798,9508,presynatpticmembranes_1,65.82564697905865,False,0.0120806628838181,0.9916994377596864,0.9982539726348626,0.9817600995903898,22.52031584714613,0.4107683182449124,0.9933058107215208
20231017_EGmilled24-2_68,15F1,2025-07-16 14:59:20,17,synapticvesicles_159.txt,423.3466617156004,697.0344120192686,201.0851435354041,22.35066726820481,44.70133453640961,46769.21593675246,9354,presynatpticmembranes_1,99.08012156043507,False,0.0120794894173741,0.9916031081108954,0.9982878174784282,0.9843131657737024,22.350667272555167,0.3506112123517069,0.9940954219670104
20231017_EGmilled24-2_68,15F1,2025-07-16 14:59:20,18,synapticvesicles_55.txt,276.83604533167323,525.2211427972587,188.8979277610848,22.342728484182995,44.68545696836599,46719.39744555031,9366,presynatpticmembranes_2,136.3985296335094,False,0.0120634203776717,0.9902840035392771,0.998103054469904,0.9811547919895812,22.34272893029647,0.4210533742118387,0.9930185757258072
20231017_EGmilled24-2_68,15F1,2025-07-16 14:59:20,19,synapticvesicles_56.txt,298.0609766732859,405.66871959767707,137.60613967225697,22.244567341546105,44.48913468309221,46106.32408319821,17492,presynatpticmembranes_2,108.00687601501272,False,0.0120756663382053,0.9912892722313026,0.991497241549769,0.8901662447086487,22.244567397388952,2.44320437208679,0.9610979424974327
20231017_EGmilled24-2_68,15F1,2025-07-16 14:59:20,20,synapticvesicles_4.txt,381.1923588741525,334.04887933848926,203.2678829753829,22.22115047288882,44.44230094577764,45960.868850980536,9280,presynatpticmembranes_2,54.22919184473039,False,0.0120553271844983,0.9896196347710284,0.996670699531216,0.974393691950068,22.221150476979524,0.5690016243374327,0.9899875972568716
20231017_EGmilled24-2_68,15F1,2025-07-16 14:59:20,21,synapticvesicles_97.txt,158.106167316145,497.4956328284269,171.23579174227297,22.152182390624866,44.30436478124973,45534.24761285124,9198,presynatpticmembranes_2,248.7240704638608,False,0.0120755918323993,0.9912831560631254,0.9977567755196962,0.9755046897883508,22.152182396735714,0.5426245796730765,0.9910811498002924
20231017_EGmilled24-2_68,15F1,2025-07-16 14:59:20,22,synapticvesicles_194.txt,223.09257496004372,788.2838952502412,223.67965127998505,22.14616026435657,44.29232052871315,45497.12190960139,9140,presynatpticmembranes_1,296.8154553191105,False,0.01210050098598,0.9933279439889688,0.995975165592844,0.9714358190640138,22.14616027076079,0.6325869290113609,0.9886133616341948
20231017_EGmilled24-2_68,15F1,2025-07-16 14:59:20,23,synapticvesicles_116.txt,313.1719229655324,701.4943906894007,161.3408781193309,22.05108475028112,44.10216950056223,44913.66387761094,9132,presynatpticmembranes_1,171.12795947449968,False,0.0120776090770959,0.9914487513165232,0.9975785041891392,0.9763380178336484,22.05108476322039,0.5217723744160264,0.991206358282492
20231017_EGmilled24-2_68,15F1,2025-07-16 14:59:20,24,synapticvesicles_165.txt,329.877590376203,750.1529675222716,176.39176320717084,21.99840807572233,43.99681615144468,44592.5565212961,9056,presynatpticmembranes_1,193.0630810386496,False,0.0121028944849967,0.9935244258916616,0.9984141544189434,0.9840206710132812,21.9984080799228,0.3515197998931809,0.9940961093972448
20231017_EGmilled24-2_68,15F1,2025-07-16 14:59:20,25,synapticvesicles_147.txt,380.90186690612,667.618374456324,205.8812704718596,21.92987248314958,43.85974496629916,44177.072041026375,9004,presynatpticmembranes_1,99.53294109133364,False,0.0121154645457863,0.9945562999152578,0.9972368108897496,0.975254668198153,21.92987248883177,0.5426619711083397,0.9906421680822703
20231017_EGmilled24-2_68,15F1,2025-07-16 14:59:20,26,synapticvesicles_13.txt,379.12023994217566,518.7515094504713,137.22369755812915,21.89653532430069,43.79307064860137,43975.90802744354,8956,presynatpticmembranes_2,32.34722243857092,False,0.0120797296985983,0.9916228327532668,0.9972218733162064,0.9796004356917304,21.896535329468783,0.4466797805817972,0.9919354420288634
20231017_EGmilled24-2_68,15F1,2025-07-16 14:59:20,27,synapticvesicles_214.txt,164.47435169537613,756.8608706164438,193.5588360847354,21.82546228984385,43.6509245796877,43549.07786117039,8868,presynatpticmembranes_1,324.0185412921669,False,0.012138451449573,0.9964432907021292,0.9956196464778094,0.9651872380028076,21.825462850479106,0.7598046436922905,0.9864899239353088
20231017_EGmilled24-2_68,15F1,2025-07-16 14:59:20,28,synapticvesicles_111.txt,368.1511539199437,631.7675486165397,161.84763143911826,21.77352549539281,43.54705099078562,43238.92339971986,8888,presynatpticmembranes_1,85.5241571848195,False,0.0120778447017073,0.9914680936983836,0.997699618259034,0.977806746878222,21.773525500016323,0.4832253627753491,0.9917317568447904
20231017_EGmilled24-2_68,15F1,2025-07-16 14:59:20,29,synapticvesicles_81.txt,178.953867319645,487.57130018087656,216.03244125742845,21.741751905854485,43.48350381170897,43049.90688820382,8816,presynatpticmembranes_2,237.57819211648263,False,0.0120909791439771,0.9925462976959224,0.9969663193485327,0.972500860350702,21.74175185042412,0.5978794703551971,0.9896266816491834
20231017_EGmilled24-2_68,15F1,2025-07-16 14:59:20,30,synapticvesicles_118.txt,338.66135404017655,673.2754355341648,191.50106372851243,21.73819134200076,43.47638268400152,43028.75999415311,8926,presynatpticmembranes_1,132.97653520899573,False,0.0121307838708162,0.995813860544593,0.997837680403404,0.9768929613218316,21.73819134700463,0.5023052282486612,0.9915542646789322
20231017_EGmilled24-2_68,15F1,2025-07-16 14:59:20,31,synapticvesicles_38.txt,245.6037831800255,394.5714891167607,162.9527821373834,21.655232932452737,43.310465864905474,42538.011851709045,8850,presynatpticmembranes_2,166.5226494814723,False,0.0121052600443363,0.9937186142312876,0.99676236217281,0.9722433689071628,21.655232935522577,0.601076311820756,0.9894066641931158
20231017_EGmilled24-2_68,15F1,2025-07-16 14:59:20,32,synapticvesicles_86.txt,202.61907696247133,476.41109164887627,165.7844255561439,21.42663642977701,42.85327285955402,41205.0656875573,8618,presynatpticmembranes_2,203.1861120396871,False,0.0121258236467838,0.9954066766481956,0.9982328068690348,0.9790095617898974,21.426636323508983,0.4497544857989546,0.9924658333452934
20231017_EGmilled24-2_68,15F1,2025-07-16 14:59:20,33,synapticvesicles_52.txt,267.3946665035618,491.0567661412993,234.67838516682863,21.30995861055984,42.61991722111967,40535.58340184476,8512,presynatpticmembranes_2,155.4216706991728,False,0.0121415834873914,0.9967003991218786,0.9974395119047692,0.9759855806035987,21.30995861803268,0.5117462835733918,0.991003332514418
20231017_EGmilled24-2_68,15F1,2025-07-16 14:59:20,34,synapticvesicles_102.txt,272.7036782467391,658.9106583278787,144.6833152344259,21.28758962369892,42.57517924739783,40408.06718084321,8438,presynatpticmembranes_1,184.3986576010536,False,0.0121525451540946,0.9976002403649497,0.9968231543271396,0.9777086668434992,21.28758962815484,0.4745287525000715,0.9910888080820476
20231017_EGmilled24-2_68,15F1,2025-07-16 14:59:20,35,synapticvesicles_83.txt,182.69708341504668,440.68290543527314,200.64185724841232,21.128030185758483,42.256060371516966,39506.23432345912,8344,presynatpticmembranes_2,230.30993574203623,False,0.012178105302155,0.9996984683102412,0.9972758202965046,0.9766736217901322,21.12803017025784,0.4928404225809328,0.9910951607445928
20231017_EGmilled24-2_68,15F1,2025-07-16 14:59:20,36,synapticvesicles_209.txt,200.4186037175625,815.7287005175843,181.5363218210168,21.11445642326186,42.22891284652372,39430.14055654631,8306,presynatpticmembranes_1,331.4945582891001,False,0.0121767418459057,0.9995865424325984,0.9953739683360772,0.9697692760722474,21.11445642815421,0.6383053031640918,0.9876925606569282
20231017_EGmilled24-2_68,15F1,2025-07-16 14:59:20,37,synapticvesicles_101.txt,269.32467086551407,699.8765439767163,183.17075003898543,21.067026025184514,42.13405205036903,39165.015665609935,8316,presynatpticmembranes_1,205.11083496856605,False,0.0121568012982606,0.9979496264720724,0.9975372785595344,0.9739669905655302,21.06702589411828,0.5484380838578017,0.990466192161333
20231017_EGmilled24-2_68,15F1,2025-07-16 14:59:20,38,synapticvesicles_153.txt,422.4732652081987,640.748937563726,209.49046225271704,21.06563180072733,42.13126360145467,39157.24030961736,8248,presynatpticmembranes_1,55.85978266507958,False,0.0121791372075676,0.9997831772394956,0.997147249541362,0.9769554394616036,21.065631806745788,0.4854482274501249,0.9910897065174344
20231017_EGmilled24-2_68,15F1,2025-07-16 14:59:20,39,synapticvesicles_108.txt,350.3143438700896,582.4465399362837,251.157201166201,21.014367477463274,42.02873495492655,38872.06182061721,13660,presynatpticmembranes_2,86.89363113535317,False,0.0121763618662953,0.9995553499748948,0.9779172619764304,0.8751883416080872,21.01436730992557,2.6228380340086086,0.9470985858659275
20231017_EGmilled24-2_68,15F1,2025-07-16 14:59:20,40,synapticvesicles_43.txt,246.4098836463488,421.4695786855586,119.16371912651682,21.004666454856213,42.00933290971243,38818.25225037054,1318,presynatpticmembranes_2,160.27132988499108,False,0.0121777988970279,0.9996733155686124,0.7684610517281734,0.9405251843748867,21.00466652294842,1.2492486687193445,0.8200802915221874
20231017_EGmilled24-2_68,15F1,2025-07-16 14:59:20,41,synapticvesicles_128.txt,527.9862725664593,732.0029747003191,182.13856016841697,20.9833843339984,41.9667686679968,38700.37873311301,8222,presynatpticmembranes_1,103.1310549720602,False,0.0121837193146348,1.0001593215823934,0.997378247820372,0.9777787310881394,20.9833843345802,0.4662774259796286,0.9914983928007022
20231017_EGmilled24-2_68,15F1,2025-07-16 14:59:20,42,synapticvesicles_19.txt,342.9517840021956,407.2315782008245,183.00624836995897,20.95857311237173,41.91714622474346,38563.26041991254,8224,presynatpticmembranes_2,75.28966171990459,False,0.012181899510324,1.000009934174665,0.9971543148957936,0.9770705469959042,20.95857311745744,0.4805686173296452,0.9911291845258268
20231017_EGmilled24-2_68,15F1,2025-07-16 14:59:20,43,synapticvesicles_46.txt,233.51801848141008,497.43307404167456,198.95833925320807,20.950654620122208,41.901309240244416,38519.56743749242,8226,presynatpticmembranes_2,182.2762659834756,False,0.0121750999242067,0.9994517573763934,0.9981151894997232,0.9815815967484874,20.950654575844226,0.3858776043610459,0.9931551116743524
20231017_EGmilled24-2_68,15F1,2025-07-16 14:59:20,44,synapticvesicles_202.txt,189.01967569701344,653.9017229659344,226.6956642781259,20.928795413362582,41.857590826725165,38399.12313809705,15620,presynatpticmembranes_1,255.36452654684572,False,0.0121994242072105,1.0014485333820458,0.9940676122902644,0.8757060975414672,20.928795296065,2.601321641103703,0.9585591578656252
20231017_EGmilled24-2_68,15F1,2025-07-16 14:59:20,45,synapticvesicles_36.txt,413.2475371127656,485.58850413576135,181.6484208405675,20.92556545553252,41.85113091106504,38381.34737904666,8232,presynatpticmembranes_2,7.731587015096657,True,0.0122077325358986,1.002130562585906,0.9977116770646448,0.9747529779344908,20.92556535414429,0.5283082102293379,0.9908240673255984
20231017_EGmilled24-2_68,15F1,2025-07-16 14:59:20,46,synapticvesicles_6.txt,382.3518941150328,370.0865208756982,170.31328934444215,20.90761196262909,41.81522392525819,38282.64205954294,8192,presynatpticmembranes_2,37.34221745915882,False,0.0122030628845095,1.0017472317453997,0.9958625071097844,0.970580637988241,20.90761196707005,0.6150886052606189,0.9882779463733212
20231017_EGmilled24-2_68,15F1,2025-07-16 14:59:20,47,synapticvesicles_234.txt,509.96021821281295,775.5788365050025,212.31397643658912,20.892627454272898,41.7852549085458,38200.3894040088,8182,presynatpticmembranes_1,148.8197730704473,False,0.0121958898380398,1.0011583976541396,0.9983372067359386,0.9846542211768732,20.89262740362456,0.3206136391700241,0.994232311068219
20231017_EGmilled24-2_68,15F1,2025-07-16 14:59:20,48,synapticvesicles_74.txt,196.9930208814453,534.7595838399822,163.56533864548845,20.872435506465628,41.744871012931256,38089.738643704615,8132,presynatpticmembranes_2,216.5557331944132,False,0.0122016770765185,1.0016334710173038,0.997732495851668,0.9785486666875512,20.87243551204492,0.4477415712114681,0.9919773471024328
20231017_EGmilled24-2_68,15F1,2025-07-16 14:59:20,49,synapticvesicles_45.txt,236.22700319542827,445.817089198793,181.36726841527107,20.858899442326003,41.717798884652005,38015.681518937374,8176,presynatpticmembranes_2,173.084194606627,False,0.0121980579569935,1.0013363781480962,0.9983482933364848,0.982711132794966,20.85889944860609,0.3606267426101057,0.993657145174029
20231017_EGmilled24-2_68,15F1,2025-07-16 14:59:20,50,synapticvesicles_85.txt,202.3832990069025,421.61621175661566,150.32402344962568,20.77453365583279,41.54906731166558,37556.27063978016,15698,presynatpticmembranes_2,202.4472751592901,False,0.0122105833142995,1.0023645824707863,0.9959992917197829,0.8879687008787357,20.77453199008061,2.327397807484996,0.9635901144674686
20231017_EGmilled24-2_68,15F1,2025-07-16 14:59:20,51,synapticvesicles_58.txt,279.0501881389148,453.68929257394274,148.6863799259572,20.725612790511587,41.45122558102317,37291.577026356295,8088,presynatpticmembranes_2,125.59267715143083,False,0.0122332433238625,1.0042247385697802,0.9978864202983516,0.9788060673932032,20.725612796040163,0.4392572408338387,0.992162314426807
20231017_EGmilled24-2_68,15F1,2025-07-16 14:59:20,52,synapticvesicles_228.txt,130.15815573005304,762.9658346809136,232.6906518090876,20.701871664775627,41.40374332955125,37163.57160768906,7940,presynatpticmembranes_1,358.37393227846763,False,0.0122408270835876,1.0048472880381174,0.9945713451249324,0.969283473601205,20.7018716699002,0.6358895876529547,0.9869849836678142
20231017_EGmilled24-2_68,15F1,2025-07-16 14:59:20,53,synapticvesicles_35.txt,421.0548935336595,427.7337646992436,218.6030373414245,20.7001170717352,41.40023414347039,37154.12298120552,8064,presynatpticmembranes_2,12.484548310702904,False,0.0122383637353777,1.004645072227759,0.9974514510101408,0.9788902285317822,20.700116317527428,0.4369747248285311,0.9918830842666332
20231017_EGmilled24-2_68,15F1,2025-07-16 14:59:20,54,synapticvesicles_40.txt,255.36025296169515,382.35890171321904,212.80316179791043,20.64467598236524,41.28935196473048,36856.39233972567,15414,presynatpticmembranes_2,165.93254404622664,False,0.0122062740847468,1.002010838593837,0.9956792745000708,0.8904537796936322,20.64467600757536,2.261546226079438,0.9641116260581392
20231017_EGmilled24-2_68,15F1,2025-07-16 14:59:20,55,synapticvesicles_213.txt,135.33899599247883,813.3769933369903,138.35590808429097,20.63352317352792,41.26704634705584,36796.69216176633,14604,presynatpticmembranes_1,379.9930959220744,False,0.0122335348278284,1.0042486680777736,0.9896240336128408,0.8761620551572176,20.633523234018607,2.555213112166666,0.955585440076154
20231017_EGmilled24-2_68,15F1,2025-07-16 14:59:20,56,synapticvesicles_191.txt,226.43871053957704,691.9998733332236,221.8275556461344,20.63086535471343,41.26173070942686,36782.474568933656,8014,presynatpticmembranes_1,239.50510933094148,False,0.0122125940397381,1.0025296425594683,0.9957237914964058,0.9674837395832074,20.630865368980512,0.6708385909615583,0.9872517759224462
20231017_EGmilled24-2_68,15F1,2025-07-16 14:59:20,57,synapticvesicles_79.txt,161.18415541611952,446.95070058498857,155.48950198571032,20.57553349281656,41.15106698563312,36487.31644464589,7904,presynatpticmembranes_2,244.0468259044966,False,0.0122478771954774,1.0054260304518852,0.9968602411570654,0.9743650801749107,20.57553396615803,0.5274521635808601,0.990111692862419
20231017_EGmilled24-2_68,15F1,2025-07-16 14:59:20,58,synapticvesicles_99.txt,562.3345866965674,276.639551995185,235.20765174957063,20.565880814501405,41.13176162900281,36435.98823119696,12624,presynatpticmembranes_2,28.635553142556063,False,0.0122347092255949,1.0043450741786668,0.9746154934114888,0.877155681310327,20.565880810000543,2.526401616357537,0.9453775497811402
20231017_EGmilled24-2_68,15F1,2025-07-16 14:59:20,59,synapticvesicles_195.txt,243.15255182907708,735.4697593191084,191.8258140605817,20.563611336278186,41.12722267255637,36423.92725148063,7936,presynatpticmembranes_1,248.20607004078653,False,0.0122141595929861,1.002658158543292,0.9971384447240484,0.9732984751133292,20.563611333099463,0.5490797797705798,0.9899864538408326
20231017_EGmilled24-2_68,15F1,2025-07-16 14:59:20,60,synapticvesicles_25.txt,367.22311869864575,450.41774498352,195.5570047051687,20.4551052834544,40.9102105669088,35850.38028476142,7848,presynatpticmembranes_2,56.6941116400997,False,0.0122157707810401,1.002790420680124,0.9978162363922852,0.979924050019831,20.455105289663948,0.4106556706343844,0.992448580480549
20231017_EGmilled24-2_68,15F1,2025-07-16 14:59:20,61,synapticvesicles_61.txt,288.7505090205023,417.4710468292307,188.0435224486801,20.406768208113267,40.81353641622653,35596.82831154607,7800,presynatpticmembranes_2,128.24650479579353,False,0.0122373700141906,1.0045634978346951,0.9975667175319584,0.979350429672785,20.40676865696508,0.4213910045332076,0.9921018311742064
20231017_EGmilled24-2_68,15F1,2025-07-16 14:59:20,62,synapticvesicles_140.txt,506.5038487970215,722.5736459924145,135.90630675484337,20.39346334641396,40.78692669282791,35527.24813788632,14262,presynatpticmembranes_1,98.3327107527212,False,0.012234266847372,1.0043087594301146,0.9936970036522284,0.8684558355267825,20.39346332090053,2.682641093263068,0.9561246532145946
20231017_EGmilled24-2_68,15F1,2025-07-16 14:59:20,63,synapticvesicles_17.txt,323.87638535240745,452.2489801758251,170.64157144101029,20.36525418044271,40.73050836088542,35380.02325787874,7778,presynatpticmembranes_2,86.82134499380719,False,0.012231471017003,1.004079250219265,0.9978929170497114,0.9768240843194592,20.36525418474558,0.4719834137984438,0.9915722672306356
20231017_EGmilled24-2_68,15F1,2025-07-16 14:59:20,64,synapticvesicles_77.txt,210.25075435981583,402.9291441452109,200.63359562959303,20.312717661869943,40.625435323739886,35106.91804676608,7720,presynatpticmembranes_2,208.40975724278212,False,0.012238304130733,1.004640179293217,0.9969631288139804,0.9786500103270817,20.312717667851743,0.4336763124375397,0.9914691932679106
20231017_EGmilled24-2_68,15F1,2025-07-16 14:59:20,65,synapticvesicles_186.txt,209.63506897796069,708.9031508293813,158.72656870488905,20.310660497648183,40.621320995296365,35096.25280003803,7690,presynatpticmembranes_1,262.28279431524453,False,0.0122363157570362,1.0044769540549876,0.9964625459231864,0.9682292674727728,20.310660503009423,0.6452845622924266,0.9879925623880622
20231017_EGmilled24-2_68,15F1,2025-07-16 14:59:20,66,synapticvesicles_42.txt,246.8907425574531,485.48771081969016,146.2089358135153,20.2829288978931,40.5658577957862,34952.69070986302,7708,presynatpticmembranes_2,159.03174461935134,False,0.0122602880001068,1.0064448311660028,0.9977342951531956,0.980167138125566,20.28292890320697,0.4022685273462668,0.9924641480449068
20231017_EGmilled24-2_68,15F1,2025-07-16 14:59:20,67,synapticvesicles_149.txt,381.3497741775752,706.32895776649,239.74901472169344,20.27027174387964,40.54054348775927,34887.29696263845,7708,presynatpticmembranes_1,139.6037774589442,False,0.0122322821989655,1.0041458400002945,0.9970433464548898,0.9736597650249952,20.27027223954348,0.5339237337968912,0.9900282720259214
20231017_EGmilled24-2_68,15F1,2025-07-16 14:59:20,68,synapticvesicles_110.txt,333.45989550023035,657.912658783342,139.43583936304938,20.167897226433272,40.335794452866544,34361.369761278766,7620,presynatpticmembranes_1,133.1682441824019,False,0.0122348768636584,1.0043588355570654,0.9968732284472892,0.9751211433851202,20.167897229154946,0.501754223387776,0.9903476029286384
20231017_EGmilled24-2_68,15F1,2025-07-16 14:59:20,69,synapticvesicles_178.txt,249.804618376695,603.2620891836874,236.53761793182028,20.105547656173744,40.21109531234749,34043.66681430521,7498,presynatpticmembranes_1,185.68315761874464,False,0.0122425574809312,1.004989336044033,0.9950831125504734,0.9722910424683612,20.105548099776588,0.5571037784470311,0.9882454915258396
20231017_EGmilled24-2_68,15F1,2025-07-16 14:59:20,70,synapticvesicles_92.txt,139.01446390733597,429.7146285977935,238.34060661553409,20.08127879192072,40.16255758384143,33920.53598610708,14338,presynatpticmembranes_2,282.57151481227186,False,0.0122462455183267,1.0052920863688044,0.9938950258012968,0.8845579574531842,20.081278670357825,2.318223826657912,0.961093905296863
20231017_EGmilled24-2_68,15F1,2025-07-16 14:59:20,71,synapticvesicles_182.txt,250.7863809262616,700.1358233403215,136.2599863477003,20.04539017597138,40.09078035194276,33738.99574125651,7528,presynatpticmembranes_1,224.871878097056,False,0.0122297499328851,1.0039379667343715,0.9966145818237258,0.9748009832414648,20.04539018260504,0.5051241231428398,0.9900705022490476
20231017_EGmilled24-2_68,15F1,2025-07-16 14:59:20,72,synapticvesicles_136.txt,554.6341961523524,804.6788762824306,225.2670786859702,20.03486966768181,40.06973933536364,33685.90147022569,7520,presynatpticmembranes_1,177.59451398766728,False,0.0122433137148618,1.0050514151510317,0.9971321752618956,0.9741918110162778,20.03486967328463,0.5170637027923736,0.9902500659882104
20231017_EGmilled24-2_68,15F1,2025-07-16 14:59:20,73,synapticvesicles_232.txt,499.6805089009295,770.2841227034079,167.3531556950669,20.02479230280349,40.04958460560699,33635.09588876261,7510,presynatpticmembranes_1,144.80253227769754,False,0.0122384279966354,1.0046503474228117,0.9973943435507916,0.9770744475017576,20.02479230783405,0.4590794273196504,0.9912983747360812
20231017_EGmilled24-2_68,15F1,2025-07-16 14:59:20,74,synapticvesicles_163.txt,290.2055377311381,759.4592860675044,212.994623608818,20.02457877097733,40.04915754195466,33634.01990953339,7484,presynatpticmembranes_1,230.29332574322123,False,0.0122680272907018,1.0070801481354097,0.9967134063255332,0.9747307099999416,20.02457877673541,0.5060068882383391,0.9901185974278556
20231017_EGmilled24-2_68,15F1,2025-07-16 14:59:20,75,synapticvesicles_57.txt,302.4839732828112,396.5362821618432,231.6771050597174,19.97791420334304,39.95582840668608,33399.428863814974,13950,presynatpticmembranes_2,129.1843739578971,False,0.0122610796242952,1.0065098154528855,0.9936033714535571,0.8828296421035603,19.97791418129821,2.34081935464707,0.9603712526485582
20231017_EGmilled24-2_68,15F1,2025-07-16 14:59:20,76,synapticvesicles_15.txt,385.9521589070642,467.1768973626683,143.0694142633173,19.944974749553964,39.88994949910793,33234.49482797636,7470,presynatpticmembranes_2,19.443719125744103,False,0.0122213866561651,1.0032514268564807,0.9978348794213272,0.980140569361572,19.944974754433314,0.3960958427208674,0.9925265864034004
20231017_EGmilled24-2_68,15F1,2025-07-16 14:59:20,77,synapticvesicles_161.txt,435.5060861188757,703.2645370654797,248.40928325880972,19.816223342140205,39.63244668428041,32595.021698767207,7322,presynatpticmembranes_1,119.18356686157064,False,0.0122597618028521,1.0064016357282513,0.992807618341378,0.9550979846259527,19.816223503452008,0.8897883724075586,0.9814947282267504
20231017_EGmilled24-2_68,15F1,2025-07-16 14:59:20,78,synapticvesicles_231.txt,453.1756516595963,772.2292259509769,129.89820259417414,19.702121275255035,39.40424255051007,32035.20985908509,11465,presynatpticmembranes_1,156.53702759885576,False,0.0122401155531406,1.0047888786320252,0.9706727902957212,0.8702453052908667,19.702121290157343,2.55644273312668,0.9405445447942647
20231017_EGmilled24-2_68,15F1,2025-07-16 14:59:20,79,synapticvesicles_28.txt,392.77217785369663,460.8802307999599,234.0095253392912,19.69659007058369,39.393180141167385,32008.236586653275,7288,presynatpticmembranes_2,43.045919482341766,False,0.0122363865375518,1.004482764414756,0.9976874738193642,0.9765624880398474,19.696590077073623,0.4616390655056369,0.9913499780855092
20231017_EGmilled24-2_68,15F1,2025-07-16 14:59:20,80,synapticvesicles_204.txt,166.18087375903383,722.8662121855522,146.83090775113862,19.58998295483674,39.17996590967348,31491.314098473456,7142,presynatpticmembranes_1,308.9581490215241,False,0.0122436201199889,1.0050765678926603,0.9958464805696902,0.9734662991840168,19.58998280457829,0.5197947427269354,0.9891324261539882
20231017_EGmilled24-2_68,15F1,2025-07-16 14:59:20,81,synapticvesicles_123.txt,368.05493512990586,725.78027920512,156.60078566471603,19.54887225119889,39.09774450239778,31293.47087487192,7152,presynatpticmembranes_1,153.84587815165963,False,0.0122295971959829,1.0039254285896084,0.9971146496595612,0.977261921106184,19.54887225656611,0.4445037996549332,0.991158831093548
20231017_EGmilled24-2_68,15F1,2025-07-16 14:59:20,82,synapticvesicles_197.txt,261.7384014725952,722.8002902767878,235.0157037689828,19.53825543118631,39.07651086237262,31242.51293604328,7122,presynatpticmembranes_1,229.750629903492,False,0.012244589626789,1.005156154531066,0.9969687913838412,0.9775735605484972,19.53825543615924,0.4381735025270185,0.991150222133238
20231017_EGmilled24-2_68,15F1,2025-07-16 14:59:20,83,synapticvesicles_119.txt,338.32564306976315,680.6719808622463,242.95212069667065,19.505303220735616,39.01060644147123,31084.703372701315,7108,presynatpticmembranes_1,146.74070942677417,False,0.0122503973543643,1.005632909840479,0.9974005575042982,0.9761361821078792,19.505303226344243,0.4654710041240751,0.9910212448853724
20231017_EGmilled24-2_68,15F1,2025-07-16 14:59:20,84,synapticvesicles_206.txt,197.53507662055395,726.0465344301625,206.0741460078475,19.44231122393698,38.88462244787396,30784.51259150408,7092,presynatpticmembranes_1,281.4022121619109,False,0.0122643411159515,1.0067775507148429,0.9967826399674822,0.9718893356239316,19.442311223806268,0.5465362855074868,0.9893146486644168
20231017_EGmilled24-2_68,15F1,2025-07-16 14:59:20,85,synapticvesicles_82.txt,188.31468856245328,421.8320001368199,249.15261604787605,19.41517289611096,38.83034579222191,30655.781816443337,10550,presynatpticmembranes_2,243.6456184044476,False,0.0122736366465687,1.0075406191470508,0.9633287818510242,0.8826824128570075,19.41517289841737,2.2777412384063456,0.9391348711528192
20231017_EGmilled24-2_68,15F1,2025-07-16 14:59:20,86,synapticvesicles_221.txt,167.20663072054884,832.4485091139915,229.1051929577841,19.40648419180289,38.81296838360578,30614.64288226129,7020,presynatpticmembranes_1,370.9787650136048,False,0.0122605692595243,1.0064679197008717,0.9948931041900618,0.9692860672164988,19.40648419574806,0.5960494511522844,0.9872109930979928
20231017_EGmilled24-2_68,15F1,2025-07-16 14:59:20,87,synapticvesicles_151.txt,399.2665981750579,695.7673154879052,160.252012594174,19.320116197877176,38.64023239575435,30207.710572600863,7022,presynatpticmembranes_1,111.02095471241437,False,0.0122792487964034,1.0080013195149988,0.9982165132436605,0.9801544074842043,19.320116201486112,0.3834191534925142,0.9927978815158236
20231017_EGmilled24-2_68,15F1,2025-07-16 14:59:20,88,synapticvesicles_139.txt,488.59697193904407,642.0276912697964,243.0759425068266,19.30190227036255,38.6038045407251,30122.35665817216,12920,presynatpticmembranes_1,43.57558090944315,False,0.0122727751731872,1.007469900952502,0.9918394092830468,0.8585963017344914,19.30190213460411,2.729360345391936,0.9518664770184802
20231017_EGmilled24-2_68,15F1,2025-07-16 14:59:20,89,synapticvesicles_105.txt,293.8100506243286,635.919031490018,243.63604366554665,19.28318816246648,38.56637632493295,30034.82642593966,6954,presynatpticmembranes_1,157.9333375817451,False,0.0122573692351579,1.006205230277661,0.994910219987098,0.966926463458315,19.283188172921687,0.6377632286773122,0.9865150930284632
20231017_EGmilled24-2_68,15F1,2025-07-16 14:59:20,90,synapticvesicles_219.txt,177.96399510570674,788.1672272431352,245.0075690953276,19.12991466266689,38.25982932533378,29324.303608625185,10314,presynatpticmembranes_1,333.8732188136531,False,0.0122759900987148,1.0077338136093483,0.9617042021878824,0.8694093474547432,19.129914681753817,2.4981880414253204,0.9340157457679406
20231017_EGmilled24-2_68,15F1,2025-07-16 14:59:20,91,synapticvesicles_66.txt,310.38105352284725,445.9701522086809,218.50006192540064,19.033636939349257,38.06727387869852,28883.7749415984,6776,presynatpticmembranes_2,119.09395378266974,False,0.0122685758396983,1.0071251784236144,0.998001107755373,0.9814929805126428,19.03363694429849,0.352255889843413,0.993048669582554
20231017_EGmilled24-2_68,15F1,2025-07-16 14:59:20,92,synapticvesicles_68.txt,310.3964544449617,498.163409225052,211.5063181909516,19.020399134225684,38.04079826845137,28823.551256750143,6782,presynatpticmembranes_2,111.74246130552532,False,0.0122536243870854,1.005897816374654,0.997806831555168,0.9783220215793064,19.02039903176157,0.4123237997635116,0.9919613885624096
20231017_EGmilled24-2_68,15F1,2025-07-16 14:59:20,93,synapticvesicles_138.txt,450.32312667363726,599.363292409786,240.6947461812377,19.00852635794208,38.01705271588416,28769.60885483729,6718,presynatpticmembranes_1,23.582268619971664,False,0.0122676407918334,1.0070484205129906,0.9956629478760328,0.9733008037880502,19.008526368143794,0.5075123752030937,0.988954304649638
20231017_EGmilled24-2_68,15F1,2025-07-16 14:59:20,94,synapticvesicles_96.txt,131.63078982007784,454.9803514802402,195.06434447722827,18.777979765608585,37.55595953121717,27735.449550384816,12706,presynatpticmembranes_2,278.7191743073162,False,0.012257857248187,1.0062452911792217,0.9969067554593688,0.87722405588727,18.77797972182496,2.3054841888767577,0.9610019455877392
20231017_EGmilled24-2_68,15F1,2025-07-16 14:59:20,95,synapticvesicles_65.txt,303.1186157684457,494.55765524772994,159.96986339845924,18.75065817210713,37.50131634421426,27614.56199930913,6604,presynatpticmembranes_2,107.50090818621985,False,0.0122603205963969,1.0064475069895804,0.9987333684688646,0.9861513876538476,18.750658177571825,0.2596705963364054,0.9949587742243594
20231017_EGmilled24-2_68,15F1,2025-07-16 14:59:20,96,synapticvesicles_172.txt,386.470423895148,732.0796015608795,199.2436628155897,18.7099110967408,37.4198221934816,27434.925231502944,6544,presynatpticmembranes_1,150.22145608900345,False,0.0122726242989301,1.0074575157119432,0.997571590724638,0.9787888665935842,18.709911101038102,0.3968584203862978,0.9919367734853216
20231017_EGmilled24-2_68,15F1,2025-07-16 14:59:20,97,synapticvesicles_208.txt,214.92635878747487,741.9350023481339,251.1005681071084,18.637604855877687,37.27520971175537,27118.07820066104,9074,presynatpticmembranes_1,278.7509265984604,False,0.0122533096000552,1.0058719755641057,0.9545620819591328,0.8668710340180533,18.63760495454538,2.4812050759786324,0.9282547675768088
20231017_EGmilled24-2_68,15F1,2025-07-16 14:59:20,98,synapticvesicles_10.txt,343.3567030679216,482.03650248287056,127.7390885606089,18.41824436699575,36.8364887339915,26171.78244489202,9886,presynatpticmembranes_2,62.072287511536544,False,0.0122740510851144,1.0075746403325363,0.9649059383642378,0.8710270747433256,18.41824440147293,2.375454858550329,0.936742279277964
20231017_EGmilled24-2_68,15F1,2025-07-16 14:59:20,99,synapticvesicles_166.txt,338.40359636533543,717.250984452235,212.7729005870088,18.35009450776747,36.70018901553494,25882.339243878367,6288,presynatpticmembranes_1,168.6612522820137,False,0.0122635560110211,1.0067131015926754,0.9982643343199544,0.9849412840721644,18.350094512603857,0.2763288605142334,0.9942674192456176
20231017_EGmilled24-2_68,15F1,2025-07-16 14:59:20,100,synapticvesicles_216.txt,170.0664086917966,739.6338383103068,244.02001530376216,18.100607556036422,36.201215112072845,24840.94233009486,10310,presynatpticmembranes_1,314.67313196893946,False,0.012295838445425,1.0093631608117553,0.983914516643286,0.863881251287897,18.100607581049346,2.463832054861244,0.9479045370366692
20231017_EGmilled24-2_68,15F1,2025-07-16 14:59:20,101,synapticvesicles_71.txt,282.75321716122374,534.6158600560913,136.35221589611078,18.066420651181232,36.13284130236247,24700.455557652527,6068,presynatpticmembranes_2,133.9246435735481,False,0.0122625455260276,1.006630151061772,0.996257660226656,0.975790455301192,18.066420644656244,0.4373798181442705,0.9901174987490168
20231017_EGmilled24-2_68,15F1,2025-07-16 14:59:20,102,synapticvesicles_212.txt,141.52570972552527,675.6700132991868,235.354120783381,17.984598380710203,35.969196761420406,24366.37035885846,11194,presynatpticmembranes_1,310.9802160766821,False,0.0122661041095852,1.0069222745443356,0.993415317980094,0.860511784621851,17.98459838678695,2.508639533265649,0.9535442579726212
20231017_EGmilled24-2_68,15F1,2025-07-16 14:59:20,103,synapticvesicles_144.txt,377.3770864262727,626.8382100922147,250.02482022158893,17.931353936894265,35.86270787378853,24150.59628645252,5848,presynatpticmembranes_1,86.80540150469623,False,0.0122554851695895,1.00605056767488,0.993811190899636,0.9613623357055466,17.931353946043572,0.6928256341122525,0.9840765343414092
20231017_EGmilled24-2_68,15F1,2025-07-16 14:59:20,104,synapticvesicles_60.txt,280.78201317431785,469.85133348346494,193.91176189038623,17.902800970736774,35.80560194147355,24035.411391988164,6006,presynatpticmembranes_2,137.43188560511675,False,0.0122612565755844,1.0065243413523064,0.9980107699554543,0.9787023312382236,17.90280091981908,0.3812879238983305,0.9922182383402852
20231017_EGmilled24-2_68,15F1,2025-07-16 14:59:20,105,synapticvesicles_100.txt,516.4783269882358,290.9418541400667,232.6710942197601,17.852395027897487,35.70479005579497,23832.964912389914,9980,presynatpticmembranes_2,23.11775279697098,False,0.0122729977592825,1.0074881730049314,0.9797994461282988,0.8604935631129821,17.852388141239665,2.490523059508398,0.9440076812237036
20231017_EGmilled24-2_68,15F1,2025-07-16 14:59:20,106,synapticvesicles_94.txt,134.69859054636007,502.6461780133684,215.3049649215404,17.802967982555973,35.60593596511195,23635.557013744376,11160,presynatpticmembranes_2,283.4487451292911,False,0.0122881336137652,1.0087306725701302,0.9948489703297224,0.86572083400149,17.802968004674195,2.390567695965808,0.9561105294312529
20231017_EGmilled24-2_68,15F1,2025-07-16 14:59:20,107,synapticvesicles_9.txt,326.5322781804983,528.2547285208123,131.31007161069235,17.65168115482787,35.30336230965574,23038.1091552413,10456,presynatpticmembranes_2,88.30392698736775,False,0.0122837759554386,1.008372953183866,0.988267839954852,0.8644683156877907,17.651681119479232,2.392362073065045,0.9511279826747334
20231017_EGmilled24-2_68,15F1,2025-07-16 14:59:20,108,synapticvesicles_190.txt,222.6256012192202,661.8495971587639,157.31058906775286,17.637804659264606,35.27560931852921,22983.81909078719,5794,presynatpticmembranes_1,232.5577432025979,False,0.0122812669724226,1.008166991220499,0.9970911496693284,0.9763680600176932,17.637804971833912,0.4168155485140111,0.9908742227738376
20231017_EGmilled24-2_68,15F1,2025-07-16 14:59:20,109,synapticvesicles_150.txt,401.98306199897024,668.4122442070212,258.4978455887972,17.527352610068576,35.05470522013715,22554.72729922412,7004,presynatpticmembranes_1,106.28487378362418,False,0.0122979981824755,1.0095404532367918,0.914317586510286,0.8687149284385074,17.52735259161472,2.301079739273651,0.9006367890887523
20231017_EGmilled24-2_68,15F1,2025-07-16 14:59:20,110,synapticvesicles_205.txt,181.84991555462148,696.0935156361775,242.875521262164,17.520192601075355,35.04038520215071,22527.09744103848,5696,presynatpticmembranes_1,285.3359914408801,False,0.0122560979798436,1.0061008731581371,0.9958035622359378,0.9717758895376843,17.520192604276623,0.494491851384148,0.9885952604264616
20231017_EGmilled24-2_68,15F1,2025-07-16 14:59:20,111,synapticvesicles_157.txt,458.6402947932303,714.0712401013091,127.1113947522036,17.391480841052392,34.782961682104784,22034.251252153783,6826,presynatpticmembranes_1,104.286280455128,False,0.0122724594548344,1.007443983689851,0.9203245426802336,0.8564633429751902,17.391480827348083,2.4963150186686165,0.9011661827687204
20231017_EGmilled24-2_68,15F1,2025-07-16 14:59:20,112,synapticvesicles_30.txt,415.30638474941736,305.8668466761301,216.8522894332193,17.35313443005998,34.70626886011996,21888.822664694704,9994,presynatpticmembranes_2,46.016071677759136,False,0.0122762462124228,1.0077548379374577,0.9867407977831724,0.8592367815102183,17.35313436807351,2.442683044535672,0.948489592901286
20231017_EGmilled24-2_68,15F1,2025-07-16 14:59:20,113,synapticvesicles_78.txt,177.9139876410526,484.740690378712,126.6432972689586,17.290665167660688,34.581330335321375,21653.28099091604,8207,presynatpticmembranes_2,228.62503121605292,False,0.0122558958828449,1.0060842830519567,0.9604164574354184,0.8628086210900298,17.29066513040829,2.3721301915112543,0.9311341065318016
20231017_EGmilled24-2_68,15F1,2025-07-16 14:59:20,114,synapticvesicles_203.txt,168.57144115579348,773.7173541052532,137.19206415574467,17.288254588762342,34.576509177524684,21644.22587388678,8932,presynatpticmembranes_1,333.1265748147171,False,0.0122785838320851,1.0079467327140172,0.9764673331430238,0.8550122343514424,17.28825437632931,2.5065853739878845,0.9400308035055494
20231017_EGmilled24-2_68,15F1,2025-07-16 14:59:20,115,synapticvesicles_54.txt,242.9531961948292,534.6415153874161,153.74785349089825,17.256153383023413,34.51230676604683,21523.88120651348,10492,presynatpticmembranes_2,172.7118031747502,False,0.0122631751000881,1.0066818326828697,0.9965095908710404,0.8638325856204311,17.256153349779897,2.349725783776865,0.9567064892958574
20231017_EGmilled24-2_68,15F1,2025-07-16 14:59:20,116,synapticvesicles_183.txt,245.0487875455314,746.8165385722327,139.36176843564357,17.22739889301118,34.45479778602236,21416.46256933977,5566,presynatpticmembranes_1,258.00158373127664,False,0.0122554125264287,1.006044604410907,0.995487877145227,0.9692554757130466,17.22739855492947,0.5296481732730554,0.9876181567155728
20231017_EGmilled24-2_68,15F1,2025-07-16 14:59:20,117,synapticvesicles_89.txt,216.55224824376648,454.6642639367466,228.27493033107365,16.885486633896857,33.770973267793714,20166.445332128184,9968,presynatpticmembranes_2,209.19876836642564,False,0.0122672235593199,1.007014169971198,0.9947764650619514,0.8688772788005859,16.885486632806725,2.214070956069951,0.9570067091835416
20231017_EGmilled24-2_68,15F1,2025-07-16 14:59:20,118,synapticvesicles_220.txt,147.9393222040437,799.3557677131138,193.87774423989552,16.749646534976716,33.49929306995343,19683.64614966447,8772,presynatpticmembranes_1,364.23005091718494,False,0.0122267240658402,1.003689573854275,0.9823746789913538,0.8586340750836441,16.749646586723394,2.367829281754236,0.9452524978190407
20231017_EGmilled24-2_68,15F1,2025-07-16 14:59:20,119,synapticvesicles_41.txt,213.6715858249117,512.3299324908728,123.05330829897444,16.715573826882725,33.43114765376545,19563.76688963273,2086,presynatpticmembranes_2,196.2331887897909,False,0.0122582390904426,1.0062766365411298,0.8336592399847116,0.9010597503418186,16.715573307192628,1.6538429961932704,0.8538793930918437
20231017_EGmilled24-2_68,15F1,2025-07-16 14:59:20,120,synapticvesicles_76.txt,166.78468317326485,532.9669933873652,203.8825434898273,16.68856869192753,33.37713738385506,19469.10024698483,9598,presynatpticmembranes_2,250.3770090757588,False,0.0122170457616448,1.0028950836080563,0.9948536174925878,0.8573746615099052,16.68856866028352,2.380212754088126,0.953609930697783
20231017_EGmilled24-2_68,15F1,2025-07-16 14:59:20,121,synapticvesicles_164.txt,300.9180510186996,733.9287660804458,256.0077204972384,16.307600438658284,32.61520087731657,18165.97848033917,1470,presynatpticmembranes_1,213.96635038372244,False,0.012274538166821,1.007614624781995,0.8385726947305319,0.9278091420901096,16.307600508377543,1.17725967115154,0.8653436289384051
20231017_EGmilled24-2_68,15F1,2025-07-16 14:59:20,122,synapticvesicles_132.txt,567.0325546747608,739.7526088552327,199.4726374530787,16.10646428353477,32.21292856706954,17502.063327780626,4818,presynatpticmembranes_1,117.5261075303033,False,0.0122454464435577,1.005226490465104,0.9944704588287856,0.9677204392251472,16.1064642889113,0.5199095928819077,0.986445452947694
20231017_EGmilled24-2_68,15F1,2025-07-16 14:59:20,123,synapticvesicles_155.txt,441.02139174939225,644.5634689432356,253.41587088986927,15.892518015575256,31.78503603115051,16813.833657542833,1360,presynatpticmembranes_1,81.66112658624589,False,0.0122301885858178,1.003973975674515,0.7942588130551854,0.8989380726827441,15.89251802452023,1.6061285014822433,0.825662590943453
20231017_EGmilled24-2_68,15F1,2025-07-16 14:59:20,124,synapticvesicles_130.txt,542.1116264249869,665.2842203020077,207.92194901046048,15.776057711919664,31.552115423839325,16446.900623421556,4626,presynatpticmembranes_1,42.36610167230217,False,0.0122011080384254,1.0015867587828504,0.9965666486573564,0.9733779421726086,15.776057650822503,0.4199911190684569,0.989610036711932
20231017_EGmilled24-2_68,15F1,2025-07-16 14:59:20,125,synapticvesicles_95.txt,114.88152397318098,473.97638003410657,243.2987096074331,15.48037443973454,30.96074887946908,15539.355162846046,5198,presynatpticmembranes_2,311.2562143512171,False,0.0122429216280579,1.005019228815999,0.9498538693023492,0.8645740624137146,15.480374350066215,2.0964442105444,0.9242699272357588
20231017_EGmilled24-2_68,15F1,2025-07-16 14:59:20,126,synapticvesicles_1.txt,335.2434520874186,339.3745213261447,173.56324358352745,15.362621352299849,30.725242704599697,15187.440473699808,6202,presynatpticmembranes_2,95.90482399420296,False,0.01220269408077,1.0017169567129227,0.9588639407725472,0.8662145552610337,15.362622503348934,2.0552952839673884,0.9310691251190932
20231017_EGmilled24-2_68,15F1,2025-07-16 14:59:20,127,synapticvesicles_24.txt,353.7279637029776,509.11296322701793,230.4847358280476,15.145128309097467,30.29025661819493,14551.490507941882,7878,presynatpticmembranes_2,72.02531139802393,False,0.0122138764709234,1.0026349171042186,0.9950430412332092,0.8400905505009016,15.14510889339951,2.421846025747414,0.948557294013517
20231017_EGmilled24-2_68,15F1,2025-07-16 14:59:20,128,synapticvesicles_44.txt,229.460843908428,408.347524122163,242.2101646368976,15.015963322558177,30.03192664511636,14182.350223265332,6284,presynatpticmembranes_2,205.8918070944548,False,0.0121781658381223,0.9997034376968852,0.9670831351347468,0.8605580022275844,15.015963335009312,2.0938559259110434,0.935125595262598
20231017_EGmilled24-2_68,15F1,2025-07-16 14:59:20,129,synapticvesicles_226.txt,133.20248445545258,715.6358379669607,214.8606344141901,14.988284847214116,29.976569694428232,14104.068990320342,6552,presynatpticmembranes_1,335.51316707170304,False,0.0122280130162835,1.0037953835637408,0.973252274399343,0.8452632216171934,14.98828384877378,2.319238756246308,0.934855558564698
20231017_EGmilled24-2_68,15F1,2025-07-16 14:59:20,130,synapticvesicles_162.txt,334.7856581546715,728.3842115384267,127.4125536478626,14.818364246607056,29.636728493214115,13629.797606505968,2352,presynatpticmembranes_1,192.0834874338606,False,0.0122394133359193,1.004731233746955,0.8388211250557379,0.8603626948415662,14.818364813838672,2.069196529458988,0.8452835959914864
20231017_EGmilled24-2_68,15F1,2025-07-16 14:59:20,131,synapticvesicles_200.txt,280.64383163151905,747.0606818833202,158.5522590908805,13.454377669794702,26.908755339589405,10201.862182292203,4714,presynatpticmembranes_1,231.90476104911588,False,0.0121308146044611,0.995816383463966,0.9625848687952092,0.8637528054091758,13.454376746643677,1.8331210866982213,0.9329352497793992
20231017_EGmilled24-2_68,15F1,2025-07-16 14:59:20,132,synapticvesicles_23.txt,343.24339979460314,423.0437450524404,236.3221124278097,12.59239051642007,25.18478103284014,8363.983359902297,2140,presynatpticmembranes_2,98.10587092870789,False,0.0122999716550111,1.0097024552413856,0.9099337964363235,0.8604954722381905,12.592390475020732,1.7566954866100757,0.8951022991768837
20250227_AMmilled25-3_Position_16,unlabeled,2025-07-16 15:02:25,0,synapticvesicles_9.txt,579.9623564889207,287.27618377307215,229.824853420142,27.30861832113724,54.61723664227448,85307.61338118289,13974,presynatpticmembranes_1,84.68738003657032,False,0.0296519882977008,0.9126603510407734,0.9860395650597076,0.9353522480730532,27.308618888756797,1.7654408193878814,0.9708333699637112
20250227_AMmilled25-3_Position_16,unlabeled,2025-07-16 15:02:25,1,synapticvesicles_10.txt,584.9130173569841,361.4833295081746,265.6621401555802,26.827187942160364,53.65437588432073,80874.9573556138,25572,presynatpticmembranes_1,35.77949393318497,False,0.0297750830650329,0.9164490923702472,0.9784333445396256,0.8584365010825261,26.82718803036964,3.797750603696098,0.9424342915024956
20250227_AMmilled25-3_Position_16,unlabeled,2025-07-16 15:02:25,2,synapticvesicles_33.txt,573.4030382839171,133.01775571068652,293.79927572496064,26.708154891754425,53.41630978350885,79803.19295401515,13206,presynatpticmembranes_1,161.16781924680205,False,0.0300306025892496,0.924313743345016,0.9848294829437894,0.9247882967192828,26.70815488736782,2.0087658205641423,0.9668171270764374
20250227_AMmilled25-3_Position_16,unlabeled,2025-07-16 15:02:25,3,synapticvesicles_6.txt,589.0103787800325,236.9290805737781,297.3917862852132,26.31457081774224,52.62914163548447,76326.87521159192,12940,presynatpticmembranes_1,114.459148112591,False,0.0301844850182533,0.9290500999853708,0.9850710943857056,0.931387467823604,26.31457082240377,1.805509337260232,0.9689660064170752
20250227_AMmilled25-3_Position_16,unlabeled,2025-07-16 15:02:25,4,synapticvesicles_47.txt,451.5141694137261,60.54010130294743,276.248391114097,25.702343164309383,51.404686328618766,71122.45883687717,12356,presynatpticmembranes_1,99.44959253819536,False,0.0303255841135978,0.9333929976216372,0.9925865360060442,0.955774736998819,25.702343197894542,1.1366928876735012,0.9815429963038764
20250227_AMmilled25-3_Position_16,unlabeled,2025-07-16 15:02:25,5,synapticvesicles_15.txt,361.7074540963649,68.33786969461606,243.87690614693955,24.97179300265693,49.94358600531386,65228.5595727111,11616,presynatpticmembranes_1,15.277844186448284,False,0.030657336115837,0.943604012673387,0.9934797783074304,0.9546834698163296,24.971792732339097,1.1316349990954044,0.9818408857601002
20250227_AMmilled25-3_Position_16,unlabeled,2025-07-16 15:02:25,6,synapticvesicles_99.txt,551.3520526379518,257.409629184368,188.4201284109382,24.964295657709584,49.92859131541917,65169.826000778565,11115,presynatpticmembranes_1,89.74764876653498,False,0.0307830795645713,0.9474742779288136,0.9832322688056696,0.936414593045018,24.964295686540385,1.58736490057317,0.969186966077474
20250227_AMmilled25-3_Position_16,unlabeled,2025-07-16 15:02:25,7,synapticvesicles_1.txt,444.9229209467903,224.8304899886708,277.1079865997813,24.64848173586084,49.29696347172168,62727.66613541835,11394,presynatpticmembranes_1,8.34617031369493,True,0.0310585051774978,0.9559516196185308,0.9863878319826952,0.926598798422284,24.648482001820103,1.8092281960003016,0.9684511219145716
20250227_AMmilled25-3_Position_16,unlabeled,2025-07-16 15:02:25,8,synapticvesicles_26.txt,503.4290582854612,153.23254549226746,264.0305396798733,24.408426580790263,48.81685316158053,60912.71588656238,11266,presynatpticmembranes_1,100.16719069309482,False,0.031024370342493,0.9549009814560768,0.9874949082556994,0.9294352465362032,24.408426511813428,1.7223745992453157,0.9700770097398506
20250227_AMmilled25-3_Position_16,unlabeled,2025-07-16 15:02:25,9,synapticvesicles_60.txt,567.167103123859,200.13096518684725,184.5805019503077,24.366310347152567,48.73262069430513,60597.948753699886,11140,presynatpticmembranes_1,138.69666444076188,False,0.0311740767210721,0.9595088031864554,0.9880109172923184,0.946312066230801,24.366309834607737,1.3081768286002011,0.9755012619738632
20250227_AMmilled25-3_Position_16,unlabeled,2025-07-16 15:02:25,10,synapticvesicles_7.txt,647.558971670353,246.90092955207132,290.9323683057387,24.29437906619472,48.58875813238944,60062.861632068416,10990,presynatpticmembranes_1,159.0042399954512,False,0.0311195738613605,0.9578312563529092,0.9869149076611716,0.9389724249217232,24.29437963781606,1.482627077326982,0.9725321628393367
20250227_AMmilled25-3_Position_16,unlabeled,2025-07-16 15:02:25,11,synapticvesicles_35.txt,550.5778085062539,176.1207944437032,242.2815730598248,24.239384137696764,48.47876827539353,59655.893283298254,11050,presynatpticmembranes_1,127.78586273939584,False,0.0312812812626361,0.9628084582906812,0.9860021846863314,0.938251236400192,24.239384157746848,1.4967520021616385,0.9716769002004896
20250227_AMmilled25-3_Position_16,unlabeled,2025-07-16 15:02:25,12,synapticvesicles_71.txt,503.0145018800716,26.07417930088972,214.5865524641376,24.15910705754147,48.31821411508294,59065.14089693781,20036,presynatpticmembranes_1,163.78854437089575,False,0.0312466658651828,0.9617430288674004,0.9699585428981004,0.8443209154166411,24.159107762578547,3.761067780828948,0.9322672546536626
20250227_AMmilled25-3_Position_16,unlabeled,2025-07-16 15:02:25,13,synapticvesicles_44.txt,416.3962716543245,85.28031624626159,239.8769909551643,23.80918346604631,47.61836693209262,56535.6141115774,10616,presynatpticmembranes_1,68.91055793160552,False,0.0316369794309139,0.9737565138431682,0.9920500510928968,0.9482999019891122,23.809183463528772,1.2309371186236475,0.9789250063617614
20250227_AMmilled25-3_Position_16,unlabeled,2025-07-16 15:02:25,14,synapticvesicles_18.txt,397.58029812748,151.51022656316576,157.6692394674468,23.70621855548506,47.41243711097012,55805.3018112756,10482,presynatpticmembranes_1,36.09740117125381,False,0.0313962213695049,0.966346206829845,0.9860621717141655,0.939138374665034,23.706218563205187,1.4427989923026066,0.971985032599426
20250227_AMmilled25-3_Position_16,unlabeled,2025-07-16 15:02:25,15,synapticvesicles_32.txt,573.3784937761509,53.88005017068491,239.3994845016438,23.651730794895364,47.30346158979073,55421.38705881834,10416,presynatpticmembranes_1,219.3437852766282,False,0.0315879993140697,0.9722489518481944,0.984510163298748,0.923739440680264,23.651730388064426,1.803694188273387,0.9662789465132028
20250227_AMmilled25-3_Position_16,unlabeled,2025-07-16 15:02:25,16,synapticvesicles_27.txt,509.3604514456586,223.2140891725884,256.4841978388636,23.44966653452675,46.8993330690535,54013.04021446696,10240,presynatpticmembranes_1,65.01183685110442,False,0.0318284220993518,0.9796489393772196,0.9931293036382324,0.9608366006162744,23.449666534042723,0.9183686558878972,0.983441492731645
20250227_AMmilled25-3_Position_16,unlabeled,2025-07-16 15:02:25,17,synapticvesicles_98.txt,565.2324385746663,229.98703602507547,237.47958458520583,23.44336831056885,46.8867366211377,53969.53065801991,18956,presynatpticmembranes_1,107.28033205695534,False,0.031867504119873,0.9808518472635348,0.979603670881757,0.8399858908802631,23.443367917431814,3.751269632074073,0.9377183368813088
20250227_AMmilled25-3_Position_16,unlabeled,2025-07-16 15:02:25,18,synapticvesicles_45.txt,449.53623401067983,36.33772908440741,211.4225366780198,23.291988124582826,46.58397624916565,52930.77944363192,10118,presynatpticmembranes_1,114.99772522203438,False,0.0320047922432422,0.985077446761616,0.989706916538531,0.9421007153726424,23.291987698330804,1.3485894252825643,0.9754250561887644
20250227_AMmilled25-3_Position_16,unlabeled,2025-07-16 15:02:25,19,synapticvesicles_73.txt,519.8687078321918,110.59106704392534,207.5406773865672,23.244108720874276,46.48821744174855,52605.033761145074,10178,presynatpticmembranes_1,148.0279155862881,False,0.0319252200424671,0.982628289154935,0.9851923771603373,0.9360134655362844,23.24410874988777,1.4873099656030482,0.9704387036731214
20250227_AMmilled25-3_Position_16,unlabeled,2025-07-16 15:02:25,20,synapticvesicles_25.txt,502.35984384641097,199.74251715618811,163.49732578689006,23.207044316938653,46.414088633877306,52353.787283038815,18372,presynatpticmembranes_1,94.710388723052,False,0.0319261364638805,0.9826564957453492,0.977451027200418,0.845391083347116,23.20704427831652,3.588015974586026,0.9378330440444274
20250227_AMmilled25-3_Position_16,unlabeled,2025-07-16 15:02:25,21,synapticvesicles_5.txt,522.9810011017497,341.3341009233294,256.4303738465932,22.985211379010213,45.970422758020426,50866.76463355462,9946,presynatpticmembranes_1,7.781052112196366,True,0.0320431590080261,0.986258339748096,0.989261516565444,0.9381778605469964,22.985211391430205,1.4209949439977636,0.9739364197599096
20250227_AMmilled25-3_Position_16,unlabeled,2025-07-16 15:02:25,22,synapticvesicles_55.txt,560.9760739068976,148.43753858583605,183.07195054104048,22.874348715392344,45.74869743078469,50134.284590545234,9888,presynatpticmembranes_1,168.2114623699301,False,0.0321057401597499,0.9881845288227512,0.989311887682962,0.9470896564728364,22.874348292691277,1.210289626126287,0.976645218319924
20250227_AMmilled25-3_Position_16,unlabeled,2025-07-16 15:02:25,23,synapticvesicles_95.txt,488.4398487267188,84.96287798810668,311.7997977963161,22.803114697130248,45.606229394260495,49667.365506513626,9682,presynatpticmembranes_1,121.72319876778784,False,0.0320129878818988,0.9853297008222294,0.9924233322712644,0.9502513941721557,22.80311478523697,1.1344231690978452,0.9797717508415316
20250227_AMmilled25-3_Position_16,unlabeled,2025-07-16 15:02:25,24,synapticvesicles_78.txt,485.39322748452383,150.7912204310521,208.8200369096804,22.79943878273844,45.59887756547688,49643.34989858145,9822,presynatpticmembranes_1,101.57348013697504,False,0.032153021544218,0.989639805430616,0.9863969092279766,0.9314047938466616,22.799438803433286,1.5639322049019269,0.9698992746135822
20250227_AMmilled25-3_Position_16,unlabeled,2025-07-16 15:02:25,25,synapticvesicles_43.txt,404.1298169372296,25.53912659308772,240.7995534259243,22.621095791713078,45.24219158342615,48487.47020748362,9626,presynatpticmembranes_1,68.26339166341357,False,0.0321987383067607,0.9910469244450912,0.9940995346190794,0.957765244018133,22.621095649346177,0.9553964547926076,0.9831992474387954
20250227_AMmilled25-3_Position_16,unlabeled,2025-07-16 15:02:25,26,synapticvesicles_16.txt,371.1231154177265,124.97938848126049,265.9466415930158,22.58503672445384,45.17007344890768,48255.96585476671,9646,presynatpticmembranes_1,8.96791821305282,True,0.0322824940085411,0.9936248462836218,0.9936043687464196,0.9526840643817296,22.585036599305315,1.0686321376690104,0.9813282774370125
20250227_AMmilled25-3_Position_16,unlabeled,2025-07-16 15:02:25,27,synapticvesicles_50.txt,531.376888893108,58.99665293431188,304.1548352282706,22.484625891150653,44.969251782301306,47615.199386781656,9404,presynatpticmembranes_1,172.27090264470326,False,0.032224703580141,0.9918461111734886,0.9933286021234472,0.9542804102647168,22.484625923045545,1.0279878725529588,0.981614144565828
20250227_AMmilled25-3_Position_16,unlabeled,2025-07-16 15:02:25,28,synapticvesicles_11.txt,635.4403430310318,287.03610993529054,228.70138945203792,22.397009055897584,44.79401811179517,47060.73287044956,9340,presynatpticmembranes_1,127.82563811132648,False,0.0323554724454879,0.9958710540324458,0.9941842331008902,0.9646993566200164,22.39700905501902,0.7906288294294894,0.985338770156628
20250227_AMmilled25-3_Position_16,unlabeled,2025-07-16 15:02:25,29,synapticvesicles_48.txt,501.3947452900623,32.92002981912727,272.3423404328895,22.299339381346044,44.59867876269209,46447.74145507683,9316,presynatpticmembranes_1,155.70357973264407,False,0.0324590131640434,0.999057940105484,0.9956617392670272,0.9656840834773616,22.29933925107228,0.7652222642497903,0.9866684425301272
20250227_AMmilled25-3_Position_16,unlabeled,2025-07-16 15:02:25,30,synapticvesicles_28.txt,448.70196730615766,166.75408755765977,308.0777106948334,22.11713446655228,44.23426893310455,45318.46427676186,9210,presynatpticmembranes_1,42.42314975842815,False,0.0323170088231563,0.9946871798616134,0.9933852958345945,0.9554422430518058,22.117134264765628,0.985489892960005,0.9820023799997578
20250227_AMmilled25-3_Position_16,unlabeled,2025-07-16 15:02:25,31,synapticvesicles_87.txt,499.8929989834325,76.88995233472782,166.8480619152412,22.04644962663442,44.09289925326884,44885.34736191017,16652,presynatpticmembranes_1,155.653692416419,False,0.0323818027973175,0.996681477532634,0.9793865417734884,0.8455224534345452,22.04644965302411,3.405681452877986,0.9392273152718054
20250227_AMmilled25-3_Position_16,unlabeled,2025-07-16 15:02:25,32,synapticvesicles_19.txt,441.1191874289429,124.36825533240795,210.50664250051844,22.01611071912807,44.03222143825614,44700.29725620618,9132,presynatpticmembranes_1,74.4465034367803,False,0.0325183048844337,1.000882883573084,0.9951464320808238,0.9630141803971928,22.01611072856329,0.81428389976207,0.9855067565757344
20250227_AMmilled25-3_Position_16,unlabeled,2025-07-16 15:02:25,33,synapticvesicles_66.txt,441.4496514458459,77.29483665811769,180.13035711048272,21.94604734023586,43.89209468047172,44274.895454450176,8988,presynatpticmembranes_1,105.17086063860536,False,0.0326247848570346,1.0041602371251328,0.9895727849388388,0.9482507564915496,21.946047365675284,1.1356913491743168,0.977176176404652
20250227_AMmilled25-3_Position_16,unlabeled,2025-07-16 15:02:25,34,synapticvesicles_36.txt,559.6861892301183,187.6228675185737,301.08694811509287,21.82482777244948,43.64965554489896,43545.27974999549,8870,presynatpticmembranes_1,122.77145650060936,False,0.0326135493814945,1.0038144197402197,0.9953921791585092,0.9726810928344763,21.82482771928612,0.5962304423667244,0.9885788532612994
20250227_AMmilled25-3_Position_16,unlabeled,2025-07-16 15:02:25,35,synapticvesicles_23.txt,428.9720802885607,206.89223541095845,228.93042418797688,21.66768710628813,43.33537421257627,42611.44636997563,8806,presynatpticmembranes_1,22.458761674467507,False,0.0327498689293861,1.0080102073947736,0.9950850827689378,0.9642469213116154,21.66768710726872,0.7746865221414757,0.9858336343317412
20250227_AMmilled25-3_Position_16,unlabeled,2025-07-16 15:02:25,36,synapticvesicles_12.txt,644.4629777653736,320.1604732992699,271.6560697942081,21.596303990742623,43.19260798148525,42191.68842317268,8762,presynatpticmembranes_1,110.38986936566276,False,0.0328464061021804,1.010981530906924,0.991188225627821,0.9483854865384476,21.596303284188476,1.1146826865815136,0.9783474039010088
20250227_AMmilled25-3_Position_16,unlabeled,2025-07-16 15:02:25,37,synapticvesicles_21.txt,407.38802011124267,187.4550408375628,274.9605209418844,21.31653015428576,42.63306030857152,40573.09593556363,8558,presynatpticmembranes_1,3.63858163290045,True,0.0328217297792434,1.010222016862605,0.9943748880832208,0.9579595934036182,21.316530191660075,0.8961555964814378,0.98345029967934
20250227_AMmilled25-3_Position_16,unlabeled,2025-07-16 15:02:25,38,synapticvesicles_75.txt,527.1486789297493,106.01970874847711,278.14360062674683,21.191916993457,42.38383398691399,39865.69519615985,8440,presynatpticmembranes_1,145.2064886279649,False,0.0327399559319019,1.0077050946423685,0.9932772925824316,0.9531362806624188,21.19191777290515,0.9931320867345266,0.9812349890064278
20250227_AMmilled25-3_Position_16,unlabeled,2025-07-16 15:02:25,39,synapticvesicles_49.txt,422.9561898256746,-0.3112853488016969,303.88533167379865,20.66005599664955,41.3201119932991,36938.82631590908,3824,presynatpticmembranes_1,84.65945166072775,False,0.0353523790836334,1.0881130256987548,0.8461803740927346,0.8735186832547306,20.66004439855304,2.6131096195447143,0.8543818668413334
20250227_AMmilled25-3_Position_16,unlabeled,2025-07-16 15:02:25,40,synapticvesicles_3.txt,455.5500374359912,283.6211335880843,190.54064117054935,20.63614964534037,41.27229929068075,36810.745667308205,14326,presynatpticmembranes_1,2.9318746499926043,True,0.0330487079918384,1.0172081930712882,0.9735289576838676,0.8325094564183183,20.63614958563792,3.45635991153139,0.9312231073042028
20250227_AMmilled25-3_Position_16,unlabeled,2025-07-16 15:02:25,41,synapticvesicles_34.txt,573.2705380109277,79.18117585720178,289.1415030301207,20.61564416149233,41.23128832298466,36701.12167697009,7896,presynatpticmembranes_1,197.1706643660777,False,0.0332406908273696,1.023117244441153,0.9914162711351548,0.9548863584756274,20.615644124783817,0.9300467788395356,0.9804572973372964
20250227_AMmilled25-3_Position_16,unlabeled,2025-07-16 15:02:25,42,synapticvesicles_74.txt,528.2118372355629,71.46837180822317,241.94293410404515,20.462304778883592,40.924609557767184,35888.24792221304,7786,presynatpticmembranes_1,173.8556897192296,False,0.0334239415824413,1.0287575305755277,0.9906867951135568,0.9502080725041214,20.46230448481881,1.0188575813066898,0.978543178330726
20250227_AMmilled25-3_Position_16,unlabeled,2025-07-16 15:02:25,43,synapticvesicles_86.txt,483.9808800613821,70.23455320541254,227.34745608073572,20.366147915277143,40.732295830554285,35384.681448732175,7778,presynatpticmembranes_1,138.69050351677978,False,0.0331654213368892,1.0208005202162935,0.991837959742534,0.9525967861454968,20.36614792311803,0.9654208653920094,0.9800656076634228
20250227_AMmilled25-3_Position_16,unlabeled,2025-07-16 15:02:25,44,synapticvesicles_14.txt,645.2515023785306,378.7141426386613,292.6840095163663,20.2501394081002,40.50027881620039,34783.45048735835,13162,presynatpticmembranes_1,57.52367504283153,False,0.0333483442664146,1.026430716188244,0.9718675842072416,0.8351182694253582,20.25013941469697,3.3388780310730017,0.9308427897726764
20250227_AMmilled25-3_Position_16,unlabeled,2025-07-16 15:02:25,45,synapticvesicles_17.txt,404.2812507953581,101.75128812156052,311.76766910193544,20.097974902921617,40.19594980584324,34005.21366646588,13976,presynatpticmembranes_1,38.922959557252696,False,0.0333101116120815,1.0252539509954834,0.9930210310053234,0.8515063181682309,20.09797488995994,2.984422288772596,0.9505666171541955
20250227_AMmilled25-3_Position_16,unlabeled,2025-07-16 15:02:25,46,synapticvesicles_76.txt,429.1983380769221,191.64925969836423,149.68156944096475,20.02766895611567,40.05533791223134,33649.593478856834,13932,presynatpticmembranes_1,41.07839936118109,False,0.0333335511386394,1.0259753976088373,0.9905335217447552,0.8516669122993321,20.0276689627054,2.970765976684924,0.9488735389111282
20250227_AMmilled25-3_Position_16,unlabeled,2025-07-16 15:02:25,47,synapticvesicles_46.txt,460.75322270090095,7.779250834652308,256.99283814947074,19.96123569977133,39.92247139954266,33315.848431389204,6352,presynatpticmembranes_1,122.514107064695,False,0.0349130071699619,1.0745895708483435,0.8774142119850424,0.856903794073826,19.96124057858555,2.856377792375179,0.8712610866116774
20250227_AMmilled25-3_Position_16,unlabeled,2025-07-16 15:02:25,48,synapticvesicles_56.txt,534.6831180162451,7.437119903146324,300.9089815685006,19.65099704321464,39.30199408642928,31786.47582302777,2982,presynatpticmembranes_1,193.78080565215163,False,0.0346352718770504,1.066041139377908,0.8323732278286372,0.8761162191025152,19.650995778764248,2.4344396554738283,0.8454961252108005
20250227_AMmilled25-3_Position_16,unlabeled,2025-07-16 15:02:25,49,synapticvesicles_65.txt,421.8565204208802,111.14942779160798,152.91177613819065,19.47998833044524,38.95997666089048,30963.83085836873,7112,presynatpticmembranes_1,81.20782227576686,False,0.0336107313632965,1.034506744599713,0.9917202699061516,0.952650326455184,19.47998834093612,0.9223710886001448,0.9799992868708612
20250227_AMmilled25-3_Position_16,unlabeled,2025-07-16 15:02:25,50,synapticvesicles_89.txt,520.2419445280337,130.4613995926691,149.2823502995765,19.39912174663883,38.79824349327766,30579.812287578672,9886,presynatpticmembranes_1,150.09868614622945,False,0.0336099565029144,1.0344828951248912,0.9559225139418416,0.852586978508749,19.39912165535641,2.8596831374924467,0.9249218533119136
20250227_AMmilled25-3_Position_16,unlabeled,2025-07-16 15:02:25,51,synapticvesicles_4.txt,489.09060979721255,309.9996713251994,220.462739499764,19.356400870328724,38.71280174065745,30378.227666530496,7012,presynatpticmembranes_1,9.501993405563288,True,0.0338210798799991,1.0409810743872243,0.9963105097279614,0.9792119256975812,19.356400876040414,0.4023822996385296,0.9911809345188474
20250227_AMmilled25-3_Position_16,unlabeled,2025-07-16 15:02:25,52,synapticvesicles_52.txt,544.2762805798059,10.681276191550044,240.9773564747234,19.140516999605936,38.28103399921187,29373.08769850979,4474,presynatpticmembranes_1,205.5909589178833,False,0.0341647639870643,1.0515593484190398,0.8500126434484515,0.8603197509467986,19.140516469726,2.67355210749823,0.8531047756979556
20250227_AMmilled25-3_Position_16,unlabeled,2025-07-16 15:02:25,53,synapticvesicles_31.txt,559.506000953498,120.04119882879556,237.37443256375647,18.50643074568859,37.01286149137718,26549.51600598936,6506,presynatpticmembranes_1,174.95179575304655,False,0.0337551087141037,1.038950543860225,0.9953169017370864,0.9623118564745172,18.50643061938531,0.69747301332778,0.9854153881583156
20250227_AMmilled25-3_Position_16,unlabeled,2025-07-16 15:02:25,54,synapticvesicles_13.txt,626.8677151661583,288.8209545000479,322.96633235042214,18.466404257355908,36.932808514711816,26377.62108793291,11070,presynatpticmembranes_1,118.56349775266922,False,0.0337461121380329,1.0386736376982333,0.9885963833444932,0.8305784800118651,18.46640434718977,3.1286062932163925,0.9411910123447048
20250227_AMmilled25-3_Position_16,unlabeled,2025-07-16 15:02:25,55,synapticvesicles_70.txt,471.7879639634078,115.24987729107114,147.2527861290369,18.108768904889185,36.21753780977837,24874.558939985294,8908,presynatpticmembranes_1,121.15005460273628,False,0.0341412015259265,1.0508341179947769,0.9556582482715889,0.8429286390246089,18.108768839713573,2.844368967242564,0.9218393654974948
20250227_AMmilled25-3_Position_16,unlabeled,2025-07-16 15:02:25,56,synapticvesicles_20.txt,491.5026499534175,134.31309732579396,313.30314263915164,17.532352631488383,35.064705262976766,22574.035342409126,9046,presynatpticmembranes_1,97.9781506571746,False,0.0341388098895549,1.0507605056734524,0.970666138456386,0.8290395130091158,17.5323525237043,2.9973395255483446,0.9281781508222048
20250227_AMmilled25-3_Position_16,unlabeled,2025-07-16 15:02:25,57,synapticvesicles_2.txt,466.4557922538417,257.17382214065657,305.0215999155183,16.89187163088777,33.78374326177554,20189.33091275737,7266,presynatpticmembranes_1,7.463770530707419,True,0.0344693027436733,1.0609327653286171,0.9609276508125928,0.8281538975483325,16.891871381495843,2.9028022600249246,0.9210955248333148
20250227_AMmilled25-3_Position_16,unlabeled,2025-07-16 15:02:25,58,synapticvesicles_101.txt,378.89647597589135,165.24084587620158,233.48742332090765,16.536483650384895,33.07296730076979,18941.663050585,8994,presynatpticmembranes_1,1.974766449018515,True,0.0340448357164859,1.0478680688857118,0.9850684678348413,0.8197470869483399,16.53648357950699,2.9807493368370777,0.9354720535688908
20250227_AMmilled25-3_Position_16,unlabeled,2025-07-16 15:02:25,59,synapticvesicles_22.txt,418.764948863503,243.0023280253721,196.214697648848,16.258751408042208,32.517502816084416,18003.219721426944,6558,presynatpticmembranes_1,3.7088249172429606,True,0.0341843515634536,1.052162235623905,0.9639488865714436,0.8357302673543341,16.258750861544694,2.6708206571784383,0.9254833008063108
20250227_AMmilled25-3_Position_16,unlabeled,2025-07-16 15:02:25,60,synapticvesicles_8.txt,559.2489942270231,374.11746728266223,181.20062448894623,15.398607268048838,30.79721453609768,15294.417367754237,4408,presynatpticmembranes_1,14.368172830104497,False,0.0344745106995105,1.0610930613180432,0.922351820430384,0.8410949759290967,15.3986077879254,2.4469161411986864,0.8979747670799978
20250228_AMmilled25-2_Position_1_7,unlabeled,2025-07-16 15:04:37,0,synapticvesicles_70.txt,100.51824275684699,527.9792507691823,183.04419527156628,37.19151046822123,74.38302093644246,215486.49629213446,49688,presynatpticmembranes_1,83.73654277593204,False,0.044785596430301666,0.978647774320802,0.9901039331781443,0.9023320373175489,37.19151035028288,3.632419044995425,0.9637723644199656
20250228_AMmilled25-2_Position_1_7,unlabeled,2025-07-16 15:04:37,1,synapticvesicles_34.txt,137.46235293636792,364.59897470689043,97.2443537405761,31.782813973414065,63.56562794682813,134482.46074313225,29718,presynatpticmembranes_1,160.25711527111312,False,0.04486321657896042,0.9803439175405435,0.9501743551242922,0.8601837631564742,31.782813454918053,4.443753373566422,0.9231771775339468
20250228_AMmilled25-2_Position_1_7,unlabeled,2025-07-16 15:04:37,2,synapticvesicles_86.txt,50.119015695025126,685.078195741694,153.39639702338704,29.439456375605538,58.878912751211075,106875.45279026563,15971,presynatpticmembranes_1,95.57160827441189,False,0.04503782466053963,0.9841594257404143,0.9809643658270665,0.9245123639820478,29.43945643835013,2.222314972184534,0.9640287652735609
20250228_AMmilled25-2_Position_1_7,unlabeled,2025-07-16 15:04:37,3,synapticvesicles_74.txt,-0.49465497821511906,482.8154414310198,193.36708723350796,27.85832101041551,55.71664202083102,90563.54719158572,12094,presynatpticmembranes_1,204.76489420460575,False,0.04551178216934204,0.9945162703083763,0.8683664573943867,0.8889040865886179,27.858342451876037,3.0949480008182517,0.8745277461526559
20250228_AMmilled25-2_Position_1_7,unlabeled,2025-07-16 15:04:37,4,synapticvesicles_13.txt,346.21294659616126,351.6653554546356,105.7738276775614,27.214276288074924,54.42855257614985,84426.53743307265,13870,presynatpticmembranes_1,86.42550894347337,False,0.045221831649541855,0.9881803173796883,0.9957361042642633,0.9700556076511127,27.214276297258888,0.814914966936144,0.9880319552803181
20250228_AMmilled25-2_Position_1_7,unlabeled,2025-07-16 15:04:37,5,synapticvesicles_15.txt,350.36241572739186,357.0116870629498,169.32813552899682,27.183141714718964,54.36628342943793,84137.10352319847,13898,presynatpticmembranes_1,81.51000671991783,False,0.045255228877067566,0.9889101083167675,0.997268323565256,0.97316432748436,27.183141612104592,0.729477886248706,0.9900371247409872
20250228_AMmilled25-2_Position_1_7,unlabeled,2025-07-16 15:04:37,6,synapticvesicles_9.txt,248.68703612950807,331.76818576926695,193.28369236993026,26.899316496531437,53.798632993062874,81529.04287167084,13544,presynatpticmembranes_1,141.4513830374854,False,0.0452597476541996,0.9890088519204125,0.9956464396952232,0.9711214250638233,26.899316503714157,0.7768139273844454,0.9882889353058031
20250228_AMmilled25-2_Position_1_7,unlabeled,2025-07-16 15:04:37,7,synapticvesicles_91.txt,267.3333797915967,480.1025959905773,118.74941925900532,25.70287470715543,51.40574941431086,71126.87151813878,12095,presynatpticmembranes_1,8.178710686479462e-07,True,0.04538964480161667,0.991847343854045,0.9867410045613392,0.960413436628133,25.702874712853234,1.0174884786595197,0.9788427341813772
20250228_AMmilled25-2_Position_1_7,unlabeled,2025-07-16 15:04:37,8,synapticvesicles_2.txt,108.96609623344352,603.8095458380727,174.87404839805242,24.58522961775002,49.17045923550004,62245.995317689114,11236,presynatpticmembranes_1,61.94957798876754,False,0.04553315415978432,0.9949832876654342,0.9916828052035676,0.954736439001777,24.585229640045313,1.1128150414675124,0.9805988953430304
20250228_AMmilled25-2_Position_1_7,unlabeled,2025-07-16 15:04:37,9,synapticvesicles_12.txt,283.0471450517155,343.41381212377206,92.12422174708438,24.485163063761107,48.97032612752221,61489.02563553896,11262,presynatpticmembranes_1,123.2660716317037,False,0.04551715776324272,0.9946337369366202,0.9944306318378708,0.962109162888167,24.485162840823683,0.9277633168583581,0.9847341911529596
20250228_AMmilled25-2_Position_1_7,unlabeled,2025-07-16 15:04:37,10,synapticvesicles_11.txt,350.156500074501,273.50238721303015,143.36934762999448,23.875451758452204,47.75090351690441,57008.997333974876,10726,presynatpticmembranes_1,162.08923175142002,False,0.04561258852481842,0.9967190748546524,0.9960111128789095,0.9675619276193098,23.875451883051603,0.7744736363041141,0.9874763573010297
20250228_AMmilled25-2_Position_1_7,unlabeled,2025-07-16 15:04:37,11,synapticvesicles_60.txt,144.69991303852728,470.7739178927885,114.570746338563,23.6408452428046,47.2816904856092,55344.900295679,10524,presynatpticmembranes_1,100.26552239162262,False,0.04564119130373001,0.9973440982584331,0.9955143501330439,0.9704880822941737,23.640845247428114,0.6976866794382719,0.9880064697813828
20250228_AMmilled25-2_Position_1_7,unlabeled,2025-07-16 15:04:37,12,synapticvesicles_10.txt,261.8457150213496,380.36971044230006,152.64704835236904,23.591758546957447,47.183517093914894,55000.86927510473,10434,presynatpticmembranes_1,90.0632434948021,False,0.04565078392624855,0.9975537147294848,0.9979352773187051,0.9767781400906743,23.59175855683453,0.5478445122214475,0.9915881361502958
20250228_AMmilled25-2_Position_1_7,unlabeled,2025-07-16 15:04:37,13,synapticvesicles_52.txt,207.53583602894105,466.74177347613914,107.32936802657123,23.427487417275973,46.854974834551946,53859.92560358509,10298,presynatpticmembranes_1,50.29285022428447,False,0.04564934968948364,0.9975223740143956,0.9946622742358496,0.9633928140959546,23.427487317481166,0.8576143834956995,0.9852814361938811
20250228_AMmilled25-2_Position_1_7,unlabeled,2025-07-16 15:04:37,14,synapticvesicles_54.txt,206.82010330032978,487.8184097483612,159.85893401499877,23.02545744102244,46.05091488204488,51134.428944346444,9974,presynatpticmembranes_1,39.71254084915664,False,0.0456940159201622,0.9984984134271764,0.9981673304135668,0.9784345900616118,23.025457456903112,0.49655342907703265,0.9922475083079803
20250228_AMmilled25-2_Position_1_7,unlabeled,2025-07-16 15:04:37,15,synapticvesicles_14.txt,333.77988400552016,405.8957273130669,118.72885333349028,22.917717454248287,45.83543490849657,50419.98263981431,9874,presynatpticmembranes_1,44.29686324725194,False,0.04570852965116501,0.9988155651829891,0.9968479133742304,0.974305738227147,22.91771745791474,0.5888538315999452,0.9900852608301053
20250228_AMmilled25-2_Position_1_7,unlabeled,2025-07-16 15:04:37,16,synapticvesicles_82.txt,89.1762984242214,616.4340620123342,104.87943189475753,22.91725119402855,45.8345023880571,50416.90532367909,16873,presynatpticmembranes_1,84.08113113534371,False,0.045660071074962616,0.9977566560352449,0.974834286817706,0.857988737895952,22.917251484154843,3.2545078072206977,0.9397806221411797
20250228_AMmilled25-2_Position_1_7,unlabeled,2025-07-16 15:04:37,17,synapticvesicles_47.txt,149.75646347289603,483.0812645457117,165.83129998602487,22.912737726035765,45.82547545207153,50387.12292001881,9858,presynatpticmembranes_1,85.73308347643666,False,0.045723021030426025,0.9991322285120731,0.9966141299722159,0.9709828388523076,22.912737615301573,0.6648625997179987,0.9889247426362433
20250228_AMmilled25-2_Position_1_7,unlabeled,2025-07-16 15:04:37,18,synapticvesicles_66.txt,183.7961840008287,437.06262005310657,156.47130605823483,22.889755774553347,45.779511549106694,50235.65695501439,9862,presynatpticmembranes_1,88.58061590792441,False,0.04574168100953102,0.999539983426053,0.9987580571076666,0.984921147724687,22.889755778430626,0.34515124600094865,0.9946069842927727
20250228_AMmilled25-2_Position_1_7,unlabeled,2025-07-16 15:04:37,19,synapticvesicles_17.txt,403.16565236138376,380.89160635177996,156.6470237337753,22.84783575946633,45.69567151893266,49960.15923574119,9856,presynatpticmembranes_1,52.36919619355773,False,0.04568202793598175,0.9982364538917028,0.9980639526075902,0.9780682247763512,22.847835767300516,0.5010935983952763,0.9920652342582184
20250228_AMmilled25-2_Position_1_7,unlabeled,2025-07-16 15:04:37,20,synapticvesicles_36.txt,97.39239204665662,366.4084301482827,179.76307277359112,22.55705719905729,45.11411439811458,48076.84189890296,9588,presynatpticmembranes_1,202.8506705134101,False,0.0457611009478569,0.9999643448488075,0.9981133102589086,0.980765530048061,22.557057203754454,0.43387303898978324,0.9929089761956542
20250228_AMmilled25-2_Position_1_7,unlabeled,2025-07-16 15:04:37,21,synapticvesicles_48.txt,125.4934583470628,583.7444736191414,124.6967351656966,22.412175670502275,44.82435134100455,47156.402176771335,9412,presynatpticmembranes_1,59.00467782973664,False,0.045745786279439926,0.9996296911352177,0.9945941703417268,0.9670754056495442,22.412175559996513,0.737911788824084,0.986338540934072
20250228_AMmilled25-2_Position_1_7,unlabeled,2025-07-16 15:04:37,22,synapticvesicles_79.txt,164.51842223403796,524.5266276491161,70.45185960231298,22.378472790295532,44.756945580591065,46943.98400265799,3514,presynatpticmembranes_1,60.24627581721049,False,0.04575332999229431,0.9997945351561419,0.7913841164237669,0.8744376503887069,22.37847213457349,2.8098935419278974,0.8163001766132489
20250228_AMmilled25-2_Position_1_7,unlabeled,2025-07-16 15:04:37,23,synapticvesicles_40.txt,237.2825415485449,437.2574797181114,156.03375132747408,22.21746109202235,44.4349221840447,45937.979982289704,9340,presynatpticmembranes_1,52.1503268509284,False,0.045779768377542496,1.0003722625716969,0.9976113858109523,0.9735969444547032,22.217461095297903,0.5866088593746213,0.9904070534040775
20250228_AMmilled25-2_Position_1_7,unlabeled,2025-07-16 15:04:37,24,synapticvesicles_5.txt,238.79713461657445,244.77076189553162,164.75990472102603,22.194706392224063,44.389412784448126,45796.978084239396,9272,presynatpticmembranes_1,229.23043602034005,False,0.04576881602406502,1.0001329334746514,0.9975304161817654,0.9782381311245962,22.194706399576837,0.482998290395676,0.9917427306646146
20250228_AMmilled25-2_Position_1_7,unlabeled,2025-07-16 15:04:37,25,synapticvesicles_78.txt,42.26363756632751,588.1482939960013,205.07551603790665,22.14814047383936,44.29628094767872,45509.327441466834,9304,presynatpticmembranes_1,133.87713737980653,False,0.045787323266267776,1.0005373508059856,0.9953560422774363,0.970122735975713,22.14814033766092,0.6617258365152563,0.9877860503869192
20250228_AMmilled25-2_Position_1_7,unlabeled,2025-07-16 15:04:37,26,synapticvesicles_35.txt,53.878353168853145,391.3608183868318,178.58159238923028,22.145695933994446,44.29139186798889,45494.26020555315,9238,presynatpticmembranes_1,219.26813282044134,False,0.045768022537231445,1.0001155943257838,0.9973221251089461,0.9765937767863496,22.14569591655209,0.5183471018444437,0.9911036206121671
20250228_AMmilled25-2_Position_1_7,unlabeled,2025-07-16 15:04:37,27,synapticvesicles_3.txt,170.78823314076533,616.2105336800242,135.15760781475208,21.74843388019043,43.49686776038086,43089.611157265055,8890,presynatpticmembranes_1,5.413082640473174,True,0.04586971923708916,1.0023378545367516,0.9966392281854684,0.9746993306620757,21.748433884622845,0.5502499343325519,0.9900572589284504
20250228_AMmilled25-2_Position_1_7,unlabeled,2025-07-16 15:04:37,28,synapticvesicles_16.txt,395.4499684557278,327.84119985062756,162.30329975166234,21.684016635284888,43.368033270569775,42707.85943548975,8800,presynatpticmembranes_1,104.46733687682672,False,0.045845791697502136,1.0018149937237166,0.9976671163549491,0.9817794603144543,21.684016639993597,0.3950944857310379,0.9929008195428006
20250228_AMmilled25-2_Position_1_7,unlabeled,2025-07-16 15:04:37,29,synapticvesicles_45.txt,31.673090939824537,408.1425914046787,131.76103112305285,21.57777076009059,43.15554152018118,42083.15909657304,8780,presynatpticmembranes_1,227.639782334964,False,0.045865800231695175,1.0022522170503259,0.9975684328403198,0.9788409026542845,21.577770763474504,0.45656615208789036,0.9919501737845091
20250228_AMmilled25-2_Position_1_7,unlabeled,2025-07-16 15:04:37,30,synapticvesicles_7.txt,274.7445246027033,288.0167905196028,116.86705820559061,21.429657576776574,42.85931515355315,41222.497837632196,8592,presynatpticmembranes_1,176.89642417913703,False,0.04589635133743286,1.002919814983955,0.9973674308569151,0.9756870324097179,21.429657582671837,0.5210185702783441,0.9908633113227558
20250228_AMmilled25-2_Position_1_7,unlabeled,2025-07-16 15:04:37,31,synapticvesicles_18.txt,289.9896522590307,433.19665214361856,114.18923493260145,21.057491580176993,42.11498316035399,39111.8642079565,8330,presynatpticmembranes_1,35.15313840855352,False,0.04592208191752434,1.0034820755531026,0.996534580141893,0.972458218603946,21.0574915845423,0.579960829970712,0.9893116716805088
20250228_AMmilled25-2_Position_1_7,unlabeled,2025-07-16 15:04:37,32,synapticvesicles_8.txt,200.64902504566035,282.56699815303983,178.73709885351911,21.01237400007588,42.02474800015176,38861.00035627392,8278,presynatpticmembranes_1,208.02234294118648,False,0.045931484550237656,1.0036875403969607,0.996929644075813,0.9691011915011052,21.012373875799902,0.6492573164955202,0.9885811083034006
20250228_AMmilled25-2_Position_1_7,unlabeled,2025-07-16 15:04:37,33,synapticvesicles_83.txt,71.40449514770118,632.4746766468579,155.2191932505713,20.905178574596665,41.81035714919333,38269.276733839324,8153,presynatpticmembranes_1,96.27785487109165,False,0.0459165945649147,1.0033621667912156,0.9923211996614105,0.9605582350532863,20.90517881386766,0.8245371489455883,0.9827923102789732
20250228_AMmilled25-2_Position_1_7,unlabeled,2025-07-16 15:04:37,34,synapticvesicles_1.txt,127.07994859510913,640.6392616616472,127.99616163647646,20.866728499205223,41.733456998410446,38058.503335676956,8218,presynatpticmembranes_1,41.31878041665062,False,0.045942530035972595,1.0039289046053756,0.9909985182311369,0.9413598253473987,20.866728470977385,1.2236286019665221,0.9761069103660154
20250228_AMmilled25-2_Position_1_7,unlabeled,2025-07-16 15:04:37,35,synapticvesicles_61.txt,149.38190573893198,418.40723126395704,202.48242022110645,20.639581657685664,41.27916331537133,36829.11478379886,8016,presynatpticmembranes_1,131.6335854512237,False,0.04595524072647095,1.004206656605076,0.996990511841121,0.9779490959859671,20.639581662378674,0.45512143412690453,0.9912780870845748
20250228_AMmilled25-2_Position_1_7,unlabeled,2025-07-16 15:04:37,36,synapticvesicles_59.txt,109.52427440408559,506.06246739911285,88.68897175288849,20.527464041608024,41.05492808321605,36232.18368615638,7912,presynatpticmembranes_1,115.0730137169308,False,0.045944854617118835,1.0039797009851568,0.9956091356353411,0.9724936797188587,20.527464046915785,0.564635000634078,0.9886744988603964
20250228_AMmilled25-2_Position_1_7,unlabeled,2025-07-16 15:04:37,37,synapticvesicles_53.txt,167.6019684296506,518.8966258840213,197.40792769736237,20.459254352682105,40.91850870536421,35872.20015039548,7858,presynatpticmembranes_1,53.80695411821298,False,0.04595651477575302,1.0042344969286099,0.9978483982824852,0.9782576839058988,20.459254353405107,0.4448315752013488,0.9919711839695092
20250228_AMmilled25-2_Position_1_7,unlabeled,2025-07-16 15:04:37,38,synapticvesicles_89.txt,82.30972263821523,697.458878346314,194.7458799352631,20.07903559684833,40.15807119369666,33909.169895250154,11468,presynatpticmembranes_1,62.48826081817987,False,0.04599864408373833,1.0051550999076873,0.9704684894895302,0.849735510952343,20.079035630354596,3.0171660295649314,0.9342485959283741
20250228_AMmilled25-2_Position_1_7,unlabeled,2025-07-16 15:04:37,39,synapticvesicles_87.txt,102.62624025228095,672.8373200720685,99.74915653744664,20.03749089722533,40.07498179445066,33699.12492031397,12157,presynatpticmembranes_1,63.41229303150684,False,0.046025484800338745,1.0057416190043584,0.9716349855097767,0.8478554225663705,20.037490835697156,3.0485955760273677,0.9345011166267547
20250228_AMmilled25-2_Position_1_7,unlabeled,2025-07-16 15:04:37,40,synapticvesicles_37.txt,22.183906439699086,430.76045179976205,203.13845873003027,19.919980513074826,39.83996102614965,33109.70695958372,7462,presynatpticmembranes_1,224.03943351700798,False,0.046051692217588425,1.0063142993437173,0.9970471767471367,0.9788536068041128,19.91998051979252,0.4212357405259458,0.9915891057642295
20250228_AMmilled25-2_Position_1_7,unlabeled,2025-07-16 15:04:37,41,synapticvesicles_88.txt,115.18645437952061,694.0018240539555,142.0759164162006,19.78320395501419,39.56640791002838,32432.355697243558,12885,presynatpticmembranes_1,42.15356821164315,False,0.046088799834251404,1.0071251691177547,0.977638274207147,0.8443062503270639,19.783199373934806,3.080120491055193,0.9376386670431219
20250228_AMmilled25-2_Position_1_7,unlabeled,2025-07-16 15:04:37,42,synapticvesicles_58.txt,191.8656204812176,565.4713533263327,198.1484887076828,19.567123999620858,39.134247999241715,31381.203913180074,7240,presynatpticmembranes_1,9.827784995952308,True,0.04615037515759468,1.0084707033507703,0.9987155304570252,0.9886896952336989,19.567124004509125,0.22131013589100518,0.9957077798900272
20250228_AMmilled25-2_Position_1_7,unlabeled,2025-07-16 15:04:37,43,synapticvesicles_39.txt,222.36689091000787,410.3227911774917,206.24898432203543,19.26497173644167,38.52994347288334,29949.78698760911,12068,presynatpticmembranes_1,91.95791095256423,False,0.046135105192661285,1.0081370264906377,0.9879537572560854,0.8384882800191226,19.26497177710786,3.1115187271037508,0.9431141140849965
20250228_AMmilled25-2_Position_1_7,unlabeled,2025-07-16 15:04:37,44,synapticvesicles_4.txt,161.0001214665254,695.0795301212801,95.21557938328856,19.065257497846368,38.130514995692735,29027.967967485536,10634,presynatpticmembranes_1,6.583816053075094,True,0.04621979594230652,1.0099876753655468,0.9632267038399933,0.844999448120802,19.06525736656896,2.955125413537135,0.9277585271242359
20250228_AMmilled25-2_Position_1_7,unlabeled,2025-07-16 15:04:37,45,synapticvesicles_38.txt,177.96965855197755,353.05215041600496,170.22188528854164,19.062906875281584,38.12581375056317,29017.232410819197,12160,presynatpticmembranes_1,157.71866039183035,False,0.04629429057240486,1.01161552024773,0.951921256719329,0.7715990346472412,19.0629069934032,4.353986359723147,0.8978245900977027
20250228_AMmilled25-2_Position_1_7,unlabeled,2025-07-16 15:04:37,46,synapticvesicles_80.txt,-0.650320605916452,607.1596172506773,125.92500858037963,18.300090363529158,36.600180727058316,25671.326599164087,4994,presynatpticmembranes_1,173.12271443030482,False,0.04536566883325577,0.9913234247830979,0.8620772811085033,0.847615692154423,18.300096367719256,2.7886475185022563,0.8577388044222791
20250228_AMmilled25-2_Position_1_7,unlabeled,2025-07-16 15:04:37,47,synapticvesicles_41.txt,247.6946602919564,472.6808589841787,205.26846941993807,18.038634706849784,36.07726941369957,24586.663709747645,6134,presynatpticmembranes_1,30.406127585194184,False,0.046181850135326385,1.0091584895891843,0.9966815815211288,0.9741169775358232,18.038634711810595,0.4668943874688745,0.9899122003255371
20250228_AMmilled25-2_Position_1_7,unlabeled,2025-07-16 15:04:37,48,synapticvesicles_19.txt,281.37141527911444,479.7918395160765,166.06815787315512,17.80678959912276,35.61357919824552,23650.78123263946,6038,presynatpticmembranes_1,4.3437312052139925,True,0.04622938856482506,1.0101972918365985,0.9978888707732096,0.9771475256459698,17.80678958632905,0.4069292023491962,0.9916664672350376
20250228_AMmilled25-2_Position_1_7,unlabeled,2025-07-16 15:04:37,49,synapticvesicles_50.txt,144.18888170585163,565.5446190206322,84.73138251233394,17.78274291557388,35.56548583114776,23555.0949475984,6014,presynatpticmembranes_1,60.63994376039123,False,0.04621157795190811,1.0098080971383079,0.9934555557758334,0.961260713279053,17.782742922469332,0.6888907767584301,0.9837971030267992
20250228_AMmilled25-2_Position_1_7,unlabeled,2025-07-16 15:04:37,50,synapticvesicles_85.txt,62.85209219350982,717.9378366124995,97.80560915732997,16.683012116307207,33.366024232614414,19449.659602197364,4046,presynatpticmembranes_1,96.31280805655294,False,0.04613031446933746,1.008032340361794,0.9028015797343029,0.8581862974640957,16.683012271313547,2.3658797396469,0.8894169950532407
20250228_AMmilled25-2_Position_1_7,unlabeled,2025-07-16 15:04:37,51,synapticvesicles_6.txt,228.55327577131084,283.1161099609098,142.4785460620744,16.539718310745425,33.07943662149085,18952.780619510413,5206,presynatpticmembranes_1,197.9949554702058,False,0.04606933891773224,1.0066999122459976,0.9985828383566003,0.9845855735187186,16.53971830071353,0.2549502717674533,0.9943836589052357
20250228_AMmilled25-2_Position_1_7,unlabeled,2025-07-16 15:04:37,52,synapticvesicles_76.txt,32.5112439597657,474.7113834996264,128.159916618731,12.736882322065384,25.473764644130767,8655.218145093539,4412,presynatpticmembranes_1,197.28342076614126,False,0.045722946524620056,0.9991306004229775,0.9751357760078,0.7982587467605099,12.736877702914217,2.5695536701440322,0.9220726672336129
